resource	entrez_id
GO_BP	1
GO_BP	10
GO_BP	100
GO_BP	1000
GO_BP	10000
GO_BP	10001
GO_BP	10002
GO_BP	10003
GO_BP	100033431
GO_BP	10004
GO_BP	100048912
GO_BP	10005
GO_BP	10006
GO_BP	10007
GO_BP	10008
GO_BP	10009
GO_BP	1001
GO_BP	10010
GO_BP	100101467
GO_BP	10011
GO_BP	100113407
GO_BP	100125288
GO_BP	100127983
GO_BP	100128327
GO_BP	100128537
GO_BP	100128731
GO_BP	100128927
GO_BP	100128977
GO_BP	100128988
GO_BP	100129271
GO_BP	100129583
GO_BP	100129654
GO_BP	10013
GO_BP	100130742
GO_BP	100130958
GO_BP	100131017
GO_BP	100131187
GO_BP	100131801
GO_BP	100131827
GO_BP	100131980
GO_BP	100133941
GO_BP	10014
GO_BP	100141515
GO_BP	100144748
GO_BP	10015
GO_BP	10016
GO_BP	10017
GO_BP	100170841
GO_BP	10018
GO_BP	10019
GO_BP	1002
GO_BP	10020
GO_BP	10021
GO_BP	10022
GO_BP	10023
GO_BP	10024
GO_BP	10025
GO_BP	10026
GO_BP	100270680
GO_BP	100287171
GO_BP	100287932
GO_BP	100288805
GO_BP	100289255
GO_BP	100289635
GO_BP	100289678
GO_BP	1003
GO_BP	100302692
GO_BP	100302737
GO_BP	100302740
GO_BP	100303755
GO_BP	100316868
GO_BP	100316904
GO_BP	10036
GO_BP	10038
GO_BP	100381270
GO_BP	10039
GO_BP	1004
GO_BP	10040
GO_BP	10042
GO_BP	10043
GO_BP	10044
GO_BP	10045
GO_BP	10046
GO_BP	10048
GO_BP	10049
GO_BP	1005
GO_BP	10050
GO_BP	100505852
GO_BP	100506013
GO_BP	100506108
GO_BP	100506243
GO_BP	100506409
GO_BP	100506658
GO_BP	100506742
GO_BP	100507027
GO_BP	100507043
GO_BP	100507050
GO_BP	100507249
GO_BP	100507290
GO_BP	100507436
GO_BP	100507650
GO_BP	10051
GO_BP	10052
GO_BP	10053
GO_BP	10054
GO_BP	10055
GO_BP	10056
GO_BP	10057
GO_BP	10058
GO_BP	10059
GO_BP	1006
GO_BP	10060
GO_BP	10062
GO_BP	100628315
GO_BP	10063
GO_BP	100630918
GO_BP	10066
GO_BP	10067
GO_BP	10068
GO_BP	1007
GO_BP	10071
GO_BP	10072
GO_BP	10073
GO_BP	10075
GO_BP	10076
GO_BP	10077
GO_BP	10078
GO_BP	10079
GO_BP	1008
GO_BP	10081
GO_BP	10082
GO_BP	100820829
GO_BP	10083
GO_BP	10084
GO_BP	10085
GO_BP	100861532
GO_BP	10087
GO_BP	100874323
GO_BP	100885848
GO_BP	10089
GO_BP	1009
GO_BP	10090
GO_BP	10092
GO_BP	10093
GO_BP	10094
GO_BP	10095
GO_BP	10096
GO_BP	10097
GO_BP	10098
GO_BP	101
GO_BP	1010
GO_BP	10100
GO_BP	10101
GO_BP	10102
GO_BP	10103
GO_BP	10105
GO_BP	10106
GO_BP	101060200
GO_BP	10107
GO_BP	10109
GO_BP	10110
GO_BP	10111
GO_BP	10112
GO_BP	10113
GO_BP	10114
GO_BP	10116
GO_BP	10117
GO_BP	1012
GO_BP	10121
GO_BP	10123
GO_BP	10124
GO_BP	10125
GO_BP	10126
GO_BP	10127
GO_BP	10128
GO_BP	10129
GO_BP	1013
GO_BP	10130
GO_BP	10131
GO_BP	10133
GO_BP	10134
GO_BP	10135
GO_BP	10137
GO_BP	10138
GO_BP	10139
GO_BP	1014
GO_BP	10140
GO_BP	10141
GO_BP	10142
GO_BP	10143
GO_BP	10144
GO_BP	10146
GO_BP	10147
GO_BP	10148
GO_BP	10149
GO_BP	1015
GO_BP	10150
GO_BP	10152
GO_BP	10153
GO_BP	10154
GO_BP	10155
GO_BP	10156
GO_BP	10157
GO_BP	10159
GO_BP	1016
GO_BP	10160
GO_BP	10161
GO_BP	10162
GO_BP	10163
GO_BP	10164
GO_BP	10165
GO_BP	10166
GO_BP	10168
GO_BP	10169
GO_BP	1017
GO_BP	10170
GO_BP	10171
GO_BP	10172
GO_BP	10174
GO_BP	10175
GO_BP	10178
GO_BP	10179
GO_BP	10180
GO_BP	10181
GO_BP	10184
GO_BP	10188
GO_BP	10189
GO_BP	1019
GO_BP	10190
GO_BP	101926996
GO_BP	101927468
GO_BP	101927581
GO_BP	101928510
GO_BP	101929726
GO_BP	101929977
GO_BP	101929989
GO_BP	10193
GO_BP	10194
GO_BP	10195
GO_BP	10196
GO_BP	10197
GO_BP	10198
GO_BP	10199
GO_BP	102
GO_BP	1020
GO_BP	10200
GO_BP	10201
GO_BP	10202
GO_BP	10203
GO_BP	10204
GO_BP	10205
GO_BP	10206
GO_BP	10207
GO_BP	10208
GO_BP	10209
GO_BP	1021
GO_BP	10210
GO_BP	10211
GO_BP	10212
GO_BP	10213
GO_BP	10215
GO_BP	102157402
GO_BP	10216
GO_BP	10217
GO_BP	10218
GO_BP	10219
GO_BP	1022
GO_BP	10220
GO_BP	10221
GO_BP	10224
GO_BP	10225
GO_BP	10226
GO_BP	10227
GO_BP	10228
GO_BP	10229
GO_BP	10231
GO_BP	10232
GO_BP	10233
GO_BP	10234
GO_BP	10235
GO_BP	10236
GO_BP	10237
GO_BP	10238
GO_BP	1024
GO_BP	10240
GO_BP	10241
GO_BP	10242
GO_BP	10243
GO_BP	10244
GO_BP	10245
GO_BP	10246
GO_BP	10247
GO_BP	10248
GO_BP	10249
GO_BP	1025
GO_BP	10250
GO_BP	10251
GO_BP	10252
GO_BP	10253
GO_BP	10254
GO_BP	10256
GO_BP	10257
GO_BP	1026
GO_BP	10260
GO_BP	10261
GO_BP	10263
GO_BP	10265
GO_BP	10266
GO_BP	10267
GO_BP	10268
GO_BP	10269
GO_BP	1027
GO_BP	10270
GO_BP	10272
GO_BP	102723167
GO_BP	10273
GO_BP	10274
GO_BP	10276
GO_BP	10277
GO_BP	10278
GO_BP	10279
GO_BP	1028
GO_BP	10280
GO_BP	10281
GO_BP	10282
GO_BP	10283
GO_BP	10284
GO_BP	10285
GO_BP	10286
GO_BP	10287
GO_BP	10289
GO_BP	1029
GO_BP	10291
GO_BP	10293
GO_BP	10294
GO_BP	10295
GO_BP	10296
GO_BP	10297
GO_BP	10298
GO_BP	10299
GO_BP	103
GO_BP	1030
GO_BP	10300
GO_BP	10302
GO_BP	10307
GO_BP	10308
GO_BP	10309
GO_BP	1031
GO_BP	10311
GO_BP	10312
GO_BP	10313
GO_BP	10314
GO_BP	10316
GO_BP	10317
GO_BP	10318
GO_BP	10319
GO_BP	1032
GO_BP	10320
GO_BP	10321
GO_BP	10322
GO_BP	10324
GO_BP	10325
GO_BP	10326
GO_BP	10327
GO_BP	10328
GO_BP	10329
GO_BP	1033
GO_BP	10330
GO_BP	10331
GO_BP	10332
GO_BP	10333
GO_BP	10335
GO_BP	10336
GO_BP	10342
GO_BP	10343
GO_BP	10344
GO_BP	10345
GO_BP	10346
GO_BP	10347
GO_BP	10350
GO_BP	10351
GO_BP	10352
GO_BP	1036
GO_BP	10360
GO_BP	10361
GO_BP	10362
GO_BP	10363
GO_BP	10365
GO_BP	10367
GO_BP	10368
GO_BP	10369
GO_BP	10370
GO_BP	10371
GO_BP	10376
GO_BP	10379
GO_BP	10380
GO_BP	10382
GO_BP	10384
GO_BP	10385
GO_BP	10388
GO_BP	10390
GO_BP	10391
GO_BP	103910
GO_BP	10392
GO_BP	10393
GO_BP	10394
GO_BP	10395
GO_BP	10396
GO_BP	10397
GO_BP	10398
GO_BP	10399
GO_BP	104
GO_BP	1040
GO_BP	10400
GO_BP	10401
GO_BP	10402
GO_BP	10403
GO_BP	10404
GO_BP	10406
GO_BP	10408
GO_BP	10409
GO_BP	1041
GO_BP	10411
GO_BP	10412
GO_BP	10413
GO_BP	10417
GO_BP	10418
GO_BP	10419
GO_BP	10420
GO_BP	10421
GO_BP	10422
GO_BP	10423
GO_BP	10424
GO_BP	10425
GO_BP	10426
GO_BP	10427
GO_BP	10428
GO_BP	1043
GO_BP	10430
GO_BP	10432
GO_BP	10434
GO_BP	10435
GO_BP	10436
GO_BP	10437
GO_BP	10438
GO_BP	10439
GO_BP	1044
GO_BP	10440
GO_BP	10443
GO_BP	10444
GO_BP	10445
GO_BP	10446
GO_BP	10447
GO_BP	10449
GO_BP	1045
GO_BP	10450
GO_BP	10451
GO_BP	10452
GO_BP	10454
GO_BP	10455
GO_BP	10456
GO_BP	10457
GO_BP	10458
GO_BP	10459
GO_BP	1046
GO_BP	10460
GO_BP	10461
GO_BP	10462
GO_BP	10463
GO_BP	10464
GO_BP	10465
GO_BP	10466
GO_BP	10467
GO_BP	10468
GO_BP	10469
GO_BP	1047
GO_BP	10471
GO_BP	10472
GO_BP	10473
GO_BP	10474
GO_BP	10475
GO_BP	10476
GO_BP	10477
GO_BP	10478
GO_BP	10479
GO_BP	1048
GO_BP	10480
GO_BP	10481
GO_BP	10482
GO_BP	10483
GO_BP	10484
GO_BP	10485
GO_BP	10486
GO_BP	10487
GO_BP	10488
GO_BP	10489
GO_BP	10490
GO_BP	10491
GO_BP	10492
GO_BP	10493
GO_BP	10494
GO_BP	10495
GO_BP	10497
GO_BP	10498
GO_BP	10499
GO_BP	105
GO_BP	1050
GO_BP	10501
GO_BP	10505
GO_BP	10507
GO_BP	10509
GO_BP	1051
GO_BP	10512
GO_BP	10513
GO_BP	10514
GO_BP	10516
GO_BP	10518
GO_BP	10519
GO_BP	1052
GO_BP	10520
GO_BP	10521
GO_BP	10522
GO_BP	10523
GO_BP	10525
GO_BP	10526
GO_BP	10527
GO_BP	10528
GO_BP	10529
GO_BP	1053
GO_BP	10531
GO_BP	10533
GO_BP	10534
GO_BP	10535
GO_BP	10536
GO_BP	105375355
GO_BP	105378952
GO_BP	10538
GO_BP	10539
GO_BP	1054
GO_BP	10540
GO_BP	10541
GO_BP	10542
GO_BP	10544
GO_BP	10548
GO_BP	10549
GO_BP	10550
GO_BP	10551
GO_BP	10552
GO_BP	10553
GO_BP	10554
GO_BP	10555
GO_BP	10556
GO_BP	10557
GO_BP	10558
GO_BP	10559
GO_BP	1056
GO_BP	10560
GO_BP	10561
GO_BP	10562
GO_BP	10563
GO_BP	10564
GO_BP	10565
GO_BP	10566
GO_BP	10568
GO_BP	10569
GO_BP	10570
GO_BP	10572
GO_BP	10573
GO_BP	10574
GO_BP	10575
GO_BP	10576
GO_BP	10577
GO_BP	10578
GO_BP	10579
GO_BP	1058
GO_BP	10580
GO_BP	10584
GO_BP	10585
GO_BP	10586
GO_BP	10587
GO_BP	10589
GO_BP	10591
GO_BP	10592
GO_BP	10594
GO_BP	10595
GO_BP	10598
GO_BP	10599
GO_BP	1060
GO_BP	10600
GO_BP	10602
GO_BP	10603
GO_BP	10605
GO_BP	10606
GO_BP	10607
GO_BP	10608
GO_BP	10609
GO_BP	10610
GO_BP	10611
GO_BP	10612
GO_BP	10613
GO_BP	10614
GO_BP	10615
GO_BP	10616
GO_BP	10617
GO_BP	1062
GO_BP	10620
GO_BP	10621
GO_BP	10622
GO_BP	10623
GO_BP	10625
GO_BP	10626
GO_BP	10627
GO_BP	10628
GO_BP	10629
GO_BP	1063
GO_BP	10630
GO_BP	10631
GO_BP	10632
GO_BP	10633
GO_BP	10634
GO_BP	10635
GO_BP	10636
GO_BP	10637
GO_BP	10640
GO_BP	10641
GO_BP	10642
GO_BP	10643
GO_BP	10644
GO_BP	10645
GO_BP	10650
GO_BP	10651
GO_BP	10652
GO_BP	10653
GO_BP	10654
GO_BP	10655
GO_BP	10656
GO_BP	10657
GO_BP	10658
GO_BP	10659
GO_BP	10660
GO_BP	10661
GO_BP	106614088
GO_BP	10663
GO_BP	10664
GO_BP	10666
GO_BP	10667
GO_BP	10668
GO_BP	10669
GO_BP	10670
GO_BP	10671
GO_BP	10672
GO_BP	10673
GO_BP	10675
GO_BP	10677
GO_BP	10678
GO_BP	1068
GO_BP	10681
GO_BP	10682
GO_BP	10683
GO_BP	10686
GO_BP	10687
GO_BP	1069
GO_BP	10690
GO_BP	10691
GO_BP	10692
GO_BP	10693
GO_BP	10694
GO_BP	10695
GO_BP	10699
GO_BP	107
GO_BP	1070
GO_BP	107075116
GO_BP	1071
GO_BP	10713
GO_BP	10714
GO_BP	10716
GO_BP	10717
GO_BP	10718
GO_BP	1072
GO_BP	10721
GO_BP	10723
GO_BP	10724
GO_BP	10725
GO_BP	10726
GO_BP	10728
GO_BP	1073
GO_BP	10730
GO_BP	10732
GO_BP	10733
GO_BP	10734
GO_BP	10735
GO_BP	10736
GO_BP	10741
GO_BP	10742
GO_BP	10743
GO_BP	10744
GO_BP	10746
GO_BP	10747
GO_BP	10749
GO_BP	1075
GO_BP	10752
GO_BP	10753
GO_BP	10755
GO_BP	10758
GO_BP	10761
GO_BP	10762
GO_BP	10763
GO_BP	10765
GO_BP	10766
GO_BP	10767
GO_BP	10768
GO_BP	10769
GO_BP	10771
GO_BP	10772
GO_BP	10773
GO_BP	10775
GO_BP	10776
GO_BP	10780
GO_BP	10781
GO_BP	10782
GO_BP	10783
GO_BP	10785
GO_BP	10787
GO_BP	10788
GO_BP	10791
GO_BP	10793
GO_BP	10794
GO_BP	10795
GO_BP	10797
GO_BP	10798
GO_BP	10799
GO_BP	108
GO_BP	1080
GO_BP	10800
GO_BP	10801
GO_BP	10802
GO_BP	10803
GO_BP	10804
GO_BP	10806
GO_BP	10807
GO_BP	10808
GO_BP	10809
GO_BP	1081
GO_BP	10810
GO_BP	10811
GO_BP	10813
GO_BP	10814
GO_BP	10815
GO_BP	10817
GO_BP	10818
GO_BP	10824
GO_BP	10825
GO_BP	10826
GO_BP	10838
GO_BP	1084
GO_BP	10840
GO_BP	10841
GO_BP	10842
GO_BP	10844
GO_BP	10845
GO_BP	10846
GO_BP	10847
GO_BP	10848
GO_BP	10849
GO_BP	10850
GO_BP	10855
GO_BP	10856
GO_BP	10857
GO_BP	10858
GO_BP	10861
GO_BP	10863
GO_BP	10864
GO_BP	10865
GO_BP	10867
GO_BP	10868
GO_BP	10869
GO_BP	1087
GO_BP	10870
GO_BP	10873
GO_BP	10874
GO_BP	10875
GO_BP	10876
GO_BP	10877
GO_BP	10878
GO_BP	10879
GO_BP	1088
GO_BP	10880
GO_BP	10881
GO_BP	10882
GO_BP	10884
GO_BP	10885
GO_BP	10886
GO_BP	10888
GO_BP	1089
GO_BP	10890
GO_BP	10891
GO_BP	10892
GO_BP	10893
GO_BP	10894
GO_BP	10897
GO_BP	10898
GO_BP	10899
GO_BP	109
GO_BP	10900
GO_BP	10902
GO_BP	10904
GO_BP	10905
GO_BP	10906
GO_BP	10907
GO_BP	10908
GO_BP	10910
GO_BP	10911
GO_BP	10912
GO_BP	10913
GO_BP	10914
GO_BP	10915
GO_BP	10916
GO_BP	10917
GO_BP	10919
GO_BP	10920
GO_BP	10921
GO_BP	10923
GO_BP	10924
GO_BP	10926
GO_BP	10927
GO_BP	10928
GO_BP	10929
GO_BP	10930
GO_BP	10933
GO_BP	10935
GO_BP	10936
GO_BP	10938
GO_BP	10939
GO_BP	10940
GO_BP	10942
GO_BP	10943
GO_BP	10944
GO_BP	10945
GO_BP	10946
GO_BP	10947
GO_BP	10948
GO_BP	10949
GO_BP	10950
GO_BP	10951
GO_BP	10952
GO_BP	10953
GO_BP	10954
GO_BP	10955
GO_BP	10956
GO_BP	10957
GO_BP	10959
GO_BP	10960
GO_BP	10961
GO_BP	10962
GO_BP	10963
GO_BP	10964
GO_BP	10966
GO_BP	10969
GO_BP	10971
GO_BP	10972
GO_BP	10973
GO_BP	10974
GO_BP	10975
GO_BP	10978
GO_BP	10979
GO_BP	10980
GO_BP	10981
GO_BP	10982
GO_BP	10983
GO_BP	10985
GO_BP	10987
GO_BP	10988
GO_BP	10989
GO_BP	10990
GO_BP	10991
GO_BP	10992
GO_BP	10993
GO_BP	10994
GO_BP	10998
GO_BP	10999
GO_BP	11000
GO_BP	11001
GO_BP	11004
GO_BP	11005
GO_BP	11006
GO_BP	11007
GO_BP	11009
GO_BP	1101
GO_BP	11010
GO_BP	11011
GO_BP	11012
GO_BP	11013
GO_BP	11014
GO_BP	11015
GO_BP	11016
GO_BP	11017
GO_BP	11018
GO_BP	11019
GO_BP	1102
GO_BP	11020
GO_BP	11021
GO_BP	11022
GO_BP	11024
GO_BP	11026
GO_BP	11027
GO_BP	1103
GO_BP	11030
GO_BP	11031
GO_BP	11033
GO_BP	11034
GO_BP	11035
GO_BP	11036
GO_BP	11037
GO_BP	1104
GO_BP	11040
GO_BP	11041
GO_BP	11043
GO_BP	11044
GO_BP	11045
GO_BP	11046
GO_BP	11047
GO_BP	1105
GO_BP	11051
GO_BP	11052
GO_BP	11054
GO_BP	11055
GO_BP	11056
GO_BP	11057
GO_BP	11059
GO_BP	1106
GO_BP	11060
GO_BP	11061
GO_BP	11062
GO_BP	11063
GO_BP	11064
GO_BP	11065
GO_BP	11066
GO_BP	11067
GO_BP	11068
GO_BP	1107
GO_BP	11070
GO_BP	11073
GO_BP	11074
GO_BP	11075
GO_BP	11076
GO_BP	11077
GO_BP	11078
GO_BP	11079
GO_BP	1108
GO_BP	11080
GO_BP	11081
GO_BP	11083
GO_BP	11085
GO_BP	11086
GO_BP	1109
GO_BP	11091
GO_BP	11092
GO_BP	11093
GO_BP	11094
GO_BP	11095
GO_BP	11096
GO_BP	11097
GO_BP	11098
GO_BP	11099
GO_BP	111
GO_BP	11100
GO_BP	11101
GO_BP	11102
GO_BP	11103
GO_BP	11104
GO_BP	11105
GO_BP	11107
GO_BP	11108
GO_BP	1111
GO_BP	11112
GO_BP	11113
GO_BP	11116
GO_BP	11117
GO_BP	11118
GO_BP	11119
GO_BP	1112
GO_BP	11120
GO_BP	11122
GO_BP	11123
GO_BP	11124
GO_BP	11126
GO_BP	11127
GO_BP	11128
GO_BP	11129
GO_BP	1113
GO_BP	11130
GO_BP	11131
GO_BP	11132
GO_BP	11133
GO_BP	11135
GO_BP	11136
GO_BP	11137
GO_BP	11138
GO_BP	1114
GO_BP	11140
GO_BP	11141
GO_BP	11142
GO_BP	11143
GO_BP	11144
GO_BP	11145
GO_BP	11146
GO_BP	11148
GO_BP	11149
GO_BP	11151
GO_BP	11152
GO_BP	11153
GO_BP	11154
GO_BP	11155
GO_BP	11156
GO_BP	11157
GO_BP	1116
GO_BP	11160
GO_BP	11161
GO_BP	11162
GO_BP	11163
GO_BP	11164
GO_BP	11165
GO_BP	11166
GO_BP	11167
GO_BP	11168
GO_BP	11169
GO_BP	1117
GO_BP	11170
GO_BP	11171
GO_BP	11172
GO_BP	11173
GO_BP	11174
GO_BP	11176
GO_BP	11177
GO_BP	11178
GO_BP	11179
GO_BP	1118
GO_BP	11180
GO_BP	11181
GO_BP	11182
GO_BP	11183
GO_BP	11184
GO_BP	11185
GO_BP	11186
GO_BP	11187
GO_BP	11188
GO_BP	11189
GO_BP	1119
GO_BP	11190
GO_BP	11193
GO_BP	11194
GO_BP	11196
GO_BP	11197
GO_BP	11198
GO_BP	112
GO_BP	1120
GO_BP	11200
GO_BP	11201
GO_BP	11202
GO_BP	1121
GO_BP	11211
GO_BP	11212
GO_BP	11213
GO_BP	11214
GO_BP	11215
GO_BP	11216
GO_BP	11218
GO_BP	11219
GO_BP	1122
GO_BP	11221
GO_BP	11222
GO_BP	11223
GO_BP	11224
GO_BP	11226
GO_BP	11227
GO_BP	11228
GO_BP	1123
GO_BP	11230
GO_BP	11231
GO_BP	11232
GO_BP	11234
GO_BP	11235
GO_BP	11236
GO_BP	11238
GO_BP	112398
GO_BP	112399
GO_BP	1124
GO_BP	11240
GO_BP	11243
GO_BP	11244
GO_BP	11245
GO_BP	112464
GO_BP	11247
GO_BP	112476
GO_BP	11248
GO_BP	112483
GO_BP	112487
GO_BP	11249
GO_BP	112495
GO_BP	11250
GO_BP	11251
GO_BP	11252
GO_BP	11253
GO_BP	11254
GO_BP	11255
GO_BP	112574
GO_BP	11258
GO_BP	11259
GO_BP	11260
GO_BP	112609
GO_BP	11261
GO_BP	112616
GO_BP	11262
GO_BP	11264
GO_BP	11266
GO_BP	11267
GO_BP	11269
GO_BP	112703
GO_BP	11272
GO_BP	112724
GO_BP	11273
GO_BP	11274
GO_BP	112744
GO_BP	11275
GO_BP	112752
GO_BP	112755
GO_BP	11276
GO_BP	11277
GO_BP	112770
GO_BP	11278
GO_BP	11279
GO_BP	1128
GO_BP	11280
GO_BP	112802
GO_BP	11281
GO_BP	112812
GO_BP	112817
GO_BP	11282
GO_BP	11283
GO_BP	11284
GO_BP	112840
GO_BP	11285
GO_BP	112858
GO_BP	112869
GO_BP	1129
GO_BP	112936
GO_BP	112937
GO_BP	112939
GO_BP	112950
GO_BP	113
GO_BP	1130
GO_BP	113000
GO_BP	113026
GO_BP	11309
GO_BP	113091
GO_BP	1131
GO_BP	11311
GO_BP	113115
GO_BP	113130
GO_BP	11314
GO_BP	113146
GO_BP	11315
GO_BP	11316
GO_BP	11317
GO_BP	113174
GO_BP	113178
GO_BP	113179
GO_BP	11318
GO_BP	113189
GO_BP	11319
GO_BP	1132
GO_BP	11320
GO_BP	11322
GO_BP	113220
GO_BP	113235
GO_BP	113246
GO_BP	11325
GO_BP	113251
GO_BP	11326
GO_BP	113277
GO_BP	113278
GO_BP	11328
GO_BP	11329
GO_BP	1133
GO_BP	11330
GO_BP	11331
GO_BP	11332
GO_BP	11333
GO_BP	11334
GO_BP	11335
GO_BP	11336
GO_BP	11337
GO_BP	11338
GO_BP	11339
GO_BP	1134
GO_BP	11340
GO_BP	113402
GO_BP	11341
GO_BP	113419
GO_BP	11342
GO_BP	11343
GO_BP	11344
GO_BP	11345
GO_BP	113451
GO_BP	11346
GO_BP	1135
GO_BP	113510
GO_BP	113540
GO_BP	1136
GO_BP	113612
GO_BP	113622
GO_BP	113655
GO_BP	113675
GO_BP	1137
GO_BP	113746
GO_BP	113791
GO_BP	1138
GO_BP	113802
GO_BP	113828
GO_BP	113829
GO_BP	113835
GO_BP	113878
GO_BP	114
GO_BP	1140
GO_BP	114026
GO_BP	114034
GO_BP	114049
GO_BP	114088
GO_BP	1141
GO_BP	114112
GO_BP	114131
GO_BP	114132
GO_BP	114134
GO_BP	1142
GO_BP	114294
GO_BP	1143
GO_BP	114327
GO_BP	1144
GO_BP	1145
GO_BP	114548
GO_BP	114569
GO_BP	114571
GO_BP	1146
GO_BP	114609
GO_BP	114614
GO_BP	114625
GO_BP	1147
GO_BP	114757
GO_BP	114769
GO_BP	114770
GO_BP	114771
GO_BP	114780
GO_BP	114781
GO_BP	114784
GO_BP	114786
GO_BP	114787
GO_BP	114788
GO_BP	114789
GO_BP	114790
GO_BP	114791
GO_BP	114793
GO_BP	114794
GO_BP	114795
GO_BP	114798
GO_BP	114799
GO_BP	114803
GO_BP	114804
GO_BP	114805
GO_BP	114814
GO_BP	114815
GO_BP	114818
GO_BP	114821
GO_BP	114822
GO_BP	114825
GO_BP	114826
GO_BP	114827
GO_BP	114836
GO_BP	114876
GO_BP	114879
GO_BP	114880
GO_BP	114881
GO_BP	114882
GO_BP	114883
GO_BP	114884
GO_BP	114885
GO_BP	114897
GO_BP	114898
GO_BP	114899
GO_BP	1149
GO_BP	114900
GO_BP	114907
GO_BP	114971
GO_BP	114990
GO_BP	114991
GO_BP	115
GO_BP	115004
GO_BP	115019
GO_BP	115024
GO_BP	115098
GO_BP	115106
GO_BP	115111
GO_BP	115123
GO_BP	115196
GO_BP	1152
GO_BP	115201
GO_BP	115207
GO_BP	115209
GO_BP	115265
GO_BP	115286
GO_BP	115290
GO_BP	115294
GO_BP	1153
GO_BP	115330
GO_BP	115350
GO_BP	115352
GO_BP	115361
GO_BP	115362
GO_BP	115399
GO_BP	1154
GO_BP	115416
GO_BP	115426
GO_BP	1155
GO_BP	115509
GO_BP	115548
GO_BP	115557
GO_BP	115560
GO_BP	115572
GO_BP	115584
GO_BP	115650
GO_BP	115677
GO_BP	115701
GO_BP	115703
GO_BP	115704
GO_BP	115708
GO_BP	115727
GO_BP	115752
GO_BP	115761
GO_BP	1158
GO_BP	115825
GO_BP	115827
GO_BP	115861
GO_BP	115908
GO_BP	115939
GO_BP	115948
GO_BP	115950
GO_BP	115992
GO_BP	116
GO_BP	1160
GO_BP	116028
GO_BP	116039
GO_BP	116064
GO_BP	116068
GO_BP	116071
GO_BP	116085
GO_BP	1161
GO_BP	116113
GO_BP	116138
GO_BP	116143
GO_BP	116150
GO_BP	116151
GO_BP	116154
GO_BP	116159
GO_BP	116173
GO_BP	116224
GO_BP	116228
GO_BP	116236
GO_BP	116238
GO_BP	116255
GO_BP	116285
GO_BP	1163
GO_BP	116337
GO_BP	116362
GO_BP	116369
GO_BP	116372
GO_BP	116379
GO_BP	1164
GO_BP	116442
GO_BP	116443
GO_BP	116444
GO_BP	116447
GO_BP	116448
GO_BP	116449
GO_BP	116461
GO_BP	116496
GO_BP	116511
GO_BP	116519
GO_BP	116535
GO_BP	116541
GO_BP	116832
GO_BP	116835
GO_BP	116840
GO_BP	116841
GO_BP	116842
GO_BP	116843
GO_BP	116844
GO_BP	116931
GO_BP	116983
GO_BP	116984
GO_BP	116985
GO_BP	116986
GO_BP	116987
GO_BP	116988
GO_BP	117
GO_BP	117143
GO_BP	117144
GO_BP	117145
GO_BP	117154
GO_BP	117155
GO_BP	117157
GO_BP	117159
GO_BP	117166
GO_BP	117177
GO_BP	117178
GO_BP	117194
GO_BP	117195
GO_BP	117196
GO_BP	117245
GO_BP	117246
GO_BP	117247
GO_BP	117248
GO_BP	117283
GO_BP	117285
GO_BP	117286
GO_BP	117289
GO_BP	1173
GO_BP	1174
GO_BP	1175
GO_BP	117531
GO_BP	117532
GO_BP	117579
GO_BP	117581
GO_BP	117583
GO_BP	117584
GO_BP	1176
GO_BP	117608
GO_BP	1178
GO_BP	117854
GO_BP	1179
GO_BP	118
GO_BP	1180
GO_BP	1181
GO_BP	1182
GO_BP	1183
GO_BP	1184
GO_BP	118424
GO_BP	118426
GO_BP	118427
GO_BP	118429
GO_BP	118442
GO_BP	118460
GO_BP	118461
GO_BP	118471
GO_BP	118472
GO_BP	118487
GO_BP	118491
GO_BP	1185
GO_BP	1186
GO_BP	118611
GO_BP	118672
GO_BP	118738
GO_BP	118788
GO_BP	1188
GO_BP	118812
GO_BP	118813
GO_BP	118856
GO_BP	118881
GO_BP	118924
GO_BP	118980
GO_BP	118987
GO_BP	119
GO_BP	119032
GO_BP	1191
GO_BP	1192
GO_BP	1193
GO_BP	119391
GO_BP	119392
GO_BP	119395
GO_BP	119467
GO_BP	1195
GO_BP	119504
GO_BP	119548
GO_BP	119559
GO_BP	119587
GO_BP	1196
GO_BP	119710
GO_BP	1198
GO_BP	12
GO_BP	120
GO_BP	1200
GO_BP	120065
GO_BP	120066
GO_BP	120071
GO_BP	1201
GO_BP	120103
GO_BP	120114
GO_BP	120224
GO_BP	120227
GO_BP	1203
GO_BP	120376
GO_BP	120379
GO_BP	120425
GO_BP	120526
GO_BP	1207
GO_BP	1208
GO_BP	120863
GO_BP	120892
GO_BP	1209
GO_BP	120935
GO_BP	121053
GO_BP	1211
GO_BP	1212
GO_BP	121214
GO_BP	121227
GO_BP	121260
GO_BP	121268
GO_BP	121274
GO_BP	121278
GO_BP	1213
GO_BP	121340
GO_BP	121355
GO_BP	121391
GO_BP	121441
GO_BP	121457
GO_BP	1215
GO_BP	121506
GO_BP	121512
GO_BP	121536
GO_BP	121551
GO_BP	121599
GO_BP	121601
GO_BP	121642
GO_BP	121643
GO_BP	121665
GO_BP	121952
GO_BP	122042
GO_BP	122060
GO_BP	122258
GO_BP	122402
GO_BP	122416
GO_BP	122481
GO_BP	122509
GO_BP	122525
GO_BP	122553
GO_BP	122616
GO_BP	122618
GO_BP	122622
GO_BP	122651
GO_BP	122664
GO_BP	122704
GO_BP	122769
GO_BP	122773
GO_BP	122786
GO_BP	122809
GO_BP	122830
GO_BP	122876
GO_BP	122945
GO_BP	122953
GO_BP	122961
GO_BP	122970
GO_BP	123
GO_BP	1230
GO_BP	123016
GO_BP	123041
GO_BP	123096
GO_BP	123099
GO_BP	123169
GO_BP	1232
GO_BP	123228
GO_BP	123263
GO_BP	123264
GO_BP	123283
GO_BP	1233
GO_BP	123355
GO_BP	1234
GO_BP	1235
GO_BP	1236
GO_BP	123606
GO_BP	123624
GO_BP	123688
GO_BP	1237
GO_BP	123720
GO_BP	1238
GO_BP	123803
GO_BP	123811
GO_BP	123872
GO_BP	123876
GO_BP	123879
GO_BP	123920
GO_BP	124
GO_BP	1240
GO_BP	124045
GO_BP	124056
GO_BP	124093
GO_BP	1241
GO_BP	124220
GO_BP	124222
GO_BP	124245
GO_BP	124359
GO_BP	1244
GO_BP	124404
GO_BP	124411
GO_BP	124446
GO_BP	124454
GO_BP	124460
GO_BP	124491
GO_BP	124512
GO_BP	124535
GO_BP	124538
GO_BP	124540
GO_BP	124565
GO_BP	124583
GO_BP	124590
GO_BP	124599
GO_BP	124602
GO_BP	124626
GO_BP	124637
GO_BP	124739
GO_BP	124751
GO_BP	124783
GO_BP	124790
GO_BP	124817
GO_BP	124842
GO_BP	124857
GO_BP	124872
GO_BP	124912
GO_BP	124925
GO_BP	124930
GO_BP	124935
GO_BP	124936
GO_BP	124961
GO_BP	124975
GO_BP	124976
GO_BP	124995
GO_BP	124997
GO_BP	125
GO_BP	125058
GO_BP	125061
GO_BP	125111
GO_BP	125115
GO_BP	125144
GO_BP	125150
GO_BP	125170
GO_BP	125206
GO_BP	125336
GO_BP	125476
GO_BP	125488
GO_BP	1258
GO_BP	1259
GO_BP	125919
GO_BP	125965
GO_BP	125972
GO_BP	125981
GO_BP	125988
GO_BP	125997
GO_BP	126
GO_BP	126003
GO_BP	126006
GO_BP	126014
GO_BP	126017
GO_BP	126068
GO_BP	126069
GO_BP	126070
GO_BP	126074
GO_BP	126075
GO_BP	1261
GO_BP	126119
GO_BP	126129
GO_BP	126147
GO_BP	1262
GO_BP	126204
GO_BP	126205
GO_BP	126206
GO_BP	126208
GO_BP	126231
GO_BP	126272
GO_BP	126282
GO_BP	126295
GO_BP	126298
GO_BP	1263
GO_BP	126308
GO_BP	126321
GO_BP	126328
GO_BP	126353
GO_BP	126370
GO_BP	126374
GO_BP	126375
GO_BP	126393
GO_BP	1264
GO_BP	126402
GO_BP	126410
GO_BP	126433
GO_BP	126520
GO_BP	126549
GO_BP	1266
GO_BP	126626
GO_BP	126695
GO_BP	1267
GO_BP	126731
GO_BP	126755
GO_BP	126789
GO_BP	126792
GO_BP	1268
GO_BP	126820
GO_BP	126859
GO_BP	1269
GO_BP	126969
GO_BP	127
GO_BP	127003
GO_BP	127018
GO_BP	1271
GO_BP	127124
GO_BP	1272
GO_BP	127247
GO_BP	127253
GO_BP	127254
GO_BP	127262
GO_BP	127281
GO_BP	127294
GO_BP	127343
GO_BP	127396
GO_BP	127428
GO_BP	127435
GO_BP	127495
GO_BP	127534
GO_BP	127540
GO_BP	127544
GO_BP	127579
GO_BP	127602
GO_BP	1277
GO_BP	127700
GO_BP	127733
GO_BP	1278
GO_BP	127829
GO_BP	127833
GO_BP	127845
GO_BP	127933
GO_BP	127943
GO_BP	128
GO_BP	1280
GO_BP	128061
GO_BP	128077
GO_BP	1281
GO_BP	128178
GO_BP	1282
GO_BP	128209
GO_BP	128218
GO_BP	128239
GO_BP	128240
GO_BP	128272
GO_BP	128308
GO_BP	128338
GO_BP	128344
GO_BP	128387
GO_BP	1284
GO_BP	128414
GO_BP	128434
GO_BP	128486
GO_BP	128488
GO_BP	128497
GO_BP	1285
GO_BP	128553
GO_BP	1286
GO_BP	128637
GO_BP	128674
GO_BP	1287
GO_BP	1288
GO_BP	128817
GO_BP	128821
GO_BP	128822
GO_BP	128853
GO_BP	128854
GO_BP	128866
GO_BP	128869
GO_BP	128876
GO_BP	1289
GO_BP	128954
GO_BP	128977
GO_BP	128989
GO_BP	1290
GO_BP	129025
GO_BP	1291
GO_BP	129138
GO_BP	1292
GO_BP	129285
GO_BP	129293
GO_BP	1293
GO_BP	129303
GO_BP	1294
GO_BP	129401
GO_BP	129446
GO_BP	129450
GO_BP	1295
GO_BP	129530
GO_BP	129531
GO_BP	129563
GO_BP	1296
GO_BP	129607
GO_BP	129642
GO_BP	129684
GO_BP	129685
GO_BP	1297
GO_BP	129787
GO_BP	1298
GO_BP	129804
GO_BP	129807
GO_BP	129831
GO_BP	129880
GO_BP	129881
GO_BP	13
GO_BP	130
GO_BP	1300
GO_BP	130013
GO_BP	130026
GO_BP	1301
GO_BP	130120
GO_BP	130132
GO_BP	1302
GO_BP	130271
GO_BP	1303
GO_BP	130340
GO_BP	130367
GO_BP	130399
GO_BP	130497
GO_BP	1305
GO_BP	130507
GO_BP	130535
GO_BP	130557
GO_BP	130574
GO_BP	130589
GO_BP	1306
GO_BP	130612
GO_BP	130617
GO_BP	1307
GO_BP	130733
GO_BP	130749
GO_BP	130752
GO_BP	1308
GO_BP	130827
GO_BP	130872
GO_BP	130916
GO_BP	130951
GO_BP	131
GO_BP	1310
GO_BP	131034
GO_BP	131096
GO_BP	1311
GO_BP	131118
GO_BP	131177
GO_BP	1312
GO_BP	131368
GO_BP	131375
GO_BP	131377
GO_BP	1314
GO_BP	131405
GO_BP	131450
GO_BP	131474
GO_BP	1315
GO_BP	131540
GO_BP	131544
GO_BP	131566
GO_BP	131578
GO_BP	1316
GO_BP	131601
GO_BP	131669
GO_BP	1317
GO_BP	1318
GO_BP	131870
GO_BP	131873
GO_BP	131890
GO_BP	131965
GO_BP	132
GO_BP	132001
GO_BP	132014
GO_BP	132112
GO_BP	132141
GO_BP	132160
GO_BP	132243
GO_BP	132299
GO_BP	132320
GO_BP	132430
GO_BP	1325
GO_BP	1326
GO_BP	132612
GO_BP	132625
GO_BP	132660
GO_BP	132671
GO_BP	1327
GO_BP	132724
GO_BP	132789
GO_BP	132851
GO_BP	132864
GO_BP	132884
GO_BP	1329
GO_BP	132946
GO_BP	132949
GO_BP	132954
GO_BP	133
GO_BP	133022
GO_BP	133121
GO_BP	133308
GO_BP	133383
GO_BP	133396
GO_BP	133418
GO_BP	133482
GO_BP	133522
GO_BP	133558
GO_BP	133584
GO_BP	133619
GO_BP	133686
GO_BP	1337
GO_BP	133746
GO_BP	1339
GO_BP	133957
GO_BP	134
GO_BP	1340
GO_BP	134111
GO_BP	134121
GO_BP	134145
GO_BP	134147
GO_BP	134187
GO_BP	134218
GO_BP	134266
GO_BP	134288
GO_BP	134353
GO_BP	134359
GO_BP	134429
GO_BP	134430
GO_BP	134492
GO_BP	1345
GO_BP	134510
GO_BP	134526
GO_BP	134549
GO_BP	1346
GO_BP	134637
GO_BP	1347
GO_BP	134701
GO_BP	134728
GO_BP	134829
GO_BP	134860
GO_BP	134864
GO_BP	1349
GO_BP	134957
GO_BP	1350
GO_BP	1351
GO_BP	135112
GO_BP	135138
GO_BP	135152
GO_BP	135154
GO_BP	1352
GO_BP	135228
GO_BP	135250
GO_BP	135293
GO_BP	135295
GO_BP	1353
GO_BP	135458
GO_BP	1355
GO_BP	1356
GO_BP	135644
GO_BP	135656
GO_BP	1357
GO_BP	1358
GO_BP	135892
GO_BP	1359
GO_BP	135927
GO_BP	135935
GO_BP	135946
GO_BP	135948
GO_BP	136
GO_BP	1360
GO_BP	136051
GO_BP	1361
GO_BP	1362
GO_BP	136227
GO_BP	136242
GO_BP	136259
GO_BP	1363
GO_BP	136306
GO_BP	136319
GO_BP	136332
GO_BP	136371
GO_BP	1364
GO_BP	1365
GO_BP	136541
GO_BP	1366
GO_BP	136647
GO_BP	1368
GO_BP	1369
GO_BP	136991
GO_BP	1370
GO_BP	137075
GO_BP	1371
GO_BP	137209
GO_BP	1373
GO_BP	137362
GO_BP	137392
GO_BP	1374
GO_BP	137492
GO_BP	1376
GO_BP	137682
GO_BP	137695
GO_BP	137735
GO_BP	1378
GO_BP	137868
GO_BP	137872
GO_BP	137886
GO_BP	1379
GO_BP	137902
GO_BP	137964
GO_BP	137970
GO_BP	137994
GO_BP	1380
GO_BP	138050
GO_BP	138065
GO_BP	1381
GO_BP	138151
GO_BP	138162
GO_BP	138199
GO_BP	1382
GO_BP	138255
GO_BP	138307
GO_BP	1384
GO_BP	138428
GO_BP	138429
GO_BP	1385
GO_BP	1386
GO_BP	138639
GO_BP	1387
GO_BP	138716
GO_BP	1388
GO_BP	138804
GO_BP	1389
GO_BP	1390
GO_BP	139065
GO_BP	139081
GO_BP	139135
GO_BP	139189
GO_BP	1392
GO_BP	139212
GO_BP	139285
GO_BP	1393
GO_BP	139322
GO_BP	139324
GO_BP	139341
GO_BP	139378
GO_BP	139411
GO_BP	139420
GO_BP	1395
GO_BP	139596
GO_BP	139599
GO_BP	1396
GO_BP	139628
GO_BP	1397
GO_BP	139716
GO_BP	139728
GO_BP	139735
GO_BP	1398
GO_BP	139818
GO_BP	139886
GO_BP	1399
GO_BP	14
GO_BP	140
GO_BP	1400
GO_BP	1401
GO_BP	140290
GO_BP	1404
GO_BP	140453
GO_BP	140456
GO_BP	140458
GO_BP	140459
GO_BP	140460
GO_BP	140461
GO_BP	140462
GO_BP	140465
GO_BP	140469
GO_BP	140564
GO_BP	140576
GO_BP	140578
GO_BP	1406
GO_BP	140606
GO_BP	140609
GO_BP	140612
GO_BP	140628
GO_BP	140679
GO_BP	140683
GO_BP	140685
GO_BP	140686
GO_BP	140687
GO_BP	140689
GO_BP	140690
GO_BP	140691
GO_BP	1407
GO_BP	140700
GO_BP	140701
GO_BP	140706
GO_BP	140710
GO_BP	140711
GO_BP	140730
GO_BP	140732
GO_BP	140733
GO_BP	140735
GO_BP	140738
GO_BP	140739
GO_BP	140766
GO_BP	140767
GO_BP	140775
GO_BP	1408
GO_BP	140801
GO_BP	140803
GO_BP	140807
GO_BP	140809
GO_BP	140823
GO_BP	140825
GO_BP	140832
GO_BP	140836
GO_BP	140838
GO_BP	140850
GO_BP	140862
GO_BP	140873
GO_BP	140880
GO_BP	140881
GO_BP	140883
GO_BP	140885
GO_BP	140890
GO_BP	140894
GO_BP	140901
GO_BP	141
GO_BP	1410
GO_BP	1411
GO_BP	1412
GO_BP	1413
GO_BP	1414
GO_BP	1415
GO_BP	1417
GO_BP	1418
GO_BP	1419
GO_BP	142
GO_BP	1420
GO_BP	1421
GO_BP	142678
GO_BP	142679
GO_BP	142680
GO_BP	142684
GO_BP	142685
GO_BP	142686
GO_BP	142689
GO_BP	1427
GO_BP	1428
GO_BP	142891
GO_BP	1429
GO_BP	142910
GO_BP	142940
GO_BP	143
GO_BP	143098
GO_BP	1431
GO_BP	143187
GO_BP	1432
GO_BP	143279
GO_BP	143282
GO_BP	143384
GO_BP	1434
GO_BP	143425
GO_BP	143458
GO_BP	143471
GO_BP	1435
GO_BP	143503
GO_BP	143570
GO_BP	1436
GO_BP	143678
GO_BP	143684
GO_BP	143686
GO_BP	143689
GO_BP	1437
GO_BP	1438
GO_BP	143872
GO_BP	143879
GO_BP	143884
GO_BP	143888
GO_BP	1439
GO_BP	143941
GO_BP	1440
GO_BP	144097
GO_BP	1441
GO_BP	144100
GO_BP	144108
GO_BP	144110
GO_BP	144124
GO_BP	144132
GO_BP	144165
GO_BP	144193
GO_BP	144233
GO_BP	144245
GO_BP	144348
GO_BP	144363
GO_BP	144402
GO_BP	144404
GO_BP	144406
GO_BP	144453
GO_BP	144455
GO_BP	1445
GO_BP	144501
GO_BP	144535
GO_BP	144568
GO_BP	144577
GO_BP	1446
GO_BP	144699
GO_BP	1447
GO_BP	144715
GO_BP	144717
GO_BP	1448
GO_BP	144811
GO_BP	145173
GO_BP	1452
GO_BP	145226
GO_BP	145258
GO_BP	145264
GO_BP	1453
GO_BP	145389
GO_BP	145407
GO_BP	145447
GO_BP	145482
GO_BP	145483
GO_BP	1455
GO_BP	145508
GO_BP	145567
GO_BP	145581
GO_BP	1456
GO_BP	1457
GO_BP	145741
GO_BP	145788
GO_BP	145864
GO_BP	145873
GO_BP	1459
GO_BP	145957
GO_BP	146
GO_BP	1460
GO_BP	146050
GO_BP	146057
GO_BP	146059
GO_BP	146198
GO_BP	1462
GO_BP	146206
GO_BP	146212
GO_BP	146225
GO_BP	146279
GO_BP	1463
GO_BP	146310
GO_BP	146330
GO_BP	146378
GO_BP	146395
GO_BP	1464
GO_BP	146434
GO_BP	146439
GO_BP	146456
GO_BP	1465
GO_BP	146540
GO_BP	146542
GO_BP	146547
GO_BP	146562
GO_BP	1466
GO_BP	146664
GO_BP	146691
GO_BP	146712
GO_BP	146713
GO_BP	146722
GO_BP	146754
GO_BP	146760
GO_BP	1468
GO_BP	146802
GO_BP	146845
GO_BP	146849
GO_BP	146850
GO_BP	146852
GO_BP	146857
GO_BP	146862
GO_BP	146894
GO_BP	1469
GO_BP	146909
GO_BP	146923
GO_BP	146956
GO_BP	147
GO_BP	147007
GO_BP	147011
GO_BP	147040
GO_BP	1471
GO_BP	147111
GO_BP	147138
GO_BP	147183
GO_BP	1472
GO_BP	147323
GO_BP	147339
GO_BP	147372
GO_BP	147381
GO_BP	1474
GO_BP	147409
GO_BP	147495
GO_BP	1475
GO_BP	1476
GO_BP	147646
GO_BP	147650
GO_BP	147657
GO_BP	147660
GO_BP	147686
GO_BP	147687
GO_BP	147694
GO_BP	147699
GO_BP	1477
GO_BP	147700
GO_BP	147719
GO_BP	147741
GO_BP	147744
GO_BP	147746
GO_BP	147798
GO_BP	1478
GO_BP	147807
GO_BP	147808
GO_BP	147837
GO_BP	147841
GO_BP	147872
GO_BP	1479
GO_BP	147906
GO_BP	147912
GO_BP	147923
GO_BP	147929
GO_BP	147945
GO_BP	147947
GO_BP	147948
GO_BP	147949
GO_BP	147968
GO_BP	147991
GO_BP	148
GO_BP	148014
GO_BP	148022
GO_BP	148066
GO_BP	148103
GO_BP	148156
GO_BP	1482
GO_BP	148203
GO_BP	148213
GO_BP	148229
GO_BP	148252
GO_BP	148254
GO_BP	148266
GO_BP	148268
GO_BP	148281
GO_BP	148327
GO_BP	148345
GO_BP	148362
GO_BP	148398
GO_BP	148479
GO_BP	148523
GO_BP	148534
GO_BP	148581
GO_BP	1486
GO_BP	148641
GO_BP	1487
GO_BP	148738
GO_BP	148789
GO_BP	1488
GO_BP	148808
GO_BP	148811
GO_BP	148823
GO_BP	148867
GO_BP	1489
GO_BP	148932
GO_BP	1490
GO_BP	149041
GO_BP	149069
GO_BP	149076
GO_BP	149095
GO_BP	1491
GO_BP	149111
GO_BP	149233
GO_BP	1493
GO_BP	149371
GO_BP	149420
GO_BP	149428
GO_BP	149461
GO_BP	149465
GO_BP	149473
GO_BP	1495
GO_BP	149563
GO_BP	1496
GO_BP	149603
GO_BP	149628
GO_BP	149647
GO_BP	149685
GO_BP	1497
GO_BP	149708
GO_BP	149840
GO_BP	1499
GO_BP	149951
GO_BP	149986
GO_BP	149998
GO_BP	15
GO_BP	150
GO_BP	150082
GO_BP	150084
GO_BP	1501
GO_BP	150159
GO_BP	150160
GO_BP	150209
GO_BP	150223
GO_BP	150275
GO_BP	150280
GO_BP	150290
GO_BP	1503
GO_BP	150350
GO_BP	150353
GO_BP	150356
GO_BP	150365
GO_BP	150368
GO_BP	150372
GO_BP	150379
GO_BP	150465
GO_BP	150572
GO_BP	1506
GO_BP	150677
GO_BP	150678
GO_BP	150684
GO_BP	150696
GO_BP	150726
GO_BP	150737
GO_BP	150763
GO_BP	150771
GO_BP	1508
GO_BP	1509
GO_BP	150946
GO_BP	150962
GO_BP	151
GO_BP	1510
GO_BP	151011
GO_BP	151056
GO_BP	1511
GO_BP	151112
GO_BP	151126
GO_BP	151194
GO_BP	151195
GO_BP	1512
GO_BP	151230
GO_BP	151242
GO_BP	151246
GO_BP	151254
GO_BP	151258
GO_BP	151295
GO_BP	1513
GO_BP	151306
GO_BP	151354
GO_BP	1514
GO_BP	151449
GO_BP	151473
GO_BP	1515
GO_BP	151516
GO_BP	151525
GO_BP	151531
GO_BP	151556
GO_BP	151636
GO_BP	151647
GO_BP	151648
GO_BP	151649
GO_BP	151651
GO_BP	151742
GO_BP	151827
GO_BP	151835
GO_BP	151871
GO_BP	151887
GO_BP	151888
GO_BP	1519
GO_BP	151987
GO_BP	152
GO_BP	1520
GO_BP	152002
GO_BP	152006
GO_BP	152007
GO_BP	152078
GO_BP	152098
GO_BP	1521
GO_BP	152110
GO_BP	152137
GO_BP	152185
GO_BP	152189
GO_BP	1522
GO_BP	152206
GO_BP	152225
GO_BP	152273
GO_BP	1523
GO_BP	152330
GO_BP	1524
GO_BP	152404
GO_BP	152485
GO_BP	1525
GO_BP	152503
GO_BP	152518
GO_BP	152559
GO_BP	152579
GO_BP	152586
GO_BP	152687
GO_BP	152789
GO_BP	152816
GO_BP	152831
GO_BP	152877
GO_BP	152926
GO_BP	152992
GO_BP	153
GO_BP	153020
GO_BP	153090
GO_BP	153129
GO_BP	153218
GO_BP	153222
GO_BP	153241
GO_BP	153328
GO_BP	153339
GO_BP	153364
GO_BP	153396
GO_BP	1534
GO_BP	153443
GO_BP	153478
GO_BP	1535
GO_BP	153527
GO_BP	153562
GO_BP	153572
GO_BP	153579
GO_BP	1536
GO_BP	153657
GO_BP	1537
GO_BP	153745
GO_BP	153768
GO_BP	153769
GO_BP	1538
GO_BP	153830
GO_BP	1539
GO_BP	154
GO_BP	1540
GO_BP	154007
GO_BP	154043
GO_BP	154091
GO_BP	154141
GO_BP	154150
GO_BP	154197
GO_BP	154214
GO_BP	154215
GO_BP	154288
GO_BP	1543
GO_BP	154313
GO_BP	1544
GO_BP	1545
GO_BP	154664
GO_BP	154743
GO_BP	154791
GO_BP	154796
GO_BP	1548
GO_BP	154807
GO_BP	154810
GO_BP	154865
GO_BP	154881
GO_BP	155
GO_BP	155038
GO_BP	155051
GO_BP	155054
GO_BP	155061
GO_BP	155066
GO_BP	1551
GO_BP	155185
GO_BP	1553
GO_BP	155382
GO_BP	155435
GO_BP	1555
GO_BP	1557
GO_BP	1558
GO_BP	1559
GO_BP	156
GO_BP	1562
GO_BP	1564
GO_BP	1565
GO_BP	157
GO_BP	1571
GO_BP	1572
GO_BP	157285
GO_BP	1573
GO_BP	157313
GO_BP	157378
GO_BP	157506
GO_BP	157570
GO_BP	1576
GO_BP	157657
GO_BP	157680
GO_BP	157695
GO_BP	1577
GO_BP	157724
GO_BP	157753
GO_BP	157769
GO_BP	157777
GO_BP	157807
GO_BP	157848
GO_BP	157855
GO_BP	1579
GO_BP	157922
GO_BP	158
GO_BP	1580
GO_BP	158038
GO_BP	158046
GO_BP	158056
GO_BP	158062
GO_BP	158067
GO_BP	1581
GO_BP	158131
GO_BP	158135
GO_BP	158158
GO_BP	1582
GO_BP	158219
GO_BP	158234
GO_BP	158297
GO_BP	1583
GO_BP	158326
GO_BP	158376
GO_BP	158399
GO_BP	1584
GO_BP	158401
GO_BP	158431
GO_BP	158471
GO_BP	1585
GO_BP	158506
GO_BP	158584
GO_BP	158586
GO_BP	1586
GO_BP	158747
GO_BP	158763
GO_BP	158787
GO_BP	1588
GO_BP	158800
GO_BP	158809
GO_BP	158830
GO_BP	158833
GO_BP	158866
GO_BP	158880
GO_BP	159
GO_BP	1591
GO_BP	159195
GO_BP	1592
GO_BP	159296
GO_BP	1593
GO_BP	159371
GO_BP	1594
GO_BP	159686
GO_BP	159963
GO_BP	159989
GO_BP	16
GO_BP	160
GO_BP	1600
GO_BP	1601
GO_BP	160140
GO_BP	1602
GO_BP	160287
GO_BP	1603
GO_BP	160335
GO_BP	160364
GO_BP	160365
GO_BP	1604
GO_BP	160418
GO_BP	160419
GO_BP	160428
GO_BP	160492
GO_BP	1605
GO_BP	160518
GO_BP	1606
GO_BP	160622
GO_BP	1607
GO_BP	160728
GO_BP	160760
GO_BP	160762
GO_BP	1608
GO_BP	160851
GO_BP	160897
GO_BP	1609
GO_BP	161
GO_BP	1610
GO_BP	161003
GO_BP	1611
GO_BP	161142
GO_BP	161145
GO_BP	161176
GO_BP	161198
GO_BP	1612
GO_BP	161247
GO_BP	161291
GO_BP	1613
GO_BP	161357
GO_BP	161394
GO_BP	161424
GO_BP	161497
GO_BP	1615
GO_BP	161502
GO_BP	161514
GO_BP	161582
GO_BP	1616
GO_BP	161725
GO_BP	161742
GO_BP	1618
GO_BP	161823
GO_BP	161829
GO_BP	161882
GO_BP	161931
GO_BP	162
GO_BP	1620
GO_BP	1621
GO_BP	162239
GO_BP	162282
GO_BP	162333
GO_BP	162394
GO_BP	162417
GO_BP	162427
GO_BP	162466
GO_BP	162494
GO_BP	162514
GO_BP	162515
GO_BP	162517
GO_BP	162540
GO_BP	162655
GO_BP	162681
GO_BP	1627
GO_BP	1628
GO_BP	1629
GO_BP	162962
GO_BP	162963
GO_BP	162967
GO_BP	162968
GO_BP	162972
GO_BP	162979
GO_BP	162989
GO_BP	162993
GO_BP	162998
GO_BP	163
GO_BP	1630
GO_BP	163033
GO_BP	163049
GO_BP	163050
GO_BP	163051
GO_BP	163071
GO_BP	163081
GO_BP	163087
GO_BP	163115
GO_BP	163126
GO_BP	163131
GO_BP	163175
GO_BP	163183
GO_BP	1632
GO_BP	163227
GO_BP	163255
GO_BP	1633
GO_BP	163351
GO_BP	1634
GO_BP	163404
GO_BP	163486
GO_BP	1635
GO_BP	163589
GO_BP	163590
GO_BP	1636
GO_BP	163688
GO_BP	163702
GO_BP	163732
GO_BP	163778
GO_BP	163782
GO_BP	163786
GO_BP	1638
GO_BP	163859
GO_BP	163882
GO_BP	1639
GO_BP	164
GO_BP	164045
GO_BP	164091
GO_BP	1641
GO_BP	164153
GO_BP	1642
GO_BP	164237
GO_BP	164284
GO_BP	1643
GO_BP	164312
GO_BP	164395
GO_BP	1644
GO_BP	1645
GO_BP	1646
GO_BP	164656
GO_BP	164684
GO_BP	1647
GO_BP	164781
GO_BP	164832
GO_BP	1649
GO_BP	165
GO_BP	1650
GO_BP	165082
GO_BP	165140
GO_BP	165186
GO_BP	1653
GO_BP	165324
GO_BP	1654
GO_BP	1655
GO_BP	165530
GO_BP	1656
GO_BP	165631
GO_BP	165679
GO_BP	1657
GO_BP	165721
GO_BP	165829
GO_BP	1659
GO_BP	165904
GO_BP	165918
GO_BP	166
GO_BP	1660
GO_BP	166012
GO_BP	1662
GO_BP	1663
GO_BP	166336
GO_BP	166348
GO_BP	166378
GO_BP	166379
GO_BP	1665
GO_BP	1666
GO_BP	166614
GO_BP	166647
GO_BP	166752
GO_BP	166785
GO_BP	166793
GO_BP	166824
GO_BP	166863
GO_BP	1669
GO_BP	166929
GO_BP	166968
GO_BP	166979
GO_BP	167
GO_BP	1670
GO_BP	1671
GO_BP	167153
GO_BP	1672
GO_BP	167227
GO_BP	167359
GO_BP	1674
GO_BP	167410
GO_BP	167465
GO_BP	1675
GO_BP	1676
GO_BP	167691
GO_BP	1677
GO_BP	1678
GO_BP	167826
GO_BP	168002
GO_BP	168374
GO_BP	168391
GO_BP	168433
GO_BP	168448
GO_BP	168451
GO_BP	168507
GO_BP	168537
GO_BP	168544
GO_BP	168620
GO_BP	168667
GO_BP	1687
GO_BP	168850
GO_BP	1690
GO_BP	169026
GO_BP	169200
GO_BP	169270
GO_BP	169355
GO_BP	169522
GO_BP	169611
GO_BP	169714
GO_BP	169792
GO_BP	169834
GO_BP	169841
GO_BP	169966
GO_BP	169981
GO_BP	170082
GO_BP	170302
GO_BP	170370
GO_BP	170384
GO_BP	170392
GO_BP	170394
GO_BP	170482
GO_BP	170506
GO_BP	170572
GO_BP	170589
GO_BP	170622
GO_BP	170685
GO_BP	170689
GO_BP	170690
GO_BP	170691
GO_BP	170692
GO_BP	170712
GO_BP	170850
GO_BP	170959
GO_BP	170960
GO_BP	170961
GO_BP	171017
GO_BP	171019
GO_BP	171023
GO_BP	171024
GO_BP	171169
GO_BP	171177
GO_BP	171389
GO_BP	171425
GO_BP	171482
GO_BP	171483
GO_BP	171484
GO_BP	171546
GO_BP	171558
GO_BP	171568
GO_BP	171586
GO_BP	1716
GO_BP	1717
GO_BP	1718
GO_BP	1719
GO_BP	1723
GO_BP	1725
GO_BP	1727
GO_BP	1728
GO_BP	1729
GO_BP	173
GO_BP	1730
GO_BP	1731
GO_BP	1733
GO_BP	1734
GO_BP	1735
GO_BP	1736
GO_BP	1737
GO_BP	1738
GO_BP	1739
GO_BP	174
GO_BP	1740
GO_BP	1741
GO_BP	1742
GO_BP	1745
GO_BP	1746
GO_BP	1747
GO_BP	1748
GO_BP	1749
GO_BP	175
GO_BP	1750
GO_BP	1755
GO_BP	1756
GO_BP	1757
GO_BP	1758
GO_BP	1759
GO_BP	176
GO_BP	1760
GO_BP	1761
GO_BP	1763
GO_BP	1767
GO_BP	1768
GO_BP	1769
GO_BP	177
GO_BP	1770
GO_BP	1773
GO_BP	1774
GO_BP	1775
GO_BP	1776
GO_BP	1777
GO_BP	1778
GO_BP	178
GO_BP	1780
GO_BP	1781
GO_BP	1783
GO_BP	1785
GO_BP	1786
GO_BP	1787
GO_BP	1788
GO_BP	1789
GO_BP	1791
GO_BP	1793
GO_BP	1794
GO_BP	1795
GO_BP	1796
GO_BP	1797
GO_BP	1798
GO_BP	18
GO_BP	1800
GO_BP	1802
GO_BP	1803
GO_BP	1804
GO_BP	1805
GO_BP	1806
GO_BP	1807
GO_BP	1808
GO_BP	1809
GO_BP	181
GO_BP	1810
GO_BP	1811
GO_BP	1812
GO_BP	1813
GO_BP	1814
GO_BP	1816
GO_BP	1819
GO_BP	182
GO_BP	1820
GO_BP	1821
GO_BP	1822
GO_BP	1823
GO_BP	1824
GO_BP	1825
GO_BP	1826
GO_BP	1827
GO_BP	1828
GO_BP	1829
GO_BP	183
GO_BP	1830
GO_BP	1831
GO_BP	1832
GO_BP	1833
GO_BP	1834
GO_BP	1836
GO_BP	1837
GO_BP	1838
GO_BP	1839
GO_BP	1840
GO_BP	1841
GO_BP	1842
GO_BP	1843
GO_BP	1844
GO_BP	1845
GO_BP	1846
GO_BP	1847
GO_BP	1848
GO_BP	1849
GO_BP	185
GO_BP	1850
GO_BP	1852
GO_BP	1854
GO_BP	1855
GO_BP	1856
GO_BP	1857
GO_BP	1859
GO_BP	186
GO_BP	1861
GO_BP	1869
GO_BP	187
GO_BP	1870
GO_BP	1871
GO_BP	1874
GO_BP	1875
GO_BP	1876
GO_BP	1877
GO_BP	1879
GO_BP	1880
GO_BP	1889
GO_BP	189
GO_BP	1890
GO_BP	1891
GO_BP	1892
GO_BP	1893
GO_BP	1894
GO_BP	1896
GO_BP	19
GO_BP	190
GO_BP	1901
GO_BP	1902
GO_BP	1903
GO_BP	1906
GO_BP	1907
GO_BP	1908
GO_BP	1909
GO_BP	191
GO_BP	1910
GO_BP	1911
GO_BP	1912
GO_BP	1915
GO_BP	1917
GO_BP	192111
GO_BP	192134
GO_BP	192666
GO_BP	192669
GO_BP	192670
GO_BP	192683
GO_BP	1933
GO_BP	1936
GO_BP	1938
GO_BP	1939
GO_BP	1942
GO_BP	1943
GO_BP	1944
GO_BP	1945
GO_BP	1946
GO_BP	1947
GO_BP	1948
GO_BP	1949
GO_BP	1950
GO_BP	1951
GO_BP	1952
GO_BP	1954
GO_BP	1956
GO_BP	1958
GO_BP	195814
GO_BP	195827
GO_BP	1959
GO_BP	196
GO_BP	1960
GO_BP	196051
GO_BP	196074
GO_BP	1961
GO_BP	1962
GO_BP	196264
GO_BP	196294
GO_BP	196374
GO_BP	196383
GO_BP	196385
GO_BP	196394
GO_BP	1964
GO_BP	196403
GO_BP	196410
GO_BP	196441
GO_BP	196446
GO_BP	196463
GO_BP	196477
GO_BP	1965
GO_BP	196500
GO_BP	196513
GO_BP	196527
GO_BP	196528
GO_BP	196541
GO_BP	1967
GO_BP	196740
GO_BP	196743
GO_BP	1968
GO_BP	196883
GO_BP	1969
GO_BP	196996
GO_BP	197
GO_BP	197021
GO_BP	197131
GO_BP	197135
GO_BP	197257
GO_BP	197258
GO_BP	197259
GO_BP	1973
GO_BP	197320
GO_BP	197322
GO_BP	197335
GO_BP	197342
GO_BP	197358
GO_BP	197370
GO_BP	1974
GO_BP	197407
GO_BP	1975
GO_BP	1977
GO_BP	1978
GO_BP	1979
GO_BP	1981
GO_BP	1982
GO_BP	1983
GO_BP	1984
GO_BP	199
GO_BP	1990
GO_BP	1991
GO_BP	1992
GO_BP	199221
GO_BP	199223
GO_BP	1993
GO_BP	1994
GO_BP	1995
GO_BP	1996
GO_BP	199692
GO_BP	199699
GO_BP	1997
GO_BP	199704
GO_BP	199713
GO_BP	199720
GO_BP	199731
GO_BP	199746
GO_BP	199777
GO_BP	1998
GO_BP	199800
GO_BP	199857
GO_BP	1999
GO_BP	199920
GO_BP	199953
GO_BP	199974
GO_BP	199990
GO_BP	2
GO_BP	20
GO_BP	2000
GO_BP	200010
GO_BP	200014
GO_BP	200035
GO_BP	200081
GO_BP	2001
GO_BP	200132
GO_BP	200162
GO_BP	200185
GO_BP	200186
GO_BP	2002
GO_BP	200205
GO_BP	200232
GO_BP	200312
GO_BP	200316
GO_BP	200373
GO_BP	2004
GO_BP	200424
GO_BP	2005
GO_BP	200504
GO_BP	200523
GO_BP	200539
GO_BP	200558
GO_BP	200576
GO_BP	2006
GO_BP	200728
GO_BP	200734
GO_BP	200845
GO_BP	200879
GO_BP	200894
GO_BP	200895
GO_BP	2009
GO_BP	200916
GO_BP	200931
GO_BP	200933
GO_BP	200942
GO_BP	200958
GO_BP	200959
GO_BP	2010
GO_BP	2011
GO_BP	201134
GO_BP	201140
GO_BP	201158
GO_BP	201161
GO_BP	201163
GO_BP	201164
GO_BP	201176
GO_BP	201191
GO_BP	2012
GO_BP	201254
GO_BP	201266
GO_BP	201294
GO_BP	2013
GO_BP	201305
GO_BP	2014
GO_BP	201475
GO_BP	2015
GO_BP	201501
GO_BP	201514
GO_BP	201516
GO_BP	201562
GO_BP	201595
GO_BP	2016
GO_BP	201625
GO_BP	201626
GO_BP	201627
GO_BP	201633
GO_BP	2017
GO_BP	201780
GO_BP	2018
GO_BP	201895
GO_BP	2019
GO_BP	201973
GO_BP	202
GO_BP	2020
GO_BP	202018
GO_BP	202051
GO_BP	202052
GO_BP	2021
GO_BP	202151
GO_BP	2022
GO_BP	202243
GO_BP	2023
GO_BP	202309
GO_BP	202374
GO_BP	202500
GO_BP	202559
GO_BP	2026
GO_BP	2027
GO_BP	2028
GO_BP	2029
GO_BP	202915
GO_BP	203
GO_BP	2030
GO_BP	203062
GO_BP	203068
GO_BP	203074
GO_BP	203100
GO_BP	203102
GO_BP	203190
GO_BP	203228
GO_BP	203245
GO_BP	203286
GO_BP	2033
GO_BP	2034
GO_BP	203427
GO_BP	203447
GO_BP	2035
GO_BP	203522
GO_BP	203523
GO_BP	203547
GO_BP	2036
GO_BP	2037
GO_BP	2038
GO_BP	203859
GO_BP	2039
GO_BP	204
GO_BP	2040
GO_BP	2041
GO_BP	2042
GO_BP	204219
GO_BP	2043
GO_BP	2044
GO_BP	204474
GO_BP	2045
GO_BP	2046
GO_BP	2047
GO_BP	2048
GO_BP	204801
GO_BP	204851
GO_BP	2049
GO_BP	204962
GO_BP	205
GO_BP	2050
GO_BP	2051
GO_BP	205147
GO_BP	2052
GO_BP	205251
GO_BP	2053
GO_BP	205327
GO_BP	2054
GO_BP	205428
GO_BP	2055
GO_BP	205564
GO_BP	2056
GO_BP	2057
GO_BP	205717
GO_BP	2058
GO_BP	205860
GO_BP	2059
GO_BP	2060
GO_BP	2063
GO_BP	206338
GO_BP	206358
GO_BP	2064
GO_BP	206412
GO_BP	2065
GO_BP	2066
GO_BP	2067
GO_BP	2068
GO_BP	2069
GO_BP	207
GO_BP	2070
GO_BP	207063
GO_BP	2071
GO_BP	2072
GO_BP	2073
GO_BP	2074
GO_BP	2077
GO_BP	2078
GO_BP	2079
GO_BP	208
GO_BP	2081
GO_BP	2086
GO_BP	2091
GO_BP	2098
GO_BP	2099
GO_BP	21
GO_BP	210
GO_BP	2100
GO_BP	2101
GO_BP	2103
GO_BP	2104
GO_BP	2107
GO_BP	2108
GO_BP	2109
GO_BP	211
GO_BP	2110
GO_BP	2113
GO_BP	2114
GO_BP	2115
GO_BP	2116
GO_BP	2117
GO_BP	2118
GO_BP	2119
GO_BP	212
GO_BP	2120
GO_BP	2121
GO_BP	2122
GO_BP	2124
GO_BP	2125
GO_BP	2128
GO_BP	213
GO_BP	2130
GO_BP	2131
GO_BP	2132
GO_BP	2134
GO_BP	2135
GO_BP	2137
GO_BP	2138
GO_BP	2139
GO_BP	214
GO_BP	2140
GO_BP	2145
GO_BP	2146
GO_BP	2147
GO_BP	2149
GO_BP	2150
GO_BP	2151
GO_BP	2152
GO_BP	2153
GO_BP	2155
GO_BP	2157
GO_BP	2158
GO_BP	2159
GO_BP	216
GO_BP	2160
GO_BP	2161
GO_BP	2162
GO_BP	2165
GO_BP	2166
GO_BP	2167
GO_BP	2168
GO_BP	2169
GO_BP	217
GO_BP	2170
GO_BP	2171
GO_BP	2172
GO_BP	2173
GO_BP	2175
GO_BP	2176
GO_BP	2177
GO_BP	2178
GO_BP	218
GO_BP	2180
GO_BP	2181
GO_BP	2182
GO_BP	2184
GO_BP	2185
GO_BP	2186
GO_BP	2187
GO_BP	2188
GO_BP	2189
GO_BP	219
GO_BP	2191
GO_BP	2192
GO_BP	219287
GO_BP	219293
GO_BP	2193
GO_BP	219333
GO_BP	2194
GO_BP	219402
GO_BP	219409
GO_BP	2195
GO_BP	219527
GO_BP	219537
GO_BP	219539
GO_BP	219541
GO_BP	2196
GO_BP	219670
GO_BP	219681
GO_BP	219699
GO_BP	2197
GO_BP	219736
GO_BP	219743
GO_BP	219749
GO_BP	219770
GO_BP	219771
GO_BP	219790
GO_BP	219793
GO_BP	219844
GO_BP	219855
GO_BP	219899
GO_BP	2199
GO_BP	219927
GO_BP	219931
GO_BP	219938
GO_BP	219970
GO_BP	219972
GO_BP	219988
GO_BP	219990
GO_BP	219995
GO_BP	22
GO_BP	220
GO_BP	2200
GO_BP	220001
GO_BP	220002
GO_BP	220004
GO_BP	220042
GO_BP	220064
GO_BP	2201
GO_BP	220107
GO_BP	220136
GO_BP	220164
GO_BP	2202
GO_BP	220202
GO_BP	220213
GO_BP	220296
GO_BP	2203
GO_BP	2204
GO_BP	220416
GO_BP	220441
GO_BP	2205
GO_BP	2206
GO_BP	2207
GO_BP	2208
GO_BP	220929
GO_BP	220963
GO_BP	220972
GO_BP	220988
GO_BP	220992
GO_BP	221
GO_BP	221002
GO_BP	221035
GO_BP	221037
GO_BP	221044
GO_BP	221061
GO_BP	221074
GO_BP	221078
GO_BP	221079
GO_BP	221092
GO_BP	221120
GO_BP	221143
GO_BP	221150
GO_BP	221154
GO_BP	221178
GO_BP	221184
GO_BP	221188
GO_BP	221191
GO_BP	2212
GO_BP	221264
GO_BP	2213
GO_BP	221301
GO_BP	221322
GO_BP	221336
GO_BP	221391
GO_BP	221393
GO_BP	221395
GO_BP	221400
GO_BP	221421
GO_BP	221443
GO_BP	221458
GO_BP	221472
GO_BP	221476
GO_BP	221477
GO_BP	221481
GO_BP	221496
GO_BP	2215
GO_BP	221527
GO_BP	221656
GO_BP	221662
GO_BP	221687
GO_BP	221692
GO_BP	2217
GO_BP	221711
GO_BP	221785
GO_BP	2218
GO_BP	221823
GO_BP	221830
GO_BP	221833
GO_BP	221883
GO_BP	221895
GO_BP	2219
GO_BP	221908
GO_BP	221914
GO_BP	221927
GO_BP	221935
GO_BP	221937
GO_BP	221938
GO_BP	221955
GO_BP	221960
GO_BP	221981
GO_BP	222
GO_BP	2220
GO_BP	222008
GO_BP	222068
GO_BP	222166
GO_BP	2222
GO_BP	222223
GO_BP	222229
GO_BP	222235
GO_BP	222236
GO_BP	222256
GO_BP	2224
GO_BP	222484
GO_BP	222487
GO_BP	222537
GO_BP	222545
GO_BP	222546
GO_BP	222553
GO_BP	222584
GO_BP	222611
GO_BP	222642
GO_BP	222643
GO_BP	222658
GO_BP	222662
GO_BP	222663
GO_BP	222696
GO_BP	222698
GO_BP	222894
GO_BP	222950
GO_BP	222962
GO_BP	223
GO_BP	2230
GO_BP	223082
GO_BP	223117
GO_BP	2232
GO_BP	2235
GO_BP	2237
GO_BP	2239
GO_BP	224
GO_BP	2241
GO_BP	2242
GO_BP	2243
GO_BP	2244
GO_BP	2245
GO_BP	2246
GO_BP	2247
GO_BP	2248
GO_BP	2249
GO_BP	225
GO_BP	2250
GO_BP	2251
GO_BP	2252
GO_BP	2253
GO_BP	2254
GO_BP	2255
GO_BP	2256
GO_BP	225689
GO_BP	2257
GO_BP	2258
GO_BP	2259
GO_BP	2260
GO_BP	2261
GO_BP	2262
GO_BP	2263
GO_BP	2264
GO_BP	2266
GO_BP	2267
GO_BP	2268
GO_BP	2271
GO_BP	2272
GO_BP	2273
GO_BP	2274
GO_BP	2275
GO_BP	22794
GO_BP	22795
GO_BP	22796
GO_BP	22797
GO_BP	22798
GO_BP	2280
GO_BP	22800
GO_BP	22801
GO_BP	22802
GO_BP	22803
GO_BP	22806
GO_BP	22807
GO_BP	22808
GO_BP	22809
GO_BP	2281
GO_BP	22818
GO_BP	22820
GO_BP	22821
GO_BP	22822
GO_BP	22823
GO_BP	22824
GO_BP	22827
GO_BP	22828
GO_BP	22829
GO_BP	22832
GO_BP	22834
GO_BP	22836
GO_BP	22838
GO_BP	22839
GO_BP	22841
GO_BP	22843
GO_BP	22844
GO_BP	22845
GO_BP	22846
GO_BP	22847
GO_BP	22848
GO_BP	22849
GO_BP	22850
GO_BP	22852
GO_BP	22853
GO_BP	22854
GO_BP	22856
GO_BP	22858
GO_BP	22859
GO_BP	22861
GO_BP	22862
GO_BP	22863
GO_BP	22865
GO_BP	22866
GO_BP	22868
GO_BP	22869
GO_BP	22870
GO_BP	22871
GO_BP	22872
GO_BP	22873
GO_BP	22875
GO_BP	22876
GO_BP	22877
GO_BP	22878
GO_BP	22879
GO_BP	2288
GO_BP	22880
GO_BP	22881
GO_BP	22882
GO_BP	22883
GO_BP	22884
GO_BP	22885
GO_BP	22887
GO_BP	22888
GO_BP	22889
GO_BP	2289
GO_BP	22890
GO_BP	22891
GO_BP	22893
GO_BP	22894
GO_BP	22895
GO_BP	22897
GO_BP	22898
GO_BP	22899
GO_BP	229
GO_BP	2290
GO_BP	22900
GO_BP	22901
GO_BP	22902
GO_BP	22903
GO_BP	22904
GO_BP	22905
GO_BP	22906
GO_BP	22907
GO_BP	22908
GO_BP	22909
GO_BP	22911
GO_BP	22913
GO_BP	22915
GO_BP	22916
GO_BP	22917
GO_BP	22918
GO_BP	22919
GO_BP	22920
GO_BP	22921
GO_BP	22924
GO_BP	22925
GO_BP	22926
GO_BP	22927
GO_BP	22928
GO_BP	22929
GO_BP	22930
GO_BP	22931
GO_BP	22933
GO_BP	22934
GO_BP	22936
GO_BP	22937
GO_BP	22938
GO_BP	2294
GO_BP	22941
GO_BP	22943
GO_BP	22944
GO_BP	22948
GO_BP	22949
GO_BP	2295
GO_BP	22953
GO_BP	22954
GO_BP	22955
GO_BP	2296
GO_BP	2297
GO_BP	22974
GO_BP	22976
GO_BP	22978
GO_BP	22979
GO_BP	2298
GO_BP	22980
GO_BP	22981
GO_BP	22982
GO_BP	22983
GO_BP	22984
GO_BP	22985
GO_BP	22986
GO_BP	22987
GO_BP	22989
GO_BP	2299
GO_BP	22992
GO_BP	22993
GO_BP	22994
GO_BP	22995
GO_BP	22997
GO_BP	22998
GO_BP	22999
GO_BP	23
GO_BP	230
GO_BP	2300
GO_BP	23001
GO_BP	23002
GO_BP	23005
GO_BP	23007
GO_BP	23008
GO_BP	2301
GO_BP	23011
GO_BP	23012
GO_BP	23013
GO_BP	23014
GO_BP	23015
GO_BP	23016
GO_BP	23017
GO_BP	23019
GO_BP	2302
GO_BP	23020
GO_BP	23022
GO_BP	23023
GO_BP	23024
GO_BP	23025
GO_BP	23026
GO_BP	23028
GO_BP	23029
GO_BP	2303
GO_BP	23030
GO_BP	23031
GO_BP	23032
GO_BP	23033
GO_BP	23034
GO_BP	23035
GO_BP	23036
GO_BP	23037
GO_BP	23038
GO_BP	23039
GO_BP	2304
GO_BP	23040
GO_BP	23041
GO_BP	23042
GO_BP	23043
GO_BP	23046
GO_BP	23047
GO_BP	23048
GO_BP	23049
GO_BP	23051
GO_BP	23052
GO_BP	23053
GO_BP	23054
GO_BP	23057
GO_BP	23059
GO_BP	2306
GO_BP	23060
GO_BP	23061
GO_BP	23062
GO_BP	23063
GO_BP	23064
GO_BP	23065
GO_BP	23066
GO_BP	23067
GO_BP	2307
GO_BP	23070
GO_BP	23071
GO_BP	23072
GO_BP	23074
GO_BP	23075
GO_BP	23076
GO_BP	23077
GO_BP	2308
GO_BP	23080
GO_BP	23081
GO_BP	23082
GO_BP	23085
GO_BP	23086
GO_BP	23087
GO_BP	23089
GO_BP	2309
GO_BP	23090
GO_BP	23091
GO_BP	23092
GO_BP	23093
GO_BP	23094
GO_BP	23095
GO_BP	23096
GO_BP	23097
GO_BP	23098
GO_BP	23099
GO_BP	231
GO_BP	23102
GO_BP	23105
GO_BP	23107
GO_BP	23108
GO_BP	23111
GO_BP	23112
GO_BP	23113
GO_BP	23114
GO_BP	23116
GO_BP	23118
GO_BP	23119
GO_BP	2312
GO_BP	23120
GO_BP	23122
GO_BP	23125
GO_BP	23126
GO_BP	23127
GO_BP	23129
GO_BP	2313
GO_BP	23130
GO_BP	23131
GO_BP	23132
GO_BP	23133
GO_BP	23135
GO_BP	23136
GO_BP	23137
GO_BP	23138
GO_BP	23139
GO_BP	2314
GO_BP	23141
GO_BP	23142
GO_BP	23143
GO_BP	23144
GO_BP	23145
GO_BP	23148
GO_BP	23149
GO_BP	23150
GO_BP	23151
GO_BP	23152
GO_BP	23154
GO_BP	23155
GO_BP	23157
GO_BP	23158
GO_BP	2316
GO_BP	23160
GO_BP	23161
GO_BP	23162
GO_BP	23163
GO_BP	23165
GO_BP	23166
GO_BP	23167
GO_BP	23168
GO_BP	23169
GO_BP	2317
GO_BP	23170
GO_BP	23171
GO_BP	23172
GO_BP	23173
GO_BP	23175
GO_BP	23176
GO_BP	23177
GO_BP	23178
GO_BP	23179
GO_BP	2318
GO_BP	23180
GO_BP	23181
GO_BP	23184
GO_BP	23185
GO_BP	23186
GO_BP	23187
GO_BP	23189
GO_BP	2319
GO_BP	23190
GO_BP	23191
GO_BP	23192
GO_BP	23193
GO_BP	23194
GO_BP	23195
GO_BP	23197
GO_BP	23198
GO_BP	23199
GO_BP	23200
GO_BP	23201
GO_BP	23203
GO_BP	23204
GO_BP	23205
GO_BP	23207
GO_BP	23208
GO_BP	23209
GO_BP	2321
GO_BP	23210
GO_BP	23211
GO_BP	23212
GO_BP	23213
GO_BP	23215
GO_BP	23218
GO_BP	23219
GO_BP	2322
GO_BP	23220
GO_BP	23221
GO_BP	23224
GO_BP	23225
GO_BP	23228
GO_BP	23229
GO_BP	2323
GO_BP	23230
GO_BP	23232
GO_BP	23233
GO_BP	23234
GO_BP	23235
GO_BP	23236
GO_BP	23237
GO_BP	23239
GO_BP	2324
GO_BP	23240
GO_BP	23241
GO_BP	23242
GO_BP	23243
GO_BP	23244
GO_BP	23245
GO_BP	23246
GO_BP	23247
GO_BP	23248
GO_BP	23250
GO_BP	23251
GO_BP	23252
GO_BP	23254
GO_BP	23255
GO_BP	23256
GO_BP	23258
GO_BP	23259
GO_BP	2326
GO_BP	23261
GO_BP	23262
GO_BP	23263
GO_BP	23264
GO_BP	23265
GO_BP	23266
GO_BP	23268
GO_BP	23269
GO_BP	2327
GO_BP	23270
GO_BP	23271
GO_BP	23272
GO_BP	23274
GO_BP	23275
GO_BP	23276
GO_BP	23277
GO_BP	23279
GO_BP	2328
GO_BP	23283
GO_BP	23284
GO_BP	23286
GO_BP	23287
GO_BP	23288
GO_BP	2329
GO_BP	23291
GO_BP	23293
GO_BP	23294
GO_BP	23295
GO_BP	23299
GO_BP	2330
GO_BP	23300
GO_BP	23301
GO_BP	23303
GO_BP	23304
GO_BP	23305
GO_BP	23306
GO_BP	23307
GO_BP	23308
GO_BP	23309
GO_BP	2331
GO_BP	23310
GO_BP	23312
GO_BP	23313
GO_BP	23314
GO_BP	23315
GO_BP	23316
GO_BP	23317
GO_BP	23318
GO_BP	2332
GO_BP	23321
GO_BP	23322
GO_BP	23324
GO_BP	23325
GO_BP	23326
GO_BP	23327
GO_BP	23328
GO_BP	23329
GO_BP	23331
GO_BP	23332
GO_BP	23333
GO_BP	23334
GO_BP	23335
GO_BP	23336
GO_BP	23338
GO_BP	23339
GO_BP	2334
GO_BP	23341
GO_BP	23344
GO_BP	23345
GO_BP	23347
GO_BP	23348
GO_BP	23349
GO_BP	2335
GO_BP	23350
GO_BP	23351
GO_BP	23352
GO_BP	23353
GO_BP	23354
GO_BP	23355
GO_BP	23358
GO_BP	23361
GO_BP	23362
GO_BP	23363
GO_BP	23365
GO_BP	23366
GO_BP	23367
GO_BP	23368
GO_BP	23369
GO_BP	23370
GO_BP	23371
GO_BP	23373
GO_BP	23376
GO_BP	23378
GO_BP	23379
GO_BP	23380
GO_BP	23381
GO_BP	23382
GO_BP	23383
GO_BP	23384
GO_BP	23385
GO_BP	23386
GO_BP	23387
GO_BP	23389
GO_BP	2339
GO_BP	23390
GO_BP	23392
GO_BP	23394
GO_BP	23395
GO_BP	23396
GO_BP	23397
GO_BP	23398
GO_BP	23399
GO_BP	23400
GO_BP	23401
GO_BP	23403
GO_BP	23404
GO_BP	23405
GO_BP	23406
GO_BP	23408
GO_BP	23409
GO_BP	23410
GO_BP	23411
GO_BP	23412
GO_BP	23413
GO_BP	23414
GO_BP	23415
GO_BP	23416
GO_BP	23417
GO_BP	23418
GO_BP	2342
GO_BP	23421
GO_BP	23423
GO_BP	23424
GO_BP	23426
GO_BP	23428
GO_BP	23429
GO_BP	23430
GO_BP	23431
GO_BP	23432
GO_BP	23433
GO_BP	23435
GO_BP	23438
GO_BP	23439
GO_BP	23440
GO_BP	23443
GO_BP	23446
GO_BP	23450
GO_BP	23451
GO_BP	23452
GO_BP	23456
GO_BP	23457
GO_BP	2346
GO_BP	23460
GO_BP	23461
GO_BP	23462
GO_BP	23463
GO_BP	23464
GO_BP	23466
GO_BP	23468
GO_BP	23469
GO_BP	23471
GO_BP	23473
GO_BP	23474
GO_BP	23475
GO_BP	23476
GO_BP	23478
GO_BP	23479
GO_BP	2348
GO_BP	23480
GO_BP	23481
GO_BP	23483
GO_BP	23484
GO_BP	23491
GO_BP	23492
GO_BP	23493
GO_BP	23495
GO_BP	23498
GO_BP	23499
GO_BP	2350
GO_BP	23500
GO_BP	23503
GO_BP	23504
GO_BP	23505
GO_BP	23506
GO_BP	23507
GO_BP	23508
GO_BP	23509
GO_BP	23510
GO_BP	23511
GO_BP	23512
GO_BP	23513
GO_BP	23514
GO_BP	23515
GO_BP	23516
GO_BP	23517
GO_BP	2352
GO_BP	23520
GO_BP	23522
GO_BP	23523
GO_BP	23524
GO_BP	23526
GO_BP	23527
GO_BP	23528
GO_BP	23529
GO_BP	2353
GO_BP	23530
GO_BP	23531
GO_BP	23532
GO_BP	23533
GO_BP	23534
GO_BP	23536
GO_BP	23538
GO_BP	23539
GO_BP	2354
GO_BP	23541
GO_BP	23542
GO_BP	23543
GO_BP	23544
GO_BP	23545
GO_BP	23547
GO_BP	23549
GO_BP	2355
GO_BP	23550
GO_BP	23551
GO_BP	23552
GO_BP	23553
GO_BP	23554
GO_BP	23555
GO_BP	23556
GO_BP	23557
GO_BP	23558
GO_BP	2356
GO_BP	23560
GO_BP	23562
GO_BP	23564
GO_BP	23566
GO_BP	23568
GO_BP	23569
GO_BP	2357
GO_BP	23576
GO_BP	2358
GO_BP	23580
GO_BP	23581
GO_BP	23583
GO_BP	23584
GO_BP	23585
GO_BP	23586
GO_BP	23587
GO_BP	23588
GO_BP	23589
GO_BP	2359
GO_BP	23590
GO_BP	23591
GO_BP	23592
GO_BP	23595
GO_BP	23596
GO_BP	23597
GO_BP	23598
GO_BP	23600
GO_BP	23601
GO_BP	23603
GO_BP	23604
GO_BP	23607
GO_BP	23608
GO_BP	23609
GO_BP	23612
GO_BP	23613
GO_BP	23616
GO_BP	23617
GO_BP	23619
GO_BP	23620
GO_BP	23621
GO_BP	23623
GO_BP	23624
GO_BP	23625
GO_BP	23626
GO_BP	23627
GO_BP	23630
GO_BP	23633
GO_BP	23635
GO_BP	23636
GO_BP	23639
GO_BP	23640
GO_BP	23641
GO_BP	23642
GO_BP	23643
GO_BP	23644
GO_BP	23645
GO_BP	23646
GO_BP	23647
GO_BP	23648
GO_BP	23649
GO_BP	23650
GO_BP	23654
GO_BP	23657
GO_BP	23658
GO_BP	23659
GO_BP	23660
GO_BP	23670
GO_BP	23671
GO_BP	23673
GO_BP	23676
GO_BP	23677
GO_BP	23682
GO_BP	23683
GO_BP	23704
GO_BP	23705
GO_BP	23708
GO_BP	23710
GO_BP	23729
GO_BP	23732
GO_BP	23741
GO_BP	23742
GO_BP	23743
GO_BP	23746
GO_BP	23753
GO_BP	23759
GO_BP	23760
GO_BP	23761
GO_BP	23762
GO_BP	23764
GO_BP	23765
GO_BP	23766
GO_BP	23767
GO_BP	23768
GO_BP	23769
GO_BP	23770
GO_BP	23779
GO_BP	23780
GO_BP	23786
GO_BP	23787
GO_BP	23788
GO_BP	238
GO_BP	239
GO_BP	2395
GO_BP	24
GO_BP	240
GO_BP	241
GO_BP	24137
GO_BP	24138
GO_BP	24139
GO_BP	24140
GO_BP	24141
GO_BP	24142
GO_BP	24144
GO_BP	24145
GO_BP	24146
GO_BP	24147
GO_BP	24148
GO_BP	24149
GO_BP	242
GO_BP	2444
GO_BP	245711
GO_BP	245802
GO_BP	245806
GO_BP	245812
GO_BP	245911
GO_BP	245928
GO_BP	245932
GO_BP	245934
GO_BP	245936
GO_BP	245937
GO_BP	245938
GO_BP	245972
GO_BP	245973
GO_BP	246
GO_BP	246175
GO_BP	246176
GO_BP	246184
GO_BP	246213
GO_BP	246243
GO_BP	246269
GO_BP	246329
GO_BP	246330
GO_BP	246721
GO_BP	246744
GO_BP	246777
GO_BP	246778
GO_BP	247
GO_BP	2475
GO_BP	248
GO_BP	2483
GO_BP	2487
GO_BP	2488
GO_BP	249
GO_BP	2491
GO_BP	2492
GO_BP	2494
GO_BP	2495
GO_BP	25
GO_BP	2515
GO_BP	2516
GO_BP	2517
GO_BP	2519
GO_BP	2520
GO_BP	2521
GO_BP	2523
GO_BP	2524
GO_BP	2525
GO_BP	2526
GO_BP	2527
GO_BP	2528
GO_BP	252839
GO_BP	252884
GO_BP	2529
GO_BP	252969
GO_BP	252983
GO_BP	252995
GO_BP	2530
GO_BP	253012
GO_BP	253017
GO_BP	2531
GO_BP	2532
GO_BP	253260
GO_BP	2533
GO_BP	2534
GO_BP	253430
GO_BP	253461
GO_BP	2535
GO_BP	253512
GO_BP	253558
GO_BP	253559
GO_BP	253639
GO_BP	2537
GO_BP	253738
GO_BP	253782
GO_BP	2538
GO_BP	253827
GO_BP	253832
GO_BP	2539
GO_BP	253943
GO_BP	253959
GO_BP	253970
GO_BP	253980
GO_BP	254013
GO_BP	254042
GO_BP	254048
GO_BP	254065
GO_BP	254122
GO_BP	254170
GO_BP	254187
GO_BP	2542
GO_BP	254225
GO_BP	254228
GO_BP	254240
GO_BP	254251
GO_BP	254263
GO_BP	2543
GO_BP	254359
GO_BP	254394
GO_BP	254428
GO_BP	254528
GO_BP	254531
GO_BP	2547
GO_BP	254773
GO_BP	254778
GO_BP	2548
GO_BP	254827
GO_BP	254887
GO_BP	2549
GO_BP	254958
GO_BP	2550
GO_BP	255022
GO_BP	255027
GO_BP	255043
GO_BP	255057
GO_BP	255061
GO_BP	2551
GO_BP	255101
GO_BP	255189
GO_BP	255220
GO_BP	255231
GO_BP	255374
GO_BP	255394
GO_BP	2554
GO_BP	255403
GO_BP	255411
GO_BP	255426
GO_BP	255488
GO_BP	2555
GO_BP	255520
GO_BP	2556
GO_BP	255626
GO_BP	2557
GO_BP	255738
GO_BP	255743
GO_BP	255758
GO_BP	2558
GO_BP	255877
GO_BP	2559
GO_BP	255919
GO_BP	255926
GO_BP	255967
GO_BP	2560
GO_BP	256006
GO_BP	256051
GO_BP	256076
GO_BP	2561
GO_BP	256126
GO_BP	256130
GO_BP	256158
GO_BP	2562
GO_BP	256281
GO_BP	2563
GO_BP	256356
GO_BP	256364
GO_BP	256380
GO_BP	2564
GO_BP	256435
GO_BP	256471
GO_BP	2565
GO_BP	2566
GO_BP	256643
GO_BP	2567
GO_BP	256710
GO_BP	256714
GO_BP	256764
GO_BP	2568
GO_BP	2569
GO_BP	256933
GO_BP	256949
GO_BP	256957
GO_BP	256987
GO_BP	257
GO_BP	2570
GO_BP	257019
GO_BP	257044
GO_BP	257062
GO_BP	257068
GO_BP	2571
GO_BP	257101
GO_BP	257106
GO_BP	257144
GO_BP	257177
GO_BP	257194
GO_BP	2572
GO_BP	257203
GO_BP	257218
GO_BP	257236
GO_BP	257313
GO_BP	257364
GO_BP	257397
GO_BP	25759
GO_BP	257629
GO_BP	25763
GO_BP	25764
GO_BP	25766
GO_BP	25769
GO_BP	25776
GO_BP	25777
GO_BP	25778
GO_BP	25780
GO_BP	25782
GO_BP	25788
GO_BP	25789
GO_BP	25790
GO_BP	25791
GO_BP	25792
GO_BP	25793
GO_BP	25794
GO_BP	25796
GO_BP	25797
GO_BP	25799
GO_BP	258
GO_BP	2580
GO_BP	25800
GO_BP	25801
GO_BP	258010
GO_BP	25802
GO_BP	25804
GO_BP	25805
GO_BP	25806
GO_BP	25807
GO_BP	25809
GO_BP	2581
GO_BP	25813
GO_BP	25814
GO_BP	25816
GO_BP	25817
GO_BP	25818
GO_BP	25819
GO_BP	2582
GO_BP	25820
GO_BP	25821
GO_BP	25822
GO_BP	25823
GO_BP	25824
GO_BP	25825
GO_BP	25827
GO_BP	25828
GO_BP	25829
GO_BP	2583
GO_BP	25830
GO_BP	25831
GO_BP	25833
GO_BP	25834
GO_BP	25836
GO_BP	25837
GO_BP	25839
GO_BP	2584
GO_BP	25840
GO_BP	25841
GO_BP	25842
GO_BP	25843
GO_BP	25844
GO_BP	25847
GO_BP	2585
GO_BP	25850
GO_BP	25851
GO_BP	25852
GO_BP	25853
GO_BP	25855
GO_BP	25861
GO_BP	25862
GO_BP	25865
GO_BP	2587
GO_BP	25871
GO_BP	25873
GO_BP	25874
GO_BP	25875
GO_BP	25876
GO_BP	25878
GO_BP	25879
GO_BP	25880
GO_BP	25884
GO_BP	25885
GO_BP	25886
GO_BP	25888
GO_BP	2589
GO_BP	25890
GO_BP	25893
GO_BP	25894
GO_BP	25895
GO_BP	25896
GO_BP	25897
GO_BP	25898
GO_BP	259
GO_BP	2590
GO_BP	25900
GO_BP	25902
GO_BP	25903
GO_BP	25904
GO_BP	25906
GO_BP	25909
GO_BP	2591
GO_BP	25911
GO_BP	25912
GO_BP	25913
GO_BP	25914
GO_BP	25915
GO_BP	25917
GO_BP	259173
GO_BP	259197
GO_BP	2592
GO_BP	25920
GO_BP	25921
GO_BP	259217
GO_BP	25923
GO_BP	259230
GO_BP	259232
GO_BP	259234
GO_BP	259236
GO_BP	259239
GO_BP	25924
GO_BP	259240
GO_BP	259249
GO_BP	25925
GO_BP	25926
GO_BP	259266
GO_BP	25927
GO_BP	25928
GO_BP	259282
GO_BP	259285
GO_BP	259286
GO_BP	259287
GO_BP	25929
GO_BP	259291
GO_BP	259294
GO_BP	259296
GO_BP	2593
GO_BP	25930
GO_BP	259307
GO_BP	25932
GO_BP	25934
GO_BP	25936
GO_BP	25937
GO_BP	25938
GO_BP	25939
GO_BP	25940
GO_BP	25941
GO_BP	25942
GO_BP	25945
GO_BP	25946
GO_BP	25948
GO_BP	25949
GO_BP	2595
GO_BP	25950
GO_BP	25953
GO_BP	25956
GO_BP	25959
GO_BP	2596
GO_BP	25960
GO_BP	25961
GO_BP	25962
GO_BP	25963
GO_BP	25970
GO_BP	25972
GO_BP	25973
GO_BP	25974
GO_BP	25975
GO_BP	25976
GO_BP	25977
GO_BP	25978
GO_BP	25979
GO_BP	25980
GO_BP	25981
GO_BP	25983
GO_BP	25984
GO_BP	25987
GO_BP	25988
GO_BP	25989
GO_BP	25992
GO_BP	25994
GO_BP	25996
GO_BP	25998
GO_BP	25999
GO_BP	26
GO_BP	26000
GO_BP	26001
GO_BP	26002
GO_BP	26003
GO_BP	26005
GO_BP	26007
GO_BP	26009
GO_BP	26011
GO_BP	26012
GO_BP	26013
GO_BP	26015
GO_BP	26017
GO_BP	26018
GO_BP	26019
GO_BP	26020
GO_BP	26022
GO_BP	26027
GO_BP	260293
GO_BP	26030
GO_BP	26031
GO_BP	26032
GO_BP	26033
GO_BP	26034
GO_BP	26035
GO_BP	26036
GO_BP	26037
GO_BP	26038
GO_BP	26039
GO_BP	26040
GO_BP	260425
GO_BP	260429
GO_BP	26043
GO_BP	260434
GO_BP	26045
GO_BP	26046
GO_BP	26047
GO_BP	26048
GO_BP	26050
GO_BP	26051
GO_BP	26052
GO_BP	26053
GO_BP	26054
GO_BP	26056
GO_BP	26057
GO_BP	26058
GO_BP	26059
GO_BP	26060
GO_BP	26061
GO_BP	26063
GO_BP	26064
GO_BP	26065
GO_BP	26073
GO_BP	26074
GO_BP	26084
GO_BP	26085
GO_BP	26086
GO_BP	26088
GO_BP	26090
GO_BP	26091
GO_BP	26092
GO_BP	26094
GO_BP	26095
GO_BP	26097
GO_BP	26098
GO_BP	26100
GO_BP	26103
GO_BP	26108
GO_BP	26112
GO_BP	26115
GO_BP	26118
GO_BP	26119
GO_BP	26121
GO_BP	26122
GO_BP	26123
GO_BP	26127
GO_BP	26128
GO_BP	26130
GO_BP	26133
GO_BP	26135
GO_BP	26136
GO_BP	26137
GO_BP	26140
GO_BP	26145
GO_BP	26146
GO_BP	26147
GO_BP	26149
GO_BP	2615
GO_BP	26150
GO_BP	26152
GO_BP	26153
GO_BP	26154
GO_BP	26155
GO_BP	26156
GO_BP	26160
GO_BP	26164
GO_BP	26166
GO_BP	26167
GO_BP	26168
GO_BP	2617
GO_BP	261726
GO_BP	261729
GO_BP	26173
GO_BP	261734
GO_BP	26175
GO_BP	2618
GO_BP	26184
GO_BP	26188
GO_BP	26189
GO_BP	2619
GO_BP	26190
GO_BP	26191
GO_BP	262
GO_BP	2620
GO_BP	26205
GO_BP	26206
GO_BP	26207
GO_BP	2621
GO_BP	26211
GO_BP	26212
GO_BP	26219
GO_BP	2622
GO_BP	26223
GO_BP	26224
GO_BP	26225
GO_BP	26227
GO_BP	26228
GO_BP	26229
GO_BP	2623
GO_BP	26230
GO_BP	26232
GO_BP	26233
GO_BP	26234
GO_BP	26235
GO_BP	26239
GO_BP	2624
GO_BP	26240
GO_BP	26245
GO_BP	26246
GO_BP	26248
GO_BP	26249
GO_BP	2625
GO_BP	26253
GO_BP	26254
GO_BP	26255
GO_BP	26256
GO_BP	26257
GO_BP	26258
GO_BP	26259
GO_BP	2626
GO_BP	26260
GO_BP	26261
GO_BP	26262
GO_BP	26263
GO_BP	26266
GO_BP	26267
GO_BP	26268
GO_BP	26269
GO_BP	2627
GO_BP	26270
GO_BP	26271
GO_BP	26272
GO_BP	26273
GO_BP	26275
GO_BP	26276
GO_BP	26277
GO_BP	26278
GO_BP	26279
GO_BP	2628
GO_BP	26280
GO_BP	26281
GO_BP	26284
GO_BP	26285
GO_BP	26286
GO_BP	26287
GO_BP	26289
GO_BP	26291
GO_BP	26297
GO_BP	26298
GO_BP	26301
GO_BP	2631
GO_BP	2632
GO_BP	2633
GO_BP	26330
GO_BP	26333
GO_BP	26338
GO_BP	26339
GO_BP	2634
GO_BP	26341
GO_BP	2635
GO_BP	26353
GO_BP	26354
GO_BP	26355
GO_BP	2636
GO_BP	2637
GO_BP	2638
GO_BP	2639
GO_BP	2641
GO_BP	2642
GO_BP	2643
GO_BP	2644
GO_BP	2645
GO_BP	2646
GO_BP	26468
GO_BP	26469
GO_BP	2647
GO_BP	26470
GO_BP	26471
GO_BP	26476
GO_BP	2648
GO_BP	2649
GO_BP	26492
GO_BP	26493
GO_BP	26494
GO_BP	26495
GO_BP	26496
GO_BP	26497
GO_BP	26499
GO_BP	2650
GO_BP	26503
GO_BP	26504
GO_BP	26505
GO_BP	26507
GO_BP	26508
GO_BP	26509
GO_BP	2651
GO_BP	26512
GO_BP	26515
GO_BP	26517
GO_BP	26519
GO_BP	26520
GO_BP	26521
GO_BP	26523
GO_BP	26524
GO_BP	26525
GO_BP	26528
GO_BP	26529
GO_BP	2653
GO_BP	26531
GO_BP	26532
GO_BP	26538
GO_BP	26539
GO_BP	26548
GO_BP	26574
GO_BP	26575
GO_BP	26576
GO_BP	26577
GO_BP	26578
GO_BP	2658
GO_BP	26584
GO_BP	26585
GO_BP	26586
GO_BP	26589
GO_BP	2660
GO_BP	26608
GO_BP	2661
GO_BP	26610
GO_BP	2662
GO_BP	2664
GO_BP	26648
GO_BP	2665
GO_BP	26658
GO_BP	26659
GO_BP	26664
GO_BP	266675
GO_BP	266722
GO_BP	266727
GO_BP	266743
GO_BP	266747
GO_BP	2668
GO_BP	266812
GO_BP	26689
GO_BP	2669
GO_BP	26692
GO_BP	266977
GO_BP	267
GO_BP	2670
GO_BP	267012
GO_BP	26707
GO_BP	2671
GO_BP	26716
GO_BP	2672
GO_BP	2673
GO_BP	2674
GO_BP	26740
GO_BP	26747
GO_BP	2675
GO_BP	26750
GO_BP	26751
GO_BP	2676
GO_BP	26762
GO_BP	2677
GO_BP	26775
GO_BP	26777
GO_BP	2678
GO_BP	26780
GO_BP	26783
GO_BP	268
GO_BP	2681
GO_BP	26821
GO_BP	2683
GO_BP	2686
GO_BP	2687
GO_BP	26873
GO_BP	2689
GO_BP	269
GO_BP	2690
GO_BP	2691
GO_BP	2692
GO_BP	2693
GO_BP	2694
GO_BP	2695
GO_BP	26952
GO_BP	26953
GO_BP	26958
GO_BP	26959
GO_BP	2696
GO_BP	26960
GO_BP	2697
GO_BP	26973
GO_BP	26974
GO_BP	26984
GO_BP	26985
GO_BP	26986
GO_BP	26993
GO_BP	26994
GO_BP	26995
GO_BP	26996
GO_BP	26998
GO_BP	26999
GO_BP	27
GO_BP	270
GO_BP	2700
GO_BP	27000
GO_BP	27005
GO_BP	27006
GO_BP	2701
GO_BP	27010
GO_BP	27012
GO_BP	27018
GO_BP	27019
GO_BP	2702
GO_BP	27020
GO_BP	27022
GO_BP	27023
GO_BP	2703
GO_BP	27030
GO_BP	27031
GO_BP	27032
GO_BP	27033
GO_BP	27034
GO_BP	27035
GO_BP	27036
GO_BP	27037
GO_BP	27039
GO_BP	27040
GO_BP	27042
GO_BP	27043
GO_BP	27044
GO_BP	2705
GO_BP	2706
GO_BP	27063
GO_BP	27065
GO_BP	27067
GO_BP	27068
GO_BP	27069
GO_BP	2707
GO_BP	27071
GO_BP	27072
GO_BP	27074
GO_BP	27075
GO_BP	27076
GO_BP	27077
GO_BP	27079
GO_BP	27085
GO_BP	27086
GO_BP	27087
GO_BP	27089
GO_BP	2709
GO_BP	27090
GO_BP	27091
GO_BP	27092
GO_BP	27094
GO_BP	27095
GO_BP	27097
GO_BP	271
GO_BP	2710
GO_BP	27101
GO_BP	27102
GO_BP	27106
GO_BP	27107
GO_BP	27109
GO_BP	27112
GO_BP	27113
GO_BP	27115
GO_BP	2712
GO_BP	27120
GO_BP	27121
GO_BP	27122
GO_BP	27123
GO_BP	27124
GO_BP	27125
GO_BP	27127
GO_BP	27128
GO_BP	27129
GO_BP	27130
GO_BP	27131
GO_BP	27132
GO_BP	27133
GO_BP	27134
GO_BP	27136
GO_BP	27141
GO_BP	27145
GO_BP	27147
GO_BP	27148
GO_BP	27151
GO_BP	27152
GO_BP	27153
GO_BP	27154
GO_BP	27158
GO_BP	27159
GO_BP	27161
GO_BP	27163
GO_BP	27164
GO_BP	27165
GO_BP	27166
GO_BP	2717
GO_BP	27173
GO_BP	27175
GO_BP	27177
GO_BP	27178
GO_BP	27179
GO_BP	27180
GO_BP	27181
GO_BP	27183
GO_BP	27185
GO_BP	27189
GO_BP	2719
GO_BP	27190
GO_BP	27197
GO_BP	27198
GO_BP	27199
GO_BP	272
GO_BP	2720
GO_BP	27201
GO_BP	27202
GO_BP	27229
GO_BP	27230
GO_BP	27231
GO_BP	27232
GO_BP	27233
GO_BP	27235
GO_BP	27236
GO_BP	27237
GO_BP	27238
GO_BP	27239
GO_BP	27240
GO_BP	27241
GO_BP	27242
GO_BP	27243
GO_BP	27244
GO_BP	27245
GO_BP	27246
GO_BP	27247
GO_BP	27248
GO_BP	27249
GO_BP	27250
GO_BP	27252
GO_BP	27253
GO_BP	27254
GO_BP	27255
GO_BP	27257
GO_BP	27258
GO_BP	27283
GO_BP	27284
GO_BP	27285
GO_BP	27286
GO_BP	27287
GO_BP	27288
GO_BP	27289
GO_BP	2729
GO_BP	27290
GO_BP	27292
GO_BP	27293
GO_BP	27294
GO_BP	27295
GO_BP	27296
GO_BP	27297
GO_BP	27299
GO_BP	273
GO_BP	2730
GO_BP	27300
GO_BP	27301
GO_BP	27302
GO_BP	27303
GO_BP	27304
GO_BP	27306
GO_BP	2731
GO_BP	27314
GO_BP	27315
GO_BP	27316
GO_BP	27319
GO_BP	27324
GO_BP	27327
GO_BP	27328
GO_BP	27329
GO_BP	2733
GO_BP	27330
GO_BP	27332
GO_BP	27334
GO_BP	27335
GO_BP	27336
GO_BP	27338
GO_BP	27339
GO_BP	2734
GO_BP	27340
GO_BP	27341
GO_BP	27342
GO_BP	27343
GO_BP	27344
GO_BP	27345
GO_BP	27346
GO_BP	27347
GO_BP	27348
GO_BP	27349
GO_BP	2735
GO_BP	27351
GO_BP	27352
GO_BP	2736
GO_BP	2737
GO_BP	2739
GO_BP	274
GO_BP	2740
GO_BP	2741
GO_BP	2742
GO_BP	27429
GO_BP	2743
GO_BP	27430
GO_BP	27433
GO_BP	27434
GO_BP	27436
GO_BP	2744
GO_BP	27440
GO_BP	27443
GO_BP	27445
GO_BP	2745
GO_BP	2746
GO_BP	2747
GO_BP	275
GO_BP	2752
GO_BP	2760
GO_BP	2762
GO_BP	2764
GO_BP	2765
GO_BP	2766
GO_BP	2767
GO_BP	2768
GO_BP	2769
GO_BP	2770
GO_BP	2771
GO_BP	2773
GO_BP	2774
GO_BP	2775
GO_BP	2776
GO_BP	2778
GO_BP	2779
GO_BP	2780
GO_BP	2781
GO_BP	2782
GO_BP	2784
GO_BP	2785
GO_BP	2786
GO_BP	2787
GO_BP	2788
GO_BP	2791
GO_BP	2792
GO_BP	2793
GO_BP	2794
GO_BP	2796
GO_BP	2798
GO_BP	2799
GO_BP	28
GO_BP	2800
GO_BP	2801
GO_BP	2803
GO_BP	2804
GO_BP	2805
GO_BP	2806
GO_BP	280664
GO_BP	2810
GO_BP	2811
GO_BP	2813
GO_BP	2814
GO_BP	2817
GO_BP	2819
GO_BP	2820
GO_BP	2821
GO_BP	2822
GO_BP	28227
GO_BP	2823
GO_BP	28231
GO_BP	28232
GO_BP	28234
GO_BP	2824
GO_BP	2826
GO_BP	282616
GO_BP	282618
GO_BP	282679
GO_BP	2827
GO_BP	282763
GO_BP	282775
GO_BP	2828
GO_BP	282808
GO_BP	282809
GO_BP	282890
GO_BP	2829
GO_BP	282969
GO_BP	282974
GO_BP	28299
GO_BP	282991
GO_BP	282996
GO_BP	283
GO_BP	2830
GO_BP	283078
GO_BP	2831
GO_BP	283129
GO_BP	283130
GO_BP	283131
GO_BP	283149
GO_BP	283150
GO_BP	283159
GO_BP	28316
GO_BP	283160
GO_BP	2832
GO_BP	283208
GO_BP	283209
GO_BP	283212
GO_BP	283219
GO_BP	283229
GO_BP	283232
GO_BP	283234
GO_BP	283238
GO_BP	283248
GO_BP	283297
GO_BP	283298
GO_BP	2833
GO_BP	283310
GO_BP	283337
GO_BP	283349
GO_BP	283375
GO_BP	283383
GO_BP	2834
GO_BP	283417
GO_BP	283431
GO_BP	283446
GO_BP	283450
GO_BP	283455
GO_BP	283459
GO_BP	283461
GO_BP	283464
GO_BP	283471
GO_BP	283489
GO_BP	2835
GO_BP	283514
GO_BP	283518
GO_BP	283537
GO_BP	283554
GO_BP	283571
GO_BP	283576
GO_BP	283596
GO_BP	283600
GO_BP	283629
GO_BP	283643
GO_BP	283659
GO_BP	283677
GO_BP	283742
GO_BP	283748
GO_BP	283755
GO_BP	28378
GO_BP	283796
GO_BP	2838
GO_BP	283807
GO_BP	283847
GO_BP	283849
GO_BP	283870
GO_BP	283871
GO_BP	283899
GO_BP	283927
GO_BP	283951
GO_BP	283987
GO_BP	283989
GO_BP	284
GO_BP	2840
GO_BP	284001
GO_BP	284004
GO_BP	284021
GO_BP	284023
GO_BP	284058
GO_BP	284067
GO_BP	284071
GO_BP	284076
GO_BP	284086
GO_BP	28409
GO_BP	284098
GO_BP	2841
GO_BP	28410
GO_BP	284106
GO_BP	284111
GO_BP	284114
GO_BP	284119
GO_BP	284129
GO_BP	284131
GO_BP	284161
GO_BP	284184
GO_BP	2842
GO_BP	284207
GO_BP	284217
GO_BP	284252
GO_BP	284257
GO_BP	284266
GO_BP	284273
GO_BP	284297
GO_BP	2843
GO_BP	284306
GO_BP	284307
GO_BP	284309
GO_BP	284312
GO_BP	284323
GO_BP	284325
GO_BP	284338
GO_BP	284339
GO_BP	284340
GO_BP	284346
GO_BP	284349
GO_BP	284358
GO_BP	284359
GO_BP	284361
GO_BP	284370
GO_BP	284390
GO_BP	284391
GO_BP	284403
GO_BP	284406
GO_BP	284415
GO_BP	284417
GO_BP	284422
GO_BP	284427
GO_BP	284439
GO_BP	284443
GO_BP	284454
GO_BP	284459
GO_BP	284486
GO_BP	2845
GO_BP	284521
GO_BP	284525
GO_BP	2846
GO_BP	28461
GO_BP	284612
GO_BP	284613
GO_BP	284654
GO_BP	284656
GO_BP	284680
GO_BP	284695
GO_BP	284697
GO_BP	2847
GO_BP	284716
GO_BP	284723
GO_BP	2849
GO_BP	284948
GO_BP	284958
GO_BP	284996
GO_BP	285
GO_BP	2850
GO_BP	285016
GO_BP	285025
GO_BP	285051
GO_BP	285093
GO_BP	28511
GO_BP	28512
GO_BP	28513
GO_BP	28514
GO_BP	285148
GO_BP	28516
GO_BP	285172
GO_BP	285175
GO_BP	285193
GO_BP	285195
GO_BP	2852
GO_BP	285203
GO_BP	285220
GO_BP	285231
GO_BP	285237
GO_BP	28526
GO_BP	285267
GO_BP	285268
GO_BP	285282
GO_BP	2853
GO_BP	285313
GO_BP	285315
GO_BP	285331
GO_BP	285346
GO_BP	285349
GO_BP	285362
GO_BP	285367
GO_BP	285381
GO_BP	285382
GO_BP	2854
GO_BP	285440
GO_BP	285489
GO_BP	285498
GO_BP	285513
GO_BP	285521
GO_BP	285527
GO_BP	285533
GO_BP	285590
GO_BP	28560
GO_BP	285601
GO_BP	285613
GO_BP	28562
GO_BP	28563
GO_BP	285636
GO_BP	285671
GO_BP	285672
GO_BP	2857
GO_BP	285704
GO_BP	28571
GO_BP	28584
GO_BP	285848
GO_BP	285852
GO_BP	2859
GO_BP	28590
GO_BP	285962
GO_BP	285966
GO_BP	285971
GO_BP	285973
GO_BP	285989
GO_BP	286
GO_BP	286046
GO_BP	286053
GO_BP	286077
GO_BP	286097
GO_BP	2861
GO_BP	286128
GO_BP	286133
GO_BP	286151
GO_BP	286183
GO_BP	2862
GO_BP	286205
GO_BP	286207
GO_BP	286234
GO_BP	286257
GO_BP	286262
GO_BP	2863
GO_BP	286343
GO_BP	2864
GO_BP	28641
GO_BP	286410
GO_BP	28642
GO_BP	286430
GO_BP	286451
GO_BP	286464
GO_BP	286467
GO_BP	28648
GO_BP	286514
GO_BP	28652
GO_BP	286527
GO_BP	286530
GO_BP	28656
GO_BP	28658
GO_BP	28659
GO_BP	28660
GO_BP	28661
GO_BP	28662
GO_BP	28663
GO_BP	28667
GO_BP	286676
GO_BP	2867
GO_BP	28670
GO_BP	28671
GO_BP	28672
GO_BP	28673
GO_BP	28674
GO_BP	286753
GO_BP	28676
GO_BP	28677
GO_BP	2868
GO_BP	28680
GO_BP	286826
GO_BP	286827
GO_BP	28685
GO_BP	28688
GO_BP	2869
GO_BP	287
GO_BP	2870
GO_BP	287015
GO_BP	2872
GO_BP	2873
GO_BP	2874
GO_BP	28755
GO_BP	2876
GO_BP	2877
GO_BP	28773
GO_BP	2878
GO_BP	28785
GO_BP	28786
GO_BP	2879
GO_BP	28793
GO_BP	288
GO_BP	2880
GO_BP	2882
GO_BP	2885
GO_BP	2886
GO_BP	2887
GO_BP	2888
GO_BP	2889
GO_BP	2890
GO_BP	28904
GO_BP	28908
GO_BP	2891
GO_BP	2892
GO_BP	2893
GO_BP	2894
GO_BP	2895
GO_BP	28951
GO_BP	28952
GO_BP	28954
GO_BP	28956
GO_BP	28957
GO_BP	28958
GO_BP	28959
GO_BP	2896
GO_BP	28960
GO_BP	28962
GO_BP	28964
GO_BP	28965
GO_BP	28966
GO_BP	28968
GO_BP	28969
GO_BP	2897
GO_BP	28970
GO_BP	28971
GO_BP	28972
GO_BP	28973
GO_BP	28976
GO_BP	28977
GO_BP	28978
GO_BP	2898
GO_BP	28981
GO_BP	28982
GO_BP	28983
GO_BP	28984
GO_BP	28985
GO_BP	28986
GO_BP	28987
GO_BP	28988
GO_BP	28989
GO_BP	2899
GO_BP	28990
GO_BP	28992
GO_BP	28996
GO_BP	28998
GO_BP	28999
GO_BP	29
GO_BP	290
GO_BP	2900
GO_BP	2901
GO_BP	29015
GO_BP	2902
GO_BP	29028
GO_BP	2903
GO_BP	29035
GO_BP	2904
GO_BP	2905
GO_BP	29058
GO_BP	2906
GO_BP	29062
GO_BP	29063
GO_BP	29066
GO_BP	2907
GO_BP	29070
GO_BP	29071
GO_BP	29072
GO_BP	29074
GO_BP	29078
GO_BP	29079
GO_BP	2908
GO_BP	29081
GO_BP	29082
GO_BP	29086
GO_BP	29088
GO_BP	29089
GO_BP	2909
GO_BP	29090
GO_BP	29091
GO_BP	29093
GO_BP	29095
GO_BP	29097
GO_BP	29098
GO_BP	29099
GO_BP	291
GO_BP	29100
GO_BP	29101
GO_BP	29102
GO_BP	29103
GO_BP	29104
GO_BP	29105
GO_BP	29106
GO_BP	29107
GO_BP	29108
GO_BP	29109
GO_BP	2911
GO_BP	29110
GO_BP	29113
GO_BP	29114
GO_BP	29115
GO_BP	29116
GO_BP	29117
GO_BP	29118
GO_BP	29119
GO_BP	2912
GO_BP	29121
GO_BP	29122
GO_BP	29123
GO_BP	29124
GO_BP	29126
GO_BP	29127
GO_BP	29128
GO_BP	2913
GO_BP	2914
GO_BP	2915
GO_BP	2916
GO_BP	2917
GO_BP	2918
GO_BP	2919
GO_BP	292
GO_BP	2920
GO_BP	2921
GO_BP	2922
GO_BP	2923
GO_BP	2925
GO_BP	2926
GO_BP	2928
GO_BP	293
GO_BP	2931
GO_BP	2932
GO_BP	2934
GO_BP	2935
GO_BP	2936
GO_BP	2937
GO_BP	2940
GO_BP	2941
GO_BP	2947
GO_BP	2948
GO_BP	2949
GO_BP	2950
GO_BP	2952
GO_BP	2954
GO_BP	2956
GO_BP	2957
GO_BP	2958
GO_BP	2959
GO_BP	2960
GO_BP	2961
GO_BP	2962
GO_BP	2963
GO_BP	2965
GO_BP	2967
GO_BP	2968
GO_BP	2969
GO_BP	2971
GO_BP	2972
GO_BP	2975
GO_BP	2976
GO_BP	29760
GO_BP	29761
GO_BP	29763
GO_BP	29766
GO_BP	29767
GO_BP	2977
GO_BP	29775
GO_BP	29777
GO_BP	2978
GO_BP	29780
GO_BP	29781
GO_BP	29785
GO_BP	29789
GO_BP	2979
GO_BP	29796
GO_BP	29800
GO_BP	29801
GO_BP	29802
GO_BP	29803
GO_BP	2981
GO_BP	2982
GO_BP	2983
GO_BP	2984
GO_BP	29841
GO_BP	29842
GO_BP	29843
GO_BP	29844
GO_BP	29850
GO_BP	29851
GO_BP	29855
GO_BP	2986
GO_BP	2987
GO_BP	29880
GO_BP	29881
GO_BP	29882
GO_BP	29883
GO_BP	29886
GO_BP	29887
GO_BP	29888
GO_BP	29889
GO_BP	29890
GO_BP	29893
GO_BP	29894
GO_BP	29895
GO_BP	29896
GO_BP	29899
GO_BP	2990
GO_BP	29901
GO_BP	29904
GO_BP	29906
GO_BP	29909
GO_BP	29911
GO_BP	29914
GO_BP	29915
GO_BP	29916
GO_BP	29919
GO_BP	2992
GO_BP	29920
GO_BP	29922
GO_BP	29923
GO_BP	29924
GO_BP	29925
GO_BP	29926
GO_BP	29927
GO_BP	29928
GO_BP	29929
GO_BP	2993
GO_BP	29930
GO_BP	29933
GO_BP	29934
GO_BP	29935
GO_BP	29937
GO_BP	29940
GO_BP	29941
GO_BP	29942
GO_BP	29944
GO_BP	29945
GO_BP	29946
GO_BP	29947
GO_BP	29948
GO_BP	29949
GO_BP	29950
GO_BP	29952
GO_BP	29953
GO_BP	29954
GO_BP	29956
GO_BP	29957
GO_BP	29958
GO_BP	29959
GO_BP	29960
GO_BP	29965
GO_BP	29966
GO_BP	29967
GO_BP	29968
GO_BP	29969
GO_BP	2997
GO_BP	29974
GO_BP	29978
GO_BP	29979
GO_BP	2998
GO_BP	29980
GO_BP	29982
GO_BP	29984
GO_BP	29985
GO_BP	29986
GO_BP	29988
GO_BP	2999
GO_BP	29992
GO_BP	29993
GO_BP	29994
GO_BP	29995
GO_BP	29997
GO_BP	29998
GO_BP	29999
GO_BP	30
GO_BP	3000
GO_BP	30000
GO_BP	30001
GO_BP	30008
GO_BP	30009
GO_BP	3001
GO_BP	30010
GO_BP	30011
GO_BP	30012
GO_BP	3002
GO_BP	3003
GO_BP	3004
GO_BP	3005
GO_BP	3006
GO_BP	30061
GO_BP	30062
GO_BP	3007
GO_BP	3008
GO_BP	3009
GO_BP	301
GO_BP	3010
GO_BP	3012
GO_BP	3014
GO_BP	3015
GO_BP	3018
GO_BP	302
GO_BP	3020
GO_BP	3021
GO_BP	3024
GO_BP	3026
GO_BP	3028
GO_BP	3029
GO_BP	3030
GO_BP	3032
GO_BP	3033
GO_BP	3034
GO_BP	3035
GO_BP	3036
GO_BP	3037
GO_BP	3038
GO_BP	3042
GO_BP	3043
GO_BP	3045
GO_BP	3046
GO_BP	3050
GO_BP	3052
GO_BP	3053
GO_BP	3054
GO_BP	3055
GO_BP	3059
GO_BP	306
GO_BP	3060
GO_BP	3061
GO_BP	3062
GO_BP	3064
GO_BP	3065
GO_BP	3066
GO_BP	3067
GO_BP	3069
GO_BP	307
GO_BP	3070
GO_BP	3071
GO_BP	3073
GO_BP	3074
GO_BP	3075
GO_BP	3077
GO_BP	308
GO_BP	3081
GO_BP	30811
GO_BP	30812
GO_BP	30813
GO_BP	30814
GO_BP	30815
GO_BP	30816
GO_BP	30817
GO_BP	30818
GO_BP	30819
GO_BP	3082
GO_BP	30820
GO_BP	30827
GO_BP	3083
GO_BP	30832
GO_BP	30833
GO_BP	30834
GO_BP	30835
GO_BP	30836
GO_BP	30837
GO_BP	3084
GO_BP	30844
GO_BP	30845
GO_BP	30846
GO_BP	30848
GO_BP	30849
GO_BP	30850
GO_BP	30851
GO_BP	3087
GO_BP	309
GO_BP	3090
GO_BP	3091
GO_BP	3092
GO_BP	3093
GO_BP	3094
GO_BP	3096
GO_BP	30968
GO_BP	3097
GO_BP	3098
GO_BP	3099
GO_BP	31
GO_BP	310
GO_BP	3101
GO_BP	3104
GO_BP	3108
GO_BP	3109
GO_BP	311
GO_BP	3110
GO_BP	3111
GO_BP	3112
GO_BP	3113
GO_BP	3115
GO_BP	3117
GO_BP	3119
GO_BP	312
GO_BP	3120
GO_BP	3122
GO_BP	3126
GO_BP	313
GO_BP	3131
GO_BP	3133
GO_BP	3134
GO_BP	314
GO_BP	3140
GO_BP	3141
GO_BP	3142
GO_BP	3145
GO_BP	3146
GO_BP	3148
GO_BP	3149
GO_BP	3150
GO_BP	3155
GO_BP	3156
GO_BP	3157
GO_BP	3158
GO_BP	3159
GO_BP	316
GO_BP	3161
GO_BP	3162
GO_BP	3163
GO_BP	3164
GO_BP	3166
GO_BP	3167
GO_BP	3169
GO_BP	317
GO_BP	3170
GO_BP	3171
GO_BP	3172
GO_BP	3174
GO_BP	3175
GO_BP	3176
GO_BP	317649
GO_BP	317662
GO_BP	3177
GO_BP	317701
GO_BP	317702
GO_BP	317703
GO_BP	317705
GO_BP	317719
GO_BP	317761
GO_BP	317762
GO_BP	317781
GO_BP	3178
GO_BP	318
GO_BP	3181
GO_BP	3182
GO_BP	3183
GO_BP	3184
GO_BP	3185
GO_BP	3187
GO_BP	3189
GO_BP	319
GO_BP	3190
GO_BP	3191
GO_BP	319101
GO_BP	319103
GO_BP	3192
GO_BP	3195
GO_BP	3196
GO_BP	3198
GO_BP	3199
GO_BP	32
GO_BP	320
GO_BP	3200
GO_BP	3201
GO_BP	3202
GO_BP	3203
GO_BP	3204
GO_BP	3206
GO_BP	3207
GO_BP	3208
GO_BP	3209
GO_BP	321
GO_BP	3211
GO_BP	3212
GO_BP	3213
GO_BP	3214
GO_BP	3215
GO_BP	3216
GO_BP	3217
GO_BP	3218
GO_BP	3219
GO_BP	322
GO_BP	3221
GO_BP	3222
GO_BP	3223
GO_BP	3224
GO_BP	3225
GO_BP	3226
GO_BP	3227
GO_BP	3228
GO_BP	3229
GO_BP	323
GO_BP	3231
GO_BP	3233
GO_BP	3234
GO_BP	3235
GO_BP	3236
GO_BP	3237
GO_BP	3238
GO_BP	3239
GO_BP	324
GO_BP	3240
GO_BP	3241
GO_BP	3242
GO_BP	3248
GO_BP	3249
GO_BP	325
GO_BP	3250
GO_BP	3251
GO_BP	3257
GO_BP	326
GO_BP	3263
GO_BP	326340
GO_BP	3265
GO_BP	326624
GO_BP	326625
GO_BP	3267
GO_BP	3268
GO_BP	3269
GO_BP	327
GO_BP	3270
GO_BP	3273
GO_BP	3274
GO_BP	3275
GO_BP	3276
GO_BP	328
GO_BP	3280
GO_BP	3281
GO_BP	3283
GO_BP	3284
GO_BP	329
GO_BP	3290
GO_BP	3291
GO_BP	3292
GO_BP	3293
GO_BP	3294
GO_BP	3295
GO_BP	3297
GO_BP	3298
GO_BP	3299
GO_BP	33
GO_BP	330
GO_BP	3300
GO_BP	3301
GO_BP	3304
GO_BP	3305
GO_BP	3306
GO_BP	3308
GO_BP	3309
GO_BP	331
GO_BP	3310
GO_BP	3312
GO_BP	3313
GO_BP	3315
GO_BP	3316
GO_BP	332
GO_BP	3320
GO_BP	3321
GO_BP	3326
GO_BP	3329
GO_BP	333
GO_BP	3336
GO_BP	3337
GO_BP	3338
GO_BP	3339
GO_BP	333929
GO_BP	334
GO_BP	3340
GO_BP	3344
GO_BP	3347
GO_BP	3350
GO_BP	3351
GO_BP	3352
GO_BP	3354
GO_BP	3355
GO_BP	3356
GO_BP	3357
GO_BP	3358
GO_BP	3359
GO_BP	336
GO_BP	3360
GO_BP	3361
GO_BP	3362
GO_BP	3363
GO_BP	3364
GO_BP	337
GO_BP	3371
GO_BP	3373
GO_BP	3375
GO_BP	3376
GO_BP	337867
GO_BP	337876
GO_BP	338
GO_BP	338094
GO_BP	3381
GO_BP	3382
GO_BP	3383
GO_BP	338321
GO_BP	338322
GO_BP	338323
GO_BP	338324
GO_BP	338328
GO_BP	338339
GO_BP	338376
GO_BP	338382
GO_BP	3384
GO_BP	338440
GO_BP	3385
GO_BP	338557
GO_BP	3386
GO_BP	338657
GO_BP	338667
GO_BP	338692
GO_BP	338773
GO_BP	338785
GO_BP	338811
GO_BP	338872
GO_BP	339
GO_BP	339105
GO_BP	339122
GO_BP	339123
GO_BP	339168
GO_BP	339221
GO_BP	339287
GO_BP	339318
GO_BP	339324
GO_BP	339327
GO_BP	339344
GO_BP	339345
GO_BP	339366
GO_BP	339390
GO_BP	3394
GO_BP	339416
GO_BP	339451
GO_BP	339479
GO_BP	339487
GO_BP	339488
GO_BP	339500
GO_BP	339559
GO_BP	3396
GO_BP	339665
GO_BP	3397
GO_BP	339745
GO_BP	339761
GO_BP	339768
GO_BP	339778
GO_BP	3398
GO_BP	339834
GO_BP	339855
GO_BP	339896
GO_BP	3399
GO_BP	339965
GO_BP	339976
GO_BP	339983
GO_BP	34
GO_BP	3400
GO_BP	340024
GO_BP	340061
GO_BP	340069
GO_BP	340146
GO_BP	340152
GO_BP	340156
GO_BP	340168
GO_BP	340205
GO_BP	340267
GO_BP	340273
GO_BP	340348
GO_BP	340351
GO_BP	340371
GO_BP	340385
GO_BP	340419
GO_BP	340481
GO_BP	340485
GO_BP	340527
GO_BP	340533
GO_BP	340542
GO_BP	340547
GO_BP	340602
GO_BP	340719
GO_BP	340895
GO_BP	341019
GO_BP	341032
GO_BP	341405
GO_BP	341567
GO_BP	3416
GO_BP	341640
GO_BP	3417
GO_BP	3418
GO_BP	3419
GO_BP	341947
GO_BP	3420
GO_BP	342035
GO_BP	3421
GO_BP	342184
GO_BP	3422
GO_BP	3423
GO_BP	342357
GO_BP	342371
GO_BP	3425
GO_BP	342538
GO_BP	342574
GO_BP	3426
GO_BP	342667
GO_BP	3428
GO_BP	342892
GO_BP	342898
GO_BP	3429
GO_BP	342908
GO_BP	342909
GO_BP	342926
GO_BP	342945
GO_BP	342977
GO_BP	342979
GO_BP	343
GO_BP	3430
GO_BP	343035
GO_BP	343071
GO_BP	3431
GO_BP	3433
GO_BP	3434
GO_BP	343450
GO_BP	343637
GO_BP	3437
GO_BP	3439
GO_BP	344
GO_BP	3440
GO_BP	344018
GO_BP	344148
GO_BP	3442
GO_BP	3443
GO_BP	344405
GO_BP	3445
GO_BP	344558
GO_BP	344758
GO_BP	344905
GO_BP	345
GO_BP	3454
GO_BP	345462
GO_BP	3455
GO_BP	345557
GO_BP	3456
GO_BP	345611
GO_BP	345630
GO_BP	345778
GO_BP	3458
GO_BP	345895
GO_BP	3459
GO_BP	3460
GO_BP	346157
GO_BP	346171
GO_BP	346389
GO_BP	346562
GO_BP	346606
GO_BP	346653
GO_BP	3467
GO_BP	347
GO_BP	347088
GO_BP	347240
GO_BP	347252
GO_BP	347273
GO_BP	347344
GO_BP	347365
GO_BP	347404
GO_BP	3475
GO_BP	3476
GO_BP	347730
GO_BP	347732
GO_BP	347734
GO_BP	347735
GO_BP	347736
GO_BP	347853
GO_BP	347862
GO_BP	3479
GO_BP	347902
GO_BP	348
GO_BP	3480
GO_BP	348093
GO_BP	348094
GO_BP	348110
GO_BP	348158
GO_BP	348180
GO_BP	3482
GO_BP	348235
GO_BP	348262
GO_BP	3483
GO_BP	348327
GO_BP	3484
GO_BP	3485
GO_BP	3486
GO_BP	348654
GO_BP	3487
GO_BP	3488
GO_BP	348807
GO_BP	348825
GO_BP	3489
GO_BP	348932
GO_BP	348938
GO_BP	348980
GO_BP	348995
GO_BP	3490
GO_BP	349075
GO_BP	3491
GO_BP	349152
GO_BP	3495
GO_BP	349565
GO_BP	349667
GO_BP	3497
GO_BP	35
GO_BP	350
GO_BP	3500
GO_BP	3507
GO_BP	351
GO_BP	3512
GO_BP	3514
GO_BP	3516
GO_BP	352909
GO_BP	352954
GO_BP	353
GO_BP	353116
GO_BP	353132
GO_BP	353135
GO_BP	353174
GO_BP	353189
GO_BP	353219
GO_BP	353274
GO_BP	353345
GO_BP	353355
GO_BP	353497
GO_BP	353500
GO_BP	353514
GO_BP	3537
GO_BP	354
GO_BP	3543
GO_BP	3547
GO_BP	3549
GO_BP	355
GO_BP	3550
GO_BP	3551
GO_BP	3552
GO_BP	3553
GO_BP	3554
GO_BP	3556
GO_BP	3557
GO_BP	3558
GO_BP	3559
GO_BP	356
GO_BP	3560
GO_BP	3561
GO_BP	3562
GO_BP	3563
GO_BP	3565
GO_BP	3566
GO_BP	3567
GO_BP	3568
GO_BP	3569
GO_BP	357
GO_BP	3570
GO_BP	3572
GO_BP	3574
GO_BP	3575
GO_BP	3576
GO_BP	3577
GO_BP	3578
GO_BP	3579
GO_BP	358
GO_BP	3581
GO_BP	3586
GO_BP	3587
GO_BP	3588
GO_BP	3589
GO_BP	359
GO_BP	3590
GO_BP	3592
GO_BP	3593
GO_BP	3594
GO_BP	3595
GO_BP	3596
GO_BP	3597
GO_BP	359787
GO_BP	3598
GO_BP	359845
GO_BP	359948
GO_BP	36
GO_BP	360
GO_BP	3600
GO_BP	360023
GO_BP	3601
GO_BP	3603
GO_BP	3604
GO_BP	3605
GO_BP	3606
GO_BP	3607
GO_BP	3608
GO_BP	3609
GO_BP	361
GO_BP	3611
GO_BP	3612
GO_BP	3613
GO_BP	3614
GO_BP	3615
GO_BP	3617
GO_BP	3619
GO_BP	362
GO_BP	3620
GO_BP	3621
GO_BP	3622
GO_BP	3623
GO_BP	3624
GO_BP	3625
GO_BP	3626
GO_BP	3627
GO_BP	3628
GO_BP	363
GO_BP	3630
GO_BP	3631
GO_BP	3632
GO_BP	3633
GO_BP	3635
GO_BP	3636
GO_BP	3638
GO_BP	364
GO_BP	3640
GO_BP	3641
GO_BP	3642
GO_BP	3643
GO_BP	3645
GO_BP	3646
GO_BP	3651
GO_BP	3652
GO_BP	3654
GO_BP	3655
GO_BP	3656
GO_BP	3658
GO_BP	3659
GO_BP	366
GO_BP	3660
GO_BP	3661
GO_BP	3662
GO_BP	3663
GO_BP	3664
GO_BP	3665
GO_BP	3667
GO_BP	3669
GO_BP	367
GO_BP	3670
GO_BP	3671
GO_BP	3672
GO_BP	3673
GO_BP	3674
GO_BP	3675
GO_BP	3676
GO_BP	3678
GO_BP	3679
GO_BP	368
GO_BP	3680
GO_BP	3681
GO_BP	3682
GO_BP	3683
GO_BP	3684
GO_BP	3685
GO_BP	3687
GO_BP	3688
GO_BP	3689
GO_BP	369
GO_BP	3690
GO_BP	3691
GO_BP	3692
GO_BP	3693
GO_BP	3695
GO_BP	3696
GO_BP	3697
GO_BP	3698
GO_BP	3699
GO_BP	37
GO_BP	3700
GO_BP	3702
GO_BP	3703
GO_BP	3704
GO_BP	3705
GO_BP	3706
GO_BP	3707
GO_BP	3708
GO_BP	3709
GO_BP	3710
GO_BP	3712
GO_BP	3713
GO_BP	3714
GO_BP	3716
GO_BP	3717
GO_BP	3718
GO_BP	372
GO_BP	3720
GO_BP	3725
GO_BP	3726
GO_BP	3727
GO_BP	3728
GO_BP	373
GO_BP	3730
GO_BP	373156
GO_BP	3735
GO_BP	3736
GO_BP	3737
GO_BP	3738
GO_BP	373861
GO_BP	373863
GO_BP	3739
GO_BP	374
GO_BP	3741
GO_BP	374286
GO_BP	374291
GO_BP	3743
GO_BP	374378
GO_BP	374383
GO_BP	374393
GO_BP	3744
GO_BP	374403
GO_BP	374407
GO_BP	374454
GO_BP	3745
GO_BP	374569
GO_BP	3746
GO_BP	374654
GO_BP	374655
GO_BP	3747
GO_BP	374739
GO_BP	374768
GO_BP	3748
GO_BP	374860
GO_BP	374864
GO_BP	374868
GO_BP	374899
GO_BP	3749
GO_BP	374900
GO_BP	374907
GO_BP	374946
GO_BP	374969
GO_BP	374986
GO_BP	375
GO_BP	3750
GO_BP	375033
GO_BP	375035
GO_BP	375056
GO_BP	3751
GO_BP	375189
GO_BP	3752
GO_BP	375323
GO_BP	375341
GO_BP	375346
GO_BP	375387
GO_BP	3754
GO_BP	375449
GO_BP	3755
GO_BP	375593
GO_BP	3756
GO_BP	375612
GO_BP	375616
GO_BP	3757
GO_BP	375704
GO_BP	375748
GO_BP	375757
GO_BP	375775
GO_BP	375790
GO_BP	375791
GO_BP	3758
GO_BP	3759
GO_BP	3760
GO_BP	3761
GO_BP	3762
GO_BP	376267
GO_BP	3763
GO_BP	3764
GO_BP	376497
GO_BP	3765
GO_BP	3766
GO_BP	3767
GO_BP	3768
GO_BP	3769
GO_BP	376940
GO_BP	377
GO_BP	3770
GO_BP	3772
GO_BP	3773
GO_BP	3775
GO_BP	3776
GO_BP	3777
GO_BP	3778
GO_BP	3779
GO_BP	378
GO_BP	3780
GO_BP	3781
GO_BP	3782
GO_BP	3783
GO_BP	3784
GO_BP	3785
GO_BP	3786
GO_BP	3787
GO_BP	378708
GO_BP	3788
GO_BP	378925
GO_BP	378938
GO_BP	379
GO_BP	3790
GO_BP	3791
GO_BP	3792
GO_BP	3795
GO_BP	3796
GO_BP	3797
GO_BP	3798
GO_BP	3799
GO_BP	38
GO_BP	3800
GO_BP	3801
GO_BP	3809
GO_BP	381
GO_BP	3814
GO_BP	3815
GO_BP	3816
GO_BP	3817
GO_BP	3818
GO_BP	382
GO_BP	3820
GO_BP	3823
GO_BP	3824
GO_BP	3827
GO_BP	383
GO_BP	3831
GO_BP	3832
GO_BP	3833
GO_BP	3834
GO_BP	3835
GO_BP	3836
GO_BP	3837
GO_BP	3838
GO_BP	3839
GO_BP	384
GO_BP	3840
GO_BP	3841
GO_BP	3842
GO_BP	3843
GO_BP	3845
GO_BP	3846
GO_BP	3848
GO_BP	3849
GO_BP	3850
GO_BP	3851
GO_BP	3852
GO_BP	3853
GO_BP	3854
GO_BP	3855
GO_BP	3857
GO_BP	3858
GO_BP	3859
GO_BP	3860
GO_BP	3861
GO_BP	3866
GO_BP	386618
GO_BP	3868
GO_BP	387
GO_BP	387032
GO_BP	387103
GO_BP	387104
GO_BP	387119
GO_BP	3872
GO_BP	387263
GO_BP	387338
GO_BP	387357
GO_BP	387496
GO_BP	387509
GO_BP	387521
GO_BP	387597
GO_BP	387601
GO_BP	387640
GO_BP	387695
GO_BP	387707
GO_BP	387755
GO_BP	387758
GO_BP	387837
GO_BP	387885
GO_BP	387893
GO_BP	387914
GO_BP	387921
GO_BP	387923
GO_BP	388
GO_BP	3880
GO_BP	3881
GO_BP	388121
GO_BP	388125
GO_BP	388135
GO_BP	3882
GO_BP	388336
GO_BP	388341
GO_BP	3884
GO_BP	388419
GO_BP	388507
GO_BP	388531
GO_BP	388533
GO_BP	388552
GO_BP	388566
GO_BP	388567
GO_BP	388569
GO_BP	388581
GO_BP	388585
GO_BP	388591
GO_BP	3886
GO_BP	388610
GO_BP	388630
GO_BP	388662
GO_BP	388677
GO_BP	388692
GO_BP	388698
GO_BP	3887
GO_BP	388743
GO_BP	388753
GO_BP	3888
GO_BP	3889
GO_BP	388939
GO_BP	388951
GO_BP	388962
GO_BP	389
GO_BP	3890
GO_BP	389058
GO_BP	389072
GO_BP	389084
GO_BP	3891
GO_BP	389114
GO_BP	389136
GO_BP	3892
GO_BP	389203
GO_BP	389320
GO_BP	389362
GO_BP	389421
GO_BP	389432
GO_BP	389434
GO_BP	3895
GO_BP	389541
GO_BP	389677
GO_BP	3897
GO_BP	389813
GO_BP	389840
GO_BP	389856
GO_BP	389874
GO_BP	389895
GO_BP	3899
GO_BP	389903
GO_BP	39
GO_BP	390
GO_BP	390010
GO_BP	390058
GO_BP	390059
GO_BP	390063
GO_BP	390064
GO_BP	390066
GO_BP	3902
GO_BP	3903
GO_BP	3904
GO_BP	390595
GO_BP	3906
GO_BP	390637
GO_BP	390790
GO_BP	3908
GO_BP	390892
GO_BP	3909
GO_BP	390916
GO_BP	390927
GO_BP	390963
GO_BP	390980
GO_BP	390999
GO_BP	391
GO_BP	3910
GO_BP	391059
GO_BP	3911
GO_BP	3912
GO_BP	3913
GO_BP	3914
GO_BP	3915
GO_BP	3916
GO_BP	391712
GO_BP	3918
GO_BP	392
GO_BP	3920
GO_BP	3925
GO_BP	392617
GO_BP	3927
GO_BP	3929
GO_BP	393
GO_BP	3930
GO_BP	3931
GO_BP	3932
GO_BP	3933
GO_BP	3934
GO_BP	3936
GO_BP	3937
GO_BP	3938
GO_BP	3939
GO_BP	394
GO_BP	3948
GO_BP	3949
GO_BP	395
GO_BP	3950
GO_BP	3952
GO_BP	3953
GO_BP	3954
GO_BP	3955
GO_BP	3956
GO_BP	3957
GO_BP	3958
GO_BP	3959
GO_BP	396
GO_BP	3960
GO_BP	3964
GO_BP	3965
GO_BP	397
GO_BP	3973
GO_BP	3975
GO_BP	3976
GO_BP	3977
GO_BP	3978
GO_BP	398
GO_BP	3980
GO_BP	3981
GO_BP	3982
GO_BP	3983
GO_BP	3984
GO_BP	3985
GO_BP	3987
GO_BP	3988
GO_BP	399
GO_BP	3990
GO_BP	3991
GO_BP	3992
GO_BP	3993
GO_BP	399473
GO_BP	3995
GO_BP	3996
GO_BP	399664
GO_BP	399665
GO_BP	399687
GO_BP	399693
GO_BP	399694
GO_BP	3998
GO_BP	399818
GO_BP	399949
GO_BP	399979
GO_BP	40
GO_BP	400
GO_BP	4000
GO_BP	4001
GO_BP	400128
GO_BP	4004
GO_BP	400410
GO_BP	400451
GO_BP	4005
GO_BP	400566
GO_BP	400569
GO_BP	400581
GO_BP	400629
GO_BP	4007
GO_BP	400709
GO_BP	400713
GO_BP	4008
GO_BP	400830
GO_BP	4009
GO_BP	400916
GO_BP	400931
GO_BP	400961
GO_BP	401
GO_BP	4010
GO_BP	401024
GO_BP	401124
GO_BP	4012
GO_BP	401265
GO_BP	401387
GO_BP	4014
GO_BP	401466
GO_BP	401474
GO_BP	401494
GO_BP	4015
GO_BP	401505
GO_BP	401548
GO_BP	401551
GO_BP	401565
GO_BP	4016
GO_BP	401612
GO_BP	401647
GO_BP	4017
GO_BP	4018
GO_BP	402055
GO_BP	4023
GO_BP	402381
GO_BP	4025
GO_BP	402573
GO_BP	4026
GO_BP	402665
GO_BP	402682
GO_BP	403
GO_BP	4033
GO_BP	403313
GO_BP	403314
GO_BP	403341
GO_BP	4034
GO_BP	4035
GO_BP	4036
GO_BP	4037
GO_BP	4038
GO_BP	4040
GO_BP	404037
GO_BP	4041
GO_BP	404266
GO_BP	4043
GO_BP	4045
GO_BP	4046
GO_BP	404636
GO_BP	404672
GO_BP	4047
GO_BP	4048
GO_BP	4049
GO_BP	405
GO_BP	4050
GO_BP	4051
GO_BP	4052
GO_BP	4053
GO_BP	4054
GO_BP	4055
GO_BP	4056
GO_BP	4057
GO_BP	405753
GO_BP	405754
GO_BP	4058
GO_BP	4059
GO_BP	406
GO_BP	4060
GO_BP	4061
GO_BP	4062
GO_BP	4063
GO_BP	4064
GO_BP	4065
GO_BP	4066
GO_BP	4067
GO_BP	4068
GO_BP	406886
GO_BP	4069
GO_BP	407
GO_BP	4070
GO_BP	4071
GO_BP	4072
GO_BP	4074
GO_BP	4076
GO_BP	4077
GO_BP	407738
GO_BP	408
GO_BP	408050
GO_BP	4082
GO_BP	4084
GO_BP	4085
GO_BP	4086
GO_BP	4087
GO_BP	4088
GO_BP	4089
GO_BP	409
GO_BP	4090
GO_BP	4091
GO_BP	4092
GO_BP	4093
GO_BP	4094
GO_BP	4097
GO_BP	4099
GO_BP	41
GO_BP	410
GO_BP	4103
GO_BP	4107
GO_BP	4109
GO_BP	411
GO_BP	4110
GO_BP	4112
GO_BP	4113
GO_BP	4114
GO_BP	4115
GO_BP	4116
GO_BP	4117
GO_BP	4118
GO_BP	412
GO_BP	4121
GO_BP	4122
GO_BP	4123
GO_BP	4124
GO_BP	4125
GO_BP	4126
GO_BP	4128
GO_BP	4129
GO_BP	4130
GO_BP	4131
GO_BP	4133
GO_BP	4134
GO_BP	4135
GO_BP	4137
GO_BP	4139
GO_BP	4140
GO_BP	4141
GO_BP	414194
GO_BP	4142
GO_BP	4143
GO_BP	414301
GO_BP	414328
GO_BP	414332
GO_BP	4144
GO_BP	4145
GO_BP	4146
GO_BP	4147
GO_BP	4148
GO_BP	414899
GO_BP	4149
GO_BP	415
GO_BP	4150
GO_BP	4151
GO_BP	415116
GO_BP	415117
GO_BP	4152
GO_BP	4153
GO_BP	4154
GO_BP	4155
GO_BP	4157
GO_BP	4158
GO_BP	4159
GO_BP	4160
GO_BP	4161
GO_BP	4162
GO_BP	4163
GO_BP	4166
GO_BP	4168
GO_BP	4170
GO_BP	4171
GO_BP	4172
GO_BP	4173
GO_BP	4174
GO_BP	4175
GO_BP	4176
GO_BP	4179
GO_BP	4184
GO_BP	4185
GO_BP	4188
GO_BP	4189
GO_BP	4190
GO_BP	4191
GO_BP	4192
GO_BP	4193
GO_BP	4194
GO_BP	4199
GO_BP	420
GO_BP	4200
GO_BP	4201
GO_BP	4204
GO_BP	4205
GO_BP	4208
GO_BP	4209
GO_BP	421
GO_BP	4211
GO_BP	4212
GO_BP	4214
GO_BP	4215
GO_BP	4216
GO_BP	4217
GO_BP	4218
GO_BP	4221
GO_BP	4222
GO_BP	4223
GO_BP	4224
GO_BP	4225
GO_BP	4232
GO_BP	4233
GO_BP	4234
GO_BP	4236
GO_BP	4237
GO_BP	4239
GO_BP	4240
GO_BP	4241
GO_BP	4242
GO_BP	4245
GO_BP	4246
GO_BP	4247
GO_BP	4248
GO_BP	4249
GO_BP	4250
GO_BP	4253
GO_BP	4254
GO_BP	4255
GO_BP	4256
GO_BP	4257
GO_BP	4258
GO_BP	4259
GO_BP	4261
GO_BP	4267
GO_BP	427
GO_BP	4277
GO_BP	4281
GO_BP	4282
GO_BP	4283
GO_BP	4284
GO_BP	4285
GO_BP	4286
GO_BP	4287
GO_BP	4288
GO_BP	4289
GO_BP	429
GO_BP	4291
GO_BP	4292
GO_BP	4293
GO_BP	4295
GO_BP	4296
GO_BP	4297
GO_BP	4298
GO_BP	4299
GO_BP	43
GO_BP	430
GO_BP	4300
GO_BP	4301
GO_BP	4302
GO_BP	4303
GO_BP	4306
GO_BP	4308
GO_BP	4311
GO_BP	4312
GO_BP	4313
GO_BP	4314
GO_BP	4316
GO_BP	4317
GO_BP	431707
GO_BP	4318
GO_BP	4319
GO_BP	432
GO_BP	4320
GO_BP	4321
GO_BP	4322
GO_BP	4323
GO_BP	4324
GO_BP	4325
GO_BP	4326
GO_BP	4327
GO_BP	4329
GO_BP	433
GO_BP	4330
GO_BP	4331
GO_BP	4332
GO_BP	4335
GO_BP	4336
GO_BP	4337
GO_BP	4338
GO_BP	434
GO_BP	4340
GO_BP	4342
GO_BP	4343
GO_BP	4345
GO_BP	435
GO_BP	4350
GO_BP	4351
GO_BP	4352
GO_BP	4353
GO_BP	4354
GO_BP	4355
GO_BP	4357
GO_BP	4358
GO_BP	4359
GO_BP	4360
GO_BP	4361
GO_BP	4363
GO_BP	438
GO_BP	43847
GO_BP	43849
GO_BP	439
GO_BP	439921
GO_BP	440
GO_BP	440026
GO_BP	440073
GO_BP	440107
GO_BP	440145
GO_BP	440193
GO_BP	440275
GO_BP	440279
GO_BP	440307
GO_BP	440335
GO_BP	440498
GO_BP	440503
GO_BP	440515
GO_BP	440560
GO_BP	440574
GO_BP	440603
GO_BP	440699
GO_BP	440712
GO_BP	440738
GO_BP	440829
GO_BP	440854
GO_BP	440957
GO_BP	441024
GO_BP	441027
GO_BP	441061
GO_BP	441161
GO_BP	441168
GO_BP	441478
GO_BP	441549
GO_BP	442117
GO_BP	442184
GO_BP	442186
GO_BP	442191
GO_BP	442194
GO_BP	442319
GO_BP	442721
GO_BP	443
GO_BP	4430
GO_BP	4435
GO_BP	4436
GO_BP	4437
GO_BP	4438
GO_BP	444
GO_BP	4440
GO_BP	445
GO_BP	445815
GO_BP	4478
GO_BP	4481
GO_BP	4482
GO_BP	4486
GO_BP	4487
GO_BP	4488
GO_BP	4495
GO_BP	4499
GO_BP	4504
GO_BP	4507
GO_BP	4508
GO_BP	4512
GO_BP	4513
GO_BP	4515
GO_BP	4520
GO_BP	4521
GO_BP	4522
GO_BP	4524
GO_BP	4528
GO_BP	4534
GO_BP	4536
GO_BP	4538
GO_BP	4541
GO_BP	4542
GO_BP	4543
GO_BP	4544
GO_BP	4547
GO_BP	4548
GO_BP	4552
GO_BP	4580
GO_BP	4582
GO_BP	4583
GO_BP	4585
GO_BP	4588
GO_BP	4589
GO_BP	4591
GO_BP	4593
GO_BP	4594
GO_BP	4595
GO_BP	4597
GO_BP	4598
GO_BP	4599
GO_BP	460
GO_BP	4600
GO_BP	4601
GO_BP	4602
GO_BP	4603
GO_BP	4604
GO_BP	4605
GO_BP	4606
GO_BP	4607
GO_BP	4608
GO_BP	4609
GO_BP	4610
GO_BP	4613
GO_BP	4615
GO_BP	4616
GO_BP	4617
GO_BP	4618
GO_BP	4619
GO_BP	462
GO_BP	4620
GO_BP	4621
GO_BP	4622
GO_BP	4624
GO_BP	4626
GO_BP	4627
GO_BP	4628
GO_BP	4629
GO_BP	463
GO_BP	4632
GO_BP	4633
GO_BP	4634
GO_BP	4636
GO_BP	4637
GO_BP	4638
GO_BP	4640
GO_BP	4641
GO_BP	4642
GO_BP	4643
GO_BP	4644
GO_BP	4645
GO_BP	4646
GO_BP	4647
GO_BP	4648
GO_BP	4649
GO_BP	4650
GO_BP	4651
GO_BP	4653
GO_BP	4654
GO_BP	4656
GO_BP	4659
GO_BP	466
GO_BP	4660
GO_BP	4661
GO_BP	4664
GO_BP	4665
GO_BP	4666
GO_BP	4668
GO_BP	4669
GO_BP	467
GO_BP	4670
GO_BP	4671
GO_BP	4673
GO_BP	4674
GO_BP	4675
GO_BP	4676
GO_BP	4677
GO_BP	4678
GO_BP	468
GO_BP	4680
GO_BP	4681
GO_BP	4682
GO_BP	4683
GO_BP	4684
GO_BP	4685
GO_BP	4686
GO_BP	4688
GO_BP	4689
GO_BP	4690
GO_BP	4691
GO_BP	4692
GO_BP	4693
GO_BP	4694
GO_BP	4695
GO_BP	4696
GO_BP	4697
GO_BP	4698
GO_BP	47
GO_BP	4700
GO_BP	4701
GO_BP	4702
GO_BP	4703
GO_BP	4704
GO_BP	4705
GO_BP	4706
GO_BP	4707
GO_BP	4708
GO_BP	4709
GO_BP	471
GO_BP	4710
GO_BP	4711
GO_BP	4712
GO_BP	4713
GO_BP	4714
GO_BP	4715
GO_BP	4716
GO_BP	4717
GO_BP	4718
GO_BP	4719
GO_BP	472
GO_BP	4720
GO_BP	4722
GO_BP	4723
GO_BP	4724
GO_BP	4725
GO_BP	4726
GO_BP	4728
GO_BP	4729
GO_BP	473
GO_BP	4731
GO_BP	4733
GO_BP	4734
GO_BP	4735
GO_BP	4736
GO_BP	4738
GO_BP	4739
GO_BP	474
GO_BP	4741
GO_BP	474354
GO_BP	4744
GO_BP	4745
GO_BP	4747
GO_BP	475
GO_BP	4750
GO_BP	4751
GO_BP	4752
GO_BP	4753
GO_BP	4756
GO_BP	4758
GO_BP	4759
GO_BP	476
GO_BP	4760
GO_BP	4761
GO_BP	4763
GO_BP	477
GO_BP	4771
GO_BP	4772
GO_BP	4773
GO_BP	4774
GO_BP	4775
GO_BP	4776
GO_BP	4778
GO_BP	4779
GO_BP	478
GO_BP	4780
GO_BP	4781
GO_BP	4782
GO_BP	4783
GO_BP	4784
GO_BP	479
GO_BP	4790
GO_BP	4791
GO_BP	4792
GO_BP	4793
GO_BP	4795
GO_BP	4796
GO_BP	4798
GO_BP	4799
GO_BP	48
GO_BP	480
GO_BP	4800
GO_BP	4801
GO_BP	4802
GO_BP	4803
GO_BP	4804
GO_BP	4807
GO_BP	4808
GO_BP	4809
GO_BP	481
GO_BP	4810
GO_BP	4811
GO_BP	4814
GO_BP	4815
GO_BP	4817
GO_BP	4818
GO_BP	482
GO_BP	4820
GO_BP	4821
GO_BP	4824
GO_BP	4825
GO_BP	4826
GO_BP	4828
GO_BP	4829
GO_BP	483
GO_BP	4830
GO_BP	4832
GO_BP	4833
GO_BP	4835
GO_BP	4836
GO_BP	4837
GO_BP	4838
GO_BP	4839
GO_BP	4841
GO_BP	4842
GO_BP	4843
GO_BP	4846
GO_BP	4848
GO_BP	4849
GO_BP	4850
GO_BP	4851
GO_BP	4852
GO_BP	4853
GO_BP	4854
GO_BP	4855
GO_BP	4856
GO_BP	4857
GO_BP	4858
GO_BP	486
GO_BP	4860
GO_BP	4862
GO_BP	4863
GO_BP	4864
GO_BP	4867
GO_BP	4868
GO_BP	4869
GO_BP	487
GO_BP	4878
GO_BP	4879
GO_BP	488
GO_BP	4880
GO_BP	4881
GO_BP	4882
GO_BP	4883
GO_BP	4884
GO_BP	4885
GO_BP	4886
GO_BP	4887
GO_BP	4888
GO_BP	4889
GO_BP	489
GO_BP	4891
GO_BP	4892
GO_BP	4893
GO_BP	4897
GO_BP	4898
GO_BP	4899
GO_BP	49
GO_BP	490
GO_BP	4900
GO_BP	4901
GO_BP	4902
GO_BP	4904
GO_BP	4905
GO_BP	4907
GO_BP	4908
GO_BP	4909
GO_BP	491
GO_BP	4913
GO_BP	4914
GO_BP	4915
GO_BP	4916
GO_BP	4919
GO_BP	492
GO_BP	4920
GO_BP	4921
GO_BP	4922
GO_BP	4923
GO_BP	492307
GO_BP	4924
GO_BP	4925
GO_BP	4926
GO_BP	4927
GO_BP	4928
GO_BP	4929
GO_BP	493
GO_BP	4931
GO_BP	4935
GO_BP	493753
GO_BP	4938
GO_BP	493829
GO_BP	493856
GO_BP	493861
GO_BP	493869
GO_BP	4939
GO_BP	4940
GO_BP	494115
GO_BP	494143
GO_BP	4942
GO_BP	4943
GO_BP	494470
GO_BP	494513
GO_BP	4946
GO_BP	4947
GO_BP	4948
GO_BP	495
GO_BP	4952
GO_BP	4953
GO_BP	4956
GO_BP	4957
GO_BP	4958
GO_BP	496
GO_BP	4967
GO_BP	4968
GO_BP	4969
GO_BP	497189
GO_BP	4973
GO_BP	4974
GO_BP	4976
GO_BP	4978
GO_BP	498
GO_BP	4982
GO_BP	4985
GO_BP	49854
GO_BP	49855
GO_BP	49856
GO_BP	4986
GO_BP	49860
GO_BP	49861
GO_BP	4987
GO_BP	4988
GO_BP	4990
GO_BP	4991
GO_BP	4992
GO_BP	4993
GO_BP	4994
GO_BP	4995
GO_BP	4998
GO_BP	4999
GO_BP	50
GO_BP	5000
GO_BP	5001
GO_BP	5002
GO_BP	5004
GO_BP	5007
GO_BP	5008
GO_BP	5009
GO_BP	501
GO_BP	5010
GO_BP	5013
GO_BP	5015
GO_BP	5016
GO_BP	5017
GO_BP	5018
GO_BP	5019
GO_BP	5021
GO_BP	5023
GO_BP	5024
GO_BP	5025
GO_BP	5026
GO_BP	5027
GO_BP	5028
GO_BP	5029
GO_BP	5030
GO_BP	5031
GO_BP	5033
GO_BP	5034
GO_BP	503542
GO_BP	5036
GO_BP	5037
GO_BP	5045
GO_BP	5046
GO_BP	5047
GO_BP	5048
GO_BP	50484
GO_BP	50485
GO_BP	50486
GO_BP	50487
GO_BP	50488
GO_BP	50489
GO_BP	5049
GO_BP	5050
GO_BP	50506
GO_BP	50507
GO_BP	50508
GO_BP	50509
GO_BP	5051
GO_BP	50511
GO_BP	50512
GO_BP	50514
GO_BP	50515
GO_BP	5052
GO_BP	5053
GO_BP	5054
GO_BP	5055
GO_BP	5058
GO_BP	506
GO_BP	50604
GO_BP	50613
GO_BP	50614
GO_BP	50615
GO_BP	50616
GO_BP	50617
GO_BP	50618
GO_BP	50619
GO_BP	5062
GO_BP	50624
GO_BP	50628
GO_BP	5063
GO_BP	50632
GO_BP	50636
GO_BP	5064
GO_BP	50640
GO_BP	50649
GO_BP	50650
GO_BP	50651
GO_BP	5066
GO_BP	5067
GO_BP	50674
GO_BP	5068
GO_BP	5069
GO_BP	50700
GO_BP	5071
GO_BP	50717
GO_BP	5073
GO_BP	5074
GO_BP	5075
GO_BP	5076
GO_BP	5077
GO_BP	5078
GO_BP	5079
GO_BP	5080
GO_BP	50801
GO_BP	50804
GO_BP	50805
GO_BP	50807
GO_BP	50808
GO_BP	50809
GO_BP	5081
GO_BP	50810
GO_BP	50813
GO_BP	50814
GO_BP	5082
GO_BP	5083
GO_BP	50831
GO_BP	50832
GO_BP	50833
GO_BP	50834
GO_BP	50835
GO_BP	50836
GO_BP	50837
GO_BP	50838
GO_BP	50839
GO_BP	50840
GO_BP	50846
GO_BP	50848
GO_BP	50852
GO_BP	50853
GO_BP	50855
GO_BP	50856
GO_BP	50859
GO_BP	50861
GO_BP	50862
GO_BP	50863
GO_BP	50865
GO_BP	5087
GO_BP	5089
GO_BP	509
GO_BP	5090
GO_BP	5091
GO_BP	5092
GO_BP	5093
GO_BP	50937
GO_BP	50939
GO_BP	5094
GO_BP	50940
GO_BP	50943
GO_BP	50944
GO_BP	50945
GO_BP	5095
GO_BP	5096
GO_BP	50964
GO_BP	5097
GO_BP	5098
GO_BP	5099
GO_BP	50999
GO_BP	51
GO_BP	5100
GO_BP	51000
GO_BP	51001
GO_BP	51002
GO_BP	51003
GO_BP	51004
GO_BP	51005
GO_BP	51006
GO_BP	51008
GO_BP	51009
GO_BP	5101
GO_BP	51010
GO_BP	51011
GO_BP	51012
GO_BP	51013
GO_BP	51014
GO_BP	51016
GO_BP	51018
GO_BP	51019
GO_BP	51020
GO_BP	51021
GO_BP	51022
GO_BP	51023
GO_BP	51024
GO_BP	51025
GO_BP	51026
GO_BP	51027
GO_BP	51028
GO_BP	51029
GO_BP	51030
GO_BP	51032
GO_BP	51035
GO_BP	5104
GO_BP	51042
GO_BP	51043
GO_BP	51046
GO_BP	5105
GO_BP	51053
GO_BP	51056
GO_BP	51058
GO_BP	51059
GO_BP	5106
GO_BP	51060
GO_BP	51062
GO_BP	51063
GO_BP	51065
GO_BP	51066
GO_BP	51067
GO_BP	51068
GO_BP	51069
GO_BP	51070
GO_BP	51071
GO_BP	51073
GO_BP	51074
GO_BP	51075
GO_BP	51076
GO_BP	51077
GO_BP	51078
GO_BP	51079
GO_BP	5108
GO_BP	51081
GO_BP	51082
GO_BP	51083
GO_BP	51084
GO_BP	51085
GO_BP	51086
GO_BP	51087
GO_BP	51088
GO_BP	51090
GO_BP	51091
GO_BP	51092
GO_BP	51093
GO_BP	51094
GO_BP	51095
GO_BP	51096
GO_BP	51097
GO_BP	51098
GO_BP	51099
GO_BP	5110
GO_BP	51100
GO_BP	51102
GO_BP	51103
GO_BP	51104
GO_BP	51105
GO_BP	51106
GO_BP	51107
GO_BP	51108
GO_BP	51109
GO_BP	5111
GO_BP	51111
GO_BP	51112
GO_BP	51114
GO_BP	51115
GO_BP	51116
GO_BP	51117
GO_BP	51118
GO_BP	51121
GO_BP	51123
GO_BP	51124
GO_BP	51125
GO_BP	51126
GO_BP	51127
GO_BP	51128
GO_BP	51129
GO_BP	51130
GO_BP	51132
GO_BP	51133
GO_BP	51134
GO_BP	51135
GO_BP	51136
GO_BP	51138
GO_BP	51141
GO_BP	51142
GO_BP	51143
GO_BP	51144
GO_BP	51146
GO_BP	51147
GO_BP	51148
GO_BP	51149
GO_BP	51150
GO_BP	51151
GO_BP	51154
GO_BP	51156
GO_BP	51157
GO_BP	5116
GO_BP	51160
GO_BP	51162
GO_BP	51163
GO_BP	51166
GO_BP	51167
GO_BP	51168
GO_BP	51170
GO_BP	51171
GO_BP	51172
GO_BP	51174
GO_BP	51175
GO_BP	51176
GO_BP	51177
GO_BP	51179
GO_BP	5118
GO_BP	51181
GO_BP	51182
GO_BP	51185
GO_BP	51187
GO_BP	5119
GO_BP	51191
GO_BP	51192
GO_BP	51193
GO_BP	51194
GO_BP	51195
GO_BP	51196
GO_BP	51199
GO_BP	51200
GO_BP	51201
GO_BP	51203
GO_BP	51204
GO_BP	51205
GO_BP	51206
GO_BP	51207
GO_BP	51208
GO_BP	51209
GO_BP	5121
GO_BP	51213
GO_BP	51218
GO_BP	5122
GO_BP	51222
GO_BP	51224
GO_BP	51225
GO_BP	51226
GO_BP	51227
GO_BP	51228
GO_BP	51230
GO_BP	51231
GO_BP	51232
GO_BP	51234
GO_BP	51237
GO_BP	51241
GO_BP	51246
GO_BP	51247
GO_BP	51248
GO_BP	5125
GO_BP	51250
GO_BP	51251
GO_BP	51253
GO_BP	51255
GO_BP	51256
GO_BP	51257
GO_BP	51258
GO_BP	51259
GO_BP	5126
GO_BP	51263
GO_BP	51264
GO_BP	51265
GO_BP	51266
GO_BP	51267
GO_BP	51268
GO_BP	5127
GO_BP	51270
GO_BP	51271
GO_BP	51272
GO_BP	51274
GO_BP	51276
GO_BP	51277
GO_BP	51278
GO_BP	51279
GO_BP	5128
GO_BP	51280
GO_BP	51283
GO_BP	51284
GO_BP	51286
GO_BP	51287
GO_BP	5129
GO_BP	51290
GO_BP	51291
GO_BP	51292
GO_BP	51293
GO_BP	51294
GO_BP	51295
GO_BP	51296
GO_BP	51297
GO_BP	51298
GO_BP	51299
GO_BP	513
GO_BP	5130
GO_BP	51300
GO_BP	51301
GO_BP	51302
GO_BP	51304
GO_BP	51305
GO_BP	51306
GO_BP	51307
GO_BP	51308
GO_BP	51309
GO_BP	51310
GO_BP	51311
GO_BP	51312
GO_BP	51314
GO_BP	51316
GO_BP	51317
GO_BP	51318
GO_BP	51319
GO_BP	5132
GO_BP	51320
GO_BP	51321
GO_BP	51322
GO_BP	51324
GO_BP	51327
GO_BP	51329
GO_BP	5133
GO_BP	51330
GO_BP	51332
GO_BP	51333
GO_BP	51334
GO_BP	51335
GO_BP	51339
GO_BP	5134
GO_BP	51340
GO_BP	51341
GO_BP	51343
GO_BP	51347
GO_BP	51348
GO_BP	51350
GO_BP	51351
GO_BP	5136
GO_BP	51360
GO_BP	51361
GO_BP	51362
GO_BP	51363
GO_BP	51364
GO_BP	51365
GO_BP	51366
GO_BP	51367
GO_BP	51368
GO_BP	5137
GO_BP	51371
GO_BP	51373
GO_BP	51374
GO_BP	51375
GO_BP	51377
GO_BP	51378
GO_BP	51379
GO_BP	5138
GO_BP	51380
GO_BP	51382
GO_BP	51384
GO_BP	51385
GO_BP	51386
GO_BP	51388
GO_BP	51389
GO_BP	5139
GO_BP	51390
GO_BP	51393
GO_BP	51398
GO_BP	51399
GO_BP	514
GO_BP	5140
GO_BP	51400
GO_BP	51406
GO_BP	51409
GO_BP	5141
GO_BP	51411
GO_BP	51412
GO_BP	5142
GO_BP	51421
GO_BP	51422
GO_BP	51426
GO_BP	51427
GO_BP	51428
GO_BP	51429
GO_BP	51430
GO_BP	51433
GO_BP	51434
GO_BP	51435
GO_BP	51438
GO_BP	51439
GO_BP	5144
GO_BP	51440
GO_BP	51441
GO_BP	51442
GO_BP	51444
GO_BP	51447
GO_BP	51449
GO_BP	5145
GO_BP	51450
GO_BP	51451
GO_BP	51454
GO_BP	51455
GO_BP	51458
GO_BP	5146
GO_BP	51460
GO_BP	51463
GO_BP	51465
GO_BP	51466
GO_BP	5147
GO_BP	51471
GO_BP	51473
GO_BP	51474
GO_BP	51475
GO_BP	51477
GO_BP	51479
GO_BP	5148
GO_BP	5149
GO_BP	51490
GO_BP	51491
GO_BP	51493
GO_BP	51495
GO_BP	51496
GO_BP	51499
GO_BP	515
GO_BP	5150
GO_BP	51501
GO_BP	51503
GO_BP	51504
GO_BP	51506
GO_BP	51507
GO_BP	5151
GO_BP	51510
GO_BP	51512
GO_BP	51513
GO_BP	51514
GO_BP	51517
GO_BP	5152
GO_BP	51520
GO_BP	51522
GO_BP	51523
GO_BP	51524
GO_BP	51526
GO_BP	51527
GO_BP	51528
GO_BP	51529
GO_BP	5153
GO_BP	51530
GO_BP	51531
GO_BP	51533
GO_BP	51534
GO_BP	51535
GO_BP	51537
GO_BP	51538
GO_BP	5154
GO_BP	51540
GO_BP	51542
GO_BP	51545
GO_BP	51547
GO_BP	51548
GO_BP	5155
GO_BP	51550
GO_BP	51552
GO_BP	51554
GO_BP	51555
GO_BP	5156
GO_BP	51560
GO_BP	51561
GO_BP	51562
GO_BP	51564
GO_BP	51566
GO_BP	51567
GO_BP	51569
GO_BP	5157
GO_BP	51571
GO_BP	51573
GO_BP	51574
GO_BP	51575
GO_BP	5158
GO_BP	51582
GO_BP	51585
GO_BP	51586
GO_BP	51588
GO_BP	5159
GO_BP	51592
GO_BP	51593
GO_BP	51594
GO_BP	51596
GO_BP	51599
GO_BP	516
GO_BP	5160
GO_BP	51601
GO_BP	51602
GO_BP	51603
GO_BP	51604
GO_BP	51605
GO_BP	51606
GO_BP	51608
GO_BP	5161
GO_BP	51611
GO_BP	51614
GO_BP	51616
GO_BP	51617
GO_BP	51619
GO_BP	5162
GO_BP	51621
GO_BP	51622
GO_BP	51626
GO_BP	51629
GO_BP	5163
GO_BP	51631
GO_BP	51633
GO_BP	51634
GO_BP	51635
GO_BP	51637
GO_BP	51639
GO_BP	5164
GO_BP	51642
GO_BP	51643
GO_BP	51645
GO_BP	51646
GO_BP	51647
GO_BP	51649
GO_BP	5165
GO_BP	51650
GO_BP	51651
GO_BP	51654
GO_BP	51655
GO_BP	51657
GO_BP	51659
GO_BP	5166
GO_BP	51660
GO_BP	51665
GO_BP	51666
GO_BP	51667
GO_BP	51668
GO_BP	51669
GO_BP	5167
GO_BP	51673
GO_BP	51676
GO_BP	51678
GO_BP	5168
GO_BP	51684
GO_BP	51686
GO_BP	5169
GO_BP	51690
GO_BP	51691
GO_BP	51692
GO_BP	51693
GO_BP	51696
GO_BP	51699
GO_BP	517
GO_BP	5170
GO_BP	51700
GO_BP	51701
GO_BP	51703
GO_BP	51704
GO_BP	51705
GO_BP	51706
GO_BP	51710
GO_BP	51714
GO_BP	51715
GO_BP	51719
GO_BP	51720
GO_BP	51725
GO_BP	51726
GO_BP	51727
GO_BP	51728
GO_BP	51729
GO_BP	5173
GO_BP	51733
GO_BP	51734
GO_BP	51735
GO_BP	51738
GO_BP	5174
GO_BP	51741
GO_BP	51742
GO_BP	51744
GO_BP	51747
GO_BP	5175
GO_BP	51751
GO_BP	51752
GO_BP	51754
GO_BP	51755
GO_BP	51759
GO_BP	5176
GO_BP	51760
GO_BP	51761
GO_BP	51762
GO_BP	51763
GO_BP	51765
GO_BP	51768
GO_BP	51773
GO_BP	51776
GO_BP	51778
GO_BP	5178
GO_BP	51780
GO_BP	5179
GO_BP	518
GO_BP	51802
GO_BP	51804
GO_BP	51805
GO_BP	51806
GO_BP	51807
GO_BP	51808
GO_BP	51809
GO_BP	51816
GO_BP	5184
GO_BP	5187
GO_BP	5188
GO_BP	5189
GO_BP	5190
GO_BP	5191
GO_BP	5192
GO_BP	5193
GO_BP	5194
GO_BP	5195
GO_BP	5197
GO_BP	5198
GO_BP	5199
GO_BP	52
GO_BP	5201
GO_BP	5202
GO_BP	5203
GO_BP	5204
GO_BP	5205
GO_BP	5207
GO_BP	5208
GO_BP	5209
GO_BP	5210
GO_BP	5211
GO_BP	5212
GO_BP	5213
GO_BP	5214
GO_BP	5216
GO_BP	5217
GO_BP	5218
GO_BP	522
GO_BP	5223
GO_BP	5224
GO_BP	5225
GO_BP	5226
GO_BP	5228
GO_BP	5229
GO_BP	523
GO_BP	5230
GO_BP	5232
GO_BP	5236
GO_BP	5238
GO_BP	5239
GO_BP	5241
GO_BP	5243
GO_BP	5244
GO_BP	5245
GO_BP	525
GO_BP	5250
GO_BP	5251
GO_BP	5252
GO_BP	5253
GO_BP	5255
GO_BP	5256
GO_BP	5257
GO_BP	526
GO_BP	5260
GO_BP	5261
GO_BP	5264
GO_BP	5265
GO_BP	5266
GO_BP	5268
GO_BP	5269
GO_BP	527
GO_BP	5270
GO_BP	5271
GO_BP	5272
GO_BP	5274
GO_BP	5275
GO_BP	5277
GO_BP	5279
GO_BP	528
GO_BP	5281
GO_BP	5283
GO_BP	5284
GO_BP	5286
GO_BP	5287
GO_BP	5288
GO_BP	5289
GO_BP	529
GO_BP	5290
GO_BP	5291
GO_BP	5292
GO_BP	5293
GO_BP	5294
GO_BP	5295
GO_BP	5296
GO_BP	5297
GO_BP	5298
GO_BP	53
GO_BP	5300
GO_BP	5303
GO_BP	5304
GO_BP	5305
GO_BP	5306
GO_BP	5307
GO_BP	5308
GO_BP	5309
GO_BP	5310
GO_BP	5311
GO_BP	5313
GO_BP	5314
GO_BP	5315
GO_BP	5316
GO_BP	5317
GO_BP	5318
GO_BP	5319
GO_BP	5320
GO_BP	5321
GO_BP	5322
GO_BP	5324
GO_BP	5325
GO_BP	5326
GO_BP	5327
GO_BP	5328
GO_BP	5329
GO_BP	533
GO_BP	5330
GO_BP	5332
GO_BP	5333
GO_BP	53335
GO_BP	53339
GO_BP	5334
GO_BP	53340
GO_BP	53342
GO_BP	53343
GO_BP	53345
GO_BP	53347
GO_BP	53349
GO_BP	5335
GO_BP	53353
GO_BP	53354
GO_BP	53358
GO_BP	5336
GO_BP	5337
GO_BP	53371
GO_BP	53373
GO_BP	5338
GO_BP	5339
GO_BP	534
GO_BP	5340
GO_BP	53405
GO_BP	53407
GO_BP	5341
GO_BP	5345
GO_BP	5346
GO_BP	5347
GO_BP	5348
GO_BP	5349
GO_BP	535
GO_BP	5350
GO_BP	5351
GO_BP	5352
GO_BP	5354
GO_BP	5355
GO_BP	5356
GO_BP	5357
GO_BP	5358
GO_BP	5359
GO_BP	5360
GO_BP	5361
GO_BP	53615
GO_BP	53616
GO_BP	5362
GO_BP	53630
GO_BP	53632
GO_BP	53635
GO_BP	53637
GO_BP	5364
GO_BP	5365
GO_BP	5366
GO_BP	5367
GO_BP	5368
GO_BP	537
GO_BP	5371
GO_BP	5372
GO_BP	5373
GO_BP	5375
GO_BP	5376
GO_BP	5378
GO_BP	538
GO_BP	53820
GO_BP	53822
GO_BP	53826
GO_BP	53827
GO_BP	53828
GO_BP	53829
GO_BP	5383
GO_BP	53831
GO_BP	53832
GO_BP	53833
GO_BP	53834
GO_BP	53836
GO_BP	53841
GO_BP	539
GO_BP	53904
GO_BP	53905
GO_BP	53916
GO_BP	53917
GO_BP	53918
GO_BP	53919
GO_BP	5393
GO_BP	53938
GO_BP	5394
GO_BP	53940
GO_BP	53942
GO_BP	53944
GO_BP	53947
GO_BP	5396
GO_BP	53981
GO_BP	54
GO_BP	540
GO_BP	54014
GO_BP	54020
GO_BP	54033
GO_BP	54039
GO_BP	54059
GO_BP	5406
GO_BP	54069
GO_BP	5407
GO_BP	5408
GO_BP	54084
GO_BP	5409
GO_BP	54093
GO_BP	54097
GO_BP	54101
GO_BP	54102
GO_BP	54103
GO_BP	54106
GO_BP	54107
GO_BP	54108
GO_BP	5411
GO_BP	54112
GO_BP	5414
GO_BP	541468
GO_BP	54148
GO_BP	54149
GO_BP	54165
GO_BP	54187
GO_BP	5420
GO_BP	54205
GO_BP	54206
GO_BP	54207
GO_BP	54209
GO_BP	54210
GO_BP	54212
GO_BP	5422
GO_BP	54221
GO_BP	5423
GO_BP	5424
GO_BP	5425
GO_BP	5426
GO_BP	5427
GO_BP	5428
GO_BP	5429
GO_BP	5430
GO_BP	5431
GO_BP	5432
GO_BP	54328
GO_BP	54329
GO_BP	5433
GO_BP	54331
GO_BP	54332
GO_BP	5434
GO_BP	54344
GO_BP	5435
GO_BP	5436
GO_BP	54360
GO_BP	54361
GO_BP	54363
GO_BP	5437
GO_BP	5438
GO_BP	54386
GO_BP	5440
GO_BP	54407
GO_BP	5441
GO_BP	54413
GO_BP	54414
GO_BP	5442
GO_BP	54429
GO_BP	5443
GO_BP	54431
GO_BP	54432
GO_BP	54433
GO_BP	54434
GO_BP	54436
GO_BP	54437
GO_BP	5444
GO_BP	54440
GO_BP	54442
GO_BP	54443
GO_BP	5445
GO_BP	54453
GO_BP	54454
GO_BP	54456
GO_BP	54457
GO_BP	5446
GO_BP	54460
GO_BP	54461
GO_BP	54462
GO_BP	54463
GO_BP	54464
GO_BP	54465
GO_BP	54466
GO_BP	54467
GO_BP	54468
GO_BP	54469
GO_BP	5447
GO_BP	54471
GO_BP	54472
GO_BP	54474
GO_BP	54475
GO_BP	54476
GO_BP	54477
GO_BP	54478
GO_BP	54480
GO_BP	54482
GO_BP	54487
GO_BP	5449
GO_BP	54492
GO_BP	54496
GO_BP	54497
GO_BP	54498
GO_BP	54499
GO_BP	545
GO_BP	5450
GO_BP	54502
GO_BP	54503
GO_BP	54504
GO_BP	54505
GO_BP	54507
GO_BP	54509
GO_BP	5451
GO_BP	54510
GO_BP	54511
GO_BP	54512
GO_BP	54514
GO_BP	54516
GO_BP	54517
GO_BP	54518
GO_BP	5452
GO_BP	54520
GO_BP	54521
GO_BP	54522
GO_BP	54529
GO_BP	5453
GO_BP	54531
GO_BP	54532
GO_BP	54534
GO_BP	54535
GO_BP	54536
GO_BP	54537
GO_BP	54538
GO_BP	54539
GO_BP	5454
GO_BP	54541
GO_BP	54542
GO_BP	54546
GO_BP	54549
GO_BP	5455
GO_BP	54550
GO_BP	54551
GO_BP	54552
GO_BP	54555
GO_BP	54556
GO_BP	54557
GO_BP	54558
GO_BP	5456
GO_BP	54566
GO_BP	54567
GO_BP	5457
GO_BP	54576
GO_BP	54578
GO_BP	5458
GO_BP	54581
GO_BP	54583
GO_BP	54584
GO_BP	54585
GO_BP	54586
GO_BP	54587
GO_BP	5459
GO_BP	54596
GO_BP	546
GO_BP	54602
GO_BP	54606
GO_BP	54617
GO_BP	54619
GO_BP	54620
GO_BP	54621
GO_BP	54622
GO_BP	54623
GO_BP	54625
GO_BP	54626
GO_BP	54627
GO_BP	54629
GO_BP	5463
GO_BP	5464
GO_BP	5465
GO_BP	54658
GO_BP	54660
GO_BP	54662
GO_BP	54663
GO_BP	54664
GO_BP	54665
GO_BP	5467
GO_BP	54674
GO_BP	54675
GO_BP	54676
GO_BP	54677
GO_BP	5468
GO_BP	54680
GO_BP	54681
GO_BP	5469
GO_BP	547
GO_BP	54700
GO_BP	54704
GO_BP	54708
GO_BP	5471
GO_BP	54714
GO_BP	54715
GO_BP	54716
GO_BP	54718
GO_BP	54726
GO_BP	5473
GO_BP	54732
GO_BP	54733
GO_BP	54734
GO_BP	54737
GO_BP	54738
GO_BP	54739
GO_BP	54741
GO_BP	54742
GO_BP	54749
GO_BP	5475
GO_BP	54751
GO_BP	54753
GO_BP	54756
GO_BP	54757
GO_BP	5476
GO_BP	54762
GO_BP	54763
GO_BP	54764
GO_BP	54765
GO_BP	54766
GO_BP	54768
GO_BP	54769
GO_BP	54776
GO_BP	54777
GO_BP	54778
GO_BP	5478
GO_BP	54780
GO_BP	54784
GO_BP	54785
GO_BP	54788
GO_BP	5479
GO_BP	54790
GO_BP	54793
GO_BP	54795
GO_BP	54796
GO_BP	54797
GO_BP	54798
GO_BP	54799
GO_BP	5480
GO_BP	54800
GO_BP	54801
GO_BP	54802
GO_BP	54805
GO_BP	54806
GO_BP	54807
GO_BP	54808
GO_BP	54809
GO_BP	5481
GO_BP	54811
GO_BP	54812
GO_BP	54813
GO_BP	54814
GO_BP	54815
GO_BP	54820
GO_BP	54821
GO_BP	54822
GO_BP	54825
GO_BP	54826
GO_BP	54828
GO_BP	54829
GO_BP	54830
GO_BP	54831
GO_BP	54832
GO_BP	54834
GO_BP	54836
GO_BP	54838
GO_BP	54839
GO_BP	54840
GO_BP	54841
GO_BP	54842
GO_BP	54843
GO_BP	54845
GO_BP	54847
GO_BP	54849
GO_BP	54850
GO_BP	54851
GO_BP	54852
GO_BP	54853
GO_BP	54854
GO_BP	54855
GO_BP	54856
GO_BP	54857
GO_BP	54858
GO_BP	54859
GO_BP	54860
GO_BP	54861
GO_BP	54862
GO_BP	548644
GO_BP	548645
GO_BP	54867
GO_BP	54868
GO_BP	54869
GO_BP	54870
GO_BP	54872
GO_BP	54873
GO_BP	54874
GO_BP	54875
GO_BP	54876
GO_BP	54878
GO_BP	54879
GO_BP	54880
GO_BP	54882
GO_BP	54883
GO_BP	54884
GO_BP	54885
GO_BP	54886
GO_BP	54888
GO_BP	54890
GO_BP	54891
GO_BP	54892
GO_BP	54894
GO_BP	54896
GO_BP	54897
GO_BP	54898
GO_BP	54899
GO_BP	549
GO_BP	54900
GO_BP	54901
GO_BP	54902
GO_BP	54903
GO_BP	54904
GO_BP	54905
GO_BP	54906
GO_BP	54908
GO_BP	54910
GO_BP	54913
GO_BP	54914
GO_BP	54915
GO_BP	54916
GO_BP	54918
GO_BP	54919
GO_BP	54920
GO_BP	54921
GO_BP	54922
GO_BP	54923
GO_BP	54925
GO_BP	54926
GO_BP	54927
GO_BP	54928
GO_BP	54929
GO_BP	5493
GO_BP	54930
GO_BP	54931
GO_BP	54932
GO_BP	54933
GO_BP	54934
GO_BP	54935
GO_BP	54936
GO_BP	54937
GO_BP	54938
GO_BP	54939
GO_BP	5494
GO_BP	54940
GO_BP	54941
GO_BP	54942
GO_BP	54946
GO_BP	54947
GO_BP	54948
GO_BP	54949
GO_BP	5495
GO_BP	54951
GO_BP	54952
GO_BP	54953
GO_BP	54955
GO_BP	54956
GO_BP	54957
GO_BP	54959
GO_BP	5496
GO_BP	54960
GO_BP	54961
GO_BP	54962
GO_BP	54963
GO_BP	54964
GO_BP	54965
GO_BP	54967
GO_BP	54968
GO_BP	54969
GO_BP	54970
GO_BP	54971
GO_BP	54972
GO_BP	54973
GO_BP	54974
GO_BP	54976
GO_BP	54977
GO_BP	54978
GO_BP	54979
GO_BP	5498
GO_BP	54981
GO_BP	54982
GO_BP	54984
GO_BP	54986
GO_BP	54988
GO_BP	54989
GO_BP	5499
GO_BP	54993
GO_BP	54994
GO_BP	54995
GO_BP	54996
GO_BP	54997
GO_BP	55
GO_BP	550
GO_BP	5500
GO_BP	55002
GO_BP	55003
GO_BP	55004
GO_BP	55005
GO_BP	55006
GO_BP	55008
GO_BP	5501
GO_BP	55010
GO_BP	55011
GO_BP	55012
GO_BP	55013
GO_BP	55014
GO_BP	55015
GO_BP	55016
GO_BP	5502
GO_BP	55022
GO_BP	55023
GO_BP	55024
GO_BP	55026
GO_BP	55027
GO_BP	55031
GO_BP	55032
GO_BP	55034
GO_BP	55035
GO_BP	55036
GO_BP	55037
GO_BP	55038
GO_BP	55039
GO_BP	5504
GO_BP	55040
GO_BP	55041
GO_BP	55048
GO_BP	55051
GO_BP	55052
GO_BP	55054
GO_BP	55055
GO_BP	5506
GO_BP	55061
GO_BP	55062
GO_BP	55063
GO_BP	55064
GO_BP	550643
GO_BP	55065
GO_BP	55068
GO_BP	5507
GO_BP	55070
GO_BP	55072
GO_BP	55074
GO_BP	55075
GO_BP	55079
GO_BP	55080
GO_BP	55081
GO_BP	55082
GO_BP	55083
GO_BP	55084
GO_BP	55086
GO_BP	55088
GO_BP	55089
GO_BP	5509
GO_BP	55090
GO_BP	55093
GO_BP	55094
GO_BP	55095
GO_BP	551
GO_BP	55101
GO_BP	55102
GO_BP	55103
GO_BP	55106
GO_BP	55107
GO_BP	55109
GO_BP	5511
GO_BP	55110
GO_BP	55111
GO_BP	55112
GO_BP	55113
GO_BP	55114
GO_BP	55116
GO_BP	55117
GO_BP	55118
GO_BP	55119
GO_BP	55120
GO_BP	55122
GO_BP	55124
GO_BP	55125
GO_BP	55127
GO_BP	55128
GO_BP	55129
GO_BP	55130
GO_BP	55131
GO_BP	55132
GO_BP	55133
GO_BP	55135
GO_BP	55137
GO_BP	55139
GO_BP	5514
GO_BP	55140
GO_BP	55142
GO_BP	55143
GO_BP	55144
GO_BP	55145
GO_BP	55146
GO_BP	55147
GO_BP	55148
GO_BP	55149
GO_BP	5515
GO_BP	55151
GO_BP	55152
GO_BP	55153
GO_BP	55154
GO_BP	55156
GO_BP	55157
GO_BP	55159
GO_BP	5516
GO_BP	55160
GO_BP	55161
GO_BP	55163
GO_BP	55164
GO_BP	55165
GO_BP	55166
GO_BP	55167
GO_BP	55168
GO_BP	55170
GO_BP	55171
GO_BP	55172
GO_BP	55173
GO_BP	55174
GO_BP	55175
GO_BP	55176
GO_BP	55177
GO_BP	55178
GO_BP	55179
GO_BP	5518
GO_BP	55180
GO_BP	55181
GO_BP	55182
GO_BP	55183
GO_BP	55184
GO_BP	55186
GO_BP	55187
GO_BP	55188
GO_BP	5519
GO_BP	55190
GO_BP	55191
GO_BP	55192
GO_BP	55193
GO_BP	55195
GO_BP	55196
GO_BP	55197
GO_BP	55198
GO_BP	55199
GO_BP	552
GO_BP	5520
GO_BP	55200
GO_BP	55201
GO_BP	55203
GO_BP	55204
GO_BP	55205
GO_BP	55206
GO_BP	55207
GO_BP	55208
GO_BP	55209
GO_BP	5521
GO_BP	55211
GO_BP	55212
GO_BP	55213
GO_BP	55214
GO_BP	55215
GO_BP	55217
GO_BP	55218
GO_BP	55219
GO_BP	55223
GO_BP	55224
GO_BP	55226
GO_BP	55229
GO_BP	5523
GO_BP	55230
GO_BP	55231
GO_BP	55233
GO_BP	55234
GO_BP	55236
GO_BP	55237
GO_BP	55238
GO_BP	55239
GO_BP	55240
GO_BP	55243
GO_BP	55244
GO_BP	55245
GO_BP	55246
GO_BP	55247
GO_BP	55248
GO_BP	55249
GO_BP	5525
GO_BP	55250
GO_BP	55252
GO_BP	55253
GO_BP	55254
GO_BP	55255
GO_BP	55256
GO_BP	55257
GO_BP	55258
GO_BP	5526
GO_BP	55260
GO_BP	55262
GO_BP	55268
GO_BP	55269
GO_BP	5527
GO_BP	55270
GO_BP	55272
GO_BP	55273
GO_BP	55274
GO_BP	55275
GO_BP	55276
GO_BP	55277
GO_BP	55278
GO_BP	55279
GO_BP	5528
GO_BP	55280
GO_BP	55283
GO_BP	55284
GO_BP	55285
GO_BP	55286
GO_BP	55288
GO_BP	552889
GO_BP	55289
GO_BP	5529
GO_BP	55290
GO_BP	552900
GO_BP	55291
GO_BP	55293
GO_BP	55294
GO_BP	55297
GO_BP	55298
GO_BP	55299
GO_BP	553
GO_BP	5530
GO_BP	55300
GO_BP	55301
GO_BP	55304
GO_BP	55308
GO_BP	5531
GO_BP	55311
GO_BP	553115
GO_BP	55312
GO_BP	55314
GO_BP	55315
GO_BP	55316
GO_BP	55317
GO_BP	55319
GO_BP	5532
GO_BP	55320
GO_BP	55323
GO_BP	55324
GO_BP	55325
GO_BP	55326
GO_BP	55327
GO_BP	55328
GO_BP	55329
GO_BP	5533
GO_BP	55330
GO_BP	55331
GO_BP	55332
GO_BP	55333
GO_BP	55334
GO_BP	55335
GO_BP	55337
GO_BP	55339
GO_BP	5534
GO_BP	55341
GO_BP	55342
GO_BP	55343
GO_BP	55344
GO_BP	55345
GO_BP	55346
GO_BP	55347
GO_BP	55349
GO_BP	5535
GO_BP	55351
GO_BP	55352
GO_BP	55353
GO_BP	55355
GO_BP	55356
GO_BP	55357
GO_BP	5536
GO_BP	55361
GO_BP	55362
GO_BP	55363
GO_BP	55364
GO_BP	55365
GO_BP	55366
GO_BP	55367
GO_BP	5537
GO_BP	55374
GO_BP	55379
GO_BP	5538
GO_BP	55384
GO_BP	55388
GO_BP	5539
GO_BP	554
GO_BP	554203
GO_BP	55421
GO_BP	55422
GO_BP	55423
GO_BP	554235
GO_BP	55432
GO_BP	55435
GO_BP	55437
GO_BP	55450
GO_BP	55454
GO_BP	5546
GO_BP	55466
GO_BP	5547
GO_BP	55471
GO_BP	55486
GO_BP	5549
GO_BP	5550
GO_BP	55500
GO_BP	55501
GO_BP	55502
GO_BP	55503
GO_BP	55504
GO_BP	55505
GO_BP	55506
GO_BP	55507
GO_BP	55508
GO_BP	55509
GO_BP	5551
GO_BP	55511
GO_BP	55512
GO_BP	55515
GO_BP	5552
GO_BP	55520
GO_BP	55521
GO_BP	55526
GO_BP	55527
GO_BP	55529
GO_BP	5553
GO_BP	55530
GO_BP	55531
GO_BP	55532
GO_BP	55534
GO_BP	55536
GO_BP	55539
GO_BP	55540
GO_BP	55544
GO_BP	55552
GO_BP	55553
GO_BP	55554
GO_BP	55556
GO_BP	55558
GO_BP	55561
GO_BP	55565
GO_BP	55567
GO_BP	55568
GO_BP	5557
GO_BP	55571
GO_BP	55572
GO_BP	55576
GO_BP	55577
GO_BP	55578
GO_BP	5558
GO_BP	55582
GO_BP	55584
GO_BP	55585
GO_BP	55586
GO_BP	55588
GO_BP	55589
GO_BP	55591
GO_BP	55593
GO_BP	55596
GO_BP	55599
GO_BP	55600
GO_BP	55601
GO_BP	55602
GO_BP	55603
GO_BP	55604
GO_BP	55605
GO_BP	55607
GO_BP	55609
GO_BP	55610
GO_BP	55611
GO_BP	55612
GO_BP	55613
GO_BP	55614
GO_BP	55615
GO_BP	55616
GO_BP	55617
GO_BP	55619
GO_BP	5562
GO_BP	55621
GO_BP	55623
GO_BP	55624
GO_BP	55625
GO_BP	55626
GO_BP	55628
GO_BP	55629
GO_BP	5563
GO_BP	55630
GO_BP	55631
GO_BP	55632
GO_BP	55634
GO_BP	55635
GO_BP	55636
GO_BP	55638
GO_BP	5564
GO_BP	55640
GO_BP	55643
GO_BP	55644
GO_BP	55646
GO_BP	55647
GO_BP	5565
GO_BP	55650
GO_BP	55651
GO_BP	55652
GO_BP	55654
GO_BP	55655
GO_BP	55656
GO_BP	55657
GO_BP	55658
GO_BP	55659
GO_BP	5566
GO_BP	55660
GO_BP	55661
GO_BP	55662
GO_BP	55663
GO_BP	55664
GO_BP	55666
GO_BP	55667
GO_BP	55669
GO_BP	5567
GO_BP	55670
GO_BP	55671
GO_BP	55676
GO_BP	55677
GO_BP	55679
GO_BP	5568
GO_BP	55680
GO_BP	55681
GO_BP	55683
GO_BP	55686
GO_BP	55687
GO_BP	55689
GO_BP	5569
GO_BP	55690
GO_BP	55691
GO_BP	55692
GO_BP	55693
GO_BP	55696
GO_BP	55697
GO_BP	55698
GO_BP	55699
GO_BP	5570
GO_BP	55700
GO_BP	55701
GO_BP	55702
GO_BP	55703
GO_BP	55704
GO_BP	55705
GO_BP	55706
GO_BP	55707
GO_BP	5571
GO_BP	55711
GO_BP	55713
GO_BP	55714
GO_BP	55715
GO_BP	55716
GO_BP	55717
GO_BP	55718
GO_BP	55719
GO_BP	55720
GO_BP	55722
GO_BP	55723
GO_BP	55726
GO_BP	55727
GO_BP	55728
GO_BP	55729
GO_BP	5573
GO_BP	55732
GO_BP	55733
GO_BP	55734
GO_BP	55735
GO_BP	55737
GO_BP	55738
GO_BP	55739
GO_BP	55740
GO_BP	55741
GO_BP	55742
GO_BP	55743
GO_BP	55744
GO_BP	55745
GO_BP	55746
GO_BP	55748
GO_BP	55749
GO_BP	5575
GO_BP	55750
GO_BP	55751
GO_BP	55752
GO_BP	55753
GO_BP	55754
GO_BP	55755
GO_BP	55756
GO_BP	55757
GO_BP	55758
GO_BP	55759
GO_BP	5576
GO_BP	55761
GO_BP	55762
GO_BP	55763
GO_BP	55764
GO_BP	55765
GO_BP	55766
GO_BP	55768
GO_BP	55769
GO_BP	5577
GO_BP	55770
GO_BP	55771
GO_BP	55773
GO_BP	55775
GO_BP	55776
GO_BP	55777
GO_BP	55779
GO_BP	5578
GO_BP	55780
GO_BP	55781
GO_BP	55783
GO_BP	55784
GO_BP	55785
GO_BP	55786
GO_BP	55787
GO_BP	55788
GO_BP	55789
GO_BP	5579
GO_BP	55790
GO_BP	55791
GO_BP	55793
GO_BP	55794
GO_BP	55795
GO_BP	55796
GO_BP	55798
GO_BP	55799
GO_BP	558
GO_BP	5580
GO_BP	55800
GO_BP	55801
GO_BP	55802
GO_BP	55803
GO_BP	55806
GO_BP	55808
GO_BP	55809
GO_BP	5581
GO_BP	55810
GO_BP	55811
GO_BP	55812
GO_BP	55813
GO_BP	55814
GO_BP	55815
GO_BP	55816
GO_BP	55818
GO_BP	55819
GO_BP	5582
GO_BP	55821
GO_BP	55823
GO_BP	55824
GO_BP	55825
GO_BP	55827
GO_BP	55829
GO_BP	5583
GO_BP	55831
GO_BP	55832
GO_BP	55833
GO_BP	55835
GO_BP	55837
GO_BP	55839
GO_BP	5584
GO_BP	55840
GO_BP	55841
GO_BP	55843
GO_BP	55844
GO_BP	55845
GO_BP	55846
GO_BP	55847
GO_BP	55848
GO_BP	5585
GO_BP	55850
GO_BP	55851
GO_BP	55852
GO_BP	55854
GO_BP	55856
GO_BP	55857
GO_BP	55858
GO_BP	55859
GO_BP	5586
GO_BP	55860
GO_BP	55862
GO_BP	55863
GO_BP	55867
GO_BP	55869
GO_BP	5587
GO_BP	55870
GO_BP	55872
GO_BP	55876
GO_BP	55879
GO_BP	5588
GO_BP	55884
GO_BP	55885
GO_BP	55888
GO_BP	5589
GO_BP	55890
GO_BP	55891
GO_BP	55892
GO_BP	55893
GO_BP	55897
GO_BP	55898
GO_BP	5590
GO_BP	55900
GO_BP	55902
GO_BP	55904
GO_BP	55905
GO_BP	55906
GO_BP	55907
GO_BP	55908
GO_BP	55909
GO_BP	5591
GO_BP	55911
GO_BP	55914
GO_BP	55915
GO_BP	55916
GO_BP	55917
GO_BP	5592
GO_BP	55920
GO_BP	55922
GO_BP	55929
GO_BP	5593
GO_BP	55930
GO_BP	55937
GO_BP	5594
GO_BP	55954
GO_BP	55957
GO_BP	55958
GO_BP	55959
GO_BP	5596
GO_BP	55966
GO_BP	55967
GO_BP	55968
GO_BP	5597
GO_BP	55970
GO_BP	55971
GO_BP	55972
GO_BP	55973
GO_BP	55974
GO_BP	55975
GO_BP	5598
GO_BP	5599
GO_BP	55997
GO_BP	55998
GO_BP	56
GO_BP	5600
GO_BP	56000
GO_BP	56005
GO_BP	56006
GO_BP	5601
GO_BP	5602
GO_BP	5603
GO_BP	56033
GO_BP	56034
GO_BP	5604
GO_BP	5605
GO_BP	56052
GO_BP	5606
GO_BP	56062
GO_BP	5607
GO_BP	5608
GO_BP	5609
GO_BP	56097
GO_BP	56098
GO_BP	56099
GO_BP	5610
GO_BP	56100
GO_BP	56105
GO_BP	56107
GO_BP	5611
GO_BP	56111
GO_BP	5612
GO_BP	56121
GO_BP	56122
GO_BP	56123
GO_BP	56126
GO_BP	56127
GO_BP	56128
GO_BP	56129
GO_BP	5613
GO_BP	56130
GO_BP	56131
GO_BP	56133
GO_BP	56134
GO_BP	56135
GO_BP	56139
GO_BP	56142
GO_BP	56145
GO_BP	56146
GO_BP	56154
GO_BP	56155
GO_BP	56158
GO_BP	56159
GO_BP	5616
GO_BP	56160
GO_BP	56163
GO_BP	56165
GO_BP	56169
GO_BP	5617
GO_BP	56171
GO_BP	56172
GO_BP	5618
GO_BP	56180
GO_BP	56181
GO_BP	5619
GO_BP	5620
GO_BP	56203
GO_BP	5621
GO_BP	5623
GO_BP	5624
GO_BP	56241
GO_BP	56242
GO_BP	56243
GO_BP	56244
GO_BP	56245
GO_BP	56246
GO_BP	5625
GO_BP	56252
GO_BP	56253
GO_BP	56254
GO_BP	56257
GO_BP	56259
GO_BP	5626
GO_BP	56261
GO_BP	56262
GO_BP	56265
GO_BP	56267
GO_BP	56269
GO_BP	5627
GO_BP	56270
GO_BP	56271
GO_BP	56287
GO_BP	56288
GO_BP	5629
GO_BP	563
GO_BP	5630
GO_BP	56300
GO_BP	56301
GO_BP	56302
GO_BP	5631
GO_BP	56339
GO_BP	5634
GO_BP	56341
GO_BP	56342
GO_BP	56344
GO_BP	5635
GO_BP	5636
GO_BP	5638
GO_BP	5639
GO_BP	5641
GO_BP	5644
GO_BP	56474
GO_BP	56475
GO_BP	56477
GO_BP	56478
GO_BP	56479
GO_BP	5648
GO_BP	5649
GO_BP	5650
GO_BP	5651
GO_BP	5652
GO_BP	5653
GO_BP	5654
GO_BP	56547
GO_BP	56548
GO_BP	5655
GO_BP	5657
GO_BP	566
GO_BP	5660
GO_BP	56603
GO_BP	56605
GO_BP	56606
GO_BP	56616
GO_BP	5662
GO_BP	56623
GO_BP	5663
GO_BP	5664
GO_BP	56647
GO_BP	56648
GO_BP	56649
GO_BP	56651
GO_BP	56652
GO_BP	56655
GO_BP	56656
GO_BP	56659
GO_BP	56660
GO_BP	56666
GO_BP	56667
GO_BP	56670
GO_BP	56672
GO_BP	56674
GO_BP	56675
GO_BP	56676
GO_BP	56681
GO_BP	56683
GO_BP	5669
GO_BP	567
GO_BP	56704
GO_BP	56729
GO_BP	56731
GO_BP	5675
GO_BP	56751
GO_BP	56776
GO_BP	5678
GO_BP	5680
GO_BP	5681
GO_BP	5682
GO_BP	56829
GO_BP	5683
GO_BP	56832
GO_BP	56833
GO_BP	56834
GO_BP	5684
GO_BP	56848
GO_BP	56849
GO_BP	5685
GO_BP	56850
GO_BP	56851
GO_BP	56852
GO_BP	56853
GO_BP	5686
GO_BP	5688
GO_BP	56882
GO_BP	56884
GO_BP	56886
GO_BP	56888
GO_BP	56889
GO_BP	5689
GO_BP	56890
GO_BP	56891
GO_BP	56892
GO_BP	56893
GO_BP	56894
GO_BP	56895
GO_BP	56896
GO_BP	56897
GO_BP	56898
GO_BP	56899
GO_BP	5690
GO_BP	56900
GO_BP	56902
GO_BP	56903
GO_BP	56904
GO_BP	56905
GO_BP	56907
GO_BP	5691
GO_BP	56910
GO_BP	56912
GO_BP	56913
GO_BP	56914
GO_BP	56915
GO_BP	56916
GO_BP	56917
GO_BP	56918
GO_BP	56919
GO_BP	5692
GO_BP	56920
GO_BP	56922
GO_BP	56923
GO_BP	56924
GO_BP	56925
GO_BP	56926
GO_BP	56927
GO_BP	56928
GO_BP	56929
GO_BP	5693
GO_BP	56931
GO_BP	56934
GO_BP	56937
GO_BP	56938
GO_BP	5694
GO_BP	56940
GO_BP	56941
GO_BP	56943
GO_BP	56944
GO_BP	56946
GO_BP	56947
GO_BP	56949
GO_BP	5695
GO_BP	56950
GO_BP	56952
GO_BP	56953
GO_BP	56954
GO_BP	56955
GO_BP	56956
GO_BP	56957
GO_BP	5696
GO_BP	56963
GO_BP	56964
GO_BP	56965
GO_BP	5697
GO_BP	56970
GO_BP	56975
GO_BP	56977
GO_BP	56978
GO_BP	56979
GO_BP	5698
GO_BP	56980
GO_BP	56981
GO_BP	56983
GO_BP	56984
GO_BP	56986
GO_BP	56987
GO_BP	5699
GO_BP	56990
GO_BP	56992
GO_BP	56993
GO_BP	56994
GO_BP	56995
GO_BP	56996
GO_BP	56997
GO_BP	56998
GO_BP	56999
GO_BP	570
GO_BP	5700
GO_BP	57001
GO_BP	57002
GO_BP	57003
GO_BP	57007
GO_BP	5701
GO_BP	57010
GO_BP	57016
GO_BP	57017
GO_BP	57018
GO_BP	57019
GO_BP	5702
GO_BP	57020
GO_BP	57030
GO_BP	57035
GO_BP	57038
GO_BP	5704
GO_BP	57045
GO_BP	57047
GO_BP	5705
GO_BP	57050
GO_BP	57053
GO_BP	57057
GO_BP	5706
GO_BP	57060
GO_BP	57062
GO_BP	5707
GO_BP	5708
GO_BP	57082
GO_BP	57084
GO_BP	57085
GO_BP	57088
GO_BP	57089
GO_BP	5709
GO_BP	57091
GO_BP	57092
GO_BP	57094
GO_BP	57095
GO_BP	57096
GO_BP	57097
GO_BP	57099
GO_BP	571
GO_BP	5710
GO_BP	57101
GO_BP	57102
GO_BP	57103
GO_BP	57104
GO_BP	57105
GO_BP	57106
GO_BP	57107
GO_BP	57109
GO_BP	5711
GO_BP	57110
GO_BP	57111
GO_BP	57113
GO_BP	57115
GO_BP	57117
GO_BP	57118
GO_BP	57119
GO_BP	57120
GO_BP	57121
GO_BP	57122
GO_BP	57124
GO_BP	57125
GO_BP	57126
GO_BP	57127
GO_BP	57128
GO_BP	57129
GO_BP	5713
GO_BP	57130
GO_BP	57132
GO_BP	57134
GO_BP	57139
GO_BP	5714
GO_BP	57140
GO_BP	57142
GO_BP	57143
GO_BP	57144
GO_BP	57146
GO_BP	57147
GO_BP	57148
GO_BP	5715
GO_BP	57151
GO_BP	57152
GO_BP	57153
GO_BP	57154
GO_BP	57156
GO_BP	57158
GO_BP	57159
GO_BP	5716
GO_BP	57161
GO_BP	57162
GO_BP	57165
GO_BP	57167
GO_BP	57169
GO_BP	5717
GO_BP	57171
GO_BP	57172
GO_BP	57175
GO_BP	57176
GO_BP	57178
GO_BP	5718
GO_BP	57181
GO_BP	57182
GO_BP	57185
GO_BP	57186
GO_BP	57187
GO_BP	57188
GO_BP	5719
GO_BP	57190
GO_BP	57191
GO_BP	57192
GO_BP	57194
GO_BP	57198
GO_BP	572
GO_BP	5720
GO_BP	57205
GO_BP	57209
GO_BP	5721
GO_BP	57210
GO_BP	57211
GO_BP	57214
GO_BP	57215
GO_BP	57216
GO_BP	57217
GO_BP	57221
GO_BP	57222
GO_BP	57223
GO_BP	57224
GO_BP	57226
GO_BP	5723
GO_BP	57231
GO_BP	57232
GO_BP	5724
GO_BP	5725
GO_BP	5726
GO_BP	5727
GO_BP	5728
GO_BP	57282
GO_BP	5729
GO_BP	573
GO_BP	5731
GO_BP	5732
GO_BP	57325
GO_BP	57326
GO_BP	5733
GO_BP	57332
GO_BP	57333
GO_BP	57335
GO_BP	57336
GO_BP	57337
GO_BP	57338
GO_BP	5734
GO_BP	57343
GO_BP	57348
GO_BP	57369
GO_BP	5737
GO_BP	57379
GO_BP	5738
GO_BP	57380
GO_BP	57381
GO_BP	5739
GO_BP	57393
GO_BP	57396
GO_BP	5740
GO_BP	57402
GO_BP	57403
GO_BP	57405
GO_BP	57406
GO_BP	57409
GO_BP	5741
GO_BP	57410
GO_BP	57412
GO_BP	57414
GO_BP	57419
GO_BP	5742
GO_BP	5743
GO_BP	5744
GO_BP	57446
GO_BP	57447
GO_BP	57448
GO_BP	57449
GO_BP	5745
GO_BP	57451
GO_BP	57452
GO_BP	57453
GO_BP	57455
GO_BP	57459
GO_BP	5746
GO_BP	57461
GO_BP	57462
GO_BP	57463
GO_BP	57464
GO_BP	57465
GO_BP	57466
GO_BP	57467
GO_BP	57468
GO_BP	5747
GO_BP	57470
GO_BP	57471
GO_BP	57472
GO_BP	57476
GO_BP	57477
GO_BP	57478
GO_BP	57480
GO_BP	57482
GO_BP	57484
GO_BP	57486
GO_BP	57488
GO_BP	57489
GO_BP	57492
GO_BP	57493
GO_BP	57494
GO_BP	57496
GO_BP	57497
GO_BP	57498
GO_BP	575
GO_BP	57502
GO_BP	57504
GO_BP	57505
GO_BP	57506
GO_BP	57507
GO_BP	57508
GO_BP	57509
GO_BP	57510
GO_BP	57511
GO_BP	57512
GO_BP	57514
GO_BP	57515
GO_BP	57519
GO_BP	57520
GO_BP	57521
GO_BP	57522
GO_BP	57523
GO_BP	57524
GO_BP	57526
GO_BP	57528
GO_BP	5753
GO_BP	57530
GO_BP	57531
GO_BP	57533
GO_BP	57534
GO_BP	57535
GO_BP	57537
GO_BP	57538
GO_BP	57539
GO_BP	5754
GO_BP	57540
GO_BP	57541
GO_BP	57542
GO_BP	57545
GO_BP	57546
GO_BP	57547
GO_BP	57549
GO_BP	57551
GO_BP	57552
GO_BP	57553
GO_BP	57554
GO_BP	57555
GO_BP	57556
GO_BP	57558
GO_BP	57559
GO_BP	5756
GO_BP	57560
GO_BP	57561
GO_BP	57562
GO_BP	57563
GO_BP	57567
GO_BP	57568
GO_BP	57569
GO_BP	5757
GO_BP	57570
GO_BP	57571
GO_BP	57572
GO_BP	57573
GO_BP	57574
GO_BP	57575
GO_BP	57576
GO_BP	57579
GO_BP	57580
GO_BP	57582
GO_BP	57584
GO_BP	57585
GO_BP	57586
GO_BP	57589
GO_BP	57590
GO_BP	57591
GO_BP	57592
GO_BP	57593
GO_BP	57594
GO_BP	57596
GO_BP	57599
GO_BP	576
GO_BP	57600
GO_BP	57602
GO_BP	57604
GO_BP	57605
GO_BP	57606
GO_BP	57608
GO_BP	57609
GO_BP	57610
GO_BP	57611
GO_BP	57614
GO_BP	57616
GO_BP	57617
GO_BP	57619
GO_BP	57620
GO_BP	57621
GO_BP	57622
GO_BP	57623
GO_BP	57624
GO_BP	57626
GO_BP	57628
GO_BP	57630
GO_BP	57633
GO_BP	57634
GO_BP	57636
GO_BP	57639
GO_BP	5764
GO_BP	57644
GO_BP	57645
GO_BP	57646
GO_BP	57647
GO_BP	57648
GO_BP	57649
GO_BP	57650
GO_BP	57654
GO_BP	57655
GO_BP	57657
GO_BP	57658
GO_BP	57659
GO_BP	57661
GO_BP	57662
GO_BP	57663
GO_BP	57664
GO_BP	57669
GO_BP	57673
GO_BP	57674
GO_BP	57677
GO_BP	57678
GO_BP	57679
GO_BP	5768
GO_BP	57680
GO_BP	57683
GO_BP	57684
GO_BP	57685
GO_BP	57688
GO_BP	57689
GO_BP	57690
GO_BP	57691
GO_BP	57692
GO_BP	57693
GO_BP	57695
GO_BP	57696
GO_BP	57697
GO_BP	57698
GO_BP	57699
GO_BP	577
GO_BP	5770
GO_BP	57701
GO_BP	57703
GO_BP	57704
GO_BP	57705
GO_BP	57706
GO_BP	57707
GO_BP	57708
GO_BP	57709
GO_BP	5771
GO_BP	57710
GO_BP	57711
GO_BP	57713
GO_BP	57715
GO_BP	57716
GO_BP	57717
GO_BP	57718
GO_BP	57719
GO_BP	57720
GO_BP	57721
GO_BP	57722
GO_BP	57724
GO_BP	57727
GO_BP	57728
GO_BP	57731
GO_BP	57732
GO_BP	57733
GO_BP	5774
GO_BP	5775
GO_BP	57758
GO_BP	57761
GO_BP	57763
GO_BP	5777
GO_BP	5778
GO_BP	57786
GO_BP	57787
GO_BP	57794
GO_BP	57795
GO_BP	57798
GO_BP	57799
GO_BP	578
GO_BP	5780
GO_BP	57804
GO_BP	57805
GO_BP	5781
GO_BP	57817
GO_BP	57818
GO_BP	57819
GO_BP	5782
GO_BP	57820
GO_BP	57821
GO_BP	57822
GO_BP	57823
GO_BP	57824
GO_BP	57826
GO_BP	57828
GO_BP	57829
GO_BP	5783
GO_BP	57834
GO_BP	57835
GO_BP	5784
GO_BP	5786
GO_BP	57862
GO_BP	57863
GO_BP	57864
GO_BP	5787
GO_BP	5788
GO_BP	5789
GO_BP	579
GO_BP	5791
GO_BP	5792
GO_BP	5793
GO_BP	5794
GO_BP	5795
GO_BP	5796
GO_BP	5797
GO_BP	5798
GO_BP	5799
GO_BP	58
GO_BP	580
GO_BP	5800
GO_BP	5801
GO_BP	5802
GO_BP	5803
GO_BP	5805
GO_BP	5806
GO_BP	581
GO_BP	5810
GO_BP	5813
GO_BP	5814
GO_BP	58155
GO_BP	58157
GO_BP	58158
GO_BP	5816
GO_BP	58160
GO_BP	5817
GO_BP	5818
GO_BP	58189
GO_BP	5819
GO_BP	58190
GO_BP	58191
GO_BP	582
GO_BP	5822
GO_BP	5824
GO_BP	5825
GO_BP	5826
GO_BP	5828
GO_BP	5829
GO_BP	583
GO_BP	5830
GO_BP	5831
GO_BP	5832
GO_BP	5833
GO_BP	5834
GO_BP	5836
GO_BP	5837
GO_BP	58472
GO_BP	58473
GO_BP	58475
GO_BP	58476
GO_BP	58477
GO_BP	58478
GO_BP	58480
GO_BP	58483
GO_BP	58484
GO_BP	58485
GO_BP	58487
GO_BP	58488
GO_BP	58489
GO_BP	58490
GO_BP	58491
GO_BP	58492
GO_BP	58493
GO_BP	58494
GO_BP	58495
GO_BP	58497
GO_BP	58498
GO_BP	58499
GO_BP	585
GO_BP	58500
GO_BP	58503
GO_BP	58504
GO_BP	58505
GO_BP	58508
GO_BP	58509
GO_BP	58510
GO_BP	58511
GO_BP	58512
GO_BP	58513
GO_BP	58515
GO_BP	58516
GO_BP	58517
GO_BP	58524
GO_BP	58525
GO_BP	58526
GO_BP	58527
GO_BP	58528
GO_BP	58529
GO_BP	58530
GO_BP	58531
GO_BP	58533
GO_BP	58538
GO_BP	5858
GO_BP	5859
GO_BP	586
GO_BP	5860
GO_BP	5861
GO_BP	5862
GO_BP	5863
GO_BP	5864
GO_BP	5865
GO_BP	5866
GO_BP	5867
GO_BP	5868
GO_BP	5869
GO_BP	587
GO_BP	5870
GO_BP	5871
GO_BP	5872
GO_BP	5873
GO_BP	5874
GO_BP	5875
GO_BP	5876
GO_BP	5877
GO_BP	5878
GO_BP	5879
GO_BP	5880
GO_BP	5881
GO_BP	5883
GO_BP	5884
GO_BP	5885
GO_BP	5886
GO_BP	5887
GO_BP	5888
GO_BP	5889
GO_BP	5890
GO_BP	5891
GO_BP	5892
GO_BP	5893
GO_BP	5894
GO_BP	5896
GO_BP	5897
GO_BP	5898
GO_BP	58985
GO_BP	58986
GO_BP	5899
GO_BP	59
GO_BP	590
GO_BP	5900
GO_BP	5901
GO_BP	5902
GO_BP	5903
GO_BP	5905
GO_BP	5906
GO_BP	59067
GO_BP	5908
GO_BP	59082
GO_BP	59084
GO_BP	5909
GO_BP	5910
GO_BP	5911
GO_BP	5912
GO_BP	5913
GO_BP	5914
GO_BP	5915
GO_BP	5916
GO_BP	5917
GO_BP	5918
GO_BP	5919
GO_BP	5920
GO_BP	5921
GO_BP	5922
GO_BP	5923
GO_BP	5924
GO_BP	5925
GO_BP	5926
GO_BP	59269
GO_BP	5927
GO_BP	59272
GO_BP	59277
GO_BP	5928
GO_BP	59283
GO_BP	59284
GO_BP	59285
GO_BP	59286
GO_BP	5929
GO_BP	593
GO_BP	5930
GO_BP	59307
GO_BP	5931
GO_BP	5932
GO_BP	5933
GO_BP	59336
GO_BP	59338
GO_BP	59339
GO_BP	5934
GO_BP	59340
GO_BP	59341
GO_BP	59342
GO_BP	59343
GO_BP	59344
GO_BP	59345
GO_BP	59347
GO_BP	59348
GO_BP	59349
GO_BP	5935
GO_BP	59350
GO_BP	59352
GO_BP	59353
GO_BP	5936
GO_BP	5937
GO_BP	5939
GO_BP	594
GO_BP	5947
GO_BP	5948
GO_BP	594855
GO_BP	5949
GO_BP	595
GO_BP	5950
GO_BP	5954
GO_BP	5957
GO_BP	5959
GO_BP	596
GO_BP	5961
GO_BP	5962
GO_BP	5965
GO_BP	5966
GO_BP	5967
GO_BP	5968
GO_BP	597
GO_BP	5970
GO_BP	5971
GO_BP	5972
GO_BP	5973
GO_BP	5976
GO_BP	5977
GO_BP	5978
GO_BP	5979
GO_BP	598
GO_BP	5980
GO_BP	5981
GO_BP	5982
GO_BP	5983
GO_BP	5984
GO_BP	5985
GO_BP	5986
GO_BP	5987
GO_BP	5988
GO_BP	5989
GO_BP	599
GO_BP	5990
GO_BP	5991
GO_BP	5992
GO_BP	5993
GO_BP	5994
GO_BP	5995
GO_BP	5996
GO_BP	5997
GO_BP	5998
GO_BP	5999
GO_BP	6000
GO_BP	6001
GO_BP	6002
GO_BP	6003
GO_BP	6004
GO_BP	6005
GO_BP	6007
GO_BP	6009
GO_BP	6010
GO_BP	6011
GO_BP	6013
GO_BP	6014
GO_BP	6015
GO_BP	6016
GO_BP	6017
GO_BP	6018
GO_BP	6019
GO_BP	602
GO_BP	60312
GO_BP	60313
GO_BP	60314
GO_BP	60343
GO_BP	6035
GO_BP	6036
GO_BP	6037
GO_BP	60370
GO_BP	6038
GO_BP	60386
GO_BP	6039
GO_BP	604
GO_BP	60401
GO_BP	6041
GO_BP	60412
GO_BP	60436
GO_BP	60437
GO_BP	6045
GO_BP	6046
GO_BP	60468
GO_BP	6047
GO_BP	6048
GO_BP	60481
GO_BP	60482
GO_BP	60484
GO_BP	60485
GO_BP	60487
GO_BP	60488
GO_BP	60489
GO_BP	6049
GO_BP	60490
GO_BP	60491
GO_BP	60493
GO_BP	60495
GO_BP	60496
GO_BP	605
GO_BP	6050
GO_BP	60506
GO_BP	60509
GO_BP	6051
GO_BP	60526
GO_BP	60528
GO_BP	60529
GO_BP	60558
GO_BP	60559
GO_BP	60560
GO_BP	60561
GO_BP	6059
GO_BP	60592
GO_BP	60598
GO_BP	60625
GO_BP	60626
GO_BP	606495
GO_BP	60672
GO_BP	60673
GO_BP	60675
GO_BP	60676
GO_BP	60677
GO_BP	60678
GO_BP	60680
GO_BP	60681
GO_BP	60682
GO_BP	60684
GO_BP	60686
GO_BP	607
GO_BP	608
GO_BP	6091
GO_BP	6092
GO_BP	6093
GO_BP	6094
GO_BP	6095
GO_BP	6096
GO_BP	6097
GO_BP	6098
GO_BP	610
GO_BP	6100
GO_BP	6101
GO_BP	6102
GO_BP	6103
GO_BP	611
GO_BP	6117
GO_BP	6118
GO_BP	6119
GO_BP	6120
GO_BP	6121
GO_BP	6123
GO_BP	6124
GO_BP	6125
GO_BP	6129
GO_BP	613
GO_BP	6132
GO_BP	6133
GO_BP	6134
GO_BP	6135
GO_BP	6137
GO_BP	6138
GO_BP	6141
GO_BP	6142
GO_BP	6143
GO_BP	6146
GO_BP	6150
GO_BP	6152
GO_BP	6155
GO_BP	6156
GO_BP	6157
GO_BP	6158
GO_BP	6160
GO_BP	6161
GO_BP	6164
GO_BP	6165
GO_BP	6166
GO_BP	6167
GO_BP	6168
GO_BP	6169
GO_BP	617
GO_BP	6170
GO_BP	6171
GO_BP	6173
GO_BP	6175
GO_BP	6176
GO_BP	6181
GO_BP	6182
GO_BP	6183
GO_BP	6184
GO_BP	6185
GO_BP	6188
GO_BP	6189
GO_BP	6192
GO_BP	619207
GO_BP	619279
GO_BP	6193
GO_BP	6194
GO_BP	6195
GO_BP	619505
GO_BP	6196
GO_BP	6197
GO_BP	6198
GO_BP	6199
GO_BP	6201
GO_BP	6202
GO_BP	6203
GO_BP	6205
GO_BP	6207
GO_BP	6208
GO_BP	6209
GO_BP	6210
GO_BP	6217
GO_BP	622
GO_BP	6222
GO_BP	6223
GO_BP	6224
GO_BP	6227
GO_BP	6228
GO_BP	6229
GO_BP	623
GO_BP	6230
GO_BP	6231
GO_BP	6232
GO_BP	6233
GO_BP	6234
GO_BP	6235
GO_BP	6236
GO_BP	6237
GO_BP	6238
GO_BP	6239
GO_BP	624
GO_BP	6240
GO_BP	6241
GO_BP	6242
GO_BP	6247
GO_BP	6249
GO_BP	6251
GO_BP	6252
GO_BP	6253
GO_BP	6256
GO_BP	6257
GO_BP	6258
GO_BP	6259
GO_BP	6261
GO_BP	6262
GO_BP	6263
GO_BP	627
GO_BP	6271
GO_BP	6272
GO_BP	6273
GO_BP	6275
GO_BP	6277
GO_BP	6278
GO_BP	6279
GO_BP	6280
GO_BP	6281
GO_BP	6282
GO_BP	6283
GO_BP	6284
GO_BP	6285
GO_BP	6286
GO_BP	629
GO_BP	6291
GO_BP	6293
GO_BP	6294
GO_BP	6295
GO_BP	6296
GO_BP	6297
GO_BP	6299
GO_BP	6300
GO_BP	6301
GO_BP	6302
GO_BP	63027
GO_BP	6303
GO_BP	63035
GO_BP	6304
GO_BP	6305
GO_BP	6307
GO_BP	6309
GO_BP	631
GO_BP	6310
GO_BP	6311
GO_BP	6314
GO_BP	6317
GO_BP	6318
GO_BP	6319
GO_BP	6320
GO_BP	6322
GO_BP	6323
GO_BP	6324
GO_BP	6326
GO_BP	6327
GO_BP	6328
GO_BP	6329
GO_BP	633
GO_BP	6330
GO_BP	6331
GO_BP	6332
GO_BP	6334
GO_BP	6335
GO_BP	6336
GO_BP	6337
GO_BP	6338
GO_BP	6339
GO_BP	634
GO_BP	6340
GO_BP	6341
GO_BP	6342
GO_BP	6343
GO_BP	6344
GO_BP	6345
GO_BP	6346
GO_BP	6347
GO_BP	635
GO_BP	6351
GO_BP	6352
GO_BP	6354
GO_BP	6355
GO_BP	6356
GO_BP	6357
GO_BP	636
GO_BP	6360
GO_BP	6361
GO_BP	6362
GO_BP	6363
GO_BP	6364
GO_BP	6366
GO_BP	6367
GO_BP	6368
GO_BP	6369
GO_BP	637
GO_BP	6370
GO_BP	6372
GO_BP	6373
GO_BP	6374
GO_BP	6375
GO_BP	6376
GO_BP	638
GO_BP	6382
GO_BP	63826
GO_BP	63827
GO_BP	6383
GO_BP	6385
GO_BP	6386
GO_BP	6387
GO_BP	63874
GO_BP	63875
GO_BP	63876
GO_BP	6388
GO_BP	63891
GO_BP	63892
GO_BP	63893
GO_BP	63894
GO_BP	63895
GO_BP	63899
GO_BP	639
GO_BP	6390
GO_BP	63901
GO_BP	63904
GO_BP	63906
GO_BP	63908
GO_BP	6391
GO_BP	63910
GO_BP	63916
GO_BP	63917
GO_BP	6392
GO_BP	63922
GO_BP	63923
GO_BP	63924
GO_BP	63925
GO_BP	63928
GO_BP	63929
GO_BP	63931
GO_BP	63932
GO_BP	63933
GO_BP	63934
GO_BP	63935
GO_BP	63940
GO_BP	63941
GO_BP	63943
GO_BP	63946
GO_BP	63948
GO_BP	63950
GO_BP	63951
GO_BP	6396
GO_BP	63967
GO_BP	6397
GO_BP	63970
GO_BP	63971
GO_BP	63973
GO_BP	63974
GO_BP	63976
GO_BP	63977
GO_BP	63978
GO_BP	63979
GO_BP	6398
GO_BP	63982
GO_BP	6399
GO_BP	640
GO_BP	6400
GO_BP	64002
GO_BP	64005
GO_BP	6401
GO_BP	6402
GO_BP	6403
GO_BP	6404
GO_BP	6405
GO_BP	6406
GO_BP	64061
GO_BP	64063
GO_BP	64064
GO_BP	64065
GO_BP	64066
GO_BP	64067
GO_BP	6407
GO_BP	64072
GO_BP	64073
GO_BP	64077
GO_BP	64078
GO_BP	64080
GO_BP	64081
GO_BP	64083
GO_BP	64084
GO_BP	64087
GO_BP	64089
GO_BP	64090
GO_BP	64091
GO_BP	64092
GO_BP	64093
GO_BP	64094
GO_BP	64096
GO_BP	64097
GO_BP	64098
GO_BP	641
GO_BP	64100
GO_BP	64101
GO_BP	64102
GO_BP	64105
GO_BP	64106
GO_BP	64108
GO_BP	64109
GO_BP	64110
GO_BP	64111
GO_BP	64112
GO_BP	64114
GO_BP	64115
GO_BP	64116
GO_BP	64118
GO_BP	64121
GO_BP	64122
GO_BP	64123
GO_BP	64127
GO_BP	64130
GO_BP	64131
GO_BP	64132
GO_BP	641339
GO_BP	64135
GO_BP	64137
GO_BP	641372
GO_BP	6414
GO_BP	64145
GO_BP	64147
GO_BP	64149
GO_BP	6415
GO_BP	64151
GO_BP	6416
GO_BP	641649
GO_BP	64167
GO_BP	64168
GO_BP	64170
GO_BP	641700
GO_BP	64172
GO_BP	64174
GO_BP	64175
GO_BP	6418
GO_BP	64180
GO_BP	6419
GO_BP	642
GO_BP	64207
GO_BP	64208
GO_BP	6421
GO_BP	64210
GO_BP	64211
GO_BP	64215
GO_BP	64216
GO_BP	64218
GO_BP	64219
GO_BP	6422
GO_BP	64220
GO_BP	64221
GO_BP	64223
GO_BP	64224
GO_BP	64225
GO_BP	642273
GO_BP	642280
GO_BP	6423
GO_BP	64231
GO_BP	64232
GO_BP	64236
GO_BP	6424
GO_BP	64240
GO_BP	64241
GO_BP	6425
GO_BP	642597
GO_BP	6426
GO_BP	642636
GO_BP	6427
GO_BP	6428
GO_BP	642819
GO_BP	64282
GO_BP	64283
GO_BP	64284
GO_BP	64285
GO_BP	64288
GO_BP	6429
GO_BP	642938
GO_BP	642987
GO_BP	643
GO_BP	6430
GO_BP	6431
GO_BP	64318
GO_BP	6432
GO_BP	64320
GO_BP	64321
GO_BP	64324
GO_BP	643246
GO_BP	64326
GO_BP	64327
GO_BP	64328
GO_BP	6433
GO_BP	64332
GO_BP	64333
GO_BP	643338
GO_BP	643376
GO_BP	6434
GO_BP	64342
GO_BP	64343
GO_BP	64344
GO_BP	643641
GO_BP	64374
GO_BP	64375
GO_BP	64376
GO_BP	64377
GO_BP	643836
GO_BP	64386
GO_BP	643866
GO_BP	64388
GO_BP	6439
GO_BP	64393
GO_BP	64395
GO_BP	64397
GO_BP	64398
GO_BP	64399
GO_BP	644
GO_BP	6440
GO_BP	64400
GO_BP	64403
GO_BP	64405
GO_BP	64407
GO_BP	64409
GO_BP	644096
GO_BP	6441
GO_BP	64410
GO_BP	64411
GO_BP	64412
GO_BP	644139
GO_BP	644150
GO_BP	64418
GO_BP	644186
GO_BP	64419
GO_BP	6442
GO_BP	64421
GO_BP	64422
GO_BP	64423
GO_BP	64425
GO_BP	64426
GO_BP	64428
GO_BP	64429
GO_BP	6443
GO_BP	64431
GO_BP	64432
GO_BP	64434
GO_BP	6444
GO_BP	64446
GO_BP	6445
GO_BP	6446
GO_BP	6447
GO_BP	64478
GO_BP	6448
GO_BP	644815
GO_BP	644890
GO_BP	6449
GO_BP	644943
GO_BP	645
GO_BP	645027
GO_BP	64506
GO_BP	6451
GO_BP	64518
GO_BP	6452
GO_BP	6453
GO_BP	645323
GO_BP	6455
GO_BP	6456
GO_BP	6457
GO_BP	64577
GO_BP	64579
GO_BP	64581
GO_BP	645811
GO_BP	64582
GO_BP	645832
GO_BP	645961
GO_BP	64598
GO_BP	64599
GO_BP	646
GO_BP	64600
GO_BP	64601
GO_BP	646019
GO_BP	6461
GO_BP	6464
GO_BP	64641
GO_BP	64645
GO_BP	64651
GO_BP	646627
GO_BP	6468
GO_BP	64682
GO_BP	64689
GO_BP	6469
GO_BP	64693
GO_BP	64699
GO_BP	6470
GO_BP	64708
GO_BP	647087
GO_BP	64710
GO_BP	64711
GO_BP	647135
GO_BP	64714
GO_BP	64718
GO_BP	6472
GO_BP	647219
GO_BP	6473
GO_BP	6474
GO_BP	64743
GO_BP	64745
GO_BP	64746
GO_BP	64747
GO_BP	64748
GO_BP	64750
GO_BP	64753
GO_BP	64754
GO_BP	64756
GO_BP	64757
GO_BP	647589
GO_BP	64759
GO_BP	6476
GO_BP	64761
GO_BP	64762
GO_BP	64763
GO_BP	64764
GO_BP	64768
GO_BP	64769
GO_BP	6477
GO_BP	64770
GO_BP	64771
GO_BP	64772
GO_BP	64776
GO_BP	64777
GO_BP	6478
GO_BP	64780
GO_BP	64781
GO_BP	64782
GO_BP	64783
GO_BP	64784
GO_BP	64785
GO_BP	64786
GO_BP	64787
GO_BP	64788
GO_BP	64789
GO_BP	64792
GO_BP	64793
GO_BP	64794
GO_BP	64795
GO_BP	647979
GO_BP	64798
GO_BP	64799
GO_BP	648
GO_BP	6480
GO_BP	64800
GO_BP	64801
GO_BP	64802
GO_BP	64805
GO_BP	64806
GO_BP	6482
GO_BP	6483
GO_BP	64834
GO_BP	64838
GO_BP	64839
GO_BP	6484
GO_BP	64840
GO_BP	64841
GO_BP	64843
GO_BP	64844
GO_BP	64847
GO_BP	64848
GO_BP	64849
GO_BP	64850
GO_BP	64852
GO_BP	64853
GO_BP	64854
GO_BP	64855
GO_BP	64856
GO_BP	64857
GO_BP	64858
GO_BP	64859
GO_BP	64863
GO_BP	64864
GO_BP	648691
GO_BP	6487
GO_BP	64881
GO_BP	6489
GO_BP	64895
GO_BP	64897
GO_BP	649
GO_BP	6490
GO_BP	64900
GO_BP	64901
GO_BP	64902
GO_BP	6491
GO_BP	64919
GO_BP	6492
GO_BP	64921
GO_BP	64922
GO_BP	64924
GO_BP	64926
GO_BP	64927
GO_BP	64928
GO_BP	6493
GO_BP	6494
GO_BP	64943
GO_BP	64949
GO_BP	6495
GO_BP	6496
GO_BP	64960
GO_BP	64963
GO_BP	64965
GO_BP	64968
GO_BP	64969
GO_BP	6497
GO_BP	64975
GO_BP	64976
GO_BP	64978
GO_BP	64979
GO_BP	6498
GO_BP	64981
GO_BP	64983
GO_BP	6499
GO_BP	650
GO_BP	6500
GO_BP	65003
GO_BP	65005
GO_BP	65008
GO_BP	65009
GO_BP	65010
GO_BP	65012
GO_BP	65018
GO_BP	6502
GO_BP	6503
GO_BP	6504
GO_BP	6505
GO_BP	65055
GO_BP	65056
GO_BP	65057
GO_BP	65059
GO_BP	6506
GO_BP	65061
GO_BP	65062
GO_BP	65065
GO_BP	6507
GO_BP	65078
GO_BP	6508
GO_BP	65080
GO_BP	65082
GO_BP	65083
GO_BP	65084
GO_BP	6509
GO_BP	65094
GO_BP	65095
GO_BP	651
GO_BP	6510
GO_BP	65108
GO_BP	65109
GO_BP	6511
GO_BP	65110
GO_BP	6512
GO_BP	65123
GO_BP	65125
GO_BP	6513
GO_BP	6514
GO_BP	6515
GO_BP	6517
GO_BP	6518
GO_BP	6519
GO_BP	652
GO_BP	6520
GO_BP	6521
GO_BP	65217
GO_BP	6522
GO_BP	65220
GO_BP	6523
GO_BP	6524
GO_BP	65243
GO_BP	6525
GO_BP	65250
GO_BP	65251
GO_BP	6526
GO_BP	65260
GO_BP	65263
GO_BP	65264
GO_BP	65266
GO_BP	65267
GO_BP	65268
GO_BP	6527
GO_BP	6528
GO_BP	6529
GO_BP	652968
GO_BP	652995
GO_BP	653
GO_BP	6530
GO_BP	6531
GO_BP	653121
GO_BP	653145
GO_BP	6532
GO_BP	653240
GO_BP	653275
GO_BP	6533
GO_BP	653308
GO_BP	653319
GO_BP	653390
GO_BP	6534
GO_BP	653423
GO_BP	6535
GO_BP	653505
GO_BP	6536
GO_BP	6538
GO_BP	653808
GO_BP	6539
GO_BP	654
GO_BP	6540
GO_BP	6541
GO_BP	6542
GO_BP	654254
GO_BP	6543
GO_BP	654429
GO_BP	6545
GO_BP	6546
GO_BP	6547
GO_BP	6548
GO_BP	6549
GO_BP	655
GO_BP	6550
GO_BP	6553
GO_BP	6554
GO_BP	6555
GO_BP	6556
GO_BP	6557
GO_BP	6558
GO_BP	6559
GO_BP	656
GO_BP	6560
GO_BP	6561
GO_BP	6563
GO_BP	6564
GO_BP	6565
GO_BP	6566
GO_BP	6567
GO_BP	6568
GO_BP	6569
GO_BP	657
GO_BP	6570
GO_BP	6571
GO_BP	6572
GO_BP	6573
GO_BP	6574
GO_BP	6575
GO_BP	6576
GO_BP	6578
GO_BP	6579
GO_BP	658
GO_BP	6580
GO_BP	6581
GO_BP	6582
GO_BP	6583
GO_BP	6584
GO_BP	6585
GO_BP	6586
GO_BP	6588
GO_BP	659
GO_BP	6590
GO_BP	6591
GO_BP	6594
GO_BP	6595
GO_BP	6596
GO_BP	6597
GO_BP	65975
GO_BP	65977
GO_BP	65979
GO_BP	6598
GO_BP	65980
GO_BP	65981
GO_BP	65982
GO_BP	65985
GO_BP	65986
GO_BP	65988
GO_BP	65989
GO_BP	6599
GO_BP	65991
GO_BP	65992
GO_BP	65993
GO_BP	65997
GO_BP	65998
GO_BP	65999
GO_BP	660
GO_BP	66000
GO_BP	66002
GO_BP	66004
GO_BP	66005
GO_BP	66008
GO_BP	6601
GO_BP	6602
GO_BP	6603
GO_BP	66035
GO_BP	66036
GO_BP	66037
GO_BP	6604
GO_BP	6605
GO_BP	6608
GO_BP	6609
GO_BP	661
GO_BP	6610
GO_BP	6611
GO_BP	6612
GO_BP	6613
GO_BP	6614
GO_BP	6615
GO_BP	6616
GO_BP	6617
GO_BP	6618
GO_BP	6619
GO_BP	662
GO_BP	6620
GO_BP	6621
GO_BP	6622
GO_BP	6623
GO_BP	6624
GO_BP	6625
GO_BP	6626
GO_BP	6627
GO_BP	6628
GO_BP	6629
GO_BP	663
GO_BP	6631
GO_BP	6632
GO_BP	6633
GO_BP	6634
GO_BP	6635
GO_BP	6636
GO_BP	6637
GO_BP	6638
GO_BP	664
GO_BP	6640
GO_BP	6641
GO_BP	6642
GO_BP	6643
GO_BP	6646
GO_BP	6647
GO_BP	664701
GO_BP	6648
GO_BP	665
GO_BP	6650
GO_BP	6651
GO_BP	6652
GO_BP	6653
GO_BP	6654
GO_BP	6655
GO_BP	6656
GO_BP	6657
GO_BP	6658
GO_BP	6659
GO_BP	666
GO_BP	6660
GO_BP	6662
GO_BP	6663
GO_BP	6664
GO_BP	6665
GO_BP	6666
GO_BP	6667
GO_BP	6668
GO_BP	667
GO_BP	6670
GO_BP	6671
GO_BP	6672
GO_BP	6674
GO_BP	6675
GO_BP	6676
GO_BP	6677
GO_BP	6678
GO_BP	668
GO_BP	6683
GO_BP	6687
GO_BP	6688
GO_BP	6689
GO_BP	669
GO_BP	6690
GO_BP	6691
GO_BP	6692
GO_BP	6693
GO_BP	6694
GO_BP	6695
GO_BP	6696
GO_BP	6697
GO_BP	6698
GO_BP	6699
GO_BP	670
GO_BP	6706
GO_BP	6707
GO_BP	6708
GO_BP	6709
GO_BP	671
GO_BP	6710
GO_BP	6711
GO_BP	6712
GO_BP	6713
GO_BP	6714
GO_BP	6715
GO_BP	6716
GO_BP	6717
GO_BP	6718
GO_BP	672
GO_BP	6720
GO_BP	6721
GO_BP	6722
GO_BP	6723
GO_BP	6725
GO_BP	6726
GO_BP	6727
GO_BP	6728
GO_BP	6729
GO_BP	673
GO_BP	6730
GO_BP	6731
GO_BP	6732
GO_BP	6733
GO_BP	6734
GO_BP	6736
GO_BP	6737
GO_BP	6738
GO_BP	6741
GO_BP	6742
GO_BP	6745
GO_BP	6746
GO_BP	6747
GO_BP	6749
GO_BP	675
GO_BP	6750
GO_BP	6751
GO_BP	6752
GO_BP	6753
GO_BP	6754
GO_BP	6755
GO_BP	6756
GO_BP	676
GO_BP	6760
GO_BP	6764
GO_BP	6767
GO_BP	6768
GO_BP	6769
GO_BP	677
GO_BP	6770
GO_BP	6772
GO_BP	6773
GO_BP	6774
GO_BP	6775
GO_BP	6776
GO_BP	6777
GO_BP	677766
GO_BP	6778
GO_BP	677819
GO_BP	677824
GO_BP	677844
GO_BP	6779
GO_BP	678
GO_BP	6780
GO_BP	6781
GO_BP	6782
GO_BP	6783
GO_BP	6785
GO_BP	6786
GO_BP	6787
GO_BP	6788
GO_BP	6789
GO_BP	6790
GO_BP	6792
GO_BP	6793
GO_BP	6794
GO_BP	6795
GO_BP	680
GO_BP	6801
GO_BP	6804
GO_BP	6809
GO_BP	6810
GO_BP	6811
GO_BP	6812
GO_BP	6813
GO_BP	6814
GO_BP	6815
GO_BP	6817
GO_BP	6819
GO_BP	682
GO_BP	6820
GO_BP	6821
GO_BP	6822
GO_BP	6827
GO_BP	6829
GO_BP	683
GO_BP	6830
GO_BP	6832
GO_BP	6833
GO_BP	6834
GO_BP	6836
GO_BP	6837
GO_BP	6838
GO_BP	6839
GO_BP	684
GO_BP	6840
GO_BP	6843
GO_BP	6844
GO_BP	6845
GO_BP	6847
GO_BP	685
GO_BP	6850
GO_BP	6853
GO_BP	6854
GO_BP	6855
GO_BP	6856
GO_BP	6857
GO_BP	686
GO_BP	6860
GO_BP	6861
GO_BP	6862
GO_BP	6863
GO_BP	6865
GO_BP	6866
GO_BP	6867
GO_BP	6868
GO_BP	6869
GO_BP	687
GO_BP	6870
GO_BP	6871
GO_BP	6872
GO_BP	6873
GO_BP	6874
GO_BP	6875
GO_BP	6876
GO_BP	6877
GO_BP	6878
GO_BP	6879
GO_BP	688
GO_BP	6881
GO_BP	6882
GO_BP	6883
GO_BP	6884
GO_BP	6885
GO_BP	6886
GO_BP	6887
GO_BP	6888
GO_BP	689
GO_BP	6890
GO_BP	6891
GO_BP	6892
GO_BP	6894
GO_BP	6895
GO_BP	6897
GO_BP	6898
GO_BP	6899
GO_BP	6900
GO_BP	6901
GO_BP	6902
GO_BP	6903
GO_BP	6904
GO_BP	6905
GO_BP	6906
GO_BP	6907
GO_BP	6908
GO_BP	6909
GO_BP	6910
GO_BP	6911
GO_BP	6913
GO_BP	6915
GO_BP	6916
GO_BP	6917
GO_BP	6919
GO_BP	6920
GO_BP	6921
GO_BP	692205
GO_BP	6923
GO_BP	6924
GO_BP	6925
GO_BP	6926
GO_BP	6927
GO_BP	6928
GO_BP	6929
GO_BP	6934
GO_BP	6935
GO_BP	6936
GO_BP	6938
GO_BP	6939
GO_BP	694
GO_BP	6940
GO_BP	6941
GO_BP	6942
GO_BP	6943
GO_BP	6944
GO_BP	6945
GO_BP	6947
GO_BP	6948
GO_BP	6949
GO_BP	695
GO_BP	6950
GO_BP	6954
GO_BP	696
GO_BP	6978
GO_BP	6988
GO_BP	699
GO_BP	6990
GO_BP	6991
GO_BP	6992
GO_BP	6993
GO_BP	6996
GO_BP	6999
GO_BP	70
GO_BP	7001
GO_BP	7003
GO_BP	7004
GO_BP	7005
GO_BP	7006
GO_BP	7007
GO_BP	7008
GO_BP	7009
GO_BP	701
GO_BP	7010
GO_BP	7011
GO_BP	7013
GO_BP	7014
GO_BP	7015
GO_BP	7016
GO_BP	7018
GO_BP	7019
GO_BP	7020
GO_BP	7021
GO_BP	7022
GO_BP	7023
GO_BP	7024
GO_BP	7025
GO_BP	7026
GO_BP	7027
GO_BP	7029
GO_BP	7030
GO_BP	7031
GO_BP	7032
GO_BP	7033
GO_BP	7035
GO_BP	7036
GO_BP	7037
GO_BP	7038
GO_BP	7039
GO_BP	7040
GO_BP	7041
GO_BP	7042
GO_BP	7043
GO_BP	7044
GO_BP	7045
GO_BP	7046
GO_BP	7048
GO_BP	7049
GO_BP	705
GO_BP	7050
GO_BP	7051
GO_BP	7052
GO_BP	7053
GO_BP	7054
GO_BP	7056
GO_BP	7057
GO_BP	7058
GO_BP	7059
GO_BP	706
GO_BP	7060
GO_BP	7062
GO_BP	7064
GO_BP	7066
GO_BP	7067
GO_BP	7068
GO_BP	7069
GO_BP	7070
GO_BP	7071
GO_BP	7072
GO_BP	7073
GO_BP	7074
GO_BP	7075
GO_BP	7076
GO_BP	7077
GO_BP	7078
GO_BP	7079
GO_BP	708
GO_BP	7080
GO_BP	7082
GO_BP	7083
GO_BP	7084
GO_BP	7086
GO_BP	7087
GO_BP	7088
GO_BP	7089
GO_BP	7090
GO_BP	7091
GO_BP	7092
GO_BP	7093
GO_BP	7094
GO_BP	7095
GO_BP	7096
GO_BP	7097
GO_BP	7098
GO_BP	7099
GO_BP	710
GO_BP	7100
GO_BP	7101
GO_BP	7103
GO_BP	7104
GO_BP	7105
GO_BP	7106
GO_BP	7107
GO_BP	7108
GO_BP	7109
GO_BP	7110
GO_BP	7111
GO_BP	7113
GO_BP	7114
GO_BP	712
GO_BP	7122
GO_BP	7124
GO_BP	7125
GO_BP	7126
GO_BP	7127
GO_BP	7128
GO_BP	713
GO_BP	7130
GO_BP	7132
GO_BP	7133
GO_BP	7134
GO_BP	7135
GO_BP	7136
GO_BP	7137
GO_BP	7138
GO_BP	7139
GO_BP	714
GO_BP	7140
GO_BP	7141
GO_BP	7142
GO_BP	7143
GO_BP	7145
GO_BP	7148
GO_BP	715
GO_BP	7150
GO_BP	7153
GO_BP	7155
GO_BP	7156
GO_BP	7157
GO_BP	7158
GO_BP	7159
GO_BP	716
GO_BP	7161
GO_BP	7162
GO_BP	7163
GO_BP	7164
GO_BP	7165
GO_BP	7166
GO_BP	7167
GO_BP	7168
GO_BP	7169
GO_BP	717
GO_BP	7170
GO_BP	7171
GO_BP	7172
GO_BP	7173
GO_BP	7174
GO_BP	7175
GO_BP	7177
GO_BP	7178
GO_BP	7179
GO_BP	718
GO_BP	7180
GO_BP	7181
GO_BP	7182
GO_BP	7184
GO_BP	7185
GO_BP	7186
GO_BP	7187
GO_BP	7188
GO_BP	7189
GO_BP	719
GO_BP	72
GO_BP	7200
GO_BP	7201
GO_BP	7203
GO_BP	7204
GO_BP	7205
GO_BP	7216
GO_BP	722
GO_BP	7220
GO_BP	7222
GO_BP	7223
GO_BP	7224
GO_BP	7225
GO_BP	7226
GO_BP	7227
GO_BP	7247
GO_BP	7248
GO_BP	7249
GO_BP	725
GO_BP	7251
GO_BP	7252
GO_BP	7253
GO_BP	7257
GO_BP	7258
GO_BP	7259
GO_BP	726
GO_BP	7260
GO_BP	7262
GO_BP	7263
GO_BP	7264
GO_BP	7265
GO_BP	7266
GO_BP	7267
GO_BP	7268
GO_BP	727
GO_BP	7270
GO_BP	7272
GO_BP	7273
GO_BP	7274
GO_BP	7275
GO_BP	7276
GO_BP	7277
GO_BP	727800
GO_BP	727837
GO_BP	727910
GO_BP	727936
GO_BP	727957
GO_BP	728
GO_BP	7280
GO_BP	728116
GO_BP	728196
GO_BP	728215
GO_BP	728224
GO_BP	728264
GO_BP	728294
GO_BP	7283
GO_BP	728361
GO_BP	7284
GO_BP	728489
GO_BP	728568
GO_BP	7286
GO_BP	728606
GO_BP	728637
GO_BP	7287
GO_BP	7288
GO_BP	728819
GO_BP	7289
GO_BP	728927
GO_BP	729
GO_BP	7290
GO_BP	729059
GO_BP	729082
GO_BP	7291
GO_BP	7292
GO_BP	729230
GO_BP	729238
GO_BP	7293
GO_BP	7294
GO_BP	729438
GO_BP	729440
GO_BP	7295
GO_BP	729515
GO_BP	7296
GO_BP	7297
GO_BP	7298
GO_BP	729830
GO_BP	7299
GO_BP	729956
GO_BP	729967
GO_BP	729991
GO_BP	729993
GO_BP	730
GO_BP	730051
GO_BP	730092
GO_BP	730094
GO_BP	7301
GO_BP	730249
GO_BP	7305
GO_BP	7306
GO_BP	731
GO_BP	7311
GO_BP	7314
GO_BP	7316
GO_BP	7317
GO_BP	7318
GO_BP	7319
GO_BP	732
GO_BP	7320
GO_BP	7321
GO_BP	7322
GO_BP	7323
GO_BP	7324
GO_BP	7325
GO_BP	7326
GO_BP	7327
GO_BP	7328
GO_BP	7329
GO_BP	733
GO_BP	7332
GO_BP	7334
GO_BP	7336
GO_BP	7337
GO_BP	734
GO_BP	7341
GO_BP	7342
GO_BP	7343
GO_BP	7345
GO_BP	7347
GO_BP	7348
GO_BP	7349
GO_BP	735
GO_BP	7350
GO_BP	7351
GO_BP	7352
GO_BP	7353
GO_BP	7355
GO_BP	7356
GO_BP	7357
GO_BP	7358
GO_BP	7360
GO_BP	7363
GO_BP	7366
GO_BP	7368
GO_BP	7369
GO_BP	7371
GO_BP	7372
GO_BP	7373
GO_BP	7374
GO_BP	7375
GO_BP	7376
GO_BP	7378
GO_BP	7379
GO_BP	738
GO_BP	7380
GO_BP	7381
GO_BP	7384
GO_BP	7385
GO_BP	7386
GO_BP	7388
GO_BP	7389
GO_BP	7390
GO_BP	7391
GO_BP	7398
GO_BP	7399
GO_BP	740
GO_BP	7401
GO_BP	7402
GO_BP	7403
GO_BP	7404
GO_BP	7405
GO_BP	7407
GO_BP	7408
GO_BP	7409
GO_BP	7410
GO_BP	7411
GO_BP	7412
GO_BP	7414
GO_BP	7415
GO_BP	7416
GO_BP	7417
GO_BP	7419
GO_BP	7421
GO_BP	7422
GO_BP	7423
GO_BP	7424
GO_BP	7428
GO_BP	7429
GO_BP	7430
GO_BP	7431
GO_BP	7432
GO_BP	7433
GO_BP	7434
GO_BP	7436
GO_BP	7439
GO_BP	7441
GO_BP	7442
GO_BP	7443
GO_BP	7444
GO_BP	7447
GO_BP	7448
GO_BP	745
GO_BP	7450
GO_BP	7453
GO_BP	7454
GO_BP	7455
GO_BP	7456
GO_BP	7458
GO_BP	746
GO_BP	7461
GO_BP	7462
GO_BP	7464
GO_BP	7465
GO_BP	7466
GO_BP	7468
GO_BP	7469
GO_BP	747
GO_BP	7471
GO_BP	7472
GO_BP	7474
GO_BP	7475
GO_BP	7476
GO_BP	7477
GO_BP	7478
GO_BP	7479
GO_BP	7480
GO_BP	7481
GO_BP	7482
GO_BP	7483
GO_BP	7484
GO_BP	7485
GO_BP	7486
GO_BP	7490
GO_BP	7494
GO_BP	7498
GO_BP	7499
GO_BP	7504
GO_BP	7507
GO_BP	7508
GO_BP	751071
GO_BP	7511
GO_BP	7512
GO_BP	7514
GO_BP	7515
GO_BP	7517
GO_BP	7518
GO_BP	752
GO_BP	7520
GO_BP	752014
GO_BP	7525
GO_BP	7528
GO_BP	7529
GO_BP	753
GO_BP	7531
GO_BP	7532
GO_BP	7533
GO_BP	7534
GO_BP	7535
GO_BP	7536
GO_BP	7538
GO_BP	7539
GO_BP	754
GO_BP	7541
GO_BP	7542
GO_BP	7543
GO_BP	7544
GO_BP	7545
GO_BP	7546
GO_BP	7547
GO_BP	7549
GO_BP	755
GO_BP	7551
GO_BP	7552
GO_BP	7553
GO_BP	7554
GO_BP	7555
GO_BP	7556
GO_BP	7559
GO_BP	7561
GO_BP	7564
GO_BP	7565
GO_BP	7566
GO_BP	7567
GO_BP	7569
GO_BP	757
GO_BP	7570
GO_BP	7571
GO_BP	7572
GO_BP	7574
GO_BP	7576
GO_BP	7579
GO_BP	758
GO_BP	7580
GO_BP	7581
GO_BP	7582
GO_BP	7584
GO_BP	7586
GO_BP	7587
GO_BP	7589
GO_BP	759
GO_BP	7592
GO_BP	7593
GO_BP	7596
GO_BP	7597
GO_BP	760
GO_BP	761
GO_BP	762
GO_BP	7621
GO_BP	7625
GO_BP	7626
GO_BP	7627
GO_BP	7629
GO_BP	7633
GO_BP	7634
GO_BP	7637
GO_BP	7639
GO_BP	7644
GO_BP	765
GO_BP	7652
GO_BP	766
GO_BP	767
GO_BP	7675
GO_BP	767579
GO_BP	7678
GO_BP	768
GO_BP	7681
GO_BP	768206
GO_BP	768211
GO_BP	768239
GO_BP	7690
GO_BP	7691
GO_BP	7692
GO_BP	7693
GO_BP	7694
GO_BP	7695
GO_BP	7697
GO_BP	7699
GO_BP	7700
GO_BP	7701
GO_BP	7702
GO_BP	7704
GO_BP	7705
GO_BP	7706
GO_BP	7707
GO_BP	7709
GO_BP	771
GO_BP	7710
GO_BP	7711
GO_BP	7712
GO_BP	7716
GO_BP	7718
GO_BP	7726
GO_BP	7727
GO_BP	7728
GO_BP	773
GO_BP	7732
GO_BP	7733
GO_BP	7737
GO_BP	7738
GO_BP	774
GO_BP	7741
GO_BP	7743
GO_BP	7745
GO_BP	7746
GO_BP	7748
GO_BP	775
GO_BP	7750
GO_BP	7752
GO_BP	7753
GO_BP	7755
GO_BP	7756
GO_BP	7757
GO_BP	776
GO_BP	7761
GO_BP	7762
GO_BP	7763
GO_BP	7764
GO_BP	7766
GO_BP	7767
GO_BP	7768
GO_BP	7769
GO_BP	777
GO_BP	7770
GO_BP	7771
GO_BP	7772
GO_BP	7773
GO_BP	7775
GO_BP	7776
GO_BP	7779
GO_BP	778
GO_BP	7780
GO_BP	7781
GO_BP	7782
GO_BP	7783
GO_BP	7786
GO_BP	7789
GO_BP	779
GO_BP	7791
GO_BP	7798
GO_BP	7799
GO_BP	780
GO_BP	7802
GO_BP	7803
GO_BP	7804
GO_BP	7805
GO_BP	780776
GO_BP	7809
GO_BP	781
GO_BP	7812
GO_BP	7813
GO_BP	7818
GO_BP	782
GO_BP	7827
GO_BP	783
GO_BP	7832
GO_BP	7837
GO_BP	784
GO_BP	7840
GO_BP	7841
GO_BP	7844
GO_BP	7846
GO_BP	7849
GO_BP	785
GO_BP	7850
GO_BP	7851
GO_BP	7852
GO_BP	7855
GO_BP	7857
GO_BP	786
GO_BP	7862
GO_BP	7866
GO_BP	7867
GO_BP	7869
GO_BP	7871
GO_BP	7873
GO_BP	7874
GO_BP	7879
GO_BP	788
GO_BP	7881
GO_BP	7884
GO_BP	78986
GO_BP	78987
GO_BP	78988
GO_BP	78989
GO_BP	78990
GO_BP	78991
GO_BP	78992
GO_BP	78994
GO_BP	78995
GO_BP	78996
GO_BP	78999
GO_BP	790
GO_BP	79000
GO_BP	79001
GO_BP	79002
GO_BP	79003
GO_BP	79004
GO_BP	79006
GO_BP	79007
GO_BP	79012
GO_BP	79016
GO_BP	79017
GO_BP	79018
GO_BP	79019
GO_BP	79023
GO_BP	79026
GO_BP	79027
GO_BP	79029
GO_BP	7903
GO_BP	79034
GO_BP	79035
GO_BP	79036
GO_BP	79037
GO_BP	79039
GO_BP	79041
GO_BP	79042
GO_BP	79047
GO_BP	79048
GO_BP	7905
GO_BP	79050
GO_BP	79053
GO_BP	79054
GO_BP	79056
GO_BP	79057
GO_BP	79058
GO_BP	79064
GO_BP	79065
GO_BP	79066
GO_BP	79068
GO_BP	79070
GO_BP	79071
GO_BP	79072
GO_BP	79073
GO_BP	79074
GO_BP	79075
GO_BP	79077
GO_BP	79078
GO_BP	79080
GO_BP	79083
GO_BP	79084
GO_BP	79085
GO_BP	79087
GO_BP	79088
GO_BP	79089
GO_BP	79090
GO_BP	79091
GO_BP	79092
GO_BP	79094
GO_BP	79095
GO_BP	790955
GO_BP	79096
GO_BP	79097
GO_BP	79101
GO_BP	79102
GO_BP	79109
GO_BP	7913
GO_BP	79132
GO_BP	79133
GO_BP	79135
GO_BP	79137
GO_BP	79139
GO_BP	79140
GO_BP	79142
GO_BP	79143
GO_BP	79145
GO_BP	79147
GO_BP	79148
GO_BP	79149
GO_BP	7915
GO_BP	79152
GO_BP	79153
GO_BP	79154
GO_BP	79155
GO_BP	79156
GO_BP	79157
GO_BP	79158
GO_BP	7917
GO_BP	79171
GO_BP	79172
GO_BP	79173
GO_BP	79175
GO_BP	79176
GO_BP	79177
GO_BP	79178
GO_BP	79184
GO_BP	79187
GO_BP	79188
GO_BP	79191
GO_BP	79192
GO_BP	7920
GO_BP	7922
GO_BP	79228
GO_BP	7923
GO_BP	79230
GO_BP	79258
GO_BP	79269
GO_BP	793
GO_BP	7932
GO_BP	79339
GO_BP	79345
GO_BP	7936
GO_BP	79363
GO_BP	79364
GO_BP	79365
GO_BP	79366
GO_BP	79368
GO_BP	79369
GO_BP	79370
GO_BP	794
GO_BP	79400
GO_BP	7941
GO_BP	79411
GO_BP	79412
GO_BP	79413
GO_BP	79414
GO_BP	79415
GO_BP	7942
GO_BP	79441
GO_BP	79442
GO_BP	79443
GO_BP	79444
GO_BP	79447
GO_BP	79465
GO_BP	79470
GO_BP	79541
GO_BP	79567
GO_BP	79568
GO_BP	7957
GO_BP	79570
GO_BP	79572
GO_BP	79574
GO_BP	79576
GO_BP	79577
GO_BP	79581
GO_BP	79582
GO_BP	79583
GO_BP	79585
GO_BP	79586
GO_BP	79587
GO_BP	79589
GO_BP	79590
GO_BP	79591
GO_BP	79594
GO_BP	79595
GO_BP	79596
GO_BP	79598
GO_BP	796
GO_BP	79600
GO_BP	79602
GO_BP	79603
GO_BP	79605
GO_BP	79608
GO_BP	79609
GO_BP	79611
GO_BP	79612
GO_BP	79613
GO_BP	79616
GO_BP	79618
GO_BP	79621
GO_BP	79622
GO_BP	79623
GO_BP	79624
GO_BP	79625
GO_BP	79626
GO_BP	79628
GO_BP	79629
GO_BP	79630
GO_BP	79631
GO_BP	79633
GO_BP	79634
GO_BP	79637
GO_BP	79639
GO_BP	79641
GO_BP	79643
GO_BP	79644
GO_BP	79645
GO_BP	79646
GO_BP	79647
GO_BP	79648
GO_BP	79649
GO_BP	7965
GO_BP	79650
GO_BP	79651
GO_BP	79652
GO_BP	79654
GO_BP	79656
GO_BP	79657
GO_BP	79658
GO_BP	79659
GO_BP	79660
GO_BP	79661
GO_BP	79664
GO_BP	79665
GO_BP	79666
GO_BP	79668
GO_BP	79670
GO_BP	79671
GO_BP	79672
GO_BP	79673
GO_BP	79674
GO_BP	79675
GO_BP	79677
GO_BP	79679
GO_BP	79680
GO_BP	79682
GO_BP	79683
GO_BP	79685
GO_BP	79689
GO_BP	79690
GO_BP	79691
GO_BP	79692
GO_BP	79693
GO_BP	79695
GO_BP	79697
GO_BP	79699
GO_BP	797
GO_BP	79703
GO_BP	79705
GO_BP	79707
GO_BP	79709
GO_BP	79710
GO_BP	79711
GO_BP	79712
GO_BP	79714
GO_BP	79716
GO_BP	79717
GO_BP	79718
GO_BP	79719
GO_BP	79720
GO_BP	79723
GO_BP	79724
GO_BP	79725
GO_BP	79726
GO_BP	79727
GO_BP	79728
GO_BP	79729
GO_BP	79730
GO_BP	79731
GO_BP	79733
GO_BP	79734
GO_BP	79735
GO_BP	79736
GO_BP	79738
GO_BP	79739
GO_BP	79744
GO_BP	79745
GO_BP	79746
GO_BP	79747
GO_BP	79748
GO_BP	7975
GO_BP	79751
GO_BP	79752
GO_BP	79753
GO_BP	79754
GO_BP	79755
GO_BP	79759
GO_BP	7976
GO_BP	79760
GO_BP	79762
GO_BP	79763
GO_BP	79767
GO_BP	79768
GO_BP	79770
GO_BP	79772
GO_BP	79776
GO_BP	79777
GO_BP	79778
GO_BP	7978
GO_BP	79781
GO_BP	79784
GO_BP	79786
GO_BP	79789
GO_BP	7979
GO_BP	79791
GO_BP	79792
GO_BP	79794
GO_BP	79796
GO_BP	79798
GO_BP	7980
GO_BP	79800
GO_BP	79801
GO_BP	79803
GO_BP	79805
GO_BP	79807
GO_BP	79809
GO_BP	79810
GO_BP	79811
GO_BP	79812
GO_BP	79813
GO_BP	79814
GO_BP	79815
GO_BP	79816
GO_BP	79817
GO_BP	79818
GO_BP	79819
GO_BP	79820
GO_BP	79822
GO_BP	79823
GO_BP	79827
GO_BP	79828
GO_BP	79829
GO_BP	79831
GO_BP	79833
GO_BP	79834
GO_BP	79837
GO_BP	79838
GO_BP	79839
GO_BP	7984
GO_BP	79840
GO_BP	79841
GO_BP	79842
GO_BP	79845
GO_BP	79846
GO_BP	79848
GO_BP	79849
GO_BP	79850
GO_BP	79852
GO_BP	79853
GO_BP	79856
GO_BP	79858
GO_BP	79861
GO_BP	79862
GO_BP	79863
GO_BP	79864
GO_BP	79865
GO_BP	79866
GO_BP	79867
GO_BP	79868
GO_BP	79869
GO_BP	79871
GO_BP	79872
GO_BP	79873
GO_BP	79874
GO_BP	79875
GO_BP	79876
GO_BP	79877
GO_BP	79879
GO_BP	7988
GO_BP	79882
GO_BP	79884
GO_BP	79885
GO_BP	79886
GO_BP	79887
GO_BP	79888
GO_BP	79890
GO_BP	79891
GO_BP	79892
GO_BP	79893
GO_BP	79894
GO_BP	79895
GO_BP	79898
GO_BP	79899
GO_BP	799
GO_BP	79901
GO_BP	79902
GO_BP	79903
GO_BP	79905
GO_BP	79908
GO_BP	7991
GO_BP	79912
GO_BP	79913
GO_BP	79915
GO_BP	79918
GO_BP	79922
GO_BP	79923
GO_BP	79924
GO_BP	79925
GO_BP	79929
GO_BP	7993
GO_BP	79930
GO_BP	79931
GO_BP	79932
GO_BP	79933
GO_BP	79934
GO_BP	79935
GO_BP	79937
GO_BP	79939
GO_BP	7994
GO_BP	79943
GO_BP	79944
GO_BP	79947
GO_BP	79953
GO_BP	79954
GO_BP	79955
GO_BP	79956
GO_BP	79958
GO_BP	79959
GO_BP	79960
GO_BP	79966
GO_BP	79968
GO_BP	79969
GO_BP	79971
GO_BP	79973
GO_BP	79977
GO_BP	79979
GO_BP	79980
GO_BP	79981
GO_BP	79982
GO_BP	79983
GO_BP	79986
GO_BP	79987
GO_BP	79989
GO_BP	79991
GO_BP	79993
GO_BP	79998
GO_BP	800
GO_BP	8000
GO_BP	80000
GO_BP	80003
GO_BP	80004
GO_BP	80005
GO_BP	80006
GO_BP	8001
GO_BP	80010
GO_BP	80011
GO_BP	80012
GO_BP	80013
GO_BP	80014
GO_BP	80017
GO_BP	80018
GO_BP	80020
GO_BP	80023
GO_BP	80024
GO_BP	80025
GO_BP	80028
GO_BP	80031
GO_BP	80032
GO_BP	80034
GO_BP	80036
GO_BP	80045
GO_BP	80055
GO_BP	80059
GO_BP	80063
GO_BP	80067
GO_BP	80070
GO_BP	80071
GO_BP	80086
GO_BP	80095
GO_BP	801
GO_BP	80108
GO_BP	80110
GO_BP	80114
GO_BP	80115
GO_BP	80117
GO_BP	80119
GO_BP	80122
GO_BP	80124
GO_BP	80127
GO_BP	80128
GO_BP	80129
GO_BP	8013
GO_BP	80131
GO_BP	80135
GO_BP	80139
GO_BP	80142
GO_BP	80143
GO_BP	80144
GO_BP	80145
GO_BP	80146
GO_BP	80148
GO_BP	80149
GO_BP	80150
GO_BP	80152
GO_BP	80153
GO_BP	80155
GO_BP	80157
GO_BP	80162
GO_BP	80168
GO_BP	80169
GO_BP	80173
GO_BP	80174
GO_BP	80176
GO_BP	80177
GO_BP	80178
GO_BP	80179
GO_BP	80183
GO_BP	80184
GO_BP	80185
GO_BP	8019
GO_BP	80196
GO_BP	80198
GO_BP	80199
GO_BP	80201
GO_BP	80204
GO_BP	80205
GO_BP	80206
GO_BP	80207
GO_BP	80208
GO_BP	8021
GO_BP	80210
GO_BP	80212
GO_BP	80213
GO_BP	80216
GO_BP	80217
GO_BP	80218
GO_BP	80219
GO_BP	8022
GO_BP	80221
GO_BP	80222
GO_BP	80223
GO_BP	80224
GO_BP	80228
GO_BP	80230
GO_BP	80232
GO_BP	80233
GO_BP	80235
GO_BP	80237
GO_BP	80243
GO_BP	80254
GO_BP	80258
GO_BP	80262
GO_BP	80263
GO_BP	80267
GO_BP	8027
GO_BP	80270
GO_BP	80271
GO_BP	80273
GO_BP	80274
GO_BP	80279
GO_BP	8028
GO_BP	8029
GO_BP	80298
GO_BP	8030
GO_BP	80301
GO_BP	80303
GO_BP	80304
GO_BP	80305
GO_BP	80306
GO_BP	80308
GO_BP	8031
GO_BP	80310
GO_BP	80311
GO_BP	80312
GO_BP	80314
GO_BP	80315
GO_BP	80316
GO_BP	80317
GO_BP	80318
GO_BP	80319
GO_BP	80320
GO_BP	80321
GO_BP	80323
GO_BP	80324
GO_BP	80325
GO_BP	80326
GO_BP	80328
GO_BP	80329
GO_BP	80331
GO_BP	80332
GO_BP	80333
GO_BP	80335
GO_BP	80336
GO_BP	80339
GO_BP	8034
GO_BP	80342
GO_BP	80343
GO_BP	80344
GO_BP	80345
GO_BP	80346
GO_BP	80347
GO_BP	80349
GO_BP	80351
GO_BP	80352
GO_BP	8036
GO_BP	8038
GO_BP	80380
GO_BP	80381
GO_BP	8045
GO_BP	8048
GO_BP	805
GO_BP	8050
GO_BP	8061
GO_BP	8065
GO_BP	80700
GO_BP	80704
GO_BP	80705
GO_BP	80709
GO_BP	80712
GO_BP	80714
GO_BP	80724
GO_BP	80725
GO_BP	80726
GO_BP	80727
GO_BP	80728
GO_BP	80731
GO_BP	80736
GO_BP	80737
GO_BP	80739
GO_BP	8074
GO_BP	80745
GO_BP	80746
GO_BP	80758
GO_BP	8076
GO_BP	80760
GO_BP	80762
GO_BP	80763
GO_BP	80764
GO_BP	80765
GO_BP	80772
GO_BP	80774
GO_BP	80776
GO_BP	80777
GO_BP	80778
GO_BP	8078
GO_BP	80781
GO_BP	80789
GO_BP	8079
GO_BP	80790
GO_BP	80816
GO_BP	80817
GO_BP	80818
GO_BP	8082
GO_BP	80820
GO_BP	80821
GO_BP	80823
GO_BP	80824
GO_BP	80829
GO_BP	80830
GO_BP	80831
GO_BP	80832
GO_BP	80833
GO_BP	80834
GO_BP	80835
GO_BP	8085
GO_BP	80851
GO_BP	80852
GO_BP	80853
GO_BP	80854
GO_BP	80856
GO_BP	8086
GO_BP	8087
GO_BP	8089
GO_BP	80895
GO_BP	80896
GO_BP	8091
GO_BP	8092
GO_BP	80975
GO_BP	8099
GO_BP	81
GO_BP	810
GO_BP	8100
GO_BP	81027
GO_BP	81029
GO_BP	81030
GO_BP	81031
GO_BP	81033
GO_BP	81034
GO_BP	81035
GO_BP	81037
GO_BP	8106
GO_BP	811
GO_BP	8110
GO_BP	8111
GO_BP	8115
GO_BP	8120
GO_BP	8123
GO_BP	8125
GO_BP	8128
GO_BP	81285
GO_BP	8131
GO_BP	8139
GO_BP	814
GO_BP	8140
GO_BP	81472
GO_BP	8148
GO_BP	81490
GO_BP	81491
GO_BP	81492
GO_BP	81493
GO_BP	81494
GO_BP	815
GO_BP	81501
GO_BP	81502
GO_BP	8153
GO_BP	81532
GO_BP	81537
GO_BP	81539
GO_BP	81542
GO_BP	81544
GO_BP	81545
GO_BP	81550
GO_BP	81551
GO_BP	81553
GO_BP	81554
GO_BP	81555
GO_BP	81556
GO_BP	81559
GO_BP	81562
GO_BP	81565
GO_BP	81566
GO_BP	81569
GO_BP	81570
GO_BP	81572
GO_BP	81573
GO_BP	81575
GO_BP	81576
GO_BP	81577
GO_BP	81579
GO_BP	816
GO_BP	81602
GO_BP	81603
GO_BP	81605
GO_BP	81606
GO_BP	81607
GO_BP	81608
GO_BP	81609
GO_BP	8161
GO_BP	81610
GO_BP	81611
GO_BP	81614
GO_BP	81615
GO_BP	81616
GO_BP	81617
GO_BP	81618
GO_BP	81619
GO_BP	81620
GO_BP	81621
GO_BP	81622
GO_BP	81623
GO_BP	81624
GO_BP	81626
GO_BP	81627
GO_BP	81628
GO_BP	81629
GO_BP	81631
GO_BP	8165
GO_BP	81669
GO_BP	81688
GO_BP	81689
GO_BP	81691
GO_BP	81693
GO_BP	81696
GO_BP	81697
GO_BP	817
GO_BP	8170
GO_BP	81704
GO_BP	8174
GO_BP	8175
GO_BP	8178
GO_BP	81786
GO_BP	81790
GO_BP	81792
GO_BP	81793
GO_BP	81794
GO_BP	81796
GO_BP	81797
GO_BP	818
GO_BP	81831
GO_BP	81832
GO_BP	81833
GO_BP	81839
GO_BP	81844
GO_BP	81846
GO_BP	81847
GO_BP	81848
GO_BP	81849
GO_BP	81853
GO_BP	81854
GO_BP	81855
GO_BP	81856
GO_BP	81857
GO_BP	81858
GO_BP	8187
GO_BP	81873
GO_BP	81875
GO_BP	81887
GO_BP	81888
GO_BP	81889
GO_BP	8189
GO_BP	81890
GO_BP	81892
GO_BP	81894
GO_BP	819
GO_BP	8190
GO_BP	8192
GO_BP	81926
GO_BP	81928
GO_BP	81929
GO_BP	8193
GO_BP	81930
GO_BP	81931
GO_BP	8195
GO_BP	820
GO_BP	8200
GO_BP	8202
GO_BP	8204
GO_BP	8208
GO_BP	821
GO_BP	8216
GO_BP	8218
GO_BP	822
GO_BP	8220
GO_BP	8224
GO_BP	8226
GO_BP	8227
GO_BP	8228
GO_BP	823
GO_BP	8237
GO_BP	8239
GO_BP	824
GO_BP	8241
GO_BP	8242
GO_BP	8243
GO_BP	825
GO_BP	826
GO_BP	8260
GO_BP	8266
GO_BP	827
GO_BP	8270
GO_BP	8273
GO_BP	8277
GO_BP	828
GO_BP	8284
GO_BP	8287
GO_BP	8288
GO_BP	8289
GO_BP	829
GO_BP	8290
GO_BP	8291
GO_BP	8292
GO_BP	8294
GO_BP	8295
GO_BP	830
GO_BP	8301
GO_BP	8302
GO_BP	8303
GO_BP	8309
GO_BP	831
GO_BP	8310
GO_BP	8312
GO_BP	8313
GO_BP	8314
GO_BP	8315
GO_BP	8317
GO_BP	8318
GO_BP	832
GO_BP	8320
GO_BP	8321
GO_BP	8322
GO_BP	8323
GO_BP	8324
GO_BP	8325
GO_BP	8326
GO_BP	8328
GO_BP	833
GO_BP	8330
GO_BP	8332
GO_BP	8334
GO_BP	8335
GO_BP	8337
GO_BP	8339
GO_BP	83394
GO_BP	834
GO_BP	8340
GO_BP	83401
GO_BP	8341
GO_BP	83416
GO_BP	83417
GO_BP	8342
GO_BP	83439
GO_BP	83440
GO_BP	83442
GO_BP	83443
GO_BP	83444
GO_BP	83447
GO_BP	83448
GO_BP	83449
GO_BP	83451
GO_BP	83452
GO_BP	83460
GO_BP	83461
GO_BP	83463
GO_BP	83464
GO_BP	8347
GO_BP	83473
GO_BP	83475
GO_BP	83478
GO_BP	8348
GO_BP	83480
GO_BP	83481
GO_BP	83482
GO_BP	83483
GO_BP	8349
GO_BP	835
GO_BP	8350
GO_BP	8352
GO_BP	8353
GO_BP	83538
GO_BP	83539
GO_BP	8354
GO_BP	83540
GO_BP	83541
GO_BP	83543
GO_BP	83544
GO_BP	83546
GO_BP	83547
GO_BP	83548
GO_BP	83549
GO_BP	83550
GO_BP	83551
GO_BP	8356
GO_BP	8357
GO_BP	8358
GO_BP	8359
GO_BP	83593
GO_BP	83594
GO_BP	83595
GO_BP	83596
GO_BP	83597
GO_BP	836
GO_BP	8360
GO_BP	83604
GO_BP	83605
GO_BP	83606
GO_BP	8361
GO_BP	83636
GO_BP	83637
GO_BP	83639
GO_BP	8364
GO_BP	83640
GO_BP	83642
GO_BP	83643
GO_BP	8365
GO_BP	83657
GO_BP	83658
GO_BP	83659
GO_BP	8366
GO_BP	83660
GO_BP	83661
GO_BP	83666
GO_BP	83667
GO_BP	8367
GO_BP	8368
GO_BP	8369
GO_BP	83690
GO_BP	83692
GO_BP	83695
GO_BP	83696
GO_BP	83697
GO_BP	837
GO_BP	83700
GO_BP	83706
GO_BP	83707
GO_BP	83714
GO_BP	83715
GO_BP	83716
GO_BP	83719
GO_BP	8372
GO_BP	83729
GO_BP	83732
GO_BP	83733
GO_BP	83734
GO_BP	83737
GO_BP	83741
GO_BP	83742
GO_BP	83743
GO_BP	83744
GO_BP	83746
GO_BP	83752
GO_BP	83755
GO_BP	83758
GO_BP	83759
GO_BP	83786
GO_BP	83787
GO_BP	8379
GO_BP	83795
GO_BP	838
GO_BP	8382
GO_BP	8383
GO_BP	83844
GO_BP	83850
GO_BP	83852
GO_BP	83853
GO_BP	83854
GO_BP	83855
GO_BP	83856
GO_BP	83857
GO_BP	83858
GO_BP	83860
GO_BP	83862
GO_BP	8387
GO_BP	83871
GO_BP	83872
GO_BP	83873
GO_BP	83874
GO_BP	83875
GO_BP	83879
GO_BP	83881
GO_BP	83882
GO_BP	83884
GO_BP	83886
GO_BP	83887
GO_BP	83888
GO_BP	8389
GO_BP	83890
GO_BP	83891
GO_BP	83892
GO_BP	83893
GO_BP	83894
GO_BP	839
GO_BP	8390
GO_BP	83903
GO_BP	8392
GO_BP	83930
GO_BP	83931
GO_BP	83932
GO_BP	83933
GO_BP	83937
GO_BP	83938
GO_BP	83939
GO_BP	8394
GO_BP	83940
GO_BP	83941
GO_BP	83942
GO_BP	83943
GO_BP	8395
GO_BP	83953
GO_BP	83959
GO_BP	8396
GO_BP	8398
GO_BP	83983
GO_BP	83985
GO_BP	83987
GO_BP	83988
GO_BP	83989
GO_BP	8399
GO_BP	83990
GO_BP	83992
GO_BP	83998
GO_BP	83999
GO_BP	840
GO_BP	84000
GO_BP	84002
GO_BP	8402
GO_BP	8403
GO_BP	84033
GO_BP	84034
GO_BP	8404
GO_BP	8405
GO_BP	84056
GO_BP	84057
GO_BP	84058
GO_BP	84059
GO_BP	8406
GO_BP	84060
GO_BP	84061
GO_BP	84062
GO_BP	84063
GO_BP	84067
GO_BP	84068
GO_BP	84069
GO_BP	8407
GO_BP	84071
GO_BP	84072
GO_BP	84073
GO_BP	84074
GO_BP	84075
GO_BP	84078
GO_BP	84079
GO_BP	8408
GO_BP	84080
GO_BP	84081
GO_BP	84083
GO_BP	84085
GO_BP	8409
GO_BP	841
GO_BP	84100
GO_BP	84101
GO_BP	84102
GO_BP	84105
GO_BP	84106
GO_BP	84107
GO_BP	84108
GO_BP	84109
GO_BP	8411
GO_BP	8412
GO_BP	84124
GO_BP	84125
GO_BP	84126
GO_BP	84128
GO_BP	84131
GO_BP	84132
GO_BP	84133
GO_BP	84134
GO_BP	84135
GO_BP	84138
GO_BP	84140
GO_BP	84141
GO_BP	84142
GO_BP	84144
GO_BP	84146
GO_BP	84148
GO_BP	84152
GO_BP	84153
GO_BP	84154
GO_BP	84159
GO_BP	8416
GO_BP	84162
GO_BP	84163
GO_BP	84164
GO_BP	84166
GO_BP	84168
GO_BP	8417
GO_BP	84171
GO_BP	84172
GO_BP	84173
GO_BP	84174
GO_BP	84179
GO_BP	8418
GO_BP	84181
GO_BP	84186
GO_BP	84187
GO_BP	84188
GO_BP	84189
GO_BP	8419
GO_BP	84190
GO_BP	84191
GO_BP	84193
GO_BP	84196
GO_BP	84197
GO_BP	842
GO_BP	84203
GO_BP	84206
GO_BP	84215
GO_BP	84216
GO_BP	84217
GO_BP	84219
GO_BP	84221
GO_BP	84223
GO_BP	84225
GO_BP	84229
GO_BP	84230
GO_BP	84231
GO_BP	84232
GO_BP	84233
GO_BP	84236
GO_BP	84239
GO_BP	8424
GO_BP	84243
GO_BP	84245
GO_BP	84246
GO_BP	84248
GO_BP	84249
GO_BP	8425
GO_BP	84250
GO_BP	84251
GO_BP	84253
GO_BP	84254
GO_BP	84255
GO_BP	84256
GO_BP	84258
GO_BP	84259
GO_BP	84260
GO_BP	84262
GO_BP	84263
GO_BP	84265
GO_BP	84266
GO_BP	84267
GO_BP	84268
GO_BP	84269
GO_BP	8427
GO_BP	84270
GO_BP	84271
GO_BP	84272
GO_BP	84273
GO_BP	84274
GO_BP	84275
GO_BP	84277
GO_BP	84278
GO_BP	8428
GO_BP	84280
GO_BP	84282
GO_BP	84283
GO_BP	84285
GO_BP	84286
GO_BP	84287
GO_BP	84289
GO_BP	84292
GO_BP	84293
GO_BP	84294
GO_BP	84295
GO_BP	84296
GO_BP	84298
GO_BP	84299
GO_BP	843
GO_BP	84300
GO_BP	84301
GO_BP	84302
GO_BP	84303
GO_BP	84305
GO_BP	84306
GO_BP	84307
GO_BP	84309
GO_BP	8431
GO_BP	84310
GO_BP	84311
GO_BP	84312
GO_BP	84313
GO_BP	84314
GO_BP	84315
GO_BP	84316
GO_BP	84317
GO_BP	84324
GO_BP	84327
GO_BP	84328
GO_BP	84329
GO_BP	84330
GO_BP	84333
GO_BP	84334
GO_BP	84335
GO_BP	84336
GO_BP	84337
GO_BP	8434
GO_BP	84340
GO_BP	84342
GO_BP	84343
GO_BP	8435
GO_BP	8436
GO_BP	84364
GO_BP	84365
GO_BP	8437
GO_BP	84376
GO_BP	8438
GO_BP	8439
GO_BP	844
GO_BP	8440
GO_BP	84417
GO_BP	84419
GO_BP	8443
GO_BP	84432
GO_BP	84433
GO_BP	84435
GO_BP	84439
GO_BP	8444
GO_BP	84440
GO_BP	84441
GO_BP	84444
GO_BP	84445
GO_BP	84446
GO_BP	84447
GO_BP	84448
GO_BP	84449
GO_BP	8445
GO_BP	84450
GO_BP	84451
GO_BP	84455
GO_BP	84456
GO_BP	84458
GO_BP	8446
GO_BP	84461
GO_BP	84464
GO_BP	84465
GO_BP	84466
GO_BP	84467
GO_BP	8447
GO_BP	8448
GO_BP	8449
GO_BP	84498
GO_BP	845
GO_BP	8450
GO_BP	84501
GO_BP	84503
GO_BP	84504
GO_BP	8451
GO_BP	84513
GO_BP	84515
GO_BP	84516
GO_BP	84518
GO_BP	84519
GO_BP	8452
GO_BP	84520
GO_BP	84522
GO_BP	84524
GO_BP	84525
GO_BP	84527
GO_BP	84529
GO_BP	8453
GO_BP	84530
GO_BP	84532
GO_BP	84539
GO_BP	8454
GO_BP	84541
GO_BP	84542
GO_BP	84545
GO_BP	84547
GO_BP	84549
GO_BP	8455
GO_BP	84552
GO_BP	84557
GO_BP	8456
GO_BP	84560
GO_BP	84561
GO_BP	84570
GO_BP	84572
GO_BP	8458
GO_BP	8459
GO_BP	846
GO_BP	8460
GO_BP	84612
GO_BP	84614
GO_BP	84616
GO_BP	84617
GO_BP	84618
GO_BP	84619
GO_BP	8462
GO_BP	84620
GO_BP	84622
GO_BP	84623
GO_BP	84626
GO_BP	84627
GO_BP	84628
GO_BP	84629
GO_BP	8463
GO_BP	84630
GO_BP	84631
GO_BP	84632
GO_BP	84634
GO_BP	84636
GO_BP	84639
GO_BP	8464
GO_BP	84640
GO_BP	84641
GO_BP	84643
GO_BP	84647
GO_BP	84648
GO_BP	84649
GO_BP	84650
GO_BP	84651
GO_BP	84654
GO_BP	84656
GO_BP	84658
GO_BP	84659
GO_BP	84660
GO_BP	84661
GO_BP	84662
GO_BP	84665
GO_BP	84666
GO_BP	84667
GO_BP	84668
GO_BP	84669
GO_BP	8467
GO_BP	84671
GO_BP	84674
GO_BP	84675
GO_BP	84676
GO_BP	84678
GO_BP	84679
GO_BP	8468
GO_BP	84680
GO_BP	84681
GO_BP	84684
GO_BP	84687
GO_BP	84688
GO_BP	84689
GO_BP	84690
GO_BP	84691
GO_BP	84693
GO_BP	84694
GO_BP	84695
GO_BP	84696
GO_BP	84699
GO_BP	847
GO_BP	8470
GO_BP	84700
GO_BP	84701
GO_BP	84705
GO_BP	84706
GO_BP	84707
GO_BP	84708
GO_BP	84709
GO_BP	8471
GO_BP	84717
GO_BP	84720
GO_BP	84722
GO_BP	84725
GO_BP	84726
GO_BP	84727
GO_BP	8473
GO_BP	84733
GO_BP	84735
GO_BP	84747
GO_BP	84749
GO_BP	84750
GO_BP	84752
GO_BP	84759
GO_BP	8476
GO_BP	84765
GO_BP	84766
GO_BP	84767
GO_BP	84769
GO_BP	8477
GO_BP	84775
GO_BP	84779
GO_BP	84787
GO_BP	8479
GO_BP	84792
GO_BP	84795
GO_BP	8480
GO_BP	84803
GO_BP	84804
GO_BP	84807
GO_BP	84808
GO_BP	8481
GO_BP	84811
GO_BP	84812
GO_BP	84814
GO_BP	84816
GO_BP	84817
GO_BP	84818
GO_BP	8482
GO_BP	84823
GO_BP	84824
GO_BP	84826
GO_BP	8483
GO_BP	84830
GO_BP	84833
GO_BP	84836
GO_BP	84837
GO_BP	84838
GO_BP	84839
GO_BP	84842
GO_BP	84844
GO_BP	84851
GO_BP	84858
GO_BP	84859
GO_BP	84861
GO_BP	84864
GO_BP	84866
GO_BP	84867
GO_BP	84868
GO_BP	84869
GO_BP	8487
GO_BP	84870
GO_BP	84871
GO_BP	84872
GO_BP	84873
GO_BP	84874
GO_BP	84875
GO_BP	84876
GO_BP	84878
GO_BP	84879
GO_BP	84881
GO_BP	84883
GO_BP	84885
GO_BP	84888
GO_BP	84889
GO_BP	84890
GO_BP	84891
GO_BP	84892
GO_BP	84893
GO_BP	84894
GO_BP	84895
GO_BP	84896
GO_BP	84897
GO_BP	84899
GO_BP	8490
GO_BP	84900
GO_BP	84901
GO_BP	84902
GO_BP	84904
GO_BP	84905
GO_BP	84909
GO_BP	8491
GO_BP	84910
GO_BP	84911
GO_BP	84912
GO_BP	84913
GO_BP	84914
GO_BP	84916
GO_BP	84918
GO_BP	84919
GO_BP	8492
GO_BP	84920
GO_BP	84922
GO_BP	84924
GO_BP	84925
GO_BP	8493
GO_BP	84930
GO_BP	84932
GO_BP	84934
GO_BP	84935
GO_BP	84936
GO_BP	84937
GO_BP	84938
GO_BP	84939
GO_BP	84940
GO_BP	84941
GO_BP	84942
GO_BP	84944
GO_BP	84945
GO_BP	84946
GO_BP	84947
GO_BP	84948
GO_BP	8495
GO_BP	84950
GO_BP	84951
GO_BP	84952
GO_BP	84954
GO_BP	84955
GO_BP	84957
GO_BP	84958
GO_BP	84959
GO_BP	8496
GO_BP	84961
GO_BP	84962
GO_BP	84966
GO_BP	84967
GO_BP	84969
GO_BP	8497
GO_BP	84971
GO_BP	84973
GO_BP	84975
GO_BP	84976
GO_BP	84978
GO_BP	8498
GO_BP	84984
GO_BP	84985
GO_BP	84986
GO_BP	84987
GO_BP	8499
GO_BP	84991
GO_BP	84993
GO_BP	8500
GO_BP	85004
GO_BP	8501
GO_BP	85015
GO_BP	8502
GO_BP	85021
GO_BP	85028
GO_BP	8503
GO_BP	8504
GO_BP	8505
GO_BP	8506
GO_BP	8507
GO_BP	8508
GO_BP	8509
GO_BP	8513
GO_BP	8514
GO_BP	8515
GO_BP	8516
GO_BP	8517
GO_BP	8518
GO_BP	8519
GO_BP	8520
GO_BP	8521
GO_BP	8522
GO_BP	85236
GO_BP	8525
GO_BP	8526
GO_BP	8527
GO_BP	8528
GO_BP	85289
GO_BP	85290
GO_BP	85291
GO_BP	8530
GO_BP	85300
GO_BP	85301
GO_BP	85302
GO_BP	8531
GO_BP	85315
GO_BP	85320
GO_BP	85329
GO_BP	8533
GO_BP	8534
GO_BP	8535
GO_BP	85358
GO_BP	8536
GO_BP	85360
GO_BP	85363
GO_BP	85364
GO_BP	85365
GO_BP	85366
GO_BP	85369
GO_BP	8537
GO_BP	85377
GO_BP	85378
GO_BP	8538
GO_BP	8539
GO_BP	85395
GO_BP	85397
GO_BP	8540
GO_BP	85403
GO_BP	85406
GO_BP	85407
GO_BP	85409
GO_BP	8541
GO_BP	85413
GO_BP	85414
GO_BP	85415
GO_BP	85416
GO_BP	85417
GO_BP	8542
GO_BP	8543
GO_BP	85437
GO_BP	85438
GO_BP	85439
GO_BP	8544
GO_BP	85440
GO_BP	85441
GO_BP	85442
GO_BP	85443
GO_BP	85444
GO_BP	85445
GO_BP	85446
GO_BP	85449
GO_BP	8545
GO_BP	85450
GO_BP	85451
GO_BP	85452
GO_BP	85453
GO_BP	85455
GO_BP	85456
GO_BP	85457
GO_BP	85458
GO_BP	85459
GO_BP	8546
GO_BP	85460
GO_BP	85461
GO_BP	85462
GO_BP	85463
GO_BP	85464
GO_BP	85465
GO_BP	8547
GO_BP	85476
GO_BP	85477
GO_BP	85478
GO_BP	8548
GO_BP	85480
GO_BP	8549
GO_BP	85495
GO_BP	8550
GO_BP	85509
GO_BP	8553
GO_BP	8554
GO_BP	8555
GO_BP	8556
GO_BP	85569
GO_BP	8557
GO_BP	8558
GO_BP	8559
GO_BP	8560
GO_BP	8562
GO_BP	8563
GO_BP	8564
GO_BP	8565
GO_BP	8566
GO_BP	8567
GO_BP	8568
GO_BP	8569
GO_BP	857
GO_BP	8570
GO_BP	8572
GO_BP	8573
GO_BP	8574
GO_BP	8575
GO_BP	8576
GO_BP	8578
GO_BP	858
GO_BP	8581
GO_BP	85865
GO_BP	859
GO_BP	8590
GO_BP	86
GO_BP	860
GO_BP	8600
GO_BP	8601
GO_BP	8602
GO_BP	8604
GO_BP	8605
GO_BP	8607
GO_BP	8608
GO_BP	8609
GO_BP	8611
GO_BP	8612
GO_BP	8613
GO_BP	8614
GO_BP	8615
GO_BP	8618
GO_BP	862
GO_BP	8620
GO_BP	8621
GO_BP	8622
GO_BP	8623
GO_BP	8624
GO_BP	8625
GO_BP	8626
GO_BP	8629
GO_BP	863
GO_BP	8630
GO_BP	8631
GO_BP	8632
GO_BP	8633
GO_BP	8634
GO_BP	8635
GO_BP	8636
GO_BP	8638
GO_BP	8639
GO_BP	864
GO_BP	8642
GO_BP	8643
GO_BP	8644
GO_BP	8645
GO_BP	8646
GO_BP	8647
GO_BP	8648
GO_BP	8649
GO_BP	865
GO_BP	8650
GO_BP	8651
GO_BP	8653
GO_BP	8654
GO_BP	8655
GO_BP	8658
GO_BP	8659
GO_BP	866
GO_BP	8660
GO_BP	8661
GO_BP	8662
GO_BP	8664
GO_BP	8665
GO_BP	8666
GO_BP	8667
GO_BP	8668
GO_BP	8669
GO_BP	867
GO_BP	8671
GO_BP	8672
GO_BP	8673
GO_BP	8674
GO_BP	8675
GO_BP	8676
GO_BP	8677
GO_BP	8678
GO_BP	868
GO_BP	8682
GO_BP	8683
GO_BP	8685
GO_BP	8687
GO_BP	8688
GO_BP	8689
GO_BP	869
GO_BP	8690
GO_BP	8692
GO_BP	8694
GO_BP	8697
GO_BP	8698
GO_BP	87
GO_BP	8701
GO_BP	8702
GO_BP	8703
GO_BP	8704
GO_BP	8705
GO_BP	8706
GO_BP	8707
GO_BP	8708
GO_BP	871
GO_BP	8710
GO_BP	8714
GO_BP	8717
GO_BP	87178
GO_BP	8718
GO_BP	8720
GO_BP	8721
GO_BP	8722
GO_BP	8723
GO_BP	8725
GO_BP	8726
GO_BP	8727
GO_BP	8728
GO_BP	8729
GO_BP	873
GO_BP	8731
GO_BP	8732
GO_BP	8735
GO_BP	8736
GO_BP	8737
GO_BP	8738
GO_BP	8739
GO_BP	874
GO_BP	8740
GO_BP	8742
GO_BP	8743
GO_BP	8744
GO_BP	8745
GO_BP	8747
GO_BP	8748
GO_BP	8749
GO_BP	8751
GO_BP	8754
GO_BP	8756
GO_BP	8760
GO_BP	8761
GO_BP	8763
GO_BP	8764
GO_BP	8766
GO_BP	8767
GO_BP	8772
GO_BP	8773
GO_BP	8774
GO_BP	8775
GO_BP	8776
GO_BP	87769
GO_BP	8777
GO_BP	8778
GO_BP	8780
GO_BP	8784
GO_BP	8785
GO_BP	8786
GO_BP	8787
GO_BP	8788
GO_BP	8789
GO_BP	8790
GO_BP	8792
GO_BP	8793
GO_BP	8794
GO_BP	8795
GO_BP	8796
GO_BP	8797
GO_BP	8799
GO_BP	88
GO_BP	8800
GO_BP	8801
GO_BP	8802
GO_BP	8803
GO_BP	8804
GO_BP	8805
GO_BP	8807
GO_BP	8808
GO_BP	8809
GO_BP	881
GO_BP	8811
GO_BP	8812
GO_BP	8813
GO_BP	8814
GO_BP	8815
GO_BP	8816
GO_BP	8817
GO_BP	8818
GO_BP	8819
GO_BP	8820
GO_BP	8821
GO_BP	8822
GO_BP	8823
GO_BP	8824
GO_BP	8825
GO_BP	8826
GO_BP	8828
GO_BP	8829
GO_BP	883
GO_BP	8831
GO_BP	8832
GO_BP	8833
GO_BP	8834
GO_BP	8835
GO_BP	8836
GO_BP	8837
GO_BP	8838
GO_BP	8839
GO_BP	8840
GO_BP	8841
GO_BP	8842
GO_BP	8843
GO_BP	8844
GO_BP	88455
GO_BP	8846
GO_BP	8848
GO_BP	885
GO_BP	8850
GO_BP	8851
GO_BP	8852
GO_BP	8854
GO_BP	8856
GO_BP	8858
GO_BP	8859
GO_BP	886
GO_BP	8861
GO_BP	8862
GO_BP	8863
GO_BP	8864
GO_BP	8867
GO_BP	8869
GO_BP	887
GO_BP	8870
GO_BP	8871
GO_BP	8872
GO_BP	8874
GO_BP	88745
GO_BP	8875
GO_BP	8876
GO_BP	8877
GO_BP	8878
GO_BP	8879
GO_BP	8880
GO_BP	8881
GO_BP	8882
GO_BP	8883
GO_BP	8884
GO_BP	8886
GO_BP	8887
GO_BP	8888
GO_BP	889
GO_BP	8890
GO_BP	8891
GO_BP	8892
GO_BP	8893
GO_BP	8894
GO_BP	8895
GO_BP	8896
GO_BP	8897
GO_BP	8898
GO_BP	8899
GO_BP	89
GO_BP	890
GO_BP	8900
GO_BP	8904
GO_BP	8905
GO_BP	8906
GO_BP	8907
GO_BP	8908
GO_BP	8909
GO_BP	891
GO_BP	8910
GO_BP	8911
GO_BP	8912
GO_BP	89122
GO_BP	8913
GO_BP	8914
GO_BP	8915
GO_BP	892
GO_BP	8924
GO_BP	8925
GO_BP	8927
GO_BP	8928
GO_BP	8929
GO_BP	8930
GO_BP	8932
GO_BP	8934
GO_BP	8935
GO_BP	8936
GO_BP	8939
GO_BP	894
GO_BP	8940
GO_BP	8941
GO_BP	8942
GO_BP	8943
GO_BP	8945
GO_BP	896
GO_BP	8968
GO_BP	8969
GO_BP	8970
GO_BP	8971
GO_BP	8972
GO_BP	8973
GO_BP	8975
GO_BP	8976
GO_BP	89765
GO_BP	89766
GO_BP	89777
GO_BP	89781
GO_BP	89782
GO_BP	89790
GO_BP	89792
GO_BP	89795
GO_BP	89796
GO_BP	89797
GO_BP	898
GO_BP	89801
GO_BP	89822
GO_BP	89845
GO_BP	89846
GO_BP	89848
GO_BP	89849
GO_BP	8985
GO_BP	89853
GO_BP	89857
GO_BP	8986
GO_BP	89866
GO_BP	89869
GO_BP	8987
GO_BP	89870
GO_BP	89872
GO_BP	89874
GO_BP	89876
GO_BP	8988
GO_BP	89884
GO_BP	89885
GO_BP	89886
GO_BP	89887
GO_BP	8989
GO_BP	89890
GO_BP	89891
GO_BP	89894
GO_BP	899
GO_BP	8991
GO_BP	89910
GO_BP	8992
GO_BP	89927
GO_BP	8993
GO_BP	89932
GO_BP	8994
GO_BP	89941
GO_BP	89944
GO_BP	8995
GO_BP	89953
GO_BP	89958
GO_BP	8996
GO_BP	8997
GO_BP	89970
GO_BP	89978
GO_BP	8999
GO_BP	9
GO_BP	90
GO_BP	900
GO_BP	90007
GO_BP	9001
GO_BP	90011
GO_BP	90019
GO_BP	9002
GO_BP	90025
GO_BP	90060
GO_BP	90070
GO_BP	90075
GO_BP	901
GO_BP	90102
GO_BP	90120
GO_BP	90121
GO_BP	9013
GO_BP	90134
GO_BP	90135
GO_BP	90139
GO_BP	9014
GO_BP	90141
GO_BP	9015
GO_BP	9016
GO_BP	90161
GO_BP	90167
GO_BP	9019
GO_BP	90196
GO_BP	902
GO_BP	9020
GO_BP	90203
GO_BP	9021
GO_BP	9022
GO_BP	9023
GO_BP	90233
GO_BP	9024
GO_BP	90249
GO_BP	9025
GO_BP	9026
GO_BP	90268
GO_BP	9027
GO_BP	90273
GO_BP	9028
GO_BP	90293
GO_BP	9031
GO_BP	90313
GO_BP	90317
GO_BP	9032
GO_BP	90321
GO_BP	90326
GO_BP	9033
GO_BP	90332
GO_BP	90333
GO_BP	90338
GO_BP	9034
GO_BP	90342
GO_BP	90355
GO_BP	9037
GO_BP	90378
GO_BP	90379
GO_BP	9038
GO_BP	90381
GO_BP	9039
GO_BP	90390
GO_BP	904
GO_BP	9040
GO_BP	90410
GO_BP	90411
GO_BP	90416
GO_BP	90417
GO_BP	90423
GO_BP	90427
GO_BP	9043
GO_BP	9044
GO_BP	90441
GO_BP	9045
GO_BP	90459
GO_BP	9046
GO_BP	9047
GO_BP	9048
GO_BP	90480
GO_BP	9049
GO_BP	905
GO_BP	90506
GO_BP	90507
GO_BP	9051
GO_BP	9052
GO_BP	90522
GO_BP	90523
GO_BP	90525
GO_BP	90527
GO_BP	90529
GO_BP	9053
GO_BP	9054
GO_BP	9055
GO_BP	90550
GO_BP	9056
GO_BP	9057
GO_BP	9058
GO_BP	90580
GO_BP	90589
GO_BP	90592
GO_BP	90594
GO_BP	9060
GO_BP	9061
GO_BP	90624
GO_BP	90625
GO_BP	90627
GO_BP	9063
GO_BP	90632
GO_BP	90637
GO_BP	90639
GO_BP	9064
GO_BP	90655
GO_BP	9066
GO_BP	90668
GO_BP	90673
GO_BP	90678
GO_BP	9068
GO_BP	9069
GO_BP	9070
GO_BP	90701
GO_BP	9071
GO_BP	9073
GO_BP	9074
GO_BP	9075
GO_BP	9076
GO_BP	9077
GO_BP	90780
GO_BP	9079
GO_BP	908
GO_BP	9080
GO_BP	90806
GO_BP	90809
GO_BP	90826
GO_BP	90827
GO_BP	9083
GO_BP	90835
GO_BP	9085
GO_BP	90850
GO_BP	90853
GO_BP	9086
GO_BP	90861
GO_BP	90864
GO_BP	90865
GO_BP	9087
GO_BP	90871
GO_BP	90874
GO_BP	909
GO_BP	9091
GO_BP	9092
GO_BP	9093
GO_BP	90933
GO_BP	9094
GO_BP	9095
GO_BP	90952
GO_BP	90956
GO_BP	90957
GO_BP	9096
GO_BP	9097
GO_BP	9098
GO_BP	90987
GO_BP	9099
GO_BP	90990
GO_BP	90993
GO_BP	91
GO_BP	910
GO_BP	9100
GO_BP	9101
GO_BP	91010
GO_BP	91012
GO_BP	9103
GO_BP	91039
GO_BP	9104
GO_BP	91057
GO_BP	9107
GO_BP	9108
GO_BP	911
GO_BP	9110
GO_BP	91107
GO_BP	9111
GO_BP	9112
GO_BP	91120
GO_BP	9113
GO_BP	91133
GO_BP	91137
GO_BP	9114
GO_BP	91147
GO_BP	9117
GO_BP	91179
GO_BP	9118
GO_BP	91181
GO_BP	9119
GO_BP	912
GO_BP	9120
GO_BP	9121
GO_BP	9122
GO_BP	9123
GO_BP	9124
GO_BP	9125
GO_BP	91252
GO_BP	9126
GO_BP	9127
GO_BP	91272
GO_BP	9128
GO_BP	91289
GO_BP	9129
GO_BP	91298
GO_BP	913
GO_BP	9130
GO_BP	91304
GO_BP	9131
GO_BP	91319
GO_BP	9132
GO_BP	9133
GO_BP	9134
GO_BP	9135
GO_BP	91351
GO_BP	9136
GO_BP	91369
GO_BP	91373
GO_BP	9138
GO_BP	9139
GO_BP	91392
GO_BP	914
GO_BP	9140
GO_BP	91404
GO_BP	9141
GO_BP	91419
GO_BP	9143
GO_BP	91433
GO_BP	9144
GO_BP	91445
GO_BP	9145
GO_BP	91452
GO_BP	9146
GO_BP	91461
GO_BP	91464
GO_BP	9147
GO_BP	9148
GO_BP	9149
GO_BP	915
GO_BP	9150
GO_BP	9152
GO_BP	9153
GO_BP	9154
GO_BP	91543
GO_BP	91544
GO_BP	9156
GO_BP	91574
GO_BP	9158
GO_BP	91582
GO_BP	91584
GO_BP	9159
GO_BP	916
GO_BP	91603
GO_BP	91607
GO_BP	91608
GO_BP	91612
GO_BP	91614
GO_BP	9162
GO_BP	91624
GO_BP	91646
GO_BP	91647
GO_BP	91653
GO_BP	9166
GO_BP	91661
GO_BP	91662
GO_BP	91663
GO_BP	9167
GO_BP	9168
GO_BP	91683
GO_BP	91687
GO_BP	91689
GO_BP	9169
GO_BP	917
GO_BP	9170
GO_BP	9172
GO_BP	9173
GO_BP	91734
GO_BP	91746
GO_BP	91748
GO_BP	91749
GO_BP	9175
GO_BP	91750
GO_BP	91752
GO_BP	91754
GO_BP	91768
GO_BP	9177
GO_BP	91782
GO_BP	9179
GO_BP	9180
GO_BP	91801
GO_BP	91807
GO_BP	9181
GO_BP	9182
GO_BP	91828
GO_BP	9183
GO_BP	9184
GO_BP	9185
GO_BP	91851
GO_BP	91860
GO_BP	91862
GO_BP	91869
GO_BP	9187
GO_BP	91875
GO_BP	9188
GO_BP	9189
GO_BP	91893
GO_BP	919
GO_BP	9191
GO_BP	91937
GO_BP	9194
GO_BP	91942
GO_BP	91947
GO_BP	91949
GO_BP	9196
GO_BP	9197
GO_BP	91975
GO_BP	91978
GO_BP	92
GO_BP	920
GO_BP	9200
GO_BP	92002
GO_BP	9201
GO_BP	92014
GO_BP	9202
GO_BP	9203
GO_BP	9204
GO_BP	9205
GO_BP	92070
GO_BP	9208
GO_BP	9209
GO_BP	921
GO_BP	9210
GO_BP	92104
GO_BP	92105
GO_BP	9211
GO_BP	9212
GO_BP	92126
GO_BP	92129
GO_BP	9213
GO_BP	9214
GO_BP	92140
GO_BP	9215
GO_BP	92154
GO_BP	92162
GO_BP	9217
GO_BP	92170
GO_BP	9218
GO_BP	9219
GO_BP	92196
GO_BP	922
GO_BP	9221
GO_BP	92211
GO_BP	9223
GO_BP	92235
GO_BP	92241
GO_BP	92255
GO_BP	92259
GO_BP	9227
GO_BP	9228
GO_BP	92283
GO_BP	92285
GO_BP	9229
GO_BP	92291
GO_BP	92292
GO_BP	92293
GO_BP	923
GO_BP	9230
GO_BP	92304
GO_BP	92305
GO_BP	9231
GO_BP	92335
GO_BP	92342
GO_BP	92344
GO_BP	92345
GO_BP	9235
GO_BP	92359
GO_BP	92369
GO_BP	92370
GO_BP	9238
GO_BP	92399
GO_BP	924
GO_BP	9240
GO_BP	9241
GO_BP	9242
GO_BP	92421
GO_BP	9244
GO_BP	9245
GO_BP	9246
GO_BP	9247
GO_BP	9248
GO_BP	92482
GO_BP	92483
GO_BP	9249
GO_BP	925
GO_BP	9252
GO_BP	92521
GO_BP	9253
GO_BP	9254
GO_BP	9255
GO_BP	92552
GO_BP	92558
GO_BP	9256
GO_BP	92565
GO_BP	92579
GO_BP	9258
GO_BP	92591
GO_BP	92595
GO_BP	92597
GO_BP	926
GO_BP	9260
GO_BP	92609
GO_BP	9261
GO_BP	92610
GO_BP	9262
GO_BP	9263
GO_BP	9265
GO_BP	9266
GO_BP	92667
GO_BP	9267
GO_BP	92675
GO_BP	92689
GO_BP	9270
GO_BP	9271
GO_BP	92714
GO_BP	92715
GO_BP	92736
GO_BP	92737
GO_BP	9274
GO_BP	92745
GO_BP	92747
GO_BP	92749
GO_BP	9275
GO_BP	9276
GO_BP	9277
GO_BP	9278
GO_BP	92797
GO_BP	92799
GO_BP	928
GO_BP	92815
GO_BP	9282
GO_BP	92822
GO_BP	9283
GO_BP	92840
GO_BP	92856
GO_BP	9287
GO_BP	9288
GO_BP	9289
GO_BP	929
GO_BP	9290
GO_BP	92906
GO_BP	92912
GO_BP	9293
GO_BP	92935
GO_BP	9294
GO_BP	92949
GO_BP	9295
GO_BP	9296
GO_BP	92960
GO_BP	92979
GO_BP	92999
GO_BP	93
GO_BP	930
GO_BP	93010
GO_BP	93034
GO_BP	93035
GO_BP	93058
GO_BP	9306
GO_BP	9308
GO_BP	93082
GO_BP	93099
GO_BP	931
GO_BP	9310
GO_BP	93100
GO_BP	93107
GO_BP	93109
GO_BP	9312
GO_BP	93129
GO_BP	9313
GO_BP	93134
GO_BP	9314
GO_BP	93145
GO_BP	9315
GO_BP	93166
GO_BP	9317
GO_BP	9318
GO_BP	93183
GO_BP	93185
GO_BP	9319
GO_BP	93190
GO_BP	9320
GO_BP	9321
GO_BP	93210
GO_BP	9322
GO_BP	9324
GO_BP	9325
GO_BP	9326
GO_BP	9328
GO_BP	9329
GO_BP	933
GO_BP	9330
GO_BP	9331
GO_BP	9332
GO_BP	93323
GO_BP	9333
GO_BP	9334
GO_BP	93343
GO_BP	93349
GO_BP	9337
GO_BP	93377
GO_BP	93380
GO_BP	9340
GO_BP	9341
GO_BP	9342
GO_BP	93426
GO_BP	9343
GO_BP	93432
GO_BP	93436
GO_BP	9344
GO_BP	93474
GO_BP	9348
GO_BP	9349
GO_BP	9350
GO_BP	9351
GO_BP	93517
GO_BP	9353
GO_BP	9354
GO_BP	9355
GO_BP	93556
GO_BP	9356
GO_BP	9358
GO_BP	93587
GO_BP	93589
GO_BP	93594
GO_BP	9360
GO_BP	9361
GO_BP	93611
GO_BP	9362
GO_BP	93622
GO_BP	93624
GO_BP	93627
GO_BP	9363
GO_BP	9364
GO_BP	93643
GO_BP	93649
GO_BP	9365
GO_BP	93661
GO_BP	93663
GO_BP	93664
GO_BP	9367
GO_BP	9368
GO_BP	9369
GO_BP	9370
GO_BP	9371
GO_BP	9372
GO_BP	9373
GO_BP	9374
GO_BP	9375
GO_BP	9376
GO_BP	9377
GO_BP	9378
GO_BP	9379
GO_BP	9380
GO_BP	9381
GO_BP	9382
GO_BP	9388
GO_BP	9389
GO_BP	939
GO_BP	9390
GO_BP	9391
GO_BP	9392
GO_BP	9394
GO_BP	93953
GO_BP	9397
GO_BP	93973
GO_BP	93974
GO_BP	93979
GO_BP	9398
GO_BP	93986
GO_BP	9399
GO_BP	94
GO_BP	940
GO_BP	9400
GO_BP	94005
GO_BP	9401
GO_BP	94015
GO_BP	9402
GO_BP	94025
GO_BP	94026
GO_BP	9403
GO_BP	94030
GO_BP	94031
GO_BP	94039
GO_BP	9404
GO_BP	94056
GO_BP	9406
GO_BP	9407
GO_BP	94081
GO_BP	9409
GO_BP	94097
GO_BP	941
GO_BP	9410
GO_BP	94101
GO_BP	94103
GO_BP	94104
GO_BP	94107
GO_BP	9411
GO_BP	9412
GO_BP	94120
GO_BP	94121
GO_BP	94122
GO_BP	9413
GO_BP	94134
GO_BP	94137
GO_BP	9414
GO_BP	9415
GO_BP	9416
GO_BP	94160
GO_BP	9419
GO_BP	942
GO_BP	9420
GO_BP	9421
GO_BP	9422
GO_BP	9423
GO_BP	94233
GO_BP	94234
GO_BP	94235
GO_BP	94239
GO_BP	9424
GO_BP	94241
GO_BP	9425
GO_BP	9427
GO_BP	94274
GO_BP	9429
GO_BP	943
GO_BP	9435
GO_BP	9436
GO_BP	9437
GO_BP	9439
GO_BP	944
GO_BP	9440
GO_BP	9441
GO_BP	9442
GO_BP	9443
GO_BP	9444
GO_BP	9445
GO_BP	9446
GO_BP	9447
GO_BP	9448
GO_BP	945
GO_BP	9450
GO_BP	9451
GO_BP	9452
GO_BP	9453
GO_BP	9454
GO_BP	9455
GO_BP	9456
GO_BP	9457
GO_BP	9459
GO_BP	9462
GO_BP	9463
GO_BP	9464
GO_BP	9465
GO_BP	9466
GO_BP	9467
GO_BP	9468
GO_BP	9469
GO_BP	947
GO_BP	9470
GO_BP	9472
GO_BP	9473
GO_BP	9474
GO_BP	9475
GO_BP	9476
GO_BP	9477
GO_BP	9478
GO_BP	9479
GO_BP	948
GO_BP	9480
GO_BP	9481
GO_BP	9482
GO_BP	9486
GO_BP	9487
GO_BP	9488
GO_BP	9489
GO_BP	949
GO_BP	9491
GO_BP	9493
GO_BP	9495
GO_BP	9496
GO_BP	9497
GO_BP	9498
GO_BP	9499
GO_BP	95
GO_BP	950
GO_BP	9500
GO_BP	9501
GO_BP	9506
GO_BP	9507
GO_BP	9508
GO_BP	9509
GO_BP	951
GO_BP	9510
GO_BP	9512
GO_BP	9513
GO_BP	9514
GO_BP	9515
GO_BP	9516
GO_BP	9517
GO_BP	9518
GO_BP	9519
GO_BP	952
GO_BP	9520
GO_BP	9521
GO_BP	9522
GO_BP	9524
GO_BP	9525
GO_BP	9526
GO_BP	9527
GO_BP	9528
GO_BP	9529
GO_BP	953
GO_BP	9530
GO_BP	9531
GO_BP	9532
GO_BP	9533
GO_BP	9534
GO_BP	9535
GO_BP	9536
GO_BP	9537
GO_BP	9538
GO_BP	954
GO_BP	9540
GO_BP	9541
GO_BP	9542
GO_BP	9543
GO_BP	9545
GO_BP	9546
GO_BP	9547
GO_BP	955
GO_BP	9550
GO_BP	9551
GO_BP	9553
GO_BP	9554
GO_BP	9555
GO_BP	9556
GO_BP	9557
GO_BP	9559
GO_BP	956
GO_BP	9562
GO_BP	9563
GO_BP	9564
GO_BP	9567
GO_BP	9568
GO_BP	95681
GO_BP	9569
GO_BP	957
GO_BP	9570
GO_BP	9573
GO_BP	9575
GO_BP	9576
GO_BP	9577
GO_BP	9578
GO_BP	958
GO_BP	9580
GO_BP	9581
GO_BP	9582
GO_BP	9583
GO_BP	9584
GO_BP	9585
GO_BP	9586
GO_BP	9587
GO_BP	9588
GO_BP	9589
GO_BP	959
GO_BP	9590
GO_BP	9592
GO_BP	9595
GO_BP	9597
GO_BP	960
GO_BP	9600
GO_BP	9601
GO_BP	9603
GO_BP	9604
GO_BP	9605
GO_BP	9607
GO_BP	9609
GO_BP	961
GO_BP	9610
GO_BP	9611
GO_BP	9612
GO_BP	9615
GO_BP	9616
GO_BP	9617
GO_BP	9618
GO_BP	9619
GO_BP	962
GO_BP	9620
GO_BP	9622
GO_BP	9623
GO_BP	9625
GO_BP	9626
GO_BP	9627
GO_BP	9628
GO_BP	963
GO_BP	9630
GO_BP	9631
GO_BP	9632
GO_BP	9633
GO_BP	9635
GO_BP	9636
GO_BP	9637
GO_BP	9638
GO_BP	9639
GO_BP	9640
GO_BP	9641
GO_BP	9643
GO_BP	9644
GO_BP	9645
GO_BP	96459
GO_BP	9646
GO_BP	9647
GO_BP	9648
GO_BP	9649
GO_BP	965
GO_BP	9650
GO_BP	9651
GO_BP	9652
GO_BP	9653
GO_BP	9654
GO_BP	9655
GO_BP	9656
GO_BP	9657
GO_BP	9658
GO_BP	9659
GO_BP	966
GO_BP	9662
GO_BP	9663
GO_BP	9665
GO_BP	9666
GO_BP	9667
GO_BP	9668
GO_BP	9669
GO_BP	967
GO_BP	9670
GO_BP	9672
GO_BP	9673
GO_BP	9675
GO_BP	96764
GO_BP	9677
GO_BP	9678
GO_BP	9679
GO_BP	968
GO_BP	9681
GO_BP	9682
GO_BP	9683
GO_BP	9684
GO_BP	9685
GO_BP	9686
GO_BP	9687
GO_BP	9688
GO_BP	9689
GO_BP	969
GO_BP	9690
GO_BP	9692
GO_BP	9693
GO_BP	9694
GO_BP	9695
GO_BP	9696
GO_BP	9697
GO_BP	9698
GO_BP	9699
GO_BP	97
GO_BP	970
GO_BP	9700
GO_BP	9701
GO_BP	9702
GO_BP	9704
GO_BP	9705
GO_BP	9706
GO_BP	9708
GO_BP	9709
GO_BP	971
GO_BP	9710
GO_BP	9711
GO_BP	9712
GO_BP	9716
GO_BP	9718
GO_BP	9719
GO_BP	972
GO_BP	9721
GO_BP	9722
GO_BP	9724
GO_BP	9725
GO_BP	9726
GO_BP	9727
GO_BP	9728
GO_BP	973
GO_BP	9730
GO_BP	9732
GO_BP	9733
GO_BP	9734
GO_BP	9735
GO_BP	9736
GO_BP	9737
GO_BP	9738
GO_BP	9739
GO_BP	974
GO_BP	9742
GO_BP	9743
GO_BP	9744
GO_BP	9745
GO_BP	9746
GO_BP	9747
GO_BP	9748
GO_BP	9749
GO_BP	975
GO_BP	9750
GO_BP	9751
GO_BP	9752
GO_BP	9753
GO_BP	9754
GO_BP	9755
GO_BP	9757
GO_BP	9758
GO_BP	9759
GO_BP	976
GO_BP	9760
GO_BP	9762
GO_BP	9765
GO_BP	9766
GO_BP	9767
GO_BP	9768
GO_BP	977
GO_BP	9770
GO_BP	9771
GO_BP	9772
GO_BP	9774
GO_BP	9775
GO_BP	9776
GO_BP	9777
GO_BP	9779
GO_BP	978
GO_BP	9780
GO_BP	9781
GO_BP	9782
GO_BP	9783
GO_BP	9784
GO_BP	9785
GO_BP	9786
GO_BP	9787
GO_BP	9788
GO_BP	9789
GO_BP	9790
GO_BP	9791
GO_BP	9792
GO_BP	9793
GO_BP	9794
GO_BP	9796
GO_BP	9798
GO_BP	98
GO_BP	9801
GO_BP	9802
GO_BP	9804
GO_BP	9805
GO_BP	9806
GO_BP	9807
GO_BP	9810
GO_BP	9811
GO_BP	9812
GO_BP	9815
GO_BP	9816
GO_BP	9817
GO_BP	9818
GO_BP	9819
GO_BP	9820
GO_BP	9821
GO_BP	9824
GO_BP	9825
GO_BP	9826
GO_BP	9827
GO_BP	9828
GO_BP	9829
GO_BP	983
GO_BP	9830
GO_BP	9831
GO_BP	9833
GO_BP	9836
GO_BP	9837
GO_BP	9839
GO_BP	9840
GO_BP	9841
GO_BP	9842
GO_BP	9843
GO_BP	9844
GO_BP	9846
GO_BP	9847
GO_BP	9849
GO_BP	9851
GO_BP	9852
GO_BP	9854
GO_BP	9855
GO_BP	9856
GO_BP	9857
GO_BP	9860
GO_BP	9861
GO_BP	9862
GO_BP	9863
GO_BP	9865
GO_BP	9867
GO_BP	9868
GO_BP	9869
GO_BP	987
GO_BP	9870
GO_BP	9871
GO_BP	9873
GO_BP	9874
GO_BP	9875
GO_BP	9878
GO_BP	9879
GO_BP	988
GO_BP	9880
GO_BP	9882
GO_BP	9883
GO_BP	9885
GO_BP	9886
GO_BP	9887
GO_BP	9889
GO_BP	989
GO_BP	9890
GO_BP	9891
GO_BP	9892
GO_BP	9894
GO_BP	9895
GO_BP	9896
GO_BP	9897
GO_BP	9898
GO_BP	9899
GO_BP	990
GO_BP	9900
GO_BP	9901
GO_BP	9902
GO_BP	9903
GO_BP	9904
GO_BP	9905
GO_BP	9906
GO_BP	9907
GO_BP	9908
GO_BP	9909
GO_BP	991
GO_BP	9910
GO_BP	9911
GO_BP	9912
GO_BP	9913
GO_BP	9914
GO_BP	9915
GO_BP	9917
GO_BP	9918
GO_BP	9919
GO_BP	9921
GO_BP	9922
GO_BP	9923
GO_BP	9924
GO_BP	9925
GO_BP	9926
GO_BP	9927
GO_BP	9928
GO_BP	9929
GO_BP	993
GO_BP	9931
GO_BP	9933
GO_BP	9934
GO_BP	9935
GO_BP	9937
GO_BP	9938
GO_BP	9939
GO_BP	994
GO_BP	9940
GO_BP	9941
GO_BP	9942
GO_BP	9943
GO_BP	9945
GO_BP	9946
GO_BP	9947
GO_BP	9948
GO_BP	995
GO_BP	9950
GO_BP	9951
GO_BP	9953
GO_BP	9955
GO_BP	9956
GO_BP	9957
GO_BP	9958
GO_BP	996
GO_BP	9960
GO_BP	9961
GO_BP	9962
GO_BP	9963
GO_BP	9965
GO_BP	9966
GO_BP	9967
GO_BP	9968
GO_BP	9969
GO_BP	997
GO_BP	9970
GO_BP	9971
GO_BP	9972
GO_BP	9973
GO_BP	9975
GO_BP	9976
GO_BP	9978
GO_BP	998
GO_BP	9980
GO_BP	9982
GO_BP	9984
GO_BP	9985
GO_BP	9986
GO_BP	9987
GO_BP	9988
GO_BP	9989
GO_BP	999
GO_BP	9990
GO_BP	9991
GO_BP	9992
GO_BP	9993
GO_BP	9994
GO_BP	9997
GO_CC	1
GO_CC	10
GO_CC	100
GO_CC	1000
GO_CC	10000
GO_CC	10001
GO_CC	10002
GO_CC	10003
GO_CC	100033431
GO_CC	10004
GO_CC	10005
GO_CC	10006
GO_CC	10007
GO_CC	10008
GO_CC	10009
GO_CC	1001
GO_CC	10010
GO_CC	100101467
GO_CC	10011
GO_CC	100113407
GO_CC	100125288
GO_CC	100128327
GO_CC	100128537
GO_CC	100128731
GO_CC	100128927
GO_CC	100128988
GO_CC	100129250
GO_CC	100129361
GO_CC	100129583
GO_CC	100129654
GO_CC	100129969
GO_CC	10013
GO_CC	100130348
GO_CC	100130519
GO_CC	100130933
GO_CC	100130958
GO_CC	100131017
GO_CC	100131187
GO_CC	100131211
GO_CC	100131755
GO_CC	100131801
GO_CC	100131827
GO_CC	100131980
GO_CC	100133941
GO_CC	10014
GO_CC	100141515
GO_CC	100144748
GO_CC	10015
GO_CC	10016
GO_CC	10017
GO_CC	100170841
GO_CC	10018
GO_CC	10019
GO_CC	1002
GO_CC	10020
GO_CC	10021
GO_CC	100216546
GO_CC	10022
GO_CC	10023
GO_CC	10024
GO_CC	10025
GO_CC	10026
GO_CC	100270680
GO_CC	100272147
GO_CC	100287171
GO_CC	100287932
GO_CC	100288413
GO_CC	100288797
GO_CC	100289187
GO_CC	100289255
GO_CC	100289635
GO_CC	100289678
GO_CC	1003
GO_CC	100303755
GO_CC	100316904
GO_CC	10036
GO_CC	10038
GO_CC	100381270
GO_CC	10039
GO_CC	1004
GO_CC	10040
GO_CC	10042
GO_CC	10043
GO_CC	10044
GO_CC	10046
GO_CC	10047
GO_CC	10048
GO_CC	10049
GO_CC	1005
GO_CC	10050
GO_CC	100505573
GO_CC	100505576
GO_CC	100505591
GO_CC	100505741
GO_CC	100505852
GO_CC	100505876
GO_CC	100505989
GO_CC	100506013
GO_CC	100506144
GO_CC	100506374
GO_CC	100506409
GO_CC	100506540
GO_CC	100506658
GO_CC	100506742
GO_CC	100507027
GO_CC	100507043
GO_CC	100507044
GO_CC	100507050
GO_CC	100507203
GO_CC	100507249
GO_CC	100507290
GO_CC	100507321
GO_CC	100507421
GO_CC	100507436
GO_CC	100507650
GO_CC	10051
GO_CC	10052
GO_CC	10053
GO_CC	10054
GO_CC	10055
GO_CC	10056
GO_CC	10057
GO_CC	10058
GO_CC	10059
GO_CC	1006
GO_CC	10060
GO_CC	10061
GO_CC	10062
GO_CC	100628315
GO_CC	10063
GO_CC	100630918
GO_CC	100642175
GO_CC	100652857
GO_CC	10066
GO_CC	10067
GO_CC	10068
GO_CC	1007
GO_CC	10071
GO_CC	10072
GO_CC	10073
GO_CC	10075
GO_CC	10076
GO_CC	10077
GO_CC	10078
GO_CC	10079
GO_CC	1008
GO_CC	10081
GO_CC	10082
GO_CC	100820829
GO_CC	10083
GO_CC	10084
GO_CC	10085
GO_CC	10086
GO_CC	100861532
GO_CC	100862671
GO_CC	10087
GO_CC	100874051
GO_CC	100874323
GO_CC	100885848
GO_CC	10089
GO_CC	1009
GO_CC	10090
GO_CC	10092
GO_CC	10093
GO_CC	10094
GO_CC	10095
GO_CC	10096
GO_CC	10097
GO_CC	10098
GO_CC	10099
GO_CC	100996492
GO_CC	101
GO_CC	1010
GO_CC	10100
GO_CC	10101
GO_CC	10102
GO_CC	10103
GO_CC	10105
GO_CC	10106
GO_CC	101060200
GO_CC	10107
GO_CC	10109
GO_CC	10110
GO_CC	10111
GO_CC	10112
GO_CC	10113
GO_CC	10114
GO_CC	10116
GO_CC	10117
GO_CC	1012
GO_CC	10120
GO_CC	10121
GO_CC	10123
GO_CC	10124
GO_CC	10125
GO_CC	10126
GO_CC	10127
GO_CC	10128
GO_CC	10129
GO_CC	1013
GO_CC	10130
GO_CC	10131
GO_CC	10133
GO_CC	10134
GO_CC	10135
GO_CC	10137
GO_CC	10138
GO_CC	10139
GO_CC	1014
GO_CC	10140
GO_CC	10142
GO_CC	10143
GO_CC	10144
GO_CC	10146
GO_CC	10147
GO_CC	10148
GO_CC	10149
GO_CC	1015
GO_CC	10150
GO_CC	10152
GO_CC	10153
GO_CC	10154
GO_CC	10155
GO_CC	10156
GO_CC	10157
GO_CC	10158
GO_CC	10159
GO_CC	1016
GO_CC	10160
GO_CC	10161
GO_CC	10162
GO_CC	10163
GO_CC	10164
GO_CC	10165
GO_CC	10166
GO_CC	10168
GO_CC	10169
GO_CC	1017
GO_CC	10170
GO_CC	10171
GO_CC	10172
GO_CC	10174
GO_CC	10175
GO_CC	10178
GO_CC	10179
GO_CC	10180
GO_CC	10181
GO_CC	10184
GO_CC	10186
GO_CC	10188
GO_CC	10189
GO_CC	1019
GO_CC	10190
GO_CC	101926996
GO_CC	101928510
GO_CC	101929726
GO_CC	101929926
GO_CC	101929977
GO_CC	101929989
GO_CC	10193
GO_CC	10194
GO_CC	10195
GO_CC	10196
GO_CC	10197
GO_CC	10198
GO_CC	10199
GO_CC	102
GO_CC	1020
GO_CC	10200
GO_CC	10201
GO_CC	10202
GO_CC	10203
GO_CC	10204
GO_CC	10205
GO_CC	10206
GO_CC	10207
GO_CC	10208
GO_CC	10209
GO_CC	1021
GO_CC	10210
GO_CC	10211
GO_CC	10212
GO_CC	10213
GO_CC	10215
GO_CC	102157402
GO_CC	10216
GO_CC	10217
GO_CC	10218
GO_CC	10219
GO_CC	1022
GO_CC	10220
GO_CC	10221
GO_CC	10223
GO_CC	10224
GO_CC	10225
GO_CC	10226
GO_CC	10227
GO_CC	10228
GO_CC	10229
GO_CC	10231
GO_CC	10232
GO_CC	10233
GO_CC	10234
GO_CC	10235
GO_CC	10236
GO_CC	10237
GO_CC	10238
GO_CC	1024
GO_CC	10240
GO_CC	10241
GO_CC	10242
GO_CC	10243
GO_CC	10244
GO_CC	10245
GO_CC	10246
GO_CC	10247
GO_CC	10248
GO_CC	10249
GO_CC	1025
GO_CC	10250
GO_CC	10251
GO_CC	10252
GO_CC	10253
GO_CC	10254
GO_CC	10256
GO_CC	10257
GO_CC	1026
GO_CC	10260
GO_CC	10261
GO_CC	10263
GO_CC	10265
GO_CC	10266
GO_CC	10267
GO_CC	10268
GO_CC	10269
GO_CC	1027
GO_CC	10270
GO_CC	10272
GO_CC	102723167
GO_CC	10273
GO_CC	10274
GO_CC	10276
GO_CC	10277
GO_CC	10278
GO_CC	10279
GO_CC	1028
GO_CC	10280
GO_CC	10281
GO_CC	10282
GO_CC	10283
GO_CC	10284
GO_CC	10285
GO_CC	10286
GO_CC	10287
GO_CC	10289
GO_CC	1029
GO_CC	10291
GO_CC	10293
GO_CC	10294
GO_CC	10295
GO_CC	10296
GO_CC	10297
GO_CC	10298
GO_CC	10299
GO_CC	103
GO_CC	1030
GO_CC	10300
GO_CC	10302
GO_CC	10307
GO_CC	10308
GO_CC	10309
GO_CC	1031
GO_CC	10311
GO_CC	10312
GO_CC	10313
GO_CC	10314
GO_CC	10316
GO_CC	10317
GO_CC	10318
GO_CC	10319
GO_CC	1032
GO_CC	10320
GO_CC	10321
GO_CC	10322
GO_CC	10324
GO_CC	10325
GO_CC	10326
GO_CC	10327
GO_CC	10328
GO_CC	10329
GO_CC	1033
GO_CC	10330
GO_CC	10331
GO_CC	10332
GO_CC	10333
GO_CC	10335
GO_CC	10336
GO_CC	10342
GO_CC	10343
GO_CC	10344
GO_CC	10345
GO_CC	10346
GO_CC	10347
GO_CC	10350
GO_CC	10351
GO_CC	10352
GO_CC	1036
GO_CC	10360
GO_CC	10361
GO_CC	10362
GO_CC	10363
GO_CC	10365
GO_CC	10367
GO_CC	10368
GO_CC	10369
GO_CC	10370
GO_CC	10371
GO_CC	10376
GO_CC	10379
GO_CC	10380
GO_CC	10382
GO_CC	10384
GO_CC	10385
GO_CC	10388
GO_CC	1039
GO_CC	10390
GO_CC	10391
GO_CC	103910
GO_CC	10392
GO_CC	10393
GO_CC	10394
GO_CC	10395
GO_CC	10396
GO_CC	10397
GO_CC	10398
GO_CC	10399
GO_CC	104
GO_CC	1040
GO_CC	10400
GO_CC	10401
GO_CC	10402
GO_CC	10403
GO_CC	10404
GO_CC	10406
GO_CC	10408
GO_CC	10409
GO_CC	1041
GO_CC	10411
GO_CC	10412
GO_CC	10413
GO_CC	10417
GO_CC	10418
GO_CC	10419
GO_CC	10420
GO_CC	10421
GO_CC	10422
GO_CC	10423
GO_CC	10424
GO_CC	10425
GO_CC	10426
GO_CC	10427
GO_CC	10428
GO_CC	1043
GO_CC	10430
GO_CC	10432
GO_CC	10434
GO_CC	10435
GO_CC	10436
GO_CC	10437
GO_CC	10438
GO_CC	10439
GO_CC	1044
GO_CC	10440
GO_CC	10443
GO_CC	10444
GO_CC	10445
GO_CC	10446
GO_CC	10447
GO_CC	10449
GO_CC	1045
GO_CC	10450
GO_CC	10451
GO_CC	10452
GO_CC	10454
GO_CC	10455
GO_CC	10456
GO_CC	10457
GO_CC	10458
GO_CC	10459
GO_CC	1046
GO_CC	10460
GO_CC	10461
GO_CC	10462
GO_CC	10463
GO_CC	10464
GO_CC	10465
GO_CC	10466
GO_CC	10467
GO_CC	10468
GO_CC	10469
GO_CC	1047
GO_CC	10471
GO_CC	10472
GO_CC	10473
GO_CC	10474
GO_CC	10475
GO_CC	10476
GO_CC	10477
GO_CC	10478
GO_CC	10479
GO_CC	1048
GO_CC	10480
GO_CC	10481
GO_CC	10482
GO_CC	10483
GO_CC	10484
GO_CC	10485
GO_CC	10486
GO_CC	10487
GO_CC	10488
GO_CC	10489
GO_CC	10490
GO_CC	10491
GO_CC	10492
GO_CC	10493
GO_CC	10494
GO_CC	10495
GO_CC	10497
GO_CC	10498
GO_CC	10499
GO_CC	105
GO_CC	1050
GO_CC	10501
GO_CC	10505
GO_CC	10507
GO_CC	10509
GO_CC	1051
GO_CC	10512
GO_CC	10513
GO_CC	10514
GO_CC	10516
GO_CC	10517
GO_CC	10518
GO_CC	10519
GO_CC	1052
GO_CC	10520
GO_CC	10521
GO_CC	10522
GO_CC	10523
GO_CC	10525
GO_CC	10526
GO_CC	10527
GO_CC	10528
GO_CC	10529
GO_CC	1053
GO_CC	10531
GO_CC	10533
GO_CC	10534
GO_CC	10535
GO_CC	10536
GO_CC	105375355
GO_CC	105378696
GO_CC	105378952
GO_CC	10538
GO_CC	10539
GO_CC	1054
GO_CC	10540
GO_CC	10541
GO_CC	10542
GO_CC	10544
GO_CC	10548
GO_CC	10549
GO_CC	10550
GO_CC	10551
GO_CC	10552
GO_CC	10553
GO_CC	10554
GO_CC	10555
GO_CC	10556
GO_CC	10557
GO_CC	10558
GO_CC	10559
GO_CC	1056
GO_CC	10560
GO_CC	10561
GO_CC	10562
GO_CC	10563
GO_CC	10564
GO_CC	10565
GO_CC	10566
GO_CC	10567
GO_CC	10568
GO_CC	10569
GO_CC	10570
GO_CC	10572
GO_CC	10573
GO_CC	10574
GO_CC	10575
GO_CC	10576
GO_CC	10577
GO_CC	10578
GO_CC	10579
GO_CC	1058
GO_CC	10580
GO_CC	10584
GO_CC	10585
GO_CC	10586
GO_CC	10587
GO_CC	10589
GO_CC	1059
GO_CC	10590
GO_CC	10591
GO_CC	10592
GO_CC	10594
GO_CC	10595
GO_CC	10598
GO_CC	10599
GO_CC	1060
GO_CC	10600
GO_CC	10602
GO_CC	10603
GO_CC	10605
GO_CC	10606
GO_CC	10607
GO_CC	10608
GO_CC	10609
GO_CC	10610
GO_CC	10611
GO_CC	10612
GO_CC	10613
GO_CC	10614
GO_CC	10615
GO_CC	10616
GO_CC	10617
GO_CC	10618
GO_CC	1062
GO_CC	10620
GO_CC	10621
GO_CC	10622
GO_CC	10623
GO_CC	10625
GO_CC	10626
GO_CC	10627
GO_CC	10628
GO_CC	10629
GO_CC	1063
GO_CC	10630
GO_CC	10631
GO_CC	10632
GO_CC	10633
GO_CC	10634
GO_CC	10635
GO_CC	10636
GO_CC	10637
GO_CC	10640
GO_CC	10641
GO_CC	10642
GO_CC	10643
GO_CC	10644
GO_CC	10645
GO_CC	10647
GO_CC	10648
GO_CC	10650
GO_CC	10651
GO_CC	10652
GO_CC	10653
GO_CC	10654
GO_CC	10655
GO_CC	10656
GO_CC	10657
GO_CC	10658
GO_CC	10659
GO_CC	10660
GO_CC	10661
GO_CC	10663
GO_CC	10664
GO_CC	10665
GO_CC	10666
GO_CC	10667
GO_CC	10668
GO_CC	10669
GO_CC	10670
GO_CC	10671
GO_CC	10672
GO_CC	10673
GO_CC	10675
GO_CC	10677
GO_CC	10678
GO_CC	1068
GO_CC	10681
GO_CC	10682
GO_CC	10683
GO_CC	10686
GO_CC	10687
GO_CC	1069
GO_CC	10690
GO_CC	10691
GO_CC	10692
GO_CC	10693
GO_CC	10694
GO_CC	10695
GO_CC	10699
GO_CC	107
GO_CC	1070
GO_CC	107075116
GO_CC	1071
GO_CC	10712
GO_CC	10713
GO_CC	10714
GO_CC	10716
GO_CC	10717
GO_CC	10718
GO_CC	1072
GO_CC	10721
GO_CC	10723
GO_CC	10724
GO_CC	10725
GO_CC	10726
GO_CC	10728
GO_CC	1073
GO_CC	10730
GO_CC	10732
GO_CC	10733
GO_CC	10734
GO_CC	10735
GO_CC	10736
GO_CC	10741
GO_CC	10742
GO_CC	10743
GO_CC	10744
GO_CC	10745
GO_CC	10746
GO_CC	10747
GO_CC	10749
GO_CC	1075
GO_CC	10752
GO_CC	10753
GO_CC	10755
GO_CC	10758
GO_CC	10761
GO_CC	10762
GO_CC	10763
GO_CC	10765
GO_CC	10766
GO_CC	10767
GO_CC	10768
GO_CC	10769
GO_CC	10771
GO_CC	10772
GO_CC	10773
GO_CC	10775
GO_CC	10776
GO_CC	10777
GO_CC	10780
GO_CC	10781
GO_CC	10782
GO_CC	10783
GO_CC	10785
GO_CC	10787
GO_CC	10788
GO_CC	10791
GO_CC	10793
GO_CC	10794
GO_CC	10795
GO_CC	10797
GO_CC	10798
GO_CC	10799
GO_CC	108
GO_CC	1080
GO_CC	10800
GO_CC	10801
GO_CC	10802
GO_CC	10803
GO_CC	10804
GO_CC	10806
GO_CC	10807
GO_CC	10808
GO_CC	10809
GO_CC	1081
GO_CC	10810
GO_CC	10811
GO_CC	10813
GO_CC	10814
GO_CC	10815
GO_CC	10816
GO_CC	10817
GO_CC	10818
GO_CC	10825
GO_CC	10826
GO_CC	10838
GO_CC	1084
GO_CC	10840
GO_CC	10841
GO_CC	10844
GO_CC	10845
GO_CC	10846
GO_CC	10847
GO_CC	10848
GO_CC	10849
GO_CC	10850
GO_CC	10855
GO_CC	10856
GO_CC	10857
GO_CC	10858
GO_CC	10861
GO_CC	10863
GO_CC	10864
GO_CC	10865
GO_CC	10867
GO_CC	10868
GO_CC	10869
GO_CC	1087
GO_CC	10870
GO_CC	10873
GO_CC	10874
GO_CC	10875
GO_CC	10876
GO_CC	10877
GO_CC	10878
GO_CC	10879
GO_CC	1088
GO_CC	10880
GO_CC	10881
GO_CC	10882
GO_CC	10884
GO_CC	10885
GO_CC	10886
GO_CC	10888
GO_CC	1089
GO_CC	10890
GO_CC	10891
GO_CC	10892
GO_CC	10893
GO_CC	10894
GO_CC	10897
GO_CC	10898
GO_CC	10899
GO_CC	109
GO_CC	10902
GO_CC	10903
GO_CC	10904
GO_CC	10905
GO_CC	10906
GO_CC	10907
GO_CC	10908
GO_CC	10910
GO_CC	10911
GO_CC	10912
GO_CC	10913
GO_CC	10914
GO_CC	10915
GO_CC	10916
GO_CC	10917
GO_CC	10919
GO_CC	10920
GO_CC	10921
GO_CC	10923
GO_CC	10924
GO_CC	10926
GO_CC	10927
GO_CC	10928
GO_CC	10929
GO_CC	10930
GO_CC	10933
GO_CC	10935
GO_CC	10936
GO_CC	10938
GO_CC	10939
GO_CC	10940
GO_CC	10942
GO_CC	10943
GO_CC	10944
GO_CC	10945
GO_CC	10946
GO_CC	10947
GO_CC	10948
GO_CC	10949
GO_CC	10950
GO_CC	10951
GO_CC	10952
GO_CC	10953
GO_CC	10954
GO_CC	10955
GO_CC	10956
GO_CC	10957
GO_CC	10959
GO_CC	10960
GO_CC	10961
GO_CC	10962
GO_CC	10963
GO_CC	10964
GO_CC	10966
GO_CC	10969
GO_CC	10970
GO_CC	10971
GO_CC	10972
GO_CC	10973
GO_CC	10974
GO_CC	10975
GO_CC	10978
GO_CC	10979
GO_CC	10980
GO_CC	10981
GO_CC	10982
GO_CC	10983
GO_CC	10985
GO_CC	10987
GO_CC	10988
GO_CC	10989
GO_CC	10990
GO_CC	10991
GO_CC	10992
GO_CC	10993
GO_CC	10994
GO_CC	10998
GO_CC	10999
GO_CC	11000
GO_CC	11001
GO_CC	11004
GO_CC	11005
GO_CC	11006
GO_CC	11007
GO_CC	11009
GO_CC	1101
GO_CC	11010
GO_CC	11011
GO_CC	11012
GO_CC	11013
GO_CC	11014
GO_CC	11015
GO_CC	11016
GO_CC	11017
GO_CC	11018
GO_CC	11019
GO_CC	1102
GO_CC	11020
GO_CC	11021
GO_CC	11022
GO_CC	11024
GO_CC	11026
GO_CC	11027
GO_CC	1103
GO_CC	11030
GO_CC	11031
GO_CC	11033
GO_CC	11034
GO_CC	11035
GO_CC	11036
GO_CC	11037
GO_CC	1104
GO_CC	11040
GO_CC	11041
GO_CC	11043
GO_CC	11044
GO_CC	11045
GO_CC	11046
GO_CC	11047
GO_CC	1105
GO_CC	11051
GO_CC	11052
GO_CC	11054
GO_CC	11055
GO_CC	11056
GO_CC	11057
GO_CC	11059
GO_CC	1106
GO_CC	11060
GO_CC	11061
GO_CC	11063
GO_CC	11064
GO_CC	11065
GO_CC	11066
GO_CC	11067
GO_CC	11068
GO_CC	1107
GO_CC	11070
GO_CC	11072
GO_CC	11073
GO_CC	11074
GO_CC	11075
GO_CC	11076
GO_CC	11077
GO_CC	11078
GO_CC	11079
GO_CC	1108
GO_CC	11080
GO_CC	11081
GO_CC	11083
GO_CC	11085
GO_CC	11086
GO_CC	1109
GO_CC	11091
GO_CC	11092
GO_CC	11093
GO_CC	11094
GO_CC	11095
GO_CC	11096
GO_CC	11097
GO_CC	11098
GO_CC	11099
GO_CC	111
GO_CC	11100
GO_CC	11101
GO_CC	11102
GO_CC	11103
GO_CC	11104
GO_CC	11105
GO_CC	11107
GO_CC	11108
GO_CC	1111
GO_CC	11112
GO_CC	11113
GO_CC	11116
GO_CC	11117
GO_CC	11118
GO_CC	11119
GO_CC	1112
GO_CC	11120
GO_CC	11122
GO_CC	11123
GO_CC	11124
GO_CC	11126
GO_CC	11127
GO_CC	11128
GO_CC	11129
GO_CC	1113
GO_CC	11130
GO_CC	11131
GO_CC	11132
GO_CC	11133
GO_CC	11135
GO_CC	11136
GO_CC	11137
GO_CC	11138
GO_CC	1114
GO_CC	11140
GO_CC	11141
GO_CC	11142
GO_CC	11143
GO_CC	11144
GO_CC	11145
GO_CC	11146
GO_CC	11148
GO_CC	11149
GO_CC	11151
GO_CC	11152
GO_CC	11153
GO_CC	11154
GO_CC	11155
GO_CC	11156
GO_CC	11157
GO_CC	1116
GO_CC	11160
GO_CC	11161
GO_CC	11162
GO_CC	11163
GO_CC	11164
GO_CC	11165
GO_CC	11166
GO_CC	11167
GO_CC	11168
GO_CC	11169
GO_CC	1117
GO_CC	11170
GO_CC	11171
GO_CC	11172
GO_CC	11173
GO_CC	11174
GO_CC	11176
GO_CC	11177
GO_CC	11178
GO_CC	11179
GO_CC	1118
GO_CC	11180
GO_CC	11181
GO_CC	11182
GO_CC	11183
GO_CC	11184
GO_CC	11185
GO_CC	11186
GO_CC	11187
GO_CC	11188
GO_CC	11189
GO_CC	1119
GO_CC	11190
GO_CC	11193
GO_CC	11194
GO_CC	11196
GO_CC	11197
GO_CC	11198
GO_CC	11199
GO_CC	112
GO_CC	1120
GO_CC	11200
GO_CC	11201
GO_CC	11202
GO_CC	1121
GO_CC	11211
GO_CC	11212
GO_CC	11213
GO_CC	11214
GO_CC	11215
GO_CC	11216
GO_CC	11218
GO_CC	11219
GO_CC	1122
GO_CC	11221
GO_CC	11222
GO_CC	11223
GO_CC	11224
GO_CC	11226
GO_CC	11227
GO_CC	1123
GO_CC	11230
GO_CC	11231
GO_CC	11232
GO_CC	11234
GO_CC	11235
GO_CC	11236
GO_CC	11237
GO_CC	11238
GO_CC	112398
GO_CC	112399
GO_CC	1124
GO_CC	11240
GO_CC	11243
GO_CC	11244
GO_CC	11245
GO_CC	112464
GO_CC	11247
GO_CC	112476
GO_CC	11248
GO_CC	112483
GO_CC	112487
GO_CC	11249
GO_CC	112495
GO_CC	11250
GO_CC	11251
GO_CC	11252
GO_CC	11253
GO_CC	11254
GO_CC	11255
GO_CC	112574
GO_CC	11258
GO_CC	11259
GO_CC	11260
GO_CC	112609
GO_CC	11261
GO_CC	112616
GO_CC	11262
GO_CC	11264
GO_CC	11266
GO_CC	11267
GO_CC	11269
GO_CC	11270
GO_CC	112703
GO_CC	11272
GO_CC	112724
GO_CC	11273
GO_CC	11274
GO_CC	112744
GO_CC	11275
GO_CC	112752
GO_CC	112755
GO_CC	11276
GO_CC	11277
GO_CC	112770
GO_CC	11278
GO_CC	11279
GO_CC	1128
GO_CC	11280
GO_CC	112802
GO_CC	11281
GO_CC	112812
GO_CC	112817
GO_CC	11282
GO_CC	11283
GO_CC	11284
GO_CC	11285
GO_CC	112858
GO_CC	112869
GO_CC	1129
GO_CC	112936
GO_CC	112937
GO_CC	112939
GO_CC	112942
GO_CC	112950
GO_CC	113
GO_CC	1130
GO_CC	113026
GO_CC	11309
GO_CC	113091
GO_CC	1131
GO_CC	11311
GO_CC	113115
GO_CC	113130
GO_CC	11314
GO_CC	113146
GO_CC	11315
GO_CC	11316
GO_CC	11317
GO_CC	113174
GO_CC	113177
GO_CC	113178
GO_CC	113179
GO_CC	11318
GO_CC	113189
GO_CC	11319
GO_CC	1132
GO_CC	11320
GO_CC	113201
GO_CC	11321
GO_CC	11322
GO_CC	113220
GO_CC	113235
GO_CC	113246
GO_CC	11325
GO_CC	113251
GO_CC	11326
GO_CC	113263
GO_CC	113277
GO_CC	113278
GO_CC	11328
GO_CC	11329
GO_CC	1133
GO_CC	11331
GO_CC	11332
GO_CC	11333
GO_CC	11334
GO_CC	11335
GO_CC	11336
GO_CC	11337
GO_CC	11338
GO_CC	11339
GO_CC	1134
GO_CC	11340
GO_CC	113402
GO_CC	11341
GO_CC	113419
GO_CC	11342
GO_CC	11343
GO_CC	11344
GO_CC	113444
GO_CC	11345
GO_CC	113451
GO_CC	113452
GO_CC	11346
GO_CC	1135
GO_CC	113510
GO_CC	113540
GO_CC	1136
GO_CC	113612
GO_CC	113622
GO_CC	113655
GO_CC	113675
GO_CC	1137
GO_CC	113746
GO_CC	113791
GO_CC	1138
GO_CC	113802
GO_CC	113828
GO_CC	113829
GO_CC	113835
GO_CC	113878
GO_CC	114
GO_CC	1140
GO_CC	114026
GO_CC	114034
GO_CC	114049
GO_CC	114088
GO_CC	1141
GO_CC	114112
GO_CC	114131
GO_CC	114132
GO_CC	114134
GO_CC	1142
GO_CC	114294
GO_CC	1143
GO_CC	114327
GO_CC	1144
GO_CC	1145
GO_CC	114548
GO_CC	114569
GO_CC	114571
GO_CC	1146
GO_CC	114609
GO_CC	114614
GO_CC	114625
GO_CC	114659
GO_CC	1147
GO_CC	114757
GO_CC	114769
GO_CC	114770
GO_CC	114771
GO_CC	114780
GO_CC	114781
GO_CC	114783
GO_CC	114784
GO_CC	114785
GO_CC	114786
GO_CC	114787
GO_CC	114788
GO_CC	114789
GO_CC	114790
GO_CC	114791
GO_CC	114793
GO_CC	114794
GO_CC	114795
GO_CC	114798
GO_CC	114799
GO_CC	114800
GO_CC	114801
GO_CC	114803
GO_CC	114804
GO_CC	114805
GO_CC	114814
GO_CC	114815
GO_CC	114818
GO_CC	114821
GO_CC	114822
GO_CC	114823
GO_CC	114825
GO_CC	114826
GO_CC	114827
GO_CC	114836
GO_CC	114876
GO_CC	114879
GO_CC	114880
GO_CC	114881
GO_CC	114882
GO_CC	114883
GO_CC	114884
GO_CC	114885
GO_CC	114897
GO_CC	114898
GO_CC	114899
GO_CC	1149
GO_CC	114900
GO_CC	114904
GO_CC	114905
GO_CC	114907
GO_CC	114908
GO_CC	114926
GO_CC	114971
GO_CC	114990
GO_CC	114991
GO_CC	115
GO_CC	115004
GO_CC	115019
GO_CC	115024
GO_CC	115098
GO_CC	115106
GO_CC	115111
GO_CC	115123
GO_CC	115196
GO_CC	1152
GO_CC	115201
GO_CC	115207
GO_CC	115209
GO_CC	115265
GO_CC	115273
GO_CC	115286
GO_CC	115290
GO_CC	115294
GO_CC	1153
GO_CC	115330
GO_CC	115350
GO_CC	115352
GO_CC	115361
GO_CC	115362
GO_CC	115399
GO_CC	1154
GO_CC	115416
GO_CC	115426
GO_CC	1155
GO_CC	115509
GO_CC	115548
GO_CC	115557
GO_CC	115560
GO_CC	115572
GO_CC	115584
GO_CC	115650
GO_CC	115677
GO_CC	115701
GO_CC	115703
GO_CC	115708
GO_CC	115727
GO_CC	115752
GO_CC	115761
GO_CC	1158
GO_CC	115811
GO_CC	115817
GO_CC	115825
GO_CC	115827
GO_CC	115861
GO_CC	115908
GO_CC	115939
GO_CC	115948
GO_CC	115950
GO_CC	115992
GO_CC	116
GO_CC	1160
GO_CC	116028
GO_CC	116039
GO_CC	116068
GO_CC	116071
GO_CC	116085
GO_CC	116092
GO_CC	1161
GO_CC	116113
GO_CC	116115
GO_CC	116135
GO_CC	116138
GO_CC	116143
GO_CC	116150
GO_CC	116151
GO_CC	116154
GO_CC	116159
GO_CC	116173
GO_CC	116224
GO_CC	116225
GO_CC	116228
GO_CC	116236
GO_CC	116238
GO_CC	116254
GO_CC	116255
GO_CC	116285
GO_CC	1163
GO_CC	116337
GO_CC	116349
GO_CC	116362
GO_CC	116369
GO_CC	116372
GO_CC	116379
GO_CC	1164
GO_CC	116441
GO_CC	116442
GO_CC	116443
GO_CC	116444
GO_CC	116447
GO_CC	116448
GO_CC	116449
GO_CC	116461
GO_CC	116496
GO_CC	116511
GO_CC	116519
GO_CC	116535
GO_CC	116541
GO_CC	116832
GO_CC	116840
GO_CC	116841
GO_CC	116842
GO_CC	116843
GO_CC	116844
GO_CC	116931
GO_CC	116969
GO_CC	116983
GO_CC	116984
GO_CC	116985
GO_CC	116986
GO_CC	116987
GO_CC	116988
GO_CC	117
GO_CC	117143
GO_CC	117144
GO_CC	117145
GO_CC	117154
GO_CC	117155
GO_CC	117156
GO_CC	117157
GO_CC	117159
GO_CC	117166
GO_CC	117177
GO_CC	117178
GO_CC	117194
GO_CC	117195
GO_CC	117196
GO_CC	117245
GO_CC	117246
GO_CC	117247
GO_CC	117248
GO_CC	117283
GO_CC	117285
GO_CC	117289
GO_CC	1173
GO_CC	1174
GO_CC	1175
GO_CC	117531
GO_CC	117532
GO_CC	117579
GO_CC	117581
GO_CC	117583
GO_CC	117584
GO_CC	1176
GO_CC	117608
GO_CC	1178
GO_CC	117854
GO_CC	1179
GO_CC	118
GO_CC	1180
GO_CC	1181
GO_CC	1182
GO_CC	1183
GO_CC	1184
GO_CC	118424
GO_CC	118426
GO_CC	118427
GO_CC	118429
GO_CC	118430
GO_CC	118442
GO_CC	118460
GO_CC	118461
GO_CC	118471
GO_CC	118472
GO_CC	118487
GO_CC	118491
GO_CC	1185
GO_CC	1186
GO_CC	118611
GO_CC	118670
GO_CC	118738
GO_CC	118788
GO_CC	1188
GO_CC	118812
GO_CC	118813
GO_CC	118856
GO_CC	118881
GO_CC	118924
GO_CC	118980
GO_CC	118987
GO_CC	119
GO_CC	119032
GO_CC	1191
GO_CC	1192
GO_CC	1193
GO_CC	119391
GO_CC	119392
GO_CC	119395
GO_CC	119467
GO_CC	1195
GO_CC	119504
GO_CC	119548
GO_CC	119559
GO_CC	119587
GO_CC	1196
GO_CC	119710
GO_CC	1198
GO_CC	12
GO_CC	120
GO_CC	1200
GO_CC	120065
GO_CC	120066
GO_CC	120071
GO_CC	1201
GO_CC	120103
GO_CC	120114
GO_CC	120224
GO_CC	120227
GO_CC	1203
GO_CC	120376
GO_CC	120379
GO_CC	120400
GO_CC	120425
GO_CC	120526
GO_CC	120534
GO_CC	1207
GO_CC	1208
GO_CC	120892
GO_CC	1209
GO_CC	120935
GO_CC	120939
GO_CC	121053
GO_CC	1211
GO_CC	1212
GO_CC	121214
GO_CC	121227
GO_CC	121256
GO_CC	121260
GO_CC	121268
GO_CC	121274
GO_CC	121278
GO_CC	1213
GO_CC	121340
GO_CC	121355
GO_CC	121391
GO_CC	121441
GO_CC	121457
GO_CC	1215
GO_CC	121506
GO_CC	121512
GO_CC	121536
GO_CC	121551
GO_CC	121599
GO_CC	121601
GO_CC	121642
GO_CC	121643
GO_CC	121665
GO_CC	121793
GO_CC	121952
GO_CC	122042
GO_CC	122046
GO_CC	122060
GO_CC	122258
GO_CC	122402
GO_CC	122416
GO_CC	122481
GO_CC	122509
GO_CC	122553
GO_CC	122616
GO_CC	122618
GO_CC	122622
GO_CC	122651
GO_CC	122664
GO_CC	122704
GO_CC	122769
GO_CC	122773
GO_CC	122786
GO_CC	122830
GO_CC	122876
GO_CC	122945
GO_CC	122953
GO_CC	122961
GO_CC	122970
GO_CC	123
GO_CC	1230
GO_CC	123016
GO_CC	123036
GO_CC	123041
GO_CC	123096
GO_CC	123099
GO_CC	123169
GO_CC	1232
GO_CC	123207
GO_CC	123228
GO_CC	123263
GO_CC	123264
GO_CC	123283
GO_CC	1233
GO_CC	1234
GO_CC	1235
GO_CC	123591
GO_CC	1236
GO_CC	123606
GO_CC	123624
GO_CC	123688
GO_CC	1237
GO_CC	123720
GO_CC	123722
GO_CC	123775
GO_CC	1238
GO_CC	123803
GO_CC	123811
GO_CC	123872
GO_CC	123876
GO_CC	123879
GO_CC	123920
GO_CC	123970
GO_CC	124
GO_CC	1240
GO_CC	124044
GO_CC	124045
GO_CC	124056
GO_CC	124093
GO_CC	1241
GO_CC	124220
GO_CC	124222
GO_CC	124245
GO_CC	124359
GO_CC	1244
GO_CC	124401
GO_CC	124404
GO_CC	124446
GO_CC	124454
GO_CC	124460
GO_CC	124491
GO_CC	124512
GO_CC	124535
GO_CC	124538
GO_CC	124540
GO_CC	124565
GO_CC	124583
GO_CC	124590
GO_CC	124599
GO_CC	124602
GO_CC	124626
GO_CC	124637
GO_CC	124739
GO_CC	124773
GO_CC	124783
GO_CC	124790
GO_CC	124801
GO_CC	124808
GO_CC	124817
GO_CC	124842
GO_CC	124857
GO_CC	124872
GO_CC	124912
GO_CC	124925
GO_CC	124930
GO_CC	124935
GO_CC	124936
GO_CC	124961
GO_CC	124975
GO_CC	124976
GO_CC	124995
GO_CC	124997
GO_CC	125
GO_CC	125058
GO_CC	125061
GO_CC	125111
GO_CC	125113
GO_CC	125115
GO_CC	125144
GO_CC	125150
GO_CC	125170
GO_CC	125206
GO_CC	125228
GO_CC	125336
GO_CC	125476
GO_CC	125704
GO_CC	1258
GO_CC	125875
GO_CC	1259
GO_CC	125919
GO_CC	125950
GO_CC	125965
GO_CC	125972
GO_CC	125981
GO_CC	125988
GO_CC	125997
GO_CC	126
GO_CC	126003
GO_CC	126014
GO_CC	126017
GO_CC	126068
GO_CC	126069
GO_CC	126070
GO_CC	126074
GO_CC	126075
GO_CC	1261
GO_CC	126119
GO_CC	126123
GO_CC	126129
GO_CC	126133
GO_CC	126147
GO_CC	1262
GO_CC	126204
GO_CC	126205
GO_CC	126206
GO_CC	126208
GO_CC	126231
GO_CC	126272
GO_CC	126282
GO_CC	126295
GO_CC	126298
GO_CC	1263
GO_CC	126308
GO_CC	126321
GO_CC	126328
GO_CC	126353
GO_CC	126364
GO_CC	126370
GO_CC	126374
GO_CC	126375
GO_CC	126382
GO_CC	126393
GO_CC	1264
GO_CC	126402
GO_CC	126410
GO_CC	126433
GO_CC	126520
GO_CC	126526
GO_CC	126549
GO_CC	126567
GO_CC	1266
GO_CC	126626
GO_CC	126638
GO_CC	126661
GO_CC	126668
GO_CC	126695
GO_CC	1267
GO_CC	126731
GO_CC	126755
GO_CC	126789
GO_CC	126792
GO_CC	1268
GO_CC	126820
GO_CC	126859
GO_CC	1269
GO_CC	126917
GO_CC	126969
GO_CC	127
GO_CC	127003
GO_CC	127018
GO_CC	1271
GO_CC	127124
GO_CC	1272
GO_CC	127247
GO_CC	127253
GO_CC	127254
GO_CC	127262
GO_CC	127281
GO_CC	127294
GO_CC	127343
GO_CC	127391
GO_CC	127396
GO_CC	127428
GO_CC	127435
GO_CC	127495
GO_CC	127534
GO_CC	127540
GO_CC	127544
GO_CC	127579
GO_CC	127602
GO_CC	127670
GO_CC	1277
GO_CC	127700
GO_CC	127707
GO_CC	127731
GO_CC	127733
GO_CC	127795
GO_CC	1278
GO_CC	127829
GO_CC	127833
GO_CC	127845
GO_CC	127933
GO_CC	127943
GO_CC	128
GO_CC	1280
GO_CC	128061
GO_CC	128077
GO_CC	1281
GO_CC	128153
GO_CC	128178
GO_CC	1282
GO_CC	128209
GO_CC	128218
GO_CC	128229
GO_CC	128239
GO_CC	128240
GO_CC	128272
GO_CC	128308
GO_CC	128338
GO_CC	128344
GO_CC	128346
GO_CC	128387
GO_CC	1284
GO_CC	128414
GO_CC	128434
GO_CC	128486
GO_CC	128488
GO_CC	128497
GO_CC	1285
GO_CC	128553
GO_CC	1286
GO_CC	128602
GO_CC	128637
GO_CC	128646
GO_CC	128653
GO_CC	128674
GO_CC	1287
GO_CC	1288
GO_CC	128817
GO_CC	128821
GO_CC	128822
GO_CC	128853
GO_CC	128854
GO_CC	128859
GO_CC	128861
GO_CC	128866
GO_CC	128869
GO_CC	128876
GO_CC	1289
GO_CC	128954
GO_CC	128977
GO_CC	128989
GO_CC	1290
GO_CC	129025
GO_CC	129049
GO_CC	129080
GO_CC	1291
GO_CC	129138
GO_CC	1292
GO_CC	129285
GO_CC	129293
GO_CC	1293
GO_CC	129303
GO_CC	1294
GO_CC	129401
GO_CC	129446
GO_CC	129450
GO_CC	1295
GO_CC	129530
GO_CC	129531
GO_CC	129563
GO_CC	1296
GO_CC	129607
GO_CC	129642
GO_CC	129684
GO_CC	129685
GO_CC	1297
GO_CC	129787
GO_CC	1298
GO_CC	129804
GO_CC	129807
GO_CC	129831
GO_CC	129852
GO_CC	129880
GO_CC	129881
GO_CC	1299
GO_CC	13
GO_CC	130
GO_CC	1300
GO_CC	130013
GO_CC	130026
GO_CC	130074
GO_CC	1301
GO_CC	130120
GO_CC	130132
GO_CC	1302
GO_CC	130271
GO_CC	1303
GO_CC	130340
GO_CC	130367
GO_CC	130399
GO_CC	130497
GO_CC	1305
GO_CC	130507
GO_CC	130540
GO_CC	130557
GO_CC	130560
GO_CC	130574
GO_CC	130576
GO_CC	130589
GO_CC	1306
GO_CC	130612
GO_CC	130617
GO_CC	1307
GO_CC	130733
GO_CC	130749
GO_CC	1308
GO_CC	130813
GO_CC	130814
GO_CC	130827
GO_CC	130872
GO_CC	130916
GO_CC	130951
GO_CC	131
GO_CC	1310
GO_CC	131034
GO_CC	131076
GO_CC	131096
GO_CC	1311
GO_CC	131118
GO_CC	131177
GO_CC	1312
GO_CC	131368
GO_CC	131375
GO_CC	131377
GO_CC	1314
GO_CC	131405
GO_CC	131450
GO_CC	131474
GO_CC	1315
GO_CC	131540
GO_CC	131544
GO_CC	131566
GO_CC	131578
GO_CC	1316
GO_CC	131601
GO_CC	131616
GO_CC	131669
GO_CC	1317
GO_CC	1318
GO_CC	131831
GO_CC	131870
GO_CC	131873
GO_CC	131890
GO_CC	131920
GO_CC	131965
GO_CC	132
GO_CC	132001
GO_CC	132014
GO_CC	132112
GO_CC	132141
GO_CC	132160
GO_CC	132203
GO_CC	132204
GO_CC	132228
GO_CC	132243
GO_CC	132299
GO_CC	132320
GO_CC	132430
GO_CC	1325
GO_CC	1326
GO_CC	132612
GO_CC	132625
GO_CC	132660
GO_CC	132671
GO_CC	1327
GO_CC	132720
GO_CC	132724
GO_CC	132789
GO_CC	132851
GO_CC	132864
GO_CC	132884
GO_CC	1329
GO_CC	132954
GO_CC	133
GO_CC	133022
GO_CC	133121
GO_CC	133308
GO_CC	133383
GO_CC	133396
GO_CC	133418
GO_CC	133482
GO_CC	133522
GO_CC	133558
GO_CC	133584
GO_CC	133619
GO_CC	133686
GO_CC	133688
GO_CC	133690
GO_CC	1337
GO_CC	133746
GO_CC	1339
GO_CC	133957
GO_CC	134
GO_CC	1340
GO_CC	134111
GO_CC	134121
GO_CC	134145
GO_CC	134147
GO_CC	134187
GO_CC	134218
GO_CC	134265
GO_CC	134266
GO_CC	134285
GO_CC	134288
GO_CC	134353
GO_CC	134359
GO_CC	134429
GO_CC	134430
GO_CC	134492
GO_CC	1345
GO_CC	134510
GO_CC	134526
GO_CC	134549
GO_CC	1346
GO_CC	134637
GO_CC	1347
GO_CC	134701
GO_CC	134728
GO_CC	134829
GO_CC	134860
GO_CC	134864
GO_CC	1349
GO_CC	134957
GO_CC	1350
GO_CC	1351
GO_CC	135112
GO_CC	135114
GO_CC	135138
GO_CC	135152
GO_CC	135154
GO_CC	1352
GO_CC	135228
GO_CC	135250
GO_CC	135293
GO_CC	135295
GO_CC	1353
GO_CC	135458
GO_CC	1355
GO_CC	1356
GO_CC	135644
GO_CC	135656
GO_CC	1357
GO_CC	1358
GO_CC	135886
GO_CC	135892
GO_CC	1359
GO_CC	135927
GO_CC	135932
GO_CC	135935
GO_CC	135946
GO_CC	135948
GO_CC	136
GO_CC	1360
GO_CC	136051
GO_CC	1361
GO_CC	1362
GO_CC	136227
GO_CC	136242
GO_CC	136259
GO_CC	136263
GO_CC	1363
GO_CC	136306
GO_CC	136319
GO_CC	136332
GO_CC	136371
GO_CC	1364
GO_CC	1365
GO_CC	136541
GO_CC	1366
GO_CC	136647
GO_CC	1368
GO_CC	136853
GO_CC	136895
GO_CC	1369
GO_CC	136991
GO_CC	1370
GO_CC	137075
GO_CC	1371
GO_CC	137209
GO_CC	1373
GO_CC	137362
GO_CC	137392
GO_CC	1374
GO_CC	137492
GO_CC	1376
GO_CC	137682
GO_CC	137695
GO_CC	137735
GO_CC	1378
GO_CC	137835
GO_CC	137868
GO_CC	137872
GO_CC	137886
GO_CC	1379
GO_CC	137902
GO_CC	137964
GO_CC	137970
GO_CC	137994
GO_CC	1380
GO_CC	138009
GO_CC	138046
GO_CC	138050
GO_CC	138065
GO_CC	1381
GO_CC	138151
GO_CC	138162
GO_CC	138199
GO_CC	1382
GO_CC	138240
GO_CC	138255
GO_CC	138307
GO_CC	138311
GO_CC	1384
GO_CC	138428
GO_CC	138429
GO_CC	1385
GO_CC	1386
GO_CC	138639
GO_CC	1387
GO_CC	138716
GO_CC	1388
GO_CC	138804
GO_CC	1389
GO_CC	1390
GO_CC	139065
GO_CC	139081
GO_CC	139105
GO_CC	139135
GO_CC	139170
GO_CC	139189
GO_CC	1392
GO_CC	139212
GO_CC	139221
GO_CC	139285
GO_CC	1393
GO_CC	139322
GO_CC	139324
GO_CC	139341
GO_CC	139378
GO_CC	139411
GO_CC	139420
GO_CC	1395
GO_CC	139596
GO_CC	139599
GO_CC	1396
GO_CC	139628
GO_CC	1397
GO_CC	139716
GO_CC	139728
GO_CC	139735
GO_CC	1398
GO_CC	139818
GO_CC	139886
GO_CC	1399
GO_CC	14
GO_CC	140
GO_CC	1400
GO_CC	1401
GO_CC	140258
GO_CC	140290
GO_CC	1404
GO_CC	140453
GO_CC	140456
GO_CC	140458
GO_CC	140459
GO_CC	140460
GO_CC	140461
GO_CC	140462
GO_CC	140465
GO_CC	140469
GO_CC	140545
GO_CC	140564
GO_CC	140576
GO_CC	140578
GO_CC	140597
GO_CC	1406
GO_CC	140606
GO_CC	140609
GO_CC	140612
GO_CC	140625
GO_CC	140628
GO_CC	140679
GO_CC	140683
GO_CC	140685
GO_CC	140686
GO_CC	140687
GO_CC	140688
GO_CC	140689
GO_CC	140690
GO_CC	140691
GO_CC	1407
GO_CC	140700
GO_CC	140701
GO_CC	140706
GO_CC	140707
GO_CC	140710
GO_CC	140711
GO_CC	140730
GO_CC	140732
GO_CC	140733
GO_CC	140735
GO_CC	140738
GO_CC	140739
GO_CC	140766
GO_CC	140767
GO_CC	140775
GO_CC	1408
GO_CC	140801
GO_CC	140803
GO_CC	140807
GO_CC	140809
GO_CC	140823
GO_CC	140825
GO_CC	140832
GO_CC	140836
GO_CC	140838
GO_CC	140850
GO_CC	140856
GO_CC	140862
GO_CC	140870
GO_CC	140873
GO_CC	140880
GO_CC	140881
GO_CC	140883
GO_CC	140885
GO_CC	140886
GO_CC	140890
GO_CC	140893
GO_CC	140894
GO_CC	140901
GO_CC	140902
GO_CC	141
GO_CC	1410
GO_CC	1419
GO_CC	142
GO_CC	1420
GO_CC	1421
GO_CC	142678
GO_CC	142679
GO_CC	142680
GO_CC	142684
GO_CC	142685
GO_CC	142686
GO_CC	142689
GO_CC	1428
GO_CC	142891
GO_CC	1429
GO_CC	142910
GO_CC	142940
GO_CC	143
GO_CC	143098
GO_CC	1431
GO_CC	143187
GO_CC	1432
GO_CC	143241
GO_CC	143279
GO_CC	143282
GO_CC	143379
GO_CC	1434
GO_CC	143425
GO_CC	143458
GO_CC	143471
GO_CC	1435
GO_CC	143503
GO_CC	143570
GO_CC	1436
GO_CC	143662
GO_CC	143678
GO_CC	143684
GO_CC	143686
GO_CC	143689
GO_CC	1437
GO_CC	1438
GO_CC	143872
GO_CC	143879
GO_CC	143884
GO_CC	143888
GO_CC	1439
GO_CC	143903
GO_CC	1440
GO_CC	144097
GO_CC	1441
GO_CC	144100
GO_CC	144108
GO_CC	144110
GO_CC	144124
GO_CC	144132
GO_CC	144165
GO_CC	144193
GO_CC	144233
GO_CC	144245
GO_CC	144348
GO_CC	144360
GO_CC	144363
GO_CC	144402
GO_CC	144404
GO_CC	144406
GO_CC	144423
GO_CC	144453
GO_CC	144455
GO_CC	1445
GO_CC	144501
GO_CC	144535
GO_CC	144568
GO_CC	144577
GO_CC	1446
GO_CC	144699
GO_CC	1447
GO_CC	144715
GO_CC	144717
GO_CC	1448
GO_CC	144811
GO_CC	145173
GO_CC	1452
GO_CC	145226
GO_CC	145258
GO_CC	145264
GO_CC	145270
GO_CC	145282
GO_CC	1453
GO_CC	145389
GO_CC	145407
GO_CC	145447
GO_CC	145482
GO_CC	145483
GO_CC	1455
GO_CC	145501
GO_CC	145508
GO_CC	145567
GO_CC	145581
GO_CC	1456
GO_CC	1457
GO_CC	145741
GO_CC	145748
GO_CC	145773
GO_CC	145788
GO_CC	145853
GO_CC	145864
GO_CC	145873
GO_CC	1459
GO_CC	145942
GO_CC	145957
GO_CC	145978
GO_CC	146
GO_CC	1460
GO_CC	146050
GO_CC	146057
GO_CC	146059
GO_CC	146177
GO_CC	146198
GO_CC	1462
GO_CC	146206
GO_CC	146212
GO_CC	146223
GO_CC	146225
GO_CC	146227
GO_CC	146279
GO_CC	1463
GO_CC	146310
GO_CC	146330
GO_CC	146378
GO_CC	146395
GO_CC	1464
GO_CC	146434
GO_CC	146456
GO_CC	1465
GO_CC	146540
GO_CC	146542
GO_CC	146547
GO_CC	146556
GO_CC	146562
GO_CC	1466
GO_CC	146664
GO_CC	146691
GO_CC	146705
GO_CC	146712
GO_CC	146713
GO_CC	146722
GO_CC	146723
GO_CC	146754
GO_CC	146760
GO_CC	1468
GO_CC	146802
GO_CC	146845
GO_CC	146849
GO_CC	146850
GO_CC	146852
GO_CC	146857
GO_CC	146861
GO_CC	146862
GO_CC	146894
GO_CC	1469
GO_CC	146909
GO_CC	146956
GO_CC	147
GO_CC	147007
GO_CC	147015
GO_CC	147040
GO_CC	1471
GO_CC	147111
GO_CC	147138
GO_CC	147166
GO_CC	147179
GO_CC	147183
GO_CC	147184
GO_CC	1472
GO_CC	147276
GO_CC	1473
GO_CC	147339
GO_CC	147372
GO_CC	147381
GO_CC	1474
GO_CC	147409
GO_CC	147495
GO_CC	1475
GO_CC	1476
GO_CC	147645
GO_CC	147646
GO_CC	147650
GO_CC	147657
GO_CC	147660
GO_CC	147664
GO_CC	147670
GO_CC	147685
GO_CC	147686
GO_CC	147687
GO_CC	147694
GO_CC	147699
GO_CC	1477
GO_CC	147700
GO_CC	147719
GO_CC	147741
GO_CC	147744
GO_CC	147746
GO_CC	147798
GO_CC	1478
GO_CC	147807
GO_CC	147808
GO_CC	147837
GO_CC	147841
GO_CC	147872
GO_CC	1479
GO_CC	147906
GO_CC	147912
GO_CC	147920
GO_CC	147923
GO_CC	147929
GO_CC	147945
GO_CC	147947
GO_CC	147948
GO_CC	147949
GO_CC	147965
GO_CC	147968
GO_CC	147991
GO_CC	148
GO_CC	148014
GO_CC	148022
GO_CC	148066
GO_CC	148103
GO_CC	148109
GO_CC	148113
GO_CC	148137
GO_CC	148156
GO_CC	1482
GO_CC	148203
GO_CC	148213
GO_CC	148229
GO_CC	148252
GO_CC	148254
GO_CC	148266
GO_CC	148268
GO_CC	148281
GO_CC	148327
GO_CC	148345
GO_CC	148362
GO_CC	148398
GO_CC	148423
GO_CC	148479
GO_CC	148523
GO_CC	148534
GO_CC	148545
GO_CC	148581
GO_CC	1486
GO_CC	148641
GO_CC	1487
GO_CC	148738
GO_CC	148753
GO_CC	148789
GO_CC	1488
GO_CC	148808
GO_CC	148811
GO_CC	148867
GO_CC	1489
GO_CC	148930
GO_CC	148932
GO_CC	1490
GO_CC	149041
GO_CC	149069
GO_CC	149076
GO_CC	149095
GO_CC	1491
GO_CC	149111
GO_CC	149175
GO_CC	149233
GO_CC	1493
GO_CC	149345
GO_CC	149371
GO_CC	149420
GO_CC	149428
GO_CC	149461
GO_CC	149465
GO_CC	149466
GO_CC	149483
GO_CC	1495
GO_CC	149563
GO_CC	1496
GO_CC	149603
GO_CC	149628
GO_CC	149647
GO_CC	149685
GO_CC	1497
GO_CC	149708
GO_CC	149830
GO_CC	149840
GO_CC	1499
GO_CC	149951
GO_CC	149954
GO_CC	149986
GO_CC	149998
GO_CC	15
GO_CC	150
GO_CC	150082
GO_CC	150084
GO_CC	1501
GO_CC	150159
GO_CC	150160
GO_CC	150209
GO_CC	150275
GO_CC	150280
GO_CC	150290
GO_CC	1503
GO_CC	150350
GO_CC	150353
GO_CC	150356
GO_CC	150368
GO_CC	150372
GO_CC	150379
GO_CC	150465
GO_CC	150468
GO_CC	150572
GO_CC	1506
GO_CC	150677
GO_CC	150678
GO_CC	150684
GO_CC	150696
GO_CC	150709
GO_CC	150726
GO_CC	150737
GO_CC	150763
GO_CC	150771
GO_CC	1508
GO_CC	1509
GO_CC	150962
GO_CC	151
GO_CC	1510
GO_CC	151011
GO_CC	151050
GO_CC	151056
GO_CC	1511
GO_CC	151126
GO_CC	151188
GO_CC	151194
GO_CC	151195
GO_CC	1512
GO_CC	151230
GO_CC	151242
GO_CC	151246
GO_CC	151254
GO_CC	151258
GO_CC	151295
GO_CC	1513
GO_CC	151306
GO_CC	151354
GO_CC	151393
GO_CC	1514
GO_CC	151449
GO_CC	151473
GO_CC	1515
GO_CC	151516
GO_CC	151531
GO_CC	151556
GO_CC	151636
GO_CC	151647
GO_CC	151648
GO_CC	151649
GO_CC	151651
GO_CC	151742
GO_CC	151790
GO_CC	151827
GO_CC	151835
GO_CC	151871
GO_CC	151887
GO_CC	151888
GO_CC	1519
GO_CC	151903
GO_CC	151987
GO_CC	152
GO_CC	1520
GO_CC	152002
GO_CC	152006
GO_CC	152007
GO_CC	152065
GO_CC	152078
GO_CC	152098
GO_CC	1521
GO_CC	152100
GO_CC	152110
GO_CC	152137
GO_CC	152185
GO_CC	152189
GO_CC	1522
GO_CC	152206
GO_CC	152217
GO_CC	152273
GO_CC	1523
GO_CC	152330
GO_CC	1524
GO_CC	152404
GO_CC	152405
GO_CC	152485
GO_CC	1525
GO_CC	152503
GO_CC	152518
GO_CC	152559
GO_CC	152586
GO_CC	152687
GO_CC	1527
GO_CC	152789
GO_CC	1528
GO_CC	152815
GO_CC	152816
GO_CC	152831
GO_CC	152877
GO_CC	152926
GO_CC	152992
GO_CC	153
GO_CC	153020
GO_CC	153090
GO_CC	153129
GO_CC	153218
GO_CC	153222
GO_CC	153241
GO_CC	153328
GO_CC	153339
GO_CC	153364
GO_CC	153396
GO_CC	1534
GO_CC	153443
GO_CC	153478
GO_CC	1535
GO_CC	153527
GO_CC	153562
GO_CC	153572
GO_CC	153579
GO_CC	1536
GO_CC	153642
GO_CC	153643
GO_CC	153657
GO_CC	1537
GO_CC	153733
GO_CC	153745
GO_CC	153768
GO_CC	153769
GO_CC	1538
GO_CC	153830
GO_CC	1539
GO_CC	154
GO_CC	1540
GO_CC	154007
GO_CC	154043
GO_CC	154091
GO_CC	154141
GO_CC	154150
GO_CC	154197
GO_CC	154214
GO_CC	154215
GO_CC	154288
GO_CC	1543
GO_CC	154313
GO_CC	1544
GO_CC	154467
GO_CC	1545
GO_CC	154664
GO_CC	154743
GO_CC	154790
GO_CC	154791
GO_CC	154796
GO_CC	1548
GO_CC	154807
GO_CC	154810
GO_CC	154865
GO_CC	154881
GO_CC	155
GO_CC	155006
GO_CC	155038
GO_CC	155054
GO_CC	155061
GO_CC	155066
GO_CC	1551
GO_CC	155185
GO_CC	1553
GO_CC	155382
GO_CC	155435
GO_CC	155465
GO_CC	1555
GO_CC	1557
GO_CC	1558
GO_CC	1559
GO_CC	156
GO_CC	1562
GO_CC	1564
GO_CC	1565
GO_CC	157
GO_CC	1571
GO_CC	1572
GO_CC	157285
GO_CC	1573
GO_CC	157310
GO_CC	157313
GO_CC	157378
GO_CC	157506
GO_CC	157567
GO_CC	157570
GO_CC	1576
GO_CC	157638
GO_CC	157657
GO_CC	157680
GO_CC	157695
GO_CC	1577
GO_CC	157724
GO_CC	157739
GO_CC	157753
GO_CC	157769
GO_CC	157777
GO_CC	157807
GO_CC	157848
GO_CC	157855
GO_CC	157869
GO_CC	1579
GO_CC	157922
GO_CC	158
GO_CC	1580
GO_CC	158038
GO_CC	158056
GO_CC	158062
GO_CC	158067
GO_CC	1581
GO_CC	158131
GO_CC	158135
GO_CC	158158
GO_CC	1582
GO_CC	158234
GO_CC	158297
GO_CC	1583
GO_CC	158326
GO_CC	158358
GO_CC	158376
GO_CC	158399
GO_CC	1584
GO_CC	158401
GO_CC	158431
GO_CC	158471
GO_CC	1585
GO_CC	158506
GO_CC	158521
GO_CC	158584
GO_CC	158586
GO_CC	1586
GO_CC	158747
GO_CC	158763
GO_CC	158787
GO_CC	158798
GO_CC	1588
GO_CC	158800
GO_CC	158809
GO_CC	158833
GO_CC	158866
GO_CC	158880
GO_CC	159
GO_CC	159013
GO_CC	1591
GO_CC	1592
GO_CC	159296
GO_CC	1593
GO_CC	159371
GO_CC	1594
GO_CC	159686
GO_CC	159963
GO_CC	159989
GO_CC	16
GO_CC	160
GO_CC	1600
GO_CC	160065
GO_CC	1601
GO_CC	160140
GO_CC	1602
GO_CC	160287
GO_CC	160298
GO_CC	1603
GO_CC	160335
GO_CC	160364
GO_CC	160365
GO_CC	1604
GO_CC	160418
GO_CC	160428
GO_CC	160492
GO_CC	1605
GO_CC	160518
GO_CC	1606
GO_CC	160622
GO_CC	1607
GO_CC	160728
GO_CC	160760
GO_CC	160762
GO_CC	1608
GO_CC	160851
GO_CC	160897
GO_CC	1609
GO_CC	161
GO_CC	1610
GO_CC	161003
GO_CC	161142
GO_CC	161145
GO_CC	161176
GO_CC	161198
GO_CC	1612
GO_CC	161247
GO_CC	161253
GO_CC	161291
GO_CC	1613
GO_CC	161357
GO_CC	161424
GO_CC	161436
GO_CC	161497
GO_CC	1615
GO_CC	161502
GO_CC	161514
GO_CC	161582
GO_CC	1616
GO_CC	161725
GO_CC	161742
GO_CC	161753
GO_CC	1618
GO_CC	161823
GO_CC	161829
GO_CC	161882
GO_CC	161931
GO_CC	162
GO_CC	1620
GO_CC	162073
GO_CC	1621
GO_CC	162239
GO_CC	162282
GO_CC	162387
GO_CC	162394
GO_CC	162417
GO_CC	162427
GO_CC	162461
GO_CC	162466
GO_CC	162494
GO_CC	162514
GO_CC	162515
GO_CC	162517
GO_CC	162540
GO_CC	162655
GO_CC	162681
GO_CC	1627
GO_CC	1628
GO_CC	1629
GO_CC	162962
GO_CC	162963
GO_CC	162967
GO_CC	162968
GO_CC	162972
GO_CC	162979
GO_CC	162989
GO_CC	162993
GO_CC	162998
GO_CC	163
GO_CC	1630
GO_CC	163033
GO_CC	163049
GO_CC	163050
GO_CC	163051
GO_CC	163071
GO_CC	163081
GO_CC	163087
GO_CC	163115
GO_CC	163126
GO_CC	163131
GO_CC	163175
GO_CC	163183
GO_CC	1632
GO_CC	163227
GO_CC	163255
GO_CC	163259
GO_CC	1633
GO_CC	163351
GO_CC	1634
GO_CC	163404
GO_CC	163479
GO_CC	163486
GO_CC	1635
GO_CC	163589
GO_CC	163590
GO_CC	1636
GO_CC	163688
GO_CC	163702
GO_CC	163720
GO_CC	163732
GO_CC	163778
GO_CC	163782
GO_CC	163786
GO_CC	1638
GO_CC	163859
GO_CC	163882
GO_CC	1639
GO_CC	164
GO_CC	164045
GO_CC	164091
GO_CC	1641
GO_CC	164153
GO_CC	1642
GO_CC	164237
GO_CC	164284
GO_CC	1643
GO_CC	164312
GO_CC	164395
GO_CC	1644
GO_CC	1645
GO_CC	164592
GO_CC	1646
GO_CC	164633
GO_CC	164656
GO_CC	164684
GO_CC	1647
GO_CC	164781
GO_CC	164832
GO_CC	1649
GO_CC	165
GO_CC	1650
GO_CC	165082
GO_CC	165100
GO_CC	165140
GO_CC	165186
GO_CC	165215
GO_CC	1653
GO_CC	165324
GO_CC	1654
GO_CC	1655
GO_CC	165530
GO_CC	165545
GO_CC	1656
GO_CC	165631
GO_CC	165679
GO_CC	1657
GO_CC	165721
GO_CC	165829
GO_CC	1659
GO_CC	165904
GO_CC	165918
GO_CC	166
GO_CC	1660
GO_CC	166012
GO_CC	1662
GO_CC	1663
GO_CC	166336
GO_CC	166348
GO_CC	166378
GO_CC	166379
GO_CC	1665
GO_CC	1666
GO_CC	166614
GO_CC	166647
GO_CC	166752
GO_CC	166785
GO_CC	166793
GO_CC	166815
GO_CC	166863
GO_CC	1669
GO_CC	166929
GO_CC	166968
GO_CC	166979
GO_CC	167
GO_CC	1670
GO_CC	1671
GO_CC	167153
GO_CC	1672
GO_CC	167227
GO_CC	1674
GO_CC	167410
GO_CC	167465
GO_CC	1675
GO_CC	1676
GO_CC	167681
GO_CC	167691
GO_CC	1677
GO_CC	1678
GO_CC	167826
GO_CC	167838
GO_CC	168002
GO_CC	168374
GO_CC	168391
GO_CC	168400
GO_CC	168433
GO_CC	168448
GO_CC	168451
GO_CC	168507
GO_CC	168537
GO_CC	168544
GO_CC	168620
GO_CC	168667
GO_CC	1687
GO_CC	168850
GO_CC	1690
GO_CC	169026
GO_CC	169044
GO_CC	169200
GO_CC	169270
GO_CC	169355
GO_CC	169522
GO_CC	169611
GO_CC	169693
GO_CC	169714
GO_CC	169792
GO_CC	169834
GO_CC	169841
GO_CC	169981
GO_CC	170082
GO_CC	170261
GO_CC	170302
GO_CC	170370
GO_CC	170371
GO_CC	170384
GO_CC	170392
GO_CC	170394
GO_CC	170482
GO_CC	170487
GO_CC	170506
GO_CC	170572
GO_CC	170575
GO_CC	170589
GO_CC	170622
GO_CC	170680
GO_CC	170685
GO_CC	170689
GO_CC	170690
GO_CC	170691
GO_CC	170692
GO_CC	170712
GO_CC	170850
GO_CC	170954
GO_CC	170959
GO_CC	170960
GO_CC	170961
GO_CC	171017
GO_CC	171019
GO_CC	171023
GO_CC	171024
GO_CC	171169
GO_CC	171177
GO_CC	171389
GO_CC	171425
GO_CC	171482
GO_CC	171483
GO_CC	171484
GO_CC	171546
GO_CC	171558
GO_CC	171568
GO_CC	171586
GO_CC	1716
GO_CC	1717
GO_CC	1718
GO_CC	1719
GO_CC	1723
GO_CC	1725
GO_CC	1727
GO_CC	1728
GO_CC	1729
GO_CC	173
GO_CC	1730
GO_CC	1731
GO_CC	1733
GO_CC	1734
GO_CC	1735
GO_CC	1736
GO_CC	1737
GO_CC	1738
GO_CC	1739
GO_CC	174
GO_CC	1740
GO_CC	1741
GO_CC	1742
GO_CC	1745
GO_CC	1746
GO_CC	1747
GO_CC	1748
GO_CC	1749
GO_CC	175
GO_CC	1750
GO_CC	1755
GO_CC	1756
GO_CC	1757
GO_CC	1758
GO_CC	1759
GO_CC	176
GO_CC	1760
GO_CC	1761
GO_CC	1762
GO_CC	1763
GO_CC	1767
GO_CC	1768
GO_CC	1769
GO_CC	177
GO_CC	1770
GO_CC	1773
GO_CC	1774
GO_CC	1775
GO_CC	1776
GO_CC	1777
GO_CC	1778
GO_CC	178
GO_CC	1780
GO_CC	1781
GO_CC	1783
GO_CC	1785
GO_CC	1786
GO_CC	1787
GO_CC	1788
GO_CC	1789
GO_CC	1791
GO_CC	1793
GO_CC	1794
GO_CC	1795
GO_CC	1796
GO_CC	1797
GO_CC	1798
GO_CC	18
GO_CC	1800
GO_CC	1802
GO_CC	1803
GO_CC	1804
GO_CC	1805
GO_CC	1806
GO_CC	1807
GO_CC	1808
GO_CC	1809
GO_CC	181
GO_CC	1810
GO_CC	1811
GO_CC	1812
GO_CC	1813
GO_CC	1814
GO_CC	1816
GO_CC	1819
GO_CC	182
GO_CC	1820
GO_CC	1821
GO_CC	1822
GO_CC	1823
GO_CC	1824
GO_CC	1825
GO_CC	1826
GO_CC	1827
GO_CC	1828
GO_CC	1829
GO_CC	183
GO_CC	1830
GO_CC	1831
GO_CC	1832
GO_CC	1833
GO_CC	1834
GO_CC	1836
GO_CC	1837
GO_CC	1838
GO_CC	1839
GO_CC	1840
GO_CC	1841
GO_CC	1842
GO_CC	1843
GO_CC	1844
GO_CC	1845
GO_CC	1846
GO_CC	1847
GO_CC	1848
GO_CC	1849
GO_CC	185
GO_CC	1850
GO_CC	1852
GO_CC	1854
GO_CC	1855
GO_CC	1856
GO_CC	1857
GO_CC	1859
GO_CC	186
GO_CC	1861
GO_CC	1869
GO_CC	187
GO_CC	1870
GO_CC	1871
GO_CC	1874
GO_CC	1875
GO_CC	1876
GO_CC	1877
GO_CC	1879
GO_CC	1880
GO_CC	1889
GO_CC	189
GO_CC	1890
GO_CC	1891
GO_CC	1892
GO_CC	1893
GO_CC	1894
GO_CC	1896
GO_CC	19
GO_CC	190
GO_CC	1901
GO_CC	1902
GO_CC	1903
GO_CC	1906
GO_CC	1907
GO_CC	1908
GO_CC	1909
GO_CC	191
GO_CC	1910
GO_CC	1911
GO_CC	1912
GO_CC	1915
GO_CC	1917
GO_CC	192111
GO_CC	192134
GO_CC	192666
GO_CC	192668
GO_CC	192669
GO_CC	192670
GO_CC	192683
GO_CC	1933
GO_CC	1936
GO_CC	1938
GO_CC	1939
GO_CC	1942
GO_CC	1943
GO_CC	1944
GO_CC	1945
GO_CC	1946
GO_CC	1947
GO_CC	1948
GO_CC	1949
GO_CC	1950
GO_CC	1951
GO_CC	1952
GO_CC	1953
GO_CC	1954
GO_CC	1955
GO_CC	1956
GO_CC	1958
GO_CC	195814
GO_CC	1959
GO_CC	196
GO_CC	1960
GO_CC	196051
GO_CC	196074
GO_CC	1961
GO_CC	1962
GO_CC	196264
GO_CC	196294
GO_CC	196374
GO_CC	196383
GO_CC	196385
GO_CC	196394
GO_CC	1964
GO_CC	196403
GO_CC	196410
GO_CC	196441
GO_CC	196446
GO_CC	196463
GO_CC	196477
GO_CC	1965
GO_CC	196500
GO_CC	196513
GO_CC	196527
GO_CC	196528
GO_CC	196541
GO_CC	1967
GO_CC	196740
GO_CC	196743
GO_CC	196792
GO_CC	1968
GO_CC	196883
GO_CC	1969
GO_CC	196996
GO_CC	197
GO_CC	197021
GO_CC	197131
GO_CC	197135
GO_CC	197257
GO_CC	197258
GO_CC	197259
GO_CC	1973
GO_CC	197320
GO_CC	197322
GO_CC	197335
GO_CC	197342
GO_CC	197358
GO_CC	197370
GO_CC	1974
GO_CC	197407
GO_CC	1975
GO_CC	1977
GO_CC	1978
GO_CC	1979
GO_CC	1981
GO_CC	1982
GO_CC	1983
GO_CC	1984
GO_CC	199
GO_CC	1990
GO_CC	1991
GO_CC	1992
GO_CC	199221
GO_CC	199223
GO_CC	1993
GO_CC	1994
GO_CC	1995
GO_CC	1996
GO_CC	199675
GO_CC	199692
GO_CC	199699
GO_CC	1997
GO_CC	199704
GO_CC	199713
GO_CC	199731
GO_CC	199746
GO_CC	199777
GO_CC	1998
GO_CC	199800
GO_CC	199857
GO_CC	199870
GO_CC	1999
GO_CC	199920
GO_CC	199953
GO_CC	199964
GO_CC	199974
GO_CC	199990
GO_CC	2
GO_CC	20
GO_CC	2000
GO_CC	200010
GO_CC	200014
GO_CC	200035
GO_CC	200081
GO_CC	2001
GO_CC	200132
GO_CC	200150
GO_CC	200162
GO_CC	200185
GO_CC	200186
GO_CC	2002
GO_CC	200205
GO_CC	200232
GO_CC	200312
GO_CC	200316
GO_CC	200373
GO_CC	2004
GO_CC	200403
GO_CC	200407
GO_CC	200424
GO_CC	2005
GO_CC	200504
GO_CC	200523
GO_CC	200539
GO_CC	200558
GO_CC	200576
GO_CC	2006
GO_CC	200634
GO_CC	200728
GO_CC	200734
GO_CC	200765
GO_CC	200845
GO_CC	200879
GO_CC	200894
GO_CC	200895
GO_CC	2009
GO_CC	200916
GO_CC	200931
GO_CC	200933
GO_CC	200942
GO_CC	200958
GO_CC	200959
GO_CC	2010
GO_CC	2011
GO_CC	201134
GO_CC	201140
GO_CC	201158
GO_CC	201161
GO_CC	201163
GO_CC	201164
GO_CC	201176
GO_CC	201181
GO_CC	201191
GO_CC	2012
GO_CC	201229
GO_CC	201243
GO_CC	201254
GO_CC	201255
GO_CC	201266
GO_CC	201294
GO_CC	201299
GO_CC	2013
GO_CC	201305
GO_CC	2014
GO_CC	201456
GO_CC	201475
GO_CC	2015
GO_CC	201501
GO_CC	201514
GO_CC	201516
GO_CC	201562
GO_CC	201595
GO_CC	2016
GO_CC	201625
GO_CC	201626
GO_CC	201627
GO_CC	201633
GO_CC	2017
GO_CC	201725
GO_CC	201780
GO_CC	201798
GO_CC	201799
GO_CC	2018
GO_CC	201895
GO_CC	2019
GO_CC	201931
GO_CC	201973
GO_CC	202
GO_CC	2020
GO_CC	202018
GO_CC	202051
GO_CC	202052
GO_CC	2021
GO_CC	202151
GO_CC	2022
GO_CC	202243
GO_CC	2023
GO_CC	202309
GO_CC	202333
GO_CC	202374
GO_CC	202500
GO_CC	202559
GO_CC	2026
GO_CC	2027
GO_CC	2028
GO_CC	2029
GO_CC	202915
GO_CC	203
GO_CC	2030
GO_CC	203054
GO_CC	203062
GO_CC	203068
GO_CC	203074
GO_CC	203100
GO_CC	203102
GO_CC	203190
GO_CC	203197
GO_CC	203228
GO_CC	203245
GO_CC	203260
GO_CC	203274
GO_CC	203286
GO_CC	2033
GO_CC	203328
GO_CC	2034
GO_CC	203413
GO_CC	203427
GO_CC	203430
GO_CC	2035
GO_CC	203522
GO_CC	203523
GO_CC	203547
GO_CC	203562
GO_CC	2036
GO_CC	2037
GO_CC	2038
GO_CC	203859
GO_CC	2039
GO_CC	204
GO_CC	2040
GO_CC	2041
GO_CC	2042
GO_CC	204219
GO_CC	2043
GO_CC	2044
GO_CC	204474
GO_CC	2045
GO_CC	2046
GO_CC	2047
GO_CC	2048
GO_CC	204801
GO_CC	204851
GO_CC	2049
GO_CC	204962
GO_CC	205
GO_CC	2050
GO_CC	2051
GO_CC	205147
GO_CC	2052
GO_CC	205251
GO_CC	2053
GO_CC	205327
GO_CC	2054
GO_CC	205428
GO_CC	2055
GO_CC	205564
GO_CC	2056
GO_CC	2057
GO_CC	205717
GO_CC	2058
GO_CC	205860
GO_CC	2059
GO_CC	2060
GO_CC	2063
GO_CC	206338
GO_CC	206358
GO_CC	2064
GO_CC	206412
GO_CC	2065
GO_CC	2066
GO_CC	2067
GO_CC	2068
GO_CC	2069
GO_CC	207
GO_CC	2070
GO_CC	207063
GO_CC	2071
GO_CC	2072
GO_CC	2073
GO_CC	2074
GO_CC	2077
GO_CC	2078
GO_CC	2079
GO_CC	208
GO_CC	2081
GO_CC	2091
GO_CC	2098
GO_CC	2099
GO_CC	21
GO_CC	210
GO_CC	2100
GO_CC	2101
GO_CC	2103
GO_CC	2104
GO_CC	2107
GO_CC	2108
GO_CC	2109
GO_CC	211
GO_CC	2110
GO_CC	2113
GO_CC	2114
GO_CC	2115
GO_CC	2116
GO_CC	2117
GO_CC	2118
GO_CC	2119
GO_CC	212
GO_CC	2120
GO_CC	2121
GO_CC	2122
GO_CC	2123
GO_CC	2124
GO_CC	2125
GO_CC	2128
GO_CC	213
GO_CC	2130
GO_CC	2131
GO_CC	2132
GO_CC	2134
GO_CC	2135
GO_CC	2137
GO_CC	2138
GO_CC	2139
GO_CC	214
GO_CC	2140
GO_CC	2145
GO_CC	2146
GO_CC	2147
GO_CC	2149
GO_CC	2150
GO_CC	2151
GO_CC	2152
GO_CC	2153
GO_CC	2155
GO_CC	2157
GO_CC	2158
GO_CC	2159
GO_CC	216
GO_CC	2160
GO_CC	2161
GO_CC	2162
GO_CC	2165
GO_CC	2166
GO_CC	2167
GO_CC	2168
GO_CC	2169
GO_CC	217
GO_CC	2170
GO_CC	2171
GO_CC	2172
GO_CC	2173
GO_CC	2175
GO_CC	2176
GO_CC	2177
GO_CC	2178
GO_CC	218
GO_CC	2180
GO_CC	2181
GO_CC	2182
GO_CC	2184
GO_CC	2185
GO_CC	2186
GO_CC	2187
GO_CC	2188
GO_CC	2189
GO_CC	219
GO_CC	2191
GO_CC	2192
GO_CC	219285
GO_CC	219287
GO_CC	219293
GO_CC	2193
GO_CC	219333
GO_CC	219348
GO_CC	2194
GO_CC	219402
GO_CC	219409
GO_CC	2195
GO_CC	219527
GO_CC	219537
GO_CC	219539
GO_CC	219541
GO_CC	219578
GO_CC	2196
GO_CC	219621
GO_CC	219623
GO_CC	219670
GO_CC	219681
GO_CC	219699
GO_CC	2197
GO_CC	219736
GO_CC	219738
GO_CC	219743
GO_CC	219749
GO_CC	219770
GO_CC	219771
GO_CC	219790
GO_CC	219793
GO_CC	219833
GO_CC	219844
GO_CC	219854
GO_CC	219855
GO_CC	219899
GO_CC	2199
GO_CC	219902
GO_CC	219927
GO_CC	219931
GO_CC	219938
GO_CC	219970
GO_CC	219972
GO_CC	219988
GO_CC	219990
GO_CC	219995
GO_CC	22
GO_CC	220
GO_CC	2200
GO_CC	220001
GO_CC	220002
GO_CC	220004
GO_CC	220042
GO_CC	220064
GO_CC	220082
GO_CC	2201
GO_CC	220107
GO_CC	220136
GO_CC	220164
GO_CC	2202
GO_CC	220202
GO_CC	220296
GO_CC	2203
GO_CC	220359
GO_CC	220388
GO_CC	2204
GO_CC	220441
GO_CC	2205
GO_CC	2206
GO_CC	2207
GO_CC	2208
GO_CC	220929
GO_CC	220963
GO_CC	220972
GO_CC	220979
GO_CC	220988
GO_CC	220992
GO_CC	221
GO_CC	221002
GO_CC	221035
GO_CC	221037
GO_CC	221044
GO_CC	221061
GO_CC	221074
GO_CC	221078
GO_CC	221079
GO_CC	221091
GO_CC	221092
GO_CC	221120
GO_CC	221143
GO_CC	221150
GO_CC	221154
GO_CC	221178
GO_CC	221184
GO_CC	221188
GO_CC	221191
GO_CC	2212
GO_CC	221223
GO_CC	221264
GO_CC	2213
GO_CC	221301
GO_CC	221302
GO_CC	221303
GO_CC	221322
GO_CC	221336
GO_CC	221391
GO_CC	221393
GO_CC	221395
GO_CC	221400
GO_CC	221421
GO_CC	221443
GO_CC	221458
GO_CC	221468
GO_CC	221472
GO_CC	221476
GO_CC	221477
GO_CC	221481
GO_CC	221491
GO_CC	221496
GO_CC	2215
GO_CC	221527
GO_CC	221656
GO_CC	221662
GO_CC	221687
GO_CC	221692
GO_CC	2217
GO_CC	221710
GO_CC	221711
GO_CC	221785
GO_CC	221786
GO_CC	2218
GO_CC	221806
GO_CC	221823
GO_CC	221830
GO_CC	221833
GO_CC	221895
GO_CC	2219
GO_CC	221908
GO_CC	221914
GO_CC	221927
GO_CC	221935
GO_CC	221937
GO_CC	221938
GO_CC	221955
GO_CC	221960
GO_CC	221981
GO_CC	222
GO_CC	2220
GO_CC	222008
GO_CC	222068
GO_CC	222166
GO_CC	222183
GO_CC	222194
GO_CC	2222
GO_CC	222223
GO_CC	222229
GO_CC	222234
GO_CC	222235
GO_CC	222236
GO_CC	222256
GO_CC	222389
GO_CC	2224
GO_CC	222484
GO_CC	222487
GO_CC	222537
GO_CC	222545
GO_CC	222546
GO_CC	222553
GO_CC	222584
GO_CC	222611
GO_CC	222642
GO_CC	222643
GO_CC	222658
GO_CC	222659
GO_CC	222662
GO_CC	222663
GO_CC	222696
GO_CC	222698
GO_CC	222865
GO_CC	222894
GO_CC	222962
GO_CC	223
GO_CC	2230
GO_CC	223082
GO_CC	223117
GO_CC	2232
GO_CC	2235
GO_CC	2237
GO_CC	2239
GO_CC	224
GO_CC	2241
GO_CC	2242
GO_CC	2243
GO_CC	2244
GO_CC	2245
GO_CC	2246
GO_CC	2247
GO_CC	2248
GO_CC	2249
GO_CC	225
GO_CC	2250
GO_CC	2251
GO_CC	2252
GO_CC	2253
GO_CC	2254
GO_CC	2255
GO_CC	2256
GO_CC	225689
GO_CC	2257
GO_CC	2258
GO_CC	2259
GO_CC	2260
GO_CC	2261
GO_CC	2262
GO_CC	2263
GO_CC	2264
GO_CC	2266
GO_CC	2267
GO_CC	2268
GO_CC	2271
GO_CC	2272
GO_CC	2273
GO_CC	2274
GO_CC	2275
GO_CC	22794
GO_CC	22795
GO_CC	22796
GO_CC	22797
GO_CC	22798
GO_CC	2280
GO_CC	22800
GO_CC	22801
GO_CC	22802
GO_CC	22803
GO_CC	22806
GO_CC	22807
GO_CC	22808
GO_CC	22809
GO_CC	2281
GO_CC	22818
GO_CC	22820
GO_CC	22821
GO_CC	22822
GO_CC	22823
GO_CC	22824
GO_CC	22826
GO_CC	22827
GO_CC	22828
GO_CC	22829
GO_CC	22832
GO_CC	22834
GO_CC	22836
GO_CC	22837
GO_CC	22839
GO_CC	22841
GO_CC	22843
GO_CC	22844
GO_CC	22845
GO_CC	22846
GO_CC	22847
GO_CC	22848
GO_CC	22849
GO_CC	22850
GO_CC	22852
GO_CC	22853
GO_CC	22854
GO_CC	22856
GO_CC	22858
GO_CC	22859
GO_CC	2286
GO_CC	22861
GO_CC	22862
GO_CC	22863
GO_CC	22864
GO_CC	22865
GO_CC	22866
GO_CC	22868
GO_CC	22869
GO_CC	2287
GO_CC	22870
GO_CC	22871
GO_CC	22872
GO_CC	22873
GO_CC	22875
GO_CC	22876
GO_CC	22877
GO_CC	22878
GO_CC	22879
GO_CC	2288
GO_CC	22880
GO_CC	22881
GO_CC	22882
GO_CC	22883
GO_CC	22884
GO_CC	22885
GO_CC	22887
GO_CC	22888
GO_CC	22889
GO_CC	2289
GO_CC	22890
GO_CC	22891
GO_CC	22893
GO_CC	22894
GO_CC	22895
GO_CC	22897
GO_CC	22898
GO_CC	22899
GO_CC	229
GO_CC	2290
GO_CC	22900
GO_CC	22901
GO_CC	22902
GO_CC	22903
GO_CC	22904
GO_CC	22905
GO_CC	22906
GO_CC	22907
GO_CC	22908
GO_CC	22909
GO_CC	22911
GO_CC	22913
GO_CC	22915
GO_CC	22916
GO_CC	22917
GO_CC	22918
GO_CC	22919
GO_CC	22920
GO_CC	22921
GO_CC	22924
GO_CC	22925
GO_CC	22926
GO_CC	22927
GO_CC	22928
GO_CC	22929
GO_CC	22930
GO_CC	22931
GO_CC	22932
GO_CC	22933
GO_CC	22934
GO_CC	22936
GO_CC	22937
GO_CC	22938
GO_CC	2294
GO_CC	22941
GO_CC	22943
GO_CC	22944
GO_CC	22948
GO_CC	22949
GO_CC	2295
GO_CC	22950
GO_CC	22953
GO_CC	22954
GO_CC	22955
GO_CC	2296
GO_CC	2297
GO_CC	22974
GO_CC	22976
GO_CC	22978
GO_CC	22979
GO_CC	2298
GO_CC	22980
GO_CC	22981
GO_CC	22982
GO_CC	22983
GO_CC	22984
GO_CC	22985
GO_CC	22986
GO_CC	22987
GO_CC	22989
GO_CC	2299
GO_CC	22990
GO_CC	22992
GO_CC	22993
GO_CC	22994
GO_CC	22995
GO_CC	22996
GO_CC	22997
GO_CC	22998
GO_CC	22999
GO_CC	23
GO_CC	230
GO_CC	2300
GO_CC	23001
GO_CC	23002
GO_CC	23005
GO_CC	23007
GO_CC	23008
GO_CC	2301
GO_CC	23011
GO_CC	23012
GO_CC	23013
GO_CC	23014
GO_CC	23015
GO_CC	23016
GO_CC	23017
GO_CC	23019
GO_CC	2302
GO_CC	23020
GO_CC	23022
GO_CC	23023
GO_CC	23024
GO_CC	23025
GO_CC	23026
GO_CC	23028
GO_CC	23029
GO_CC	2303
GO_CC	23030
GO_CC	23031
GO_CC	23032
GO_CC	23033
GO_CC	23034
GO_CC	23035
GO_CC	23036
GO_CC	23037
GO_CC	23038
GO_CC	23039
GO_CC	2304
GO_CC	23040
GO_CC	23041
GO_CC	23042
GO_CC	23043
GO_CC	23046
GO_CC	23047
GO_CC	23048
GO_CC	23049
GO_CC	23051
GO_CC	23052
GO_CC	23053
GO_CC	23054
GO_CC	23057
GO_CC	23059
GO_CC	2306
GO_CC	23060
GO_CC	23061
GO_CC	23062
GO_CC	23063
GO_CC	23064
GO_CC	23065
GO_CC	23066
GO_CC	23067
GO_CC	2307
GO_CC	23070
GO_CC	23071
GO_CC	23072
GO_CC	23074
GO_CC	23075
GO_CC	23076
GO_CC	23077
GO_CC	23078
GO_CC	2308
GO_CC	23080
GO_CC	23081
GO_CC	23082
GO_CC	23085
GO_CC	23086
GO_CC	23087
GO_CC	23089
GO_CC	2309
GO_CC	23090
GO_CC	23091
GO_CC	23092
GO_CC	23093
GO_CC	23094
GO_CC	23095
GO_CC	23096
GO_CC	23097
GO_CC	23098
GO_CC	23099
GO_CC	231
GO_CC	23102
GO_CC	23105
GO_CC	23107
GO_CC	23108
GO_CC	23111
GO_CC	23112
GO_CC	23113
GO_CC	23114
GO_CC	23116
GO_CC	23118
GO_CC	23119
GO_CC	2312
GO_CC	23120
GO_CC	23122
GO_CC	23125
GO_CC	23126
GO_CC	23127
GO_CC	23129
GO_CC	2313
GO_CC	23130
GO_CC	23131
GO_CC	23132
GO_CC	23133
GO_CC	23135
GO_CC	23136
GO_CC	23137
GO_CC	23138
GO_CC	23139
GO_CC	2314
GO_CC	23141
GO_CC	23142
GO_CC	23143
GO_CC	23144
GO_CC	23145
GO_CC	23148
GO_CC	23149
GO_CC	2315
GO_CC	23150
GO_CC	23151
GO_CC	23152
GO_CC	23154
GO_CC	23155
GO_CC	23157
GO_CC	2316
GO_CC	23160
GO_CC	23161
GO_CC	23162
GO_CC	23163
GO_CC	23164
GO_CC	23165
GO_CC	23166
GO_CC	23167
GO_CC	23168
GO_CC	23169
GO_CC	2317
GO_CC	23170
GO_CC	23171
GO_CC	23172
GO_CC	23173
GO_CC	23175
GO_CC	23176
GO_CC	23177
GO_CC	23178
GO_CC	23179
GO_CC	2318
GO_CC	23180
GO_CC	23181
GO_CC	23184
GO_CC	23185
GO_CC	23186
GO_CC	23187
GO_CC	23189
GO_CC	2319
GO_CC	23190
GO_CC	23191
GO_CC	23192
GO_CC	23193
GO_CC	23194
GO_CC	23195
GO_CC	23196
GO_CC	23197
GO_CC	23198
GO_CC	23200
GO_CC	23203
GO_CC	23204
GO_CC	23205
GO_CC	23207
GO_CC	23208
GO_CC	23209
GO_CC	2321
GO_CC	23210
GO_CC	23211
GO_CC	23212
GO_CC	23213
GO_CC	23215
GO_CC	23216
GO_CC	23218
GO_CC	23219
GO_CC	2322
GO_CC	23220
GO_CC	23221
GO_CC	23223
GO_CC	23224
GO_CC	23225
GO_CC	23228
GO_CC	23229
GO_CC	2323
GO_CC	23230
GO_CC	23231
GO_CC	23232
GO_CC	23233
GO_CC	23234
GO_CC	23235
GO_CC	23236
GO_CC	23237
GO_CC	23239
GO_CC	2324
GO_CC	23240
GO_CC	23241
GO_CC	23242
GO_CC	23243
GO_CC	23244
GO_CC	23245
GO_CC	23246
GO_CC	23247
GO_CC	23248
GO_CC	23250
GO_CC	23251
GO_CC	23252
GO_CC	23253
GO_CC	23254
GO_CC	23255
GO_CC	23256
GO_CC	23258
GO_CC	23259
GO_CC	2326
GO_CC	23261
GO_CC	23262
GO_CC	23263
GO_CC	23264
GO_CC	23265
GO_CC	23266
GO_CC	23268
GO_CC	23269
GO_CC	2327
GO_CC	23270
GO_CC	23271
GO_CC	23272
GO_CC	23274
GO_CC	23275
GO_CC	23276
GO_CC	23277
GO_CC	23279
GO_CC	2328
GO_CC	23281
GO_CC	23283
GO_CC	23284
GO_CC	23286
GO_CC	23287
GO_CC	23288
GO_CC	2329
GO_CC	23291
GO_CC	23293
GO_CC	23294
GO_CC	23295
GO_CC	23299
GO_CC	2330
GO_CC	23300
GO_CC	23301
GO_CC	23303
GO_CC	23304
GO_CC	23305
GO_CC	23306
GO_CC	23307
GO_CC	23308
GO_CC	23309
GO_CC	2331
GO_CC	23310
GO_CC	23312
GO_CC	23313
GO_CC	23314
GO_CC	23315
GO_CC	23316
GO_CC	23317
GO_CC	23318
GO_CC	2332
GO_CC	23321
GO_CC	23322
GO_CC	23324
GO_CC	23325
GO_CC	23326
GO_CC	23327
GO_CC	23328
GO_CC	23329
GO_CC	23331
GO_CC	23332
GO_CC	23333
GO_CC	23334
GO_CC	23335
GO_CC	23336
GO_CC	23338
GO_CC	23339
GO_CC	2334
GO_CC	23341
GO_CC	23344
GO_CC	23345
GO_CC	23347
GO_CC	23348
GO_CC	23349
GO_CC	2335
GO_CC	23350
GO_CC	23351
GO_CC	23352
GO_CC	23353
GO_CC	23354
GO_CC	23355
GO_CC	23357
GO_CC	23358
GO_CC	23359
GO_CC	23360
GO_CC	23361
GO_CC	23362
GO_CC	23363
GO_CC	23365
GO_CC	23367
GO_CC	23368
GO_CC	23369
GO_CC	23370
GO_CC	23371
GO_CC	23373
GO_CC	23376
GO_CC	23378
GO_CC	23379
GO_CC	23380
GO_CC	23381
GO_CC	23382
GO_CC	23383
GO_CC	23384
GO_CC	23385
GO_CC	23386
GO_CC	23387
GO_CC	23389
GO_CC	2339
GO_CC	23390
GO_CC	23392
GO_CC	23394
GO_CC	23395
GO_CC	23396
GO_CC	23397
GO_CC	23398
GO_CC	23399
GO_CC	23400
GO_CC	23401
GO_CC	23403
GO_CC	23404
GO_CC	23405
GO_CC	23406
GO_CC	23408
GO_CC	23409
GO_CC	23410
GO_CC	23411
GO_CC	23412
GO_CC	23413
GO_CC	23414
GO_CC	23415
GO_CC	23416
GO_CC	23417
GO_CC	23418
GO_CC	2342
GO_CC	23421
GO_CC	23423
GO_CC	23424
GO_CC	23426
GO_CC	23428
GO_CC	23429
GO_CC	23430
GO_CC	23431
GO_CC	23432
GO_CC	23433
GO_CC	23435
GO_CC	23438
GO_CC	23439
GO_CC	23440
GO_CC	23443
GO_CC	23446
GO_CC	23450
GO_CC	23451
GO_CC	23452
GO_CC	23456
GO_CC	23457
GO_CC	2346
GO_CC	23460
GO_CC	23461
GO_CC	23462
GO_CC	23463
GO_CC	23464
GO_CC	23466
GO_CC	23467
GO_CC	23468
GO_CC	23469
GO_CC	23471
GO_CC	23473
GO_CC	23474
GO_CC	23475
GO_CC	23476
GO_CC	23478
GO_CC	23479
GO_CC	2348
GO_CC	23480
GO_CC	23481
GO_CC	23484
GO_CC	23491
GO_CC	23492
GO_CC	23493
GO_CC	23495
GO_CC	23498
GO_CC	23499
GO_CC	2350
GO_CC	23500
GO_CC	23503
GO_CC	23504
GO_CC	23505
GO_CC	23506
GO_CC	23507
GO_CC	23509
GO_CC	23510
GO_CC	23511
GO_CC	23512
GO_CC	23513
GO_CC	23514
GO_CC	23515
GO_CC	23516
GO_CC	23517
GO_CC	2352
GO_CC	23520
GO_CC	23522
GO_CC	23523
GO_CC	23524
GO_CC	23526
GO_CC	23527
GO_CC	23528
GO_CC	23529
GO_CC	2353
GO_CC	23530
GO_CC	23531
GO_CC	23532
GO_CC	23533
GO_CC	23534
GO_CC	23538
GO_CC	23539
GO_CC	2354
GO_CC	23541
GO_CC	23542
GO_CC	23543
GO_CC	23544
GO_CC	23545
GO_CC	23546
GO_CC	23547
GO_CC	23549
GO_CC	2355
GO_CC	23550
GO_CC	23551
GO_CC	23552
GO_CC	23553
GO_CC	23554
GO_CC	23555
GO_CC	23556
GO_CC	23557
GO_CC	23558
GO_CC	2356
GO_CC	23560
GO_CC	23562
GO_CC	23564
GO_CC	23566
GO_CC	23567
GO_CC	23568
GO_CC	23569
GO_CC	2357
GO_CC	23576
GO_CC	2358
GO_CC	23580
GO_CC	23581
GO_CC	23582
GO_CC	23583
GO_CC	23584
GO_CC	23585
GO_CC	23586
GO_CC	23587
GO_CC	23588
GO_CC	23589
GO_CC	2359
GO_CC	23590
GO_CC	23591
GO_CC	23592
GO_CC	23593
GO_CC	23595
GO_CC	23596
GO_CC	23597
GO_CC	23598
GO_CC	23600
GO_CC	23601
GO_CC	23603
GO_CC	23604
GO_CC	23607
GO_CC	23608
GO_CC	23609
GO_CC	23612
GO_CC	23613
GO_CC	23615
GO_CC	23616
GO_CC	23617
GO_CC	23619
GO_CC	23620
GO_CC	23621
GO_CC	23623
GO_CC	23624
GO_CC	23625
GO_CC	23626
GO_CC	23627
GO_CC	23630
GO_CC	23632
GO_CC	23633
GO_CC	23635
GO_CC	23636
GO_CC	23639
GO_CC	23640
GO_CC	23641
GO_CC	23642
GO_CC	23643
GO_CC	23644
GO_CC	23645
GO_CC	23646
GO_CC	23647
GO_CC	23648
GO_CC	23649
GO_CC	23650
GO_CC	23654
GO_CC	23657
GO_CC	23658
GO_CC	23659
GO_CC	23660
GO_CC	23670
GO_CC	23671
GO_CC	23673
GO_CC	23676
GO_CC	23677
GO_CC	23682
GO_CC	23683
GO_CC	23704
GO_CC	23705
GO_CC	23708
GO_CC	23710
GO_CC	23729
GO_CC	23731
GO_CC	23732
GO_CC	23741
GO_CC	23742
GO_CC	23743
GO_CC	23746
GO_CC	23753
GO_CC	23759
GO_CC	23760
GO_CC	23761
GO_CC	23762
GO_CC	23764
GO_CC	23765
GO_CC	23766
GO_CC	23767
GO_CC	23768
GO_CC	23769
GO_CC	23770
GO_CC	23779
GO_CC	23780
GO_CC	23786
GO_CC	23787
GO_CC	23788
GO_CC	238
GO_CC	239
GO_CC	2395
GO_CC	24
GO_CC	240
GO_CC	241
GO_CC	24137
GO_CC	24138
GO_CC	24139
GO_CC	24140
GO_CC	24141
GO_CC	24142
GO_CC	24144
GO_CC	24145
GO_CC	24146
GO_CC	24147
GO_CC	24148
GO_CC	24149
GO_CC	242
GO_CC	2444
GO_CC	245711
GO_CC	245802
GO_CC	245806
GO_CC	245812
GO_CC	245911
GO_CC	245928
GO_CC	245932
GO_CC	245934
GO_CC	245936
GO_CC	245937
GO_CC	245938
GO_CC	245972
GO_CC	245973
GO_CC	246
GO_CC	246175
GO_CC	246176
GO_CC	246184
GO_CC	246213
GO_CC	246243
GO_CC	246269
GO_CC	246329
GO_CC	246330
GO_CC	246721
GO_CC	246744
GO_CC	246777
GO_CC	246778
GO_CC	247
GO_CC	2475
GO_CC	248
GO_CC	2483
GO_CC	2487
GO_CC	2488
GO_CC	249
GO_CC	2491
GO_CC	2492
GO_CC	2494
GO_CC	2495
GO_CC	25
GO_CC	251
GO_CC	2515
GO_CC	2516
GO_CC	2517
GO_CC	2519
GO_CC	2520
GO_CC	2521
GO_CC	2523
GO_CC	2524
GO_CC	2525
GO_CC	2526
GO_CC	2527
GO_CC	2528
GO_CC	252839
GO_CC	252884
GO_CC	2529
GO_CC	252969
GO_CC	252983
GO_CC	252995
GO_CC	2530
GO_CC	253012
GO_CC	253017
GO_CC	2531
GO_CC	253152
GO_CC	2532
GO_CC	253260
GO_CC	2533
GO_CC	2534
GO_CC	253430
GO_CC	253461
GO_CC	2535
GO_CC	253512
GO_CC	253558
GO_CC	253559
GO_CC	253635
GO_CC	253639
GO_CC	2537
GO_CC	253724
GO_CC	253738
GO_CC	253769
GO_CC	253782
GO_CC	2538
GO_CC	253827
GO_CC	253832
GO_CC	2539
GO_CC	253943
GO_CC	253959
GO_CC	253970
GO_CC	253980
GO_CC	253982
GO_CC	254013
GO_CC	254042
GO_CC	254048
GO_CC	254065
GO_CC	254102
GO_CC	254122
GO_CC	254173
GO_CC	254187
GO_CC	2542
GO_CC	254225
GO_CC	254228
GO_CC	254240
GO_CC	254251
GO_CC	254263
GO_CC	2543
GO_CC	254359
GO_CC	254394
GO_CC	254428
GO_CC	254528
GO_CC	254531
GO_CC	2547
GO_CC	254773
GO_CC	254778
GO_CC	2548
GO_CC	254827
GO_CC	254863
GO_CC	254887
GO_CC	2549
GO_CC	254956
GO_CC	254958
GO_CC	2550
GO_CC	255022
GO_CC	255027
GO_CC	255043
GO_CC	255057
GO_CC	255061
GO_CC	2551
GO_CC	255101
GO_CC	255104
GO_CC	255119
GO_CC	255189
GO_CC	255220
GO_CC	255231
GO_CC	255252
GO_CC	255275
GO_CC	255374
GO_CC	255394
GO_CC	2554
GO_CC	255403
GO_CC	255411
GO_CC	255426
GO_CC	255488
GO_CC	2555
GO_CC	255520
GO_CC	2556
GO_CC	255626
GO_CC	255631
GO_CC	2557
GO_CC	255738
GO_CC	255743
GO_CC	255758
GO_CC	255783
GO_CC	255798
GO_CC	2558
GO_CC	255877
GO_CC	2559
GO_CC	255919
GO_CC	255926
GO_CC	255928
GO_CC	255967
GO_CC	2560
GO_CC	256006
GO_CC	256051
GO_CC	256076
GO_CC	2561
GO_CC	256126
GO_CC	256130
GO_CC	256158
GO_CC	2562
GO_CC	256223
GO_CC	256227
GO_CC	256281
GO_CC	2563
GO_CC	256309
GO_CC	256329
GO_CC	256356
GO_CC	256364
GO_CC	256380
GO_CC	2564
GO_CC	256435
GO_CC	256471
GO_CC	256472
GO_CC	2565
GO_CC	256536
GO_CC	2566
GO_CC	256643
GO_CC	256646
GO_CC	256691
GO_CC	2567
GO_CC	256710
GO_CC	256714
GO_CC	256764
GO_CC	2568
GO_CC	256815
GO_CC	2569
GO_CC	256933
GO_CC	256949
GO_CC	256979
GO_CC	256987
GO_CC	257
GO_CC	2570
GO_CC	257019
GO_CC	257044
GO_CC	257062
GO_CC	257068
GO_CC	2571
GO_CC	257101
GO_CC	257106
GO_CC	257144
GO_CC	257177
GO_CC	257194
GO_CC	2572
GO_CC	257203
GO_CC	257218
GO_CC	257236
GO_CC	257240
GO_CC	257313
GO_CC	257364
GO_CC	257397
GO_CC	25758
GO_CC	25759
GO_CC	257629
GO_CC	25763
GO_CC	25764
GO_CC	25766
GO_CC	25769
GO_CC	25771
GO_CC	25775
GO_CC	25776
GO_CC	25777
GO_CC	25778
GO_CC	25780
GO_CC	25782
GO_CC	25788
GO_CC	25789
GO_CC	25790
GO_CC	25791
GO_CC	25792
GO_CC	25793
GO_CC	25794
GO_CC	25796
GO_CC	25797
GO_CC	25798
GO_CC	25799
GO_CC	258
GO_CC	2580
GO_CC	25800
GO_CC	25801
GO_CC	258010
GO_CC	25802
GO_CC	25804
GO_CC	25805
GO_CC	25806
GO_CC	25807
GO_CC	25809
GO_CC	2581
GO_CC	25813
GO_CC	25814
GO_CC	25816
GO_CC	25817
GO_CC	25818
GO_CC	25819
GO_CC	2582
GO_CC	25820
GO_CC	25821
GO_CC	25822
GO_CC	25823
GO_CC	25824
GO_CC	25825
GO_CC	25827
GO_CC	25828
GO_CC	25829
GO_CC	2583
GO_CC	25830
GO_CC	25833
GO_CC	25834
GO_CC	25836
GO_CC	25837
GO_CC	25839
GO_CC	2584
GO_CC	25840
GO_CC	25842
GO_CC	25843
GO_CC	25844
GO_CC	25847
GO_CC	25849
GO_CC	2585
GO_CC	25850
GO_CC	25851
GO_CC	25852
GO_CC	25853
GO_CC	25855
GO_CC	25861
GO_CC	25862
GO_CC	25864
GO_CC	25865
GO_CC	2587
GO_CC	25870
GO_CC	25871
GO_CC	25873
GO_CC	25874
GO_CC	25875
GO_CC	25876
GO_CC	25878
GO_CC	25879
GO_CC	2588
GO_CC	25880
GO_CC	25884
GO_CC	25885
GO_CC	25886
GO_CC	25888
GO_CC	2589
GO_CC	25890
GO_CC	25891
GO_CC	25893
GO_CC	25894
GO_CC	25895
GO_CC	25896
GO_CC	25897
GO_CC	25898
GO_CC	259
GO_CC	2590
GO_CC	25900
GO_CC	25902
GO_CC	25903
GO_CC	25904
GO_CC	25906
GO_CC	25907
GO_CC	25909
GO_CC	2591
GO_CC	25911
GO_CC	25912
GO_CC	25913
GO_CC	25914
GO_CC	25915
GO_CC	25917
GO_CC	259173
GO_CC	259197
GO_CC	2592
GO_CC	25920
GO_CC	25921
GO_CC	259217
GO_CC	25923
GO_CC	259230
GO_CC	259232
GO_CC	259234
GO_CC	259236
GO_CC	259239
GO_CC	25924
GO_CC	259240
GO_CC	259249
GO_CC	25925
GO_CC	25926
GO_CC	259266
GO_CC	25927
GO_CC	25928
GO_CC	259282
GO_CC	259283
GO_CC	259285
GO_CC	259286
GO_CC	259287
GO_CC	25929
GO_CC	259291
GO_CC	259294
GO_CC	259296
GO_CC	2593
GO_CC	25930
GO_CC	259307
GO_CC	259308
GO_CC	25932
GO_CC	25934
GO_CC	25936
GO_CC	25937
GO_CC	25938
GO_CC	25939
GO_CC	25940
GO_CC	25941
GO_CC	25942
GO_CC	25945
GO_CC	25946
GO_CC	25948
GO_CC	25949
GO_CC	25950
GO_CC	25953
GO_CC	25956
GO_CC	25957
GO_CC	25959
GO_CC	2596
GO_CC	25960
GO_CC	25961
GO_CC	25962
GO_CC	25963
GO_CC	25966
GO_CC	25970
GO_CC	25972
GO_CC	25973
GO_CC	25974
GO_CC	25975
GO_CC	25976
GO_CC	25977
GO_CC	25978
GO_CC	25979
GO_CC	25980
GO_CC	25981
GO_CC	25983
GO_CC	25984
GO_CC	25987
GO_CC	25988
GO_CC	25989
GO_CC	25992
GO_CC	25994
GO_CC	25996
GO_CC	25998
GO_CC	25999
GO_CC	26
GO_CC	26000
GO_CC	26001
GO_CC	26002
GO_CC	26003
GO_CC	26005
GO_CC	26007
GO_CC	26009
GO_CC	26010
GO_CC	26011
GO_CC	26012
GO_CC	26013
GO_CC	26015
GO_CC	26017
GO_CC	26018
GO_CC	26019
GO_CC	26020
GO_CC	26022
GO_CC	26027
GO_CC	260293
GO_CC	26030
GO_CC	26031
GO_CC	26032
GO_CC	26033
GO_CC	26034
GO_CC	26035
GO_CC	26036
GO_CC	26037
GO_CC	26038
GO_CC	26039
GO_CC	26040
GO_CC	260425
GO_CC	260429
GO_CC	26043
GO_CC	260434
GO_CC	260436
GO_CC	26045
GO_CC	26046
GO_CC	26047
GO_CC	26048
GO_CC	26049
GO_CC	26050
GO_CC	26051
GO_CC	26052
GO_CC	26053
GO_CC	26054
GO_CC	26056
GO_CC	26057
GO_CC	26058
GO_CC	26059
GO_CC	26060
GO_CC	26061
GO_CC	26063
GO_CC	26064
GO_CC	26065
GO_CC	26073
GO_CC	26074
GO_CC	26084
GO_CC	26085
GO_CC	26086
GO_CC	26088
GO_CC	26090
GO_CC	26091
GO_CC	26092
GO_CC	26093
GO_CC	26094
GO_CC	26095
GO_CC	26097
GO_CC	26098
GO_CC	26100
GO_CC	26103
GO_CC	26108
GO_CC	26112
GO_CC	26115
GO_CC	26118
GO_CC	26119
GO_CC	26121
GO_CC	26122
GO_CC	26123
GO_CC	26127
GO_CC	26128
GO_CC	26130
GO_CC	26133
GO_CC	26135
GO_CC	26136
GO_CC	26137
GO_CC	26140
GO_CC	26145
GO_CC	26146
GO_CC	26147
GO_CC	26149
GO_CC	2615
GO_CC	26150
GO_CC	26151
GO_CC	26152
GO_CC	26153
GO_CC	26154
GO_CC	26155
GO_CC	26156
GO_CC	26157
GO_CC	26160
GO_CC	26164
GO_CC	26166
GO_CC	26167
GO_CC	26168
GO_CC	2617
GO_CC	261726
GO_CC	261729
GO_CC	26173
GO_CC	261734
GO_CC	26175
GO_CC	2618
GO_CC	26184
GO_CC	26188
GO_CC	26189
GO_CC	2619
GO_CC	26190
GO_CC	26191
GO_CC	262
GO_CC	2620
GO_CC	26205
GO_CC	26206
GO_CC	26207
GO_CC	2621
GO_CC	26211
GO_CC	26212
GO_CC	26219
GO_CC	2622
GO_CC	26223
GO_CC	26224
GO_CC	26225
GO_CC	26227
GO_CC	26228
GO_CC	26229
GO_CC	2623
GO_CC	26230
GO_CC	26232
GO_CC	26233
GO_CC	26234
GO_CC	26235
GO_CC	2624
GO_CC	26240
GO_CC	26245
GO_CC	26246
GO_CC	26248
GO_CC	26249
GO_CC	2625
GO_CC	26253
GO_CC	26254
GO_CC	26255
GO_CC	26256
GO_CC	26257
GO_CC	26258
GO_CC	26259
GO_CC	2626
GO_CC	26260
GO_CC	26261
GO_CC	26262
GO_CC	26263
GO_CC	26266
GO_CC	26267
GO_CC	26268
GO_CC	26269
GO_CC	2627
GO_CC	26270
GO_CC	26271
GO_CC	26272
GO_CC	26273
GO_CC	26275
GO_CC	26276
GO_CC	26277
GO_CC	26278
GO_CC	26279
GO_CC	2628
GO_CC	26280
GO_CC	26281
GO_CC	26284
GO_CC	26285
GO_CC	26286
GO_CC	26287
GO_CC	26289
GO_CC	26291
GO_CC	26297
GO_CC	26298
GO_CC	26301
GO_CC	2631
GO_CC	2632
GO_CC	2633
GO_CC	26330
GO_CC	26333
GO_CC	26338
GO_CC	26339
GO_CC	2634
GO_CC	26341
GO_CC	2635
GO_CC	26353
GO_CC	26354
GO_CC	26355
GO_CC	2636
GO_CC	2637
GO_CC	2638
GO_CC	2639
GO_CC	2641
GO_CC	2642
GO_CC	2643
GO_CC	2644
GO_CC	2645
GO_CC	2646
GO_CC	26468
GO_CC	26469
GO_CC	2647
GO_CC	26470
GO_CC	26471
GO_CC	26476
GO_CC	2648
GO_CC	2649
GO_CC	26492
GO_CC	26493
GO_CC	26494
GO_CC	26495
GO_CC	26496
GO_CC	26497
GO_CC	26499
GO_CC	2650
GO_CC	26502
GO_CC	26503
GO_CC	26504
GO_CC	26505
GO_CC	26507
GO_CC	26508
GO_CC	26509
GO_CC	2651
GO_CC	26511
GO_CC	26512
GO_CC	26515
GO_CC	26517
GO_CC	26519
GO_CC	26520
GO_CC	26521
GO_CC	26523
GO_CC	26524
GO_CC	26525
GO_CC	26526
GO_CC	26528
GO_CC	26529
GO_CC	2653
GO_CC	26531
GO_CC	26532
GO_CC	26538
GO_CC	26539
GO_CC	26548
GO_CC	26574
GO_CC	26575
GO_CC	26576
GO_CC	26577
GO_CC	26578
GO_CC	2658
GO_CC	26584
GO_CC	26585
GO_CC	26586
GO_CC	26589
GO_CC	2660
GO_CC	26608
GO_CC	2661
GO_CC	26610
GO_CC	2662
GO_CC	2664
GO_CC	26648
GO_CC	2665
GO_CC	26658
GO_CC	26659
GO_CC	266629
GO_CC	26664
GO_CC	266675
GO_CC	266722
GO_CC	266727
GO_CC	266743
GO_CC	266747
GO_CC	2668
GO_CC	266812
GO_CC	26689
GO_CC	2669
GO_CC	26692
GO_CC	266977
GO_CC	267
GO_CC	2670
GO_CC	267004
GO_CC	267012
GO_CC	26707
GO_CC	2671
GO_CC	26716
GO_CC	2672
GO_CC	2673
GO_CC	2674
GO_CC	26740
GO_CC	26747
GO_CC	2675
GO_CC	26750
GO_CC	26751
GO_CC	2676
GO_CC	26762
GO_CC	2677
GO_CC	26775
GO_CC	26777
GO_CC	2678
GO_CC	26780
GO_CC	26783
GO_CC	268
GO_CC	2681
GO_CC	26821
GO_CC	2683
GO_CC	2686
GO_CC	2687
GO_CC	26872
GO_CC	26873
GO_CC	2689
GO_CC	269
GO_CC	2690
GO_CC	2691
GO_CC	2692
GO_CC	2693
GO_CC	2694
GO_CC	2695
GO_CC	26952
GO_CC	26953
GO_CC	26958
GO_CC	26959
GO_CC	2696
GO_CC	26960
GO_CC	2697
GO_CC	26974
GO_CC	26984
GO_CC	26985
GO_CC	26986
GO_CC	26993
GO_CC	26994
GO_CC	26995
GO_CC	26996
GO_CC	26998
GO_CC	26999
GO_CC	27
GO_CC	270
GO_CC	2700
GO_CC	27000
GO_CC	27005
GO_CC	27006
GO_CC	2701
GO_CC	27010
GO_CC	27012
GO_CC	27013
GO_CC	27018
GO_CC	27019
GO_CC	2702
GO_CC	27020
GO_CC	27022
GO_CC	27023
GO_CC	2703
GO_CC	27030
GO_CC	27031
GO_CC	27032
GO_CC	27033
GO_CC	27034
GO_CC	27035
GO_CC	27036
GO_CC	27037
GO_CC	27039
GO_CC	27040
GO_CC	27042
GO_CC	27043
GO_CC	27044
GO_CC	2705
GO_CC	2706
GO_CC	27063
GO_CC	27065
GO_CC	27067
GO_CC	27068
GO_CC	27069
GO_CC	2707
GO_CC	27071
GO_CC	27072
GO_CC	27074
GO_CC	27075
GO_CC	27076
GO_CC	27077
GO_CC	27085
GO_CC	27086
GO_CC	27087
GO_CC	27089
GO_CC	2709
GO_CC	27090
GO_CC	27091
GO_CC	27092
GO_CC	27094
GO_CC	27095
GO_CC	27097
GO_CC	27098
GO_CC	271
GO_CC	2710
GO_CC	27101
GO_CC	27102
GO_CC	27106
GO_CC	27107
GO_CC	27109
GO_CC	27112
GO_CC	27113
GO_CC	27115
GO_CC	2712
GO_CC	27120
GO_CC	27121
GO_CC	27122
GO_CC	27123
GO_CC	27124
GO_CC	27125
GO_CC	27127
GO_CC	27128
GO_CC	27129
GO_CC	27130
GO_CC	27131
GO_CC	27132
GO_CC	27133
GO_CC	27134
GO_CC	27136
GO_CC	27141
GO_CC	27143
GO_CC	27145
GO_CC	27147
GO_CC	27148
GO_CC	27151
GO_CC	27152
GO_CC	27153
GO_CC	27154
GO_CC	27156
GO_CC	27158
GO_CC	27159
GO_CC	27161
GO_CC	27163
GO_CC	27164
GO_CC	27165
GO_CC	27166
GO_CC	2717
GO_CC	27173
GO_CC	27175
GO_CC	27177
GO_CC	27178
GO_CC	27179
GO_CC	27180
GO_CC	27181
GO_CC	27183
GO_CC	27185
GO_CC	27189
GO_CC	2719
GO_CC	27190
GO_CC	27197
GO_CC	27198
GO_CC	27199
GO_CC	272
GO_CC	2720
GO_CC	27201
GO_CC	27202
GO_CC	27229
GO_CC	27230
GO_CC	27231
GO_CC	27232
GO_CC	27233
GO_CC	27235
GO_CC	27236
GO_CC	27237
GO_CC	27238
GO_CC	27239
GO_CC	27240
GO_CC	27241
GO_CC	27242
GO_CC	27243
GO_CC	27244
GO_CC	27245
GO_CC	27246
GO_CC	27247
GO_CC	27248
GO_CC	27249
GO_CC	27250
GO_CC	27252
GO_CC	27253
GO_CC	27254
GO_CC	27255
GO_CC	27257
GO_CC	27258
GO_CC	27283
GO_CC	27284
GO_CC	27285
GO_CC	27286
GO_CC	27287
GO_CC	27288
GO_CC	27289
GO_CC	2729
GO_CC	27290
GO_CC	27291
GO_CC	27292
GO_CC	27293
GO_CC	27295
GO_CC	27296
GO_CC	27297
GO_CC	27299
GO_CC	273
GO_CC	2730
GO_CC	27300
GO_CC	27301
GO_CC	27302
GO_CC	27303
GO_CC	27304
GO_CC	27306
GO_CC	27309
GO_CC	2731
GO_CC	27314
GO_CC	27315
GO_CC	27316
GO_CC	27319
GO_CC	27324
GO_CC	27327
GO_CC	27328
GO_CC	27329
GO_CC	2733
GO_CC	27330
GO_CC	27332
GO_CC	27333
GO_CC	27334
GO_CC	27335
GO_CC	27336
GO_CC	27338
GO_CC	27339
GO_CC	2734
GO_CC	27340
GO_CC	27341
GO_CC	27342
GO_CC	27343
GO_CC	27344
GO_CC	27345
GO_CC	27346
GO_CC	27347
GO_CC	27348
GO_CC	27349
GO_CC	2735
GO_CC	27351
GO_CC	27352
GO_CC	2736
GO_CC	2737
GO_CC	2739
GO_CC	274
GO_CC	2740
GO_CC	2741
GO_CC	2742
GO_CC	27429
GO_CC	2743
GO_CC	27430
GO_CC	27433
GO_CC	27434
GO_CC	27436
GO_CC	2744
GO_CC	27440
GO_CC	27443
GO_CC	27445
GO_CC	2745
GO_CC	2746
GO_CC	2747
GO_CC	275
GO_CC	2752
GO_CC	2760
GO_CC	2762
GO_CC	2764
GO_CC	2765
GO_CC	2766
GO_CC	2767
GO_CC	2768
GO_CC	2769
GO_CC	2770
GO_CC	2771
GO_CC	2773
GO_CC	2774
GO_CC	2775
GO_CC	2776
GO_CC	2778
GO_CC	2779
GO_CC	2780
GO_CC	2781
GO_CC	2782
GO_CC	2784
GO_CC	2785
GO_CC	2786
GO_CC	2787
GO_CC	2788
GO_CC	2791
GO_CC	2792
GO_CC	2793
GO_CC	2794
GO_CC	2796
GO_CC	2798
GO_CC	2799
GO_CC	28
GO_CC	2800
GO_CC	2801
GO_CC	2802
GO_CC	2803
GO_CC	2804
GO_CC	2805
GO_CC	2806
GO_CC	280636
GO_CC	280664
GO_CC	2810
GO_CC	2811
GO_CC	2813
GO_CC	2814
GO_CC	2817
GO_CC	2819
GO_CC	2820
GO_CC	2821
GO_CC	2822
GO_CC	28227
GO_CC	2823
GO_CC	28231
GO_CC	28232
GO_CC	28234
GO_CC	2824
GO_CC	2826
GO_CC	282616
GO_CC	282618
GO_CC	282679
GO_CC	2827
GO_CC	282763
GO_CC	282775
GO_CC	2828
GO_CC	282808
GO_CC	282809
GO_CC	282890
GO_CC	2829
GO_CC	282969
GO_CC	282973
GO_CC	28299
GO_CC	282991
GO_CC	282996
GO_CC	283
GO_CC	2830
GO_CC	283078
GO_CC	2831
GO_CC	283129
GO_CC	283130
GO_CC	283131
GO_CC	283149
GO_CC	283150
GO_CC	283152
GO_CC	283159
GO_CC	28316
GO_CC	283160
GO_CC	283197
GO_CC	2832
GO_CC	283208
GO_CC	283209
GO_CC	283212
GO_CC	283232
GO_CC	283234
GO_CC	283238
GO_CC	283248
GO_CC	283254
GO_CC	283297
GO_CC	283298
GO_CC	2833
GO_CC	283310
GO_CC	283316
GO_CC	283337
GO_CC	283349
GO_CC	283358
GO_CC	283375
GO_CC	283377
GO_CC	283383
GO_CC	2834
GO_CC	283417
GO_CC	283431
GO_CC	283446
GO_CC	283450
GO_CC	283455
GO_CC	283459
GO_CC	283461
GO_CC	283463
GO_CC	283464
GO_CC	283471
GO_CC	283489
GO_CC	2835
GO_CC	283514
GO_CC	283518
GO_CC	283521
GO_CC	283537
GO_CC	283554
GO_CC	283571
GO_CC	283576
GO_CC	283596
GO_CC	283600
GO_CC	283629
GO_CC	283643
GO_CC	283659
GO_CC	283677
GO_CC	283726
GO_CC	283742
GO_CC	283748
GO_CC	283755
GO_CC	28378
GO_CC	283796
GO_CC	2838
GO_CC	283807
GO_CC	283847
GO_CC	283848
GO_CC	283849
GO_CC	283870
GO_CC	283871
GO_CC	283897
GO_CC	283899
GO_CC	283927
GO_CC	283951
GO_CC	283953
GO_CC	283987
GO_CC	283989
GO_CC	283999
GO_CC	284
GO_CC	2840
GO_CC	284001
GO_CC	284004
GO_CC	284013
GO_CC	284018
GO_CC	284021
GO_CC	284058
GO_CC	284071
GO_CC	284076
GO_CC	284086
GO_CC	28409
GO_CC	284098
GO_CC	284099
GO_CC	2841
GO_CC	28410
GO_CC	284106
GO_CC	284111
GO_CC	284114
GO_CC	284119
GO_CC	284129
GO_CC	284131
GO_CC	284161
GO_CC	284184
GO_CC	284186
GO_CC	2842
GO_CC	284207
GO_CC	284217
GO_CC	284252
GO_CC	284257
GO_CC	284266
GO_CC	284273
GO_CC	284274
GO_CC	284297
GO_CC	2843
GO_CC	284306
GO_CC	284307
GO_CC	284309
GO_CC	284312
GO_CC	284323
GO_CC	284325
GO_CC	284338
GO_CC	284339
GO_CC	284340
GO_CC	284346
GO_CC	284348
GO_CC	284349
GO_CC	284353
GO_CC	284358
GO_CC	284359
GO_CC	284361
GO_CC	284369
GO_CC	284370
GO_CC	284390
GO_CC	284391
GO_CC	284402
GO_CC	284403
GO_CC	284406
GO_CC	284415
GO_CC	284417
GO_CC	284422
GO_CC	284427
GO_CC	284439
GO_CC	284443
GO_CC	284451
GO_CC	284454
GO_CC	284459
GO_CC	284486
GO_CC	2845
GO_CC	284521
GO_CC	284525
GO_CC	2846
GO_CC	28461
GO_CC	284612
GO_CC	284613
GO_CC	284615
GO_CC	284654
GO_CC	284656
GO_CC	284680
GO_CC	284695
GO_CC	284697
GO_CC	2847
GO_CC	284716
GO_CC	284723
GO_CC	284759
GO_CC	284805
GO_CC	2849
GO_CC	284904
GO_CC	284948
GO_CC	284996
GO_CC	285
GO_CC	2850
GO_CC	285016
GO_CC	285025
GO_CC	285051
GO_CC	285093
GO_CC	28511
GO_CC	28512
GO_CC	285126
GO_CC	28513
GO_CC	28514
GO_CC	28516
GO_CC	285172
GO_CC	285175
GO_CC	285195
GO_CC	2852
GO_CC	285203
GO_CC	285220
GO_CC	285231
GO_CC	285237
GO_CC	28526
GO_CC	285267
GO_CC	285268
GO_CC	285282
GO_CC	2853
GO_CC	285313
GO_CC	285315
GO_CC	285331
GO_CC	285343
GO_CC	285346
GO_CC	285349
GO_CC	285362
GO_CC	285367
GO_CC	285368
GO_CC	285381
GO_CC	285386
GO_CC	2854
GO_CC	285429
GO_CC	285440
GO_CC	285489
GO_CC	285498
GO_CC	285513
GO_CC	285521
GO_CC	285527
GO_CC	285533
GO_CC	285590
GO_CC	285598
GO_CC	28560
GO_CC	285601
GO_CC	285613
GO_CC	28562
GO_CC	28563
GO_CC	285636
GO_CC	285668
GO_CC	285671
GO_CC	2857
GO_CC	285704
GO_CC	28571
GO_CC	285753
GO_CC	285755
GO_CC	285761
GO_CC	285834
GO_CC	28584
GO_CC	285848
GO_CC	285852
GO_CC	2859
GO_CC	28590
GO_CC	285962
GO_CC	285966
GO_CC	285971
GO_CC	285973
GO_CC	285989
GO_CC	286
GO_CC	286006
GO_CC	286046
GO_CC	286053
GO_CC	286077
GO_CC	286097
GO_CC	2861
GO_CC	286128
GO_CC	286133
GO_CC	286144
GO_CC	286148
GO_CC	286151
GO_CC	286183
GO_CC	2862
GO_CC	286205
GO_CC	286207
GO_CC	286234
GO_CC	286256
GO_CC	286257
GO_CC	286262
GO_CC	2863
GO_CC	2864
GO_CC	28641
GO_CC	286410
GO_CC	28642
GO_CC	286430
GO_CC	286436
GO_CC	286451
GO_CC	286464
GO_CC	286467
GO_CC	28648
GO_CC	286514
GO_CC	28652
GO_CC	286527
GO_CC	286530
GO_CC	28656
GO_CC	28658
GO_CC	28659
GO_CC	28660
GO_CC	28661
GO_CC	28662
GO_CC	28663
GO_CC	28667
GO_CC	286676
GO_CC	2867
GO_CC	28670
GO_CC	28671
GO_CC	28672
GO_CC	28673
GO_CC	28674
GO_CC	286753
GO_CC	28676
GO_CC	28677
GO_CC	2868
GO_CC	28680
GO_CC	286826
GO_CC	286827
GO_CC	28685
GO_CC	28688
GO_CC	2869
GO_CC	287
GO_CC	2870
GO_CC	2872
GO_CC	2873
GO_CC	2874
GO_CC	28755
GO_CC	2876
GO_CC	2877
GO_CC	28773
GO_CC	2878
GO_CC	28785
GO_CC	28786
GO_CC	2879
GO_CC	28793
GO_CC	288
GO_CC	2880
GO_CC	2882
GO_CC	2885
GO_CC	2886
GO_CC	2887
GO_CC	2888
GO_CC	2889
GO_CC	2890
GO_CC	28904
GO_CC	28908
GO_CC	2891
GO_CC	2892
GO_CC	2893
GO_CC	2894
GO_CC	2895
GO_CC	28951
GO_CC	28952
GO_CC	28954
GO_CC	28956
GO_CC	28957
GO_CC	28958
GO_CC	28959
GO_CC	2896
GO_CC	28960
GO_CC	28962
GO_CC	28964
GO_CC	28965
GO_CC	28966
GO_CC	28968
GO_CC	28969
GO_CC	2897
GO_CC	28970
GO_CC	28971
GO_CC	28972
GO_CC	28973
GO_CC	28976
GO_CC	28977
GO_CC	28978
GO_CC	2898
GO_CC	28981
GO_CC	28982
GO_CC	28983
GO_CC	28984
GO_CC	28985
GO_CC	28986
GO_CC	28987
GO_CC	28988
GO_CC	28989
GO_CC	2899
GO_CC	28991
GO_CC	28992
GO_CC	28996
GO_CC	28998
GO_CC	28999
GO_CC	29
GO_CC	290
GO_CC	2900
GO_CC	2901
GO_CC	29015
GO_CC	2902
GO_CC	29028
GO_CC	2903
GO_CC	29035
GO_CC	2904
GO_CC	2905
GO_CC	29058
GO_CC	2906
GO_CC	29062
GO_CC	29063
GO_CC	29066
GO_CC	29068
GO_CC	2907
GO_CC	29070
GO_CC	29071
GO_CC	29072
GO_CC	29074
GO_CC	29078
GO_CC	29079
GO_CC	2908
GO_CC	29080
GO_CC	29081
GO_CC	29082
GO_CC	29083
GO_CC	29086
GO_CC	29087
GO_CC	29088
GO_CC	29089
GO_CC	2909
GO_CC	29090
GO_CC	29091
GO_CC	29093
GO_CC	29095
GO_CC	29097
GO_CC	29098
GO_CC	29099
GO_CC	291
GO_CC	29100
GO_CC	29101
GO_CC	29102
GO_CC	29103
GO_CC	29104
GO_CC	29105
GO_CC	29106
GO_CC	29107
GO_CC	29108
GO_CC	29109
GO_CC	2911
GO_CC	29110
GO_CC	29113
GO_CC	29114
GO_CC	29115
GO_CC	29116
GO_CC	29117
GO_CC	29118
GO_CC	29119
GO_CC	2912
GO_CC	29121
GO_CC	29122
GO_CC	29123
GO_CC	29124
GO_CC	29125
GO_CC	29126
GO_CC	29127
GO_CC	29128
GO_CC	2913
GO_CC	2914
GO_CC	2915
GO_CC	2916
GO_CC	2917
GO_CC	2918
GO_CC	2919
GO_CC	292
GO_CC	2920
GO_CC	2921
GO_CC	2922
GO_CC	2923
GO_CC	2925
GO_CC	2926
GO_CC	2928
GO_CC	293
GO_CC	2931
GO_CC	2932
GO_CC	2934
GO_CC	2935
GO_CC	2936
GO_CC	2937
GO_CC	2940
GO_CC	2941
GO_CC	2947
GO_CC	2948
GO_CC	2949
GO_CC	2950
GO_CC	2952
GO_CC	2954
GO_CC	2956
GO_CC	2957
GO_CC	2958
GO_CC	2959
GO_CC	2960
GO_CC	2961
GO_CC	2962
GO_CC	2963
GO_CC	2965
GO_CC	2967
GO_CC	2968
GO_CC	2969
GO_CC	2971
GO_CC	2972
GO_CC	2975
GO_CC	2976
GO_CC	29760
GO_CC	29761
GO_CC	29763
GO_CC	29766
GO_CC	29767
GO_CC	2977
GO_CC	29775
GO_CC	29777
GO_CC	2978
GO_CC	29780
GO_CC	29781
GO_CC	29785
GO_CC	29789
GO_CC	2979
GO_CC	29796
GO_CC	29799
GO_CC	29800
GO_CC	29801
GO_CC	29802
GO_CC	29803
GO_CC	2981
GO_CC	2982
GO_CC	2983
GO_CC	2984
GO_CC	29841
GO_CC	29842
GO_CC	29843
GO_CC	29844
GO_CC	29850
GO_CC	29851
GO_CC	29855
GO_CC	2986
GO_CC	2987
GO_CC	29880
GO_CC	29881
GO_CC	29882
GO_CC	29883
GO_CC	29886
GO_CC	29887
GO_CC	29888
GO_CC	29889
GO_CC	29890
GO_CC	29893
GO_CC	29894
GO_CC	29895
GO_CC	29896
GO_CC	29899
GO_CC	2990
GO_CC	29901
GO_CC	29903
GO_CC	29904
GO_CC	29906
GO_CC	29909
GO_CC	29911
GO_CC	29914
GO_CC	29915
GO_CC	29916
GO_CC	29919
GO_CC	2992
GO_CC	29920
GO_CC	29922
GO_CC	29923
GO_CC	29924
GO_CC	29925
GO_CC	29926
GO_CC	29927
GO_CC	29928
GO_CC	29929
GO_CC	2993
GO_CC	29930
GO_CC	29933
GO_CC	29934
GO_CC	29935
GO_CC	29937
GO_CC	2994
GO_CC	29940
GO_CC	29941
GO_CC	29942
GO_CC	29943
GO_CC	29944
GO_CC	29945
GO_CC	29946
GO_CC	29947
GO_CC	29948
GO_CC	29949
GO_CC	2995
GO_CC	29950
GO_CC	29952
GO_CC	29953
GO_CC	29954
GO_CC	29956
GO_CC	29957
GO_CC	29958
GO_CC	29959
GO_CC	2996
GO_CC	29960
GO_CC	29965
GO_CC	29966
GO_CC	29967
GO_CC	29968
GO_CC	29969
GO_CC	2997
GO_CC	29974
GO_CC	29978
GO_CC	29979
GO_CC	2998
GO_CC	29980
GO_CC	29982
GO_CC	29984
GO_CC	29985
GO_CC	29986
GO_CC	29988
GO_CC	2999
GO_CC	29992
GO_CC	29993
GO_CC	29994
GO_CC	29995
GO_CC	29997
GO_CC	29998
GO_CC	29999
GO_CC	30
GO_CC	3000
GO_CC	30000
GO_CC	30001
GO_CC	30008
GO_CC	30009
GO_CC	3001
GO_CC	30010
GO_CC	30011
GO_CC	30012
GO_CC	3002
GO_CC	3003
GO_CC	3004
GO_CC	3005
GO_CC	3006
GO_CC	30061
GO_CC	30062
GO_CC	3007
GO_CC	3008
GO_CC	3009
GO_CC	301
GO_CC	3010
GO_CC	3012
GO_CC	3014
GO_CC	3015
GO_CC	3018
GO_CC	302
GO_CC	3020
GO_CC	3021
GO_CC	3024
GO_CC	3026
GO_CC	3028
GO_CC	3029
GO_CC	3030
GO_CC	3032
GO_CC	3033
GO_CC	3034
GO_CC	3035
GO_CC	3036
GO_CC	3037
GO_CC	3038
GO_CC	3042
GO_CC	3043
GO_CC	3045
GO_CC	3046
GO_CC	3050
GO_CC	3052
GO_CC	3053
GO_CC	3054
GO_CC	3055
GO_CC	3059
GO_CC	306
GO_CC	3060
GO_CC	3061
GO_CC	3062
GO_CC	3064
GO_CC	3065
GO_CC	3066
GO_CC	3067
GO_CC	3069
GO_CC	307
GO_CC	3070
GO_CC	3071
GO_CC	3073
GO_CC	3074
GO_CC	3075
GO_CC	3077
GO_CC	308
GO_CC	3081
GO_CC	30811
GO_CC	30812
GO_CC	30813
GO_CC	30814
GO_CC	30815
GO_CC	30816
GO_CC	30817
GO_CC	30818
GO_CC	30819
GO_CC	3082
GO_CC	30820
GO_CC	30827
GO_CC	3083
GO_CC	30832
GO_CC	30833
GO_CC	30834
GO_CC	30835
GO_CC	30836
GO_CC	30837
GO_CC	3084
GO_CC	30844
GO_CC	30845
GO_CC	30846
GO_CC	30847
GO_CC	30848
GO_CC	30849
GO_CC	30851
GO_CC	3087
GO_CC	309
GO_CC	3090
GO_CC	3091
GO_CC	3092
GO_CC	3093
GO_CC	3094
GO_CC	3096
GO_CC	30968
GO_CC	3097
GO_CC	3098
GO_CC	3099
GO_CC	31
GO_CC	310
GO_CC	3101
GO_CC	3104
GO_CC	3108
GO_CC	3109
GO_CC	311
GO_CC	3110
GO_CC	3111
GO_CC	3112
GO_CC	3113
GO_CC	3115
GO_CC	3117
GO_CC	3119
GO_CC	312
GO_CC	3120
GO_CC	3122
GO_CC	3126
GO_CC	313
GO_CC	3131
GO_CC	3133
GO_CC	3134
GO_CC	314
GO_CC	3140
GO_CC	3141
GO_CC	3142
GO_CC	3145
GO_CC	3146
GO_CC	3148
GO_CC	3149
GO_CC	3150
GO_CC	3155
GO_CC	3156
GO_CC	3157
GO_CC	3158
GO_CC	3159
GO_CC	316
GO_CC	3161
GO_CC	3162
GO_CC	3163
GO_CC	3164
GO_CC	3166
GO_CC	3167
GO_CC	3169
GO_CC	317
GO_CC	3170
GO_CC	3171
GO_CC	3172
GO_CC	3174
GO_CC	3175
GO_CC	3176
GO_CC	317649
GO_CC	317662
GO_CC	3177
GO_CC	317701
GO_CC	317702
GO_CC	317703
GO_CC	317705
GO_CC	317719
GO_CC	317761
GO_CC	317762
GO_CC	317781
GO_CC	3178
GO_CC	318
GO_CC	3181
GO_CC	3182
GO_CC	3183
GO_CC	3184
GO_CC	3185
GO_CC	3187
GO_CC	3189
GO_CC	319
GO_CC	3190
GO_CC	3191
GO_CC	319101
GO_CC	319103
GO_CC	3192
GO_CC	3195
GO_CC	3196
GO_CC	3198
GO_CC	3199
GO_CC	32
GO_CC	320
GO_CC	3200
GO_CC	3201
GO_CC	3202
GO_CC	3203
GO_CC	3204
GO_CC	3206
GO_CC	3207
GO_CC	3208
GO_CC	3209
GO_CC	321
GO_CC	3211
GO_CC	3212
GO_CC	3213
GO_CC	3214
GO_CC	3215
GO_CC	3216
GO_CC	3217
GO_CC	3218
GO_CC	3219
GO_CC	322
GO_CC	3221
GO_CC	3222
GO_CC	3223
GO_CC	3224
GO_CC	3225
GO_CC	3226
GO_CC	3227
GO_CC	3228
GO_CC	3229
GO_CC	323
GO_CC	3231
GO_CC	3233
GO_CC	3234
GO_CC	3235
GO_CC	3236
GO_CC	3237
GO_CC	3238
GO_CC	3239
GO_CC	324
GO_CC	3240
GO_CC	3241
GO_CC	3242
GO_CC	3248
GO_CC	3249
GO_CC	325
GO_CC	3250
GO_CC	3251
GO_CC	3257
GO_CC	326
GO_CC	3263
GO_CC	326340
GO_CC	3265
GO_CC	326624
GO_CC	326625
GO_CC	3267
GO_CC	3268
GO_CC	3269
GO_CC	327
GO_CC	3270
GO_CC	3273
GO_CC	3274
GO_CC	3275
GO_CC	3276
GO_CC	327657
GO_CC	328
GO_CC	3280
GO_CC	3281
GO_CC	3283
GO_CC	3284
GO_CC	329
GO_CC	3290
GO_CC	3291
GO_CC	3292
GO_CC	3293
GO_CC	3294
GO_CC	3295
GO_CC	3297
GO_CC	3298
GO_CC	3299
GO_CC	33
GO_CC	330
GO_CC	3300
GO_CC	3301
GO_CC	3304
GO_CC	3305
GO_CC	3306
GO_CC	3308
GO_CC	3309
GO_CC	331
GO_CC	3310
GO_CC	3312
GO_CC	3313
GO_CC	3315
GO_CC	3316
GO_CC	332
GO_CC	3320
GO_CC	3321
GO_CC	3326
GO_CC	3329
GO_CC	333
GO_CC	3336
GO_CC	3337
GO_CC	3338
GO_CC	3339
GO_CC	333926
GO_CC	333929
GO_CC	334
GO_CC	3340
GO_CC	3344
GO_CC	3347
GO_CC	3350
GO_CC	3351
GO_CC	3352
GO_CC	3354
GO_CC	3355
GO_CC	3356
GO_CC	3357
GO_CC	3358
GO_CC	3359
GO_CC	336
GO_CC	3360
GO_CC	3361
GO_CC	3362
GO_CC	3363
GO_CC	3364
GO_CC	337
GO_CC	3371
GO_CC	3373
GO_CC	3375
GO_CC	3376
GO_CC	337867
GO_CC	337876
GO_CC	337878
GO_CC	337879
GO_CC	337880
GO_CC	337882
GO_CC	337970
GO_CC	338
GO_CC	338094
GO_CC	3381
GO_CC	3382
GO_CC	3383
GO_CC	338321
GO_CC	338322
GO_CC	338323
GO_CC	338324
GO_CC	338328
GO_CC	338339
GO_CC	338376
GO_CC	338382
GO_CC	3384
GO_CC	338440
GO_CC	3385
GO_CC	338557
GO_CC	3386
GO_CC	338645
GO_CC	338657
GO_CC	338661
GO_CC	338667
GO_CC	338692
GO_CC	338707
GO_CC	338773
GO_CC	338785
GO_CC	338811
GO_CC	338872
GO_CC	339
GO_CC	339105
GO_CC	339122
GO_CC	339123
GO_CC	339168
GO_CC	339210
GO_CC	339221
GO_CC	339229
GO_CC	339230
GO_CC	339231
GO_CC	339287
GO_CC	339318
GO_CC	339324
GO_CC	339327
GO_CC	339344
GO_CC	339345
GO_CC	339366
GO_CC	339390
GO_CC	3394
GO_CC	339416
GO_CC	339448
GO_CC	339451
GO_CC	339456
GO_CC	339479
GO_CC	339487
GO_CC	339488
GO_CC	339500
GO_CC	339541
GO_CC	339559
GO_CC	3396
GO_CC	339665
GO_CC	339669
GO_CC	3397
GO_CC	339745
GO_CC	339761
GO_CC	339766
GO_CC	339768
GO_CC	339778
GO_CC	3398
GO_CC	339804
GO_CC	339834
GO_CC	339855
GO_CC	339883
GO_CC	339896
GO_CC	3399
GO_CC	339965
GO_CC	339976
GO_CC	339977
GO_CC	339983
GO_CC	34
GO_CC	3400
GO_CC	340024
GO_CC	340061
GO_CC	340069
GO_CC	340075
GO_CC	340146
GO_CC	340152
GO_CC	340156
GO_CC	340168
GO_CC	340205
GO_CC	340267
GO_CC	340273
GO_CC	340348
GO_CC	340351
GO_CC	340371
GO_CC	340385
GO_CC	340419
GO_CC	340481
GO_CC	340485
GO_CC	340533
GO_CC	340542
GO_CC	340547
GO_CC	340554
GO_CC	340578
GO_CC	340591
GO_CC	340596
GO_CC	340602
GO_CC	340719
GO_CC	340895
GO_CC	341019
GO_CC	341032
GO_CC	341405
GO_CC	341567
GO_CC	3416
GO_CC	341640
GO_CC	341676
GO_CC	3417
GO_CC	3418
GO_CC	341880
GO_CC	3419
GO_CC	341947
GO_CC	3420
GO_CC	342035
GO_CC	3421
GO_CC	342184
GO_CC	3422
GO_CC	3423
GO_CC	342357
GO_CC	342371
GO_CC	3425
GO_CC	342538
GO_CC	342574
GO_CC	3426
GO_CC	342667
GO_CC	3428
GO_CC	342892
GO_CC	342898
GO_CC	3429
GO_CC	342908
GO_CC	342909
GO_CC	342926
GO_CC	342945
GO_CC	342977
GO_CC	342979
GO_CC	343
GO_CC	3430
GO_CC	343035
GO_CC	343071
GO_CC	343099
GO_CC	3431
GO_CC	3433
GO_CC	3434
GO_CC	343450
GO_CC	343637
GO_CC	343641
GO_CC	3437
GO_CC	3439
GO_CC	344
GO_CC	3440
GO_CC	344018
GO_CC	344148
GO_CC	3442
GO_CC	3443
GO_CC	3445
GO_CC	344752
GO_CC	344758
GO_CC	344838
GO_CC	344905
GO_CC	345
GO_CC	3454
GO_CC	345462
GO_CC	3455
GO_CC	345557
GO_CC	3456
GO_CC	345611
GO_CC	345630
GO_CC	345757
GO_CC	345778
GO_CC	3458
GO_CC	345895
GO_CC	3459
GO_CC	3460
GO_CC	346157
GO_CC	346171
GO_CC	346389
GO_CC	346562
GO_CC	346606
GO_CC	346653
GO_CC	346689
GO_CC	3467
GO_CC	347
GO_CC	347088
GO_CC	347240
GO_CC	347252
GO_CC	347273
GO_CC	347344
GO_CC	347365
GO_CC	347404
GO_CC	347442
GO_CC	3475
GO_CC	3476
GO_CC	347730
GO_CC	347732
GO_CC	347734
GO_CC	347735
GO_CC	347736
GO_CC	347853
GO_CC	347862
GO_CC	3479
GO_CC	347902
GO_CC	348
GO_CC	3480
GO_CC	348013
GO_CC	348093
GO_CC	348110
GO_CC	348158
GO_CC	348180
GO_CC	3482
GO_CC	348235
GO_CC	348262
GO_CC	3483
GO_CC	348327
GO_CC	348378
GO_CC	3484
GO_CC	3485
GO_CC	3486
GO_CC	348654
GO_CC	3487
GO_CC	3488
GO_CC	348807
GO_CC	348825
GO_CC	3489
GO_CC	348932
GO_CC	348938
GO_CC	348980
GO_CC	348995
GO_CC	3490
GO_CC	349075
GO_CC	3491
GO_CC	349152
GO_CC	3495
GO_CC	349565
GO_CC	349667
GO_CC	3497
GO_CC	35
GO_CC	350
GO_CC	3500
GO_CC	3507
GO_CC	3508
GO_CC	351
GO_CC	3512
GO_CC	3514
GO_CC	3516
GO_CC	352909
GO_CC	352954
GO_CC	352999
GO_CC	353
GO_CC	353116
GO_CC	353174
GO_CC	353189
GO_CC	353274
GO_CC	353299
GO_CC	353322
GO_CC	353345
GO_CC	353355
GO_CC	353497
GO_CC	353500
GO_CC	353514
GO_CC	3537
GO_CC	354
GO_CC	3543
GO_CC	3547
GO_CC	3549
GO_CC	355
GO_CC	3550
GO_CC	3551
GO_CC	3552
GO_CC	3553
GO_CC	3554
GO_CC	3556
GO_CC	3557
GO_CC	3558
GO_CC	3559
GO_CC	356
GO_CC	3560
GO_CC	3561
GO_CC	3562
GO_CC	3563
GO_CC	3565
GO_CC	3566
GO_CC	3567
GO_CC	3568
GO_CC	3569
GO_CC	357
GO_CC	3570
GO_CC	3572
GO_CC	3574
GO_CC	3575
GO_CC	3576
GO_CC	3577
GO_CC	3578
GO_CC	3579
GO_CC	358
GO_CC	3581
GO_CC	3586
GO_CC	3587
GO_CC	3588
GO_CC	3589
GO_CC	359
GO_CC	3590
GO_CC	3592
GO_CC	3593
GO_CC	3594
GO_CC	3595
GO_CC	3596
GO_CC	3597
GO_CC	359787
GO_CC	3598
GO_CC	359845
GO_CC	359948
GO_CC	36
GO_CC	360
GO_CC	3600
GO_CC	360023
GO_CC	3601
GO_CC	360205
GO_CC	3603
GO_CC	3604
GO_CC	3605
GO_CC	3606
GO_CC	3607
GO_CC	3608
GO_CC	3609
GO_CC	361
GO_CC	3611
GO_CC	3612
GO_CC	3613
GO_CC	3614
GO_CC	3615
GO_CC	3617
GO_CC	3619
GO_CC	362
GO_CC	3620
GO_CC	3621
GO_CC	3622
GO_CC	3623
GO_CC	3624
GO_CC	3625
GO_CC	3626
GO_CC	3627
GO_CC	3628
GO_CC	363
GO_CC	3630
GO_CC	3631
GO_CC	3632
GO_CC	3633
GO_CC	3635
GO_CC	3636
GO_CC	3638
GO_CC	364
GO_CC	3640
GO_CC	3641
GO_CC	3642
GO_CC	3643
GO_CC	3645
GO_CC	3646
GO_CC	3651
GO_CC	3652
GO_CC	3654
GO_CC	3655
GO_CC	3656
GO_CC	3658
GO_CC	3659
GO_CC	366
GO_CC	3660
GO_CC	3661
GO_CC	3662
GO_CC	3663
GO_CC	3664
GO_CC	3665
GO_CC	3667
GO_CC	3669
GO_CC	367
GO_CC	3670
GO_CC	3671
GO_CC	3672
GO_CC	3673
GO_CC	3674
GO_CC	3675
GO_CC	3676
GO_CC	3678
GO_CC	3679
GO_CC	368
GO_CC	3680
GO_CC	3681
GO_CC	3682
GO_CC	3683
GO_CC	3684
GO_CC	3685
GO_CC	3687
GO_CC	3688
GO_CC	3689
GO_CC	369
GO_CC	3690
GO_CC	3691
GO_CC	3692
GO_CC	3693
GO_CC	3695
GO_CC	3696
GO_CC	3697
GO_CC	3698
GO_CC	3699
GO_CC	37
GO_CC	3700
GO_CC	3702
GO_CC	3703
GO_CC	3704
GO_CC	3705
GO_CC	3706
GO_CC	3707
GO_CC	3708
GO_CC	3709
GO_CC	3710
GO_CC	3712
GO_CC	3713
GO_CC	3714
GO_CC	3716
GO_CC	3717
GO_CC	3718
GO_CC	372
GO_CC	3720
GO_CC	3725
GO_CC	3726
GO_CC	3727
GO_CC	3728
GO_CC	373
GO_CC	3730
GO_CC	373156
GO_CC	3732
GO_CC	3735
GO_CC	3736
GO_CC	3737
GO_CC	3738
GO_CC	373861
GO_CC	373863
GO_CC	3739
GO_CC	374
GO_CC	3741
GO_CC	374286
GO_CC	374291
GO_CC	3743
GO_CC	374354
GO_CC	374355
GO_CC	374378
GO_CC	374383
GO_CC	374393
GO_CC	3744
GO_CC	374403
GO_CC	374407
GO_CC	374454
GO_CC	3745
GO_CC	374569
GO_CC	3746
GO_CC	374618
GO_CC	374654
GO_CC	374655
GO_CC	3747
GO_CC	374739
GO_CC	374768
GO_CC	3748
GO_CC	374819
GO_CC	374860
GO_CC	374864
GO_CC	374868
GO_CC	374875
GO_CC	374882
GO_CC	374897
GO_CC	374899
GO_CC	3749
GO_CC	374900
GO_CC	374907
GO_CC	374918
GO_CC	374946
GO_CC	374969
GO_CC	374973
GO_CC	374977
GO_CC	374986
GO_CC	375
GO_CC	3750
GO_CC	375033
GO_CC	375035
GO_CC	375056
GO_CC	375057
GO_CC	3751
GO_CC	375189
GO_CC	3752
GO_CC	375323
GO_CC	375346
GO_CC	375387
GO_CC	3754
GO_CC	375449
GO_CC	375484
GO_CC	3755
GO_CC	375593
GO_CC	3756
GO_CC	375612
GO_CC	375616
GO_CC	375686
GO_CC	3757
GO_CC	375704
GO_CC	375743
GO_CC	375748
GO_CC	375757
GO_CC	375759
GO_CC	375775
GO_CC	375790
GO_CC	375791
GO_CC	3758
GO_CC	3759
GO_CC	3760
GO_CC	3761
GO_CC	3762
GO_CC	376267
GO_CC	3763
GO_CC	3764
GO_CC	376497
GO_CC	3765
GO_CC	3766
GO_CC	3767
GO_CC	3768
GO_CC	3769
GO_CC	376940
GO_CC	377
GO_CC	3770
GO_CC	3772
GO_CC	3773
GO_CC	3775
GO_CC	3776
GO_CC	377677
GO_CC	3777
GO_CC	3778
GO_CC	3779
GO_CC	378
GO_CC	3780
GO_CC	3781
GO_CC	3782
GO_CC	3783
GO_CC	3784
GO_CC	3785
GO_CC	3786
GO_CC	3787
GO_CC	378708
GO_CC	3788
GO_CC	378925
GO_CC	379
GO_CC	3790
GO_CC	3791
GO_CC	3792
GO_CC	3795
GO_CC	3796
GO_CC	3797
GO_CC	3798
GO_CC	3799
GO_CC	38
GO_CC	3800
GO_CC	3801
GO_CC	3809
GO_CC	381
GO_CC	3814
GO_CC	3815
GO_CC	3816
GO_CC	3817
GO_CC	3818
GO_CC	382
GO_CC	3820
GO_CC	3823
GO_CC	3824
GO_CC	3827
GO_CC	383
GO_CC	3831
GO_CC	3832
GO_CC	3833
GO_CC	3834
GO_CC	3835
GO_CC	3836
GO_CC	3837
GO_CC	3838
GO_CC	3839
GO_CC	384
GO_CC	3840
GO_CC	3841
GO_CC	3842
GO_CC	3843
GO_CC	3845
GO_CC	3846
GO_CC	3848
GO_CC	3849
GO_CC	3850
GO_CC	3851
GO_CC	3852
GO_CC	3853
GO_CC	3854
GO_CC	3855
GO_CC	3857
GO_CC	3858
GO_CC	3859
GO_CC	3860
GO_CC	3861
GO_CC	3866
GO_CC	386678
GO_CC	3868
GO_CC	387
GO_CC	387032
GO_CC	387103
GO_CC	387104
GO_CC	387119
GO_CC	3872
GO_CC	387263
GO_CC	387338
GO_CC	387357
GO_CC	387496
GO_CC	387509
GO_CC	387521
GO_CC	387597
GO_CC	387601
GO_CC	387694
GO_CC	387695
GO_CC	387707
GO_CC	387751
GO_CC	387755
GO_CC	387758
GO_CC	387763
GO_CC	387837
GO_CC	387856
GO_CC	387885
GO_CC	387893
GO_CC	387914
GO_CC	387921
GO_CC	387923
GO_CC	388
GO_CC	3880
GO_CC	388021
GO_CC	3881
GO_CC	388121
GO_CC	388125
GO_CC	388135
GO_CC	3882
GO_CC	388228
GO_CC	388335
GO_CC	388336
GO_CC	388341
GO_CC	388394
GO_CC	3884
GO_CC	388403
GO_CC	388419
GO_CC	388503
GO_CC	388507
GO_CC	388531
GO_CC	388533
GO_CC	388552
GO_CC	388564
GO_CC	388566
GO_CC	388567
GO_CC	388569
GO_CC	388581
GO_CC	388585
GO_CC	388588
GO_CC	388591
GO_CC	3886
GO_CC	388610
GO_CC	388630
GO_CC	388650
GO_CC	388662
GO_CC	388677
GO_CC	388695
GO_CC	388698
GO_CC	3887
GO_CC	388722
GO_CC	388743
GO_CC	388753
GO_CC	388789
GO_CC	3888
GO_CC	3889
GO_CC	388939
GO_CC	388951
GO_CC	388962
GO_CC	389
GO_CC	3890
GO_CC	389058
GO_CC	389072
GO_CC	389084
GO_CC	3891
GO_CC	389114
GO_CC	389119
GO_CC	389136
GO_CC	3892
GO_CC	389203
GO_CC	389320
GO_CC	389332
GO_CC	389336
GO_CC	389337
GO_CC	389362
GO_CC	389376
GO_CC	389421
GO_CC	389432
GO_CC	389434
GO_CC	389458
GO_CC	3895
GO_CC	389541
GO_CC	389677
GO_CC	3897
GO_CC	3898
GO_CC	389812
GO_CC	389813
GO_CC	389856
GO_CC	389874
GO_CC	389895
GO_CC	3899
GO_CC	39
GO_CC	390
GO_CC	390010
GO_CC	390058
GO_CC	390059
GO_CC	390063
GO_CC	390064
GO_CC	390066
GO_CC	3902
GO_CC	3903
GO_CC	3904
GO_CC	390502
GO_CC	390595
GO_CC	3906
GO_CC	390616
GO_CC	390637
GO_CC	390790
GO_CC	3908
GO_CC	390892
GO_CC	3909
GO_CC	390916
GO_CC	390927
GO_CC	390940
GO_CC	390963
GO_CC	390980
GO_CC	390999
GO_CC	391
GO_CC	3910
GO_CC	391059
GO_CC	3911
GO_CC	3912
GO_CC	3913
GO_CC	391356
GO_CC	3914
GO_CC	3915
GO_CC	3916
GO_CC	391712
GO_CC	3918
GO_CC	392
GO_CC	3920
GO_CC	3925
GO_CC	392617
GO_CC	3927
GO_CC	3929
GO_CC	393
GO_CC	3930
GO_CC	3931
GO_CC	3932
GO_CC	3933
GO_CC	3934
GO_CC	3936
GO_CC	3937
GO_CC	3938
GO_CC	3939
GO_CC	394
GO_CC	3948
GO_CC	3949
GO_CC	395
GO_CC	3950
GO_CC	3952
GO_CC	3953
GO_CC	3954
GO_CC	3955
GO_CC	3956
GO_CC	3957
GO_CC	3958
GO_CC	3959
GO_CC	396
GO_CC	3960
GO_CC	3964
GO_CC	3965
GO_CC	397
GO_CC	3973
GO_CC	3975
GO_CC	3976
GO_CC	3977
GO_CC	3978
GO_CC	398
GO_CC	3980
GO_CC	3981
GO_CC	3982
GO_CC	3983
GO_CC	3984
GO_CC	3985
GO_CC	3987
GO_CC	3988
GO_CC	399
GO_CC	3990
GO_CC	3991
GO_CC	3992
GO_CC	3993
GO_CC	399473
GO_CC	399474
GO_CC	3995
GO_CC	399512
GO_CC	3996
GO_CC	399664
GO_CC	399665
GO_CC	399687
GO_CC	399693
GO_CC	399694
GO_CC	3998
GO_CC	399818
GO_CC	399909
GO_CC	399947
GO_CC	399948
GO_CC	399949
GO_CC	399967
GO_CC	399979
GO_CC	40
GO_CC	400
GO_CC	4000
GO_CC	4001
GO_CC	400120
GO_CC	400258
GO_CC	4004
GO_CC	400451
GO_CC	4005
GO_CC	400506
GO_CC	400566
GO_CC	400569
GO_CC	400581
GO_CC	400629
GO_CC	4007
GO_CC	400709
GO_CC	400713
GO_CC	400745
GO_CC	4008
GO_CC	400830
GO_CC	4009
GO_CC	400916
GO_CC	400931
GO_CC	400954
GO_CC	400961
GO_CC	401
GO_CC	4010
GO_CC	401024
GO_CC	401097
GO_CC	401152
GO_CC	4012
GO_CC	401262
GO_CC	401265
GO_CC	4013
GO_CC	401387
GO_CC	4014
GO_CC	401466
GO_CC	401474
GO_CC	401494
GO_CC	4015
GO_CC	401505
GO_CC	401548
GO_CC	401551
GO_CC	401565
GO_CC	4016
GO_CC	401612
GO_CC	401647
GO_CC	4017
GO_CC	4018
GO_CC	402055
GO_CC	402160
GO_CC	4023
GO_CC	402381
GO_CC	402415
GO_CC	4025
GO_CC	402573
GO_CC	4026
GO_CC	402665
GO_CC	402682
GO_CC	402778
GO_CC	403
GO_CC	4033
GO_CC	403313
GO_CC	403341
GO_CC	4034
GO_CC	4035
GO_CC	4036
GO_CC	4037
GO_CC	4038
GO_CC	4040
GO_CC	404037
GO_CC	4041
GO_CC	404203
GO_CC	4043
GO_CC	4045
GO_CC	4046
GO_CC	404636
GO_CC	404672
GO_CC	4047
GO_CC	4048
GO_CC	4049
GO_CC	405
GO_CC	4050
GO_CC	4051
GO_CC	4052
GO_CC	4053
GO_CC	4054
GO_CC	4055
GO_CC	4056
GO_CC	4057
GO_CC	405753
GO_CC	405754
GO_CC	4058
GO_CC	4059
GO_CC	406
GO_CC	4060
GO_CC	4061
GO_CC	4062
GO_CC	4063
GO_CC	4064
GO_CC	4065
GO_CC	4066
GO_CC	4067
GO_CC	4068
GO_CC	406886
GO_CC	4069
GO_CC	407
GO_CC	4070
GO_CC	4071
GO_CC	4072
GO_CC	4074
GO_CC	4076
GO_CC	4077
GO_CC	407738
GO_CC	408
GO_CC	408050
GO_CC	4082
GO_CC	408263
GO_CC	4084
GO_CC	4085
GO_CC	4086
GO_CC	4087
GO_CC	4088
GO_CC	4089
GO_CC	409
GO_CC	4090
GO_CC	4091
GO_CC	4092
GO_CC	4093
GO_CC	4094
GO_CC	4097
GO_CC	4099
GO_CC	41
GO_CC	410
GO_CC	4103
GO_CC	4107
GO_CC	4109
GO_CC	411
GO_CC	4110
GO_CC	4112
GO_CC	4113
GO_CC	4114
GO_CC	4115
GO_CC	4116
GO_CC	4117
GO_CC	4118
GO_CC	412
GO_CC	4121
GO_CC	4122
GO_CC	4123
GO_CC	4124
GO_CC	4125
GO_CC	4126
GO_CC	4128
GO_CC	4129
GO_CC	4130
GO_CC	4131
GO_CC	4133
GO_CC	4134
GO_CC	4135
GO_CC	4137
GO_CC	4139
GO_CC	414
GO_CC	4140
GO_CC	4141
GO_CC	414194
GO_CC	414196
GO_CC	4142
GO_CC	4143
GO_CC	414332
GO_CC	4144
GO_CC	4145
GO_CC	4146
GO_CC	4147
GO_CC	4148
GO_CC	414899
GO_CC	4149
GO_CC	414918
GO_CC	414919
GO_CC	415
GO_CC	4150
GO_CC	4151
GO_CC	415116
GO_CC	415117
GO_CC	4152
GO_CC	4153
GO_CC	4154
GO_CC	4155
GO_CC	4157
GO_CC	4158
GO_CC	4159
GO_CC	416
GO_CC	4160
GO_CC	4161
GO_CC	4162
GO_CC	4163
GO_CC	4166
GO_CC	4168
GO_CC	417
GO_CC	4170
GO_CC	4171
GO_CC	4172
GO_CC	4173
GO_CC	4174
GO_CC	4175
GO_CC	4176
GO_CC	4179
GO_CC	4184
GO_CC	4185
GO_CC	4188
GO_CC	4189
GO_CC	419
GO_CC	4190
GO_CC	4191
GO_CC	4192
GO_CC	4193
GO_CC	4194
GO_CC	4199
GO_CC	420
GO_CC	4200
GO_CC	4201
GO_CC	4204
GO_CC	4205
GO_CC	4208
GO_CC	4209
GO_CC	421
GO_CC	4211
GO_CC	4212
GO_CC	4214
GO_CC	4215
GO_CC	4216
GO_CC	4217
GO_CC	4218
GO_CC	4221
GO_CC	4222
GO_CC	4223
GO_CC	4224
GO_CC	4225
GO_CC	4232
GO_CC	4233
GO_CC	4234
GO_CC	4236
GO_CC	4237
GO_CC	4238
GO_CC	4239
GO_CC	4240
GO_CC	4241
GO_CC	4242
GO_CC	4245
GO_CC	4246
GO_CC	4247
GO_CC	4248
GO_CC	4249
GO_CC	4250
GO_CC	4253
GO_CC	4254
GO_CC	4255
GO_CC	4256
GO_CC	4257
GO_CC	4258
GO_CC	4259
GO_CC	4261
GO_CC	4267
GO_CC	427
GO_CC	4277
GO_CC	4281
GO_CC	4282
GO_CC	4283
GO_CC	4284
GO_CC	4285
GO_CC	4286
GO_CC	4287
GO_CC	4288
GO_CC	4289
GO_CC	429
GO_CC	4291
GO_CC	4292
GO_CC	4293
GO_CC	4295
GO_CC	4296
GO_CC	4297
GO_CC	4298
GO_CC	4299
GO_CC	43
GO_CC	430
GO_CC	4300
GO_CC	4301
GO_CC	4302
GO_CC	4303
GO_CC	4306
GO_CC	4308
GO_CC	4311
GO_CC	4312
GO_CC	4313
GO_CC	4314
GO_CC	4316
GO_CC	4317
GO_CC	431707
GO_CC	4318
GO_CC	4319
GO_CC	432
GO_CC	4320
GO_CC	4321
GO_CC	4322
GO_CC	4323
GO_CC	4324
GO_CC	4325
GO_CC	4326
GO_CC	4327
GO_CC	4329
GO_CC	433
GO_CC	4330
GO_CC	4331
GO_CC	4332
GO_CC	4335
GO_CC	4336
GO_CC	4337
GO_CC	4338
GO_CC	434
GO_CC	4340
GO_CC	4342
GO_CC	4343
GO_CC	4345
GO_CC	435
GO_CC	4350
GO_CC	4351
GO_CC	4352
GO_CC	4353
GO_CC	4354
GO_CC	4355
GO_CC	4356
GO_CC	4357
GO_CC	4358
GO_CC	4359
GO_CC	4360
GO_CC	4361
GO_CC	4363
GO_CC	438
GO_CC	43847
GO_CC	43849
GO_CC	439
GO_CC	439921
GO_CC	440
GO_CC	440026
GO_CC	440073
GO_CC	440087
GO_CC	440145
GO_CC	440193
GO_CC	440275
GO_CC	440279
GO_CC	440307
GO_CC	440335
GO_CC	440498
GO_CC	440503
GO_CC	440515
GO_CC	440560
GO_CC	440574
GO_CC	440590
GO_CC	440603
GO_CC	440699
GO_CC	440712
GO_CC	440738
GO_CC	440829
GO_CC	440836
GO_CC	440854
GO_CC	440957
GO_CC	441024
GO_CC	441027
GO_CC	441054
GO_CC	441061
GO_CC	441150
GO_CC	441151
GO_CC	441161
GO_CC	441168
GO_CC	441476
GO_CC	441549
GO_CC	441631
GO_CC	441951
GO_CC	442117
GO_CC	442184
GO_CC	442186
GO_CC	442191
GO_CC	442194
GO_CC	442213
GO_CC	442319
GO_CC	442721
GO_CC	443
GO_CC	4430
GO_CC	4435
GO_CC	4436
GO_CC	4437
GO_CC	4438
GO_CC	444
GO_CC	4440
GO_CC	445
GO_CC	445815
GO_CC	4477
GO_CC	4478
GO_CC	4481
GO_CC	4482
GO_CC	4486
GO_CC	4487
GO_CC	4488
GO_CC	4495
GO_CC	4499
GO_CC	4504
GO_CC	4507
GO_CC	4508
GO_CC	4512
GO_CC	4513
GO_CC	4520
GO_CC	4521
GO_CC	4522
GO_CC	4524
GO_CC	4528
GO_CC	4534
GO_CC	4536
GO_CC	4538
GO_CC	4541
GO_CC	4542
GO_CC	4543
GO_CC	4544
GO_CC	4547
GO_CC	4548
GO_CC	4552
GO_CC	4580
GO_CC	4582
GO_CC	4583
GO_CC	4584
GO_CC	4585
GO_CC	4586
GO_CC	4588
GO_CC	4589
GO_CC	4591
GO_CC	4593
GO_CC	4594
GO_CC	4595
GO_CC	4597
GO_CC	4598
GO_CC	4599
GO_CC	460
GO_CC	4600
GO_CC	4601
GO_CC	4602
GO_CC	4603
GO_CC	4604
GO_CC	4605
GO_CC	4606
GO_CC	4607
GO_CC	4608
GO_CC	4609
GO_CC	4610
GO_CC	4613
GO_CC	4615
GO_CC	4616
GO_CC	4617
GO_CC	4618
GO_CC	4619
GO_CC	462
GO_CC	4620
GO_CC	4621
GO_CC	4622
GO_CC	4624
GO_CC	4626
GO_CC	4627
GO_CC	4628
GO_CC	4629
GO_CC	463
GO_CC	4632
GO_CC	4633
GO_CC	4634
GO_CC	4636
GO_CC	4637
GO_CC	4638
GO_CC	4640
GO_CC	4641
GO_CC	4642
GO_CC	4643
GO_CC	4644
GO_CC	4645
GO_CC	4646
GO_CC	4647
GO_CC	4648
GO_CC	4649
GO_CC	4650
GO_CC	4651
GO_CC	4653
GO_CC	4654
GO_CC	4656
GO_CC	4659
GO_CC	466
GO_CC	4660
GO_CC	4661
GO_CC	4664
GO_CC	4665
GO_CC	4666
GO_CC	4668
GO_CC	4669
GO_CC	467
GO_CC	4670
GO_CC	4671
GO_CC	4673
GO_CC	4674
GO_CC	4675
GO_CC	4676
GO_CC	4677
GO_CC	4678
GO_CC	468
GO_CC	4680
GO_CC	4681
GO_CC	4682
GO_CC	4683
GO_CC	4684
GO_CC	4685
GO_CC	4686
GO_CC	4688
GO_CC	4689
GO_CC	4690
GO_CC	4691
GO_CC	4692
GO_CC	4693
GO_CC	4694
GO_CC	4695
GO_CC	4696
GO_CC	4697
GO_CC	4698
GO_CC	47
GO_CC	4700
GO_CC	4701
GO_CC	4702
GO_CC	4703
GO_CC	4704
GO_CC	4705
GO_CC	4706
GO_CC	4707
GO_CC	4708
GO_CC	4709
GO_CC	471
GO_CC	4710
GO_CC	4711
GO_CC	4712
GO_CC	4713
GO_CC	4714
GO_CC	4715
GO_CC	4716
GO_CC	4717
GO_CC	4718
GO_CC	4719
GO_CC	472
GO_CC	4720
GO_CC	4722
GO_CC	4723
GO_CC	4724
GO_CC	4725
GO_CC	4726
GO_CC	4728
GO_CC	4729
GO_CC	473
GO_CC	4731
GO_CC	4733
GO_CC	4734
GO_CC	4735
GO_CC	4736
GO_CC	4738
GO_CC	4739
GO_CC	474
GO_CC	4741
GO_CC	474344
GO_CC	474354
GO_CC	4744
GO_CC	4745
GO_CC	4747
GO_CC	475
GO_CC	4750
GO_CC	4751
GO_CC	4752
GO_CC	4753
GO_CC	4756
GO_CC	4758
GO_CC	4759
GO_CC	476
GO_CC	4760
GO_CC	4761
GO_CC	4763
GO_CC	477
GO_CC	4771
GO_CC	4772
GO_CC	4773
GO_CC	4774
GO_CC	4775
GO_CC	4776
GO_CC	4778
GO_CC	4779
GO_CC	478
GO_CC	4780
GO_CC	4781
GO_CC	4782
GO_CC	4783
GO_CC	4784
GO_CC	479
GO_CC	4790
GO_CC	4791
GO_CC	4792
GO_CC	4793
GO_CC	4794
GO_CC	4795
GO_CC	4796
GO_CC	4798
GO_CC	4799
GO_CC	48
GO_CC	480
GO_CC	4800
GO_CC	4801
GO_CC	4802
GO_CC	4803
GO_CC	4804
GO_CC	4807
GO_CC	4808
GO_CC	4809
GO_CC	481
GO_CC	4810
GO_CC	4811
GO_CC	4814
GO_CC	4815
GO_CC	4817
GO_CC	4818
GO_CC	482
GO_CC	4820
GO_CC	4821
GO_CC	4824
GO_CC	4825
GO_CC	4826
GO_CC	4828
GO_CC	4829
GO_CC	483
GO_CC	4830
GO_CC	4832
GO_CC	4833
GO_CC	4835
GO_CC	4836
GO_CC	4837
GO_CC	4838
GO_CC	4839
GO_CC	4841
GO_CC	4842
GO_CC	4843
GO_CC	4846
GO_CC	4848
GO_CC	4849
GO_CC	4850
GO_CC	4851
GO_CC	4852
GO_CC	4853
GO_CC	4854
GO_CC	4855
GO_CC	4856
GO_CC	4857
GO_CC	4858
GO_CC	486
GO_CC	4860
GO_CC	4862
GO_CC	4863
GO_CC	4864
GO_CC	4867
GO_CC	4868
GO_CC	4869
GO_CC	487
GO_CC	4878
GO_CC	4879
GO_CC	488
GO_CC	4880
GO_CC	4881
GO_CC	4882
GO_CC	4883
GO_CC	4884
GO_CC	4885
GO_CC	4886
GO_CC	4887
GO_CC	4888
GO_CC	4889
GO_CC	489
GO_CC	4891
GO_CC	4892
GO_CC	4893
GO_CC	4897
GO_CC	4898
GO_CC	4899
GO_CC	49
GO_CC	490
GO_CC	4900
GO_CC	4901
GO_CC	4902
GO_CC	4904
GO_CC	4905
GO_CC	4907
GO_CC	4908
GO_CC	4909
GO_CC	491
GO_CC	4913
GO_CC	4914
GO_CC	4915
GO_CC	4916
GO_CC	4919
GO_CC	492
GO_CC	4920
GO_CC	4921
GO_CC	4922
GO_CC	4923
GO_CC	492311
GO_CC	4924
GO_CC	4925
GO_CC	4926
GO_CC	4927
GO_CC	4928
GO_CC	4929
GO_CC	493
GO_CC	4931
GO_CC	4935
GO_CC	493753
GO_CC	4938
GO_CC	493829
GO_CC	493856
GO_CC	493861
GO_CC	493869
GO_CC	4939
GO_CC	4940
GO_CC	494115
GO_CC	494143
GO_CC	4942
GO_CC	4943
GO_CC	494470
GO_CC	494513
GO_CC	4946
GO_CC	4947
GO_CC	4948
GO_CC	495
GO_CC	4951
GO_CC	4952
GO_CC	4953
GO_CC	4956
GO_CC	4957
GO_CC	4958
GO_CC	496
GO_CC	4967
GO_CC	4968
GO_CC	4969
GO_CC	497189
GO_CC	4973
GO_CC	4974
GO_CC	4976
GO_CC	4978
GO_CC	498
GO_CC	4982
GO_CC	4985
GO_CC	49854
GO_CC	49855
GO_CC	49856
GO_CC	4986
GO_CC	49860
GO_CC	49861
GO_CC	4987
GO_CC	4988
GO_CC	4990
GO_CC	4991
GO_CC	4992
GO_CC	4993
GO_CC	4994
GO_CC	4995
GO_CC	4998
GO_CC	4999
GO_CC	50
GO_CC	5000
GO_CC	5001
GO_CC	5002
GO_CC	5004
GO_CC	5007
GO_CC	5008
GO_CC	5009
GO_CC	501
GO_CC	5010
GO_CC	5013
GO_CC	5015
GO_CC	5016
GO_CC	5017
GO_CC	5018
GO_CC	5019
GO_CC	5021
GO_CC	5023
GO_CC	5024
GO_CC	5025
GO_CC	5026
GO_CC	5027
GO_CC	5028
GO_CC	5029
GO_CC	5030
GO_CC	5031
GO_CC	5033
GO_CC	5034
GO_CC	503542
GO_CC	5036
GO_CC	5037
GO_CC	5045
GO_CC	5046
GO_CC	5047
GO_CC	5048
GO_CC	50484
GO_CC	50485
GO_CC	50486
GO_CC	50487
GO_CC	50488
GO_CC	50489
GO_CC	5049
GO_CC	5050
GO_CC	50506
GO_CC	50507
GO_CC	50508
GO_CC	50509
GO_CC	5051
GO_CC	50511
GO_CC	50512
GO_CC	50515
GO_CC	5052
GO_CC	5053
GO_CC	5054
GO_CC	5055
GO_CC	5058
GO_CC	506
GO_CC	50604
GO_CC	50613
GO_CC	50614
GO_CC	50615
GO_CC	50616
GO_CC	50617
GO_CC	50618
GO_CC	50619
GO_CC	5062
GO_CC	50624
GO_CC	50626
GO_CC	50628
GO_CC	5063
GO_CC	50632
GO_CC	50636
GO_CC	5064
GO_CC	50640
GO_CC	50649
GO_CC	50650
GO_CC	50651
GO_CC	5066
GO_CC	5067
GO_CC	50674
GO_CC	5068
GO_CC	5069
GO_CC	50700
GO_CC	5071
GO_CC	50717
GO_CC	5073
GO_CC	5074
GO_CC	5075
GO_CC	5076
GO_CC	5077
GO_CC	5078
GO_CC	5079
GO_CC	5080
GO_CC	50801
GO_CC	50804
GO_CC	50805
GO_CC	50807
GO_CC	50808
GO_CC	50809
GO_CC	5081
GO_CC	50810
GO_CC	50813
GO_CC	50814
GO_CC	5082
GO_CC	5083
GO_CC	50831
GO_CC	50832
GO_CC	50833
GO_CC	50834
GO_CC	50835
GO_CC	50836
GO_CC	50837
GO_CC	50838
GO_CC	50839
GO_CC	50840
GO_CC	50846
GO_CC	50848
GO_CC	50852
GO_CC	50853
GO_CC	50855
GO_CC	50856
GO_CC	50859
GO_CC	50861
GO_CC	50862
GO_CC	50863
GO_CC	50865
GO_CC	5087
GO_CC	5089
GO_CC	509
GO_CC	5090
GO_CC	5091
GO_CC	5092
GO_CC	5093
GO_CC	50937
GO_CC	50939
GO_CC	5094
GO_CC	50940
GO_CC	50943
GO_CC	50944
GO_CC	50945
GO_CC	5095
GO_CC	5096
GO_CC	50964
GO_CC	5097
GO_CC	5098
GO_CC	5099
GO_CC	50999
GO_CC	51
GO_CC	5100
GO_CC	51000
GO_CC	51001
GO_CC	51002
GO_CC	51003
GO_CC	51004
GO_CC	51005
GO_CC	51006
GO_CC	51008
GO_CC	51009
GO_CC	5101
GO_CC	51010
GO_CC	51011
GO_CC	51012
GO_CC	51013
GO_CC	51014
GO_CC	51015
GO_CC	51016
GO_CC	51018
GO_CC	51019
GO_CC	51021
GO_CC	51022
GO_CC	51023
GO_CC	51024
GO_CC	51025
GO_CC	51026
GO_CC	51027
GO_CC	51028
GO_CC	51029
GO_CC	51030
GO_CC	51031
GO_CC	51032
GO_CC	51035
GO_CC	5104
GO_CC	51042
GO_CC	51043
GO_CC	51046
GO_CC	5105
GO_CC	51050
GO_CC	51053
GO_CC	51056
GO_CC	51058
GO_CC	5106
GO_CC	51060
GO_CC	51061
GO_CC	51062
GO_CC	51063
GO_CC	51065
GO_CC	51066
GO_CC	51067
GO_CC	51068
GO_CC	51069
GO_CC	51070
GO_CC	51071
GO_CC	51073
GO_CC	51074
GO_CC	51075
GO_CC	51076
GO_CC	51077
GO_CC	51078
GO_CC	51079
GO_CC	5108
GO_CC	51081
GO_CC	51082
GO_CC	51083
GO_CC	51084
GO_CC	51085
GO_CC	51086
GO_CC	51087
GO_CC	51088
GO_CC	51090
GO_CC	51091
GO_CC	51092
GO_CC	51093
GO_CC	51094
GO_CC	51095
GO_CC	51096
GO_CC	51097
GO_CC	51098
GO_CC	51099
GO_CC	5110
GO_CC	51100
GO_CC	51102
GO_CC	51103
GO_CC	51104
GO_CC	51105
GO_CC	51106
GO_CC	51107
GO_CC	51108
GO_CC	51109
GO_CC	5111
GO_CC	51110
GO_CC	51111
GO_CC	51112
GO_CC	51114
GO_CC	51115
GO_CC	51116
GO_CC	51117
GO_CC	51118
GO_CC	51121
GO_CC	51122
GO_CC	51123
GO_CC	51124
GO_CC	51125
GO_CC	51126
GO_CC	51127
GO_CC	51128
GO_CC	51129
GO_CC	51130
GO_CC	51131
GO_CC	51132
GO_CC	51133
GO_CC	51134
GO_CC	51135
GO_CC	51136
GO_CC	51138
GO_CC	51141
GO_CC	51142
GO_CC	51143
GO_CC	51144
GO_CC	51146
GO_CC	51147
GO_CC	51148
GO_CC	51149
GO_CC	51150
GO_CC	51151
GO_CC	51154
GO_CC	51155
GO_CC	51156
GO_CC	51157
GO_CC	5116
GO_CC	51160
GO_CC	51161
GO_CC	51162
GO_CC	51163
GO_CC	51164
GO_CC	51166
GO_CC	51167
GO_CC	51168
GO_CC	51170
GO_CC	51171
GO_CC	51172
GO_CC	51174
GO_CC	51175
GO_CC	51176
GO_CC	51177
GO_CC	51179
GO_CC	5118
GO_CC	51181
GO_CC	51182
GO_CC	51184
GO_CC	51185
GO_CC	51186
GO_CC	51187
GO_CC	5119
GO_CC	51191
GO_CC	51192
GO_CC	51193
GO_CC	51194
GO_CC	51195
GO_CC	51196
GO_CC	51199
GO_CC	51200
GO_CC	51201
GO_CC	51203
GO_CC	51204
GO_CC	51205
GO_CC	51206
GO_CC	51207
GO_CC	51208
GO_CC	51209
GO_CC	5121
GO_CC	51213
GO_CC	51218
GO_CC	5122
GO_CC	51222
GO_CC	51224
GO_CC	51225
GO_CC	51226
GO_CC	51227
GO_CC	51228
GO_CC	51230
GO_CC	51231
GO_CC	51232
GO_CC	51234
GO_CC	51237
GO_CC	51241
GO_CC	51244
GO_CC	51246
GO_CC	51247
GO_CC	51248
GO_CC	51249
GO_CC	5125
GO_CC	51250
GO_CC	51251
GO_CC	51253
GO_CC	51255
GO_CC	51256
GO_CC	51257
GO_CC	51258
GO_CC	51259
GO_CC	5126
GO_CC	51263
GO_CC	51264
GO_CC	51265
GO_CC	51266
GO_CC	51267
GO_CC	51268
GO_CC	5127
GO_CC	51270
GO_CC	51271
GO_CC	51272
GO_CC	51274
GO_CC	51276
GO_CC	51277
GO_CC	51278
GO_CC	51279
GO_CC	5128
GO_CC	51280
GO_CC	51283
GO_CC	51284
GO_CC	51285
GO_CC	51286
GO_CC	51287
GO_CC	5129
GO_CC	51290
GO_CC	51291
GO_CC	51292
GO_CC	51293
GO_CC	51294
GO_CC	51295
GO_CC	51296
GO_CC	51297
GO_CC	51298
GO_CC	51299
GO_CC	513
GO_CC	5130
GO_CC	51300
GO_CC	51301
GO_CC	51302
GO_CC	51303
GO_CC	51304
GO_CC	51305
GO_CC	51306
GO_CC	51307
GO_CC	51308
GO_CC	51309
GO_CC	51310
GO_CC	51311
GO_CC	51312
GO_CC	51313
GO_CC	51314
GO_CC	51316
GO_CC	51317
GO_CC	51318
GO_CC	51319
GO_CC	5132
GO_CC	51320
GO_CC	51321
GO_CC	51322
GO_CC	51324
GO_CC	51327
GO_CC	51329
GO_CC	5133
GO_CC	51330
GO_CC	51332
GO_CC	51333
GO_CC	51335
GO_CC	51337
GO_CC	51338
GO_CC	51339
GO_CC	5134
GO_CC	51340
GO_CC	51341
GO_CC	51343
GO_CC	51347
GO_CC	51348
GO_CC	51350
GO_CC	51351
GO_CC	5136
GO_CC	51360
GO_CC	51361
GO_CC	51362
GO_CC	51363
GO_CC	51364
GO_CC	51365
GO_CC	51366
GO_CC	51367
GO_CC	51368
GO_CC	5137
GO_CC	51371
GO_CC	51373
GO_CC	51374
GO_CC	51375
GO_CC	51377
GO_CC	51378
GO_CC	51379
GO_CC	5138
GO_CC	51380
GO_CC	51382
GO_CC	51384
GO_CC	51385
GO_CC	51386
GO_CC	51388
GO_CC	51389
GO_CC	5139
GO_CC	51390
GO_CC	51393
GO_CC	51397
GO_CC	51398
GO_CC	51399
GO_CC	514
GO_CC	5140
GO_CC	51400
GO_CC	51406
GO_CC	51409
GO_CC	5141
GO_CC	51411
GO_CC	51412
GO_CC	5142
GO_CC	51421
GO_CC	51422
GO_CC	51426
GO_CC	51427
GO_CC	51428
GO_CC	51429
GO_CC	51430
GO_CC	51433
GO_CC	51434
GO_CC	51435
GO_CC	51438
GO_CC	51439
GO_CC	5144
GO_CC	51441
GO_CC	51442
GO_CC	51444
GO_CC	51447
GO_CC	51449
GO_CC	5145
GO_CC	51450
GO_CC	51451
GO_CC	51454
GO_CC	51455
GO_CC	51458
GO_CC	5146
GO_CC	51460
GO_CC	51463
GO_CC	51465
GO_CC	51466
GO_CC	5147
GO_CC	51471
GO_CC	51473
GO_CC	51474
GO_CC	51475
GO_CC	51477
GO_CC	51479
GO_CC	5148
GO_CC	5149
GO_CC	51490
GO_CC	51491
GO_CC	51493
GO_CC	51495
GO_CC	51496
GO_CC	51499
GO_CC	515
GO_CC	5150
GO_CC	51501
GO_CC	51503
GO_CC	51504
GO_CC	51506
GO_CC	51507
GO_CC	5151
GO_CC	51510
GO_CC	51512
GO_CC	51513
GO_CC	51514
GO_CC	51517
GO_CC	5152
GO_CC	51520
GO_CC	51522
GO_CC	51523
GO_CC	51524
GO_CC	51526
GO_CC	51527
GO_CC	51528
GO_CC	51529
GO_CC	5153
GO_CC	51530
GO_CC	51533
GO_CC	51534
GO_CC	51535
GO_CC	51537
GO_CC	51538
GO_CC	5154
GO_CC	51540
GO_CC	51542
GO_CC	51545
GO_CC	51547
GO_CC	51548
GO_CC	5155
GO_CC	51550
GO_CC	51552
GO_CC	51554
GO_CC	51555
GO_CC	51557
GO_CC	51559
GO_CC	5156
GO_CC	51560
GO_CC	51561
GO_CC	51562
GO_CC	51564
GO_CC	51566
GO_CC	51567
GO_CC	51569
GO_CC	5157
GO_CC	51571
GO_CC	51573
GO_CC	51574
GO_CC	51575
GO_CC	5158
GO_CC	51582
GO_CC	51585
GO_CC	51586
GO_CC	51588
GO_CC	5159
GO_CC	51592
GO_CC	51593
GO_CC	51594
GO_CC	51596
GO_CC	51599
GO_CC	516
GO_CC	5160
GO_CC	51601
GO_CC	51602
GO_CC	51603
GO_CC	51604
GO_CC	51605
GO_CC	51606
GO_CC	51608
GO_CC	5161
GO_CC	51611
GO_CC	51614
GO_CC	51616
GO_CC	51617
GO_CC	51619
GO_CC	5162
GO_CC	51621
GO_CC	51622
GO_CC	51626
GO_CC	51629
GO_CC	5163
GO_CC	51631
GO_CC	51633
GO_CC	51634
GO_CC	51635
GO_CC	51637
GO_CC	51639
GO_CC	5164
GO_CC	51642
GO_CC	51643
GO_CC	51645
GO_CC	51646
GO_CC	51647
GO_CC	51649
GO_CC	5165
GO_CC	51650
GO_CC	51651
GO_CC	51654
GO_CC	51655
GO_CC	51657
GO_CC	51659
GO_CC	5166
GO_CC	51660
GO_CC	51661
GO_CC	51663
GO_CC	51665
GO_CC	51666
GO_CC	51667
GO_CC	51668
GO_CC	51669
GO_CC	5167
GO_CC	51673
GO_CC	51676
GO_CC	51678
GO_CC	5168
GO_CC	51684
GO_CC	51686
GO_CC	5169
GO_CC	51690
GO_CC	51691
GO_CC	51692
GO_CC	51693
GO_CC	51696
GO_CC	51699
GO_CC	517
GO_CC	5170
GO_CC	51700
GO_CC	51701
GO_CC	51702
GO_CC	51703
GO_CC	51704
GO_CC	51705
GO_CC	51706
GO_CC	51710
GO_CC	51714
GO_CC	51715
GO_CC	51719
GO_CC	51720
GO_CC	51725
GO_CC	51726
GO_CC	51727
GO_CC	51728
GO_CC	51729
GO_CC	5173
GO_CC	51733
GO_CC	51734
GO_CC	51735
GO_CC	51738
GO_CC	5174
GO_CC	51741
GO_CC	51742
GO_CC	51744
GO_CC	51747
GO_CC	5175
GO_CC	51751
GO_CC	51752
GO_CC	51754
GO_CC	51755
GO_CC	51759
GO_CC	5176
GO_CC	51760
GO_CC	51761
GO_CC	51762
GO_CC	51763
GO_CC	51765
GO_CC	51768
GO_CC	51773
GO_CC	51776
GO_CC	51778
GO_CC	5178
GO_CC	51780
GO_CC	5179
GO_CC	518
GO_CC	51802
GO_CC	51804
GO_CC	51805
GO_CC	51806
GO_CC	51807
GO_CC	51808
GO_CC	51809
GO_CC	51816
GO_CC	5184
GO_CC	5187
GO_CC	5188
GO_CC	5189
GO_CC	5190
GO_CC	5191
GO_CC	5192
GO_CC	5193
GO_CC	5194
GO_CC	5195
GO_CC	5197
GO_CC	5198
GO_CC	5199
GO_CC	52
GO_CC	5201
GO_CC	5202
GO_CC	5203
GO_CC	5204
GO_CC	5205
GO_CC	5207
GO_CC	5208
GO_CC	5209
GO_CC	5210
GO_CC	5211
GO_CC	5212
GO_CC	5213
GO_CC	5214
GO_CC	5216
GO_CC	5217
GO_CC	5218
GO_CC	522
GO_CC	5223
GO_CC	5224
GO_CC	5225
GO_CC	5226
GO_CC	5228
GO_CC	5229
GO_CC	523
GO_CC	5230
GO_CC	5232
GO_CC	5236
GO_CC	5238
GO_CC	5239
GO_CC	5241
GO_CC	5243
GO_CC	5244
GO_CC	5245
GO_CC	525
GO_CC	5250
GO_CC	5251
GO_CC	5252
GO_CC	5253
GO_CC	5255
GO_CC	5256
GO_CC	5257
GO_CC	526
GO_CC	5260
GO_CC	5261
GO_CC	5264
GO_CC	5265
GO_CC	5266
GO_CC	5267
GO_CC	5268
GO_CC	5269
GO_CC	527
GO_CC	5270
GO_CC	5271
GO_CC	5272
GO_CC	5273
GO_CC	5274
GO_CC	5275
GO_CC	5276
GO_CC	5277
GO_CC	5279
GO_CC	528
GO_CC	5281
GO_CC	5283
GO_CC	5284
GO_CC	5286
GO_CC	5287
GO_CC	5288
GO_CC	5289
GO_CC	529
GO_CC	5290
GO_CC	5291
GO_CC	5292
GO_CC	5293
GO_CC	5294
GO_CC	5295
GO_CC	5296
GO_CC	5297
GO_CC	5298
GO_CC	53
GO_CC	5300
GO_CC	5303
GO_CC	5304
GO_CC	5305
GO_CC	5306
GO_CC	5307
GO_CC	5308
GO_CC	5309
GO_CC	5310
GO_CC	5311
GO_CC	5313
GO_CC	5314
GO_CC	5315
GO_CC	5316
GO_CC	5317
GO_CC	5318
GO_CC	5319
GO_CC	5320
GO_CC	5321
GO_CC	5322
GO_CC	5324
GO_CC	5325
GO_CC	5326
GO_CC	5327
GO_CC	5328
GO_CC	5329
GO_CC	533
GO_CC	5330
GO_CC	5332
GO_CC	5333
GO_CC	53335
GO_CC	53339
GO_CC	5334
GO_CC	53340
GO_CC	53342
GO_CC	53343
GO_CC	53344
GO_CC	53345
GO_CC	53346
GO_CC	53347
GO_CC	53349
GO_CC	5335
GO_CC	53353
GO_CC	53354
GO_CC	53358
GO_CC	5336
GO_CC	5337
GO_CC	53371
GO_CC	53373
GO_CC	5338
GO_CC	5339
GO_CC	534
GO_CC	5340
GO_CC	53405
GO_CC	53407
GO_CC	5341
GO_CC	5342
GO_CC	5345
GO_CC	5346
GO_CC	5347
GO_CC	5348
GO_CC	5349
GO_CC	535
GO_CC	5350
GO_CC	5351
GO_CC	5352
GO_CC	5354
GO_CC	5355
GO_CC	5356
GO_CC	5357
GO_CC	5358
GO_CC	5359
GO_CC	5360
GO_CC	5361
GO_CC	53615
GO_CC	53616
GO_CC	5362
GO_CC	53630
GO_CC	53632
GO_CC	53635
GO_CC	53637
GO_CC	5364
GO_CC	5365
GO_CC	5366
GO_CC	5367
GO_CC	5368
GO_CC	537
GO_CC	5371
GO_CC	5372
GO_CC	5373
GO_CC	5375
GO_CC	5376
GO_CC	5378
GO_CC	538
GO_CC	53820
GO_CC	53822
GO_CC	53826
GO_CC	53827
GO_CC	53828
GO_CC	53829
GO_CC	5383
GO_CC	53831
GO_CC	53832
GO_CC	53833
GO_CC	53834
GO_CC	53836
GO_CC	53838
GO_CC	53841
GO_CC	539
GO_CC	53904
GO_CC	53905
GO_CC	53916
GO_CC	53917
GO_CC	53918
GO_CC	53919
GO_CC	5393
GO_CC	53938
GO_CC	5394
GO_CC	53940
GO_CC	53942
GO_CC	53944
GO_CC	53947
GO_CC	5396
GO_CC	53981
GO_CC	54
GO_CC	540
GO_CC	54014
GO_CC	54020
GO_CC	54033
GO_CC	54039
GO_CC	54059
GO_CC	5406
GO_CC	54069
GO_CC	5407
GO_CC	5408
GO_CC	54084
GO_CC	5409
GO_CC	54093
GO_CC	54097
GO_CC	54101
GO_CC	54102
GO_CC	54103
GO_CC	54106
GO_CC	54107
GO_CC	54108
GO_CC	5411
GO_CC	54112
GO_CC	5412
GO_CC	5414
GO_CC	541468
GO_CC	54148
GO_CC	54165
GO_CC	54187
GO_CC	5420
GO_CC	54205
GO_CC	54206
GO_CC	54207
GO_CC	54209
GO_CC	54210
GO_CC	54212
GO_CC	5422
GO_CC	54221
GO_CC	5423
GO_CC	5424
GO_CC	5425
GO_CC	5426
GO_CC	5427
GO_CC	542767
GO_CC	5428
GO_CC	5429
GO_CC	5430
GO_CC	5431
GO_CC	5432
GO_CC	54328
GO_CC	54329
GO_CC	5433
GO_CC	54331
GO_CC	54332
GO_CC	5434
GO_CC	54344
GO_CC	54346
GO_CC	5435
GO_CC	5436
GO_CC	54360
GO_CC	54361
GO_CC	54363
GO_CC	5437
GO_CC	5438
GO_CC	54386
GO_CC	5440
GO_CC	54407
GO_CC	5441
GO_CC	54413
GO_CC	54414
GO_CC	5442
GO_CC	54429
GO_CC	5443
GO_CC	54431
GO_CC	54432
GO_CC	54433
GO_CC	54434
GO_CC	54436
GO_CC	54437
GO_CC	54438
GO_CC	54439
GO_CC	5444
GO_CC	54440
GO_CC	54442
GO_CC	54443
GO_CC	5445
GO_CC	54453
GO_CC	54454
GO_CC	54455
GO_CC	54456
GO_CC	54457
GO_CC	54458
GO_CC	5446
GO_CC	54460
GO_CC	54461
GO_CC	54462
GO_CC	54463
GO_CC	54464
GO_CC	54465
GO_CC	54466
GO_CC	54467
GO_CC	54468
GO_CC	54469
GO_CC	5447
GO_CC	54470
GO_CC	54471
GO_CC	54472
GO_CC	54474
GO_CC	54475
GO_CC	54476
GO_CC	54477
GO_CC	54478
GO_CC	54480
GO_CC	54487
GO_CC	5449
GO_CC	54491
GO_CC	54492
GO_CC	54495
GO_CC	54496
GO_CC	54497
GO_CC	54498
GO_CC	54499
GO_CC	545
GO_CC	5450
GO_CC	54502
GO_CC	54503
GO_CC	54504
GO_CC	54505
GO_CC	54507
GO_CC	54509
GO_CC	5451
GO_CC	54510
GO_CC	54511
GO_CC	54512
GO_CC	54514
GO_CC	54516
GO_CC	54517
GO_CC	54518
GO_CC	5452
GO_CC	54520
GO_CC	54521
GO_CC	54522
GO_CC	54529
GO_CC	5453
GO_CC	54531
GO_CC	54532
GO_CC	54534
GO_CC	54535
GO_CC	54536
GO_CC	54537
GO_CC	54538
GO_CC	54539
GO_CC	5454
GO_CC	54540
GO_CC	54541
GO_CC	54542
GO_CC	54545
GO_CC	54546
GO_CC	54549
GO_CC	5455
GO_CC	54550
GO_CC	54551
GO_CC	54552
GO_CC	54554
GO_CC	54555
GO_CC	54556
GO_CC	54557
GO_CC	54558
GO_CC	5456
GO_CC	54566
GO_CC	54567
GO_CC	5457
GO_CC	54576
GO_CC	54578
GO_CC	5458
GO_CC	54581
GO_CC	54583
GO_CC	54584
GO_CC	54585
GO_CC	54586
GO_CC	54587
GO_CC	5459
GO_CC	54596
GO_CC	546
GO_CC	54602
GO_CC	54606
GO_CC	54617
GO_CC	54619
GO_CC	54620
GO_CC	54621
GO_CC	54622
GO_CC	54623
GO_CC	54625
GO_CC	54626
GO_CC	54627
GO_CC	54629
GO_CC	5463
GO_CC	5464
GO_CC	5465
GO_CC	54658
GO_CC	54660
GO_CC	54662
GO_CC	54663
GO_CC	54664
GO_CC	54665
GO_CC	5467
GO_CC	54674
GO_CC	54675
GO_CC	54676
GO_CC	54677
GO_CC	5468
GO_CC	54680
GO_CC	54681
GO_CC	5469
GO_CC	547
GO_CC	54700
GO_CC	54704
GO_CC	54708
GO_CC	5471
GO_CC	54714
GO_CC	54715
GO_CC	54716
GO_CC	54718
GO_CC	54726
GO_CC	5473
GO_CC	54732
GO_CC	54733
GO_CC	54734
GO_CC	54737
GO_CC	54738
GO_CC	54739
GO_CC	54741
GO_CC	54742
GO_CC	54749
GO_CC	5475
GO_CC	54751
GO_CC	54752
GO_CC	54753
GO_CC	54756
GO_CC	54757
GO_CC	5476
GO_CC	54762
GO_CC	54763
GO_CC	54764
GO_CC	54765
GO_CC	54766
GO_CC	54768
GO_CC	54769
GO_CC	54776
GO_CC	54777
GO_CC	54778
GO_CC	5478
GO_CC	54780
GO_CC	54784
GO_CC	54785
GO_CC	54788
GO_CC	5479
GO_CC	54790
GO_CC	54795
GO_CC	54796
GO_CC	54797
GO_CC	54798
GO_CC	54799
GO_CC	5480
GO_CC	54800
GO_CC	54801
GO_CC	54802
GO_CC	54805
GO_CC	54806
GO_CC	54807
GO_CC	54808
GO_CC	54809
GO_CC	5481
GO_CC	54810
GO_CC	54811
GO_CC	54812
GO_CC	54813
GO_CC	54814
GO_CC	54815
GO_CC	54820
GO_CC	54821
GO_CC	54822
GO_CC	54823
GO_CC	54825
GO_CC	54827
GO_CC	54828
GO_CC	54829
GO_CC	54830
GO_CC	54831
GO_CC	54832
GO_CC	54834
GO_CC	54836
GO_CC	54838
GO_CC	54839
GO_CC	54840
GO_CC	54841
GO_CC	54842
GO_CC	54843
GO_CC	54845
GO_CC	54847
GO_CC	54848
GO_CC	54850
GO_CC	54851
GO_CC	54852
GO_CC	54853
GO_CC	54854
GO_CC	54855
GO_CC	54856
GO_CC	54857
GO_CC	54858
GO_CC	54859
GO_CC	54860
GO_CC	54861
GO_CC	54862
GO_CC	54863
GO_CC	548644
GO_CC	548645
GO_CC	54865
GO_CC	54866
GO_CC	54867
GO_CC	54868
GO_CC	54869
GO_CC	54870
GO_CC	54872
GO_CC	54873
GO_CC	54874
GO_CC	54875
GO_CC	54876
GO_CC	54877
GO_CC	54878
GO_CC	54879
GO_CC	54880
GO_CC	54881
GO_CC	54882
GO_CC	54883
GO_CC	54884
GO_CC	54885
GO_CC	54886
GO_CC	54887
GO_CC	54888
GO_CC	54890
GO_CC	54891
GO_CC	54892
GO_CC	54893
GO_CC	54894
GO_CC	54896
GO_CC	54897
GO_CC	54898
GO_CC	54899
GO_CC	549
GO_CC	54900
GO_CC	54901
GO_CC	54902
GO_CC	54903
GO_CC	54904
GO_CC	54905
GO_CC	54906
GO_CC	54908
GO_CC	54910
GO_CC	54913
GO_CC	54914
GO_CC	54915
GO_CC	54916
GO_CC	54918
GO_CC	54919
GO_CC	54920
GO_CC	54921
GO_CC	54922
GO_CC	54923
GO_CC	54925
GO_CC	54926
GO_CC	54927
GO_CC	54928
GO_CC	54929
GO_CC	5493
GO_CC	54930
GO_CC	54931
GO_CC	54933
GO_CC	54934
GO_CC	54935
GO_CC	54936
GO_CC	54937
GO_CC	54938
GO_CC	54939
GO_CC	5494
GO_CC	54940
GO_CC	54941
GO_CC	54942
GO_CC	54946
GO_CC	54947
GO_CC	54948
GO_CC	54949
GO_CC	5495
GO_CC	54951
GO_CC	54952
GO_CC	54953
GO_CC	54954
GO_CC	54955
GO_CC	54956
GO_CC	54957
GO_CC	54958
GO_CC	54959
GO_CC	5496
GO_CC	54960
GO_CC	54961
GO_CC	54962
GO_CC	54963
GO_CC	54964
GO_CC	54965
GO_CC	54967
GO_CC	54968
GO_CC	54969
GO_CC	54970
GO_CC	54971
GO_CC	54972
GO_CC	54973
GO_CC	54974
GO_CC	54976
GO_CC	54977
GO_CC	54978
GO_CC	54979
GO_CC	5498
GO_CC	54980
GO_CC	54981
GO_CC	54982
GO_CC	54984
GO_CC	54985
GO_CC	54988
GO_CC	54989
GO_CC	5499
GO_CC	54991
GO_CC	54993
GO_CC	54994
GO_CC	54995
GO_CC	54996
GO_CC	54997
GO_CC	55
GO_CC	550
GO_CC	5500
GO_CC	55002
GO_CC	55003
GO_CC	55004
GO_CC	55005
GO_CC	55006
GO_CC	55007
GO_CC	55008
GO_CC	55009
GO_CC	5501
GO_CC	55010
GO_CC	55011
GO_CC	55012
GO_CC	55013
GO_CC	55014
GO_CC	55015
GO_CC	55016
GO_CC	55017
GO_CC	5502
GO_CC	55020
GO_CC	55022
GO_CC	55023
GO_CC	55024
GO_CC	55026
GO_CC	55028
GO_CC	55031
GO_CC	55032
GO_CC	55033
GO_CC	55034
GO_CC	55035
GO_CC	55036
GO_CC	55037
GO_CC	55038
GO_CC	55039
GO_CC	55040
GO_CC	55041
GO_CC	55048
GO_CC	55051
GO_CC	55052
GO_CC	55054
GO_CC	55055
GO_CC	5506
GO_CC	55061
GO_CC	55062
GO_CC	55063
GO_CC	55064
GO_CC	550643
GO_CC	55065
GO_CC	55066
GO_CC	55068
GO_CC	55069
GO_CC	5507
GO_CC	55070
GO_CC	55072
GO_CC	55074
GO_CC	55075
GO_CC	55076
GO_CC	55079
GO_CC	55080
GO_CC	55081
GO_CC	55082
GO_CC	55083
GO_CC	55084
GO_CC	55086
GO_CC	55088
GO_CC	55089
GO_CC	5509
GO_CC	55090
GO_CC	55092
GO_CC	55093
GO_CC	55094
GO_CC	55095
GO_CC	551
GO_CC	5510
GO_CC	55100
GO_CC	55101
GO_CC	55102
GO_CC	55103
GO_CC	55105
GO_CC	55106
GO_CC	55107
GO_CC	55108
GO_CC	55109
GO_CC	5511
GO_CC	55110
GO_CC	55111
GO_CC	55112
GO_CC	55113
GO_CC	55114
GO_CC	55116
GO_CC	55117
GO_CC	55118
GO_CC	55119
GO_CC	55120
GO_CC	55122
GO_CC	55124
GO_CC	55125
GO_CC	55127
GO_CC	55128
GO_CC	55129
GO_CC	55130
GO_CC	55131
GO_CC	55132
GO_CC	55135
GO_CC	55137
GO_CC	55139
GO_CC	5514
GO_CC	55140
GO_CC	55142
GO_CC	55143
GO_CC	55144
GO_CC	55145
GO_CC	55146
GO_CC	55147
GO_CC	55149
GO_CC	5515
GO_CC	55151
GO_CC	55153
GO_CC	55154
GO_CC	55156
GO_CC	55157
GO_CC	55159
GO_CC	5516
GO_CC	55160
GO_CC	55161
GO_CC	55163
GO_CC	55164
GO_CC	55165
GO_CC	55166
GO_CC	55167
GO_CC	55168
GO_CC	55170
GO_CC	55171
GO_CC	55172
GO_CC	55173
GO_CC	55174
GO_CC	55175
GO_CC	55176
GO_CC	55177
GO_CC	55178
GO_CC	55179
GO_CC	5518
GO_CC	55181
GO_CC	55182
GO_CC	55183
GO_CC	55184
GO_CC	55186
GO_CC	55187
GO_CC	55188
GO_CC	5519
GO_CC	55190
GO_CC	55191
GO_CC	55192
GO_CC	55193
GO_CC	55195
GO_CC	55196
GO_CC	55197
GO_CC	55198
GO_CC	55199
GO_CC	552
GO_CC	5520
GO_CC	55200
GO_CC	55201
GO_CC	55203
GO_CC	55204
GO_CC	55205
GO_CC	55206
GO_CC	55207
GO_CC	55208
GO_CC	55209
GO_CC	5521
GO_CC	55211
GO_CC	55212
GO_CC	55213
GO_CC	55214
GO_CC	55215
GO_CC	55217
GO_CC	55218
GO_CC	55219
GO_CC	5522
GO_CC	55223
GO_CC	55224
GO_CC	55225
GO_CC	55226
GO_CC	55227
GO_CC	55229
GO_CC	5523
GO_CC	55230
GO_CC	55233
GO_CC	55234
GO_CC	55236
GO_CC	55237
GO_CC	55238
GO_CC	55239
GO_CC	55240
GO_CC	55243
GO_CC	55244
GO_CC	55245
GO_CC	55246
GO_CC	55247
GO_CC	55248
GO_CC	55249
GO_CC	5525
GO_CC	55250
GO_CC	55251
GO_CC	55252
GO_CC	55254
GO_CC	55255
GO_CC	55256
GO_CC	55257
GO_CC	55258
GO_CC	55259
GO_CC	5526
GO_CC	55260
GO_CC	55262
GO_CC	55266
GO_CC	55268
GO_CC	55269
GO_CC	5527
GO_CC	55270
GO_CC	55272
GO_CC	55273
GO_CC	55274
GO_CC	55275
GO_CC	55276
GO_CC	55277
GO_CC	55278
GO_CC	55279
GO_CC	5528
GO_CC	55280
GO_CC	55281
GO_CC	55283
GO_CC	55284
GO_CC	55285
GO_CC	55286
GO_CC	55287
GO_CC	55288
GO_CC	552889
GO_CC	55289
GO_CC	5529
GO_CC	55290
GO_CC	552900
GO_CC	55291
GO_CC	55293
GO_CC	55294
GO_CC	55297
GO_CC	55298
GO_CC	55299
GO_CC	553
GO_CC	5530
GO_CC	55300
GO_CC	55301
GO_CC	55303
GO_CC	55304
GO_CC	55308
GO_CC	5531
GO_CC	55311
GO_CC	553115
GO_CC	55312
GO_CC	55313
GO_CC	55314
GO_CC	55315
GO_CC	55316
GO_CC	55317
GO_CC	55319
GO_CC	5532
GO_CC	55320
GO_CC	55321
GO_CC	55323
GO_CC	55324
GO_CC	55325
GO_CC	55326
GO_CC	55327
GO_CC	55328
GO_CC	55329
GO_CC	5533
GO_CC	55330
GO_CC	55331
GO_CC	55332
GO_CC	55333
GO_CC	55334
GO_CC	55335
GO_CC	55336
GO_CC	55337
GO_CC	55339
GO_CC	5534
GO_CC	55340
GO_CC	55341
GO_CC	55342
GO_CC	55343
GO_CC	55344
GO_CC	55345
GO_CC	55346
GO_CC	55347
GO_CC	55349
GO_CC	5535
GO_CC	55352
GO_CC	55353
GO_CC	55355
GO_CC	55356
GO_CC	55357
GO_CC	55359
GO_CC	5536
GO_CC	55361
GO_CC	55362
GO_CC	55363
GO_CC	55364
GO_CC	55365
GO_CC	55366
GO_CC	55367
GO_CC	5537
GO_CC	55374
GO_CC	55379
GO_CC	5538
GO_CC	55384
GO_CC	55388
GO_CC	5539
GO_CC	554
GO_CC	55421
GO_CC	55422
GO_CC	55423
GO_CC	554279
GO_CC	55432
GO_CC	55435
GO_CC	55437
GO_CC	55450
GO_CC	55454
GO_CC	5546
GO_CC	55466
GO_CC	5547
GO_CC	55471
GO_CC	55486
GO_CC	5549
GO_CC	5550
GO_CC	55500
GO_CC	55501
GO_CC	55502
GO_CC	55503
GO_CC	55504
GO_CC	55505
GO_CC	55506
GO_CC	55507
GO_CC	55508
GO_CC	55509
GO_CC	5551
GO_CC	55511
GO_CC	55512
GO_CC	55515
GO_CC	5552
GO_CC	55520
GO_CC	55521
GO_CC	55526
GO_CC	55527
GO_CC	55529
GO_CC	5553
GO_CC	55530
GO_CC	55531
GO_CC	55532
GO_CC	55534
GO_CC	55536
GO_CC	55539
GO_CC	5554
GO_CC	55540
GO_CC	55544
GO_CC	55552
GO_CC	55553
GO_CC	55554
GO_CC	55556
GO_CC	55558
GO_CC	55561
GO_CC	55565
GO_CC	55567
GO_CC	55568
GO_CC	5557
GO_CC	55571
GO_CC	55572
GO_CC	55573
GO_CC	55576
GO_CC	55577
GO_CC	55578
GO_CC	5558
GO_CC	55582
GO_CC	55584
GO_CC	55585
GO_CC	55586
GO_CC	55588
GO_CC	55589
GO_CC	55591
GO_CC	55593
GO_CC	55596
GO_CC	55599
GO_CC	55600
GO_CC	55601
GO_CC	55602
GO_CC	55603
GO_CC	55604
GO_CC	55605
GO_CC	55607
GO_CC	55608
GO_CC	55609
GO_CC	55610
GO_CC	55611
GO_CC	55612
GO_CC	55613
GO_CC	55614
GO_CC	55615
GO_CC	55616
GO_CC	55617
GO_CC	55619
GO_CC	5562
GO_CC	55620
GO_CC	55621
GO_CC	55623
GO_CC	55624
GO_CC	55625
GO_CC	55626
GO_CC	55628
GO_CC	55629
GO_CC	5563
GO_CC	55630
GO_CC	55631
GO_CC	55632
GO_CC	55633
GO_CC	55635
GO_CC	55636
GO_CC	55638
GO_CC	5564
GO_CC	55640
GO_CC	55643
GO_CC	55644
GO_CC	55646
GO_CC	55647
GO_CC	5565
GO_CC	55650
GO_CC	55651
GO_CC	55652
GO_CC	55653
GO_CC	55654
GO_CC	55655
GO_CC	55656
GO_CC	55657
GO_CC	55658
GO_CC	55659
GO_CC	5566
GO_CC	55660
GO_CC	55661
GO_CC	55662
GO_CC	55663
GO_CC	55664
GO_CC	55665
GO_CC	55666
GO_CC	55667
GO_CC	55668
GO_CC	55669
GO_CC	5567
GO_CC	55670
GO_CC	55671
GO_CC	55672
GO_CC	55676
GO_CC	55677
GO_CC	55679
GO_CC	5568
GO_CC	55680
GO_CC	55681
GO_CC	55683
GO_CC	55684
GO_CC	55686
GO_CC	55687
GO_CC	55689
GO_CC	5569
GO_CC	55690
GO_CC	55691
GO_CC	55692
GO_CC	55693
GO_CC	55696
GO_CC	55697
GO_CC	55698
GO_CC	55699
GO_CC	5570
GO_CC	55700
GO_CC	55701
GO_CC	55702
GO_CC	55703
GO_CC	55704
GO_CC	55705
GO_CC	55706
GO_CC	55707
GO_CC	5571
GO_CC	55711
GO_CC	55713
GO_CC	55714
GO_CC	55715
GO_CC	55716
GO_CC	55717
GO_CC	55718
GO_CC	55719
GO_CC	55720
GO_CC	55722
GO_CC	55723
GO_CC	55726
GO_CC	55727
GO_CC	55728
GO_CC	55729
GO_CC	5573
GO_CC	55731
GO_CC	55732
GO_CC	55733
GO_CC	55734
GO_CC	55735
GO_CC	55737
GO_CC	55738
GO_CC	55739
GO_CC	55740
GO_CC	55741
GO_CC	55742
GO_CC	55743
GO_CC	55744
GO_CC	55745
GO_CC	55746
GO_CC	55748
GO_CC	55749
GO_CC	5575
GO_CC	55750
GO_CC	55751
GO_CC	55752
GO_CC	55753
GO_CC	55754
GO_CC	55755
GO_CC	55756
GO_CC	55757
GO_CC	55758
GO_CC	55759
GO_CC	5576
GO_CC	55760
GO_CC	55761
GO_CC	55762
GO_CC	55763
GO_CC	55764
GO_CC	55765
GO_CC	55766
GO_CC	55768
GO_CC	55769
GO_CC	5577
GO_CC	55770
GO_CC	55771
GO_CC	55773
GO_CC	55775
GO_CC	55776
GO_CC	55777
GO_CC	55779
GO_CC	5578
GO_CC	55780
GO_CC	55781
GO_CC	55783
GO_CC	55784
GO_CC	55785
GO_CC	55786
GO_CC	55787
GO_CC	55788
GO_CC	5579
GO_CC	55790
GO_CC	55791
GO_CC	55793
GO_CC	55794
GO_CC	55795
GO_CC	55796
GO_CC	55798
GO_CC	55799
GO_CC	558
GO_CC	5580
GO_CC	55800
GO_CC	55801
GO_CC	55802
GO_CC	55803
GO_CC	55805
GO_CC	55806
GO_CC	55808
GO_CC	55809
GO_CC	5581
GO_CC	55810
GO_CC	55811
GO_CC	55812
GO_CC	55813
GO_CC	55814
GO_CC	55815
GO_CC	55816
GO_CC	55818
GO_CC	55819
GO_CC	5582
GO_CC	55823
GO_CC	55824
GO_CC	55825
GO_CC	55827
GO_CC	55829
GO_CC	5583
GO_CC	55830
GO_CC	55831
GO_CC	55832
GO_CC	55833
GO_CC	55835
GO_CC	55837
GO_CC	55839
GO_CC	5584
GO_CC	55840
GO_CC	55841
GO_CC	55843
GO_CC	55844
GO_CC	55845
GO_CC	55846
GO_CC	55847
GO_CC	55848
GO_CC	5585
GO_CC	55850
GO_CC	55851
GO_CC	55852
GO_CC	55854
GO_CC	55856
GO_CC	55857
GO_CC	55858
GO_CC	55859
GO_CC	5586
GO_CC	55860
GO_CC	55862
GO_CC	55863
GO_CC	55867
GO_CC	55869
GO_CC	5587
GO_CC	55870
GO_CC	55872
GO_CC	55876
GO_CC	55879
GO_CC	5588
GO_CC	55884
GO_CC	55885
GO_CC	55888
GO_CC	5589
GO_CC	55890
GO_CC	55892
GO_CC	55893
GO_CC	55897
GO_CC	55898
GO_CC	5590
GO_CC	55900
GO_CC	55902
GO_CC	55904
GO_CC	55905
GO_CC	55906
GO_CC	55907
GO_CC	55908
GO_CC	55909
GO_CC	5591
GO_CC	55911
GO_CC	55914
GO_CC	55915
GO_CC	55916
GO_CC	55917
GO_CC	5592
GO_CC	55920
GO_CC	55922
GO_CC	55929
GO_CC	5593
GO_CC	55930
GO_CC	55937
GO_CC	5594
GO_CC	55954
GO_CC	55957
GO_CC	55958
GO_CC	55959
GO_CC	5596
GO_CC	55966
GO_CC	55967
GO_CC	55968
GO_CC	5597
GO_CC	55970
GO_CC	55971
GO_CC	55972
GO_CC	55973
GO_CC	55974
GO_CC	55975
GO_CC	5598
GO_CC	5599
GO_CC	55997
GO_CC	55998
GO_CC	56
GO_CC	5600
GO_CC	56000
GO_CC	56005
GO_CC	56006
GO_CC	5601
GO_CC	5602
GO_CC	5603
GO_CC	56033
GO_CC	56034
GO_CC	5604
GO_CC	5605
GO_CC	56052
GO_CC	5606
GO_CC	56062
GO_CC	56063
GO_CC	5607
GO_CC	5608
GO_CC	5609
GO_CC	56097
GO_CC	56098
GO_CC	56099
GO_CC	5610
GO_CC	56100
GO_CC	56105
GO_CC	56107
GO_CC	5611
GO_CC	56111
GO_CC	5612
GO_CC	56121
GO_CC	56122
GO_CC	56123
GO_CC	56126
GO_CC	56127
GO_CC	56128
GO_CC	56129
GO_CC	5613
GO_CC	56130
GO_CC	56131
GO_CC	56133
GO_CC	56134
GO_CC	56135
GO_CC	56139
GO_CC	56142
GO_CC	56145
GO_CC	56146
GO_CC	56154
GO_CC	56155
GO_CC	56158
GO_CC	56159
GO_CC	5616
GO_CC	56160
GO_CC	56163
GO_CC	56164
GO_CC	56165
GO_CC	56169
GO_CC	5617
GO_CC	56171
GO_CC	56172
GO_CC	5618
GO_CC	56180
GO_CC	56181
GO_CC	5619
GO_CC	5620
GO_CC	56203
GO_CC	56204
GO_CC	5621
GO_CC	5623
GO_CC	5624
GO_CC	56241
GO_CC	56242
GO_CC	56243
GO_CC	56244
GO_CC	56245
GO_CC	56246
GO_CC	5625
GO_CC	56252
GO_CC	56253
GO_CC	56254
GO_CC	56255
GO_CC	56256
GO_CC	56257
GO_CC	56259
GO_CC	5626
GO_CC	56261
GO_CC	56262
GO_CC	56265
GO_CC	56267
GO_CC	56269
GO_CC	5627
GO_CC	56270
GO_CC	56271
GO_CC	56287
GO_CC	56288
GO_CC	5629
GO_CC	563
GO_CC	5630
GO_CC	56300
GO_CC	56301
GO_CC	56302
GO_CC	5631
GO_CC	56311
GO_CC	56339
GO_CC	5634
GO_CC	56341
GO_CC	56342
GO_CC	56344
GO_CC	5635
GO_CC	5636
GO_CC	5638
GO_CC	5639
GO_CC	5641
GO_CC	5644
GO_CC	56474
GO_CC	56475
GO_CC	56477
GO_CC	56478
GO_CC	56479
GO_CC	5648
GO_CC	5649
GO_CC	5650
GO_CC	5651
GO_CC	5652
GO_CC	56521
GO_CC	5653
GO_CC	5654
GO_CC	56547
GO_CC	56548
GO_CC	5655
GO_CC	5657
GO_CC	566
GO_CC	5660
GO_CC	56603
GO_CC	56605
GO_CC	56606
GO_CC	56616
GO_CC	5662
GO_CC	56623
GO_CC	5663
GO_CC	5664
GO_CC	56647
GO_CC	56648
GO_CC	56649
GO_CC	56650
GO_CC	56651
GO_CC	56652
GO_CC	56654
GO_CC	56655
GO_CC	56656
GO_CC	56659
GO_CC	56660
GO_CC	56666
GO_CC	56667
GO_CC	56670
GO_CC	56672
GO_CC	56674
GO_CC	56676
GO_CC	56681
GO_CC	56683
GO_CC	5669
GO_CC	567
GO_CC	56704
GO_CC	56729
GO_CC	56731
GO_CC	5675
GO_CC	56751
GO_CC	56776
GO_CC	5678
GO_CC	5680
GO_CC	5681
GO_CC	5682
GO_CC	56829
GO_CC	5683
GO_CC	56832
GO_CC	56833
GO_CC	56834
GO_CC	5684
GO_CC	56848
GO_CC	56849
GO_CC	5685
GO_CC	56850
GO_CC	56851
GO_CC	56852
GO_CC	56853
GO_CC	5686
GO_CC	5688
GO_CC	56882
GO_CC	56884
GO_CC	56886
GO_CC	56888
GO_CC	56889
GO_CC	5689
GO_CC	56890
GO_CC	56891
GO_CC	56892
GO_CC	56893
GO_CC	56894
GO_CC	56895
GO_CC	56896
GO_CC	56897
GO_CC	56898
GO_CC	56899
GO_CC	5690
GO_CC	56900
GO_CC	56901
GO_CC	56902
GO_CC	56903
GO_CC	56904
GO_CC	56905
GO_CC	56907
GO_CC	5691
GO_CC	56910
GO_CC	56911
GO_CC	56912
GO_CC	56913
GO_CC	56914
GO_CC	56915
GO_CC	56916
GO_CC	56917
GO_CC	56918
GO_CC	56919
GO_CC	5692
GO_CC	56920
GO_CC	56922
GO_CC	56923
GO_CC	56924
GO_CC	56925
GO_CC	56926
GO_CC	56927
GO_CC	56928
GO_CC	56929
GO_CC	5693
GO_CC	56935
GO_CC	56937
GO_CC	56938
GO_CC	5694
GO_CC	56940
GO_CC	56941
GO_CC	56942
GO_CC	56943
GO_CC	56944
GO_CC	56946
GO_CC	56947
GO_CC	56948
GO_CC	56949
GO_CC	5695
GO_CC	56950
GO_CC	56951
GO_CC	56952
GO_CC	56953
GO_CC	56954
GO_CC	56955
GO_CC	56956
GO_CC	56957
GO_CC	5696
GO_CC	56963
GO_CC	56964
GO_CC	56965
GO_CC	56967
GO_CC	5697
GO_CC	56970
GO_CC	56971
GO_CC	56975
GO_CC	56977
GO_CC	56978
GO_CC	56979
GO_CC	5698
GO_CC	56980
GO_CC	56981
GO_CC	56983
GO_CC	56984
GO_CC	56985
GO_CC	56986
GO_CC	56987
GO_CC	5699
GO_CC	56990
GO_CC	56992
GO_CC	56993
GO_CC	56994
GO_CC	56995
GO_CC	56996
GO_CC	56997
GO_CC	56998
GO_CC	56999
GO_CC	570
GO_CC	5700
GO_CC	57001
GO_CC	57002
GO_CC	57003
GO_CC	57007
GO_CC	5701
GO_CC	57010
GO_CC	57016
GO_CC	57017
GO_CC	57018
GO_CC	57019
GO_CC	5702
GO_CC	57020
GO_CC	57030
GO_CC	57035
GO_CC	57037
GO_CC	57038
GO_CC	5704
GO_CC	57045
GO_CC	57047
GO_CC	5705
GO_CC	57050
GO_CC	57053
GO_CC	57057
GO_CC	5706
GO_CC	57060
GO_CC	57062
GO_CC	5707
GO_CC	5708
GO_CC	57082
GO_CC	57084
GO_CC	57085
GO_CC	57088
GO_CC	57089
GO_CC	5709
GO_CC	57091
GO_CC	57092
GO_CC	57094
GO_CC	57095
GO_CC	57096
GO_CC	57097
GO_CC	57099
GO_CC	571
GO_CC	5710
GO_CC	57101
GO_CC	57102
GO_CC	57103
GO_CC	57104
GO_CC	57105
GO_CC	57106
GO_CC	57107
GO_CC	57109
GO_CC	5711
GO_CC	57110
GO_CC	57111
GO_CC	57113
GO_CC	57115
GO_CC	57117
GO_CC	57118
GO_CC	57119
GO_CC	57120
GO_CC	57121
GO_CC	57122
GO_CC	57124
GO_CC	57125
GO_CC	57126
GO_CC	57127
GO_CC	57128
GO_CC	57129
GO_CC	5713
GO_CC	57130
GO_CC	57132
GO_CC	57134
GO_CC	57136
GO_CC	57139
GO_CC	5714
GO_CC	57142
GO_CC	57143
GO_CC	57144
GO_CC	57146
GO_CC	57147
GO_CC	57149
GO_CC	5715
GO_CC	57151
GO_CC	57152
GO_CC	57153
GO_CC	57154
GO_CC	57156
GO_CC	57157
GO_CC	57158
GO_CC	57159
GO_CC	5716
GO_CC	57161
GO_CC	57162
GO_CC	57165
GO_CC	57167
GO_CC	57168
GO_CC	57169
GO_CC	5717
GO_CC	57171
GO_CC	57172
GO_CC	57175
GO_CC	57176
GO_CC	57178
GO_CC	57179
GO_CC	5718
GO_CC	57180
GO_CC	57181
GO_CC	57182
GO_CC	57185
GO_CC	57186
GO_CC	57187
GO_CC	57188
GO_CC	57189
GO_CC	5719
GO_CC	57190
GO_CC	57191
GO_CC	57192
GO_CC	57194
GO_CC	57198
GO_CC	572
GO_CC	5720
GO_CC	57205
GO_CC	57209
GO_CC	5721
GO_CC	57210
GO_CC	57211
GO_CC	57214
GO_CC	57215
GO_CC	57216
GO_CC	57217
GO_CC	57221
GO_CC	57222
GO_CC	57223
GO_CC	57226
GO_CC	57228
GO_CC	5723
GO_CC	57231
GO_CC	57232
GO_CC	5724
GO_CC	5725
GO_CC	5726
GO_CC	5727
GO_CC	5728
GO_CC	57282
GO_CC	5729
GO_CC	573
GO_CC	5731
GO_CC	5732
GO_CC	57325
GO_CC	57326
GO_CC	5733
GO_CC	57332
GO_CC	57333
GO_CC	57335
GO_CC	57336
GO_CC	57337
GO_CC	57338
GO_CC	5734
GO_CC	57343
GO_CC	57348
GO_CC	57369
GO_CC	5737
GO_CC	57379
GO_CC	5738
GO_CC	57380
GO_CC	57381
GO_CC	5739
GO_CC	57393
GO_CC	57396
GO_CC	574
GO_CC	5740
GO_CC	57402
GO_CC	57403
GO_CC	57404
GO_CC	57405
GO_CC	57406
GO_CC	57407
GO_CC	57408
GO_CC	57409
GO_CC	5741
GO_CC	57410
GO_CC	57412
GO_CC	57414
GO_CC	57415
GO_CC	57419
GO_CC	5742
GO_CC	5743
GO_CC	5744
GO_CC	57446
GO_CC	57447
GO_CC	57448
GO_CC	57449
GO_CC	5745
GO_CC	57451
GO_CC	57452
GO_CC	57453
GO_CC	57455
GO_CC	57458
GO_CC	57459
GO_CC	5746
GO_CC	57460
GO_CC	57461
GO_CC	57462
GO_CC	57463
GO_CC	57464
GO_CC	57465
GO_CC	57466
GO_CC	57467
GO_CC	57468
GO_CC	5747
GO_CC	57471
GO_CC	57472
GO_CC	57475
GO_CC	57476
GO_CC	57477
GO_CC	57478
GO_CC	57479
GO_CC	57480
GO_CC	57481
GO_CC	57482
GO_CC	57484
GO_CC	57486
GO_CC	57488
GO_CC	57489
GO_CC	57492
GO_CC	57493
GO_CC	57494
GO_CC	57495
GO_CC	57496
GO_CC	57497
GO_CC	57498
GO_CC	575
GO_CC	57502
GO_CC	57504
GO_CC	57505
GO_CC	57506
GO_CC	57507
GO_CC	57508
GO_CC	57509
GO_CC	57510
GO_CC	57511
GO_CC	57512
GO_CC	57513
GO_CC	57514
GO_CC	57515
GO_CC	57519
GO_CC	57520
GO_CC	57521
GO_CC	57522
GO_CC	57523
GO_CC	57524
GO_CC	57526
GO_CC	57528
GO_CC	5753
GO_CC	57530
GO_CC	57531
GO_CC	57532
GO_CC	57533
GO_CC	57534
GO_CC	57535
GO_CC	57537
GO_CC	57538
GO_CC	57539
GO_CC	5754
GO_CC	57540
GO_CC	57541
GO_CC	57542
GO_CC	57544
GO_CC	57545
GO_CC	57546
GO_CC	57547
GO_CC	57549
GO_CC	57551
GO_CC	57552
GO_CC	57553
GO_CC	57554
GO_CC	57555
GO_CC	57556
GO_CC	57558
GO_CC	57559
GO_CC	5756
GO_CC	57560
GO_CC	57561
GO_CC	57562
GO_CC	57563
GO_CC	57565
GO_CC	57567
GO_CC	57568
GO_CC	57569
GO_CC	5757
GO_CC	57570
GO_CC	57571
GO_CC	57572
GO_CC	57573
GO_CC	57574
GO_CC	57575
GO_CC	57576
GO_CC	57578
GO_CC	57580
GO_CC	57582
GO_CC	57583
GO_CC	57584
GO_CC	57585
GO_CC	57586
GO_CC	57589
GO_CC	57590
GO_CC	57591
GO_CC	57592
GO_CC	57593
GO_CC	57594
GO_CC	57595
GO_CC	57596
GO_CC	57599
GO_CC	576
GO_CC	57600
GO_CC	57602
GO_CC	57604
GO_CC	57605
GO_CC	57606
GO_CC	57608
GO_CC	57609
GO_CC	57610
GO_CC	57611
GO_CC	57613
GO_CC	57614
GO_CC	57616
GO_CC	57617
GO_CC	57619
GO_CC	57620
GO_CC	57621
GO_CC	57622
GO_CC	57623
GO_CC	57626
GO_CC	57628
GO_CC	57630
GO_CC	57633
GO_CC	57634
GO_CC	57636
GO_CC	57639
GO_CC	5764
GO_CC	57642
GO_CC	57643
GO_CC	57644
GO_CC	57645
GO_CC	57646
GO_CC	57647
GO_CC	57649
GO_CC	57650
GO_CC	57654
GO_CC	57655
GO_CC	57657
GO_CC	57658
GO_CC	57659
GO_CC	57661
GO_CC	57662
GO_CC	57663
GO_CC	57664
GO_CC	57669
GO_CC	57670
GO_CC	57673
GO_CC	57674
GO_CC	57677
GO_CC	57678
GO_CC	57679
GO_CC	5768
GO_CC	57680
GO_CC	57684
GO_CC	57685
GO_CC	57688
GO_CC	57689
GO_CC	57690
GO_CC	57692
GO_CC	57693
GO_CC	57695
GO_CC	57696
GO_CC	57697
GO_CC	57698
GO_CC	57699
GO_CC	577
GO_CC	5770
GO_CC	57701
GO_CC	57703
GO_CC	57704
GO_CC	57705
GO_CC	57706
GO_CC	57707
GO_CC	57708
GO_CC	57709
GO_CC	5771
GO_CC	57710
GO_CC	57711
GO_CC	57713
GO_CC	57715
GO_CC	57716
GO_CC	57717
GO_CC	57718
GO_CC	57719
GO_CC	57720
GO_CC	57721
GO_CC	57722
GO_CC	57724
GO_CC	57727
GO_CC	57728
GO_CC	57731
GO_CC	57732
GO_CC	57733
GO_CC	5774
GO_CC	5775
GO_CC	57758
GO_CC	57761
GO_CC	57763
GO_CC	5777
GO_CC	5778
GO_CC	57786
GO_CC	57787
GO_CC	57794
GO_CC	57795
GO_CC	57798
GO_CC	57799
GO_CC	578
GO_CC	5780
GO_CC	57804
GO_CC	57805
GO_CC	5781
GO_CC	57817
GO_CC	57818
GO_CC	57819
GO_CC	5782
GO_CC	57820
GO_CC	57821
GO_CC	57822
GO_CC	57823
GO_CC	57826
GO_CC	57828
GO_CC	57829
GO_CC	5783
GO_CC	57834
GO_CC	57835
GO_CC	5784
GO_CC	5786
GO_CC	57862
GO_CC	57863
GO_CC	57864
GO_CC	5787
GO_CC	5788
GO_CC	5789
GO_CC	579
GO_CC	5791
GO_CC	5792
GO_CC	5793
GO_CC	5794
GO_CC	5795
GO_CC	5796
GO_CC	5797
GO_CC	5798
GO_CC	5799
GO_CC	58
GO_CC	580
GO_CC	5800
GO_CC	5801
GO_CC	5802
GO_CC	5803
GO_CC	5805
GO_CC	5806
GO_CC	581
GO_CC	5810
GO_CC	5813
GO_CC	5814
GO_CC	58155
GO_CC	58157
GO_CC	58158
GO_CC	5816
GO_CC	58160
GO_CC	5817
GO_CC	5818
GO_CC	58189
GO_CC	5819
GO_CC	58190
GO_CC	58191
GO_CC	582
GO_CC	5822
GO_CC	5824
GO_CC	5825
GO_CC	5826
GO_CC	5827
GO_CC	5828
GO_CC	5829
GO_CC	583
GO_CC	5830
GO_CC	5831
GO_CC	5832
GO_CC	5833
GO_CC	5834
GO_CC	5836
GO_CC	5837
GO_CC	58472
GO_CC	58473
GO_CC	58475
GO_CC	58476
GO_CC	58477
GO_CC	58478
GO_CC	58480
GO_CC	58483
GO_CC	58484
GO_CC	58485
GO_CC	58487
GO_CC	58488
GO_CC	58489
GO_CC	58490
GO_CC	58491
GO_CC	58492
GO_CC	58493
GO_CC	58494
GO_CC	58495
GO_CC	58497
GO_CC	58498
GO_CC	58499
GO_CC	585
GO_CC	58500
GO_CC	58503
GO_CC	58504
GO_CC	58505
GO_CC	58508
GO_CC	58509
GO_CC	58510
GO_CC	58511
GO_CC	58512
GO_CC	58513
GO_CC	58515
GO_CC	58516
GO_CC	58517
GO_CC	58524
GO_CC	58525
GO_CC	58526
GO_CC	58528
GO_CC	58529
GO_CC	58530
GO_CC	58531
GO_CC	58533
GO_CC	58538
GO_CC	5858
GO_CC	5859
GO_CC	586
GO_CC	5860
GO_CC	5861
GO_CC	5862
GO_CC	5863
GO_CC	5864
GO_CC	5865
GO_CC	5866
GO_CC	5867
GO_CC	5868
GO_CC	5869
GO_CC	587
GO_CC	5870
GO_CC	5871
GO_CC	5872
GO_CC	5873
GO_CC	5874
GO_CC	5875
GO_CC	5876
GO_CC	5877
GO_CC	5878
GO_CC	5879
GO_CC	5880
GO_CC	5881
GO_CC	5883
GO_CC	5884
GO_CC	5885
GO_CC	5886
GO_CC	5887
GO_CC	5888
GO_CC	5889
GO_CC	5890
GO_CC	5891
GO_CC	5892
GO_CC	5893
GO_CC	5894
GO_CC	5896
GO_CC	5897
GO_CC	5898
GO_CC	58985
GO_CC	58986
GO_CC	5899
GO_CC	59
GO_CC	590
GO_CC	5900
GO_CC	5901
GO_CC	5902
GO_CC	5903
GO_CC	5905
GO_CC	5906
GO_CC	59067
GO_CC	5908
GO_CC	59082
GO_CC	59084
GO_CC	5909
GO_CC	5910
GO_CC	5911
GO_CC	5912
GO_CC	5913
GO_CC	5914
GO_CC	5915
GO_CC	5916
GO_CC	5917
GO_CC	5918
GO_CC	5919
GO_CC	5920
GO_CC	5921
GO_CC	5922
GO_CC	5923
GO_CC	5924
GO_CC	5925
GO_CC	5926
GO_CC	59269
GO_CC	5927
GO_CC	59271
GO_CC	59272
GO_CC	59274
GO_CC	59277
GO_CC	5928
GO_CC	59283
GO_CC	59284
GO_CC	59285
GO_CC	59286
GO_CC	5929
GO_CC	593
GO_CC	5930
GO_CC	59307
GO_CC	5931
GO_CC	5932
GO_CC	5933
GO_CC	59336
GO_CC	59338
GO_CC	59339
GO_CC	5934
GO_CC	59340
GO_CC	59341
GO_CC	59342
GO_CC	59343
GO_CC	59344
GO_CC	59345
GO_CC	59347
GO_CC	59348
GO_CC	59349
GO_CC	5935
GO_CC	59350
GO_CC	59351
GO_CC	59352
GO_CC	59353
GO_CC	5936
GO_CC	5937
GO_CC	5939
GO_CC	594
GO_CC	5947
GO_CC	5948
GO_CC	594855
GO_CC	5949
GO_CC	595
GO_CC	5950
GO_CC	5954
GO_CC	5955
GO_CC	5957
GO_CC	5959
GO_CC	596
GO_CC	5961
GO_CC	5962
GO_CC	5965
GO_CC	5966
GO_CC	5967
GO_CC	5968
GO_CC	597
GO_CC	5970
GO_CC	5971
GO_CC	5972
GO_CC	5973
GO_CC	5976
GO_CC	5977
GO_CC	5978
GO_CC	5979
GO_CC	598
GO_CC	5980
GO_CC	5981
GO_CC	5982
GO_CC	5983
GO_CC	5984
GO_CC	5985
GO_CC	5986
GO_CC	5987
GO_CC	5988
GO_CC	5989
GO_CC	599
GO_CC	5990
GO_CC	5991
GO_CC	5992
GO_CC	5993
GO_CC	5994
GO_CC	5995
GO_CC	5996
GO_CC	5997
GO_CC	5998
GO_CC	5999
GO_CC	6000
GO_CC	6001
GO_CC	6002
GO_CC	6003
GO_CC	6004
GO_CC	6005
GO_CC	6007
GO_CC	6009
GO_CC	6010
GO_CC	6011
GO_CC	6013
GO_CC	6014
GO_CC	6015
GO_CC	6016
GO_CC	6017
GO_CC	6018
GO_CC	6019
GO_CC	602
GO_CC	60312
GO_CC	60313
GO_CC	60314
GO_CC	60343
GO_CC	6035
GO_CC	6036
GO_CC	6037
GO_CC	6038
GO_CC	60385
GO_CC	60386
GO_CC	6039
GO_CC	604
GO_CC	60401
GO_CC	6041
GO_CC	60412
GO_CC	60436
GO_CC	60437
GO_CC	6045
GO_CC	6046
GO_CC	60468
GO_CC	6047
GO_CC	6048
GO_CC	60481
GO_CC	60482
GO_CC	60484
GO_CC	60485
GO_CC	60487
GO_CC	60488
GO_CC	60489
GO_CC	6049
GO_CC	60490
GO_CC	60491
GO_CC	60492
GO_CC	60493
GO_CC	60494
GO_CC	60495
GO_CC	60496
GO_CC	605
GO_CC	6050
GO_CC	60506
GO_CC	60509
GO_CC	6051
GO_CC	60526
GO_CC	60528
GO_CC	60529
GO_CC	60558
GO_CC	60559
GO_CC	60560
GO_CC	60561
GO_CC	6059
GO_CC	60592
GO_CC	60598
GO_CC	60625
GO_CC	60626
GO_CC	606495
GO_CC	60673
GO_CC	60675
GO_CC	60676
GO_CC	60677
GO_CC	60678
GO_CC	60680
GO_CC	60681
GO_CC	60682
GO_CC	60684
GO_CC	60686
GO_CC	607
GO_CC	608
GO_CC	6091
GO_CC	6092
GO_CC	6093
GO_CC	6094
GO_CC	6095
GO_CC	6096
GO_CC	6097
GO_CC	6098
GO_CC	610
GO_CC	6100
GO_CC	6101
GO_CC	6102
GO_CC	6103
GO_CC	611
GO_CC	6117
GO_CC	6118
GO_CC	6119
GO_CC	6120
GO_CC	6121
GO_CC	6123
GO_CC	6124
GO_CC	6125
GO_CC	6129
GO_CC	613
GO_CC	6132
GO_CC	613212
GO_CC	6133
GO_CC	6134
GO_CC	6135
GO_CC	6137
GO_CC	6138
GO_CC	6141
GO_CC	6142
GO_CC	6143
GO_CC	6146
GO_CC	6150
GO_CC	6152
GO_CC	6155
GO_CC	6156
GO_CC	6157
GO_CC	6158
GO_CC	6160
GO_CC	6161
GO_CC	6164
GO_CC	6165
GO_CC	6166
GO_CC	6167
GO_CC	6168
GO_CC	6169
GO_CC	617
GO_CC	6170
GO_CC	6171
GO_CC	6173
GO_CC	6175
GO_CC	6176
GO_CC	6181
GO_CC	6182
GO_CC	6183
GO_CC	6184
GO_CC	6185
GO_CC	6188
GO_CC	6189
GO_CC	6192
GO_CC	619207
GO_CC	619279
GO_CC	6193
GO_CC	6194
GO_CC	6195
GO_CC	619505
GO_CC	6196
GO_CC	6197
GO_CC	6198
GO_CC	6199
GO_CC	6201
GO_CC	6202
GO_CC	6203
GO_CC	6205
GO_CC	6207
GO_CC	6208
GO_CC	6209
GO_CC	6210
GO_CC	6217
GO_CC	622
GO_CC	6222
GO_CC	6223
GO_CC	6224
GO_CC	6227
GO_CC	6228
GO_CC	6229
GO_CC	623
GO_CC	6230
GO_CC	6231
GO_CC	6232
GO_CC	6233
GO_CC	6234
GO_CC	6235
GO_CC	6236
GO_CC	6237
GO_CC	6238
GO_CC	6239
GO_CC	624
GO_CC	6240
GO_CC	6241
GO_CC	6242
GO_CC	6247
GO_CC	6249
GO_CC	6251
GO_CC	6252
GO_CC	6253
GO_CC	6256
GO_CC	6257
GO_CC	6258
GO_CC	6259
GO_CC	6261
GO_CC	6262
GO_CC	6263
GO_CC	627
GO_CC	6271
GO_CC	6272
GO_CC	6274
GO_CC	6275
GO_CC	6276
GO_CC	6277
GO_CC	6278
GO_CC	6279
GO_CC	6280
GO_CC	6281
GO_CC	6282
GO_CC	6283
GO_CC	6284
GO_CC	6285
GO_CC	6286
GO_CC	629
GO_CC	6291
GO_CC	6293
GO_CC	6294
GO_CC	6295
GO_CC	6296
GO_CC	6297
GO_CC	6299
GO_CC	6300
GO_CC	6301
GO_CC	6302
GO_CC	63027
GO_CC	6303
GO_CC	63035
GO_CC	6304
GO_CC	6305
GO_CC	6307
GO_CC	6309
GO_CC	631
GO_CC	6310
GO_CC	6311
GO_CC	6314
GO_CC	6317
GO_CC	6318
GO_CC	6319
GO_CC	6320
GO_CC	6322
GO_CC	6323
GO_CC	6324
GO_CC	6326
GO_CC	6327
GO_CC	6328
GO_CC	6329
GO_CC	633
GO_CC	6330
GO_CC	6331
GO_CC	6332
GO_CC	6334
GO_CC	6335
GO_CC	6336
GO_CC	6337
GO_CC	6338
GO_CC	6339
GO_CC	634
GO_CC	6340
GO_CC	6341
GO_CC	6342
GO_CC	6343
GO_CC	6344
GO_CC	6345
GO_CC	6346
GO_CC	6347
GO_CC	635
GO_CC	6351
GO_CC	6352
GO_CC	6354
GO_CC	6355
GO_CC	6356
GO_CC	6357
GO_CC	636
GO_CC	6360
GO_CC	6361
GO_CC	6362
GO_CC	6363
GO_CC	6364
GO_CC	6366
GO_CC	6367
GO_CC	6368
GO_CC	6369
GO_CC	637
GO_CC	6370
GO_CC	6372
GO_CC	6373
GO_CC	6374
GO_CC	6375
GO_CC	6376
GO_CC	638
GO_CC	6382
GO_CC	63826
GO_CC	63827
GO_CC	6383
GO_CC	6385
GO_CC	6386
GO_CC	6387
GO_CC	63874
GO_CC	63875
GO_CC	63876
GO_CC	6388
GO_CC	63891
GO_CC	63892
GO_CC	63893
GO_CC	63894
GO_CC	63895
GO_CC	63898
GO_CC	63899
GO_CC	639
GO_CC	6390
GO_CC	63901
GO_CC	63904
GO_CC	63905
GO_CC	63906
GO_CC	63908
GO_CC	6391
GO_CC	63910
GO_CC	63916
GO_CC	63917
GO_CC	6392
GO_CC	63920
GO_CC	63922
GO_CC	63923
GO_CC	63924
GO_CC	63925
GO_CC	63928
GO_CC	63929
GO_CC	63931
GO_CC	63932
GO_CC	63933
GO_CC	63934
GO_CC	63935
GO_CC	63939
GO_CC	63940
GO_CC	63941
GO_CC	63943
GO_CC	63946
GO_CC	63948
GO_CC	63950
GO_CC	63951
GO_CC	6396
GO_CC	63967
GO_CC	6397
GO_CC	63970
GO_CC	63971
GO_CC	63973
GO_CC	63974
GO_CC	63976
GO_CC	63977
GO_CC	63978
GO_CC	63979
GO_CC	6398
GO_CC	63982
GO_CC	6399
GO_CC	640
GO_CC	6400
GO_CC	64005
GO_CC	6401
GO_CC	6402
GO_CC	6403
GO_CC	6404
GO_CC	6405
GO_CC	6406
GO_CC	64061
GO_CC	64062
GO_CC	64063
GO_CC	64064
GO_CC	64065
GO_CC	64066
GO_CC	64067
GO_CC	6407
GO_CC	64072
GO_CC	64073
GO_CC	64077
GO_CC	64078
GO_CC	64080
GO_CC	64081
GO_CC	64083
GO_CC	64084
GO_CC	64087
GO_CC	64089
GO_CC	64090
GO_CC	64091
GO_CC	64092
GO_CC	64093
GO_CC	64094
GO_CC	64096
GO_CC	64097
GO_CC	64098
GO_CC	641
GO_CC	64100
GO_CC	64101
GO_CC	64102
GO_CC	64105
GO_CC	64106
GO_CC	64108
GO_CC	64109
GO_CC	64110
GO_CC	64111
GO_CC	64112
GO_CC	64114
GO_CC	64115
GO_CC	64116
GO_CC	64118
GO_CC	64121
GO_CC	64122
GO_CC	64123
GO_CC	64127
GO_CC	64130
GO_CC	64131
GO_CC	64132
GO_CC	641339
GO_CC	64135
GO_CC	64137
GO_CC	641372
GO_CC	641384
GO_CC	6414
GO_CC	64145
GO_CC	64147
GO_CC	64149
GO_CC	6415
GO_CC	64151
GO_CC	6416
GO_CC	641649
GO_CC	64167
GO_CC	64168
GO_CC	64170
GO_CC	641700
GO_CC	64172
GO_CC	64174
GO_CC	64175
GO_CC	6418
GO_CC	64180
GO_CC	64184
GO_CC	6419
GO_CC	642
GO_CC	64207
GO_CC	64208
GO_CC	6421
GO_CC	64210
GO_CC	64211
GO_CC	64215
GO_CC	64216
GO_CC	64218
GO_CC	64219
GO_CC	6422
GO_CC	64220
GO_CC	64221
GO_CC	64222
GO_CC	64223
GO_CC	64224
GO_CC	64225
GO_CC	642273
GO_CC	642280
GO_CC	6423
GO_CC	64231
GO_CC	64232
GO_CC	64236
GO_CC	6424
GO_CC	64240
GO_CC	64241
GO_CC	642475
GO_CC	6425
GO_CC	642597
GO_CC	6426
GO_CC	642636
GO_CC	6427
GO_CC	6428
GO_CC	642819
GO_CC	64282
GO_CC	64283
GO_CC	64284
GO_CC	64285
GO_CC	64288
GO_CC	6429
GO_CC	642938
GO_CC	642968
GO_CC	642987
GO_CC	643
GO_CC	6430
GO_CC	643008
GO_CC	643037
GO_CC	6431
GO_CC	643155
GO_CC	64318
GO_CC	6432
GO_CC	64320
GO_CC	64321
GO_CC	643236
GO_CC	64324
GO_CC	643246
GO_CC	64326
GO_CC	64327
GO_CC	64328
GO_CC	6433
GO_CC	64332
GO_CC	64333
GO_CC	643338
GO_CC	643376
GO_CC	6434
GO_CC	64342
GO_CC	64343
GO_CC	64344
GO_CC	643641
GO_CC	643677
GO_CC	64374
GO_CC	64375
GO_CC	64376
GO_CC	64377
GO_CC	643836
GO_CC	64386
GO_CC	643866
GO_CC	64388
GO_CC	6439
GO_CC	64393
GO_CC	64395
GO_CC	64397
GO_CC	64398
GO_CC	643988
GO_CC	64399
GO_CC	644
GO_CC	6440
GO_CC	64400
GO_CC	64403
GO_CC	64405
GO_CC	64407
GO_CC	64409
GO_CC	644096
GO_CC	6441
GO_CC	64410
GO_CC	64411
GO_CC	64412
GO_CC	644139
GO_CC	644150
GO_CC	64417
GO_CC	64418
GO_CC	644186
GO_CC	64419
GO_CC	6442
GO_CC	64420
GO_CC	64421
GO_CC	64422
GO_CC	64423
GO_CC	64425
GO_CC	64426
GO_CC	64428
GO_CC	64429
GO_CC	6443
GO_CC	64430
GO_CC	64431
GO_CC	64432
GO_CC	64434
GO_CC	644353
GO_CC	6444
GO_CC	64446
GO_CC	6445
GO_CC	644538
GO_CC	6446
GO_CC	6447
GO_CC	64478
GO_CC	6448
GO_CC	644815
GO_CC	644890
GO_CC	6449
GO_CC	644943
GO_CC	645
GO_CC	6450
GO_CC	64506
GO_CC	6451
GO_CC	64518
GO_CC	645191
GO_CC	6453
GO_CC	645323
GO_CC	645369
GO_CC	6455
GO_CC	6456
GO_CC	6457
GO_CC	64577
GO_CC	64579
GO_CC	64581
GO_CC	645811
GO_CC	64582
GO_CC	645832
GO_CC	645961
GO_CC	645974
GO_CC	64598
GO_CC	64599
GO_CC	646
GO_CC	64600
GO_CC	64601
GO_CC	646019
GO_CC	6461
GO_CC	6462
GO_CC	6464
GO_CC	64641
GO_CC	64645
GO_CC	646450
GO_CC	64651
GO_CC	646627
GO_CC	646658
GO_CC	6468
GO_CC	64682
GO_CC	64689
GO_CC	6469
GO_CC	64693
GO_CC	646962
GO_CC	64699
GO_CC	6470
GO_CC	64708
GO_CC	647087
GO_CC	64710
GO_CC	64711
GO_CC	647135
GO_CC	64714
GO_CC	64718
GO_CC	6472
GO_CC	647219
GO_CC	6473
GO_CC	647310
GO_CC	6474
GO_CC	64743
GO_CC	64744
GO_CC	64745
GO_CC	64746
GO_CC	64747
GO_CC	64748
GO_CC	64750
GO_CC	64753
GO_CC	64754
GO_CC	64755
GO_CC	64756
GO_CC	64757
GO_CC	647589
GO_CC	64759
GO_CC	6476
GO_CC	64761
GO_CC	64762
GO_CC	64763
GO_CC	64764
GO_CC	64766
GO_CC	64768
GO_CC	64769
GO_CC	6477
GO_CC	64770
GO_CC	64771
GO_CC	64772
GO_CC	64776
GO_CC	64777
GO_CC	64778
GO_CC	64779
GO_CC	6478
GO_CC	64780
GO_CC	64781
GO_CC	64782
GO_CC	64783
GO_CC	64784
GO_CC	64785
GO_CC	64786
GO_CC	64787
GO_CC	64788
GO_CC	64789
GO_CC	64792
GO_CC	64793
GO_CC	64794
GO_CC	64795
GO_CC	64798
GO_CC	64799
GO_CC	648
GO_CC	6480
GO_CC	64800
GO_CC	64801
GO_CC	64802
GO_CC	64805
GO_CC	64806
GO_CC	6482
GO_CC	6483
GO_CC	64834
GO_CC	64838
GO_CC	64839
GO_CC	6484
GO_CC	64840
GO_CC	64841
GO_CC	64843
GO_CC	64844
GO_CC	64847
GO_CC	64848
GO_CC	64849
GO_CC	64850
GO_CC	64852
GO_CC	64853
GO_CC	64854
GO_CC	64855
GO_CC	64856
GO_CC	64857
GO_CC	64858
GO_CC	64859
GO_CC	64863
GO_CC	64864
GO_CC	64866
GO_CC	6487
GO_CC	64881
GO_CC	6489
GO_CC	64895
GO_CC	64897
GO_CC	649
GO_CC	6490
GO_CC	64900
GO_CC	64901
GO_CC	64902
GO_CC	6491
GO_CC	64919
GO_CC	6492
GO_CC	64921
GO_CC	64922
GO_CC	64924
GO_CC	64926
GO_CC	64927
GO_CC	64928
GO_CC	6493
GO_CC	6494
GO_CC	64943
GO_CC	64949
GO_CC	6495
GO_CC	6496
GO_CC	64960
GO_CC	64963
GO_CC	64965
GO_CC	64968
GO_CC	64969
GO_CC	6497
GO_CC	64975
GO_CC	64976
GO_CC	64978
GO_CC	64979
GO_CC	6498
GO_CC	64981
GO_CC	64983
GO_CC	6499
GO_CC	650
GO_CC	6500
GO_CC	65003
GO_CC	65005
GO_CC	65008
GO_CC	65009
GO_CC	65010
GO_CC	65012
GO_CC	65018
GO_CC	6502
GO_CC	6503
GO_CC	6504
GO_CC	6505
GO_CC	65055
GO_CC	65056
GO_CC	65057
GO_CC	65059
GO_CC	6506
GO_CC	65061
GO_CC	65062
GO_CC	65065
GO_CC	6507
GO_CC	65078
GO_CC	6508
GO_CC	65080
GO_CC	65082
GO_CC	65083
GO_CC	65084
GO_CC	6509
GO_CC	65094
GO_CC	65095
GO_CC	651
GO_CC	6510
GO_CC	65108
GO_CC	65109
GO_CC	6511
GO_CC	65110
GO_CC	6512
GO_CC	65123
GO_CC	65125
GO_CC	6513
GO_CC	6514
GO_CC	6515
GO_CC	6517
GO_CC	6518
GO_CC	6519
GO_CC	652
GO_CC	6520
GO_CC	6521
GO_CC	65217
GO_CC	6522
GO_CC	65220
GO_CC	6523
GO_CC	6524
GO_CC	65243
GO_CC	65244
GO_CC	65249
GO_CC	6525
GO_CC	65250
GO_CC	65251
GO_CC	6526
GO_CC	65260
GO_CC	65263
GO_CC	65264
GO_CC	65266
GO_CC	65267
GO_CC	65268
GO_CC	6527
GO_CC	6528
GO_CC	6529
GO_CC	652968
GO_CC	653
GO_CC	6530
GO_CC	6531
GO_CC	653121
GO_CC	653145
GO_CC	653149
GO_CC	6532
GO_CC	653240
GO_CC	653275
GO_CC	6533
GO_CC	653308
GO_CC	653319
GO_CC	653390
GO_CC	6534
GO_CC	653423
GO_CC	6535
GO_CC	653505
GO_CC	6536
GO_CC	6538
GO_CC	653808
GO_CC	653857
GO_CC	6539
GO_CC	654
GO_CC	6540
GO_CC	6541
GO_CC	6542
GO_CC	654254
GO_CC	6543
GO_CC	654429
GO_CC	6545
GO_CC	6546
GO_CC	6547
GO_CC	6548
GO_CC	6549
GO_CC	655
GO_CC	6550
GO_CC	6553
GO_CC	6554
GO_CC	6555
GO_CC	6556
GO_CC	6557
GO_CC	6558
GO_CC	6559
GO_CC	656
GO_CC	6560
GO_CC	6561
GO_CC	6563
GO_CC	6564
GO_CC	6565
GO_CC	6566
GO_CC	6567
GO_CC	6568
GO_CC	6569
GO_CC	657
GO_CC	6570
GO_CC	6571
GO_CC	6572
GO_CC	6573
GO_CC	6574
GO_CC	6575
GO_CC	6576
GO_CC	6578
GO_CC	6579
GO_CC	658
GO_CC	6580
GO_CC	6581
GO_CC	6582
GO_CC	6583
GO_CC	6584
GO_CC	6585
GO_CC	6586
GO_CC	6588
GO_CC	659
GO_CC	6590
GO_CC	6591
GO_CC	6594
GO_CC	6595
GO_CC	6596
GO_CC	6597
GO_CC	65975
GO_CC	65977
GO_CC	65979
GO_CC	6598
GO_CC	65980
GO_CC	65981
GO_CC	65982
GO_CC	65983
GO_CC	65985
GO_CC	65986
GO_CC	65989
GO_CC	6599
GO_CC	65991
GO_CC	65992
GO_CC	65993
GO_CC	65998
GO_CC	65999
GO_CC	660
GO_CC	66000
GO_CC	66002
GO_CC	66004
GO_CC	66005
GO_CC	66008
GO_CC	6601
GO_CC	6602
GO_CC	6603
GO_CC	66035
GO_CC	66036
GO_CC	66037
GO_CC	6604
GO_CC	6605
GO_CC	6608
GO_CC	6609
GO_CC	661
GO_CC	6610
GO_CC	6611
GO_CC	6612
GO_CC	6613
GO_CC	6614
GO_CC	6615
GO_CC	6616
GO_CC	6617
GO_CC	6618
GO_CC	6619
GO_CC	662
GO_CC	6620
GO_CC	6621
GO_CC	6622
GO_CC	6623
GO_CC	6624
GO_CC	6625
GO_CC	6626
GO_CC	6627
GO_CC	6628
GO_CC	6629
GO_CC	663
GO_CC	6631
GO_CC	6632
GO_CC	6633
GO_CC	6634
GO_CC	6635
GO_CC	6636
GO_CC	6637
GO_CC	6638
GO_CC	664
GO_CC	6640
GO_CC	6641
GO_CC	6642
GO_CC	6643
GO_CC	6645
GO_CC	6646
GO_CC	6647
GO_CC	664701
GO_CC	6648
GO_CC	665
GO_CC	6650
GO_CC	6651
GO_CC	6652
GO_CC	6653
GO_CC	6654
GO_CC	6655
GO_CC	6656
GO_CC	6657
GO_CC	6658
GO_CC	6659
GO_CC	666
GO_CC	6660
GO_CC	6662
GO_CC	6663
GO_CC	6664
GO_CC	6665
GO_CC	6666
GO_CC	6667
GO_CC	6668
GO_CC	667
GO_CC	6670
GO_CC	6671
GO_CC	6672
GO_CC	6674
GO_CC	6675
GO_CC	6676
GO_CC	6677
GO_CC	6678
GO_CC	668
GO_CC	6683
GO_CC	6687
GO_CC	6688
GO_CC	6689
GO_CC	669
GO_CC	6690
GO_CC	6691
GO_CC	6692
GO_CC	6693
GO_CC	6694
GO_CC	6695
GO_CC	6696
GO_CC	6697
GO_CC	6698
GO_CC	6699
GO_CC	670
GO_CC	6706
GO_CC	6707
GO_CC	6708
GO_CC	6709
GO_CC	671
GO_CC	6710
GO_CC	6711
GO_CC	6712
GO_CC	6713
GO_CC	6714
GO_CC	6715
GO_CC	6716
GO_CC	6717
GO_CC	6718
GO_CC	672
GO_CC	6720
GO_CC	6721
GO_CC	6722
GO_CC	6723
GO_CC	6725
GO_CC	6726
GO_CC	6727
GO_CC	6728
GO_CC	6729
GO_CC	673
GO_CC	6730
GO_CC	6731
GO_CC	6732
GO_CC	6733
GO_CC	6734
GO_CC	6736
GO_CC	6737
GO_CC	6738
GO_CC	6741
GO_CC	6742
GO_CC	6744
GO_CC	6745
GO_CC	6746
GO_CC	6747
GO_CC	6748
GO_CC	6749
GO_CC	675
GO_CC	6750
GO_CC	6751
GO_CC	6752
GO_CC	6753
GO_CC	6754
GO_CC	6755
GO_CC	6756
GO_CC	676
GO_CC	6760
GO_CC	6764
GO_CC	6767
GO_CC	6768
GO_CC	6769
GO_CC	677
GO_CC	6770
GO_CC	6772
GO_CC	6773
GO_CC	6774
GO_CC	6775
GO_CC	6776
GO_CC	6777
GO_CC	677766
GO_CC	6778
GO_CC	677819
GO_CC	677824
GO_CC	677844
GO_CC	6779
GO_CC	678
GO_CC	6780
GO_CC	6781
GO_CC	6782
GO_CC	6783
GO_CC	6785
GO_CC	6786
GO_CC	6787
GO_CC	6788
GO_CC	6789
GO_CC	6790
GO_CC	6792
GO_CC	6793
GO_CC	6794
GO_CC	6795
GO_CC	680
GO_CC	6801
GO_CC	6804
GO_CC	6809
GO_CC	6810
GO_CC	6811
GO_CC	6812
GO_CC	6813
GO_CC	6814
GO_CC	6815
GO_CC	6817
GO_CC	6819
GO_CC	682
GO_CC	6820
GO_CC	6821
GO_CC	6822
GO_CC	6827
GO_CC	6829
GO_CC	683
GO_CC	6830
GO_CC	6832
GO_CC	6833
GO_CC	6834
GO_CC	6835
GO_CC	6836
GO_CC	6837
GO_CC	6838
GO_CC	6839
GO_CC	684
GO_CC	6840
GO_CC	6843
GO_CC	6844
GO_CC	6845
GO_CC	6847
GO_CC	685
GO_CC	6850
GO_CC	6853
GO_CC	6854
GO_CC	6855
GO_CC	6856
GO_CC	6857
GO_CC	686
GO_CC	6860
GO_CC	6861
GO_CC	6862
GO_CC	6863
GO_CC	6865
GO_CC	6866
GO_CC	6867
GO_CC	6868
GO_CC	6869
GO_CC	687
GO_CC	6870
GO_CC	6871
GO_CC	6872
GO_CC	6873
GO_CC	6874
GO_CC	6875
GO_CC	6876
GO_CC	6877
GO_CC	6878
GO_CC	6879
GO_CC	688
GO_CC	6881
GO_CC	6882
GO_CC	6883
GO_CC	6884
GO_CC	6885
GO_CC	6886
GO_CC	6887
GO_CC	6888
GO_CC	689
GO_CC	6890
GO_CC	6891
GO_CC	6892
GO_CC	6894
GO_CC	6895
GO_CC	6897
GO_CC	6898
GO_CC	6899
GO_CC	6900
GO_CC	6901
GO_CC	6902
GO_CC	6903
GO_CC	6904
GO_CC	6905
GO_CC	6906
GO_CC	6907
GO_CC	6908
GO_CC	6909
GO_CC	6910
GO_CC	6911
GO_CC	6913
GO_CC	6915
GO_CC	6916
GO_CC	6917
GO_CC	6919
GO_CC	6920
GO_CC	6921
GO_CC	692205
GO_CC	6923
GO_CC	6924
GO_CC	6925
GO_CC	6926
GO_CC	6927
GO_CC	6928
GO_CC	6929
GO_CC	6934
GO_CC	6935
GO_CC	6936
GO_CC	6938
GO_CC	6939
GO_CC	694
GO_CC	6940
GO_CC	6941
GO_CC	6942
GO_CC	6943
GO_CC	6944
GO_CC	6945
GO_CC	6947
GO_CC	6948
GO_CC	6949
GO_CC	695
GO_CC	6950
GO_CC	6954
GO_CC	696
GO_CC	6975
GO_CC	6978
GO_CC	6988
GO_CC	699
GO_CC	6990
GO_CC	6991
GO_CC	6992
GO_CC	6993
GO_CC	6996
GO_CC	6999
GO_CC	70
GO_CC	7001
GO_CC	7003
GO_CC	7004
GO_CC	7005
GO_CC	7006
GO_CC	7007
GO_CC	7008
GO_CC	7009
GO_CC	701
GO_CC	7010
GO_CC	7011
GO_CC	7013
GO_CC	7014
GO_CC	7015
GO_CC	7016
GO_CC	7018
GO_CC	7019
GO_CC	7020
GO_CC	7021
GO_CC	7022
GO_CC	7023
GO_CC	7024
GO_CC	7025
GO_CC	7026
GO_CC	7027
GO_CC	7029
GO_CC	7030
GO_CC	7031
GO_CC	7032
GO_CC	7033
GO_CC	7035
GO_CC	7036
GO_CC	7037
GO_CC	7038
GO_CC	7039
GO_CC	7040
GO_CC	7041
GO_CC	7042
GO_CC	7043
GO_CC	7044
GO_CC	7045
GO_CC	7046
GO_CC	7047
GO_CC	7048
GO_CC	7049
GO_CC	705
GO_CC	7050
GO_CC	7051
GO_CC	7052
GO_CC	7053
GO_CC	7054
GO_CC	7056
GO_CC	7057
GO_CC	7058
GO_CC	7059
GO_CC	706
GO_CC	7060
GO_CC	7062
GO_CC	7064
GO_CC	7066
GO_CC	7067
GO_CC	7068
GO_CC	7069
GO_CC	7070
GO_CC	7071
GO_CC	7072
GO_CC	7073
GO_CC	7074
GO_CC	7075
GO_CC	7076
GO_CC	7077
GO_CC	7078
GO_CC	7079
GO_CC	708
GO_CC	7080
GO_CC	7082
GO_CC	7083
GO_CC	7084
GO_CC	7086
GO_CC	7087
GO_CC	7088
GO_CC	7089
GO_CC	7090
GO_CC	7091
GO_CC	7092
GO_CC	7093
GO_CC	7094
GO_CC	7095
GO_CC	7096
GO_CC	7097
GO_CC	7098
GO_CC	7099
GO_CC	710
GO_CC	7100
GO_CC	7101
GO_CC	7102
GO_CC	7103
GO_CC	7104
GO_CC	7105
GO_CC	7106
GO_CC	7107
GO_CC	7108
GO_CC	7109
GO_CC	7110
GO_CC	7111
GO_CC	7112
GO_CC	7113
GO_CC	7114
GO_CC	712
GO_CC	7122
GO_CC	7124
GO_CC	7125
GO_CC	7126
GO_CC	7127
GO_CC	7128
GO_CC	713
GO_CC	7130
GO_CC	7132
GO_CC	7133
GO_CC	7134
GO_CC	7135
GO_CC	7136
GO_CC	7137
GO_CC	7138
GO_CC	7139
GO_CC	714
GO_CC	7140
GO_CC	7141
GO_CC	7142
GO_CC	7143
GO_CC	7145
GO_CC	7148
GO_CC	715
GO_CC	7150
GO_CC	7153
GO_CC	7155
GO_CC	7156
GO_CC	7157
GO_CC	7158
GO_CC	7159
GO_CC	716
GO_CC	7161
GO_CC	7162
GO_CC	7163
GO_CC	7164
GO_CC	7165
GO_CC	7166
GO_CC	7167
GO_CC	7168
GO_CC	7169
GO_CC	717
GO_CC	7170
GO_CC	7171
GO_CC	7172
GO_CC	7173
GO_CC	7174
GO_CC	7175
GO_CC	7177
GO_CC	7178
GO_CC	7179
GO_CC	718
GO_CC	7180
GO_CC	7181
GO_CC	7182
GO_CC	7184
GO_CC	7185
GO_CC	7186
GO_CC	7187
GO_CC	7188
GO_CC	7189
GO_CC	719
GO_CC	72
GO_CC	7200
GO_CC	7201
GO_CC	7203
GO_CC	7204
GO_CC	7205
GO_CC	7216
GO_CC	722
GO_CC	7220
GO_CC	7222
GO_CC	7223
GO_CC	7224
GO_CC	7225
GO_CC	7226
GO_CC	7227
GO_CC	7247
GO_CC	7248
GO_CC	7249
GO_CC	725
GO_CC	7251
GO_CC	7252
GO_CC	7253
GO_CC	7257
GO_CC	7258
GO_CC	7259
GO_CC	726
GO_CC	7260
GO_CC	7262
GO_CC	7263
GO_CC	7264
GO_CC	7265
GO_CC	7266
GO_CC	7267
GO_CC	7268
GO_CC	727
GO_CC	7270
GO_CC	7272
GO_CC	7273
GO_CC	7274
GO_CC	7275
GO_CC	7276
GO_CC	7277
GO_CC	727800
GO_CC	727837
GO_CC	727897
GO_CC	727910
GO_CC	727936
GO_CC	727957
GO_CC	728
GO_CC	7280
GO_CC	728116
GO_CC	728215
GO_CC	728224
GO_CC	728264
GO_CC	728294
GO_CC	7283
GO_CC	728361
GO_CC	7284
GO_CC	728489
GO_CC	728537
GO_CC	728568
GO_CC	7286
GO_CC	728606
GO_CC	728637
GO_CC	7287
GO_CC	7288
GO_CC	728819
GO_CC	7289
GO_CC	728927
GO_CC	729
GO_CC	7290
GO_CC	729059
GO_CC	729085
GO_CC	7291
GO_CC	7292
GO_CC	729230
GO_CC	729238
GO_CC	7293
GO_CC	729359
GO_CC	7294
GO_CC	729438
GO_CC	729440
GO_CC	7295
GO_CC	729515
GO_CC	7296
GO_CC	7297
GO_CC	7298
GO_CC	7299
GO_CC	729956
GO_CC	729967
GO_CC	729991
GO_CC	729993
GO_CC	730
GO_CC	730051
GO_CC	730094
GO_CC	7301
GO_CC	730112
GO_CC	730249
GO_CC	7305
GO_CC	7306
GO_CC	730755
GO_CC	731
GO_CC	7311
GO_CC	7314
GO_CC	7316
GO_CC	7317
GO_CC	7318
GO_CC	7319
GO_CC	732
GO_CC	7320
GO_CC	7321
GO_CC	7322
GO_CC	7323
GO_CC	7324
GO_CC	7325
GO_CC	7326
GO_CC	7327
GO_CC	7328
GO_CC	7329
GO_CC	733
GO_CC	7332
GO_CC	7334
GO_CC	7336
GO_CC	7337
GO_CC	734
GO_CC	7341
GO_CC	7342
GO_CC	7343
GO_CC	7345
GO_CC	7347
GO_CC	7348
GO_CC	7349
GO_CC	735
GO_CC	7350
GO_CC	7351
GO_CC	7352
GO_CC	7353
GO_CC	7355
GO_CC	7356
GO_CC	7357
GO_CC	7358
GO_CC	7360
GO_CC	7363
GO_CC	7366
GO_CC	7368
GO_CC	7369
GO_CC	7371
GO_CC	7372
GO_CC	7373
GO_CC	7374
GO_CC	7375
GO_CC	7376
GO_CC	7378
GO_CC	7379
GO_CC	738
GO_CC	7380
GO_CC	7381
GO_CC	7384
GO_CC	7385
GO_CC	7386
GO_CC	7388
GO_CC	7389
GO_CC	7390
GO_CC	7391
GO_CC	7398
GO_CC	7399
GO_CC	740
GO_CC	7401
GO_CC	7402
GO_CC	7403
GO_CC	7404
GO_CC	7405
GO_CC	7407
GO_CC	7408
GO_CC	7409
GO_CC	7410
GO_CC	7411
GO_CC	7412
GO_CC	7414
GO_CC	7415
GO_CC	7416
GO_CC	7417
GO_CC	7419
GO_CC	7421
GO_CC	7422
GO_CC	7423
GO_CC	7424
GO_CC	7428
GO_CC	7429
GO_CC	7430
GO_CC	7431
GO_CC	7432
GO_CC	7433
GO_CC	7434
GO_CC	7436
GO_CC	7439
GO_CC	7441
GO_CC	7442
GO_CC	7443
GO_CC	7444
GO_CC	7447
GO_CC	7448
GO_CC	745
GO_CC	7450
GO_CC	7453
GO_CC	7454
GO_CC	7455
GO_CC	7456
GO_CC	7458
GO_CC	746
GO_CC	7461
GO_CC	7462
GO_CC	7464
GO_CC	7465
GO_CC	7466
GO_CC	7468
GO_CC	7469
GO_CC	747
GO_CC	7471
GO_CC	7472
GO_CC	7474
GO_CC	7475
GO_CC	7476
GO_CC	7477
GO_CC	7478
GO_CC	7479
GO_CC	7480
GO_CC	7481
GO_CC	7482
GO_CC	7483
GO_CC	7484
GO_CC	7485
GO_CC	7486
GO_CC	7490
GO_CC	7494
GO_CC	7498
GO_CC	7499
GO_CC	7504
GO_CC	7507
GO_CC	7508
GO_CC	751071
GO_CC	7511
GO_CC	7512
GO_CC	7514
GO_CC	7515
GO_CC	7517
GO_CC	7518
GO_CC	752
GO_CC	7520
GO_CC	752014
GO_CC	7525
GO_CC	7528
GO_CC	7529
GO_CC	753
GO_CC	7531
GO_CC	7532
GO_CC	7533
GO_CC	7534
GO_CC	7535
GO_CC	7536
GO_CC	7538
GO_CC	7539
GO_CC	754
GO_CC	7541
GO_CC	7542
GO_CC	7543
GO_CC	7544
GO_CC	7545
GO_CC	7546
GO_CC	7547
GO_CC	7549
GO_CC	755
GO_CC	7551
GO_CC	7552
GO_CC	7553
GO_CC	7554
GO_CC	7555
GO_CC	7556
GO_CC	7559
GO_CC	7561
GO_CC	7564
GO_CC	7565
GO_CC	7566
GO_CC	7567
GO_CC	7569
GO_CC	757
GO_CC	7570
GO_CC	7571
GO_CC	7572
GO_CC	7574
GO_CC	7576
GO_CC	7579
GO_CC	758
GO_CC	7580
GO_CC	7581
GO_CC	7582
GO_CC	7584
GO_CC	7586
GO_CC	7587
GO_CC	7589
GO_CC	759
GO_CC	7592
GO_CC	7593
GO_CC	7596
GO_CC	7597
GO_CC	760
GO_CC	761
GO_CC	762
GO_CC	7621
GO_CC	7625
GO_CC	7626
GO_CC	7627
GO_CC	7629
GO_CC	763
GO_CC	7633
GO_CC	7634
GO_CC	7637
GO_CC	7639
GO_CC	7644
GO_CC	765
GO_CC	7652
GO_CC	766
GO_CC	767
GO_CC	7675
GO_CC	767579
GO_CC	7678
GO_CC	768
GO_CC	7681
GO_CC	768206
GO_CC	768211
GO_CC	768239
GO_CC	7690
GO_CC	7691
GO_CC	7692
GO_CC	7693
GO_CC	7694
GO_CC	7695
GO_CC	7697
GO_CC	7699
GO_CC	770
GO_CC	7700
GO_CC	7701
GO_CC	7702
GO_CC	7704
GO_CC	7705
GO_CC	7706
GO_CC	7707
GO_CC	7709
GO_CC	771
GO_CC	7710
GO_CC	7711
GO_CC	7712
GO_CC	7716
GO_CC	7718
GO_CC	7726
GO_CC	7727
GO_CC	7728
GO_CC	773
GO_CC	7732
GO_CC	7733
GO_CC	7737
GO_CC	7738
GO_CC	7739
GO_CC	774
GO_CC	7741
GO_CC	7743
GO_CC	7745
GO_CC	7746
GO_CC	7748
GO_CC	775
GO_CC	7750
GO_CC	7752
GO_CC	7753
GO_CC	7755
GO_CC	7756
GO_CC	7757
GO_CC	776
GO_CC	7761
GO_CC	7762
GO_CC	7763
GO_CC	7764
GO_CC	7766
GO_CC	7767
GO_CC	7768
GO_CC	7769
GO_CC	777
GO_CC	7770
GO_CC	7771
GO_CC	7772
GO_CC	7773
GO_CC	7775
GO_CC	7776
GO_CC	7779
GO_CC	778
GO_CC	7780
GO_CC	7781
GO_CC	7782
GO_CC	7783
GO_CC	7786
GO_CC	7789
GO_CC	779
GO_CC	7791
GO_CC	7798
GO_CC	7799
GO_CC	780
GO_CC	7802
GO_CC	7803
GO_CC	7804
GO_CC	7805
GO_CC	780776
GO_CC	7809
GO_CC	781
GO_CC	7812
GO_CC	7813
GO_CC	7818
GO_CC	782
GO_CC	7827
GO_CC	783
GO_CC	7832
GO_CC	7837
GO_CC	784
GO_CC	7840
GO_CC	7841
GO_CC	7844
GO_CC	7846
GO_CC	7849
GO_CC	785
GO_CC	7850
GO_CC	7851
GO_CC	7852
GO_CC	7855
GO_CC	7857
GO_CC	786
GO_CC	7862
GO_CC	7866
GO_CC	7867
GO_CC	7869
GO_CC	7871
GO_CC	7873
GO_CC	7874
GO_CC	7879
GO_CC	788
GO_CC	7881
GO_CC	7884
GO_CC	78986
GO_CC	78987
GO_CC	78988
GO_CC	78989
GO_CC	78990
GO_CC	78991
GO_CC	78992
GO_CC	78994
GO_CC	78995
GO_CC	78996
GO_CC	78997
GO_CC	78999
GO_CC	790
GO_CC	79000
GO_CC	79001
GO_CC	79003
GO_CC	79004
GO_CC	79006
GO_CC	79007
GO_CC	79009
GO_CC	79012
GO_CC	79016
GO_CC	79017
GO_CC	79018
GO_CC	79019
GO_CC	79022
GO_CC	79023
GO_CC	79024
GO_CC	79026
GO_CC	79027
GO_CC	79029
GO_CC	7903
GO_CC	79034
GO_CC	79035
GO_CC	79036
GO_CC	79037
GO_CC	79038
GO_CC	79039
GO_CC	79041
GO_CC	79042
GO_CC	79047
GO_CC	79048
GO_CC	7905
GO_CC	79050
GO_CC	79053
GO_CC	79054
GO_CC	79056
GO_CC	79057
GO_CC	79058
GO_CC	79064
GO_CC	79065
GO_CC	79066
GO_CC	79068
GO_CC	79070
GO_CC	79071
GO_CC	79072
GO_CC	79073
GO_CC	79074
GO_CC	79075
GO_CC	79077
GO_CC	79078
GO_CC	79080
GO_CC	79083
GO_CC	79084
GO_CC	79085
GO_CC	79086
GO_CC	79087
GO_CC	79088
GO_CC	79089
GO_CC	79090
GO_CC	79091
GO_CC	79092
GO_CC	79094
GO_CC	79095
GO_CC	790952
GO_CC	790955
GO_CC	79096
GO_CC	79097
GO_CC	79098
GO_CC	79101
GO_CC	79102
GO_CC	79104
GO_CC	79109
GO_CC	7913
GO_CC	79132
GO_CC	79133
GO_CC	79134
GO_CC	79135
GO_CC	79137
GO_CC	79139
GO_CC	79140
GO_CC	79142
GO_CC	79143
GO_CC	79145
GO_CC	79147
GO_CC	79148
GO_CC	79149
GO_CC	7915
GO_CC	79152
GO_CC	79153
GO_CC	79154
GO_CC	79155
GO_CC	79156
GO_CC	79157
GO_CC	79158
GO_CC	79159
GO_CC	79161
GO_CC	79165
GO_CC	79169
GO_CC	7917
GO_CC	79171
GO_CC	79172
GO_CC	79173
GO_CC	79174
GO_CC	79175
GO_CC	79176
GO_CC	79177
GO_CC	79178
GO_CC	79180
GO_CC	79183
GO_CC	79184
GO_CC	79187
GO_CC	79188
GO_CC	79191
GO_CC	79192
GO_CC	7920
GO_CC	7922
GO_CC	79228
GO_CC	7923
GO_CC	79230
GO_CC	79258
GO_CC	79269
GO_CC	793
GO_CC	7932
GO_CC	79339
GO_CC	79345
GO_CC	7936
GO_CC	79363
GO_CC	79364
GO_CC	79365
GO_CC	79366
GO_CC	79368
GO_CC	79369
GO_CC	79370
GO_CC	794
GO_CC	79400
GO_CC	7941
GO_CC	79411
GO_CC	79412
GO_CC	79413
GO_CC	79414
GO_CC	79415
GO_CC	7942
GO_CC	79441
GO_CC	79443
GO_CC	79444
GO_CC	79447
GO_CC	79465
GO_CC	79470
GO_CC	795
GO_CC	79541
GO_CC	79567
GO_CC	79568
GO_CC	7957
GO_CC	79570
GO_CC	79571
GO_CC	79572
GO_CC	79574
GO_CC	79576
GO_CC	79577
GO_CC	79581
GO_CC	79582
GO_CC	79583
GO_CC	79585
GO_CC	79586
GO_CC	79587
GO_CC	79589
GO_CC	79590
GO_CC	79591
GO_CC	79594
GO_CC	79595
GO_CC	79596
GO_CC	79598
GO_CC	796
GO_CC	79600
GO_CC	79602
GO_CC	79603
GO_CC	79605
GO_CC	79607
GO_CC	79608
GO_CC	79609
GO_CC	79611
GO_CC	79612
GO_CC	79613
GO_CC	79616
GO_CC	79618
GO_CC	79621
GO_CC	79622
GO_CC	79623
GO_CC	79625
GO_CC	79626
GO_CC	79627
GO_CC	79628
GO_CC	79629
GO_CC	79630
GO_CC	79631
GO_CC	79632
GO_CC	79633
GO_CC	79637
GO_CC	79639
GO_CC	79641
GO_CC	79642
GO_CC	79643
GO_CC	79644
GO_CC	79645
GO_CC	79646
GO_CC	79647
GO_CC	79648
GO_CC	79649
GO_CC	7965
GO_CC	79650
GO_CC	79651
GO_CC	79652
GO_CC	79654
GO_CC	79656
GO_CC	79657
GO_CC	79658
GO_CC	79659
GO_CC	79660
GO_CC	79661
GO_CC	79663
GO_CC	79664
GO_CC	79665
GO_CC	79666
GO_CC	79668
GO_CC	79669
GO_CC	79670
GO_CC	79671
GO_CC	79672
GO_CC	79673
GO_CC	79674
GO_CC	79675
GO_CC	79677
GO_CC	79679
GO_CC	79680
GO_CC	79682
GO_CC	79683
GO_CC	79685
GO_CC	79689
GO_CC	79690
GO_CC	79691
GO_CC	79692
GO_CC	79693
GO_CC	79694
GO_CC	79695
GO_CC	79697
GO_CC	79698
GO_CC	79699
GO_CC	797
GO_CC	79701
GO_CC	79703
GO_CC	79705
GO_CC	79707
GO_CC	79709
GO_CC	79710
GO_CC	79711
GO_CC	79712
GO_CC	79713
GO_CC	79714
GO_CC	79716
GO_CC	79717
GO_CC	79718
GO_CC	79719
GO_CC	79720
GO_CC	79723
GO_CC	79724
GO_CC	79726
GO_CC	79727
GO_CC	79728
GO_CC	79731
GO_CC	79733
GO_CC	79734
GO_CC	79735
GO_CC	79736
GO_CC	79738
GO_CC	79739
GO_CC	79742
GO_CC	79744
GO_CC	79745
GO_CC	79746
GO_CC	79747
GO_CC	79748
GO_CC	7975
GO_CC	79750
GO_CC	79751
GO_CC	79752
GO_CC	79753
GO_CC	79754
GO_CC	79755
GO_CC	79759
GO_CC	7976
GO_CC	79760
GO_CC	79762
GO_CC	79763
GO_CC	79767
GO_CC	79768
GO_CC	79770
GO_CC	79772
GO_CC	79774
GO_CC	79776
GO_CC	79777
GO_CC	79778
GO_CC	7978
GO_CC	79780
GO_CC	79781
GO_CC	79783
GO_CC	79784
GO_CC	79789
GO_CC	7979
GO_CC	79791
GO_CC	79792
GO_CC	79794
GO_CC	79796
GO_CC	79798
GO_CC	7980
GO_CC	79800
GO_CC	79801
GO_CC	79802
GO_CC	79803
GO_CC	79805
GO_CC	79807
GO_CC	79809
GO_CC	79810
GO_CC	79811
GO_CC	79812
GO_CC	79813
GO_CC	79814
GO_CC	79815
GO_CC	79816
GO_CC	79817
GO_CC	79818
GO_CC	79819
GO_CC	79820
GO_CC	79822
GO_CC	79823
GO_CC	79827
GO_CC	79828
GO_CC	79829
GO_CC	79830
GO_CC	79831
GO_CC	79832
GO_CC	79833
GO_CC	79834
GO_CC	79836
GO_CC	79837
GO_CC	79838
GO_CC	79839
GO_CC	7984
GO_CC	79840
GO_CC	79841
GO_CC	79842
GO_CC	79843
GO_CC	79845
GO_CC	79846
GO_CC	79847
GO_CC	79848
GO_CC	79849
GO_CC	79850
GO_CC	79852
GO_CC	79853
GO_CC	79856
GO_CC	79858
GO_CC	79861
GO_CC	79862
GO_CC	79863
GO_CC	79864
GO_CC	79865
GO_CC	79866
GO_CC	79867
GO_CC	79868
GO_CC	79869
GO_CC	79870
GO_CC	79871
GO_CC	79872
GO_CC	79873
GO_CC	79874
GO_CC	79875
GO_CC	79876
GO_CC	79877
GO_CC	79879
GO_CC	7988
GO_CC	79882
GO_CC	79884
GO_CC	79885
GO_CC	79887
GO_CC	79888
GO_CC	79890
GO_CC	79891
GO_CC	79892
GO_CC	79893
GO_CC	79894
GO_CC	79895
GO_CC	79896
GO_CC	79898
GO_CC	79899
GO_CC	799
GO_CC	79901
GO_CC	79902
GO_CC	79903
GO_CC	79905
GO_CC	79908
GO_CC	7991
GO_CC	79912
GO_CC	79913
GO_CC	79915
GO_CC	79918
GO_CC	79921
GO_CC	79922
GO_CC	79923
GO_CC	79924
GO_CC	79925
GO_CC	79929
GO_CC	7993
GO_CC	79930
GO_CC	79931
GO_CC	79932
GO_CC	79933
GO_CC	79934
GO_CC	79935
GO_CC	79937
GO_CC	79939
GO_CC	7994
GO_CC	79943
GO_CC	79944
GO_CC	79947
GO_CC	79953
GO_CC	79954
GO_CC	79955
GO_CC	79956
GO_CC	79957
GO_CC	79958
GO_CC	79959
GO_CC	79960
GO_CC	79961
GO_CC	79962
GO_CC	79966
GO_CC	79968
GO_CC	79969
GO_CC	79971
GO_CC	79973
GO_CC	79974
GO_CC	79977
GO_CC	79979
GO_CC	79980
GO_CC	79981
GO_CC	79982
GO_CC	79983
GO_CC	79986
GO_CC	79987
GO_CC	79989
GO_CC	79990
GO_CC	79991
GO_CC	79993
GO_CC	79998
GO_CC	800
GO_CC	8000
GO_CC	80000
GO_CC	80003
GO_CC	80004
GO_CC	80005
GO_CC	80006
GO_CC	80007
GO_CC	80008
GO_CC	8001
GO_CC	80010
GO_CC	80011
GO_CC	80012
GO_CC	80013
GO_CC	80014
GO_CC	80017
GO_CC	80018
GO_CC	80020
GO_CC	80021
GO_CC	80023
GO_CC	80024
GO_CC	80025
GO_CC	80028
GO_CC	80031
GO_CC	80032
GO_CC	80034
GO_CC	80036
GO_CC	80045
GO_CC	80055
GO_CC	80059
GO_CC	80063
GO_CC	80067
GO_CC	80070
GO_CC	80071
GO_CC	80086
GO_CC	80095
GO_CC	80099
GO_CC	801
GO_CC	80108
GO_CC	80110
GO_CC	80114
GO_CC	80115
GO_CC	80117
GO_CC	80119
GO_CC	80124
GO_CC	80125
GO_CC	80127
GO_CC	80128
GO_CC	80129
GO_CC	8013
GO_CC	80131
GO_CC	80135
GO_CC	80139
GO_CC	80142
GO_CC	80143
GO_CC	80144
GO_CC	80145
GO_CC	80146
GO_CC	80148
GO_CC	80149
GO_CC	80150
GO_CC	80152
GO_CC	80153
GO_CC	80155
GO_CC	80157
GO_CC	80162
GO_CC	80167
GO_CC	80168
GO_CC	80169
GO_CC	80173
GO_CC	80174
GO_CC	80176
GO_CC	80177
GO_CC	80178
GO_CC	80179
GO_CC	80183
GO_CC	80184
GO_CC	80185
GO_CC	8019
GO_CC	80194
GO_CC	80195
GO_CC	80196
GO_CC	80198
GO_CC	80199
GO_CC	80201
GO_CC	80204
GO_CC	80205
GO_CC	80206
GO_CC	80207
GO_CC	80208
GO_CC	8021
GO_CC	80210
GO_CC	80212
GO_CC	80213
GO_CC	80216
GO_CC	80217
GO_CC	80218
GO_CC	80219
GO_CC	8022
GO_CC	80221
GO_CC	80222
GO_CC	80223
GO_CC	80224
GO_CC	80227
GO_CC	80228
GO_CC	80230
GO_CC	80232
GO_CC	80233
GO_CC	80235
GO_CC	80237
GO_CC	80243
GO_CC	80254
GO_CC	80255
GO_CC	80256
GO_CC	80258
GO_CC	80262
GO_CC	80263
GO_CC	80267
GO_CC	8027
GO_CC	80270
GO_CC	80271
GO_CC	80273
GO_CC	80274
GO_CC	80279
GO_CC	8028
GO_CC	8029
GO_CC	80298
GO_CC	8030
GO_CC	80301
GO_CC	80303
GO_CC	80305
GO_CC	80306
GO_CC	80308
GO_CC	80309
GO_CC	8031
GO_CC	80310
GO_CC	80311
GO_CC	80312
GO_CC	80314
GO_CC	80315
GO_CC	80317
GO_CC	80318
GO_CC	80319
GO_CC	80320
GO_CC	80321
GO_CC	80323
GO_CC	80324
GO_CC	80325
GO_CC	80326
GO_CC	80328
GO_CC	80329
GO_CC	80331
GO_CC	80332
GO_CC	80333
GO_CC	80335
GO_CC	80336
GO_CC	80339
GO_CC	8034
GO_CC	80341
GO_CC	80342
GO_CC	80343
GO_CC	80344
GO_CC	80345
GO_CC	80346
GO_CC	80347
GO_CC	80349
GO_CC	80350
GO_CC	80351
GO_CC	80352
GO_CC	8036
GO_CC	8038
GO_CC	80380
GO_CC	80381
GO_CC	8045
GO_CC	8048
GO_CC	805
GO_CC	8050
GO_CC	8061
GO_CC	8065
GO_CC	80700
GO_CC	80704
GO_CC	80705
GO_CC	80709
GO_CC	80712
GO_CC	80714
GO_CC	80723
GO_CC	80724
GO_CC	80725
GO_CC	80726
GO_CC	80727
GO_CC	80728
GO_CC	8073
GO_CC	80731
GO_CC	80736
GO_CC	80737
GO_CC	80739
GO_CC	8074
GO_CC	80740
GO_CC	80741
GO_CC	80745
GO_CC	80746
GO_CC	80757
GO_CC	80758
GO_CC	80759
GO_CC	8076
GO_CC	80760
GO_CC	80762
GO_CC	80763
GO_CC	80764
GO_CC	80765
GO_CC	80772
GO_CC	80774
GO_CC	80775
GO_CC	80776
GO_CC	80777
GO_CC	80778
GO_CC	8078
GO_CC	80781
GO_CC	80789
GO_CC	8079
GO_CC	80790
GO_CC	80816
GO_CC	80817
GO_CC	80818
GO_CC	8082
GO_CC	80820
GO_CC	80821
GO_CC	80823
GO_CC	80824
GO_CC	80829
GO_CC	80830
GO_CC	80831
GO_CC	80832
GO_CC	80833
GO_CC	80834
GO_CC	80835
GO_CC	8085
GO_CC	80851
GO_CC	80852
GO_CC	80853
GO_CC	80854
GO_CC	80856
GO_CC	8086
GO_CC	8087
GO_CC	8089
GO_CC	80895
GO_CC	80896
GO_CC	8091
GO_CC	8092
GO_CC	80975
GO_CC	8099
GO_CC	81
GO_CC	810
GO_CC	8100
GO_CC	81027
GO_CC	81029
GO_CC	81030
GO_CC	81031
GO_CC	81033
GO_CC	81034
GO_CC	81035
GO_CC	81037
GO_CC	8106
GO_CC	811
GO_CC	8110
GO_CC	8111
GO_CC	8115
GO_CC	8120
GO_CC	8123
GO_CC	8125
GO_CC	8128
GO_CC	81285
GO_CC	813
GO_CC	8131
GO_CC	8139
GO_CC	814
GO_CC	8140
GO_CC	81472
GO_CC	8148
GO_CC	81490
GO_CC	81491
GO_CC	81492
GO_CC	81493
GO_CC	81494
GO_CC	815
GO_CC	81501
GO_CC	81502
GO_CC	8153
GO_CC	81532
GO_CC	81533
GO_CC	81537
GO_CC	81539
GO_CC	81542
GO_CC	81543
GO_CC	81544
GO_CC	81545
GO_CC	81550
GO_CC	81551
GO_CC	81552
GO_CC	81553
GO_CC	81554
GO_CC	81555
GO_CC	81556
GO_CC	81559
GO_CC	81562
GO_CC	81565
GO_CC	81566
GO_CC	81569
GO_CC	81570
GO_CC	81572
GO_CC	81573
GO_CC	81575
GO_CC	81576
GO_CC	81577
GO_CC	81578
GO_CC	81579
GO_CC	816
GO_CC	81602
GO_CC	81603
GO_CC	81605
GO_CC	81606
GO_CC	81607
GO_CC	81608
GO_CC	81609
GO_CC	8161
GO_CC	81610
GO_CC	81611
GO_CC	81614
GO_CC	81615
GO_CC	81616
GO_CC	81617
GO_CC	81618
GO_CC	81619
GO_CC	81620
GO_CC	81621
GO_CC	81622
GO_CC	81623
GO_CC	81624
GO_CC	81626
GO_CC	81627
GO_CC	81628
GO_CC	81629
GO_CC	81631
GO_CC	8165
GO_CC	81669
GO_CC	81689
GO_CC	81691
GO_CC	81693
GO_CC	81696
GO_CC	81697
GO_CC	817
GO_CC	8170
GO_CC	81704
GO_CC	81706
GO_CC	8174
GO_CC	8175
GO_CC	8178
GO_CC	81786
GO_CC	81789
GO_CC	81790
GO_CC	81792
GO_CC	81793
GO_CC	81794
GO_CC	81796
GO_CC	81797
GO_CC	818
GO_CC	81831
GO_CC	81832
GO_CC	81833
GO_CC	81839
GO_CC	81844
GO_CC	81846
GO_CC	81847
GO_CC	81848
GO_CC	81849
GO_CC	81850
GO_CC	81851
GO_CC	81853
GO_CC	81854
GO_CC	81855
GO_CC	81856
GO_CC	81857
GO_CC	81858
GO_CC	8187
GO_CC	81870
GO_CC	81871
GO_CC	81872
GO_CC	81873
GO_CC	81875
GO_CC	81887
GO_CC	81889
GO_CC	8189
GO_CC	81890
GO_CC	81892
GO_CC	81894
GO_CC	819
GO_CC	8190
GO_CC	8192
GO_CC	81926
GO_CC	81928
GO_CC	81929
GO_CC	8193
GO_CC	81930
GO_CC	81931
GO_CC	81932
GO_CC	8195
GO_CC	820
GO_CC	8200
GO_CC	8202
GO_CC	8204
GO_CC	8208
GO_CC	821
GO_CC	8216
GO_CC	8218
GO_CC	822
GO_CC	8220
GO_CC	8224
GO_CC	8225
GO_CC	8226
GO_CC	8227
GO_CC	8228
GO_CC	823
GO_CC	8237
GO_CC	8239
GO_CC	824
GO_CC	8241
GO_CC	8242
GO_CC	8243
GO_CC	825
GO_CC	826
GO_CC	8260
GO_CC	8266
GO_CC	8269
GO_CC	827
GO_CC	8270
GO_CC	8273
GO_CC	8277
GO_CC	828
GO_CC	8284
GO_CC	8287
GO_CC	8288
GO_CC	8289
GO_CC	829
GO_CC	8290
GO_CC	8291
GO_CC	8292
GO_CC	8294
GO_CC	8295
GO_CC	830
GO_CC	8301
GO_CC	8302
GO_CC	8303
GO_CC	8309
GO_CC	831
GO_CC	8310
GO_CC	8312
GO_CC	8313
GO_CC	8314
GO_CC	8315
GO_CC	8317
GO_CC	8318
GO_CC	832
GO_CC	8320
GO_CC	8321
GO_CC	8322
GO_CC	8323
GO_CC	8324
GO_CC	8325
GO_CC	8326
GO_CC	8328
GO_CC	833
GO_CC	8330
GO_CC	8332
GO_CC	8334
GO_CC	8335
GO_CC	8337
GO_CC	8339
GO_CC	83394
GO_CC	834
GO_CC	8340
GO_CC	83401
GO_CC	8341
GO_CC	83416
GO_CC	83417
GO_CC	8342
GO_CC	83439
GO_CC	83440
GO_CC	83442
GO_CC	83443
GO_CC	83444
GO_CC	83445
GO_CC	83446
GO_CC	83447
GO_CC	83448
GO_CC	83449
GO_CC	83450
GO_CC	83451
GO_CC	83452
GO_CC	83460
GO_CC	83461
GO_CC	83463
GO_CC	83464
GO_CC	83468
GO_CC	8347
GO_CC	83473
GO_CC	83475
GO_CC	83478
GO_CC	83479
GO_CC	8348
GO_CC	83480
GO_CC	83481
GO_CC	83482
GO_CC	83483
GO_CC	8349
GO_CC	835
GO_CC	8350
GO_CC	8352
GO_CC	8353
GO_CC	83538
GO_CC	83539
GO_CC	8354
GO_CC	83540
GO_CC	83541
GO_CC	83543
GO_CC	83544
GO_CC	83546
GO_CC	83547
GO_CC	83548
GO_CC	83549
GO_CC	83550
GO_CC	83551
GO_CC	8356
GO_CC	8357
GO_CC	8358
GO_CC	8359
GO_CC	83591
GO_CC	83592
GO_CC	83593
GO_CC	83594
GO_CC	83595
GO_CC	83596
GO_CC	83597
GO_CC	836
GO_CC	8360
GO_CC	83604
GO_CC	83605
GO_CC	83607
GO_CC	8361
GO_CC	83636
GO_CC	83637
GO_CC	83639
GO_CC	8364
GO_CC	83640
GO_CC	83642
GO_CC	83643
GO_CC	8365
GO_CC	83657
GO_CC	83658
GO_CC	83659
GO_CC	8366
GO_CC	83660
GO_CC	83661
GO_CC	83666
GO_CC	83667
GO_CC	8367
GO_CC	8368
GO_CC	8369
GO_CC	83690
GO_CC	83692
GO_CC	83693
GO_CC	83694
GO_CC	83695
GO_CC	83696
GO_CC	83697
GO_CC	83698
GO_CC	83699
GO_CC	837
GO_CC	83700
GO_CC	83706
GO_CC	83714
GO_CC	83715
GO_CC	83716
GO_CC	83719
GO_CC	8372
GO_CC	83729
GO_CC	83732
GO_CC	83733
GO_CC	83734
GO_CC	83737
GO_CC	83741
GO_CC	83742
GO_CC	83743
GO_CC	83744
GO_CC	83746
GO_CC	83752
GO_CC	83755
GO_CC	83758
GO_CC	83759
GO_CC	83786
GO_CC	83787
GO_CC	8379
GO_CC	83795
GO_CC	838
GO_CC	8382
GO_CC	8383
GO_CC	83844
GO_CC	83850
GO_CC	83852
GO_CC	83853
GO_CC	83854
GO_CC	83855
GO_CC	83856
GO_CC	83857
GO_CC	83858
GO_CC	83860
GO_CC	83861
GO_CC	83862
GO_CC	8387
GO_CC	83871
GO_CC	83872
GO_CC	83873
GO_CC	83874
GO_CC	83875
GO_CC	83876
GO_CC	83877
GO_CC	83879
GO_CC	83881
GO_CC	83882
GO_CC	83884
GO_CC	83886
GO_CC	83887
GO_CC	83888
GO_CC	8389
GO_CC	83890
GO_CC	83891
GO_CC	83892
GO_CC	83893
GO_CC	83894
GO_CC	83895
GO_CC	83896
GO_CC	83897
GO_CC	839
GO_CC	8390
GO_CC	83900
GO_CC	83902
GO_CC	83903
GO_CC	8392
GO_CC	83930
GO_CC	83931
GO_CC	83932
GO_CC	83933
GO_CC	83939
GO_CC	8394
GO_CC	83940
GO_CC	83941
GO_CC	83942
GO_CC	83943
GO_CC	8395
GO_CC	83953
GO_CC	83959
GO_CC	8396
GO_CC	8398
GO_CC	83983
GO_CC	83985
GO_CC	83986
GO_CC	83987
GO_CC	83988
GO_CC	83989
GO_CC	8399
GO_CC	83990
GO_CC	83992
GO_CC	83998
GO_CC	83999
GO_CC	840
GO_CC	84000
GO_CC	84002
GO_CC	8402
GO_CC	8403
GO_CC	84033
GO_CC	84034
GO_CC	8404
GO_CC	8405
GO_CC	84056
GO_CC	84057
GO_CC	84058
GO_CC	84059
GO_CC	8406
GO_CC	84060
GO_CC	84061
GO_CC	84062
GO_CC	84063
GO_CC	84064
GO_CC	84065
GO_CC	84066
GO_CC	84067
GO_CC	84068
GO_CC	84069
GO_CC	8407
GO_CC	84070
GO_CC	84072
GO_CC	84073
GO_CC	84074
GO_CC	84075
GO_CC	84076
GO_CC	84077
GO_CC	84078
GO_CC	84079
GO_CC	8408
GO_CC	84080
GO_CC	84081
GO_CC	84083
GO_CC	84085
GO_CC	8409
GO_CC	841
GO_CC	84100
GO_CC	84101
GO_CC	84102
GO_CC	84105
GO_CC	84106
GO_CC	84107
GO_CC	84108
GO_CC	84109
GO_CC	8411
GO_CC	8412
GO_CC	84124
GO_CC	84125
GO_CC	84126
GO_CC	84128
GO_CC	84131
GO_CC	84132
GO_CC	84133
GO_CC	84134
GO_CC	84135
GO_CC	84138
GO_CC	84140
GO_CC	84141
GO_CC	84142
GO_CC	84144
GO_CC	84146
GO_CC	84148
GO_CC	84152
GO_CC	84153
GO_CC	84154
GO_CC	84159
GO_CC	8416
GO_CC	84162
GO_CC	84163
GO_CC	84164
GO_CC	84166
GO_CC	84168
GO_CC	8417
GO_CC	84171
GO_CC	84172
GO_CC	84173
GO_CC	84174
GO_CC	84176
GO_CC	84179
GO_CC	8418
GO_CC	84181
GO_CC	84186
GO_CC	84187
GO_CC	84188
GO_CC	84189
GO_CC	8419
GO_CC	84191
GO_CC	84193
GO_CC	84196
GO_CC	84197
GO_CC	842
GO_CC	84203
GO_CC	84206
GO_CC	84215
GO_CC	84216
GO_CC	84217
GO_CC	84219
GO_CC	84221
GO_CC	84222
GO_CC	84223
GO_CC	84224
GO_CC	84225
GO_CC	84226
GO_CC	84229
GO_CC	84230
GO_CC	84231
GO_CC	84232
GO_CC	84233
GO_CC	84236
GO_CC	84239
GO_CC	8424
GO_CC	84240
GO_CC	84243
GO_CC	84245
GO_CC	84246
GO_CC	84248
GO_CC	84249
GO_CC	8425
GO_CC	84250
GO_CC	84251
GO_CC	84254
GO_CC	84255
GO_CC	84256
GO_CC	84258
GO_CC	84259
GO_CC	84260
GO_CC	84261
GO_CC	84262
GO_CC	84263
GO_CC	84265
GO_CC	84266
GO_CC	84268
GO_CC	84269
GO_CC	8427
GO_CC	84270
GO_CC	84271
GO_CC	84272
GO_CC	84273
GO_CC	84274
GO_CC	84275
GO_CC	84276
GO_CC	84277
GO_CC	84278
GO_CC	84279
GO_CC	8428
GO_CC	84280
GO_CC	84281
GO_CC	84282
GO_CC	84283
GO_CC	84284
GO_CC	84285
GO_CC	84286
GO_CC	84287
GO_CC	84288
GO_CC	84289
GO_CC	84290
GO_CC	84292
GO_CC	84293
GO_CC	84294
GO_CC	84295
GO_CC	84296
GO_CC	84298
GO_CC	84299
GO_CC	843
GO_CC	84300
GO_CC	84301
GO_CC	84302
GO_CC	84303
GO_CC	84304
GO_CC	84305
GO_CC	84306
GO_CC	84307
GO_CC	84309
GO_CC	8431
GO_CC	84310
GO_CC	84311
GO_CC	84312
GO_CC	84313
GO_CC	84314
GO_CC	84315
GO_CC	84316
GO_CC	84317
GO_CC	84318
GO_CC	84324
GO_CC	84327
GO_CC	84329
GO_CC	84330
GO_CC	84332
GO_CC	84333
GO_CC	84334
GO_CC	84335
GO_CC	84336
GO_CC	84337
GO_CC	8434
GO_CC	84340
GO_CC	84342
GO_CC	84343
GO_CC	8435
GO_CC	8436
GO_CC	84364
GO_CC	84365
GO_CC	84366
GO_CC	8437
GO_CC	84376
GO_CC	8438
GO_CC	8439
GO_CC	844
GO_CC	8440
GO_CC	84417
GO_CC	84418
GO_CC	84419
GO_CC	8443
GO_CC	84432
GO_CC	84433
GO_CC	84435
GO_CC	84437
GO_CC	84439
GO_CC	8444
GO_CC	84440
GO_CC	84441
GO_CC	84443
GO_CC	84444
GO_CC	84445
GO_CC	84446
GO_CC	84447
GO_CC	84448
GO_CC	84449
GO_CC	8445
GO_CC	84450
GO_CC	84451
GO_CC	84455
GO_CC	84456
GO_CC	84457
GO_CC	84458
GO_CC	8446
GO_CC	84460
GO_CC	84461
GO_CC	84464
GO_CC	84465
GO_CC	84466
GO_CC	84467
GO_CC	8447
GO_CC	8448
GO_CC	8449
GO_CC	84498
GO_CC	845
GO_CC	8450
GO_CC	84501
GO_CC	84503
GO_CC	84504
GO_CC	8451
GO_CC	84513
GO_CC	84514
GO_CC	84515
GO_CC	84516
GO_CC	84517
GO_CC	84518
GO_CC	84519
GO_CC	8452
GO_CC	84520
GO_CC	84522
GO_CC	84524
GO_CC	84525
GO_CC	84527
GO_CC	84529
GO_CC	8453
GO_CC	84530
GO_CC	84532
GO_CC	84536
GO_CC	84539
GO_CC	8454
GO_CC	84541
GO_CC	84545
GO_CC	84547
GO_CC	84548
GO_CC	84549
GO_CC	8455
GO_CC	84552
GO_CC	84553
GO_CC	84557
GO_CC	8456
GO_CC	84560
GO_CC	84561
GO_CC	84569
GO_CC	84570
GO_CC	84572
GO_CC	8458
GO_CC	8459
GO_CC	846
GO_CC	8460
GO_CC	84612
GO_CC	84614
GO_CC	84616
GO_CC	84617
GO_CC	84618
GO_CC	84619
GO_CC	8462
GO_CC	84620
GO_CC	84622
GO_CC	84623
GO_CC	84624
GO_CC	84626
GO_CC	84627
GO_CC	84628
GO_CC	84629
GO_CC	8463
GO_CC	84630
GO_CC	84631
GO_CC	84632
GO_CC	84634
GO_CC	84636
GO_CC	84639
GO_CC	8464
GO_CC	84640
GO_CC	84641
GO_CC	84643
GO_CC	84647
GO_CC	84648
GO_CC	84649
GO_CC	84650
GO_CC	84651
GO_CC	84654
GO_CC	84656
GO_CC	84658
GO_CC	84659
GO_CC	84660
GO_CC	84661
GO_CC	84662
GO_CC	84665
GO_CC	84666
GO_CC	84667
GO_CC	84668
GO_CC	84669
GO_CC	8467
GO_CC	84671
GO_CC	84675
GO_CC	84676
GO_CC	84678
GO_CC	84679
GO_CC	8468
GO_CC	84681
GO_CC	84684
GO_CC	84687
GO_CC	84688
GO_CC	84689
GO_CC	84690
GO_CC	84691
GO_CC	84693
GO_CC	84694
GO_CC	84695
GO_CC	84696
GO_CC	84699
GO_CC	847
GO_CC	8470
GO_CC	84700
GO_CC	84701
GO_CC	84705
GO_CC	84706
GO_CC	84707
GO_CC	84708
GO_CC	84709
GO_CC	8471
GO_CC	84717
GO_CC	84720
GO_CC	84722
GO_CC	84725
GO_CC	84727
GO_CC	8473
GO_CC	84733
GO_CC	84735
GO_CC	84747
GO_CC	84749
GO_CC	84750
GO_CC	84752
GO_CC	84759
GO_CC	8476
GO_CC	84765
GO_CC	84766
GO_CC	84767
GO_CC	84769
GO_CC	8477
GO_CC	84775
GO_CC	84779
GO_CC	84787
GO_CC	8479
GO_CC	84792
GO_CC	84795
GO_CC	8480
GO_CC	84803
GO_CC	84804
GO_CC	84807
GO_CC	84808
GO_CC	8481
GO_CC	84811
GO_CC	84812
GO_CC	84814
GO_CC	84816
GO_CC	84817
GO_CC	84818
GO_CC	8482
GO_CC	84823
GO_CC	84824
GO_CC	84826
GO_CC	8483
GO_CC	84830
GO_CC	84833
GO_CC	84836
GO_CC	84838
GO_CC	84839
GO_CC	84842
GO_CC	84844
GO_CC	84851
GO_CC	84858
GO_CC	84859
GO_CC	84861
GO_CC	84864
GO_CC	84866
GO_CC	84867
GO_CC	84868
GO_CC	84869
GO_CC	8487
GO_CC	84870
GO_CC	84871
GO_CC	84872
GO_CC	84873
GO_CC	84874
GO_CC	84875
GO_CC	84876
GO_CC	84878
GO_CC	84879
GO_CC	84881
GO_CC	84883
GO_CC	84885
GO_CC	84886
GO_CC	84888
GO_CC	84889
GO_CC	84890
GO_CC	84891
GO_CC	84892
GO_CC	84893
GO_CC	84894
GO_CC	84895
GO_CC	84896
GO_CC	84897
GO_CC	84898
GO_CC	84899
GO_CC	8490
GO_CC	84900
GO_CC	84901
GO_CC	84902
GO_CC	84904
GO_CC	84905
GO_CC	84909
GO_CC	8491
GO_CC	84910
GO_CC	84911
GO_CC	84912
GO_CC	84913
GO_CC	84914
GO_CC	84916
GO_CC	84918
GO_CC	84919
GO_CC	8492
GO_CC	84920
GO_CC	84922
GO_CC	84924
GO_CC	84925
GO_CC	84928
GO_CC	84929
GO_CC	8493
GO_CC	84930
GO_CC	84932
GO_CC	84934
GO_CC	84935
GO_CC	84936
GO_CC	84937
GO_CC	84938
GO_CC	84939
GO_CC	84940
GO_CC	84941
GO_CC	84942
GO_CC	84944
GO_CC	84945
GO_CC	84946
GO_CC	84947
GO_CC	84948
GO_CC	8495
GO_CC	84950
GO_CC	84951
GO_CC	84952
GO_CC	84954
GO_CC	84955
GO_CC	84957
GO_CC	84958
GO_CC	84959
GO_CC	8496
GO_CC	84961
GO_CC	84962
GO_CC	84964
GO_CC	84966
GO_CC	84967
GO_CC	84969
GO_CC	8497
GO_CC	84971
GO_CC	84973
GO_CC	84975
GO_CC	84976
GO_CC	84978
GO_CC	8498
GO_CC	84984
GO_CC	84985
GO_CC	84986
GO_CC	84987
GO_CC	84988
GO_CC	8499
GO_CC	84991
GO_CC	84993
GO_CC	8500
GO_CC	85004
GO_CC	85007
GO_CC	8501
GO_CC	85012
GO_CC	85013
GO_CC	85014
GO_CC	85015
GO_CC	85016
GO_CC	8502
GO_CC	85021
GO_CC	85025
GO_CC	85027
GO_CC	85028
GO_CC	8503
GO_CC	8504
GO_CC	8505
GO_CC	8506
GO_CC	8507
GO_CC	8508
GO_CC	8509
GO_CC	8513
GO_CC	8514
GO_CC	8515
GO_CC	8516
GO_CC	8517
GO_CC	8518
GO_CC	8519
GO_CC	8520
GO_CC	8521
GO_CC	8522
GO_CC	85236
GO_CC	8525
GO_CC	8526
GO_CC	8527
GO_CC	8528
GO_CC	85285
GO_CC	85289
GO_CC	85290
GO_CC	85291
GO_CC	85293
GO_CC	8530
GO_CC	85300
GO_CC	85301
GO_CC	85302
GO_CC	8531
GO_CC	85313
GO_CC	85315
GO_CC	85320
GO_CC	85329
GO_CC	8533
GO_CC	8534
GO_CC	8535
GO_CC	85352
GO_CC	85358
GO_CC	85359
GO_CC	8536
GO_CC	85360
GO_CC	85363
GO_CC	85364
GO_CC	85365
GO_CC	85366
GO_CC	85369
GO_CC	8537
GO_CC	85377
GO_CC	85378
GO_CC	85379
GO_CC	8538
GO_CC	8539
GO_CC	85395
GO_CC	85397
GO_CC	8540
GO_CC	85403
GO_CC	85406
GO_CC	85407
GO_CC	85409
GO_CC	8541
GO_CC	85413
GO_CC	85414
GO_CC	85415
GO_CC	85416
GO_CC	85417
GO_CC	8542
GO_CC	8543
GO_CC	85437
GO_CC	85438
GO_CC	85439
GO_CC	8544
GO_CC	85440
GO_CC	85441
GO_CC	85442
GO_CC	85443
GO_CC	85444
GO_CC	85445
GO_CC	85446
GO_CC	85449
GO_CC	8545
GO_CC	85450
GO_CC	85451
GO_CC	85452
GO_CC	85453
GO_CC	85455
GO_CC	85456
GO_CC	85457
GO_CC	85458
GO_CC	85459
GO_CC	8546
GO_CC	85460
GO_CC	85461
GO_CC	85462
GO_CC	85463
GO_CC	85464
GO_CC	85465
GO_CC	8547
GO_CC	85476
GO_CC	85477
GO_CC	85478
GO_CC	85479
GO_CC	8548
GO_CC	85480
GO_CC	85481
GO_CC	8549
GO_CC	85495
GO_CC	8550
GO_CC	85509
GO_CC	8553
GO_CC	8554
GO_CC	8555
GO_CC	8556
GO_CC	85569
GO_CC	8557
GO_CC	8558
GO_CC	8559
GO_CC	8560
GO_CC	8562
GO_CC	8563
GO_CC	8564
GO_CC	8565
GO_CC	8566
GO_CC	8567
GO_CC	8568
GO_CC	8569
GO_CC	857
GO_CC	8570
GO_CC	8572
GO_CC	8573
GO_CC	8574
GO_CC	8575
GO_CC	8576
GO_CC	8578
GO_CC	858
GO_CC	8581
GO_CC	85865
GO_CC	859
GO_CC	8590
GO_CC	86
GO_CC	860
GO_CC	8600
GO_CC	8601
GO_CC	8602
GO_CC	8604
GO_CC	8605
GO_CC	8607
GO_CC	8608
GO_CC	8609
GO_CC	8611
GO_CC	8612
GO_CC	8613
GO_CC	8614
GO_CC	8615
GO_CC	8618
GO_CC	862
GO_CC	8620
GO_CC	8621
GO_CC	8622
GO_CC	8623
GO_CC	8624
GO_CC	8625
GO_CC	8626
GO_CC	8629
GO_CC	863
GO_CC	8630
GO_CC	8631
GO_CC	8632
GO_CC	8633
GO_CC	8634
GO_CC	8635
GO_CC	8636
GO_CC	8638
GO_CC	8639
GO_CC	864
GO_CC	8642
GO_CC	8643
GO_CC	8644
GO_CC	8645
GO_CC	8646
GO_CC	8647
GO_CC	8648
GO_CC	8649
GO_CC	865
GO_CC	8650
GO_CC	8651
GO_CC	8653
GO_CC	8654
GO_CC	8655
GO_CC	8658
GO_CC	8659
GO_CC	866
GO_CC	8660
GO_CC	8661
GO_CC	8662
GO_CC	8664
GO_CC	8665
GO_CC	8666
GO_CC	8667
GO_CC	8668
GO_CC	8669
GO_CC	867
GO_CC	8671
GO_CC	8672
GO_CC	8673
GO_CC	8674
GO_CC	8675
GO_CC	8676
GO_CC	8677
GO_CC	8678
GO_CC	868
GO_CC	8682
GO_CC	8683
GO_CC	8685
GO_CC	8687
GO_CC	8688
GO_CC	8689
GO_CC	869
GO_CC	8690
GO_CC	8692
GO_CC	8694
GO_CC	8697
GO_CC	8698
GO_CC	87
GO_CC	8701
GO_CC	8702
GO_CC	8703
GO_CC	8704
GO_CC	8705
GO_CC	8706
GO_CC	8707
GO_CC	8708
GO_CC	871
GO_CC	8710
GO_CC	8714
GO_CC	8715
GO_CC	8717
GO_CC	87178
GO_CC	8718
GO_CC	8720
GO_CC	8721
GO_CC	8722
GO_CC	8723
GO_CC	8725
GO_CC	8726
GO_CC	8727
GO_CC	8728
GO_CC	8729
GO_CC	873
GO_CC	8731
GO_CC	8732
GO_CC	8735
GO_CC	8736
GO_CC	8737
GO_CC	8738
GO_CC	8739
GO_CC	874
GO_CC	8740
GO_CC	8742
GO_CC	8743
GO_CC	8744
GO_CC	8745
GO_CC	8747
GO_CC	8748
GO_CC	8749
GO_CC	8751
GO_CC	8754
GO_CC	8756
GO_CC	8760
GO_CC	8761
GO_CC	8763
GO_CC	8764
GO_CC	8766
GO_CC	8767
GO_CC	8772
GO_CC	8773
GO_CC	8774
GO_CC	8775
GO_CC	8776
GO_CC	87769
GO_CC	8777
GO_CC	8778
GO_CC	8780
GO_CC	8784
GO_CC	8785
GO_CC	8786
GO_CC	8787
GO_CC	8788
GO_CC	8789
GO_CC	8790
GO_CC	8792
GO_CC	8793
GO_CC	8794
GO_CC	8795
GO_CC	8796
GO_CC	8797
GO_CC	8798
GO_CC	8799
GO_CC	88
GO_CC	8800
GO_CC	8801
GO_CC	8802
GO_CC	8803
GO_CC	8804
GO_CC	8805
GO_CC	8807
GO_CC	8808
GO_CC	8809
GO_CC	881
GO_CC	8811
GO_CC	8812
GO_CC	8813
GO_CC	8814
GO_CC	8815
GO_CC	8816
GO_CC	8817
GO_CC	8818
GO_CC	8819
GO_CC	8820
GO_CC	8821
GO_CC	8822
GO_CC	8823
GO_CC	8824
GO_CC	8825
GO_CC	8826
GO_CC	8828
GO_CC	8829
GO_CC	883
GO_CC	8831
GO_CC	8832
GO_CC	8833
GO_CC	8834
GO_CC	8835
GO_CC	8836
GO_CC	8837
GO_CC	8838
GO_CC	8839
GO_CC	8840
GO_CC	8841
GO_CC	8842
GO_CC	8843
GO_CC	8844
GO_CC	88455
GO_CC	8846
GO_CC	8848
GO_CC	885
GO_CC	8850
GO_CC	8851
GO_CC	8852
GO_CC	8853
GO_CC	8854
GO_CC	8856
GO_CC	8857
GO_CC	8858
GO_CC	8859
GO_CC	886
GO_CC	8861
GO_CC	8862
GO_CC	8863
GO_CC	8864
GO_CC	8867
GO_CC	8869
GO_CC	887
GO_CC	8870
GO_CC	8871
GO_CC	8872
GO_CC	8874
GO_CC	88745
GO_CC	8875
GO_CC	8876
GO_CC	8877
GO_CC	8878
GO_CC	8879
GO_CC	8880
GO_CC	8881
GO_CC	8882
GO_CC	8883
GO_CC	8884
GO_CC	8886
GO_CC	8887
GO_CC	8888
GO_CC	889
GO_CC	8890
GO_CC	8891
GO_CC	8892
GO_CC	8893
GO_CC	8894
GO_CC	8895
GO_CC	8896
GO_CC	8897
GO_CC	8898
GO_CC	8899
GO_CC	89
GO_CC	890
GO_CC	8900
GO_CC	8904
GO_CC	8905
GO_CC	8906
GO_CC	8907
GO_CC	8908
GO_CC	8909
GO_CC	891
GO_CC	8910
GO_CC	8911
GO_CC	8912
GO_CC	89122
GO_CC	8913
GO_CC	8914
GO_CC	8915
GO_CC	892
GO_CC	8924
GO_CC	8925
GO_CC	8927
GO_CC	8928
GO_CC	8929
GO_CC	8930
GO_CC	8932
GO_CC	8934
GO_CC	8935
GO_CC	8936
GO_CC	8939
GO_CC	894
GO_CC	8940
GO_CC	8941
GO_CC	8942
GO_CC	8943
GO_CC	8945
GO_CC	896
GO_CC	8968
GO_CC	8969
GO_CC	8970
GO_CC	8971
GO_CC	8972
GO_CC	8973
GO_CC	8974
GO_CC	8975
GO_CC	8976
GO_CC	89765
GO_CC	89766
GO_CC	89777
GO_CC	89778
GO_CC	89781
GO_CC	89782
GO_CC	89790
GO_CC	89792
GO_CC	89795
GO_CC	89796
GO_CC	89797
GO_CC	898
GO_CC	89801
GO_CC	89822
GO_CC	89845
GO_CC	89846
GO_CC	89848
GO_CC	89849
GO_CC	8985
GO_CC	89853
GO_CC	89857
GO_CC	8986
GO_CC	89866
GO_CC	89869
GO_CC	8987
GO_CC	89870
GO_CC	89872
GO_CC	89874
GO_CC	89876
GO_CC	8988
GO_CC	89882
GO_CC	89884
GO_CC	89885
GO_CC	89886
GO_CC	89887
GO_CC	8989
GO_CC	89890
GO_CC	89891
GO_CC	89894
GO_CC	899
GO_CC	8991
GO_CC	89910
GO_CC	8992
GO_CC	89927
GO_CC	8993
GO_CC	89932
GO_CC	8994
GO_CC	89941
GO_CC	89944
GO_CC	8995
GO_CC	89953
GO_CC	89958
GO_CC	8996
GO_CC	8997
GO_CC	89970
GO_CC	89978
GO_CC	8999
GO_CC	9
GO_CC	90
GO_CC	900
GO_CC	90007
GO_CC	9001
GO_CC	90011
GO_CC	90019
GO_CC	9002
GO_CC	90025
GO_CC	90050
GO_CC	90060
GO_CC	90070
GO_CC	90075
GO_CC	901
GO_CC	90102
GO_CC	90120
GO_CC	90121
GO_CC	9013
GO_CC	90134
GO_CC	90135
GO_CC	90139
GO_CC	9014
GO_CC	90141
GO_CC	9015
GO_CC	9016
GO_CC	90161
GO_CC	90167
GO_CC	90187
GO_CC	9019
GO_CC	90196
GO_CC	90199
GO_CC	902
GO_CC	9020
GO_CC	90203
GO_CC	90204
GO_CC	9021
GO_CC	9022
GO_CC	9023
GO_CC	90231
GO_CC	90233
GO_CC	9024
GO_CC	90249
GO_CC	9025
GO_CC	9026
GO_CC	90268
GO_CC	9027
GO_CC	90273
GO_CC	9028
GO_CC	90293
GO_CC	9031
GO_CC	90313
GO_CC	90317
GO_CC	9032
GO_CC	90321
GO_CC	90324
GO_CC	9033
GO_CC	90332
GO_CC	90333
GO_CC	90338
GO_CC	9034
GO_CC	90342
GO_CC	90355
GO_CC	90362
GO_CC	9037
GO_CC	90378
GO_CC	90379
GO_CC	9038
GO_CC	90381
GO_CC	9039
GO_CC	90390
GO_CC	904
GO_CC	9040
GO_CC	90407
GO_CC	90410
GO_CC	90411
GO_CC	90416
GO_CC	90417
GO_CC	90423
GO_CC	90427
GO_CC	9043
GO_CC	9044
GO_CC	90441
GO_CC	9045
GO_CC	90459
GO_CC	9046
GO_CC	9047
GO_CC	9048
GO_CC	90480
GO_CC	90488
GO_CC	9049
GO_CC	905
GO_CC	9050
GO_CC	90506
GO_CC	90507
GO_CC	9051
GO_CC	9052
GO_CC	90522
GO_CC	90523
GO_CC	90527
GO_CC	90529
GO_CC	9053
GO_CC	9054
GO_CC	9055
GO_CC	90550
GO_CC	9056
GO_CC	9057
GO_CC	9058
GO_CC	90580
GO_CC	90589
GO_CC	90592
GO_CC	90594
GO_CC	9060
GO_CC	9061
GO_CC	90624
GO_CC	90625
GO_CC	90627
GO_CC	9063
GO_CC	90637
GO_CC	90639
GO_CC	90655
GO_CC	9066
GO_CC	90668
GO_CC	90673
GO_CC	90678
GO_CC	9068
GO_CC	9069
GO_CC	90693
GO_CC	9070
GO_CC	90701
GO_CC	9071
GO_CC	9073
GO_CC	9074
GO_CC	9075
GO_CC	9076
GO_CC	9077
GO_CC	90780
GO_CC	9079
GO_CC	90799
GO_CC	908
GO_CC	9080
GO_CC	90806
GO_CC	90809
GO_CC	90826
GO_CC	90827
GO_CC	9083
GO_CC	90835
GO_CC	90843
GO_CC	9085
GO_CC	90850
GO_CC	90853
GO_CC	9086
GO_CC	90861
GO_CC	90864
GO_CC	90865
GO_CC	9087
GO_CC	90871
GO_CC	90874
GO_CC	909
GO_CC	9091
GO_CC	9092
GO_CC	9093
GO_CC	90933
GO_CC	9094
GO_CC	9095
GO_CC	90952
GO_CC	90956
GO_CC	9096
GO_CC	9097
GO_CC	9098
GO_CC	90987
GO_CC	9099
GO_CC	90990
GO_CC	90993
GO_CC	91
GO_CC	910
GO_CC	9100
GO_CC	9101
GO_CC	91010
GO_CC	91012
GO_CC	9103
GO_CC	91039
GO_CC	9104
GO_CC	91057
GO_CC	9107
GO_CC	9108
GO_CC	911
GO_CC	9110
GO_CC	91107
GO_CC	9111
GO_CC	9112
GO_CC	91120
GO_CC	9113
GO_CC	91133
GO_CC	91137
GO_CC	9114
GO_CC	91147
GO_CC	91151
GO_CC	91156
GO_CC	9117
GO_CC	91179
GO_CC	9118
GO_CC	91181
GO_CC	9119
GO_CC	912
GO_CC	9120
GO_CC	9121
GO_CC	9122
GO_CC	9123
GO_CC	9124
GO_CC	9125
GO_CC	91252
GO_CC	9126
GO_CC	9127
GO_CC	91272
GO_CC	9128
GO_CC	91289
GO_CC	9129
GO_CC	913
GO_CC	9130
GO_CC	91300
GO_CC	91304
GO_CC	9131
GO_CC	91319
GO_CC	9132
GO_CC	9133
GO_CC	9134
GO_CC	9135
GO_CC	91351
GO_CC	9136
GO_CC	91369
GO_CC	9138
GO_CC	9139
GO_CC	91392
GO_CC	914
GO_CC	9140
GO_CC	91404
GO_CC	9141
GO_CC	91419
GO_CC	9143
GO_CC	91433
GO_CC	9144
GO_CC	91445
GO_CC	9145
GO_CC	91452
GO_CC	9146
GO_CC	91461
GO_CC	91464
GO_CC	9147
GO_CC	9148
GO_CC	9149
GO_CC	915
GO_CC	9150
GO_CC	9152
GO_CC	91522
GO_CC	9153
GO_CC	9154
GO_CC	91543
GO_CC	91544
GO_CC	9156
GO_CC	91574
GO_CC	9158
GO_CC	91582
GO_CC	91584
GO_CC	9159
GO_CC	916
GO_CC	91603
GO_CC	91607
GO_CC	91608
GO_CC	91614
GO_CC	9162
GO_CC	91624
GO_CC	91646
GO_CC	91647
GO_CC	91653
GO_CC	9166
GO_CC	91661
GO_CC	91662
GO_CC	91663
GO_CC	9167
GO_CC	9168
GO_CC	91683
GO_CC	91687
GO_CC	91689
GO_CC	9169
GO_CC	91694
GO_CC	917
GO_CC	9170
GO_CC	91703
GO_CC	9172
GO_CC	9173
GO_CC	91734
GO_CC	91746
GO_CC	91748
GO_CC	91749
GO_CC	9175
GO_CC	91750
GO_CC	91752
GO_CC	91754
GO_CC	91768
GO_CC	9177
GO_CC	91775
GO_CC	91782
GO_CC	9179
GO_CC	9180
GO_CC	91801
GO_CC	91807
GO_CC	9181
GO_CC	9182
GO_CC	91828
GO_CC	9183
GO_CC	91833
GO_CC	9184
GO_CC	9185
GO_CC	91851
GO_CC	91860
GO_CC	91862
GO_CC	91869
GO_CC	9187
GO_CC	91875
GO_CC	9188
GO_CC	9189
GO_CC	91893
GO_CC	919
GO_CC	9191
GO_CC	91937
GO_CC	9194
GO_CC	91942
GO_CC	91947
GO_CC	91949
GO_CC	9196
GO_CC	9197
GO_CC	91975
GO_CC	91977
GO_CC	91978
GO_CC	92
GO_CC	920
GO_CC	9200
GO_CC	92002
GO_CC	9201
GO_CC	92014
GO_CC	9203
GO_CC	9204
GO_CC	9205
GO_CC	92070
GO_CC	9208
GO_CC	92092
GO_CC	921
GO_CC	9210
GO_CC	92104
GO_CC	92105
GO_CC	92106
GO_CC	9211
GO_CC	9212
GO_CC	92126
GO_CC	92129
GO_CC	9213
GO_CC	9214
GO_CC	92140
GO_CC	9215
GO_CC	92154
GO_CC	92162
GO_CC	9217
GO_CC	92170
GO_CC	9218
GO_CC	92181
GO_CC	9219
GO_CC	92196
GO_CC	922
GO_CC	9221
GO_CC	92211
GO_CC	9223
GO_CC	92235
GO_CC	92241
GO_CC	92255
GO_CC	92259
GO_CC	9227
GO_CC	9228
GO_CC	92283
GO_CC	92285
GO_CC	9229
GO_CC	92291
GO_CC	92292
GO_CC	92293
GO_CC	923
GO_CC	9230
GO_CC	92304
GO_CC	92305
GO_CC	9231
GO_CC	92312
GO_CC	92335
GO_CC	92342
GO_CC	92344
GO_CC	92345
GO_CC	9235
GO_CC	92359
GO_CC	92369
GO_CC	92370
GO_CC	9238
GO_CC	92399
GO_CC	924
GO_CC	9240
GO_CC	92400
GO_CC	9241
GO_CC	9242
GO_CC	92421
GO_CC	9244
GO_CC	9245
GO_CC	9246
GO_CC	9247
GO_CC	9248
GO_CC	92482
GO_CC	92483
GO_CC	9249
GO_CC	925
GO_CC	9252
GO_CC	92521
GO_CC	9253
GO_CC	9254
GO_CC	9255
GO_CC	92552
GO_CC	92558
GO_CC	9256
GO_CC	92565
GO_CC	92579
GO_CC	9258
GO_CC	92591
GO_CC	92595
GO_CC	92597
GO_CC	926
GO_CC	9260
GO_CC	92609
GO_CC	9261
GO_CC	92610
GO_CC	9262
GO_CC	9263
GO_CC	9265
GO_CC	9266
GO_CC	92667
GO_CC	9267
GO_CC	92675
GO_CC	92689
GO_CC	92691
GO_CC	9270
GO_CC	9271
GO_CC	92714
GO_CC	92715
GO_CC	92736
GO_CC	92737
GO_CC	9274
GO_CC	92745
GO_CC	92747
GO_CC	92749
GO_CC	9275
GO_CC	9276
GO_CC	9277
GO_CC	9278
GO_CC	92797
GO_CC	92799
GO_CC	928
GO_CC	92806
GO_CC	92815
GO_CC	9282
GO_CC	92822
GO_CC	9283
GO_CC	92840
GO_CC	92856
GO_CC	9287
GO_CC	9288
GO_CC	9289
GO_CC	929
GO_CC	9290
GO_CC	92906
GO_CC	92912
GO_CC	92922
GO_CC	9293
GO_CC	92935
GO_CC	9294
GO_CC	92949
GO_CC	9295
GO_CC	9296
GO_CC	92960
GO_CC	92979
GO_CC	92999
GO_CC	93
GO_CC	930
GO_CC	93010
GO_CC	93034
GO_CC	93035
GO_CC	93058
GO_CC	9306
GO_CC	9308
GO_CC	93082
GO_CC	93099
GO_CC	931
GO_CC	9310
GO_CC	93100
GO_CC	93107
GO_CC	93109
GO_CC	9312
GO_CC	93129
GO_CC	9313
GO_CC	93134
GO_CC	9314
GO_CC	93145
GO_CC	9315
GO_CC	93166
GO_CC	9317
GO_CC	9318
GO_CC	93183
GO_CC	93185
GO_CC	9319
GO_CC	93190
GO_CC	932
GO_CC	9320
GO_CC	9321
GO_CC	93210
GO_CC	9322
GO_CC	9324
GO_CC	9325
GO_CC	9326
GO_CC	93273
GO_CC	9328
GO_CC	9329
GO_CC	933
GO_CC	9330
GO_CC	9331
GO_CC	9332
GO_CC	93323
GO_CC	9333
GO_CC	9334
GO_CC	93343
GO_CC	93349
GO_CC	9337
GO_CC	93377
GO_CC	9338
GO_CC	93380
GO_CC	9340
GO_CC	93408
GO_CC	9341
GO_CC	9342
GO_CC	93426
GO_CC	9343
GO_CC	93432
GO_CC	93436
GO_CC	9344
GO_CC	93474
GO_CC	9348
GO_CC	9349
GO_CC	9350
GO_CC	9351
GO_CC	93517
GO_CC	9352
GO_CC	9353
GO_CC	9354
GO_CC	9355
GO_CC	9356
GO_CC	9358
GO_CC	93587
GO_CC	93589
GO_CC	93594
GO_CC	9360
GO_CC	9361
GO_CC	93611
GO_CC	9362
GO_CC	93621
GO_CC	93624
GO_CC	93627
GO_CC	9363
GO_CC	9364
GO_CC	93643
GO_CC	93649
GO_CC	9365
GO_CC	93661
GO_CC	93663
GO_CC	93664
GO_CC	9367
GO_CC	9368
GO_CC	9369
GO_CC	9370
GO_CC	9371
GO_CC	9372
GO_CC	9373
GO_CC	9374
GO_CC	9375
GO_CC	9376
GO_CC	9377
GO_CC	9378
GO_CC	9379
GO_CC	9380
GO_CC	9381
GO_CC	9382
GO_CC	9388
GO_CC	9389
GO_CC	939
GO_CC	9390
GO_CC	9391
GO_CC	9392
GO_CC	9394
GO_CC	93953
GO_CC	9397
GO_CC	93973
GO_CC	93974
GO_CC	93979
GO_CC	9398
GO_CC	93986
GO_CC	9399
GO_CC	94
GO_CC	940
GO_CC	9400
GO_CC	94005
GO_CC	9401
GO_CC	94015
GO_CC	9402
GO_CC	94025
GO_CC	94026
GO_CC	9403
GO_CC	94030
GO_CC	94031
GO_CC	94032
GO_CC	94039
GO_CC	9404
GO_CC	94056
GO_CC	9406
GO_CC	9407
GO_CC	94081
GO_CC	94086
GO_CC	9409
GO_CC	94097
GO_CC	941
GO_CC	9410
GO_CC	94101
GO_CC	94103
GO_CC	94104
GO_CC	94107
GO_CC	9411
GO_CC	9412
GO_CC	94120
GO_CC	94121
GO_CC	94122
GO_CC	9413
GO_CC	94134
GO_CC	94137
GO_CC	9414
GO_CC	9415
GO_CC	9416
GO_CC	94160
GO_CC	9419
GO_CC	942
GO_CC	9420
GO_CC	9421
GO_CC	9422
GO_CC	9423
GO_CC	94233
GO_CC	94234
GO_CC	94235
GO_CC	94239
GO_CC	9424
GO_CC	94241
GO_CC	9425
GO_CC	9427
GO_CC	94274
GO_CC	9429
GO_CC	943
GO_CC	9435
GO_CC	9436
GO_CC	9437
GO_CC	9439
GO_CC	944
GO_CC	9440
GO_CC	9441
GO_CC	9442
GO_CC	9443
GO_CC	9444
GO_CC	9445
GO_CC	9446
GO_CC	9447
GO_CC	9448
GO_CC	945
GO_CC	9450
GO_CC	9451
GO_CC	9452
GO_CC	9453
GO_CC	9454
GO_CC	9455
GO_CC	9456
GO_CC	9457
GO_CC	9459
GO_CC	9462
GO_CC	9463
GO_CC	9464
GO_CC	9465
GO_CC	9466
GO_CC	9467
GO_CC	9468
GO_CC	9469
GO_CC	947
GO_CC	9470
GO_CC	9472
GO_CC	9473
GO_CC	9474
GO_CC	9475
GO_CC	9476
GO_CC	9477
GO_CC	9478
GO_CC	9479
GO_CC	948
GO_CC	9480
GO_CC	9481
GO_CC	9482
GO_CC	9486
GO_CC	9487
GO_CC	9488
GO_CC	9489
GO_CC	949
GO_CC	9491
GO_CC	9493
GO_CC	9495
GO_CC	9496
GO_CC	9497
GO_CC	9498
GO_CC	9499
GO_CC	95
GO_CC	950
GO_CC	9500
GO_CC	9501
GO_CC	9506
GO_CC	9507
GO_CC	9508
GO_CC	9509
GO_CC	951
GO_CC	9510
GO_CC	9512
GO_CC	9513
GO_CC	9514
GO_CC	9515
GO_CC	9516
GO_CC	9517
GO_CC	9518
GO_CC	9519
GO_CC	952
GO_CC	9520
GO_CC	9521
GO_CC	9522
GO_CC	9524
GO_CC	9525
GO_CC	9526
GO_CC	9527
GO_CC	9528
GO_CC	9529
GO_CC	953
GO_CC	9530
GO_CC	9531
GO_CC	9532
GO_CC	9533
GO_CC	9534
GO_CC	9535
GO_CC	9536
GO_CC	9537
GO_CC	9538
GO_CC	954
GO_CC	9540
GO_CC	9541
GO_CC	9542
GO_CC	9543
GO_CC	9545
GO_CC	9546
GO_CC	9547
GO_CC	955
GO_CC	9550
GO_CC	9551
GO_CC	9552
GO_CC	9553
GO_CC	9554
GO_CC	9555
GO_CC	9556
GO_CC	9557
GO_CC	9559
GO_CC	956
GO_CC	9562
GO_CC	9563
GO_CC	9564
GO_CC	9567
GO_CC	9568
GO_CC	95681
GO_CC	9569
GO_CC	957
GO_CC	9570
GO_CC	9573
GO_CC	9575
GO_CC	9576
GO_CC	9577
GO_CC	9578
GO_CC	958
GO_CC	9580
GO_CC	9581
GO_CC	9582
GO_CC	9583
GO_CC	9584
GO_CC	9585
GO_CC	9586
GO_CC	9587
GO_CC	9588
GO_CC	9589
GO_CC	959
GO_CC	9590
GO_CC	9592
GO_CC	9595
GO_CC	960
GO_CC	9600
GO_CC	9601
GO_CC	9603
GO_CC	9604
GO_CC	9605
GO_CC	9607
GO_CC	9609
GO_CC	961
GO_CC	9610
GO_CC	9611
GO_CC	9612
GO_CC	9615
GO_CC	9616
GO_CC	9617
GO_CC	9618
GO_CC	9619
GO_CC	962
GO_CC	9620
GO_CC	9622
GO_CC	9625
GO_CC	9626
GO_CC	9627
GO_CC	9628
GO_CC	963
GO_CC	9630
GO_CC	9631
GO_CC	9632
GO_CC	9633
GO_CC	9635
GO_CC	9636
GO_CC	9637
GO_CC	9638
GO_CC	9639
GO_CC	9640
GO_CC	9641
GO_CC	9643
GO_CC	9644
GO_CC	9645
GO_CC	96459
GO_CC	9646
GO_CC	9647
GO_CC	9648
GO_CC	9649
GO_CC	965
GO_CC	9650
GO_CC	9651
GO_CC	9652
GO_CC	9653
GO_CC	9654
GO_CC	9655
GO_CC	9656
GO_CC	9657
GO_CC	9658
GO_CC	9659
GO_CC	966
GO_CC	9662
GO_CC	9663
GO_CC	9665
GO_CC	9666
GO_CC	9667
GO_CC	9668
GO_CC	9669
GO_CC	967
GO_CC	9670
GO_CC	9671
GO_CC	9672
GO_CC	9673
GO_CC	9674
GO_CC	9675
GO_CC	96764
GO_CC	9677
GO_CC	9678
GO_CC	9679
GO_CC	968
GO_CC	9681
GO_CC	9682
GO_CC	9683
GO_CC	9684
GO_CC	9685
GO_CC	9686
GO_CC	9687
GO_CC	9688
GO_CC	9689
GO_CC	969
GO_CC	9690
GO_CC	9692
GO_CC	9693
GO_CC	9694
GO_CC	9695
GO_CC	9696
GO_CC	9697
GO_CC	9698
GO_CC	9699
GO_CC	970
GO_CC	9700
GO_CC	9701
GO_CC	9702
GO_CC	9703
GO_CC	9704
GO_CC	9705
GO_CC	9706
GO_CC	9708
GO_CC	9709
GO_CC	971
GO_CC	9710
GO_CC	9711
GO_CC	9712
GO_CC	9715
GO_CC	9716
GO_CC	9717
GO_CC	9718
GO_CC	9719
GO_CC	972
GO_CC	9721
GO_CC	9722
GO_CC	9724
GO_CC	9725
GO_CC	9726
GO_CC	9727
GO_CC	9728
GO_CC	973
GO_CC	9730
GO_CC	9731
GO_CC	9732
GO_CC	9733
GO_CC	9734
GO_CC	9735
GO_CC	9736
GO_CC	9737
GO_CC	9738
GO_CC	9739
GO_CC	974
GO_CC	9741
GO_CC	9742
GO_CC	9743
GO_CC	9744
GO_CC	9745
GO_CC	9746
GO_CC	9747
GO_CC	9748
GO_CC	9749
GO_CC	975
GO_CC	9750
GO_CC	9751
GO_CC	9752
GO_CC	9753
GO_CC	9754
GO_CC	9755
GO_CC	9757
GO_CC	9758
GO_CC	9759
GO_CC	976
GO_CC	9760
GO_CC	9761
GO_CC	9762
GO_CC	9764
GO_CC	9765
GO_CC	9766
GO_CC	9767
GO_CC	9768
GO_CC	977
GO_CC	9770
GO_CC	9771
GO_CC	9772
GO_CC	9774
GO_CC	9775
GO_CC	9776
GO_CC	9777
GO_CC	9779
GO_CC	978
GO_CC	9780
GO_CC	9781
GO_CC	9782
GO_CC	9783
GO_CC	9784
GO_CC	9785
GO_CC	9786
GO_CC	9787
GO_CC	9788
GO_CC	9789
GO_CC	9790
GO_CC	9791
GO_CC	9792
GO_CC	9793
GO_CC	9794
GO_CC	9796
GO_CC	9797
GO_CC	9798
GO_CC	98
GO_CC	9801
GO_CC	9802
GO_CC	9804
GO_CC	9805
GO_CC	9806
GO_CC	9807
GO_CC	9810
GO_CC	9811
GO_CC	9812
GO_CC	9814
GO_CC	9815
GO_CC	9816
GO_CC	9817
GO_CC	9818
GO_CC	9820
GO_CC	9821
GO_CC	9823
GO_CC	9824
GO_CC	9825
GO_CC	9826
GO_CC	9827
GO_CC	9828
GO_CC	9829
GO_CC	983
GO_CC	9830
GO_CC	9831
GO_CC	9832
GO_CC	9833
GO_CC	9836
GO_CC	9837
GO_CC	9839
GO_CC	9840
GO_CC	9841
GO_CC	9842
GO_CC	9843
GO_CC	9844
GO_CC	9846
GO_CC	9847
GO_CC	9848
GO_CC	9849
GO_CC	9851
GO_CC	9852
GO_CC	9853
GO_CC	9854
GO_CC	9855
GO_CC	9856
GO_CC	9857
GO_CC	9858
GO_CC	9859
GO_CC	9860
GO_CC	9861
GO_CC	9862
GO_CC	9863
GO_CC	9865
GO_CC	9866
GO_CC	9867
GO_CC	9868
GO_CC	9869
GO_CC	987
GO_CC	9870
GO_CC	9871
GO_CC	9873
GO_CC	9874
GO_CC	9875
GO_CC	9878
GO_CC	9879
GO_CC	988
GO_CC	9880
GO_CC	9882
GO_CC	9883
GO_CC	9885
GO_CC	9886
GO_CC	9887
GO_CC	9889
GO_CC	989
GO_CC	9890
GO_CC	9891
GO_CC	9892
GO_CC	9894
GO_CC	9895
GO_CC	9896
GO_CC	9897
GO_CC	9898
GO_CC	9899
GO_CC	990
GO_CC	9900
GO_CC	9901
GO_CC	9902
GO_CC	9903
GO_CC	9904
GO_CC	9905
GO_CC	9906
GO_CC	9907
GO_CC	9908
GO_CC	9909
GO_CC	991
GO_CC	9910
GO_CC	9911
GO_CC	9912
GO_CC	9913
GO_CC	9914
GO_CC	9915
GO_CC	9917
GO_CC	9918
GO_CC	9919
GO_CC	9921
GO_CC	9922
GO_CC	9923
GO_CC	9924
GO_CC	9925
GO_CC	9926
GO_CC	9927
GO_CC	9928
GO_CC	9929
GO_CC	993
GO_CC	9931
GO_CC	9933
GO_CC	9934
GO_CC	9935
GO_CC	9937
GO_CC	9938
GO_CC	9939
GO_CC	994
GO_CC	9940
GO_CC	9941
GO_CC	9942
GO_CC	9943
GO_CC	9945
GO_CC	9946
GO_CC	9947
GO_CC	9948
GO_CC	9949
GO_CC	995
GO_CC	9950
GO_CC	9951
GO_CC	9953
GO_CC	9955
GO_CC	9956
GO_CC	9957
GO_CC	9958
GO_CC	996
GO_CC	9960
GO_CC	9961
GO_CC	9962
GO_CC	9963
GO_CC	9965
GO_CC	9966
GO_CC	9967
GO_CC	9968
GO_CC	9969
GO_CC	997
GO_CC	9970
GO_CC	9971
GO_CC	9972
GO_CC	9973
GO_CC	9975
GO_CC	9976
GO_CC	9978
GO_CC	998
GO_CC	9980
GO_CC	9982
GO_CC	9984
GO_CC	9985
GO_CC	9986
GO_CC	9987
GO_CC	9988
GO_CC	9989
GO_CC	999
GO_CC	9990
GO_CC	9991
GO_CC	9992
GO_CC	9993
GO_CC	9994
GO_CC	9997
GO_MF	10
GO_MF	100
GO_MF	1000
GO_MF	10000
GO_MF	10001
GO_MF	10002
GO_MF	10003
GO_MF	10004
GO_MF	10005
GO_MF	10006
GO_MF	10007
GO_MF	10008
GO_MF	10009
GO_MF	1001
GO_MF	10010
GO_MF	100101467
GO_MF	10011
GO_MF	100113407
GO_MF	100125288
GO_MF	100127983
GO_MF	100128327
GO_MF	100128731
GO_MF	100128927
GO_MF	100128988
GO_MF	100129583
GO_MF	100129654
GO_MF	100129792
GO_MF	10013
GO_MF	100130348
GO_MF	100130613
GO_MF	100131017
GO_MF	100131187
GO_MF	100131303
GO_MF	100131755
GO_MF	100131801
GO_MF	100131827
GO_MF	100131980
GO_MF	100131997
GO_MF	100132341
GO_MF	100133941
GO_MF	10014
GO_MF	100141515
GO_MF	100144748
GO_MF	10015
GO_MF	10016
GO_MF	10017
GO_MF	100170765
GO_MF	100170841
GO_MF	10018
GO_MF	10019
GO_MF	1002
GO_MF	10020
GO_MF	10021
GO_MF	100216546
GO_MF	10022
GO_MF	10023
GO_MF	10024
GO_MF	10025
GO_MF	10026
GO_MF	100270680
GO_MF	100271715
GO_MF	100287171
GO_MF	100287932
GO_MF	100288797
GO_MF	100288805
GO_MF	100289187
GO_MF	100289255
GO_MF	100289635
GO_MF	100289678
GO_MF	1003
GO_MF	100302737
GO_MF	100316868
GO_MF	10036
GO_MF	10038
GO_MF	100381270
GO_MF	10039
GO_MF	1004
GO_MF	10040
GO_MF	10042
GO_MF	10043
GO_MF	10044
GO_MF	10045
GO_MF	10047
GO_MF	10048
GO_MF	10049
GO_MF	1005
GO_MF	10050
GO_MF	100505478
GO_MF	100505591
GO_MF	100505841
GO_MF	100505852
GO_MF	100505879
GO_MF	100506013
GO_MF	100506658
GO_MF	100506742
GO_MF	100507027
GO_MF	100507043
GO_MF	100507203
GO_MF	100507249
GO_MF	100507290
GO_MF	100507321
GO_MF	100507436
GO_MF	100507650
GO_MF	10051
GO_MF	10052
GO_MF	10053
GO_MF	100533106
GO_MF	10054
GO_MF	10055
GO_MF	10056
GO_MF	10057
GO_MF	10058
GO_MF	10059
GO_MF	1006
GO_MF	10060
GO_MF	10061
GO_MF	10062
GO_MF	100628315
GO_MF	10063
GO_MF	100630918
GO_MF	10066
GO_MF	10067
GO_MF	10068
GO_MF	10069
GO_MF	1007
GO_MF	10072
GO_MF	10073
GO_MF	10075
GO_MF	10076
GO_MF	10078
GO_MF	10079
GO_MF	1008
GO_MF	10082
GO_MF	100820829
GO_MF	10083
GO_MF	10084
GO_MF	10085
GO_MF	100861532
GO_MF	10087
GO_MF	100874051
GO_MF	100885848
GO_MF	10089
GO_MF	1009
GO_MF	10090
GO_MF	10092
GO_MF	10093
GO_MF	10094
GO_MF	10095
GO_MF	10096
GO_MF	10097
GO_MF	10098
GO_MF	101
GO_MF	1010
GO_MF	10100
GO_MF	10101
GO_MF	10102
GO_MF	10103
GO_MF	10105
GO_MF	10106
GO_MF	101060200
GO_MF	10107
GO_MF	10109
GO_MF	10110
GO_MF	10111
GO_MF	10112
GO_MF	10113
GO_MF	10114
GO_MF	10116
GO_MF	10117
GO_MF	1012
GO_MF	10120
GO_MF	10121
GO_MF	10123
GO_MF	10124
GO_MF	10125
GO_MF	10126
GO_MF	10127
GO_MF	10128
GO_MF	10129
GO_MF	1013
GO_MF	10130
GO_MF	10131
GO_MF	10133
GO_MF	10134
GO_MF	10135
GO_MF	10137
GO_MF	10138
GO_MF	10139
GO_MF	1014
GO_MF	10140
GO_MF	10142
GO_MF	10143
GO_MF	10144
GO_MF	10146
GO_MF	10147
GO_MF	10148
GO_MF	10149
GO_MF	1015
GO_MF	10150
GO_MF	10152
GO_MF	10153
GO_MF	10154
GO_MF	10155
GO_MF	10156
GO_MF	10157
GO_MF	10158
GO_MF	10159
GO_MF	1016
GO_MF	10160
GO_MF	10161
GO_MF	10162
GO_MF	10163
GO_MF	10164
GO_MF	10165
GO_MF	10166
GO_MF	10168
GO_MF	1017
GO_MF	10170
GO_MF	10171
GO_MF	10172
GO_MF	10174
GO_MF	10175
GO_MF	10178
GO_MF	10179
GO_MF	10180
GO_MF	10181
GO_MF	10184
GO_MF	10188
GO_MF	10189
GO_MF	1019
GO_MF	10190
GO_MF	101927468
GO_MF	101929977
GO_MF	101929989
GO_MF	10193
GO_MF	10194
GO_MF	10195
GO_MF	10196
GO_MF	10197
GO_MF	10198
GO_MF	10199
GO_MF	102
GO_MF	1020
GO_MF	10200
GO_MF	10201
GO_MF	10202
GO_MF	10203
GO_MF	10204
GO_MF	10205
GO_MF	10206
GO_MF	10207
GO_MF	10208
GO_MF	10209
GO_MF	1021
GO_MF	10210
GO_MF	10211
GO_MF	10212
GO_MF	10213
GO_MF	10215
GO_MF	102157402
GO_MF	10216
GO_MF	10217
GO_MF	10218
GO_MF	10219
GO_MF	1022
GO_MF	10220
GO_MF	10221
GO_MF	10223
GO_MF	10224
GO_MF	10226
GO_MF	10227
GO_MF	10228
GO_MF	10229
GO_MF	10231
GO_MF	10232
GO_MF	10233
GO_MF	10234
GO_MF	10235
GO_MF	10236
GO_MF	10237
GO_MF	10238
GO_MF	1024
GO_MF	10240
GO_MF	10241
GO_MF	10242
GO_MF	10243
GO_MF	10244
GO_MF	10245
GO_MF	10246
GO_MF	10247
GO_MF	10248
GO_MF	10249
GO_MF	1025
GO_MF	10250
GO_MF	10251
GO_MF	10252
GO_MF	10253
GO_MF	10254
GO_MF	10256
GO_MF	10257
GO_MF	1026
GO_MF	10260
GO_MF	10261
GO_MF	10263
GO_MF	10265
GO_MF	10266
GO_MF	10267
GO_MF	10268
GO_MF	10269
GO_MF	1027
GO_MF	10270
GO_MF	10272
GO_MF	10273
GO_MF	10274
GO_MF	10276
GO_MF	10277
GO_MF	10278
GO_MF	10279
GO_MF	1028
GO_MF	10280
GO_MF	10281
GO_MF	10282
GO_MF	10283
GO_MF	10284
GO_MF	10285
GO_MF	10286
GO_MF	10287
GO_MF	10289
GO_MF	1029
GO_MF	10291
GO_MF	10293
GO_MF	10294
GO_MF	10295
GO_MF	10296
GO_MF	10297
GO_MF	10298
GO_MF	10299
GO_MF	103
GO_MF	1030
GO_MF	10300
GO_MF	10302
GO_MF	10307
GO_MF	10308
GO_MF	10309
GO_MF	1031
GO_MF	10311
GO_MF	10312
GO_MF	10313
GO_MF	10314
GO_MF	10316
GO_MF	10317
GO_MF	10318
GO_MF	10319
GO_MF	1032
GO_MF	10320
GO_MF	10321
GO_MF	10322
GO_MF	10324
GO_MF	10325
GO_MF	10326
GO_MF	10327
GO_MF	10328
GO_MF	10329
GO_MF	1033
GO_MF	10330
GO_MF	10331
GO_MF	10332
GO_MF	10333
GO_MF	10335
GO_MF	10336
GO_MF	10342
GO_MF	10343
GO_MF	10344
GO_MF	10345
GO_MF	10346
GO_MF	10347
GO_MF	10350
GO_MF	10351
GO_MF	10352
GO_MF	1036
GO_MF	10360
GO_MF	10361
GO_MF	10362
GO_MF	10363
GO_MF	10365
GO_MF	10367
GO_MF	10368
GO_MF	10369
GO_MF	10370
GO_MF	10371
GO_MF	10376
GO_MF	10379
GO_MF	1038
GO_MF	10380
GO_MF	10382
GO_MF	10384
GO_MF	10385
GO_MF	10388
GO_MF	1039
GO_MF	10390
GO_MF	10391
GO_MF	103910
GO_MF	10392
GO_MF	10393
GO_MF	10394
GO_MF	10395
GO_MF	10396
GO_MF	10397
GO_MF	10398
GO_MF	10399
GO_MF	104
GO_MF	1040
GO_MF	10400
GO_MF	10401
GO_MF	10402
GO_MF	10403
GO_MF	10404
GO_MF	10406
GO_MF	10408
GO_MF	10409
GO_MF	1041
GO_MF	10411
GO_MF	10412
GO_MF	10413
GO_MF	10417
GO_MF	10418
GO_MF	10419
GO_MF	10420
GO_MF	10421
GO_MF	10422
GO_MF	10423
GO_MF	10424
GO_MF	10425
GO_MF	10426
GO_MF	10427
GO_MF	10430
GO_MF	10432
GO_MF	10434
GO_MF	10435
GO_MF	10436
GO_MF	10437
GO_MF	10438
GO_MF	10439
GO_MF	1044
GO_MF	10440
GO_MF	10443
GO_MF	10444
GO_MF	10445
GO_MF	10446
GO_MF	10447
GO_MF	10449
GO_MF	1045
GO_MF	10450
GO_MF	10451
GO_MF	10452
GO_MF	10454
GO_MF	10455
GO_MF	10456
GO_MF	10457
GO_MF	10458
GO_MF	10459
GO_MF	1046
GO_MF	10460
GO_MF	10461
GO_MF	10462
GO_MF	10463
GO_MF	10464
GO_MF	10465
GO_MF	10466
GO_MF	10467
GO_MF	10468
GO_MF	10469
GO_MF	1047
GO_MF	10471
GO_MF	10472
GO_MF	10473
GO_MF	10474
GO_MF	10475
GO_MF	10476
GO_MF	10477
GO_MF	10478
GO_MF	10479
GO_MF	1048
GO_MF	10480
GO_MF	10481
GO_MF	10482
GO_MF	10483
GO_MF	10484
GO_MF	10486
GO_MF	10487
GO_MF	10488
GO_MF	10489
GO_MF	10490
GO_MF	10491
GO_MF	10492
GO_MF	10493
GO_MF	10494
GO_MF	10495
GO_MF	10497
GO_MF	10498
GO_MF	10499
GO_MF	105
GO_MF	1050
GO_MF	10501
GO_MF	10505
GO_MF	10507
GO_MF	10509
GO_MF	1051
GO_MF	10512
GO_MF	10513
GO_MF	10514
GO_MF	10516
GO_MF	10518
GO_MF	10519
GO_MF	1052
GO_MF	10520
GO_MF	10521
GO_MF	10522
GO_MF	10523
GO_MF	10525
GO_MF	10526
GO_MF	10527
GO_MF	10528
GO_MF	10529
GO_MF	1053
GO_MF	10531
GO_MF	10533
GO_MF	10534
GO_MF	10535
GO_MF	10536
GO_MF	105375355
GO_MF	105378952
GO_MF	10538
GO_MF	10539
GO_MF	1054
GO_MF	10540
GO_MF	10541
GO_MF	10542
GO_MF	10544
GO_MF	10549
GO_MF	10550
GO_MF	10551
GO_MF	10552
GO_MF	10553
GO_MF	10554
GO_MF	10555
GO_MF	10556
GO_MF	10557
GO_MF	10558
GO_MF	10559
GO_MF	1056
GO_MF	10560
GO_MF	10561
GO_MF	10562
GO_MF	10563
GO_MF	10564
GO_MF	10565
GO_MF	10566
GO_MF	10567
GO_MF	10568
GO_MF	10569
GO_MF	10570
GO_MF	10572
GO_MF	10573
GO_MF	10574
GO_MF	10575
GO_MF	10576
GO_MF	10577
GO_MF	10578
GO_MF	10579
GO_MF	1058
GO_MF	10580
GO_MF	10584
GO_MF	10585
GO_MF	10586
GO_MF	10587
GO_MF	10589
GO_MF	1059
GO_MF	10590
GO_MF	10591
GO_MF	10592
GO_MF	10594
GO_MF	10595
GO_MF	10598
GO_MF	10599
GO_MF	1060
GO_MF	10600
GO_MF	10602
GO_MF	10603
GO_MF	10605
GO_MF	10606
GO_MF	10607
GO_MF	10608
GO_MF	10609
GO_MF	10610
GO_MF	10611
GO_MF	10612
GO_MF	10613
GO_MF	10614
GO_MF	10615
GO_MF	10616
GO_MF	10617
GO_MF	10618
GO_MF	1062
GO_MF	10620
GO_MF	10621
GO_MF	10622
GO_MF	10623
GO_MF	10625
GO_MF	10626
GO_MF	10627
GO_MF	10628
GO_MF	10629
GO_MF	1063
GO_MF	10630
GO_MF	10631
GO_MF	10632
GO_MF	10633
GO_MF	10634
GO_MF	10635
GO_MF	10636
GO_MF	10637
GO_MF	10640
GO_MF	10641
GO_MF	10642
GO_MF	10643
GO_MF	10644
GO_MF	10645
GO_MF	10648
GO_MF	10650
GO_MF	10651
GO_MF	10652
GO_MF	10653
GO_MF	10654
GO_MF	10655
GO_MF	10656
GO_MF	10657
GO_MF	10658
GO_MF	10659
GO_MF	10660
GO_MF	10661
GO_MF	10663
GO_MF	10664
GO_MF	10666
GO_MF	10667
GO_MF	10668
GO_MF	10669
GO_MF	10670
GO_MF	10671
GO_MF	10672
GO_MF	10673
GO_MF	10675
GO_MF	10677
GO_MF	10678
GO_MF	1068
GO_MF	10681
GO_MF	10682
GO_MF	10683
GO_MF	10686
GO_MF	10687
GO_MF	1069
GO_MF	10690
GO_MF	10691
GO_MF	10692
GO_MF	10693
GO_MF	10694
GO_MF	10695
GO_MF	10699
GO_MF	107
GO_MF	1070
GO_MF	1071
GO_MF	10712
GO_MF	10713
GO_MF	10714
GO_MF	10716
GO_MF	10717
GO_MF	10718
GO_MF	1072
GO_MF	10721
GO_MF	10723
GO_MF	10724
GO_MF	10725
GO_MF	10726
GO_MF	10728
GO_MF	1073
GO_MF	10730
GO_MF	10732
GO_MF	10733
GO_MF	10734
GO_MF	10735
GO_MF	10736
GO_MF	10741
GO_MF	10742
GO_MF	10743
GO_MF	10744
GO_MF	10746
GO_MF	10747
GO_MF	10749
GO_MF	1075
GO_MF	10752
GO_MF	10753
GO_MF	10755
GO_MF	10758
GO_MF	10762
GO_MF	10763
GO_MF	10765
GO_MF	10766
GO_MF	10767
GO_MF	10768
GO_MF	10769
GO_MF	10771
GO_MF	10772
GO_MF	10773
GO_MF	10775
GO_MF	10776
GO_MF	10777
GO_MF	10780
GO_MF	10781
GO_MF	10782
GO_MF	10783
GO_MF	10785
GO_MF	10787
GO_MF	10788
GO_MF	10791
GO_MF	10793
GO_MF	10794
GO_MF	10795
GO_MF	10797
GO_MF	10798
GO_MF	10799
GO_MF	108
GO_MF	1080
GO_MF	10800
GO_MF	10801
GO_MF	10802
GO_MF	10803
GO_MF	10804
GO_MF	10806
GO_MF	10807
GO_MF	10808
GO_MF	10809
GO_MF	1081
GO_MF	10810
GO_MF	10811
GO_MF	10813
GO_MF	10814
GO_MF	10815
GO_MF	10816
GO_MF	10817
GO_MF	10818
GO_MF	10825
GO_MF	10826
GO_MF	10827
GO_MF	10838
GO_MF	1084
GO_MF	10840
GO_MF	10841
GO_MF	10842
GO_MF	10844
GO_MF	10845
GO_MF	10846
GO_MF	10847
GO_MF	10848
GO_MF	10849
GO_MF	10850
GO_MF	10855
GO_MF	10856
GO_MF	10857
GO_MF	10858
GO_MF	10861
GO_MF	10863
GO_MF	10864
GO_MF	10865
GO_MF	10868
GO_MF	10869
GO_MF	1087
GO_MF	10870
GO_MF	10873
GO_MF	10874
GO_MF	10875
GO_MF	10876
GO_MF	10877
GO_MF	10878
GO_MF	10879
GO_MF	1088
GO_MF	10880
GO_MF	10881
GO_MF	10882
GO_MF	10884
GO_MF	10885
GO_MF	10886
GO_MF	10888
GO_MF	1089
GO_MF	10890
GO_MF	10891
GO_MF	10892
GO_MF	10893
GO_MF	10894
GO_MF	10897
GO_MF	10898
GO_MF	10899
GO_MF	109
GO_MF	10900
GO_MF	10902
GO_MF	10904
GO_MF	10905
GO_MF	10906
GO_MF	10907
GO_MF	10908
GO_MF	10910
GO_MF	10911
GO_MF	10912
GO_MF	10913
GO_MF	10914
GO_MF	10915
GO_MF	10916
GO_MF	10917
GO_MF	10919
GO_MF	10920
GO_MF	10921
GO_MF	10923
GO_MF	10924
GO_MF	10926
GO_MF	10927
GO_MF	10928
GO_MF	10929
GO_MF	10930
GO_MF	10933
GO_MF	10935
GO_MF	10936
GO_MF	10938
GO_MF	10939
GO_MF	10940
GO_MF	10942
GO_MF	10943
GO_MF	10944
GO_MF	10945
GO_MF	10946
GO_MF	10947
GO_MF	10948
GO_MF	10949
GO_MF	10950
GO_MF	10951
GO_MF	10952
GO_MF	10953
GO_MF	10954
GO_MF	10955
GO_MF	10956
GO_MF	10957
GO_MF	10959
GO_MF	10960
GO_MF	10961
GO_MF	10962
GO_MF	10963
GO_MF	10966
GO_MF	10969
GO_MF	10970
GO_MF	10971
GO_MF	10972
GO_MF	10973
GO_MF	10974
GO_MF	10975
GO_MF	10978
GO_MF	10979
GO_MF	10980
GO_MF	10981
GO_MF	10982
GO_MF	10983
GO_MF	10985
GO_MF	10987
GO_MF	10988
GO_MF	10989
GO_MF	10990
GO_MF	10991
GO_MF	10992
GO_MF	10993
GO_MF	10994
GO_MF	10998
GO_MF	10999
GO_MF	11000
GO_MF	11001
GO_MF	11004
GO_MF	11005
GO_MF	11006
GO_MF	11007
GO_MF	11009
GO_MF	1101
GO_MF	11010
GO_MF	11011
GO_MF	11012
GO_MF	11013
GO_MF	11014
GO_MF	11015
GO_MF	11016
GO_MF	11017
GO_MF	11018
GO_MF	11019
GO_MF	1102
GO_MF	11020
GO_MF	11021
GO_MF	11022
GO_MF	11024
GO_MF	11026
GO_MF	11027
GO_MF	1103
GO_MF	11030
GO_MF	11031
GO_MF	11033
GO_MF	11034
GO_MF	11035
GO_MF	11036
GO_MF	11037
GO_MF	1104
GO_MF	11040
GO_MF	11041
GO_MF	11043
GO_MF	11044
GO_MF	11045
GO_MF	11046
GO_MF	11047
GO_MF	1105
GO_MF	11051
GO_MF	11052
GO_MF	11054
GO_MF	11056
GO_MF	11057
GO_MF	11059
GO_MF	1106
GO_MF	11060
GO_MF	11061
GO_MF	11062
GO_MF	11063
GO_MF	11064
GO_MF	11065
GO_MF	11066
GO_MF	11068
GO_MF	1107
GO_MF	11070
GO_MF	11072
GO_MF	11073
GO_MF	11074
GO_MF	11075
GO_MF	11076
GO_MF	11077
GO_MF	11078
GO_MF	11079
GO_MF	1108
GO_MF	11080
GO_MF	11083
GO_MF	11085
GO_MF	11086
GO_MF	1109
GO_MF	11091
GO_MF	11092
GO_MF	11093
GO_MF	11094
GO_MF	11095
GO_MF	11096
GO_MF	11097
GO_MF	11098
GO_MF	11099
GO_MF	111
GO_MF	11100
GO_MF	11101
GO_MF	11102
GO_MF	11103
GO_MF	11104
GO_MF	11105
GO_MF	11107
GO_MF	11108
GO_MF	1111
GO_MF	11112
GO_MF	11113
GO_MF	11116
GO_MF	11117
GO_MF	11118
GO_MF	11119
GO_MF	1112
GO_MF	11120
GO_MF	11122
GO_MF	11123
GO_MF	11124
GO_MF	11126
GO_MF	11127
GO_MF	11128
GO_MF	11129
GO_MF	11130
GO_MF	11131
GO_MF	11132
GO_MF	11133
GO_MF	11135
GO_MF	11136
GO_MF	11137
GO_MF	11138
GO_MF	1114
GO_MF	11140
GO_MF	11141
GO_MF	11142
GO_MF	11143
GO_MF	11144
GO_MF	11145
GO_MF	11146
GO_MF	11147
GO_MF	11148
GO_MF	11149
GO_MF	11151
GO_MF	11152
GO_MF	11153
GO_MF	11155
GO_MF	11156
GO_MF	11157
GO_MF	1116
GO_MF	11160
GO_MF	11161
GO_MF	11162
GO_MF	11163
GO_MF	11164
GO_MF	11165
GO_MF	11166
GO_MF	11167
GO_MF	11168
GO_MF	11169
GO_MF	1117
GO_MF	11170
GO_MF	11171
GO_MF	11172
GO_MF	11173
GO_MF	11174
GO_MF	11176
GO_MF	11177
GO_MF	11178
GO_MF	11179
GO_MF	1118
GO_MF	11180
GO_MF	11181
GO_MF	11182
GO_MF	11183
GO_MF	11184
GO_MF	11185
GO_MF	11186
GO_MF	11187
GO_MF	11188
GO_MF	11189
GO_MF	1119
GO_MF	11190
GO_MF	11193
GO_MF	11194
GO_MF	11196
GO_MF	11197
GO_MF	11198
GO_MF	11199
GO_MF	112
GO_MF	1120
GO_MF	11200
GO_MF	11201
GO_MF	11202
GO_MF	1121
GO_MF	11211
GO_MF	11212
GO_MF	11213
GO_MF	11214
GO_MF	11215
GO_MF	11216
GO_MF	11218
GO_MF	11219
GO_MF	1122
GO_MF	11221
GO_MF	11222
GO_MF	11223
GO_MF	11224
GO_MF	11226
GO_MF	11227
GO_MF	11228
GO_MF	1123
GO_MF	11230
GO_MF	11231
GO_MF	11232
GO_MF	11234
GO_MF	11235
GO_MF	11236
GO_MF	11237
GO_MF	11238
GO_MF	112398
GO_MF	112399
GO_MF	1124
GO_MF	11240
GO_MF	11243
GO_MF	11244
GO_MF	11245
GO_MF	112464
GO_MF	11247
GO_MF	112476
GO_MF	112479
GO_MF	11248
GO_MF	112483
GO_MF	112487
GO_MF	11249
GO_MF	112495
GO_MF	11250
GO_MF	11251
GO_MF	11252
GO_MF	11253
GO_MF	11254
GO_MF	11255
GO_MF	112574
GO_MF	11258
GO_MF	11259
GO_MF	11260
GO_MF	112609
GO_MF	11261
GO_MF	112611
GO_MF	112616
GO_MF	11262
GO_MF	11264
GO_MF	11266
GO_MF	11267
GO_MF	11269
GO_MF	11270
GO_MF	11272
GO_MF	112724
GO_MF	11273
GO_MF	11274
GO_MF	112744
GO_MF	11275
GO_MF	112752
GO_MF	112755
GO_MF	11276
GO_MF	11277
GO_MF	11278
GO_MF	11279
GO_MF	1128
GO_MF	11280
GO_MF	112802
GO_MF	11281
GO_MF	112812
GO_MF	112817
GO_MF	11282
GO_MF	11283
GO_MF	11284
GO_MF	112849
GO_MF	11285
GO_MF	112858
GO_MF	112869
GO_MF	112885
GO_MF	1129
GO_MF	112936
GO_MF	112937
GO_MF	112939
GO_MF	112942
GO_MF	112950
GO_MF	113
GO_MF	1130
GO_MF	113000
GO_MF	113026
GO_MF	11309
GO_MF	113091
GO_MF	1131
GO_MF	11311
GO_MF	113115
GO_MF	113130
GO_MF	11314
GO_MF	113146
GO_MF	11315
GO_MF	11316
GO_MF	11317
GO_MF	113178
GO_MF	113179
GO_MF	11318
GO_MF	113189
GO_MF	11319
GO_MF	1132
GO_MF	11320
GO_MF	11321
GO_MF	11322
GO_MF	113220
GO_MF	113235
GO_MF	113246
GO_MF	11325
GO_MF	113251
GO_MF	11326
GO_MF	113263
GO_MF	113277
GO_MF	113278
GO_MF	11328
GO_MF	11329
GO_MF	1133
GO_MF	11330
GO_MF	11331
GO_MF	11332
GO_MF	11333
GO_MF	11334
GO_MF	11335
GO_MF	11336
GO_MF	11337
GO_MF	11338
GO_MF	11339
GO_MF	1134
GO_MF	11340
GO_MF	113402
GO_MF	11341
GO_MF	113419
GO_MF	11342
GO_MF	11343
GO_MF	11344
GO_MF	113444
GO_MF	11345
GO_MF	113451
GO_MF	113452
GO_MF	11346
GO_MF	1135
GO_MF	113510
GO_MF	113540
GO_MF	1136
GO_MF	113612
GO_MF	113622
GO_MF	113655
GO_MF	113675
GO_MF	1137
GO_MF	113730
GO_MF	113746
GO_MF	113791
GO_MF	1138
GO_MF	113802
GO_MF	113828
GO_MF	113829
GO_MF	113835
GO_MF	113878
GO_MF	114
GO_MF	1140
GO_MF	114026
GO_MF	114034
GO_MF	114049
GO_MF	114088
GO_MF	1141
GO_MF	114112
GO_MF	114131
GO_MF	114132
GO_MF	114134
GO_MF	1142
GO_MF	114294
GO_MF	1143
GO_MF	114327
GO_MF	1144
GO_MF	1145
GO_MF	114548
GO_MF	114569
GO_MF	114571
GO_MF	1146
GO_MF	114609
GO_MF	114625
GO_MF	1147
GO_MF	114757
GO_MF	114769
GO_MF	114770
GO_MF	114771
GO_MF	114780
GO_MF	114781
GO_MF	114783
GO_MF	114785
GO_MF	114786
GO_MF	114787
GO_MF	114789
GO_MF	114790
GO_MF	114791
GO_MF	114792
GO_MF	114793
GO_MF	114794
GO_MF	114795
GO_MF	114798
GO_MF	114799
GO_MF	114800
GO_MF	114801
GO_MF	114803
GO_MF	114804
GO_MF	114805
GO_MF	114814
GO_MF	114815
GO_MF	114818
GO_MF	114821
GO_MF	114822
GO_MF	114823
GO_MF	114825
GO_MF	114826
GO_MF	114836
GO_MF	114876
GO_MF	114879
GO_MF	114880
GO_MF	114881
GO_MF	114882
GO_MF	114883
GO_MF	114884
GO_MF	114885
GO_MF	114897
GO_MF	114898
GO_MF	114899
GO_MF	1149
GO_MF	114900
GO_MF	114904
GO_MF	114905
GO_MF	114907
GO_MF	114908
GO_MF	114926
GO_MF	114932
GO_MF	114960
GO_MF	114971
GO_MF	114984
GO_MF	114987
GO_MF	114990
GO_MF	114991
GO_MF	115
GO_MF	115004
GO_MF	115019
GO_MF	115024
GO_MF	115098
GO_MF	115106
GO_MF	115111
GO_MF	115123
GO_MF	115196
GO_MF	1152
GO_MF	115201
GO_MF	115207
GO_MF	115209
GO_MF	115265
GO_MF	115273
GO_MF	115286
GO_MF	115290
GO_MF	115294
GO_MF	1153
GO_MF	115330
GO_MF	115350
GO_MF	115352
GO_MF	115361
GO_MF	115362
GO_MF	115399
GO_MF	1154
GO_MF	115416
GO_MF	115426
GO_MF	1155
GO_MF	115509
GO_MF	115548
GO_MF	115557
GO_MF	115560
GO_MF	115572
GO_MF	115584
GO_MF	115650
GO_MF	115677
GO_MF	115701
GO_MF	115703
GO_MF	115704
GO_MF	115708
GO_MF	115727
GO_MF	115752
GO_MF	115761
GO_MF	1158
GO_MF	115811
GO_MF	115817
GO_MF	115825
GO_MF	115827
GO_MF	115861
GO_MF	115908
GO_MF	115939
GO_MF	115948
GO_MF	115950
GO_MF	115992
GO_MF	116
GO_MF	1160
GO_MF	116028
GO_MF	116039
GO_MF	116068
GO_MF	116071
GO_MF	116085
GO_MF	116092
GO_MF	1161
GO_MF	116113
GO_MF	116115
GO_MF	116135
GO_MF	116138
GO_MF	116143
GO_MF	116150
GO_MF	116151
GO_MF	116154
GO_MF	116159
GO_MF	116173
GO_MF	116179
GO_MF	116224
GO_MF	116225
GO_MF	116228
GO_MF	116236
GO_MF	116238
GO_MF	116254
GO_MF	116255
GO_MF	116285
GO_MF	1163
GO_MF	116337
GO_MF	116349
GO_MF	116362
GO_MF	116369
GO_MF	116372
GO_MF	116379
GO_MF	1164
GO_MF	116441
GO_MF	116442
GO_MF	116443
GO_MF	116444
GO_MF	116447
GO_MF	116448
GO_MF	116449
GO_MF	116461
GO_MF	116496
GO_MF	116511
GO_MF	116519
GO_MF	116535
GO_MF	116541
GO_MF	116729
GO_MF	116832
GO_MF	116835
GO_MF	116840
GO_MF	116841
GO_MF	116843
GO_MF	116844
GO_MF	116931
GO_MF	116969
GO_MF	116983
GO_MF	116984
GO_MF	116985
GO_MF	116986
GO_MF	116987
GO_MF	116988
GO_MF	117
GO_MF	117143
GO_MF	117144
GO_MF	117145
GO_MF	117154
GO_MF	117155
GO_MF	117157
GO_MF	117159
GO_MF	117166
GO_MF	117177
GO_MF	117178
GO_MF	117194
GO_MF	117195
GO_MF	117196
GO_MF	117245
GO_MF	117246
GO_MF	117247
GO_MF	117248
GO_MF	117283
GO_MF	117285
GO_MF	117286
GO_MF	117289
GO_MF	1173
GO_MF	1174
GO_MF	1175
GO_MF	117531
GO_MF	117532
GO_MF	117579
GO_MF	117581
GO_MF	117583
GO_MF	117584
GO_MF	1176
GO_MF	117608
GO_MF	1178
GO_MF	117854
GO_MF	1179
GO_MF	118
GO_MF	1180
GO_MF	1181
GO_MF	1182
GO_MF	1183
GO_MF	1184
GO_MF	118424
GO_MF	118426
GO_MF	118427
GO_MF	118429
GO_MF	118430
GO_MF	118442
GO_MF	118460
GO_MF	118461
GO_MF	118471
GO_MF	118472
GO_MF	118487
GO_MF	118490
GO_MF	1185
GO_MF	1186
GO_MF	118611
GO_MF	118663
GO_MF	118672
GO_MF	118738
GO_MF	118788
GO_MF	1188
GO_MF	118812
GO_MF	118813
GO_MF	118856
GO_MF	118881
GO_MF	118924
GO_MF	118980
GO_MF	118987
GO_MF	119
GO_MF	119016
GO_MF	119032
GO_MF	1191
GO_MF	1192
GO_MF	1193
GO_MF	119385
GO_MF	119391
GO_MF	119392
GO_MF	119395
GO_MF	119467
GO_MF	1195
GO_MF	119504
GO_MF	119548
GO_MF	119559
GO_MF	119587
GO_MF	1196
GO_MF	119710
GO_MF	1198
GO_MF	12
GO_MF	120
GO_MF	1200
GO_MF	120065
GO_MF	120066
GO_MF	120071
GO_MF	1201
GO_MF	120103
GO_MF	120114
GO_MF	120224
GO_MF	120227
GO_MF	1203
GO_MF	120376
GO_MF	120379
GO_MF	120400
GO_MF	120425
GO_MF	120526
GO_MF	120534
GO_MF	1207
GO_MF	1208
GO_MF	120892
GO_MF	1209
GO_MF	120935
GO_MF	120939
GO_MF	121053
GO_MF	1211
GO_MF	1212
GO_MF	121214
GO_MF	121227
GO_MF	121256
GO_MF	121260
GO_MF	121268
GO_MF	121274
GO_MF	121278
GO_MF	1213
GO_MF	121340
GO_MF	121355
GO_MF	121391
GO_MF	121441
GO_MF	121457
GO_MF	1215
GO_MF	121506
GO_MF	121512
GO_MF	121536
GO_MF	121551
GO_MF	121599
GO_MF	121601
GO_MF	121642
GO_MF	121643
GO_MF	121665
GO_MF	121793
GO_MF	121952
GO_MF	122042
GO_MF	122060
GO_MF	122402
GO_MF	122416
GO_MF	122481
GO_MF	122509
GO_MF	122553
GO_MF	122616
GO_MF	122618
GO_MF	122622
GO_MF	122651
GO_MF	122664
GO_MF	122704
GO_MF	122769
GO_MF	122773
GO_MF	122786
GO_MF	122809
GO_MF	122830
GO_MF	122876
GO_MF	122945
GO_MF	122953
GO_MF	122961
GO_MF	122970
GO_MF	123
GO_MF	1230
GO_MF	123016
GO_MF	123041
GO_MF	123096
GO_MF	123099
GO_MF	123169
GO_MF	1232
GO_MF	123228
GO_MF	123263
GO_MF	123264
GO_MF	123283
GO_MF	1233
GO_MF	1234
GO_MF	1235
GO_MF	123591
GO_MF	1236
GO_MF	123606
GO_MF	123624
GO_MF	123688
GO_MF	1237
GO_MF	123720
GO_MF	123722
GO_MF	1238
GO_MF	123803
GO_MF	123811
GO_MF	123872
GO_MF	123876
GO_MF	123879
GO_MF	123920
GO_MF	124
GO_MF	1240
GO_MF	124044
GO_MF	124045
GO_MF	124056
GO_MF	124093
GO_MF	1241
GO_MF	124220
GO_MF	124222
GO_MF	124245
GO_MF	124359
GO_MF	1244
GO_MF	124401
GO_MF	124402
GO_MF	124404
GO_MF	124411
GO_MF	124446
GO_MF	124454
GO_MF	124460
GO_MF	124491
GO_MF	124512
GO_MF	124535
GO_MF	124538
GO_MF	124540
GO_MF	124565
GO_MF	124583
GO_MF	124590
GO_MF	124599
GO_MF	124602
GO_MF	124637
GO_MF	124739
GO_MF	124751
GO_MF	124783
GO_MF	124790
GO_MF	124801
GO_MF	124808
GO_MF	124857
GO_MF	124872
GO_MF	124912
GO_MF	124923
GO_MF	124925
GO_MF	124930
GO_MF	124935
GO_MF	124936
GO_MF	124961
GO_MF	124975
GO_MF	124976
GO_MF	124995
GO_MF	124997
GO_MF	125
GO_MF	125058
GO_MF	125061
GO_MF	125111
GO_MF	125113
GO_MF	125115
GO_MF	125150
GO_MF	125170
GO_MF	125206
GO_MF	125476
GO_MF	1258
GO_MF	125875
GO_MF	1259
GO_MF	125919
GO_MF	125950
GO_MF	125965
GO_MF	125972
GO_MF	125981
GO_MF	125988
GO_MF	125997
GO_MF	126
GO_MF	126003
GO_MF	126006
GO_MF	126014
GO_MF	126017
GO_MF	126068
GO_MF	126069
GO_MF	126070
GO_MF	126074
GO_MF	1261
GO_MF	126119
GO_MF	126129
GO_MF	126133
GO_MF	1262
GO_MF	126204
GO_MF	126205
GO_MF	126206
GO_MF	126208
GO_MF	126231
GO_MF	126248
GO_MF	126272
GO_MF	126282
GO_MF	126295
GO_MF	126298
GO_MF	126299
GO_MF	1263
GO_MF	126308
GO_MF	126321
GO_MF	126326
GO_MF	126328
GO_MF	126353
GO_MF	126364
GO_MF	126370
GO_MF	126374
GO_MF	126375
GO_MF	126382
GO_MF	126393
GO_MF	1264
GO_MF	126402
GO_MF	126410
GO_MF	126433
GO_MF	126520
GO_MF	126526
GO_MF	126549
GO_MF	1266
GO_MF	126626
GO_MF	126638
GO_MF	126668
GO_MF	126669
GO_MF	126695
GO_MF	1267
GO_MF	126731
GO_MF	126755
GO_MF	126789
GO_MF	126792
GO_MF	1268
GO_MF	126820
GO_MF	126823
GO_MF	126868
GO_MF	1269
GO_MF	126969
GO_MF	127
GO_MF	127018
GO_MF	1271
GO_MF	127124
GO_MF	1272
GO_MF	127253
GO_MF	127254
GO_MF	127255
GO_MF	127262
GO_MF	127281
GO_MF	127294
GO_MF	127343
GO_MF	127391
GO_MF	127396
GO_MF	127428
GO_MF	127435
GO_MF	127495
GO_MF	127534
GO_MF	127540
GO_MF	127544
GO_MF	127602
GO_MF	1277
GO_MF	127700
GO_MF	127703
GO_MF	127733
GO_MF	1278
GO_MF	127829
GO_MF	127833
GO_MF	127845
GO_MF	127933
GO_MF	127943
GO_MF	128
GO_MF	1280
GO_MF	128061
GO_MF	1281
GO_MF	128153
GO_MF	128178
GO_MF	1282
GO_MF	128209
GO_MF	128218
GO_MF	128229
GO_MF	128239
GO_MF	128240
GO_MF	128272
GO_MF	128308
GO_MF	128344
GO_MF	128387
GO_MF	1284
GO_MF	128414
GO_MF	128434
GO_MF	128486
GO_MF	128488
GO_MF	128497
GO_MF	1285
GO_MF	128553
GO_MF	1286
GO_MF	128602
GO_MF	128611
GO_MF	128637
GO_MF	128653
GO_MF	128674
GO_MF	1287
GO_MF	128710
GO_MF	1288
GO_MF	128817
GO_MF	128821
GO_MF	128822
GO_MF	128853
GO_MF	128854
GO_MF	128859
GO_MF	128861
GO_MF	128866
GO_MF	128869
GO_MF	128876
GO_MF	1289
GO_MF	128954
GO_MF	128977
GO_MF	128989
GO_MF	1290
GO_MF	129025
GO_MF	129049
GO_MF	1291
GO_MF	129138
GO_MF	1292
GO_MF	129285
GO_MF	129293
GO_MF	1293
GO_MF	129303
GO_MF	1294
GO_MF	129401
GO_MF	129446
GO_MF	129450
GO_MF	1295
GO_MF	129530
GO_MF	129531
GO_MF	129563
GO_MF	1296
GO_MF	129607
GO_MF	129642
GO_MF	129685
GO_MF	1297
GO_MF	129787
GO_MF	1298
GO_MF	129804
GO_MF	129807
GO_MF	129831
GO_MF	129880
GO_MF	1299
GO_MF	13
GO_MF	130
GO_MF	1300
GO_MF	130013
GO_MF	130026
GO_MF	130074
GO_MF	1301
GO_MF	130106
GO_MF	130120
GO_MF	130132
GO_MF	130162
GO_MF	1302
GO_MF	130271
GO_MF	1303
GO_MF	130340
GO_MF	130355
GO_MF	130367
GO_MF	130399
GO_MF	130497
GO_MF	1305
GO_MF	130502
GO_MF	130507
GO_MF	130535
GO_MF	130540
GO_MF	130557
GO_MF	130560
GO_MF	130574
GO_MF	130576
GO_MF	130589
GO_MF	1306
GO_MF	130617
GO_MF	1307
GO_MF	130749
GO_MF	130752
GO_MF	1308
GO_MF	130813
GO_MF	130827
GO_MF	130872
GO_MF	130916
GO_MF	130940
GO_MF	130951
GO_MF	131
GO_MF	1310
GO_MF	131034
GO_MF	131096
GO_MF	1311
GO_MF	131118
GO_MF	131177
GO_MF	1312
GO_MF	131375
GO_MF	131377
GO_MF	1314
GO_MF	131405
GO_MF	131450
GO_MF	131474
GO_MF	1315
GO_MF	131540
GO_MF	131544
GO_MF	131566
GO_MF	131578
GO_MF	131583
GO_MF	1316
GO_MF	131601
GO_MF	131616
GO_MF	131669
GO_MF	1317
GO_MF	1318
GO_MF	131870
GO_MF	131873
GO_MF	131890
GO_MF	131920
GO_MF	131965
GO_MF	132
GO_MF	132001
GO_MF	132014
GO_MF	132112
GO_MF	132141
GO_MF	132160
GO_MF	132203
GO_MF	132204
GO_MF	132228
GO_MF	132243
GO_MF	132299
GO_MF	132320
GO_MF	132321
GO_MF	132430
GO_MF	1325
GO_MF	1326
GO_MF	132612
GO_MF	132625
GO_MF	132660
GO_MF	132671
GO_MF	1327
GO_MF	132720
GO_MF	132724
GO_MF	132789
GO_MF	132851
GO_MF	132864
GO_MF	1329
GO_MF	132946
GO_MF	132949
GO_MF	133
GO_MF	133015
GO_MF	133022
GO_MF	133121
GO_MF	133308
GO_MF	133383
GO_MF	133396
GO_MF	133418
GO_MF	133482
GO_MF	133522
GO_MF	133584
GO_MF	133619
GO_MF	133686
GO_MF	133688
GO_MF	133690
GO_MF	1337
GO_MF	133746
GO_MF	1339
GO_MF	133923
GO_MF	134
GO_MF	1340
GO_MF	134111
GO_MF	134121
GO_MF	134145
GO_MF	134147
GO_MF	134187
GO_MF	134218
GO_MF	134265
GO_MF	134266
GO_MF	134285
GO_MF	134288
GO_MF	134353
GO_MF	134359
GO_MF	134429
GO_MF	134430
GO_MF	134492
GO_MF	1345
GO_MF	134510
GO_MF	134526
GO_MF	134549
GO_MF	134553
GO_MF	1346
GO_MF	134637
GO_MF	1347
GO_MF	134701
GO_MF	134728
GO_MF	134829
GO_MF	134860
GO_MF	134864
GO_MF	1349
GO_MF	134957
GO_MF	1350
GO_MF	1351
GO_MF	135112
GO_MF	135114
GO_MF	135138
GO_MF	135152
GO_MF	135154
GO_MF	1352
GO_MF	135228
GO_MF	135250
GO_MF	135293
GO_MF	135295
GO_MF	1353
GO_MF	135398
GO_MF	1355
GO_MF	1356
GO_MF	135644
GO_MF	135656
GO_MF	1357
GO_MF	1358
GO_MF	135892
GO_MF	1359
GO_MF	135932
GO_MF	135935
GO_MF	135946
GO_MF	135948
GO_MF	136
GO_MF	1360
GO_MF	136051
GO_MF	1361
GO_MF	1362
GO_MF	136227
GO_MF	136259
GO_MF	136263
GO_MF	1363
GO_MF	136306
GO_MF	136332
GO_MF	136371
GO_MF	1364
GO_MF	1365
GO_MF	136541
GO_MF	1366
GO_MF	136647
GO_MF	1368
GO_MF	136895
GO_MF	1369
GO_MF	136991
GO_MF	1370
GO_MF	137075
GO_MF	1371
GO_MF	137209
GO_MF	1373
GO_MF	137362
GO_MF	137392
GO_MF	1374
GO_MF	137492
GO_MF	1376
GO_MF	137682
GO_MF	137695
GO_MF	137735
GO_MF	1378
GO_MF	137835
GO_MF	137872
GO_MF	137886
GO_MF	1379
GO_MF	137902
GO_MF	137964
GO_MF	137970
GO_MF	137994
GO_MF	1380
GO_MF	138046
GO_MF	138050
GO_MF	138065
GO_MF	1381
GO_MF	138151
GO_MF	138162
GO_MF	138199
GO_MF	1382
GO_MF	138240
GO_MF	138307
GO_MF	138311
GO_MF	1384
GO_MF	138428
GO_MF	138429
GO_MF	1385
GO_MF	1386
GO_MF	138639
GO_MF	1387
GO_MF	138716
GO_MF	1388
GO_MF	138804
GO_MF	1389
GO_MF	1390
GO_MF	139065
GO_MF	139081
GO_MF	139105
GO_MF	139135
GO_MF	139170
GO_MF	139189
GO_MF	1392
GO_MF	139212
GO_MF	139231
GO_MF	139285
GO_MF	1393
GO_MF	139322
GO_MF	139324
GO_MF	139341
GO_MF	139378
GO_MF	139420
GO_MF	1395
GO_MF	139596
GO_MF	139599
GO_MF	1396
GO_MF	139628
GO_MF	1397
GO_MF	139716
GO_MF	139728
GO_MF	139735
GO_MF	1398
GO_MF	139818
GO_MF	139886
GO_MF	1399
GO_MF	14
GO_MF	140
GO_MF	1400
GO_MF	1401
GO_MF	140258
GO_MF	140290
GO_MF	1404
GO_MF	140453
GO_MF	140456
GO_MF	140459
GO_MF	140460
GO_MF	140461
GO_MF	140462
GO_MF	140465
GO_MF	140469
GO_MF	140545
GO_MF	140564
GO_MF	140576
GO_MF	140578
GO_MF	1406
GO_MF	140606
GO_MF	140609
GO_MF	140612
GO_MF	140625
GO_MF	140628
GO_MF	140679
GO_MF	140680
GO_MF	140683
GO_MF	140685
GO_MF	140686
GO_MF	140687
GO_MF	140688
GO_MF	140690
GO_MF	140691
GO_MF	1407
GO_MF	140701
GO_MF	140706
GO_MF	140707
GO_MF	140710
GO_MF	140730
GO_MF	140732
GO_MF	140733
GO_MF	140735
GO_MF	140738
GO_MF	140739
GO_MF	140766
GO_MF	140767
GO_MF	140775
GO_MF	1408
GO_MF	140801
GO_MF	140803
GO_MF	140807
GO_MF	140809
GO_MF	140823
GO_MF	140825
GO_MF	140831
GO_MF	140832
GO_MF	140836
GO_MF	140838
GO_MF	140850
GO_MF	140870
GO_MF	140873
GO_MF	140876
GO_MF	140880
GO_MF	140881
GO_MF	140883
GO_MF	140885
GO_MF	140886
GO_MF	140890
GO_MF	140893
GO_MF	140894
GO_MF	140901
GO_MF	140902
GO_MF	141
GO_MF	1410
GO_MF	1411
GO_MF	1412
GO_MF	1413
GO_MF	1414
GO_MF	1415
GO_MF	1417
GO_MF	1418
GO_MF	1419
GO_MF	142
GO_MF	1420
GO_MF	1421
GO_MF	142678
GO_MF	142679
GO_MF	142680
GO_MF	142684
GO_MF	142685
GO_MF	142689
GO_MF	1427
GO_MF	1428
GO_MF	142891
GO_MF	1429
GO_MF	142910
GO_MF	142940
GO_MF	143
GO_MF	143098
GO_MF	1431
GO_MF	143187
GO_MF	1432
GO_MF	143241
GO_MF	143279
GO_MF	143282
GO_MF	143379
GO_MF	143384
GO_MF	1434
GO_MF	143425
GO_MF	143458
GO_MF	1435
GO_MF	143503
GO_MF	1436
GO_MF	143662
GO_MF	143678
GO_MF	143684
GO_MF	143686
GO_MF	143689
GO_MF	1437
GO_MF	1438
GO_MF	143872
GO_MF	143879
GO_MF	143884
GO_MF	143888
GO_MF	1439
GO_MF	143903
GO_MF	1440
GO_MF	144097
GO_MF	1441
GO_MF	144100
GO_MF	144108
GO_MF	144110
GO_MF	144124
GO_MF	144132
GO_MF	144165
GO_MF	144193
GO_MF	144233
GO_MF	144245
GO_MF	144348
GO_MF	144363
GO_MF	144402
GO_MF	144404
GO_MF	144423
GO_MF	144453
GO_MF	144455
GO_MF	1445
GO_MF	144501
GO_MF	144568
GO_MF	1446
GO_MF	144608
GO_MF	144699
GO_MF	1447
GO_MF	144715
GO_MF	144717
GO_MF	1448
GO_MF	144811
GO_MF	145173
GO_MF	1452
GO_MF	145226
GO_MF	145258
GO_MF	145264
GO_MF	145282
GO_MF	1453
GO_MF	145376
GO_MF	145389
GO_MF	145407
GO_MF	145447
GO_MF	145482
GO_MF	145483
GO_MF	1455
GO_MF	145501
GO_MF	145567
GO_MF	145581
GO_MF	1456
GO_MF	1457
GO_MF	145773
GO_MF	145788
GO_MF	145858
GO_MF	145864
GO_MF	145873
GO_MF	1459
GO_MF	145942
GO_MF	145946
GO_MF	145957
GO_MF	146
GO_MF	1460
GO_MF	146050
GO_MF	146057
GO_MF	146059
GO_MF	146198
GO_MF	1462
GO_MF	146206
GO_MF	146212
GO_MF	146223
GO_MF	146225
GO_MF	146279
GO_MF	1463
GO_MF	146310
GO_MF	146325
GO_MF	146330
GO_MF	146378
GO_MF	146395
GO_MF	1464
GO_MF	146434
GO_MF	146439
GO_MF	1465
GO_MF	146540
GO_MF	146542
GO_MF	146547
GO_MF	146556
GO_MF	146562
GO_MF	1466
GO_MF	146664
GO_MF	146691
GO_MF	146705
GO_MF	146712
GO_MF	146713
GO_MF	146722
GO_MF	146754
GO_MF	146760
GO_MF	146779
GO_MF	1468
GO_MF	146802
GO_MF	146845
GO_MF	146849
GO_MF	146850
GO_MF	146852
GO_MF	146853
GO_MF	146857
GO_MF	146862
GO_MF	146894
GO_MF	1469
GO_MF	146909
GO_MF	146956
GO_MF	147
GO_MF	147007
GO_MF	147011
GO_MF	147015
GO_MF	147040
GO_MF	1471
GO_MF	147111
GO_MF	147138
GO_MF	147166
GO_MF	147179
GO_MF	147183
GO_MF	1472
GO_MF	1473
GO_MF	147323
GO_MF	147339
GO_MF	147372
GO_MF	1474
GO_MF	147409
GO_MF	147463
GO_MF	147495
GO_MF	1475
GO_MF	147525
GO_MF	1476
GO_MF	147646
GO_MF	147650
GO_MF	147657
GO_MF	147660
GO_MF	147685
GO_MF	147686
GO_MF	147687
GO_MF	147694
GO_MF	147699
GO_MF	1477
GO_MF	147700
GO_MF	147741
GO_MF	147744
GO_MF	147746
GO_MF	147798
GO_MF	1478
GO_MF	147807
GO_MF	147808
GO_MF	147837
GO_MF	147841
GO_MF	147872
GO_MF	1479
GO_MF	147906
GO_MF	147912
GO_MF	147920
GO_MF	147923
GO_MF	147929
GO_MF	147945
GO_MF	147947
GO_MF	147948
GO_MF	147949
GO_MF	147965
GO_MF	147968
GO_MF	147991
GO_MF	148
GO_MF	148014
GO_MF	148022
GO_MF	148066
GO_MF	148103
GO_MF	148137
GO_MF	148156
GO_MF	1482
GO_MF	148203
GO_MF	148213
GO_MF	148223
GO_MF	148229
GO_MF	148252
GO_MF	148254
GO_MF	148266
GO_MF	148268
GO_MF	148281
GO_MF	148304
GO_MF	148327
GO_MF	148362
GO_MF	148398
GO_MF	148423
GO_MF	148479
GO_MF	148523
GO_MF	148534
GO_MF	148581
GO_MF	1486
GO_MF	1487
GO_MF	148738
GO_MF	148741
GO_MF	148753
GO_MF	148789
GO_MF	1488
GO_MF	148808
GO_MF	148811
GO_MF	148823
GO_MF	148867
GO_MF	148870
GO_MF	1489
GO_MF	148932
GO_MF	1490
GO_MF	149018
GO_MF	149041
GO_MF	149069
GO_MF	149076
GO_MF	149095
GO_MF	1491
GO_MF	149111
GO_MF	149175
GO_MF	149233
GO_MF	1493
GO_MF	149345
GO_MF	149371
GO_MF	149420
GO_MF	149428
GO_MF	149461
GO_MF	149473
GO_MF	149483
GO_MF	1495
GO_MF	149563
GO_MF	1496
GO_MF	149603
GO_MF	149628
GO_MF	149647
GO_MF	149699
GO_MF	1497
GO_MF	149708
GO_MF	149840
GO_MF	1499
GO_MF	149951
GO_MF	149954
GO_MF	149986
GO_MF	149998
GO_MF	15
GO_MF	150
GO_MF	150082
GO_MF	1501
GO_MF	150159
GO_MF	150160
GO_MF	150209
GO_MF	150223
GO_MF	150248
GO_MF	150275
GO_MF	150280
GO_MF	150290
GO_MF	1503
GO_MF	150350
GO_MF	150353
GO_MF	150356
GO_MF	150368
GO_MF	150372
GO_MF	150379
GO_MF	150383
GO_MF	150465
GO_MF	150572
GO_MF	150590
GO_MF	1506
GO_MF	150677
GO_MF	150678
GO_MF	150684
GO_MF	150696
GO_MF	150737
GO_MF	150763
GO_MF	150771
GO_MF	1508
GO_MF	150864
GO_MF	1509
GO_MF	150962
GO_MF	151
GO_MF	1510
GO_MF	151011
GO_MF	151050
GO_MF	151056
GO_MF	1511
GO_MF	151112
GO_MF	151126
GO_MF	151188
GO_MF	151194
GO_MF	151195
GO_MF	1512
GO_MF	151230
GO_MF	151242
GO_MF	151246
GO_MF	151254
GO_MF	151258
GO_MF	151295
GO_MF	1513
GO_MF	151306
GO_MF	151354
GO_MF	151393
GO_MF	1514
GO_MF	151449
GO_MF	151473
GO_MF	1515
GO_MF	151516
GO_MF	151525
GO_MF	151531
GO_MF	151556
GO_MF	151613
GO_MF	151636
GO_MF	151647
GO_MF	151648
GO_MF	151649
GO_MF	151651
GO_MF	151742
GO_MF	151790
GO_MF	151827
GO_MF	151835
GO_MF	151871
GO_MF	151887
GO_MF	151888
GO_MF	1519
GO_MF	151903
GO_MF	151963
GO_MF	151987
GO_MF	152
GO_MF	1520
GO_MF	152002
GO_MF	152006
GO_MF	152007
GO_MF	152078
GO_MF	152098
GO_MF	1521
GO_MF	152100
GO_MF	152110
GO_MF	152137
GO_MF	152185
GO_MF	152189
GO_MF	1522
GO_MF	152206
GO_MF	152217
GO_MF	152225
GO_MF	152273
GO_MF	1523
GO_MF	152330
GO_MF	1524
GO_MF	152404
GO_MF	152405
GO_MF	152485
GO_MF	1525
GO_MF	152503
GO_MF	152518
GO_MF	152559
GO_MF	152586
GO_MF	152687
GO_MF	1527
GO_MF	152756
GO_MF	152789
GO_MF	1528
GO_MF	152815
GO_MF	152816
GO_MF	152831
GO_MF	152926
GO_MF	152940
GO_MF	152992
GO_MF	153
GO_MF	153020
GO_MF	153090
GO_MF	153129
GO_MF	153218
GO_MF	153222
GO_MF	153241
GO_MF	153328
GO_MF	153339
GO_MF	153364
GO_MF	1534
GO_MF	153443
GO_MF	153478
GO_MF	1535
GO_MF	153527
GO_MF	153562
GO_MF	153572
GO_MF	153579
GO_MF	1536
GO_MF	153642
GO_MF	153643
GO_MF	153657
GO_MF	1537
GO_MF	153733
GO_MF	153768
GO_MF	153769
GO_MF	1538
GO_MF	153830
GO_MF	1539
GO_MF	153918
GO_MF	154
GO_MF	1540
GO_MF	154007
GO_MF	154043
GO_MF	154075
GO_MF	154091
GO_MF	154141
GO_MF	154197
GO_MF	154214
GO_MF	154288
GO_MF	1543
GO_MF	154313
GO_MF	1544
GO_MF	154467
GO_MF	1545
GO_MF	154664
GO_MF	154743
GO_MF	154790
GO_MF	154791
GO_MF	154796
GO_MF	1548
GO_MF	154807
GO_MF	154810
GO_MF	154865
GO_MF	154881
GO_MF	155
GO_MF	155038
GO_MF	155051
GO_MF	155054
GO_MF	155061
GO_MF	155066
GO_MF	1551
GO_MF	155185
GO_MF	1553
GO_MF	155368
GO_MF	155382
GO_MF	155435
GO_MF	155465
GO_MF	1555
GO_MF	1557
GO_MF	1558
GO_MF	1559
GO_MF	156
GO_MF	1562
GO_MF	1564
GO_MF	1565
GO_MF	157
GO_MF	1571
GO_MF	1572
GO_MF	157285
GO_MF	1573
GO_MF	157310
GO_MF	157313
GO_MF	157378
GO_MF	157506
GO_MF	157567
GO_MF	157570
GO_MF	157574
GO_MF	1576
GO_MF	157638
GO_MF	157657
GO_MF	157680
GO_MF	157697
GO_MF	1577
GO_MF	157724
GO_MF	157753
GO_MF	157769
GO_MF	157773
GO_MF	157777
GO_MF	157807
GO_MF	157848
GO_MF	157855
GO_MF	157869
GO_MF	1579
GO_MF	157922
GO_MF	158
GO_MF	1580
GO_MF	158038
GO_MF	158062
GO_MF	158067
GO_MF	1581
GO_MF	158131
GO_MF	158135
GO_MF	158158
GO_MF	1582
GO_MF	158219
GO_MF	158234
GO_MF	158293
GO_MF	158297
GO_MF	1583
GO_MF	158326
GO_MF	158399
GO_MF	1584
GO_MF	158401
GO_MF	158405
GO_MF	158427
GO_MF	158431
GO_MF	158471
GO_MF	1585
GO_MF	158506
GO_MF	158584
GO_MF	158586
GO_MF	1586
GO_MF	158747
GO_MF	158763
GO_MF	158787
GO_MF	158798
GO_MF	1588
GO_MF	158800
GO_MF	158809
GO_MF	158830
GO_MF	158833
GO_MF	158866
GO_MF	158880
GO_MF	159
GO_MF	159013
GO_MF	159090
GO_MF	159091
GO_MF	1591
GO_MF	159195
GO_MF	1592
GO_MF	159296
GO_MF	1593
GO_MF	159371
GO_MF	1594
GO_MF	159686
GO_MF	159963
GO_MF	159989
GO_MF	16
GO_MF	160
GO_MF	1600
GO_MF	160065
GO_MF	1601
GO_MF	160140
GO_MF	1602
GO_MF	160287
GO_MF	1603
GO_MF	160335
GO_MF	160364
GO_MF	160365
GO_MF	1604
GO_MF	160418
GO_MF	160419
GO_MF	160428
GO_MF	1605
GO_MF	160518
GO_MF	1606
GO_MF	160622
GO_MF	1607
GO_MF	160728
GO_MF	160760
GO_MF	160777
GO_MF	1608
GO_MF	160851
GO_MF	1609
GO_MF	161
GO_MF	1610
GO_MF	161003
GO_MF	1611
GO_MF	161145
GO_MF	161176
GO_MF	161198
GO_MF	1612
GO_MF	161247
GO_MF	161253
GO_MF	161291
GO_MF	1613
GO_MF	161394
GO_MF	161424
GO_MF	161436
GO_MF	1615
GO_MF	161502
GO_MF	161514
GO_MF	161582
GO_MF	1616
GO_MF	161725
GO_MF	161742
GO_MF	161753
GO_MF	1618
GO_MF	161823
GO_MF	161829
GO_MF	161882
GO_MF	161931
GO_MF	162
GO_MF	1620
GO_MF	1621
GO_MF	162239
GO_MF	162333
GO_MF	162394
GO_MF	162417
GO_MF	162427
GO_MF	162461
GO_MF	162466
GO_MF	162494
GO_MF	162514
GO_MF	162515
GO_MF	162517
GO_MF	162540
GO_MF	162655
GO_MF	162681
GO_MF	1627
GO_MF	1628
GO_MF	1629
GO_MF	162962
GO_MF	162963
GO_MF	162967
GO_MF	162968
GO_MF	162972
GO_MF	162979
GO_MF	162989
GO_MF	162993
GO_MF	162998
GO_MF	163
GO_MF	1630
GO_MF	163033
GO_MF	163049
GO_MF	163050
GO_MF	163051
GO_MF	163071
GO_MF	163081
GO_MF	163087
GO_MF	163115
GO_MF	163126
GO_MF	163131
GO_MF	163183
GO_MF	1632
GO_MF	163227
GO_MF	163255
GO_MF	163259
GO_MF	1633
GO_MF	163351
GO_MF	1634
GO_MF	163404
GO_MF	163486
GO_MF	1635
GO_MF	163590
GO_MF	1636
GO_MF	163688
GO_MF	163702
GO_MF	163720
GO_MF	163732
GO_MF	163782
GO_MF	163786
GO_MF	1638
GO_MF	163859
GO_MF	163882
GO_MF	1639
GO_MF	164
GO_MF	164045
GO_MF	164091
GO_MF	1641
GO_MF	164127
GO_MF	164153
GO_MF	1642
GO_MF	164237
GO_MF	164284
GO_MF	1643
GO_MF	164312
GO_MF	164395
GO_MF	1644
GO_MF	1645
GO_MF	164592
GO_MF	1646
GO_MF	164633
GO_MF	164656
GO_MF	164684
GO_MF	1647
GO_MF	164781
GO_MF	164832
GO_MF	1649
GO_MF	165
GO_MF	1650
GO_MF	165055
GO_MF	165082
GO_MF	165100
GO_MF	165140
GO_MF	165186
GO_MF	1653
GO_MF	165324
GO_MF	1654
GO_MF	1655
GO_MF	165530
GO_MF	165545
GO_MF	1656
GO_MF	165631
GO_MF	165679
GO_MF	165721
GO_MF	165829
GO_MF	1659
GO_MF	165904
GO_MF	165918
GO_MF	166
GO_MF	1660
GO_MF	166012
GO_MF	1662
GO_MF	1663
GO_MF	166336
GO_MF	166348
GO_MF	166378
GO_MF	166379
GO_MF	1665
GO_MF	1666
GO_MF	166614
GO_MF	166647
GO_MF	166752
GO_MF	166785
GO_MF	166793
GO_MF	166815
GO_MF	166824
GO_MF	166863
GO_MF	1669
GO_MF	166929
GO_MF	166968
GO_MF	166979
GO_MF	167
GO_MF	1670
GO_MF	1671
GO_MF	167153
GO_MF	1672
GO_MF	167227
GO_MF	167359
GO_MF	1674
GO_MF	167410
GO_MF	167465
GO_MF	1675
GO_MF	1676
GO_MF	167681
GO_MF	167691
GO_MF	1677
GO_MF	1678
GO_MF	167826
GO_MF	167838
GO_MF	168002
GO_MF	168374
GO_MF	168391
GO_MF	168400
GO_MF	168433
GO_MF	168448
GO_MF	168451
GO_MF	168507
GO_MF	168537
GO_MF	168544
GO_MF	168620
GO_MF	168667
GO_MF	1687
GO_MF	168850
GO_MF	1690
GO_MF	169026
GO_MF	169044
GO_MF	169270
GO_MF	169355
GO_MF	169436
GO_MF	169522
GO_MF	169611
GO_MF	169693
GO_MF	169714
GO_MF	169792
GO_MF	169834
GO_MF	169841
GO_MF	169966
GO_MF	169981
GO_MF	170062
GO_MF	170082
GO_MF	170261
GO_MF	170302
GO_MF	170370
GO_MF	170384
GO_MF	170392
GO_MF	170394
GO_MF	170482
GO_MF	170506
GO_MF	170572
GO_MF	170575
GO_MF	170589
GO_MF	170591
GO_MF	170622
GO_MF	170626
GO_MF	170679
GO_MF	170680
GO_MF	170685
GO_MF	170689
GO_MF	170690
GO_MF	170691
GO_MF	170692
GO_MF	170850
GO_MF	170954
GO_MF	170959
GO_MF	170960
GO_MF	170961
GO_MF	171017
GO_MF	171019
GO_MF	171023
GO_MF	171024
GO_MF	171177
GO_MF	171389
GO_MF	171425
GO_MF	171482
GO_MF	171483
GO_MF	171484
GO_MF	171546
GO_MF	171558
GO_MF	171568
GO_MF	171586
GO_MF	1716
GO_MF	1717
GO_MF	1718
GO_MF	1719
GO_MF	1723
GO_MF	1725
GO_MF	1727
GO_MF	1728
GO_MF	1729
GO_MF	173
GO_MF	1730
GO_MF	1731
GO_MF	1733
GO_MF	1734
GO_MF	1735
GO_MF	1736
GO_MF	1737
GO_MF	1738
GO_MF	1739
GO_MF	174
GO_MF	1740
GO_MF	1741
GO_MF	1742
GO_MF	1745
GO_MF	1746
GO_MF	1747
GO_MF	1748
GO_MF	1749
GO_MF	175
GO_MF	1750
GO_MF	1755
GO_MF	1756
GO_MF	1757
GO_MF	1758
GO_MF	1759
GO_MF	176
GO_MF	1760
GO_MF	1761
GO_MF	1762
GO_MF	1763
GO_MF	1767
GO_MF	1768
GO_MF	1769
GO_MF	177
GO_MF	1770
GO_MF	1773
GO_MF	1774
GO_MF	1775
GO_MF	1776
GO_MF	1777
GO_MF	1778
GO_MF	178
GO_MF	1780
GO_MF	1781
GO_MF	1783
GO_MF	1785
GO_MF	1786
GO_MF	1787
GO_MF	1788
GO_MF	1789
GO_MF	1791
GO_MF	1793
GO_MF	1794
GO_MF	1795
GO_MF	1796
GO_MF	1797
GO_MF	1798
GO_MF	18
GO_MF	1800
GO_MF	1802
GO_MF	1803
GO_MF	1804
GO_MF	1805
GO_MF	1806
GO_MF	1807
GO_MF	1808
GO_MF	1809
GO_MF	181
GO_MF	1810
GO_MF	1811
GO_MF	1812
GO_MF	1813
GO_MF	1814
GO_MF	1816
GO_MF	1819
GO_MF	182
GO_MF	1820
GO_MF	1821
GO_MF	1822
GO_MF	1823
GO_MF	1824
GO_MF	1825
GO_MF	1826
GO_MF	1827
GO_MF	1828
GO_MF	1829
GO_MF	183
GO_MF	1830
GO_MF	1831
GO_MF	1832
GO_MF	1833
GO_MF	1834
GO_MF	1836
GO_MF	1837
GO_MF	1838
GO_MF	1839
GO_MF	1840
GO_MF	1841
GO_MF	1842
GO_MF	1843
GO_MF	1844
GO_MF	1845
GO_MF	1846
GO_MF	1847
GO_MF	1848
GO_MF	1849
GO_MF	185
GO_MF	1850
GO_MF	1852
GO_MF	1854
GO_MF	1855
GO_MF	1856
GO_MF	1857
GO_MF	1859
GO_MF	186
GO_MF	1861
GO_MF	1869
GO_MF	187
GO_MF	1870
GO_MF	1871
GO_MF	1874
GO_MF	1875
GO_MF	1876
GO_MF	1877
GO_MF	1879
GO_MF	1880
GO_MF	1889
GO_MF	189
GO_MF	1890
GO_MF	1891
GO_MF	1892
GO_MF	1893
GO_MF	1894
GO_MF	1896
GO_MF	19
GO_MF	190
GO_MF	1901
GO_MF	1902
GO_MF	1903
GO_MF	1906
GO_MF	1907
GO_MF	1908
GO_MF	1909
GO_MF	191
GO_MF	1910
GO_MF	1911
GO_MF	1912
GO_MF	1915
GO_MF	1917
GO_MF	192111
GO_MF	192134
GO_MF	192666
GO_MF	192668
GO_MF	192669
GO_MF	192670
GO_MF	192683
GO_MF	1933
GO_MF	1936
GO_MF	1938
GO_MF	1939
GO_MF	1942
GO_MF	1943
GO_MF	1944
GO_MF	1945
GO_MF	1946
GO_MF	1947
GO_MF	1948
GO_MF	1949
GO_MF	1950
GO_MF	1951
GO_MF	1952
GO_MF	1953
GO_MF	1954
GO_MF	1956
GO_MF	1958
GO_MF	195814
GO_MF	1959
GO_MF	196
GO_MF	1960
GO_MF	196051
GO_MF	196074
GO_MF	1961
GO_MF	1962
GO_MF	196264
GO_MF	196294
GO_MF	196374
GO_MF	196383
GO_MF	196385
GO_MF	1964
GO_MF	196403
GO_MF	196410
GO_MF	196441
GO_MF	196446
GO_MF	196463
GO_MF	196472
GO_MF	196477
GO_MF	1965
GO_MF	196500
GO_MF	196513
GO_MF	196527
GO_MF	196528
GO_MF	196541
GO_MF	1967
GO_MF	196740
GO_MF	196743
GO_MF	196792
GO_MF	1968
GO_MF	196883
GO_MF	1969
GO_MF	196996
GO_MF	197
GO_MF	197021
GO_MF	197131
GO_MF	197135
GO_MF	197257
GO_MF	197258
GO_MF	197259
GO_MF	1973
GO_MF	197320
GO_MF	197322
GO_MF	197335
GO_MF	197342
GO_MF	197358
GO_MF	197370
GO_MF	1974
GO_MF	197407
GO_MF	1975
GO_MF	1977
GO_MF	1978
GO_MF	1979
GO_MF	1981
GO_MF	1982
GO_MF	1983
GO_MF	1984
GO_MF	198437
GO_MF	199
GO_MF	1990
GO_MF	1991
GO_MF	1992
GO_MF	199221
GO_MF	1993
GO_MF	1994
GO_MF	1995
GO_MF	1996
GO_MF	199675
GO_MF	199692
GO_MF	199699
GO_MF	1997
GO_MF	199704
GO_MF	199713
GO_MF	199720
GO_MF	199731
GO_MF	199745
GO_MF	199746
GO_MF	199777
GO_MF	199786
GO_MF	1998
GO_MF	199857
GO_MF	1999
GO_MF	199920
GO_MF	199953
GO_MF	199964
GO_MF	199974
GO_MF	199990
GO_MF	2
GO_MF	20
GO_MF	2000
GO_MF	200010
GO_MF	200014
GO_MF	200035
GO_MF	200081
GO_MF	2001
GO_MF	200132
GO_MF	200150
GO_MF	200172
GO_MF	200185
GO_MF	200186
GO_MF	2002
GO_MF	200205
GO_MF	200232
GO_MF	200312
GO_MF	200316
GO_MF	200373
GO_MF	2004
GO_MF	200424
GO_MF	2005
GO_MF	200504
GO_MF	200523
GO_MF	200539
GO_MF	200558
GO_MF	200576
GO_MF	2006
GO_MF	200634
GO_MF	200728
GO_MF	200734
GO_MF	200765
GO_MF	200845
GO_MF	200879
GO_MF	200894
GO_MF	200895
GO_MF	2009
GO_MF	200916
GO_MF	200931
GO_MF	200933
GO_MF	200958
GO_MF	200959
GO_MF	2010
GO_MF	2011
GO_MF	201134
GO_MF	201140
GO_MF	201161
GO_MF	201163
GO_MF	201164
GO_MF	201176
GO_MF	201181
GO_MF	201191
GO_MF	2012
GO_MF	201254
GO_MF	201255
GO_MF	201266
GO_MF	201294
GO_MF	201299
GO_MF	2013
GO_MF	201305
GO_MF	2014
GO_MF	201456
GO_MF	201475
GO_MF	2015
GO_MF	201501
GO_MF	201514
GO_MF	201516
GO_MF	201562
GO_MF	201595
GO_MF	2016
GO_MF	201625
GO_MF	201626
GO_MF	201627
GO_MF	201633
GO_MF	2017
GO_MF	201725
GO_MF	201780
GO_MF	201798
GO_MF	201799
GO_MF	2018
GO_MF	201895
GO_MF	2019
GO_MF	201931
GO_MF	201965
GO_MF	201973
GO_MF	202
GO_MF	2020
GO_MF	202018
GO_MF	202051
GO_MF	202052
GO_MF	2021
GO_MF	202134
GO_MF	202151
GO_MF	2022
GO_MF	202243
GO_MF	2023
GO_MF	202374
GO_MF	202500
GO_MF	202559
GO_MF	2026
GO_MF	2027
GO_MF	2028
GO_MF	2029
GO_MF	202915
GO_MF	203
GO_MF	2030
GO_MF	203054
GO_MF	203062
GO_MF	203068
GO_MF	203069
GO_MF	203074
GO_MF	203076
GO_MF	203100
GO_MF	203102
GO_MF	203111
GO_MF	203197
GO_MF	203228
GO_MF	203245
GO_MF	203259
GO_MF	203260
GO_MF	203274
GO_MF	203286
GO_MF	2033
GO_MF	203328
GO_MF	2034
GO_MF	203430
GO_MF	203447
GO_MF	2035
GO_MF	203523
GO_MF	203547
GO_MF	203562
GO_MF	2036
GO_MF	2037
GO_MF	2038
GO_MF	203859
GO_MF	2039
GO_MF	204
GO_MF	2040
GO_MF	2041
GO_MF	2042
GO_MF	204219
GO_MF	2043
GO_MF	2044
GO_MF	204474
GO_MF	2045
GO_MF	2046
GO_MF	2047
GO_MF	2048
GO_MF	204801
GO_MF	204851
GO_MF	2049
GO_MF	204962
GO_MF	205
GO_MF	2050
GO_MF	2051
GO_MF	205147
GO_MF	2052
GO_MF	205251
GO_MF	2053
GO_MF	2054
GO_MF	2055
GO_MF	205564
GO_MF	2056
GO_MF	2057
GO_MF	205717
GO_MF	2058
GO_MF	205860
GO_MF	2059
GO_MF	2060
GO_MF	2063
GO_MF	206338
GO_MF	206358
GO_MF	2064
GO_MF	206412
GO_MF	2065
GO_MF	2066
GO_MF	2067
GO_MF	2068
GO_MF	2069
GO_MF	207
GO_MF	2070
GO_MF	207063
GO_MF	2071
GO_MF	2072
GO_MF	2073
GO_MF	2074
GO_MF	2077
GO_MF	2078
GO_MF	2079
GO_MF	208
GO_MF	2081
GO_MF	2086
GO_MF	2091
GO_MF	2098
GO_MF	2099
GO_MF	21
GO_MF	210
GO_MF	2100
GO_MF	2101
GO_MF	2103
GO_MF	2104
GO_MF	2107
GO_MF	2108
GO_MF	2109
GO_MF	211
GO_MF	2110
GO_MF	2113
GO_MF	2114
GO_MF	2115
GO_MF	2116
GO_MF	2117
GO_MF	2118
GO_MF	2119
GO_MF	212
GO_MF	2120
GO_MF	2122
GO_MF	2123
GO_MF	2124
GO_MF	2125
GO_MF	2128
GO_MF	213
GO_MF	2130
GO_MF	2131
GO_MF	2132
GO_MF	2134
GO_MF	2135
GO_MF	2137
GO_MF	2138
GO_MF	2139
GO_MF	214
GO_MF	2140
GO_MF	2145
GO_MF	2146
GO_MF	2147
GO_MF	2149
GO_MF	2150
GO_MF	2151
GO_MF	2152
GO_MF	2153
GO_MF	2155
GO_MF	2157
GO_MF	2158
GO_MF	2159
GO_MF	216
GO_MF	2160
GO_MF	2161
GO_MF	2162
GO_MF	2166
GO_MF	2167
GO_MF	2168
GO_MF	2169
GO_MF	217
GO_MF	2170
GO_MF	2171
GO_MF	2172
GO_MF	2173
GO_MF	2175
GO_MF	2176
GO_MF	2177
GO_MF	2178
GO_MF	218
GO_MF	2180
GO_MF	2181
GO_MF	2182
GO_MF	2184
GO_MF	2185
GO_MF	2186
GO_MF	2187
GO_MF	2188
GO_MF	2189
GO_MF	219
GO_MF	2191
GO_MF	2192
GO_MF	219285
GO_MF	219287
GO_MF	219293
GO_MF	2193
GO_MF	219333
GO_MF	219348
GO_MF	2194
GO_MF	219402
GO_MF	219409
GO_MF	2195
GO_MF	219527
GO_MF	219537
GO_MF	219539
GO_MF	219541
GO_MF	219557
GO_MF	219578
GO_MF	2196
GO_MF	219621
GO_MF	219654
GO_MF	219670
GO_MF	219699
GO_MF	2197
GO_MF	219736
GO_MF	219738
GO_MF	219743
GO_MF	219749
GO_MF	219770
GO_MF	219771
GO_MF	219793
GO_MF	219833
GO_MF	219844
GO_MF	219854
GO_MF	219855
GO_MF	219899
GO_MF	2199
GO_MF	219927
GO_MF	219931
GO_MF	219970
GO_MF	219972
GO_MF	219988
GO_MF	219990
GO_MF	22
GO_MF	220
GO_MF	2200
GO_MF	220001
GO_MF	220002
GO_MF	220004
GO_MF	220047
GO_MF	220064
GO_MF	220082
GO_MF	2201
GO_MF	220107
GO_MF	220108
GO_MF	220136
GO_MF	220164
GO_MF	2202
GO_MF	220202
GO_MF	220213
GO_MF	2203
GO_MF	220359
GO_MF	220388
GO_MF	2204
GO_MF	220441
GO_MF	2205
GO_MF	2206
GO_MF	2207
GO_MF	2208
GO_MF	220929
GO_MF	220963
GO_MF	220965
GO_MF	220972
GO_MF	220988
GO_MF	220992
GO_MF	221
GO_MF	221002
GO_MF	221035
GO_MF	221037
GO_MF	221044
GO_MF	221061
GO_MF	221074
GO_MF	221078
GO_MF	221079
GO_MF	221092
GO_MF	221120
GO_MF	221143
GO_MF	221150
GO_MF	221154
GO_MF	221178
GO_MF	221184
GO_MF	221188
GO_MF	221191
GO_MF	2212
GO_MF	221223
GO_MF	221264
GO_MF	221294
GO_MF	2213
GO_MF	221301
GO_MF	221302
GO_MF	221322
GO_MF	221336
GO_MF	221391
GO_MF	221393
GO_MF	221395
GO_MF	221409
GO_MF	221421
GO_MF	221424
GO_MF	221443
GO_MF	221458
GO_MF	221472
GO_MF	221476
GO_MF	221477
GO_MF	221481
GO_MF	221496
GO_MF	2215
GO_MF	221527
GO_MF	221656
GO_MF	221662
GO_MF	221687
GO_MF	221692
GO_MF	2217
GO_MF	221718
GO_MF	221749
GO_MF	221785
GO_MF	221786
GO_MF	2218
GO_MF	221806
GO_MF	221823
GO_MF	221833
GO_MF	221895
GO_MF	2219
GO_MF	221908
GO_MF	221914
GO_MF	221927
GO_MF	221935
GO_MF	221937
GO_MF	221938
GO_MF	221955
GO_MF	221981
GO_MF	222
GO_MF	2220
GO_MF	222008
GO_MF	222166
GO_MF	222171
GO_MF	222183
GO_MF	222194
GO_MF	2222
GO_MF	222223
GO_MF	222229
GO_MF	222234
GO_MF	222236
GO_MF	222255
GO_MF	222256
GO_MF	222389
GO_MF	2224
GO_MF	222484
GO_MF	222487
GO_MF	222537
GO_MF	222545
GO_MF	222546
GO_MF	222553
GO_MF	222584
GO_MF	222611
GO_MF	222642
GO_MF	222643
GO_MF	222658
GO_MF	222659
GO_MF	222662
GO_MF	222663
GO_MF	222696
GO_MF	222698
GO_MF	222826
GO_MF	222865
GO_MF	222894
GO_MF	222962
GO_MF	223
GO_MF	2230
GO_MF	223075
GO_MF	223082
GO_MF	223117
GO_MF	2232
GO_MF	2235
GO_MF	2237
GO_MF	2239
GO_MF	224
GO_MF	2241
GO_MF	2242
GO_MF	2243
GO_MF	2244
GO_MF	2245
GO_MF	2246
GO_MF	2247
GO_MF	2248
GO_MF	2249
GO_MF	225
GO_MF	2250
GO_MF	2251
GO_MF	2252
GO_MF	2253
GO_MF	2254
GO_MF	2255
GO_MF	2256
GO_MF	225689
GO_MF	2257
GO_MF	2258
GO_MF	2259
GO_MF	2260
GO_MF	2261
GO_MF	2262
GO_MF	2263
GO_MF	2264
GO_MF	2266
GO_MF	2267
GO_MF	2268
GO_MF	2271
GO_MF	2272
GO_MF	2273
GO_MF	2274
GO_MF	2275
GO_MF	22794
GO_MF	22795
GO_MF	22796
GO_MF	22797
GO_MF	2280
GO_MF	22800
GO_MF	22801
GO_MF	22802
GO_MF	22803
GO_MF	22806
GO_MF	22807
GO_MF	22808
GO_MF	22809
GO_MF	2281
GO_MF	22820
GO_MF	22821
GO_MF	22822
GO_MF	22823
GO_MF	22824
GO_MF	22826
GO_MF	22827
GO_MF	22828
GO_MF	22829
GO_MF	22832
GO_MF	22834
GO_MF	22836
GO_MF	22837
GO_MF	22838
GO_MF	22839
GO_MF	22841
GO_MF	22843
GO_MF	22844
GO_MF	22845
GO_MF	22846
GO_MF	22847
GO_MF	22848
GO_MF	22849
GO_MF	22850
GO_MF	22852
GO_MF	22853
GO_MF	22854
GO_MF	22856
GO_MF	22858
GO_MF	22859
GO_MF	2286
GO_MF	22861
GO_MF	22862
GO_MF	22863
GO_MF	22864
GO_MF	22865
GO_MF	22866
GO_MF	22868
GO_MF	22869
GO_MF	2287
GO_MF	22870
GO_MF	22871
GO_MF	22872
GO_MF	22873
GO_MF	22874
GO_MF	22875
GO_MF	22876
GO_MF	22877
GO_MF	22878
GO_MF	22879
GO_MF	2288
GO_MF	22880
GO_MF	22882
GO_MF	22883
GO_MF	22884
GO_MF	22885
GO_MF	22887
GO_MF	22888
GO_MF	22889
GO_MF	2289
GO_MF	22890
GO_MF	22891
GO_MF	22893
GO_MF	22894
GO_MF	22895
GO_MF	22897
GO_MF	22898
GO_MF	22899
GO_MF	229
GO_MF	2290
GO_MF	22900
GO_MF	22901
GO_MF	22902
GO_MF	22903
GO_MF	22904
GO_MF	22905
GO_MF	22906
GO_MF	22907
GO_MF	22908
GO_MF	22909
GO_MF	22911
GO_MF	22913
GO_MF	22915
GO_MF	22916
GO_MF	22917
GO_MF	22918
GO_MF	22919
GO_MF	22920
GO_MF	22921
GO_MF	22924
GO_MF	22925
GO_MF	22926
GO_MF	22927
GO_MF	22928
GO_MF	22929
GO_MF	22930
GO_MF	22931
GO_MF	22933
GO_MF	22934
GO_MF	22936
GO_MF	22937
GO_MF	22938
GO_MF	2294
GO_MF	22941
GO_MF	22943
GO_MF	22944
GO_MF	22948
GO_MF	22949
GO_MF	2295
GO_MF	22950
GO_MF	22953
GO_MF	22954
GO_MF	22955
GO_MF	2296
GO_MF	2297
GO_MF	22974
GO_MF	22976
GO_MF	22978
GO_MF	22979
GO_MF	2298
GO_MF	22980
GO_MF	22981
GO_MF	22982
GO_MF	22983
GO_MF	22984
GO_MF	22985
GO_MF	22986
GO_MF	22987
GO_MF	22989
GO_MF	2299
GO_MF	22992
GO_MF	22993
GO_MF	22994
GO_MF	22995
GO_MF	22996
GO_MF	22998
GO_MF	22999
GO_MF	23
GO_MF	230
GO_MF	2300
GO_MF	23001
GO_MF	23002
GO_MF	23005
GO_MF	23007
GO_MF	23008
GO_MF	2301
GO_MF	23011
GO_MF	23012
GO_MF	23013
GO_MF	23014
GO_MF	23016
GO_MF	23017
GO_MF	23019
GO_MF	2302
GO_MF	23020
GO_MF	23022
GO_MF	23023
GO_MF	23024
GO_MF	23025
GO_MF	23026
GO_MF	23028
GO_MF	23029
GO_MF	2303
GO_MF	23030
GO_MF	23031
GO_MF	23032
GO_MF	23034
GO_MF	23035
GO_MF	23036
GO_MF	23038
GO_MF	23039
GO_MF	2304
GO_MF	23040
GO_MF	23041
GO_MF	23042
GO_MF	23043
GO_MF	23046
GO_MF	23047
GO_MF	23048
GO_MF	23049
GO_MF	23051
GO_MF	23052
GO_MF	23053
GO_MF	23054
GO_MF	23057
GO_MF	23059
GO_MF	2306
GO_MF	23060
GO_MF	23061
GO_MF	23062
GO_MF	23063
GO_MF	23064
GO_MF	23065
GO_MF	23066
GO_MF	23067
GO_MF	2307
GO_MF	23070
GO_MF	23071
GO_MF	23072
GO_MF	23074
GO_MF	23075
GO_MF	23076
GO_MF	23077
GO_MF	23078
GO_MF	2308
GO_MF	23081
GO_MF	23082
GO_MF	23085
GO_MF	23086
GO_MF	23087
GO_MF	23089
GO_MF	2309
GO_MF	23090
GO_MF	23091
GO_MF	23092
GO_MF	23093
GO_MF	23094
GO_MF	23095
GO_MF	23096
GO_MF	23097
GO_MF	23098
GO_MF	23099
GO_MF	231
GO_MF	23102
GO_MF	23105
GO_MF	23107
GO_MF	23108
GO_MF	23111
GO_MF	23112
GO_MF	23113
GO_MF	23114
GO_MF	23116
GO_MF	23118
GO_MF	23119
GO_MF	2312
GO_MF	23120
GO_MF	23122
GO_MF	23125
GO_MF	23126
GO_MF	23127
GO_MF	23129
GO_MF	2313
GO_MF	23130
GO_MF	23131
GO_MF	23132
GO_MF	23133
GO_MF	23135
GO_MF	23136
GO_MF	23137
GO_MF	23138
GO_MF	23139
GO_MF	2314
GO_MF	23140
GO_MF	23141
GO_MF	23142
GO_MF	23143
GO_MF	23144
GO_MF	23145
GO_MF	23148
GO_MF	23149
GO_MF	2315
GO_MF	23151
GO_MF	23152
GO_MF	23154
GO_MF	23155
GO_MF	23157
GO_MF	23158
GO_MF	2316
GO_MF	23160
GO_MF	23161
GO_MF	23162
GO_MF	23163
GO_MF	23164
GO_MF	23165
GO_MF	23166
GO_MF	23168
GO_MF	23169
GO_MF	2317
GO_MF	23170
GO_MF	23171
GO_MF	23172
GO_MF	23173
GO_MF	23174
GO_MF	23175
GO_MF	23176
GO_MF	23177
GO_MF	23178
GO_MF	23179
GO_MF	2318
GO_MF	23180
GO_MF	23181
GO_MF	23184
GO_MF	23185
GO_MF	23186
GO_MF	23187
GO_MF	23189
GO_MF	2319
GO_MF	23190
GO_MF	23191
GO_MF	23192
GO_MF	23193
GO_MF	23194
GO_MF	23195
GO_MF	23196
GO_MF	23197
GO_MF	23198
GO_MF	23199
GO_MF	23200
GO_MF	23201
GO_MF	23203
GO_MF	23204
GO_MF	23205
GO_MF	23207
GO_MF	23208
GO_MF	23209
GO_MF	2321
GO_MF	23210
GO_MF	23211
GO_MF	23212
GO_MF	23213
GO_MF	23215
GO_MF	23216
GO_MF	23217
GO_MF	23218
GO_MF	23219
GO_MF	2322
GO_MF	23220
GO_MF	23221
GO_MF	23223
GO_MF	23224
GO_MF	23225
GO_MF	23228
GO_MF	23229
GO_MF	2323
GO_MF	23230
GO_MF	23232
GO_MF	23233
GO_MF	23234
GO_MF	23235
GO_MF	23236
GO_MF	23237
GO_MF	23239
GO_MF	2324
GO_MF	23241
GO_MF	23242
GO_MF	23243
GO_MF	23244
GO_MF	23245
GO_MF	23246
GO_MF	23248
GO_MF	23250
GO_MF	23251
GO_MF	23252
GO_MF	23254
GO_MF	23255
GO_MF	23256
GO_MF	23258
GO_MF	23259
GO_MF	2326
GO_MF	23261
GO_MF	23262
GO_MF	23263
GO_MF	23264
GO_MF	23265
GO_MF	23266
GO_MF	23268
GO_MF	23269
GO_MF	2327
GO_MF	23270
GO_MF	23271
GO_MF	23272
GO_MF	23274
GO_MF	23275
GO_MF	23276
GO_MF	23277
GO_MF	23279
GO_MF	2328
GO_MF	23281
GO_MF	23283
GO_MF	23284
GO_MF	23286
GO_MF	23287
GO_MF	23288
GO_MF	2329
GO_MF	23291
GO_MF	23293
GO_MF	23294
GO_MF	23295
GO_MF	23299
GO_MF	2330
GO_MF	23300
GO_MF	23303
GO_MF	23304
GO_MF	23305
GO_MF	23306
GO_MF	23307
GO_MF	23308
GO_MF	23309
GO_MF	2331
GO_MF	23310
GO_MF	23312
GO_MF	23313
GO_MF	23314
GO_MF	23315
GO_MF	23316
GO_MF	23317
GO_MF	23318
GO_MF	2332
GO_MF	23321
GO_MF	23322
GO_MF	23324
GO_MF	23325
GO_MF	23326
GO_MF	23327
GO_MF	23328
GO_MF	23329
GO_MF	23331
GO_MF	23332
GO_MF	23333
GO_MF	23334
GO_MF	23336
GO_MF	23338
GO_MF	23339
GO_MF	2334
GO_MF	23344
GO_MF	23345
GO_MF	23347
GO_MF	23348
GO_MF	23349
GO_MF	2335
GO_MF	23350
GO_MF	23351
GO_MF	23352
GO_MF	23353
GO_MF	23354
GO_MF	23355
GO_MF	23357
GO_MF	23358
GO_MF	23360
GO_MF	23361
GO_MF	23362
GO_MF	23363
GO_MF	23365
GO_MF	23366
GO_MF	23367
GO_MF	23368
GO_MF	23369
GO_MF	23370
GO_MF	23371
GO_MF	23373
GO_MF	23376
GO_MF	23378
GO_MF	23379
GO_MF	23380
GO_MF	23381
GO_MF	23382
GO_MF	23383
GO_MF	23384
GO_MF	23385
GO_MF	23386
GO_MF	23387
GO_MF	23389
GO_MF	2339
GO_MF	23390
GO_MF	23392
GO_MF	23394
GO_MF	23395
GO_MF	23396
GO_MF	23397
GO_MF	23398
GO_MF	23399
GO_MF	23400
GO_MF	23403
GO_MF	23404
GO_MF	23405
GO_MF	23406
GO_MF	23408
GO_MF	23409
GO_MF	23410
GO_MF	23411
GO_MF	23412
GO_MF	23413
GO_MF	23414
GO_MF	23415
GO_MF	23416
GO_MF	23417
GO_MF	23418
GO_MF	2342
GO_MF	23421
GO_MF	23424
GO_MF	23426
GO_MF	23428
GO_MF	23429
GO_MF	23430
GO_MF	23431
GO_MF	23432
GO_MF	23433
GO_MF	23435
GO_MF	23438
GO_MF	23439
GO_MF	23440
GO_MF	23443
GO_MF	23446
GO_MF	23450
GO_MF	23451
GO_MF	23452
GO_MF	23456
GO_MF	23457
GO_MF	2346
GO_MF	23460
GO_MF	23461
GO_MF	23462
GO_MF	23463
GO_MF	23464
GO_MF	23466
GO_MF	23467
GO_MF	23468
GO_MF	23469
GO_MF	23471
GO_MF	23473
GO_MF	23474
GO_MF	23475
GO_MF	23476
GO_MF	23478
GO_MF	23479
GO_MF	2348
GO_MF	23480
GO_MF	23481
GO_MF	23483
GO_MF	23484
GO_MF	23491
GO_MF	23492
GO_MF	23493
GO_MF	23495
GO_MF	23498
GO_MF	23499
GO_MF	2350
GO_MF	23500
GO_MF	23503
GO_MF	23504
GO_MF	23505
GO_MF	23506
GO_MF	23507
GO_MF	23509
GO_MF	23510
GO_MF	23511
GO_MF	23512
GO_MF	23513
GO_MF	23514
GO_MF	23515
GO_MF	23516
GO_MF	23517
GO_MF	23518
GO_MF	2352
GO_MF	23520
GO_MF	23522
GO_MF	23523
GO_MF	23524
GO_MF	23526
GO_MF	23527
GO_MF	23528
GO_MF	23529
GO_MF	2353
GO_MF	23530
GO_MF	23531
GO_MF	23532
GO_MF	23533
GO_MF	23534
GO_MF	23536
GO_MF	23538
GO_MF	23539
GO_MF	2354
GO_MF	23541
GO_MF	23542
GO_MF	23543
GO_MF	23544
GO_MF	23545
GO_MF	23547
GO_MF	23548
GO_MF	23549
GO_MF	2355
GO_MF	23550
GO_MF	23551
GO_MF	23552
GO_MF	23553
GO_MF	23554
GO_MF	23555
GO_MF	23556
GO_MF	23557
GO_MF	23558
GO_MF	2356
GO_MF	23560
GO_MF	23562
GO_MF	23564
GO_MF	23566
GO_MF	23567
GO_MF	23568
GO_MF	23569
GO_MF	2357
GO_MF	23576
GO_MF	2358
GO_MF	23580
GO_MF	23581
GO_MF	23582
GO_MF	23583
GO_MF	23585
GO_MF	23586
GO_MF	23587
GO_MF	23588
GO_MF	23589
GO_MF	2359
GO_MF	23590
GO_MF	23591
GO_MF	23592
GO_MF	23593
GO_MF	23595
GO_MF	23596
GO_MF	23597
GO_MF	23598
GO_MF	23600
GO_MF	23601
GO_MF	23603
GO_MF	23604
GO_MF	23607
GO_MF	23608
GO_MF	23609
GO_MF	23612
GO_MF	23613
GO_MF	23616
GO_MF	23617
GO_MF	23619
GO_MF	23620
GO_MF	23621
GO_MF	23623
GO_MF	23624
GO_MF	23625
GO_MF	23626
GO_MF	23627
GO_MF	23630
GO_MF	23632
GO_MF	23633
GO_MF	23635
GO_MF	23636
GO_MF	23639
GO_MF	23640
GO_MF	23641
GO_MF	23643
GO_MF	23644
GO_MF	23645
GO_MF	23646
GO_MF	23647
GO_MF	23648
GO_MF	23649
GO_MF	23650
GO_MF	23654
GO_MF	23657
GO_MF	23658
GO_MF	23659
GO_MF	23660
GO_MF	23670
GO_MF	23671
GO_MF	23673
GO_MF	23677
GO_MF	23682
GO_MF	23683
GO_MF	23704
GO_MF	23705
GO_MF	23708
GO_MF	23710
GO_MF	23729
GO_MF	23732
GO_MF	23741
GO_MF	23742
GO_MF	23743
GO_MF	23746
GO_MF	23753
GO_MF	23759
GO_MF	23760
GO_MF	23761
GO_MF	23762
GO_MF	23764
GO_MF	23765
GO_MF	23766
GO_MF	23767
GO_MF	23768
GO_MF	23769
GO_MF	23770
GO_MF	23779
GO_MF	23780
GO_MF	23786
GO_MF	23787
GO_MF	23788
GO_MF	238
GO_MF	239
GO_MF	2395
GO_MF	24
GO_MF	240
GO_MF	241
GO_MF	24137
GO_MF	24138
GO_MF	24139
GO_MF	24140
GO_MF	24142
GO_MF	24144
GO_MF	24145
GO_MF	24146
GO_MF	24148
GO_MF	24149
GO_MF	242
GO_MF	2444
GO_MF	245711
GO_MF	245802
GO_MF	245806
GO_MF	245812
GO_MF	245911
GO_MF	245928
GO_MF	245932
GO_MF	245934
GO_MF	245937
GO_MF	245972
GO_MF	245973
GO_MF	246
GO_MF	246126
GO_MF	246175
GO_MF	246176
GO_MF	246184
GO_MF	246213
GO_MF	246243
GO_MF	246269
GO_MF	246329
GO_MF	246330
GO_MF	246721
GO_MF	246744
GO_MF	246778
GO_MF	247
GO_MF	2475
GO_MF	248
GO_MF	2483
GO_MF	2487
GO_MF	2488
GO_MF	249
GO_MF	2491
GO_MF	2492
GO_MF	2494
GO_MF	2495
GO_MF	25
GO_MF	251
GO_MF	2515
GO_MF	2516
GO_MF	2517
GO_MF	2519
GO_MF	2520
GO_MF	2521
GO_MF	2523
GO_MF	2524
GO_MF	2525
GO_MF	2526
GO_MF	2527
GO_MF	2528
GO_MF	252839
GO_MF	252884
GO_MF	2529
GO_MF	252969
GO_MF	252983
GO_MF	252995
GO_MF	2530
GO_MF	253012
GO_MF	253017
GO_MF	2531
GO_MF	253152
GO_MF	2532
GO_MF	253260
GO_MF	2533
GO_MF	2534
GO_MF	253430
GO_MF	253461
GO_MF	2535
GO_MF	253512
GO_MF	253558
GO_MF	253635
GO_MF	253639
GO_MF	2537
GO_MF	253738
GO_MF	253769
GO_MF	253782
GO_MF	2538
GO_MF	253827
GO_MF	253832
GO_MF	2539
GO_MF	253943
GO_MF	253959
GO_MF	253980
GO_MF	253982
GO_MF	254013
GO_MF	254042
GO_MF	254048
GO_MF	254122
GO_MF	254158
GO_MF	254170
GO_MF	254173
GO_MF	254187
GO_MF	2542
GO_MF	254225
GO_MF	254228
GO_MF	254240
GO_MF	254251
GO_MF	254263
GO_MF	254268
GO_MF	254295
GO_MF	2543
GO_MF	254359
GO_MF	254394
GO_MF	254427
GO_MF	254428
GO_MF	254528
GO_MF	254531
GO_MF	2547
GO_MF	254773
GO_MF	254778
GO_MF	2548
GO_MF	254827
GO_MF	254887
GO_MF	2549
GO_MF	254956
GO_MF	254958
GO_MF	2550
GO_MF	255022
GO_MF	255043
GO_MF	255057
GO_MF	255061
GO_MF	2551
GO_MF	255101
GO_MF	255104
GO_MF	255119
GO_MF	255189
GO_MF	255231
GO_MF	255275
GO_MF	255374
GO_MF	255394
GO_MF	2554
GO_MF	255403
GO_MF	255426
GO_MF	255488
GO_MF	2555
GO_MF	255520
GO_MF	2556
GO_MF	255626
GO_MF	255631
GO_MF	2557
GO_MF	255738
GO_MF	255743
GO_MF	255758
GO_MF	255798
GO_MF	2558
GO_MF	255877
GO_MF	2559
GO_MF	255919
GO_MF	255926
GO_MF	255928
GO_MF	255967
GO_MF	2560
GO_MF	256051
GO_MF	256076
GO_MF	2561
GO_MF	256126
GO_MF	256130
GO_MF	256158
GO_MF	2562
GO_MF	256227
GO_MF	256281
GO_MF	2563
GO_MF	256302
GO_MF	256309
GO_MF	256329
GO_MF	256356
GO_MF	256364
GO_MF	256369
GO_MF	256380
GO_MF	2564
GO_MF	256435
GO_MF	256471
GO_MF	2565
GO_MF	256536
GO_MF	256586
GO_MF	2566
GO_MF	256643
GO_MF	256646
GO_MF	256691
GO_MF	2567
GO_MF	256714
GO_MF	2568
GO_MF	256815
GO_MF	2569
GO_MF	256933
GO_MF	256957
GO_MF	256979
GO_MF	256987
GO_MF	257
GO_MF	2570
GO_MF	257019
GO_MF	257062
GO_MF	257068
GO_MF	2571
GO_MF	257101
GO_MF	257106
GO_MF	257144
GO_MF	257160
GO_MF	257169
GO_MF	257194
GO_MF	2572
GO_MF	257203
GO_MF	257218
GO_MF	257236
GO_MF	257313
GO_MF	257364
GO_MF	257397
GO_MF	25759
GO_MF	257629
GO_MF	25763
GO_MF	25764
GO_MF	25766
GO_MF	25769
GO_MF	25771
GO_MF	25776
GO_MF	25777
GO_MF	25778
GO_MF	25780
GO_MF	25782
GO_MF	25788
GO_MF	25789
GO_MF	25790
GO_MF	25791
GO_MF	25792
GO_MF	25793
GO_MF	25794
GO_MF	25796
GO_MF	25797
GO_MF	25798
GO_MF	25799
GO_MF	258
GO_MF	2580
GO_MF	25800
GO_MF	25801
GO_MF	258010
GO_MF	25802
GO_MF	25804
GO_MF	25805
GO_MF	25806
GO_MF	25807
GO_MF	25809
GO_MF	2581
GO_MF	25813
GO_MF	25814
GO_MF	25816
GO_MF	25817
GO_MF	25818
GO_MF	25819
GO_MF	2582
GO_MF	25820
GO_MF	25821
GO_MF	25822
GO_MF	25823
GO_MF	25824
GO_MF	25825
GO_MF	25827
GO_MF	25828
GO_MF	25829
GO_MF	2583
GO_MF	25830
GO_MF	25831
GO_MF	25833
GO_MF	25834
GO_MF	25836
GO_MF	25837
GO_MF	25839
GO_MF	2584
GO_MF	25840
GO_MF	25841
GO_MF	25842
GO_MF	25843
GO_MF	25844
GO_MF	25847
GO_MF	25849
GO_MF	2585
GO_MF	25850
GO_MF	25851
GO_MF	25852
GO_MF	25853
GO_MF	25855
GO_MF	25861
GO_MF	25862
GO_MF	25864
GO_MF	25865
GO_MF	2587
GO_MF	25870
GO_MF	25873
GO_MF	25874
GO_MF	25875
GO_MF	25876
GO_MF	25878
GO_MF	25879
GO_MF	2588
GO_MF	25880
GO_MF	25884
GO_MF	25885
GO_MF	25886
GO_MF	25888
GO_MF	2589
GO_MF	25890
GO_MF	25891
GO_MF	25893
GO_MF	25894
GO_MF	25895
GO_MF	25896
GO_MF	25897
GO_MF	25898
GO_MF	259
GO_MF	2590
GO_MF	25900
GO_MF	25901
GO_MF	25902
GO_MF	25903
GO_MF	25904
GO_MF	25906
GO_MF	25907
GO_MF	25909
GO_MF	2591
GO_MF	25911
GO_MF	25913
GO_MF	25914
GO_MF	25915
GO_MF	25917
GO_MF	259173
GO_MF	259197
GO_MF	2592
GO_MF	25920
GO_MF	25921
GO_MF	259217
GO_MF	25923
GO_MF	259230
GO_MF	259232
GO_MF	259234
GO_MF	259239
GO_MF	25924
GO_MF	259240
GO_MF	259249
GO_MF	25925
GO_MF	25926
GO_MF	259266
GO_MF	25927
GO_MF	25928
GO_MF	259282
GO_MF	259285
GO_MF	259286
GO_MF	259287
GO_MF	25929
GO_MF	259291
GO_MF	259294
GO_MF	259296
GO_MF	2593
GO_MF	25930
GO_MF	259307
GO_MF	25932
GO_MF	25934
GO_MF	25936
GO_MF	25937
GO_MF	25938
GO_MF	25939
GO_MF	25940
GO_MF	25941
GO_MF	25942
GO_MF	25943
GO_MF	25945
GO_MF	25946
GO_MF	25948
GO_MF	25949
GO_MF	2595
GO_MF	25950
GO_MF	25953
GO_MF	25956
GO_MF	25957
GO_MF	25959
GO_MF	2596
GO_MF	25960
GO_MF	25961
GO_MF	25962
GO_MF	25970
GO_MF	25972
GO_MF	25973
GO_MF	25974
GO_MF	25975
GO_MF	25976
GO_MF	25977
GO_MF	25978
GO_MF	25979
GO_MF	25980
GO_MF	25981
GO_MF	25983
GO_MF	25984
GO_MF	25987
GO_MF	25988
GO_MF	25989
GO_MF	25992
GO_MF	25996
GO_MF	25998
GO_MF	25999
GO_MF	26
GO_MF	26000
GO_MF	26001
GO_MF	26002
GO_MF	26003
GO_MF	26005
GO_MF	26007
GO_MF	26009
GO_MF	26010
GO_MF	26011
GO_MF	26012
GO_MF	26013
GO_MF	26015
GO_MF	26017
GO_MF	26018
GO_MF	26019
GO_MF	26020
GO_MF	26022
GO_MF	26027
GO_MF	260293
GO_MF	26030
GO_MF	26031
GO_MF	26032
GO_MF	26033
GO_MF	26034
GO_MF	26035
GO_MF	26036
GO_MF	26037
GO_MF	26038
GO_MF	26039
GO_MF	26040
GO_MF	260425
GO_MF	260429
GO_MF	26043
GO_MF	260434
GO_MF	260436
GO_MF	26045
GO_MF	26046
GO_MF	26047
GO_MF	26048
GO_MF	26049
GO_MF	26050
GO_MF	26051
GO_MF	26052
GO_MF	26053
GO_MF	26054
GO_MF	26056
GO_MF	26057
GO_MF	26058
GO_MF	26059
GO_MF	26060
GO_MF	26061
GO_MF	26063
GO_MF	26064
GO_MF	26065
GO_MF	26071
GO_MF	26073
GO_MF	26084
GO_MF	26085
GO_MF	26086
GO_MF	26088
GO_MF	26090
GO_MF	26091
GO_MF	26092
GO_MF	26093
GO_MF	26094
GO_MF	26095
GO_MF	26097
GO_MF	26098
GO_MF	26099
GO_MF	26100
GO_MF	26108
GO_MF	26112
GO_MF	26118
GO_MF	26119
GO_MF	26121
GO_MF	26123
GO_MF	26127
GO_MF	26128
GO_MF	26130
GO_MF	26133
GO_MF	26135
GO_MF	26136
GO_MF	26137
GO_MF	26138
GO_MF	26140
GO_MF	26145
GO_MF	26146
GO_MF	26147
GO_MF	26149
GO_MF	2615
GO_MF	26150
GO_MF	26151
GO_MF	26152
GO_MF	26153
GO_MF	26154
GO_MF	26155
GO_MF	26156
GO_MF	26157
GO_MF	26164
GO_MF	26166
GO_MF	26167
GO_MF	26168
GO_MF	2617
GO_MF	261726
GO_MF	261729
GO_MF	26173
GO_MF	261734
GO_MF	26175
GO_MF	2618
GO_MF	26184
GO_MF	26188
GO_MF	26189
GO_MF	2619
GO_MF	26190
GO_MF	26191
GO_MF	262
GO_MF	2620
GO_MF	26205
GO_MF	26206
GO_MF	26207
GO_MF	2621
GO_MF	26211
GO_MF	26212
GO_MF	26219
GO_MF	2622
GO_MF	26223
GO_MF	26224
GO_MF	26225
GO_MF	26227
GO_MF	26228
GO_MF	26229
GO_MF	2623
GO_MF	26230
GO_MF	26232
GO_MF	26233
GO_MF	26234
GO_MF	26235
GO_MF	26239
GO_MF	2624
GO_MF	26240
GO_MF	26245
GO_MF	26246
GO_MF	26248
GO_MF	26249
GO_MF	2625
GO_MF	26253
GO_MF	26254
GO_MF	26255
GO_MF	26256
GO_MF	26257
GO_MF	26258
GO_MF	26259
GO_MF	2626
GO_MF	26260
GO_MF	26261
GO_MF	26262
GO_MF	26263
GO_MF	26266
GO_MF	26267
GO_MF	26268
GO_MF	26269
GO_MF	2627
GO_MF	26270
GO_MF	26271
GO_MF	26272
GO_MF	26273
GO_MF	26275
GO_MF	26276
GO_MF	26277
GO_MF	26278
GO_MF	26279
GO_MF	2628
GO_MF	26280
GO_MF	26281
GO_MF	26284
GO_MF	26285
GO_MF	26286
GO_MF	26287
GO_MF	26289
GO_MF	26291
GO_MF	26297
GO_MF	26298
GO_MF	26301
GO_MF	2631
GO_MF	2632
GO_MF	2633
GO_MF	26330
GO_MF	26333
GO_MF	26338
GO_MF	26339
GO_MF	2634
GO_MF	26341
GO_MF	2635
GO_MF	26353
GO_MF	26354
GO_MF	26355
GO_MF	2636
GO_MF	2637
GO_MF	2638
GO_MF	2639
GO_MF	2641
GO_MF	2642
GO_MF	2643
GO_MF	2644
GO_MF	2645
GO_MF	2646
GO_MF	26468
GO_MF	26469
GO_MF	2647
GO_MF	26471
GO_MF	26476
GO_MF	2648
GO_MF	2649
GO_MF	26492
GO_MF	26493
GO_MF	26494
GO_MF	26495
GO_MF	26496
GO_MF	26497
GO_MF	26499
GO_MF	2650
GO_MF	26502
GO_MF	26503
GO_MF	26504
GO_MF	26505
GO_MF	26507
GO_MF	26508
GO_MF	26509
GO_MF	2651
GO_MF	26511
GO_MF	26512
GO_MF	26515
GO_MF	26517
GO_MF	26519
GO_MF	26520
GO_MF	26521
GO_MF	26523
GO_MF	26524
GO_MF	26525
GO_MF	26526
GO_MF	26528
GO_MF	26529
GO_MF	2653
GO_MF	26531
GO_MF	26532
GO_MF	26538
GO_MF	26539
GO_MF	26548
GO_MF	26574
GO_MF	26575
GO_MF	26576
GO_MF	26577
GO_MF	26578
GO_MF	26579
GO_MF	2658
GO_MF	26584
GO_MF	26585
GO_MF	26589
GO_MF	2660
GO_MF	26608
GO_MF	2661
GO_MF	26610
GO_MF	2662
GO_MF	2664
GO_MF	26648
GO_MF	2665
GO_MF	266553
GO_MF	26658
GO_MF	26659
GO_MF	266629
GO_MF	26664
GO_MF	266675
GO_MF	266722
GO_MF	266743
GO_MF	266747
GO_MF	2668
GO_MF	266812
GO_MF	26689
GO_MF	2669
GO_MF	26692
GO_MF	266977
GO_MF	267
GO_MF	2670
GO_MF	267002
GO_MF	267004
GO_MF	267012
GO_MF	26707
GO_MF	2671
GO_MF	26716
GO_MF	2672
GO_MF	2673
GO_MF	2674
GO_MF	26740
GO_MF	26747
GO_MF	2675
GO_MF	26750
GO_MF	26751
GO_MF	2676
GO_MF	26762
GO_MF	2677
GO_MF	2678
GO_MF	268
GO_MF	26821
GO_MF	2683
GO_MF	2686
GO_MF	2687
GO_MF	26872
GO_MF	26873
GO_MF	2689
GO_MF	269
GO_MF	2690
GO_MF	2691
GO_MF	2692
GO_MF	2693
GO_MF	2694
GO_MF	2695
GO_MF	26952
GO_MF	26953
GO_MF	26958
GO_MF	26959
GO_MF	2696
GO_MF	26960
GO_MF	2697
GO_MF	26973
GO_MF	26974
GO_MF	26984
GO_MF	26985
GO_MF	26986
GO_MF	26993
GO_MF	26994
GO_MF	26995
GO_MF	26996
GO_MF	26998
GO_MF	26999
GO_MF	27
GO_MF	270
GO_MF	2700
GO_MF	27000
GO_MF	27005
GO_MF	27006
GO_MF	2701
GO_MF	27010
GO_MF	27012
GO_MF	27013
GO_MF	27018
GO_MF	27019
GO_MF	2702
GO_MF	27020
GO_MF	27022
GO_MF	27023
GO_MF	2703
GO_MF	27030
GO_MF	27031
GO_MF	27032
GO_MF	27033
GO_MF	27034
GO_MF	27035
GO_MF	27036
GO_MF	27037
GO_MF	27039
GO_MF	27040
GO_MF	27042
GO_MF	27043
GO_MF	27044
GO_MF	2705
GO_MF	2706
GO_MF	27063
GO_MF	27065
GO_MF	27067
GO_MF	27068
GO_MF	27069
GO_MF	2707
GO_MF	27071
GO_MF	27072
GO_MF	27075
GO_MF	27076
GO_MF	27077
GO_MF	27079
GO_MF	27086
GO_MF	27087
GO_MF	2709
GO_MF	27090
GO_MF	27091
GO_MF	27092
GO_MF	27094
GO_MF	27095
GO_MF	27097
GO_MF	27098
GO_MF	271
GO_MF	2710
GO_MF	27101
GO_MF	27102
GO_MF	27106
GO_MF	27107
GO_MF	27109
GO_MF	27112
GO_MF	27113
GO_MF	27115
GO_MF	2712
GO_MF	27120
GO_MF	27121
GO_MF	27122
GO_MF	27123
GO_MF	27124
GO_MF	27125
GO_MF	27127
GO_MF	27128
GO_MF	27129
GO_MF	27130
GO_MF	27131
GO_MF	27132
GO_MF	27133
GO_MF	27134
GO_MF	27136
GO_MF	27141
GO_MF	27143
GO_MF	27147
GO_MF	27148
GO_MF	27151
GO_MF	27152
GO_MF	27153
GO_MF	27154
GO_MF	27156
GO_MF	27158
GO_MF	27159
GO_MF	27161
GO_MF	27163
GO_MF	27164
GO_MF	27165
GO_MF	27166
GO_MF	2717
GO_MF	27173
GO_MF	27175
GO_MF	27177
GO_MF	27178
GO_MF	27179
GO_MF	27180
GO_MF	27181
GO_MF	27183
GO_MF	27185
GO_MF	27189
GO_MF	2719
GO_MF	27190
GO_MF	27197
GO_MF	27198
GO_MF	27199
GO_MF	272
GO_MF	2720
GO_MF	27201
GO_MF	27202
GO_MF	27229
GO_MF	27230
GO_MF	27231
GO_MF	27232
GO_MF	27233
GO_MF	27235
GO_MF	27236
GO_MF	27237
GO_MF	27238
GO_MF	27239
GO_MF	27240
GO_MF	27241
GO_MF	27242
GO_MF	27243
GO_MF	27244
GO_MF	27245
GO_MF	27246
GO_MF	27247
GO_MF	27248
GO_MF	27249
GO_MF	27250
GO_MF	27252
GO_MF	27253
GO_MF	27254
GO_MF	27255
GO_MF	27257
GO_MF	27258
GO_MF	27283
GO_MF	27284
GO_MF	27286
GO_MF	27287
GO_MF	27288
GO_MF	27289
GO_MF	2729
GO_MF	27290
GO_MF	27291
GO_MF	27292
GO_MF	27293
GO_MF	27294
GO_MF	27295
GO_MF	27296
GO_MF	27297
GO_MF	27299
GO_MF	273
GO_MF	2730
GO_MF	27300
GO_MF	27301
GO_MF	27302
GO_MF	27303
GO_MF	27304
GO_MF	27306
GO_MF	27309
GO_MF	2731
GO_MF	27314
GO_MF	27315
GO_MF	27316
GO_MF	27319
GO_MF	27324
GO_MF	27327
GO_MF	27328
GO_MF	27329
GO_MF	2733
GO_MF	27330
GO_MF	27332
GO_MF	27334
GO_MF	27335
GO_MF	27336
GO_MF	27338
GO_MF	27339
GO_MF	2734
GO_MF	27340
GO_MF	27341
GO_MF	27342
GO_MF	27343
GO_MF	27344
GO_MF	27345
GO_MF	27346
GO_MF	27347
GO_MF	27348
GO_MF	27349
GO_MF	2735
GO_MF	27351
GO_MF	27352
GO_MF	2736
GO_MF	2737
GO_MF	2739
GO_MF	274
GO_MF	2740
GO_MF	2741
GO_MF	2742
GO_MF	27429
GO_MF	2743
GO_MF	27430
GO_MF	27433
GO_MF	27434
GO_MF	27436
GO_MF	2744
GO_MF	27443
GO_MF	27445
GO_MF	2745
GO_MF	2746
GO_MF	2747
GO_MF	275
GO_MF	2752
GO_MF	2760
GO_MF	2762
GO_MF	2764
GO_MF	2766
GO_MF	2767
GO_MF	2768
GO_MF	2769
GO_MF	2770
GO_MF	2771
GO_MF	2773
GO_MF	2774
GO_MF	2775
GO_MF	2776
GO_MF	2778
GO_MF	2779
GO_MF	2780
GO_MF	2781
GO_MF	2782
GO_MF	2784
GO_MF	2785
GO_MF	2786
GO_MF	2787
GO_MF	2788
GO_MF	2791
GO_MF	2792
GO_MF	2793
GO_MF	2794
GO_MF	2796
GO_MF	2798
GO_MF	2799
GO_MF	28
GO_MF	2800
GO_MF	2801
GO_MF	2802
GO_MF	2803
GO_MF	2804
GO_MF	2805
GO_MF	2806
GO_MF	280636
GO_MF	280664
GO_MF	2810
GO_MF	2811
GO_MF	2813
GO_MF	2814
GO_MF	2817
GO_MF	2819
GO_MF	2820
GO_MF	2821
GO_MF	2822
GO_MF	28227
GO_MF	2823
GO_MF	28231
GO_MF	28232
GO_MF	28234
GO_MF	2824
GO_MF	2826
GO_MF	282616
GO_MF	282618
GO_MF	282679
GO_MF	2827
GO_MF	282763
GO_MF	282775
GO_MF	2828
GO_MF	282808
GO_MF	282809
GO_MF	282890
GO_MF	2829
GO_MF	282969
GO_MF	282973
GO_MF	282974
GO_MF	28299
GO_MF	282991
GO_MF	282996
GO_MF	283
GO_MF	2830
GO_MF	283078
GO_MF	2831
GO_MF	283129
GO_MF	283130
GO_MF	283131
GO_MF	283149
GO_MF	283150
GO_MF	283152
GO_MF	283159
GO_MF	28316
GO_MF	283160
GO_MF	283165
GO_MF	2832
GO_MF	283208
GO_MF	283209
GO_MF	283212
GO_MF	283219
GO_MF	283229
GO_MF	283232
GO_MF	283234
GO_MF	283237
GO_MF	283238
GO_MF	283248
GO_MF	283254
GO_MF	283297
GO_MF	2833
GO_MF	283310
GO_MF	283337
GO_MF	283349
GO_MF	283358
GO_MF	283373
GO_MF	283375
GO_MF	283377
GO_MF	283383
GO_MF	2834
GO_MF	283417
GO_MF	283431
GO_MF	283446
GO_MF	283450
GO_MF	283455
GO_MF	283459
GO_MF	283461
GO_MF	283464
GO_MF	283471
GO_MF	283489
GO_MF	2835
GO_MF	283514
GO_MF	283518
GO_MF	283537
GO_MF	283571
GO_MF	283576
GO_MF	283578
GO_MF	283600
GO_MF	283629
GO_MF	283635
GO_MF	283643
GO_MF	283659
GO_MF	283677
GO_MF	283685
GO_MF	283726
GO_MF	283742
GO_MF	283748
GO_MF	283755
GO_MF	28378
GO_MF	2838
GO_MF	283807
GO_MF	283847
GO_MF	283848
GO_MF	283849
GO_MF	283870
GO_MF	283871
GO_MF	283897
GO_MF	283899
GO_MF	283927
GO_MF	283933
GO_MF	283948
GO_MF	283953
GO_MF	283987
GO_MF	283989
GO_MF	284
GO_MF	2840
GO_MF	284001
GO_MF	284004
GO_MF	284021
GO_MF	284023
GO_MF	284058
GO_MF	284067
GO_MF	284076
GO_MF	284086
GO_MF	28409
GO_MF	284098
GO_MF	2841
GO_MF	28410
GO_MF	284106
GO_MF	284111
GO_MF	284114
GO_MF	284119
GO_MF	284129
GO_MF	284131
GO_MF	284161
GO_MF	284184
GO_MF	284185
GO_MF	2842
GO_MF	284207
GO_MF	284217
GO_MF	284252
GO_MF	284257
GO_MF	284273
GO_MF	284274
GO_MF	284297
GO_MF	2843
GO_MF	284306
GO_MF	284307
GO_MF	284309
GO_MF	284312
GO_MF	284323
GO_MF	284325
GO_MF	284338
GO_MF	284340
GO_MF	284346
GO_MF	284348
GO_MF	284349
GO_MF	284352
GO_MF	284358
GO_MF	284359
GO_MF	284361
GO_MF	284369
GO_MF	284370
GO_MF	284390
GO_MF	284391
GO_MF	284402
GO_MF	284403
GO_MF	284406
GO_MF	284415
GO_MF	284422
GO_MF	284427
GO_MF	284439
GO_MF	284443
GO_MF	284451
GO_MF	284459
GO_MF	284486
GO_MF	2845
GO_MF	284521
GO_MF	284525
GO_MF	2846
GO_MF	28461
GO_MF	284612
GO_MF	284613
GO_MF	284618
GO_MF	284654
GO_MF	284656
GO_MF	284677
GO_MF	284680
GO_MF	284695
GO_MF	2847
GO_MF	284716
GO_MF	2849
GO_MF	284904
GO_MF	284958
GO_MF	284992
GO_MF	284996
GO_MF	285
GO_MF	2850
GO_MF	285016
GO_MF	285025
GO_MF	285051
GO_MF	285093
GO_MF	28511
GO_MF	28512
GO_MF	28513
GO_MF	28514
GO_MF	285148
GO_MF	285172
GO_MF	285175
GO_MF	285193
GO_MF	285195
GO_MF	2852
GO_MF	285203
GO_MF	285220
GO_MF	285237
GO_MF	285267
GO_MF	285268
GO_MF	285282
GO_MF	2853
GO_MF	285311
GO_MF	285315
GO_MF	285331
GO_MF	285346
GO_MF	285349
GO_MF	285362
GO_MF	285367
GO_MF	285381
GO_MF	285386
GO_MF	2854
GO_MF	285440
GO_MF	285489
GO_MF	285498
GO_MF	285521
GO_MF	285527
GO_MF	285533
GO_MF	285590
GO_MF	285596
GO_MF	285598
GO_MF	285600
GO_MF	285601
GO_MF	285613
GO_MF	285636
GO_MF	285671
GO_MF	285672
GO_MF	2857
GO_MF	285704
GO_MF	285753
GO_MF	285755
GO_MF	285761
GO_MF	285782
GO_MF	285848
GO_MF	285852
GO_MF	2859
GO_MF	285955
GO_MF	285962
GO_MF	285966
GO_MF	285971
GO_MF	285973
GO_MF	285989
GO_MF	286
GO_MF	286006
GO_MF	286053
GO_MF	286077
GO_MF	286097
GO_MF	2861
GO_MF	286128
GO_MF	286133
GO_MF	286148
GO_MF	286151
GO_MF	2862
GO_MF	286205
GO_MF	286207
GO_MF	286256
GO_MF	286257
GO_MF	286262
GO_MF	2863
GO_MF	286336
GO_MF	286343
GO_MF	2864
GO_MF	286410
GO_MF	286436
GO_MF	286451
GO_MF	286464
GO_MF	286467
GO_MF	286499
GO_MF	286514
GO_MF	286527
GO_MF	286530
GO_MF	28660
GO_MF	286676
GO_MF	2867
GO_MF	28672
GO_MF	28673
GO_MF	28674
GO_MF	2868
GO_MF	286826
GO_MF	286827
GO_MF	2869
GO_MF	287
GO_MF	2870
GO_MF	287015
GO_MF	2872
GO_MF	2873
GO_MF	2874
GO_MF	2876
GO_MF	2877
GO_MF	2878
GO_MF	2879
GO_MF	28793
GO_MF	288
GO_MF	2880
GO_MF	2882
GO_MF	2885
GO_MF	2886
GO_MF	2887
GO_MF	2888
GO_MF	2889
GO_MF	2890
GO_MF	28908
GO_MF	2891
GO_MF	2892
GO_MF	2893
GO_MF	2894
GO_MF	2895
GO_MF	28951
GO_MF	28952
GO_MF	28954
GO_MF	28955
GO_MF	28956
GO_MF	28957
GO_MF	28958
GO_MF	28959
GO_MF	2896
GO_MF	28960
GO_MF	28962
GO_MF	28964
GO_MF	28965
GO_MF	28966
GO_MF	28968
GO_MF	28969
GO_MF	2897
GO_MF	28970
GO_MF	28971
GO_MF	28972
GO_MF	28973
GO_MF	28976
GO_MF	28977
GO_MF	28978
GO_MF	2898
GO_MF	28981
GO_MF	28982
GO_MF	28983
GO_MF	28984
GO_MF	28985
GO_MF	28986
GO_MF	28987
GO_MF	28988
GO_MF	28989
GO_MF	2899
GO_MF	28990
GO_MF	28991
GO_MF	28992
GO_MF	28996
GO_MF	28998
GO_MF	28999
GO_MF	29
GO_MF	290
GO_MF	2900
GO_MF	2901
GO_MF	29015
GO_MF	2902
GO_MF	29028
GO_MF	2903
GO_MF	29035
GO_MF	2904
GO_MF	2905
GO_MF	29058
GO_MF	2906
GO_MF	29062
GO_MF	29063
GO_MF	29066
GO_MF	29068
GO_MF	2907
GO_MF	29070
GO_MF	29071
GO_MF	29072
GO_MF	29074
GO_MF	29078
GO_MF	29079
GO_MF	2908
GO_MF	29080
GO_MF	29081
GO_MF	29082
GO_MF	29083
GO_MF	29086
GO_MF	29087
GO_MF	29088
GO_MF	29089
GO_MF	2909
GO_MF	29090
GO_MF	29091
GO_MF	29093
GO_MF	29094
GO_MF	29095
GO_MF	29097
GO_MF	29098
GO_MF	29099
GO_MF	291
GO_MF	29100
GO_MF	29101
GO_MF	29102
GO_MF	29103
GO_MF	29104
GO_MF	29105
GO_MF	29106
GO_MF	29107
GO_MF	29108
GO_MF	29109
GO_MF	2911
GO_MF	29110
GO_MF	29113
GO_MF	29114
GO_MF	29115
GO_MF	29116
GO_MF	29117
GO_MF	29118
GO_MF	29119
GO_MF	2912
GO_MF	29121
GO_MF	29122
GO_MF	29124
GO_MF	29126
GO_MF	29127
GO_MF	29128
GO_MF	2913
GO_MF	2914
GO_MF	2915
GO_MF	2916
GO_MF	2917
GO_MF	2918
GO_MF	2919
GO_MF	292
GO_MF	2920
GO_MF	2921
GO_MF	2922
GO_MF	2923
GO_MF	2925
GO_MF	2926
GO_MF	2928
GO_MF	293
GO_MF	2931
GO_MF	2932
GO_MF	2934
GO_MF	2935
GO_MF	2936
GO_MF	2937
GO_MF	2940
GO_MF	2941
GO_MF	2947
GO_MF	2948
GO_MF	2949
GO_MF	2950
GO_MF	2952
GO_MF	2954
GO_MF	2956
GO_MF	2957
GO_MF	2958
GO_MF	2959
GO_MF	2960
GO_MF	2961
GO_MF	2962
GO_MF	2963
GO_MF	2965
GO_MF	2967
GO_MF	2968
GO_MF	2969
GO_MF	2971
GO_MF	2972
GO_MF	2975
GO_MF	2976
GO_MF	29760
GO_MF	29761
GO_MF	29763
GO_MF	29766
GO_MF	29767
GO_MF	2977
GO_MF	29775
GO_MF	29777
GO_MF	2978
GO_MF	29780
GO_MF	29781
GO_MF	29785
GO_MF	29789
GO_MF	2979
GO_MF	29796
GO_MF	29799
GO_MF	29800
GO_MF	29801
GO_MF	29803
GO_MF	2981
GO_MF	2982
GO_MF	2983
GO_MF	2984
GO_MF	29841
GO_MF	29842
GO_MF	29843
GO_MF	29844
GO_MF	29850
GO_MF	29851
GO_MF	29855
GO_MF	2986
GO_MF	2987
GO_MF	29880
GO_MF	29881
GO_MF	29882
GO_MF	29883
GO_MF	29886
GO_MF	29887
GO_MF	29888
GO_MF	29889
GO_MF	29890
GO_MF	29893
GO_MF	29894
GO_MF	29895
GO_MF	29896
GO_MF	29899
GO_MF	2990
GO_MF	29901
GO_MF	29903
GO_MF	29904
GO_MF	29906
GO_MF	29909
GO_MF	29911
GO_MF	29914
GO_MF	29915
GO_MF	29916
GO_MF	29919
GO_MF	2992
GO_MF	29920
GO_MF	29922
GO_MF	29923
GO_MF	29924
GO_MF	29925
GO_MF	29926
GO_MF	29927
GO_MF	29928
GO_MF	29929
GO_MF	2993
GO_MF	29930
GO_MF	29933
GO_MF	29934
GO_MF	29935
GO_MF	29937
GO_MF	2994
GO_MF	29940
GO_MF	29941
GO_MF	29942
GO_MF	29943
GO_MF	29944
GO_MF	29945
GO_MF	29946
GO_MF	29947
GO_MF	29948
GO_MF	29949
GO_MF	2995
GO_MF	29950
GO_MF	29951
GO_MF	29952
GO_MF	29953
GO_MF	29954
GO_MF	29956
GO_MF	29957
GO_MF	29958
GO_MF	29959
GO_MF	29960
GO_MF	29965
GO_MF	29966
GO_MF	29967
GO_MF	29968
GO_MF	29969
GO_MF	2997
GO_MF	29974
GO_MF	29978
GO_MF	29979
GO_MF	2998
GO_MF	29980
GO_MF	29982
GO_MF	29984
GO_MF	29985
GO_MF	29986
GO_MF	29988
GO_MF	2999
GO_MF	29992
GO_MF	29993
GO_MF	29994
GO_MF	29995
GO_MF	29997
GO_MF	29998
GO_MF	29999
GO_MF	30
GO_MF	3000
GO_MF	30000
GO_MF	30001
GO_MF	30008
GO_MF	30009
GO_MF	3001
GO_MF	30010
GO_MF	30011
GO_MF	30012
GO_MF	3002
GO_MF	3003
GO_MF	3004
GO_MF	3005
GO_MF	3006
GO_MF	30061
GO_MF	30062
GO_MF	3007
GO_MF	3008
GO_MF	3009
GO_MF	301
GO_MF	3010
GO_MF	3012
GO_MF	3014
GO_MF	3015
GO_MF	3018
GO_MF	302
GO_MF	3020
GO_MF	3021
GO_MF	3024
GO_MF	3026
GO_MF	3028
GO_MF	3029
GO_MF	3030
GO_MF	3032
GO_MF	3033
GO_MF	3034
GO_MF	3035
GO_MF	3036
GO_MF	3037
GO_MF	3038
GO_MF	3042
GO_MF	3043
GO_MF	3045
GO_MF	3046
GO_MF	3050
GO_MF	3052
GO_MF	3053
GO_MF	3054
GO_MF	3055
GO_MF	3059
GO_MF	306
GO_MF	3060
GO_MF	3061
GO_MF	3062
GO_MF	3064
GO_MF	3065
GO_MF	3066
GO_MF	3067
GO_MF	3069
GO_MF	307
GO_MF	3070
GO_MF	3071
GO_MF	3073
GO_MF	3074
GO_MF	3075
GO_MF	3077
GO_MF	308
GO_MF	3081
GO_MF	30811
GO_MF	30812
GO_MF	30813
GO_MF	30814
GO_MF	30815
GO_MF	30817
GO_MF	30818
GO_MF	30819
GO_MF	3082
GO_MF	30820
GO_MF	30827
GO_MF	3083
GO_MF	30832
GO_MF	30833
GO_MF	30834
GO_MF	30835
GO_MF	30836
GO_MF	30837
GO_MF	3084
GO_MF	30844
GO_MF	30845
GO_MF	30846
GO_MF	30848
GO_MF	30849
GO_MF	30850
GO_MF	30851
GO_MF	3087
GO_MF	309
GO_MF	3090
GO_MF	3091
GO_MF	3092
GO_MF	3093
GO_MF	3094
GO_MF	3096
GO_MF	30968
GO_MF	3097
GO_MF	3098
GO_MF	3099
GO_MF	31
GO_MF	310
GO_MF	3101
GO_MF	3104
GO_MF	3108
GO_MF	3109
GO_MF	311
GO_MF	3110
GO_MF	3111
GO_MF	3112
GO_MF	3113
GO_MF	3115
GO_MF	3117
GO_MF	3119
GO_MF	312
GO_MF	3120
GO_MF	3122
GO_MF	3126
GO_MF	313
GO_MF	3131
GO_MF	3133
GO_MF	3134
GO_MF	314
GO_MF	3140
GO_MF	3141
GO_MF	3142
GO_MF	3145
GO_MF	3146
GO_MF	3148
GO_MF	3149
GO_MF	3150
GO_MF	3155
GO_MF	3156
GO_MF	3157
GO_MF	3158
GO_MF	3159
GO_MF	316
GO_MF	3161
GO_MF	3162
GO_MF	3163
GO_MF	3164
GO_MF	3166
GO_MF	3167
GO_MF	3169
GO_MF	317
GO_MF	3170
GO_MF	3171
GO_MF	3172
GO_MF	3174
GO_MF	3175
GO_MF	3176
GO_MF	317649
GO_MF	317662
GO_MF	317671
GO_MF	3177
GO_MF	317701
GO_MF	317702
GO_MF	317703
GO_MF	317705
GO_MF	317719
GO_MF	317761
GO_MF	317762
GO_MF	317781
GO_MF	3178
GO_MF	318
GO_MF	3181
GO_MF	3182
GO_MF	3183
GO_MF	3184
GO_MF	3185
GO_MF	3187
GO_MF	3189
GO_MF	319
GO_MF	3190
GO_MF	3191
GO_MF	319101
GO_MF	3192
GO_MF	3195
GO_MF	3196
GO_MF	3198
GO_MF	3199
GO_MF	32
GO_MF	320
GO_MF	3200
GO_MF	3201
GO_MF	3202
GO_MF	3203
GO_MF	3204
GO_MF	3206
GO_MF	3207
GO_MF	3208
GO_MF	3209
GO_MF	321
GO_MF	3211
GO_MF	3212
GO_MF	3213
GO_MF	3214
GO_MF	3215
GO_MF	3216
GO_MF	3217
GO_MF	3218
GO_MF	3219
GO_MF	322
GO_MF	3221
GO_MF	3222
GO_MF	3223
GO_MF	3224
GO_MF	3225
GO_MF	3226
GO_MF	3227
GO_MF	3228
GO_MF	3229
GO_MF	323
GO_MF	3231
GO_MF	3233
GO_MF	3234
GO_MF	3235
GO_MF	3236
GO_MF	3237
GO_MF	3238
GO_MF	3239
GO_MF	324
GO_MF	3240
GO_MF	3241
GO_MF	3242
GO_MF	3248
GO_MF	3249
GO_MF	325
GO_MF	3250
GO_MF	3251
GO_MF	3257
GO_MF	326
GO_MF	3263
GO_MF	326340
GO_MF	3265
GO_MF	326624
GO_MF	326625
GO_MF	3267
GO_MF	3268
GO_MF	3269
GO_MF	327
GO_MF	3270
GO_MF	3273
GO_MF	3274
GO_MF	3275
GO_MF	3276
GO_MF	327657
GO_MF	328
GO_MF	3280
GO_MF	3281
GO_MF	3283
GO_MF	3284
GO_MF	329
GO_MF	3290
GO_MF	3291
GO_MF	3292
GO_MF	3293
GO_MF	3294
GO_MF	3295
GO_MF	3297
GO_MF	3298
GO_MF	3299
GO_MF	33
GO_MF	330
GO_MF	3300
GO_MF	3301
GO_MF	3304
GO_MF	3305
GO_MF	3306
GO_MF	3308
GO_MF	3309
GO_MF	331
GO_MF	3310
GO_MF	3312
GO_MF	3313
GO_MF	3315
GO_MF	3316
GO_MF	332
GO_MF	3320
GO_MF	3326
GO_MF	3329
GO_MF	333
GO_MF	3336
GO_MF	3337
GO_MF	3338
GO_MF	3339
GO_MF	333926
GO_MF	333929
GO_MF	334
GO_MF	3340
GO_MF	3344
GO_MF	3347
GO_MF	3350
GO_MF	3351
GO_MF	3352
GO_MF	3354
GO_MF	3355
GO_MF	3356
GO_MF	3357
GO_MF	3358
GO_MF	3359
GO_MF	336
GO_MF	3360
GO_MF	3361
GO_MF	3362
GO_MF	3363
GO_MF	3364
GO_MF	337
GO_MF	3371
GO_MF	3373
GO_MF	3375
GO_MF	3376
GO_MF	337867
GO_MF	337876
GO_MF	337878
GO_MF	337879
GO_MF	337880
GO_MF	337882
GO_MF	337970
GO_MF	338
GO_MF	338094
GO_MF	3381
GO_MF	3382
GO_MF	3383
GO_MF	338321
GO_MF	338322
GO_MF	338323
GO_MF	338324
GO_MF	338328
GO_MF	338339
GO_MF	338376
GO_MF	338382
GO_MF	3384
GO_MF	338440
GO_MF	3385
GO_MF	338557
GO_MF	3386
GO_MF	338657
GO_MF	338667
GO_MF	338692
GO_MF	338707
GO_MF	338785
GO_MF	338811
GO_MF	338872
GO_MF	339
GO_MF	339105
GO_MF	339122
GO_MF	339123
GO_MF	339168
GO_MF	339210
GO_MF	339221
GO_MF	339230
GO_MF	339231
GO_MF	339287
GO_MF	339318
GO_MF	339324
GO_MF	339327
GO_MF	339344
GO_MF	339345
GO_MF	339366
GO_MF	339390
GO_MF	3394
GO_MF	339416
GO_MF	339448
GO_MF	339451
GO_MF	339487
GO_MF	339488
GO_MF	339500
GO_MF	339559
GO_MF	3396
GO_MF	339665
GO_MF	339669
GO_MF	3397
GO_MF	339745
GO_MF	339761
GO_MF	339768
GO_MF	339779
GO_MF	3398
GO_MF	339804
GO_MF	339834
GO_MF	339855
GO_MF	339896
GO_MF	3399
GO_MF	339965
GO_MF	339976
GO_MF	339983
GO_MF	34
GO_MF	3400
GO_MF	340024
GO_MF	340061
GO_MF	340069
GO_MF	340075
GO_MF	340146
GO_MF	340152
GO_MF	340156
GO_MF	340168
GO_MF	340205
GO_MF	340267
GO_MF	340273
GO_MF	340348
GO_MF	340351
GO_MF	340371
GO_MF	340385
GO_MF	340419
GO_MF	340481
GO_MF	340485
GO_MF	340527
GO_MF	340542
GO_MF	340547
GO_MF	340554
GO_MF	340591
GO_MF	340596
GO_MF	340602
GO_MF	340719
GO_MF	341019
GO_MF	341032
GO_MF	341405
GO_MF	341567
GO_MF	3416
GO_MF	341640
GO_MF	341676
GO_MF	3417
GO_MF	3418
GO_MF	3419
GO_MF	3420
GO_MF	342035
GO_MF	3421
GO_MF	342184
GO_MF	3422
GO_MF	3423
GO_MF	342357
GO_MF	342371
GO_MF	3425
GO_MF	342538
GO_MF	342574
GO_MF	3426
GO_MF	342667
GO_MF	3428
GO_MF	342892
GO_MF	342898
GO_MF	3429
GO_MF	342908
GO_MF	342909
GO_MF	342926
GO_MF	342945
GO_MF	342977
GO_MF	342979
GO_MF	343
GO_MF	3430
GO_MF	343035
GO_MF	343071
GO_MF	3431
GO_MF	3433
GO_MF	3434
GO_MF	343450
GO_MF	343637
GO_MF	343641
GO_MF	3437
GO_MF	3439
GO_MF	344
GO_MF	3440
GO_MF	344018
GO_MF	344148
GO_MF	3442
GO_MF	3443
GO_MF	344405
GO_MF	3445
GO_MF	344558
GO_MF	344752
GO_MF	344758
GO_MF	344838
GO_MF	344905
GO_MF	345
GO_MF	3454
GO_MF	345462
GO_MF	3455
GO_MF	345557
GO_MF	3456
GO_MF	345611
GO_MF	345630
GO_MF	345757
GO_MF	3458
GO_MF	3459
GO_MF	3460
GO_MF	346157
GO_MF	346171
GO_MF	346389
GO_MF	346562
GO_MF	346606
GO_MF	346653
GO_MF	346689
GO_MF	3467
GO_MF	347
GO_MF	347088
GO_MF	347240
GO_MF	347252
GO_MF	347273
GO_MF	347344
GO_MF	347365
GO_MF	3476
GO_MF	347730
GO_MF	347732
GO_MF	347734
GO_MF	347735
GO_MF	347736
GO_MF	347853
GO_MF	347862
GO_MF	3479
GO_MF	347902
GO_MF	347918
GO_MF	348
GO_MF	3480
GO_MF	348013
GO_MF	348093
GO_MF	348094
GO_MF	348110
GO_MF	348158
GO_MF	348180
GO_MF	3482
GO_MF	348235
GO_MF	348262
GO_MF	3483
GO_MF	348327
GO_MF	348378
GO_MF	3484
GO_MF	348487
GO_MF	3485
GO_MF	3486
GO_MF	348654
GO_MF	3487
GO_MF	348751
GO_MF	3488
GO_MF	348807
GO_MF	348825
GO_MF	3489
GO_MF	348932
GO_MF	348938
GO_MF	348980
GO_MF	348995
GO_MF	3490
GO_MF	349075
GO_MF	3491
GO_MF	349152
GO_MF	3495
GO_MF	349565
GO_MF	349667
GO_MF	3497
GO_MF	35
GO_MF	350
GO_MF	3500
GO_MF	3507
GO_MF	3508
GO_MF	351
GO_MF	3512
GO_MF	3514
GO_MF	3516
GO_MF	352999
GO_MF	353
GO_MF	353116
GO_MF	353132
GO_MF	353135
GO_MF	353149
GO_MF	353174
GO_MF	353189
GO_MF	353274
GO_MF	353322
GO_MF	353324
GO_MF	353345
GO_MF	353355
GO_MF	353497
GO_MF	353500
GO_MF	353514
GO_MF	3537
GO_MF	354
GO_MF	3543
GO_MF	3547
GO_MF	3549
GO_MF	355
GO_MF	3550
GO_MF	3551
GO_MF	3552
GO_MF	3553
GO_MF	3554
GO_MF	3556
GO_MF	3557
GO_MF	3558
GO_MF	3559
GO_MF	356
GO_MF	3560
GO_MF	3561
GO_MF	3562
GO_MF	3563
GO_MF	3565
GO_MF	3566
GO_MF	3567
GO_MF	3568
GO_MF	3569
GO_MF	357
GO_MF	3570
GO_MF	3572
GO_MF	3574
GO_MF	3575
GO_MF	3576
GO_MF	3577
GO_MF	3578
GO_MF	3579
GO_MF	358
GO_MF	3581
GO_MF	3586
GO_MF	3587
GO_MF	3588
GO_MF	3589
GO_MF	359
GO_MF	3590
GO_MF	3592
GO_MF	3593
GO_MF	3594
GO_MF	3595
GO_MF	3596
GO_MF	3597
GO_MF	359787
GO_MF	3598
GO_MF	359845
GO_MF	359948
GO_MF	36
GO_MF	360
GO_MF	3600
GO_MF	360023
GO_MF	3601
GO_MF	3603
GO_MF	3604
GO_MF	3605
GO_MF	3606
GO_MF	3607
GO_MF	3608
GO_MF	3609
GO_MF	361
GO_MF	3611
GO_MF	3612
GO_MF	3613
GO_MF	3614
GO_MF	3615
GO_MF	3617
GO_MF	3619
GO_MF	362
GO_MF	3620
GO_MF	3621
GO_MF	3622
GO_MF	3623
GO_MF	3624
GO_MF	3625
GO_MF	3626
GO_MF	3627
GO_MF	3628
GO_MF	363
GO_MF	3630
GO_MF	3631
GO_MF	3632
GO_MF	3633
GO_MF	3635
GO_MF	3636
GO_MF	3638
GO_MF	364
GO_MF	3640
GO_MF	3641
GO_MF	3642
GO_MF	3643
GO_MF	3645
GO_MF	3646
GO_MF	3651
GO_MF	3652
GO_MF	3654
GO_MF	3655
GO_MF	3656
GO_MF	3658
GO_MF	3659
GO_MF	366
GO_MF	3660
GO_MF	3661
GO_MF	3662
GO_MF	3663
GO_MF	3664
GO_MF	3665
GO_MF	3667
GO_MF	3669
GO_MF	367
GO_MF	3670
GO_MF	3672
GO_MF	3673
GO_MF	3674
GO_MF	3675
GO_MF	3676
GO_MF	3678
GO_MF	3679
GO_MF	368
GO_MF	3680
GO_MF	3681
GO_MF	3682
GO_MF	3683
GO_MF	3684
GO_MF	3685
GO_MF	3687
GO_MF	3688
GO_MF	3689
GO_MF	369
GO_MF	3690
GO_MF	3691
GO_MF	3692
GO_MF	3693
GO_MF	3695
GO_MF	3696
GO_MF	3697
GO_MF	3698
GO_MF	3699
GO_MF	37
GO_MF	3700
GO_MF	3702
GO_MF	3703
GO_MF	3704
GO_MF	3705
GO_MF	3706
GO_MF	3707
GO_MF	3708
GO_MF	3709
GO_MF	3710
GO_MF	3712
GO_MF	3713
GO_MF	3714
GO_MF	3716
GO_MF	3717
GO_MF	3718
GO_MF	372
GO_MF	3720
GO_MF	3725
GO_MF	3726
GO_MF	3727
GO_MF	3728
GO_MF	373
GO_MF	3730
GO_MF	373156
GO_MF	3732
GO_MF	3735
GO_MF	3736
GO_MF	3737
GO_MF	3738
GO_MF	373861
GO_MF	373863
GO_MF	3739
GO_MF	374
GO_MF	3741
GO_MF	374286
GO_MF	374291
GO_MF	3743
GO_MF	374354
GO_MF	374355
GO_MF	374378
GO_MF	374383
GO_MF	374393
GO_MF	3744
GO_MF	374403
GO_MF	374407
GO_MF	374454
GO_MF	3745
GO_MF	374569
GO_MF	3746
GO_MF	374618
GO_MF	374654
GO_MF	374655
GO_MF	374659
GO_MF	3747
GO_MF	374739
GO_MF	374768
GO_MF	374786
GO_MF	3748
GO_MF	374860
GO_MF	374868
GO_MF	374875
GO_MF	374882
GO_MF	374897
GO_MF	374899
GO_MF	3749
GO_MF	374900
GO_MF	374907
GO_MF	374918
GO_MF	374920
GO_MF	374946
GO_MF	374955
GO_MF	374969
GO_MF	374986
GO_MF	375
GO_MF	3750
GO_MF	375033
GO_MF	375035
GO_MF	375056
GO_MF	375057
GO_MF	3751
GO_MF	375189
GO_MF	3752
GO_MF	375287
GO_MF	375323
GO_MF	375341
GO_MF	375346
GO_MF	375387
GO_MF	3754
GO_MF	375449
GO_MF	375484
GO_MF	3755
GO_MF	375593
GO_MF	3756
GO_MF	375607
GO_MF	375612
GO_MF	3757
GO_MF	375704
GO_MF	375743
GO_MF	375748
GO_MF	375757
GO_MF	375775
GO_MF	375790
GO_MF	375791
GO_MF	3758
GO_MF	3759
GO_MF	3760
GO_MF	3761
GO_MF	3762
GO_MF	376267
GO_MF	3763
GO_MF	3764
GO_MF	376497
GO_MF	3765
GO_MF	3766
GO_MF	3767
GO_MF	3768
GO_MF	3769
GO_MF	376940
GO_MF	377
GO_MF	3770
GO_MF	3772
GO_MF	3773
GO_MF	3775
GO_MF	3776
GO_MF	377677
GO_MF	3777
GO_MF	3778
GO_MF	3779
GO_MF	378
GO_MF	3780
GO_MF	3781
GO_MF	3782
GO_MF	3783
GO_MF	3784
GO_MF	3785
GO_MF	3786
GO_MF	3787
GO_MF	378708
GO_MF	3788
GO_MF	378925
GO_MF	379
GO_MF	3790
GO_MF	3791
GO_MF	3792
GO_MF	3795
GO_MF	3796
GO_MF	3797
GO_MF	3798
GO_MF	3799
GO_MF	38
GO_MF	3800
GO_MF	3801
GO_MF	3809
GO_MF	381
GO_MF	3814
GO_MF	3815
GO_MF	3816
GO_MF	3817
GO_MF	3818
GO_MF	382
GO_MF	3820
GO_MF	3823
GO_MF	3824
GO_MF	3827
GO_MF	383
GO_MF	3831
GO_MF	3832
GO_MF	3833
GO_MF	3834
GO_MF	3835
GO_MF	3836
GO_MF	3837
GO_MF	3838
GO_MF	3839
GO_MF	384
GO_MF	3840
GO_MF	3841
GO_MF	3842
GO_MF	3843
GO_MF	3845
GO_MF	3846
GO_MF	3848
GO_MF	3849
GO_MF	3850
GO_MF	3851
GO_MF	3852
GO_MF	3853
GO_MF	3854
GO_MF	3855
GO_MF	3857
GO_MF	3858
GO_MF	3859
GO_MF	3860
GO_MF	3861
GO_MF	3866
GO_MF	386618
GO_MF	386678
GO_MF	3868
GO_MF	387
GO_MF	387032
GO_MF	387103
GO_MF	387119
GO_MF	3872
GO_MF	387263
GO_MF	387338
GO_MF	387357
GO_MF	387496
GO_MF	387509
GO_MF	387521
GO_MF	387601
GO_MF	387640
GO_MF	387695
GO_MF	387751
GO_MF	387755
GO_MF	387758
GO_MF	387837
GO_MF	387856
GO_MF	387885
GO_MF	387893
GO_MF	387914
GO_MF	387921
GO_MF	387923
GO_MF	388
GO_MF	3880
GO_MF	3881
GO_MF	388115
GO_MF	388121
GO_MF	388135
GO_MF	3882
GO_MF	388228
GO_MF	388272
GO_MF	388335
GO_MF	388336
GO_MF	388341
GO_MF	3884
GO_MF	388403
GO_MF	388407
GO_MF	388503
GO_MF	388552
GO_MF	388566
GO_MF	388567
GO_MF	388569
GO_MF	388581
GO_MF	388585
GO_MF	388588
GO_MF	388591
GO_MF	3886
GO_MF	388610
GO_MF	388630
GO_MF	388650
GO_MF	388662
GO_MF	388677
GO_MF	388692
GO_MF	388695
GO_MF	388698
GO_MF	3887
GO_MF	388743
GO_MF	388753
GO_MF	388789
GO_MF	3888
GO_MF	3889
GO_MF	388951
GO_MF	388962
GO_MF	388969
GO_MF	389
GO_MF	3890
GO_MF	389058
GO_MF	389072
GO_MF	389084
GO_MF	3891
GO_MF	389114
GO_MF	389119
GO_MF	389123
GO_MF	389124
GO_MF	389136
GO_MF	3892
GO_MF	389203
GO_MF	389206
GO_MF	389289
GO_MF	389320
GO_MF	389336
GO_MF	389337
GO_MF	389362
GO_MF	389421
GO_MF	389434
GO_MF	3895
GO_MF	389541
GO_MF	389677
GO_MF	3897
GO_MF	3898
GO_MF	389812
GO_MF	389840
GO_MF	389856
GO_MF	389874
GO_MF	389895
GO_MF	3899
GO_MF	389903
GO_MF	39
GO_MF	390
GO_MF	390010
GO_MF	390058
GO_MF	390059
GO_MF	390063
GO_MF	390064
GO_MF	390066
GO_MF	3902
GO_MF	3903
GO_MF	3904
GO_MF	390502
GO_MF	390595
GO_MF	3906
GO_MF	390637
GO_MF	390790
GO_MF	3908
GO_MF	390892
GO_MF	3909
GO_MF	390916
GO_MF	390927
GO_MF	390940
GO_MF	390963
GO_MF	390980
GO_MF	390999
GO_MF	391
GO_MF	3910
GO_MF	391059
GO_MF	3911
GO_MF	3912
GO_MF	3913
GO_MF	391356
GO_MF	3914
GO_MF	3915
GO_MF	3916
GO_MF	391712
GO_MF	3918
GO_MF	392
GO_MF	3920
GO_MF	392307
GO_MF	3925
GO_MF	392617
GO_MF	3927
GO_MF	3929
GO_MF	393
GO_MF	3930
GO_MF	3931
GO_MF	3932
GO_MF	3933
GO_MF	3934
GO_MF	3936
GO_MF	3937
GO_MF	3938
GO_MF	3939
GO_MF	394
GO_MF	3948
GO_MF	3949
GO_MF	395
GO_MF	3950
GO_MF	3952
GO_MF	3953
GO_MF	3954
GO_MF	3955
GO_MF	3956
GO_MF	3957
GO_MF	3958
GO_MF	3959
GO_MF	396
GO_MF	3960
GO_MF	3964
GO_MF	3965
GO_MF	397
GO_MF	3973
GO_MF	3975
GO_MF	3976
GO_MF	3977
GO_MF	3978
GO_MF	398
GO_MF	3980
GO_MF	3981
GO_MF	3982
GO_MF	3983
GO_MF	3984
GO_MF	3985
GO_MF	3987
GO_MF	3988
GO_MF	399
GO_MF	3990
GO_MF	3991
GO_MF	3992
GO_MF	3993
GO_MF	399473
GO_MF	3995
GO_MF	399512
GO_MF	3996
GO_MF	399664
GO_MF	399665
GO_MF	399671
GO_MF	399687
GO_MF	399693
GO_MF	399694
GO_MF	3998
GO_MF	399818
GO_MF	399909
GO_MF	399947
GO_MF	399979
GO_MF	40
GO_MF	400
GO_MF	4000
GO_MF	4001
GO_MF	400120
GO_MF	400128
GO_MF	400258
GO_MF	4004
GO_MF	400410
GO_MF	4005
GO_MF	400506
GO_MF	400566
GO_MF	400569
GO_MF	400581
GO_MF	400629
GO_MF	4007
GO_MF	400709
GO_MF	400713
GO_MF	400745
GO_MF	400793
GO_MF	4008
GO_MF	400830
GO_MF	400831
GO_MF	4009
GO_MF	400916
GO_MF	400954
GO_MF	400961
GO_MF	400986
GO_MF	401
GO_MF	4010
GO_MF	401067
GO_MF	401145
GO_MF	401152
GO_MF	4012
GO_MF	401262
GO_MF	401288
GO_MF	4013
GO_MF	4014
GO_MF	401466
GO_MF	401474
GO_MF	401494
GO_MF	4015
GO_MF	401546
GO_MF	401548
GO_MF	401562
GO_MF	401565
GO_MF	4016
GO_MF	401612
GO_MF	401647
GO_MF	4017
GO_MF	4018
GO_MF	4023
GO_MF	402381
GO_MF	4025
GO_MF	4026
GO_MF	402682
GO_MF	403
GO_MF	4033
GO_MF	403313
GO_MF	403314
GO_MF	403341
GO_MF	4034
GO_MF	4035
GO_MF	4036
GO_MF	4038
GO_MF	4040
GO_MF	404037
GO_MF	404093
GO_MF	4041
GO_MF	404203
GO_MF	404216
GO_MF	404266
GO_MF	4043
GO_MF	4045
GO_MF	404550
GO_MF	4046
GO_MF	404636
GO_MF	404672
GO_MF	4047
GO_MF	4048
GO_MF	4049
GO_MF	405
GO_MF	4050
GO_MF	4051
GO_MF	4052
GO_MF	4053
GO_MF	4054
GO_MF	4055
GO_MF	4056
GO_MF	4057
GO_MF	405753
GO_MF	405754
GO_MF	4058
GO_MF	4059
GO_MF	406
GO_MF	4060
GO_MF	4061
GO_MF	4062
GO_MF	4064
GO_MF	4065
GO_MF	4066
GO_MF	4067
GO_MF	4068
GO_MF	4069
GO_MF	407
GO_MF	4070
GO_MF	4071
GO_MF	4072
GO_MF	4074
GO_MF	4076
GO_MF	4077
GO_MF	407738
GO_MF	408
GO_MF	408050
GO_MF	4082
GO_MF	408263
GO_MF	4084
GO_MF	4085
GO_MF	4086
GO_MF	4087
GO_MF	4088
GO_MF	4089
GO_MF	409
GO_MF	4090
GO_MF	4091
GO_MF	4092
GO_MF	4093
GO_MF	4094
GO_MF	4097
GO_MF	4099
GO_MF	41
GO_MF	410
GO_MF	4103
GO_MF	4107
GO_MF	4109
GO_MF	411
GO_MF	4110
GO_MF	4113
GO_MF	4114
GO_MF	4115
GO_MF	4116
GO_MF	4117
GO_MF	4118
GO_MF	412
GO_MF	4121
GO_MF	4122
GO_MF	4123
GO_MF	4124
GO_MF	4125
GO_MF	4126
GO_MF	4128
GO_MF	4129
GO_MF	4130
GO_MF	4131
GO_MF	4133
GO_MF	4134
GO_MF	4135
GO_MF	4137
GO_MF	4139
GO_MF	414
GO_MF	4140
GO_MF	4141
GO_MF	414157
GO_MF	414194
GO_MF	4142
GO_MF	414236
GO_MF	4143
GO_MF	414301
GO_MF	414328
GO_MF	414332
GO_MF	4144
GO_MF	4145
GO_MF	4146
GO_MF	4147
GO_MF	4148
GO_MF	4149
GO_MF	414918
GO_MF	415
GO_MF	4150
GO_MF	4151
GO_MF	415116
GO_MF	415117
GO_MF	4152
GO_MF	4153
GO_MF	4154
GO_MF	4155
GO_MF	4157
GO_MF	4158
GO_MF	4159
GO_MF	416
GO_MF	4160
GO_MF	4161
GO_MF	4162
GO_MF	4163
GO_MF	4166
GO_MF	4168
GO_MF	417
GO_MF	4170
GO_MF	4171
GO_MF	4172
GO_MF	4173
GO_MF	4174
GO_MF	4175
GO_MF	4176
GO_MF	4179
GO_MF	4184
GO_MF	4185
GO_MF	4188
GO_MF	4189
GO_MF	419
GO_MF	4190
GO_MF	4191
GO_MF	4192
GO_MF	4193
GO_MF	4194
GO_MF	4199
GO_MF	420
GO_MF	4200
GO_MF	4201
GO_MF	4204
GO_MF	4205
GO_MF	4208
GO_MF	4209
GO_MF	421
GO_MF	4211
GO_MF	4212
GO_MF	4214
GO_MF	4215
GO_MF	4216
GO_MF	4217
GO_MF	4218
GO_MF	4221
GO_MF	4222
GO_MF	4223
GO_MF	4224
GO_MF	4225
GO_MF	4232
GO_MF	4233
GO_MF	4234
GO_MF	4236
GO_MF	4237
GO_MF	4238
GO_MF	4239
GO_MF	4240
GO_MF	4241
GO_MF	4242
GO_MF	4245
GO_MF	4246
GO_MF	4247
GO_MF	4248
GO_MF	4249
GO_MF	4250
GO_MF	4253
GO_MF	4254
GO_MF	4255
GO_MF	4256
GO_MF	4257
GO_MF	4258
GO_MF	4259
GO_MF	4261
GO_MF	4267
GO_MF	427
GO_MF	4277
GO_MF	4281
GO_MF	4282
GO_MF	4283
GO_MF	4284
GO_MF	4285
GO_MF	4286
GO_MF	4287
GO_MF	4288
GO_MF	4289
GO_MF	429
GO_MF	4291
GO_MF	4292
GO_MF	4293
GO_MF	4295
GO_MF	4296
GO_MF	4297
GO_MF	4298
GO_MF	4299
GO_MF	43
GO_MF	430
GO_MF	4300
GO_MF	4301
GO_MF	4302
GO_MF	4303
GO_MF	4306
GO_MF	4308
GO_MF	4311
GO_MF	4312
GO_MF	4313
GO_MF	4314
GO_MF	4316
GO_MF	4317
GO_MF	431707
GO_MF	4318
GO_MF	4319
GO_MF	432
GO_MF	4320
GO_MF	4321
GO_MF	4322
GO_MF	4323
GO_MF	4324
GO_MF	4325
GO_MF	4326
GO_MF	4327
GO_MF	4329
GO_MF	433
GO_MF	4330
GO_MF	4331
GO_MF	4332
GO_MF	4335
GO_MF	4336
GO_MF	4337
GO_MF	4338
GO_MF	434
GO_MF	4340
GO_MF	4342
GO_MF	4343
GO_MF	4345
GO_MF	435
GO_MF	4350
GO_MF	4351
GO_MF	4352
GO_MF	4353
GO_MF	4354
GO_MF	4355
GO_MF	4356
GO_MF	4357
GO_MF	4358
GO_MF	4359
GO_MF	4360
GO_MF	4361
GO_MF	4363
GO_MF	438
GO_MF	43847
GO_MF	43849
GO_MF	439
GO_MF	440
GO_MF	440026
GO_MF	440073
GO_MF	440087
GO_MF	440107
GO_MF	440145
GO_MF	440193
GO_MF	440275
GO_MF	440279
GO_MF	440307
GO_MF	440335
GO_MF	440498
GO_MF	440503
GO_MF	440515
GO_MF	440560
GO_MF	440574
GO_MF	440603
GO_MF	440699
GO_MF	440712
GO_MF	440738
GO_MF	440836
GO_MF	440854
GO_MF	440956
GO_MF	440957
GO_MF	441024
GO_MF	441027
GO_MF	441061
GO_MF	441150
GO_MF	441161
GO_MF	441168
GO_MF	441273
GO_MF	441478
GO_MF	441549
GO_MF	442117
GO_MF	442184
GO_MF	442186
GO_MF	442191
GO_MF	442194
GO_MF	442319
GO_MF	442721
GO_MF	443
GO_MF	4430
GO_MF	4435
GO_MF	4436
GO_MF	4437
GO_MF	4438
GO_MF	444
GO_MF	4440
GO_MF	445
GO_MF	445815
GO_MF	4477
GO_MF	4478
GO_MF	4481
GO_MF	4482
GO_MF	4486
GO_MF	4487
GO_MF	4488
GO_MF	4495
GO_MF	4499
GO_MF	4504
GO_MF	4507
GO_MF	4508
GO_MF	4512
GO_MF	4513
GO_MF	4515
GO_MF	4520
GO_MF	4521
GO_MF	4522
GO_MF	4524
GO_MF	4528
GO_MF	4534
GO_MF	4536
GO_MF	4538
GO_MF	4541
GO_MF	4542
GO_MF	4543
GO_MF	4544
GO_MF	4547
GO_MF	4548
GO_MF	4552
GO_MF	4580
GO_MF	4582
GO_MF	4583
GO_MF	4584
GO_MF	4585
GO_MF	4586
GO_MF	4588
GO_MF	4589
GO_MF	4591
GO_MF	4593
GO_MF	4594
GO_MF	4595
GO_MF	4597
GO_MF	4598
GO_MF	4599
GO_MF	460
GO_MF	4600
GO_MF	4601
GO_MF	4602
GO_MF	4603
GO_MF	4604
GO_MF	4605
GO_MF	4606
GO_MF	4607
GO_MF	4608
GO_MF	4609
GO_MF	4610
GO_MF	4613
GO_MF	4615
GO_MF	4616
GO_MF	4617
GO_MF	4618
GO_MF	4619
GO_MF	462
GO_MF	4620
GO_MF	4621
GO_MF	4622
GO_MF	4624
GO_MF	4626
GO_MF	4627
GO_MF	4628
GO_MF	4629
GO_MF	463
GO_MF	4632
GO_MF	4633
GO_MF	4634
GO_MF	4636
GO_MF	4637
GO_MF	4638
GO_MF	4640
GO_MF	4641
GO_MF	4642
GO_MF	4643
GO_MF	4644
GO_MF	4645
GO_MF	4646
GO_MF	4647
GO_MF	4648
GO_MF	4649
GO_MF	4650
GO_MF	4651
GO_MF	4653
GO_MF	4654
GO_MF	4656
GO_MF	4659
GO_MF	466
GO_MF	4660
GO_MF	4661
GO_MF	4664
GO_MF	4665
GO_MF	4666
GO_MF	4668
GO_MF	4669
GO_MF	467
GO_MF	4670
GO_MF	4671
GO_MF	4673
GO_MF	4674
GO_MF	4675
GO_MF	4676
GO_MF	4677
GO_MF	4678
GO_MF	468
GO_MF	4680
GO_MF	4681
GO_MF	4682
GO_MF	4683
GO_MF	4684
GO_MF	4685
GO_MF	4686
GO_MF	4688
GO_MF	4689
GO_MF	4690
GO_MF	4691
GO_MF	4692
GO_MF	4693
GO_MF	4694
GO_MF	4695
GO_MF	4696
GO_MF	4697
GO_MF	4698
GO_MF	47
GO_MF	4700
GO_MF	4701
GO_MF	4702
GO_MF	4703
GO_MF	4704
GO_MF	4705
GO_MF	4706
GO_MF	4707
GO_MF	4708
GO_MF	4709
GO_MF	471
GO_MF	4710
GO_MF	4711
GO_MF	4712
GO_MF	4713
GO_MF	4714
GO_MF	4715
GO_MF	4716
GO_MF	4717
GO_MF	4718
GO_MF	4719
GO_MF	472
GO_MF	4720
GO_MF	4722
GO_MF	4723
GO_MF	4724
GO_MF	4725
GO_MF	4726
GO_MF	4728
GO_MF	4729
GO_MF	473
GO_MF	4731
GO_MF	4733
GO_MF	4734
GO_MF	4735
GO_MF	4736
GO_MF	4738
GO_MF	4739
GO_MF	474
GO_MF	4741
GO_MF	474344
GO_MF	474354
GO_MF	4744
GO_MF	4745
GO_MF	4747
GO_MF	475
GO_MF	4750
GO_MF	4751
GO_MF	4752
GO_MF	4753
GO_MF	4756
GO_MF	4758
GO_MF	4759
GO_MF	476
GO_MF	4760
GO_MF	4761
GO_MF	4763
GO_MF	477
GO_MF	4771
GO_MF	4772
GO_MF	4773
GO_MF	4774
GO_MF	4775
GO_MF	4776
GO_MF	4778
GO_MF	4779
GO_MF	478
GO_MF	4780
GO_MF	4781
GO_MF	4782
GO_MF	4783
GO_MF	4784
GO_MF	479
GO_MF	4790
GO_MF	4791
GO_MF	4792
GO_MF	4793
GO_MF	4794
GO_MF	4795
GO_MF	4796
GO_MF	4798
GO_MF	4799
GO_MF	48
GO_MF	480
GO_MF	4800
GO_MF	4801
GO_MF	4802
GO_MF	4803
GO_MF	4804
GO_MF	4807
GO_MF	4808
GO_MF	4809
GO_MF	481
GO_MF	4811
GO_MF	4814
GO_MF	4815
GO_MF	4817
GO_MF	4818
GO_MF	482
GO_MF	4820
GO_MF	4821
GO_MF	4824
GO_MF	4825
GO_MF	4828
GO_MF	4829
GO_MF	483
GO_MF	4830
GO_MF	4832
GO_MF	4833
GO_MF	4835
GO_MF	4836
GO_MF	4837
GO_MF	4838
GO_MF	4839
GO_MF	4841
GO_MF	4842
GO_MF	4843
GO_MF	4846
GO_MF	4848
GO_MF	4849
GO_MF	4850
GO_MF	4851
GO_MF	4852
GO_MF	4853
GO_MF	4854
GO_MF	4855
GO_MF	4856
GO_MF	4857
GO_MF	4858
GO_MF	486
GO_MF	4860
GO_MF	4862
GO_MF	4863
GO_MF	4864
GO_MF	4867
GO_MF	4868
GO_MF	4869
GO_MF	487
GO_MF	4878
GO_MF	4879
GO_MF	488
GO_MF	4880
GO_MF	4881
GO_MF	4882
GO_MF	4883
GO_MF	4884
GO_MF	4885
GO_MF	4886
GO_MF	4887
GO_MF	4888
GO_MF	4889
GO_MF	489
GO_MF	4891
GO_MF	4892
GO_MF	4893
GO_MF	4897
GO_MF	4898
GO_MF	4899
GO_MF	49
GO_MF	490
GO_MF	4900
GO_MF	4901
GO_MF	4902
GO_MF	4904
GO_MF	4905
GO_MF	4907
GO_MF	4908
GO_MF	4909
GO_MF	491
GO_MF	4913
GO_MF	4914
GO_MF	4915
GO_MF	4916
GO_MF	4919
GO_MF	492
GO_MF	4920
GO_MF	4921
GO_MF	4922
GO_MF	4923
GO_MF	4924
GO_MF	4925
GO_MF	4926
GO_MF	4927
GO_MF	4928
GO_MF	4929
GO_MF	493
GO_MF	4931
GO_MF	4935
GO_MF	493753
GO_MF	4938
GO_MF	493829
GO_MF	493856
GO_MF	493861
GO_MF	493869
GO_MF	4939
GO_MF	493911
GO_MF	4940
GO_MF	494115
GO_MF	494143
GO_MF	4942
GO_MF	4943
GO_MF	494470
GO_MF	494514
GO_MF	4946
GO_MF	4947
GO_MF	4948
GO_MF	495
GO_MF	4951
GO_MF	4952
GO_MF	4953
GO_MF	4956
GO_MF	4957
GO_MF	496
GO_MF	4967
GO_MF	4968
GO_MF	4969
GO_MF	497189
GO_MF	4973
GO_MF	4976
GO_MF	4978
GO_MF	498
GO_MF	4982
GO_MF	4985
GO_MF	49854
GO_MF	49855
GO_MF	49856
GO_MF	4986
GO_MF	49860
GO_MF	49861
GO_MF	4987
GO_MF	4988
GO_MF	4990
GO_MF	4991
GO_MF	4992
GO_MF	4993
GO_MF	4994
GO_MF	4995
GO_MF	4998
GO_MF	4999
GO_MF	50
GO_MF	5000
GO_MF	5001
GO_MF	5002
GO_MF	5004
GO_MF	5007
GO_MF	5008
GO_MF	5009
GO_MF	501
GO_MF	5010
GO_MF	5013
GO_MF	5015
GO_MF	5016
GO_MF	5017
GO_MF	5018
GO_MF	5019
GO_MF	5021
GO_MF	5023
GO_MF	5024
GO_MF	5025
GO_MF	5026
GO_MF	5027
GO_MF	5028
GO_MF	5029
GO_MF	5030
GO_MF	5031
GO_MF	5033
GO_MF	5034
GO_MF	503542
GO_MF	5036
GO_MF	5037
GO_MF	5045
GO_MF	5046
GO_MF	5047
GO_MF	5048
GO_MF	50484
GO_MF	50485
GO_MF	50486
GO_MF	50487
GO_MF	50488
GO_MF	50489
GO_MF	5049
GO_MF	5050
GO_MF	50506
GO_MF	50507
GO_MF	50508
GO_MF	50509
GO_MF	5051
GO_MF	50511
GO_MF	50512
GO_MF	50515
GO_MF	5052
GO_MF	5053
GO_MF	5054
GO_MF	5055
GO_MF	5058
GO_MF	506
GO_MF	50604
GO_MF	50613
GO_MF	50614
GO_MF	50615
GO_MF	50616
GO_MF	50617
GO_MF	50618
GO_MF	50619
GO_MF	5062
GO_MF	50626
GO_MF	50628
GO_MF	5063
GO_MF	50632
GO_MF	50636
GO_MF	5064
GO_MF	50640
GO_MF	50649
GO_MF	50650
GO_MF	50651
GO_MF	5066
GO_MF	50674
GO_MF	5068
GO_MF	5069
GO_MF	50700
GO_MF	5071
GO_MF	50717
GO_MF	5073
GO_MF	5074
GO_MF	5075
GO_MF	5076
GO_MF	5077
GO_MF	5078
GO_MF	5079
GO_MF	5080
GO_MF	50801
GO_MF	50804
GO_MF	50805
GO_MF	50807
GO_MF	50808
GO_MF	50809
GO_MF	5081
GO_MF	50810
GO_MF	50813
GO_MF	50814
GO_MF	5082
GO_MF	5083
GO_MF	50831
GO_MF	50832
GO_MF	50833
GO_MF	50834
GO_MF	50835
GO_MF	50836
GO_MF	50837
GO_MF	50838
GO_MF	50839
GO_MF	50840
GO_MF	50846
GO_MF	50848
GO_MF	50852
GO_MF	50853
GO_MF	50855
GO_MF	50856
GO_MF	50859
GO_MF	50861
GO_MF	50862
GO_MF	50863
GO_MF	50865
GO_MF	5087
GO_MF	5089
GO_MF	509
GO_MF	5090
GO_MF	5091
GO_MF	5092
GO_MF	5093
GO_MF	50937
GO_MF	50939
GO_MF	5094
GO_MF	50940
GO_MF	50943
GO_MF	50944
GO_MF	50945
GO_MF	5095
GO_MF	5096
GO_MF	50964
GO_MF	5097
GO_MF	5098
GO_MF	5099
GO_MF	50999
GO_MF	51
GO_MF	5100
GO_MF	51000
GO_MF	51001
GO_MF	51002
GO_MF	51003
GO_MF	51004
GO_MF	51005
GO_MF	51006
GO_MF	51008
GO_MF	51009
GO_MF	5101
GO_MF	51010
GO_MF	51011
GO_MF	51012
GO_MF	51013
GO_MF	51014
GO_MF	51015
GO_MF	51016
GO_MF	51019
GO_MF	51020
GO_MF	51021
GO_MF	51022
GO_MF	51023
GO_MF	51024
GO_MF	51025
GO_MF	51026
GO_MF	51027
GO_MF	51028
GO_MF	51029
GO_MF	51030
GO_MF	51031
GO_MF	51032
GO_MF	51035
GO_MF	5104
GO_MF	51042
GO_MF	51043
GO_MF	51046
GO_MF	5105
GO_MF	51050
GO_MF	51053
GO_MF	51056
GO_MF	51058
GO_MF	51059
GO_MF	5106
GO_MF	51060
GO_MF	51061
GO_MF	51062
GO_MF	51063
GO_MF	51065
GO_MF	51066
GO_MF	51067
GO_MF	51068
GO_MF	51069
GO_MF	51070
GO_MF	51071
GO_MF	51073
GO_MF	51074
GO_MF	51075
GO_MF	51076
GO_MF	51077
GO_MF	51078
GO_MF	51079
GO_MF	5108
GO_MF	51081
GO_MF	51082
GO_MF	51083
GO_MF	51084
GO_MF	51085
GO_MF	51086
GO_MF	51087
GO_MF	51088
GO_MF	51090
GO_MF	51091
GO_MF	51092
GO_MF	51093
GO_MF	51094
GO_MF	51095
GO_MF	51096
GO_MF	51097
GO_MF	51098
GO_MF	51099
GO_MF	5110
GO_MF	51100
GO_MF	51101
GO_MF	51102
GO_MF	51103
GO_MF	51104
GO_MF	51105
GO_MF	51106
GO_MF	51107
GO_MF	51108
GO_MF	51109
GO_MF	5111
GO_MF	51110
GO_MF	51111
GO_MF	51112
GO_MF	51114
GO_MF	51115
GO_MF	51116
GO_MF	51117
GO_MF	51118
GO_MF	51121
GO_MF	51122
GO_MF	51123
GO_MF	51124
GO_MF	51125
GO_MF	51126
GO_MF	51127
GO_MF	51128
GO_MF	51129
GO_MF	51130
GO_MF	51131
GO_MF	51132
GO_MF	51134
GO_MF	51135
GO_MF	51136
GO_MF	51138
GO_MF	51141
GO_MF	51142
GO_MF	51143
GO_MF	51144
GO_MF	51146
GO_MF	51147
GO_MF	51148
GO_MF	51149
GO_MF	51150
GO_MF	51151
GO_MF	51154
GO_MF	51155
GO_MF	51156
GO_MF	51157
GO_MF	5116
GO_MF	51160
GO_MF	51162
GO_MF	51163
GO_MF	51164
GO_MF	51166
GO_MF	51167
GO_MF	51168
GO_MF	51170
GO_MF	51171
GO_MF	51172
GO_MF	51174
GO_MF	51175
GO_MF	51176
GO_MF	51177
GO_MF	51179
GO_MF	5118
GO_MF	51181
GO_MF	51182
GO_MF	51184
GO_MF	51185
GO_MF	51187
GO_MF	51188
GO_MF	5119
GO_MF	51191
GO_MF	51192
GO_MF	51193
GO_MF	51194
GO_MF	51195
GO_MF	51196
GO_MF	51199
GO_MF	51200
GO_MF	51201
GO_MF	51203
GO_MF	51204
GO_MF	51205
GO_MF	51206
GO_MF	51207
GO_MF	51208
GO_MF	51209
GO_MF	5121
GO_MF	51213
GO_MF	51218
GO_MF	5122
GO_MF	51222
GO_MF	51224
GO_MF	51225
GO_MF	51227
GO_MF	51228
GO_MF	51230
GO_MF	51231
GO_MF	51232
GO_MF	51233
GO_MF	51234
GO_MF	51237
GO_MF	51241
GO_MF	51244
GO_MF	51246
GO_MF	51247
GO_MF	51248
GO_MF	51249
GO_MF	5125
GO_MF	51250
GO_MF	51251
GO_MF	51253
GO_MF	51255
GO_MF	51256
GO_MF	51257
GO_MF	51258
GO_MF	51259
GO_MF	5126
GO_MF	51260
GO_MF	51263
GO_MF	51264
GO_MF	51265
GO_MF	51266
GO_MF	51267
GO_MF	51268
GO_MF	5127
GO_MF	51270
GO_MF	51271
GO_MF	51272
GO_MF	51274
GO_MF	51276
GO_MF	51277
GO_MF	51278
GO_MF	51279
GO_MF	5128
GO_MF	51280
GO_MF	51281
GO_MF	51283
GO_MF	51284
GO_MF	51285
GO_MF	51286
GO_MF	51287
GO_MF	5129
GO_MF	51290
GO_MF	51291
GO_MF	51292
GO_MF	51293
GO_MF	51294
GO_MF	51295
GO_MF	51296
GO_MF	51297
GO_MF	51298
GO_MF	51299
GO_MF	513
GO_MF	5130
GO_MF	51300
GO_MF	51301
GO_MF	51302
GO_MF	51303
GO_MF	51304
GO_MF	51305
GO_MF	51306
GO_MF	51307
GO_MF	51308
GO_MF	51309
GO_MF	51310
GO_MF	51311
GO_MF	51312
GO_MF	51314
GO_MF	51315
GO_MF	51316
GO_MF	51317
GO_MF	51318
GO_MF	51319
GO_MF	5132
GO_MF	51320
GO_MF	51321
GO_MF	51322
GO_MF	51324
GO_MF	51327
GO_MF	51329
GO_MF	5133
GO_MF	51330
GO_MF	51332
GO_MF	51333
GO_MF	51334
GO_MF	51335
GO_MF	51338
GO_MF	51339
GO_MF	5134
GO_MF	51340
GO_MF	51341
GO_MF	51343
GO_MF	51347
GO_MF	51348
GO_MF	51350
GO_MF	51351
GO_MF	51352
GO_MF	5136
GO_MF	51360
GO_MF	51361
GO_MF	51362
GO_MF	51363
GO_MF	51364
GO_MF	51365
GO_MF	51366
GO_MF	51367
GO_MF	51368
GO_MF	5137
GO_MF	51371
GO_MF	51373
GO_MF	51374
GO_MF	51375
GO_MF	51377
GO_MF	51378
GO_MF	51379
GO_MF	5138
GO_MF	51380
GO_MF	51382
GO_MF	51384
GO_MF	51385
GO_MF	51386
GO_MF	51388
GO_MF	51389
GO_MF	5139
GO_MF	51390
GO_MF	51393
GO_MF	51397
GO_MF	51398
GO_MF	51399
GO_MF	514
GO_MF	5140
GO_MF	51400
GO_MF	51406
GO_MF	51409
GO_MF	5141
GO_MF	51411
GO_MF	51412
GO_MF	5142
GO_MF	51421
GO_MF	51422
GO_MF	51426
GO_MF	51427
GO_MF	51428
GO_MF	51429
GO_MF	51433
GO_MF	51434
GO_MF	51435
GO_MF	51438
GO_MF	51439
GO_MF	5144
GO_MF	51440
GO_MF	51441
GO_MF	51442
GO_MF	51444
GO_MF	51447
GO_MF	51449
GO_MF	5145
GO_MF	51450
GO_MF	51451
GO_MF	51455
GO_MF	51458
GO_MF	5146
GO_MF	51460
GO_MF	51463
GO_MF	51465
GO_MF	51466
GO_MF	5147
GO_MF	51471
GO_MF	51473
GO_MF	51474
GO_MF	51475
GO_MF	51477
GO_MF	51479
GO_MF	5148
GO_MF	5149
GO_MF	51490
GO_MF	51491
GO_MF	51493
GO_MF	51495
GO_MF	51496
GO_MF	51499
GO_MF	515
GO_MF	5150
GO_MF	51501
GO_MF	51503
GO_MF	51504
GO_MF	51506
GO_MF	51507
GO_MF	5151
GO_MF	51510
GO_MF	51512
GO_MF	51513
GO_MF	51514
GO_MF	51517
GO_MF	5152
GO_MF	51520
GO_MF	51522
GO_MF	51523
GO_MF	51526
GO_MF	51527
GO_MF	51528
GO_MF	51529
GO_MF	5153
GO_MF	51530
GO_MF	51531
GO_MF	51533
GO_MF	51534
GO_MF	51535
GO_MF	51537
GO_MF	51538
GO_MF	5154
GO_MF	51540
GO_MF	51542
GO_MF	51545
GO_MF	51547
GO_MF	51548
GO_MF	5155
GO_MF	51550
GO_MF	51552
GO_MF	51554
GO_MF	51555
GO_MF	51557
GO_MF	51559
GO_MF	5156
GO_MF	51560
GO_MF	51561
GO_MF	51562
GO_MF	51564
GO_MF	51566
GO_MF	51567
GO_MF	51569
GO_MF	5157
GO_MF	51571
GO_MF	51573
GO_MF	51574
GO_MF	51575
GO_MF	5158
GO_MF	51582
GO_MF	51585
GO_MF	51586
GO_MF	51588
GO_MF	5159
GO_MF	51592
GO_MF	51593
GO_MF	51594
GO_MF	51596
GO_MF	516
GO_MF	5160
GO_MF	51601
GO_MF	51602
GO_MF	51603
GO_MF	51604
GO_MF	51605
GO_MF	51606
GO_MF	51608
GO_MF	5161
GO_MF	51611
GO_MF	51614
GO_MF	51616
GO_MF	51617
GO_MF	51619
GO_MF	5162
GO_MF	51621
GO_MF	51622
GO_MF	51626
GO_MF	51629
GO_MF	5163
GO_MF	51631
GO_MF	51633
GO_MF	51634
GO_MF	51635
GO_MF	51637
GO_MF	51639
GO_MF	5164
GO_MF	51642
GO_MF	51643
GO_MF	51645
GO_MF	51646
GO_MF	51647
GO_MF	51649
GO_MF	5165
GO_MF	51650
GO_MF	51651
GO_MF	51654
GO_MF	51655
GO_MF	51657
GO_MF	51659
GO_MF	5166
GO_MF	51660
GO_MF	51661
GO_MF	51663
GO_MF	51665
GO_MF	51666
GO_MF	51667
GO_MF	51668
GO_MF	51669
GO_MF	5167
GO_MF	51673
GO_MF	51676
GO_MF	51678
GO_MF	5168
GO_MF	51684
GO_MF	51686
GO_MF	5169
GO_MF	51690
GO_MF	51691
GO_MF	51692
GO_MF	51693
GO_MF	51699
GO_MF	517
GO_MF	5170
GO_MF	51700
GO_MF	51701
GO_MF	51702
GO_MF	51703
GO_MF	51704
GO_MF	51705
GO_MF	51706
GO_MF	51710
GO_MF	51714
GO_MF	51715
GO_MF	51719
GO_MF	51720
GO_MF	51725
GO_MF	51726
GO_MF	51727
GO_MF	51728
GO_MF	51729
GO_MF	5173
GO_MF	51733
GO_MF	51734
GO_MF	51735
GO_MF	51738
GO_MF	5174
GO_MF	51741
GO_MF	51742
GO_MF	51744
GO_MF	51747
GO_MF	5175
GO_MF	51752
GO_MF	51754
GO_MF	51755
GO_MF	51759
GO_MF	5176
GO_MF	51760
GO_MF	51761
GO_MF	51762
GO_MF	51763
GO_MF	51765
GO_MF	51773
GO_MF	51776
GO_MF	51778
GO_MF	5178
GO_MF	51780
GO_MF	5179
GO_MF	518
GO_MF	51802
GO_MF	51804
GO_MF	51805
GO_MF	51806
GO_MF	51807
GO_MF	51808
GO_MF	51809
GO_MF	51816
GO_MF	5184
GO_MF	5187
GO_MF	5188
GO_MF	5189
GO_MF	5190
GO_MF	5191
GO_MF	5192
GO_MF	5193
GO_MF	5194
GO_MF	5195
GO_MF	5197
GO_MF	5198
GO_MF	5199
GO_MF	52
GO_MF	5201
GO_MF	5202
GO_MF	5203
GO_MF	5204
GO_MF	5205
GO_MF	5207
GO_MF	5208
GO_MF	5209
GO_MF	5210
GO_MF	5211
GO_MF	5212
GO_MF	5213
GO_MF	5214
GO_MF	5216
GO_MF	5217
GO_MF	5218
GO_MF	522
GO_MF	5223
GO_MF	5224
GO_MF	5225
GO_MF	5226
GO_MF	5228
GO_MF	5229
GO_MF	523
GO_MF	5230
GO_MF	5232
GO_MF	5236
GO_MF	5238
GO_MF	5239
GO_MF	5241
GO_MF	5243
GO_MF	5244
GO_MF	5245
GO_MF	525
GO_MF	5250
GO_MF	5251
GO_MF	5252
GO_MF	5253
GO_MF	5255
GO_MF	5256
GO_MF	5257
GO_MF	526
GO_MF	5260
GO_MF	5261
GO_MF	5264
GO_MF	5265
GO_MF	5266
GO_MF	5267
GO_MF	5268
GO_MF	5269
GO_MF	527
GO_MF	5270
GO_MF	5271
GO_MF	5272
GO_MF	5273
GO_MF	5274
GO_MF	5275
GO_MF	5276
GO_MF	5277
GO_MF	5279
GO_MF	528
GO_MF	5281
GO_MF	5283
GO_MF	5284
GO_MF	5286
GO_MF	5287
GO_MF	5288
GO_MF	5289
GO_MF	529
GO_MF	5290
GO_MF	5291
GO_MF	5292
GO_MF	5293
GO_MF	5294
GO_MF	5295
GO_MF	5296
GO_MF	5297
GO_MF	5298
GO_MF	53
GO_MF	5300
GO_MF	5303
GO_MF	5304
GO_MF	5305
GO_MF	5306
GO_MF	5307
GO_MF	5308
GO_MF	5309
GO_MF	5310
GO_MF	5311
GO_MF	5313
GO_MF	5314
GO_MF	5315
GO_MF	5316
GO_MF	5317
GO_MF	5318
GO_MF	5319
GO_MF	5320
GO_MF	5321
GO_MF	5322
GO_MF	5324
GO_MF	5325
GO_MF	5326
GO_MF	5327
GO_MF	5328
GO_MF	5329
GO_MF	533
GO_MF	5330
GO_MF	5332
GO_MF	5333
GO_MF	53335
GO_MF	53339
GO_MF	5334
GO_MF	53340
GO_MF	53342
GO_MF	53343
GO_MF	53345
GO_MF	53346
GO_MF	53347
GO_MF	53349
GO_MF	5335
GO_MF	53353
GO_MF	53354
GO_MF	53358
GO_MF	5336
GO_MF	5337
GO_MF	53371
GO_MF	53373
GO_MF	5338
GO_MF	5339
GO_MF	534
GO_MF	5340
GO_MF	53405
GO_MF	53407
GO_MF	5341
GO_MF	5345
GO_MF	5346
GO_MF	5347
GO_MF	5348
GO_MF	5349
GO_MF	535
GO_MF	5350
GO_MF	5351
GO_MF	5352
GO_MF	5354
GO_MF	5355
GO_MF	5356
GO_MF	5357
GO_MF	5358
GO_MF	5359
GO_MF	5360
GO_MF	5361
GO_MF	53615
GO_MF	53616
GO_MF	5362
GO_MF	53630
GO_MF	53632
GO_MF	53637
GO_MF	5364
GO_MF	5365
GO_MF	5366
GO_MF	5367
GO_MF	5368
GO_MF	537
GO_MF	5371
GO_MF	5372
GO_MF	5373
GO_MF	5375
GO_MF	5376
GO_MF	5378
GO_MF	538
GO_MF	53820
GO_MF	53822
GO_MF	53826
GO_MF	53827
GO_MF	53828
GO_MF	53829
GO_MF	5383
GO_MF	53831
GO_MF	53832
GO_MF	53833
GO_MF	53834
GO_MF	53836
GO_MF	53838
GO_MF	53841
GO_MF	539
GO_MF	53904
GO_MF	53905
GO_MF	53916
GO_MF	53917
GO_MF	53918
GO_MF	53919
GO_MF	5393
GO_MF	53938
GO_MF	5394
GO_MF	53940
GO_MF	53942
GO_MF	53944
GO_MF	53947
GO_MF	5396
GO_MF	53981
GO_MF	54
GO_MF	540
GO_MF	54014
GO_MF	54020
GO_MF	54033
GO_MF	54039
GO_MF	54059
GO_MF	5406
GO_MF	54069
GO_MF	5407
GO_MF	5408
GO_MF	5409
GO_MF	54093
GO_MF	54097
GO_MF	54101
GO_MF	54102
GO_MF	54103
GO_MF	54106
GO_MF	54107
GO_MF	54108
GO_MF	5411
GO_MF	54112
GO_MF	5412
GO_MF	5414
GO_MF	541468
GO_MF	54148
GO_MF	54149
GO_MF	54165
GO_MF	54187
GO_MF	5420
GO_MF	54205
GO_MF	54206
GO_MF	54207
GO_MF	54209
GO_MF	54210
GO_MF	54212
GO_MF	5422
GO_MF	54221
GO_MF	5423
GO_MF	5424
GO_MF	5425
GO_MF	5426
GO_MF	5427
GO_MF	542767
GO_MF	5428
GO_MF	5429
GO_MF	5430
GO_MF	5431
GO_MF	5432
GO_MF	54328
GO_MF	54329
GO_MF	5433
GO_MF	54331
GO_MF	54332
GO_MF	5434
GO_MF	54344
GO_MF	54346
GO_MF	5435
GO_MF	5436
GO_MF	54360
GO_MF	54361
GO_MF	54363
GO_MF	5437
GO_MF	5438
GO_MF	54386
GO_MF	5440
GO_MF	54407
GO_MF	5441
GO_MF	54413
GO_MF	54414
GO_MF	5442
GO_MF	54429
GO_MF	5443
GO_MF	54431
GO_MF	54432
GO_MF	54433
GO_MF	54434
GO_MF	54437
GO_MF	54438
GO_MF	54439
GO_MF	5444
GO_MF	54442
GO_MF	54443
GO_MF	5445
GO_MF	54453
GO_MF	54454
GO_MF	54455
GO_MF	54456
GO_MF	54457
GO_MF	54458
GO_MF	5446
GO_MF	54460
GO_MF	54461
GO_MF	54462
GO_MF	54463
GO_MF	54464
GO_MF	54465
GO_MF	54466
GO_MF	54467
GO_MF	54468
GO_MF	54469
GO_MF	5447
GO_MF	54471
GO_MF	54472
GO_MF	54474
GO_MF	54475
GO_MF	54476
GO_MF	54477
GO_MF	54478
GO_MF	54480
GO_MF	54482
GO_MF	54487
GO_MF	5449
GO_MF	54491
GO_MF	54492
GO_MF	54495
GO_MF	54496
GO_MF	54497
GO_MF	54498
GO_MF	54499
GO_MF	545
GO_MF	5450
GO_MF	54502
GO_MF	54503
GO_MF	54504
GO_MF	54505
GO_MF	54507
GO_MF	54509
GO_MF	5451
GO_MF	54510
GO_MF	54511
GO_MF	54512
GO_MF	54514
GO_MF	54516
GO_MF	54517
GO_MF	54518
GO_MF	5452
GO_MF	54520
GO_MF	54521
GO_MF	54529
GO_MF	5453
GO_MF	54531
GO_MF	54532
GO_MF	54535
GO_MF	54536
GO_MF	54537
GO_MF	54538
GO_MF	54539
GO_MF	5454
GO_MF	54540
GO_MF	54541
GO_MF	54542
GO_MF	54544
GO_MF	54545
GO_MF	54546
GO_MF	54549
GO_MF	5455
GO_MF	54550
GO_MF	54551
GO_MF	54552
GO_MF	54554
GO_MF	54555
GO_MF	54556
GO_MF	54557
GO_MF	54558
GO_MF	5456
GO_MF	54566
GO_MF	54567
GO_MF	5457
GO_MF	54576
GO_MF	54578
GO_MF	5458
GO_MF	54581
GO_MF	54583
GO_MF	54585
GO_MF	54587
GO_MF	5459
GO_MF	54596
GO_MF	546
GO_MF	54602
GO_MF	54606
GO_MF	54617
GO_MF	54619
GO_MF	54620
GO_MF	54621
GO_MF	54622
GO_MF	54623
GO_MF	54625
GO_MF	54626
GO_MF	54627
GO_MF	54629
GO_MF	5463
GO_MF	5464
GO_MF	5465
GO_MF	54658
GO_MF	54660
GO_MF	54662
GO_MF	54663
GO_MF	54664
GO_MF	54665
GO_MF	5467
GO_MF	54674
GO_MF	54675
GO_MF	54676
GO_MF	54677
GO_MF	5468
GO_MF	54680
GO_MF	54681
GO_MF	5469
GO_MF	547
GO_MF	54700
GO_MF	54704
GO_MF	54707
GO_MF	54708
GO_MF	5471
GO_MF	54714
GO_MF	54715
GO_MF	54716
GO_MF	54718
GO_MF	54726
GO_MF	5473
GO_MF	54732
GO_MF	54733
GO_MF	54734
GO_MF	54737
GO_MF	54738
GO_MF	54739
GO_MF	54741
GO_MF	54749
GO_MF	5475
GO_MF	54751
GO_MF	54752
GO_MF	54753
GO_MF	54756
GO_MF	54757
GO_MF	54758
GO_MF	5476
GO_MF	54762
GO_MF	54763
GO_MF	54764
GO_MF	54765
GO_MF	54766
GO_MF	54768
GO_MF	54769
GO_MF	54776
GO_MF	54778
GO_MF	5478
GO_MF	54780
GO_MF	54784
GO_MF	54785
GO_MF	54788
GO_MF	5479
GO_MF	54790
GO_MF	54793
GO_MF	54795
GO_MF	54796
GO_MF	54797
GO_MF	54798
GO_MF	54799
GO_MF	5480
GO_MF	54800
GO_MF	54801
GO_MF	54802
GO_MF	54805
GO_MF	54806
GO_MF	54807
GO_MF	54808
GO_MF	54809
GO_MF	5481
GO_MF	54810
GO_MF	54811
GO_MF	54812
GO_MF	54813
GO_MF	54814
GO_MF	54815
GO_MF	54819
GO_MF	54820
GO_MF	54821
GO_MF	54822
GO_MF	54825
GO_MF	54826
GO_MF	54828
GO_MF	54829
GO_MF	54830
GO_MF	54831
GO_MF	54834
GO_MF	54836
GO_MF	54838
GO_MF	54840
GO_MF	54841
GO_MF	54842
GO_MF	54843
GO_MF	54845
GO_MF	54847
GO_MF	54848
GO_MF	54849
GO_MF	54850
GO_MF	54851
GO_MF	54852
GO_MF	54854
GO_MF	54855
GO_MF	54856
GO_MF	54857
GO_MF	54858
GO_MF	54859
GO_MF	54860
GO_MF	54861
GO_MF	54862
GO_MF	54863
GO_MF	548644
GO_MF	54865
GO_MF	54866
GO_MF	54868
GO_MF	54869
GO_MF	54870
GO_MF	54872
GO_MF	54873
GO_MF	54874
GO_MF	54875
GO_MF	54876
GO_MF	54877
GO_MF	54878
GO_MF	54880
GO_MF	54881
GO_MF	54882
GO_MF	54883
GO_MF	54884
GO_MF	54885
GO_MF	54886
GO_MF	54887
GO_MF	54888
GO_MF	54890
GO_MF	54892
GO_MF	54894
GO_MF	54896
GO_MF	54897
GO_MF	54898
GO_MF	54899
GO_MF	549
GO_MF	54900
GO_MF	54901
GO_MF	54902
GO_MF	54903
GO_MF	54904
GO_MF	54905
GO_MF	54906
GO_MF	54908
GO_MF	54910
GO_MF	54913
GO_MF	54914
GO_MF	54915
GO_MF	54916
GO_MF	54918
GO_MF	54919
GO_MF	54920
GO_MF	54921
GO_MF	54922
GO_MF	54923
GO_MF	54925
GO_MF	54926
GO_MF	54927
GO_MF	54928
GO_MF	54929
GO_MF	5493
GO_MF	54930
GO_MF	54931
GO_MF	54932
GO_MF	54933
GO_MF	54934
GO_MF	54935
GO_MF	54936
GO_MF	54937
GO_MF	54938
GO_MF	54939
GO_MF	5494
GO_MF	54940
GO_MF	54941
GO_MF	54942
GO_MF	54943
GO_MF	54946
GO_MF	54947
GO_MF	54948
GO_MF	54949
GO_MF	5495
GO_MF	54951
GO_MF	54952
GO_MF	54954
GO_MF	54955
GO_MF	54956
GO_MF	54957
GO_MF	54958
GO_MF	54959
GO_MF	5496
GO_MF	54960
GO_MF	54961
GO_MF	54962
GO_MF	54963
GO_MF	54964
GO_MF	54967
GO_MF	54968
GO_MF	54969
GO_MF	54970
GO_MF	54971
GO_MF	54972
GO_MF	54973
GO_MF	54974
GO_MF	54976
GO_MF	54977
GO_MF	54978
GO_MF	54979
GO_MF	5498
GO_MF	54980
GO_MF	54981
GO_MF	54982
GO_MF	54984
GO_MF	54986
GO_MF	54987
GO_MF	54988
GO_MF	54989
GO_MF	5499
GO_MF	54991
GO_MF	54993
GO_MF	54994
GO_MF	54995
GO_MF	54996
GO_MF	54997
GO_MF	55
GO_MF	550
GO_MF	5500
GO_MF	55002
GO_MF	55003
GO_MF	55004
GO_MF	55005
GO_MF	55006
GO_MF	55007
GO_MF	55008
GO_MF	5501
GO_MF	55010
GO_MF	55011
GO_MF	55012
GO_MF	55013
GO_MF	55014
GO_MF	55015
GO_MF	55016
GO_MF	55017
GO_MF	5502
GO_MF	55020
GO_MF	55022
GO_MF	55023
GO_MF	55024
GO_MF	55027
GO_MF	55028
GO_MF	55030
GO_MF	55031
GO_MF	55032
GO_MF	55033
GO_MF	55034
GO_MF	55035
GO_MF	55036
GO_MF	55037
GO_MF	55038
GO_MF	55039
GO_MF	5504
GO_MF	55040
GO_MF	55041
GO_MF	55048
GO_MF	55049
GO_MF	55051
GO_MF	55052
GO_MF	55054
GO_MF	55055
GO_MF	55057
GO_MF	5506
GO_MF	55061
GO_MF	55062
GO_MF	55063
GO_MF	550631
GO_MF	55064
GO_MF	550643
GO_MF	55065
GO_MF	55068
GO_MF	55069
GO_MF	5507
GO_MF	55070
GO_MF	55072
GO_MF	55074
GO_MF	55075
GO_MF	55076
GO_MF	55079
GO_MF	55080
GO_MF	55081
GO_MF	55082
GO_MF	55083
GO_MF	55084
GO_MF	55086
GO_MF	55088
GO_MF	55089
GO_MF	5509
GO_MF	55090
GO_MF	55092
GO_MF	55093
GO_MF	55094
GO_MF	55095
GO_MF	551
GO_MF	5510
GO_MF	55100
GO_MF	55101
GO_MF	55102
GO_MF	55103
GO_MF	55105
GO_MF	55106
GO_MF	55107
GO_MF	55108
GO_MF	55109
GO_MF	5511
GO_MF	55110
GO_MF	55111
GO_MF	55112
GO_MF	55113
GO_MF	55114
GO_MF	55116
GO_MF	55117
GO_MF	55118
GO_MF	55119
GO_MF	55120
GO_MF	55122
GO_MF	55124
GO_MF	55125
GO_MF	55127
GO_MF	55128
GO_MF	55129
GO_MF	55130
GO_MF	55131
GO_MF	55132
GO_MF	55133
GO_MF	55135
GO_MF	55137
GO_MF	55138
GO_MF	55139
GO_MF	5514
GO_MF	55140
GO_MF	55142
GO_MF	55143
GO_MF	55144
GO_MF	55145
GO_MF	55146
GO_MF	55147
GO_MF	55148
GO_MF	55149
GO_MF	5515
GO_MF	55150
GO_MF	55151
GO_MF	55152
GO_MF	55154
GO_MF	55156
GO_MF	55157
GO_MF	55159
GO_MF	5516
GO_MF	55160
GO_MF	55161
GO_MF	55163
GO_MF	55164
GO_MF	55165
GO_MF	55166
GO_MF	55167
GO_MF	55168
GO_MF	55170
GO_MF	55171
GO_MF	55172
GO_MF	55174
GO_MF	55175
GO_MF	55176
GO_MF	55177
GO_MF	55178
GO_MF	55179
GO_MF	5518
GO_MF	55181
GO_MF	55182
GO_MF	55183
GO_MF	55184
GO_MF	55186
GO_MF	55188
GO_MF	5519
GO_MF	55190
GO_MF	55191
GO_MF	55192
GO_MF	55193
GO_MF	55195
GO_MF	55196
GO_MF	55197
GO_MF	55198
GO_MF	55199
GO_MF	552
GO_MF	5520
GO_MF	55200
GO_MF	55201
GO_MF	55204
GO_MF	55205
GO_MF	55206
GO_MF	55207
GO_MF	55208
GO_MF	55209
GO_MF	5521
GO_MF	55211
GO_MF	55212
GO_MF	55213
GO_MF	55214
GO_MF	55215
GO_MF	55216
GO_MF	55217
GO_MF	55218
GO_MF	55219
GO_MF	5522
GO_MF	55220
GO_MF	55222
GO_MF	55223
GO_MF	55224
GO_MF	55225
GO_MF	55226
GO_MF	55229
GO_MF	5523
GO_MF	55230
GO_MF	55231
GO_MF	55233
GO_MF	55234
GO_MF	55236
GO_MF	55237
GO_MF	55238
GO_MF	55239
GO_MF	55240
GO_MF	55243
GO_MF	55244
GO_MF	55245
GO_MF	55246
GO_MF	55247
GO_MF	55248
GO_MF	55249
GO_MF	5525
GO_MF	55250
GO_MF	55251
GO_MF	55252
GO_MF	55253
GO_MF	55254
GO_MF	55255
GO_MF	55256
GO_MF	55257
GO_MF	55258
GO_MF	55259
GO_MF	5526
GO_MF	55260
GO_MF	55262
GO_MF	55266
GO_MF	55267
GO_MF	55268
GO_MF	55269
GO_MF	5527
GO_MF	55270
GO_MF	55272
GO_MF	55273
GO_MF	55274
GO_MF	55275
GO_MF	55276
GO_MF	55277
GO_MF	55278
GO_MF	55279
GO_MF	5528
GO_MF	55280
GO_MF	55281
GO_MF	55282
GO_MF	55283
GO_MF	55284
GO_MF	55285
GO_MF	55286
GO_MF	55287
GO_MF	55288
GO_MF	552889
GO_MF	55289
GO_MF	5529
GO_MF	55290
GO_MF	552900
GO_MF	55291
GO_MF	55293
GO_MF	55294
GO_MF	55295
GO_MF	55296
GO_MF	55297
GO_MF	55298
GO_MF	55299
GO_MF	553
GO_MF	5530
GO_MF	55300
GO_MF	55301
GO_MF	55303
GO_MF	55304
GO_MF	55308
GO_MF	5531
GO_MF	55311
GO_MF	553115
GO_MF	55312
GO_MF	55313
GO_MF	55314
GO_MF	55315
GO_MF	55316
GO_MF	55317
GO_MF	55319
GO_MF	5532
GO_MF	55320
GO_MF	55322
GO_MF	55323
GO_MF	55324
GO_MF	55325
GO_MF	55326
GO_MF	55327
GO_MF	55328
GO_MF	55329
GO_MF	5533
GO_MF	55330
GO_MF	55331
GO_MF	55332
GO_MF	55333
GO_MF	55334
GO_MF	55336
GO_MF	55337
GO_MF	55339
GO_MF	5534
GO_MF	55340
GO_MF	55341
GO_MF	55342
GO_MF	55343
GO_MF	55344
GO_MF	55345
GO_MF	55346
GO_MF	55347
GO_MF	55349
GO_MF	5535
GO_MF	55351
GO_MF	55352
GO_MF	55353
GO_MF	55355
GO_MF	55356
GO_MF	55357
GO_MF	55359
GO_MF	5536
GO_MF	55361
GO_MF	55362
GO_MF	55363
GO_MF	55364
GO_MF	55365
GO_MF	55366
GO_MF	55367
GO_MF	5537
GO_MF	55370
GO_MF	55374
GO_MF	55379
GO_MF	5538
GO_MF	55384
GO_MF	55388
GO_MF	5539
GO_MF	554
GO_MF	554203
GO_MF	55421
GO_MF	55422
GO_MF	55423
GO_MF	554235
GO_MF	55432
GO_MF	55435
GO_MF	55437
GO_MF	55450
GO_MF	55454
GO_MF	5546
GO_MF	55466
GO_MF	5547
GO_MF	55471
GO_MF	55486
GO_MF	5549
GO_MF	5550
GO_MF	55500
GO_MF	55501
GO_MF	55502
GO_MF	55503
GO_MF	55504
GO_MF	55505
GO_MF	55506
GO_MF	55507
GO_MF	55508
GO_MF	55509
GO_MF	5551
GO_MF	55510
GO_MF	55512
GO_MF	55515
GO_MF	5552
GO_MF	55520
GO_MF	55521
GO_MF	55526
GO_MF	55527
GO_MF	55529
GO_MF	5553
GO_MF	55530
GO_MF	55531
GO_MF	55532
GO_MF	55534
GO_MF	55536
GO_MF	55539
GO_MF	5554
GO_MF	55540
GO_MF	55544
GO_MF	55552
GO_MF	55553
GO_MF	55554
GO_MF	55556
GO_MF	55558
GO_MF	55561
GO_MF	55565
GO_MF	55567
GO_MF	55568
GO_MF	5557
GO_MF	55571
GO_MF	55572
GO_MF	55576
GO_MF	55577
GO_MF	55578
GO_MF	5558
GO_MF	55582
GO_MF	55584
GO_MF	55585
GO_MF	55586
GO_MF	55588
GO_MF	55589
GO_MF	55591
GO_MF	55592
GO_MF	55593
GO_MF	55596
GO_MF	55599
GO_MF	55600
GO_MF	55601
GO_MF	55602
GO_MF	55603
GO_MF	55604
GO_MF	55605
GO_MF	55607
GO_MF	55608
GO_MF	55609
GO_MF	55610
GO_MF	55611
GO_MF	55612
GO_MF	55613
GO_MF	55614
GO_MF	55615
GO_MF	55616
GO_MF	55617
GO_MF	55619
GO_MF	5562
GO_MF	55620
GO_MF	55621
GO_MF	55622
GO_MF	55623
GO_MF	55624
GO_MF	55625
GO_MF	55626
GO_MF	55628
GO_MF	55629
GO_MF	5563
GO_MF	55630
GO_MF	55631
GO_MF	55632
GO_MF	55633
GO_MF	55634
GO_MF	55635
GO_MF	55636
GO_MF	55638
GO_MF	5564
GO_MF	55640
GO_MF	55643
GO_MF	55644
GO_MF	55646
GO_MF	55647
GO_MF	5565
GO_MF	55650
GO_MF	55651
GO_MF	55652
GO_MF	55653
GO_MF	55654
GO_MF	55655
GO_MF	55656
GO_MF	55657
GO_MF	55658
GO_MF	55659
GO_MF	5566
GO_MF	55660
GO_MF	55661
GO_MF	55662
GO_MF	55663
GO_MF	55664
GO_MF	55665
GO_MF	55666
GO_MF	55667
GO_MF	55668
GO_MF	55669
GO_MF	5567
GO_MF	55670
GO_MF	55671
GO_MF	55672
GO_MF	55676
GO_MF	55677
GO_MF	55679
GO_MF	5568
GO_MF	55680
GO_MF	55681
GO_MF	55683
GO_MF	55684
GO_MF	55686
GO_MF	55687
GO_MF	55689
GO_MF	5569
GO_MF	55690
GO_MF	55691
GO_MF	55692
GO_MF	55693
GO_MF	55696
GO_MF	55697
GO_MF	55698
GO_MF	55699
GO_MF	5570
GO_MF	55701
GO_MF	55702
GO_MF	55703
GO_MF	55704
GO_MF	55705
GO_MF	55706
GO_MF	55707
GO_MF	55709
GO_MF	5571
GO_MF	55711
GO_MF	55713
GO_MF	55714
GO_MF	55715
GO_MF	55716
GO_MF	55717
GO_MF	55719
GO_MF	55720
GO_MF	55721
GO_MF	55722
GO_MF	55723
GO_MF	55726
GO_MF	55728
GO_MF	55729
GO_MF	5573
GO_MF	55731
GO_MF	55732
GO_MF	55733
GO_MF	55734
GO_MF	55735
GO_MF	55737
GO_MF	55738
GO_MF	55739
GO_MF	55740
GO_MF	55741
GO_MF	55742
GO_MF	55743
GO_MF	55744
GO_MF	55745
GO_MF	55746
GO_MF	55748
GO_MF	55749
GO_MF	5575
GO_MF	55750
GO_MF	55751
GO_MF	55752
GO_MF	55753
GO_MF	55754
GO_MF	55755
GO_MF	55756
GO_MF	55757
GO_MF	55758
GO_MF	55759
GO_MF	5576
GO_MF	55760
GO_MF	55761
GO_MF	55762
GO_MF	55763
GO_MF	55764
GO_MF	55765
GO_MF	55766
GO_MF	55768
GO_MF	55769
GO_MF	5577
GO_MF	55770
GO_MF	55773
GO_MF	55775
GO_MF	55776
GO_MF	55777
GO_MF	55778
GO_MF	55779
GO_MF	5578
GO_MF	55780
GO_MF	55781
GO_MF	55783
GO_MF	55784
GO_MF	55785
GO_MF	55786
GO_MF	55787
GO_MF	55788
GO_MF	55789
GO_MF	5579
GO_MF	55790
GO_MF	55791
GO_MF	55793
GO_MF	55794
GO_MF	55795
GO_MF	55796
GO_MF	55798
GO_MF	55799
GO_MF	558
GO_MF	5580
GO_MF	55800
GO_MF	55801
GO_MF	55802
GO_MF	55803
GO_MF	55805
GO_MF	55806
GO_MF	55808
GO_MF	55809
GO_MF	5581
GO_MF	55810
GO_MF	55811
GO_MF	55812
GO_MF	55813
GO_MF	55814
GO_MF	55815
GO_MF	55816
GO_MF	55818
GO_MF	55819
GO_MF	5582
GO_MF	55821
GO_MF	55823
GO_MF	55824
GO_MF	55825
GO_MF	55827
GO_MF	55829
GO_MF	5583
GO_MF	55830
GO_MF	55831
GO_MF	55832
GO_MF	55833
GO_MF	55835
GO_MF	55837
GO_MF	55839
GO_MF	5584
GO_MF	55840
GO_MF	55841
GO_MF	55843
GO_MF	55844
GO_MF	55845
GO_MF	55846
GO_MF	55847
GO_MF	55848
GO_MF	5585
GO_MF	55850
GO_MF	55851
GO_MF	55852
GO_MF	55854
GO_MF	55856
GO_MF	55857
GO_MF	55858
GO_MF	55859
GO_MF	5586
GO_MF	55860
GO_MF	55862
GO_MF	55863
GO_MF	55867
GO_MF	55869
GO_MF	5587
GO_MF	55870
GO_MF	55872
GO_MF	55876
GO_MF	55879
GO_MF	5588
GO_MF	55884
GO_MF	55885
GO_MF	55888
GO_MF	5589
GO_MF	55890
GO_MF	55891
GO_MF	55892
GO_MF	55893
GO_MF	55897
GO_MF	55898
GO_MF	5590
GO_MF	55900
GO_MF	55902
GO_MF	55904
GO_MF	55905
GO_MF	55906
GO_MF	55907
GO_MF	55908
GO_MF	55909
GO_MF	5591
GO_MF	55911
GO_MF	55914
GO_MF	55915
GO_MF	55916
GO_MF	55917
GO_MF	5592
GO_MF	55920
GO_MF	55922
GO_MF	55929
GO_MF	5593
GO_MF	55930
GO_MF	55937
GO_MF	5594
GO_MF	55954
GO_MF	55957
GO_MF	55958
GO_MF	55959
GO_MF	5596
GO_MF	55966
GO_MF	55967
GO_MF	55968
GO_MF	5597
GO_MF	55970
GO_MF	55971
GO_MF	55972
GO_MF	55973
GO_MF	55974
GO_MF	55975
GO_MF	5598
GO_MF	5599
GO_MF	55997
GO_MF	55998
GO_MF	56
GO_MF	5600
GO_MF	56000
GO_MF	56005
GO_MF	56006
GO_MF	5601
GO_MF	5602
GO_MF	5603
GO_MF	56033
GO_MF	56034
GO_MF	5604
GO_MF	5605
GO_MF	56052
GO_MF	5606
GO_MF	56061
GO_MF	56062
GO_MF	56063
GO_MF	5607
GO_MF	5608
GO_MF	5609
GO_MF	56097
GO_MF	56098
GO_MF	56099
GO_MF	5610
GO_MF	56100
GO_MF	56105
GO_MF	56107
GO_MF	5611
GO_MF	56111
GO_MF	5612
GO_MF	56121
GO_MF	56122
GO_MF	56123
GO_MF	56126
GO_MF	56127
GO_MF	56128
GO_MF	56129
GO_MF	5613
GO_MF	56130
GO_MF	56131
GO_MF	56133
GO_MF	56134
GO_MF	56135
GO_MF	56139
GO_MF	56142
GO_MF	56145
GO_MF	56146
GO_MF	56155
GO_MF	56156
GO_MF	56157
GO_MF	56158
GO_MF	56159
GO_MF	5616
GO_MF	56160
GO_MF	56163
GO_MF	56164
GO_MF	56165
GO_MF	56169
GO_MF	5617
GO_MF	56171
GO_MF	56172
GO_MF	5618
GO_MF	56180
GO_MF	56181
GO_MF	5619
GO_MF	5620
GO_MF	56203
GO_MF	56204
GO_MF	5621
GO_MF	5623
GO_MF	5624
GO_MF	56241
GO_MF	56242
GO_MF	56243
GO_MF	56244
GO_MF	56245
GO_MF	56246
GO_MF	5625
GO_MF	56252
GO_MF	56253
GO_MF	56254
GO_MF	56255
GO_MF	56256
GO_MF	56257
GO_MF	56259
GO_MF	5626
GO_MF	56261
GO_MF	56262
GO_MF	56265
GO_MF	56267
GO_MF	56269
GO_MF	5627
GO_MF	56270
GO_MF	56271
GO_MF	56287
GO_MF	56288
GO_MF	5629
GO_MF	563
GO_MF	5630
GO_MF	56300
GO_MF	56301
GO_MF	56302
GO_MF	5631
GO_MF	56339
GO_MF	5634
GO_MF	56341
GO_MF	56342
GO_MF	56344
GO_MF	5635
GO_MF	5636
GO_MF	5638
GO_MF	5639
GO_MF	5641
GO_MF	5644
GO_MF	56474
GO_MF	56475
GO_MF	56477
GO_MF	56478
GO_MF	56479
GO_MF	5648
GO_MF	5649
GO_MF	5650
GO_MF	5651
GO_MF	5652
GO_MF	56521
GO_MF	5653
GO_MF	5654
GO_MF	56547
GO_MF	56548
GO_MF	5655
GO_MF	5657
GO_MF	566
GO_MF	5660
GO_MF	56603
GO_MF	56605
GO_MF	56606
GO_MF	56616
GO_MF	5662
GO_MF	56623
GO_MF	5663
GO_MF	5664
GO_MF	56647
GO_MF	56648
GO_MF	56649
GO_MF	56650
GO_MF	56651
GO_MF	56652
GO_MF	56654
GO_MF	56655
GO_MF	56656
GO_MF	56659
GO_MF	56660
GO_MF	56666
GO_MF	56667
GO_MF	56670
GO_MF	56672
GO_MF	56674
GO_MF	56675
GO_MF	56676
GO_MF	56681
GO_MF	56683
GO_MF	5669
GO_MF	567
GO_MF	56704
GO_MF	56729
GO_MF	56731
GO_MF	56751
GO_MF	56776
GO_MF	5678
GO_MF	5680
GO_MF	5681
GO_MF	5682
GO_MF	56829
GO_MF	5683
GO_MF	56832
GO_MF	56833
GO_MF	5684
GO_MF	56848
GO_MF	5685
GO_MF	56850
GO_MF	56851
GO_MF	56852
GO_MF	56853
GO_MF	5686
GO_MF	5688
GO_MF	56882
GO_MF	56884
GO_MF	56886
GO_MF	56888
GO_MF	5689
GO_MF	56890
GO_MF	56891
GO_MF	56892
GO_MF	56893
GO_MF	56894
GO_MF	56895
GO_MF	56896
GO_MF	56897
GO_MF	56898
GO_MF	56899
GO_MF	5690
GO_MF	56900
GO_MF	56902
GO_MF	56903
GO_MF	56904
GO_MF	56905
GO_MF	56906
GO_MF	56907
GO_MF	5691
GO_MF	56910
GO_MF	56911
GO_MF	56912
GO_MF	56913
GO_MF	56914
GO_MF	56915
GO_MF	56916
GO_MF	56917
GO_MF	56918
GO_MF	56919
GO_MF	5692
GO_MF	56920
GO_MF	56922
GO_MF	56923
GO_MF	56924
GO_MF	56925
GO_MF	56926
GO_MF	56927
GO_MF	56928
GO_MF	56929
GO_MF	5693
GO_MF	56931
GO_MF	56934
GO_MF	56935
GO_MF	56937
GO_MF	56938
GO_MF	5694
GO_MF	56940
GO_MF	56941
GO_MF	56942
GO_MF	56943
GO_MF	56946
GO_MF	56947
GO_MF	56948
GO_MF	56949
GO_MF	5695
GO_MF	56950
GO_MF	56952
GO_MF	56953
GO_MF	56954
GO_MF	56955
GO_MF	56956
GO_MF	56957
GO_MF	5696
GO_MF	56961
GO_MF	56963
GO_MF	56965
GO_MF	5697
GO_MF	56970
GO_MF	56971
GO_MF	56975
GO_MF	56977
GO_MF	56978
GO_MF	56979
GO_MF	5698
GO_MF	56980
GO_MF	56981
GO_MF	56983
GO_MF	56984
GO_MF	56985
GO_MF	56986
GO_MF	56987
GO_MF	5699
GO_MF	56990
GO_MF	56992
GO_MF	56993
GO_MF	56994
GO_MF	56996
GO_MF	56997
GO_MF	56998
GO_MF	56999
GO_MF	570
GO_MF	5700
GO_MF	57002
GO_MF	57003
GO_MF	57007
GO_MF	5701
GO_MF	57010
GO_MF	57016
GO_MF	57017
GO_MF	57018
GO_MF	57019
GO_MF	5702
GO_MF	57020
GO_MF	57030
GO_MF	57035
GO_MF	57037
GO_MF	57038
GO_MF	5704
GO_MF	57045
GO_MF	57047
GO_MF	5705
GO_MF	57050
GO_MF	57053
GO_MF	57057
GO_MF	5706
GO_MF	57060
GO_MF	57062
GO_MF	5707
GO_MF	5708
GO_MF	57082
GO_MF	57084
GO_MF	57085
GO_MF	57088
GO_MF	57089
GO_MF	5709
GO_MF	57091
GO_MF	57092
GO_MF	57094
GO_MF	57096
GO_MF	57097
GO_MF	57099
GO_MF	571
GO_MF	5710
GO_MF	57101
GO_MF	57102
GO_MF	57103
GO_MF	57104
GO_MF	57105
GO_MF	57106
GO_MF	57107
GO_MF	57109
GO_MF	5711
GO_MF	57110
GO_MF	57111
GO_MF	57113
GO_MF	57115
GO_MF	57117
GO_MF	57118
GO_MF	57119
GO_MF	57120
GO_MF	57121
GO_MF	57122
GO_MF	57124
GO_MF	57125
GO_MF	57126
GO_MF	57127
GO_MF	57128
GO_MF	57129
GO_MF	5713
GO_MF	57130
GO_MF	57132
GO_MF	57134
GO_MF	57136
GO_MF	57139
GO_MF	5714
GO_MF	57140
GO_MF	57142
GO_MF	57143
GO_MF	57144
GO_MF	57146
GO_MF	57147
GO_MF	57148
GO_MF	5715
GO_MF	57151
GO_MF	57152
GO_MF	57153
GO_MF	57154
GO_MF	57156
GO_MF	57158
GO_MF	57159
GO_MF	5716
GO_MF	57161
GO_MF	57162
GO_MF	57165
GO_MF	57167
GO_MF	57168
GO_MF	57169
GO_MF	5717
GO_MF	57171
GO_MF	57172
GO_MF	57175
GO_MF	57176
GO_MF	57178
GO_MF	57179
GO_MF	5718
GO_MF	57180
GO_MF	57181
GO_MF	57182
GO_MF	57184
GO_MF	57185
GO_MF	57186
GO_MF	57187
GO_MF	57188
GO_MF	57189
GO_MF	5719
GO_MF	57190
GO_MF	57191
GO_MF	57192
GO_MF	57194
GO_MF	57198
GO_MF	572
GO_MF	5720
GO_MF	57205
GO_MF	57209
GO_MF	5721
GO_MF	57210
GO_MF	57211
GO_MF	57213
GO_MF	57214
GO_MF	57215
GO_MF	57216
GO_MF	57217
GO_MF	57221
GO_MF	57222
GO_MF	57223
GO_MF	57226
GO_MF	57228
GO_MF	5723
GO_MF	57231
GO_MF	57232
GO_MF	5724
GO_MF	5725
GO_MF	5726
GO_MF	5727
GO_MF	5728
GO_MF	57282
GO_MF	5729
GO_MF	573
GO_MF	5731
GO_MF	5732
GO_MF	57325
GO_MF	57326
GO_MF	5733
GO_MF	57332
GO_MF	57333
GO_MF	57335
GO_MF	57336
GO_MF	57337
GO_MF	57338
GO_MF	5734
GO_MF	57343
GO_MF	57348
GO_MF	57369
GO_MF	5737
GO_MF	57379
GO_MF	5738
GO_MF	57380
GO_MF	57381
GO_MF	5739
GO_MF	57393
GO_MF	57396
GO_MF	574
GO_MF	5740
GO_MF	57402
GO_MF	57403
GO_MF	57404
GO_MF	57405
GO_MF	57406
GO_MF	57407
GO_MF	57408
GO_MF	57409
GO_MF	5741
GO_MF	57410
GO_MF	57412
GO_MF	57414
GO_MF	57419
GO_MF	5742
GO_MF	5743
GO_MF	5744
GO_MF	57447
GO_MF	57448
GO_MF	57449
GO_MF	5745
GO_MF	57451
GO_MF	57452
GO_MF	57453
GO_MF	57455
GO_MF	57456
GO_MF	57458
GO_MF	57459
GO_MF	5746
GO_MF	57460
GO_MF	57461
GO_MF	57462
GO_MF	57463
GO_MF	57465
GO_MF	57466
GO_MF	57467
GO_MF	57468
GO_MF	5747
GO_MF	57470
GO_MF	57471
GO_MF	57472
GO_MF	57476
GO_MF	57477
GO_MF	57478
GO_MF	57480
GO_MF	57482
GO_MF	57484
GO_MF	57486
GO_MF	57488
GO_MF	57492
GO_MF	57493
GO_MF	57494
GO_MF	57496
GO_MF	57498
GO_MF	575
GO_MF	57502
GO_MF	57504
GO_MF	57505
GO_MF	57506
GO_MF	57507
GO_MF	57508
GO_MF	57509
GO_MF	57510
GO_MF	57511
GO_MF	57512
GO_MF	57514
GO_MF	57515
GO_MF	57519
GO_MF	57520
GO_MF	57521
GO_MF	57522
GO_MF	57523
GO_MF	57524
GO_MF	57526
GO_MF	57528
GO_MF	5753
GO_MF	57530
GO_MF	57531
GO_MF	57532
GO_MF	57533
GO_MF	57534
GO_MF	57535
GO_MF	57536
GO_MF	57537
GO_MF	57538
GO_MF	57539
GO_MF	5754
GO_MF	57541
GO_MF	57542
GO_MF	57544
GO_MF	57546
GO_MF	57547
GO_MF	57549
GO_MF	57551
GO_MF	57552
GO_MF	57553
GO_MF	57554
GO_MF	57555
GO_MF	57556
GO_MF	57558
GO_MF	57559
GO_MF	5756
GO_MF	57561
GO_MF	57562
GO_MF	57563
GO_MF	57567
GO_MF	57568
GO_MF	57569
GO_MF	5757
GO_MF	57570
GO_MF	57571
GO_MF	57572
GO_MF	57573
GO_MF	57574
GO_MF	57575
GO_MF	57576
GO_MF	57580
GO_MF	57582
GO_MF	57583
GO_MF	57584
GO_MF	57585
GO_MF	57586
GO_MF	57589
GO_MF	57590
GO_MF	57591
GO_MF	57592
GO_MF	57593
GO_MF	57594
GO_MF	57596
GO_MF	57597
GO_MF	57599
GO_MF	576
GO_MF	57600
GO_MF	57602
GO_MF	57604
GO_MF	57605
GO_MF	57606
GO_MF	57609
GO_MF	57610
GO_MF	57611
GO_MF	57613
GO_MF	57616
GO_MF	57617
GO_MF	57619
GO_MF	57620
GO_MF	57621
GO_MF	57623
GO_MF	57624
GO_MF	57626
GO_MF	57628
GO_MF	57630
GO_MF	57631
GO_MF	57633
GO_MF	57634
GO_MF	57636
GO_MF	57639
GO_MF	5764
GO_MF	57642
GO_MF	57643
GO_MF	57644
GO_MF	57645
GO_MF	57646
GO_MF	57647
GO_MF	57648
GO_MF	57649
GO_MF	57650
GO_MF	57654
GO_MF	57655
GO_MF	57657
GO_MF	57658
GO_MF	57659
GO_MF	57661
GO_MF	57662
GO_MF	57663
GO_MF	57664
GO_MF	57666
GO_MF	57669
GO_MF	57670
GO_MF	57673
GO_MF	57674
GO_MF	57677
GO_MF	57678
GO_MF	57679
GO_MF	5768
GO_MF	57680
GO_MF	57683
GO_MF	57684
GO_MF	57685
GO_MF	57687
GO_MF	57688
GO_MF	57689
GO_MF	57690
GO_MF	57691
GO_MF	57692
GO_MF	57693
GO_MF	57695
GO_MF	57696
GO_MF	57697
GO_MF	57698
GO_MF	57699
GO_MF	577
GO_MF	5770
GO_MF	57700
GO_MF	57701
GO_MF	57703
GO_MF	57704
GO_MF	57705
GO_MF	57706
GO_MF	57707
GO_MF	57708
GO_MF	57709
GO_MF	5771
GO_MF	57711
GO_MF	57713
GO_MF	57715
GO_MF	57716
GO_MF	57717
GO_MF	57718
GO_MF	57719
GO_MF	57720
GO_MF	57721
GO_MF	57724
GO_MF	57727
GO_MF	57728
GO_MF	57730
GO_MF	57731
GO_MF	57732
GO_MF	57733
GO_MF	5774
GO_MF	5775
GO_MF	57758
GO_MF	57761
GO_MF	57763
GO_MF	5777
GO_MF	5778
GO_MF	57786
GO_MF	57787
GO_MF	57794
GO_MF	57798
GO_MF	57799
GO_MF	578
GO_MF	5780
GO_MF	57804
GO_MF	57805
GO_MF	5781
GO_MF	57817
GO_MF	57818
GO_MF	57819
GO_MF	5782
GO_MF	57820
GO_MF	57821
GO_MF	57822
GO_MF	57823
GO_MF	57826
GO_MF	57827
GO_MF	57829
GO_MF	5783
GO_MF	57834
GO_MF	57835
GO_MF	5784
GO_MF	5786
GO_MF	57862
GO_MF	57863
GO_MF	57864
GO_MF	5787
GO_MF	5788
GO_MF	5789
GO_MF	579
GO_MF	5791
GO_MF	5792
GO_MF	5793
GO_MF	5794
GO_MF	5795
GO_MF	5796
GO_MF	5797
GO_MF	5798
GO_MF	5799
GO_MF	58
GO_MF	580
GO_MF	5800
GO_MF	5801
GO_MF	5802
GO_MF	5803
GO_MF	5805
GO_MF	5806
GO_MF	581
GO_MF	5810
GO_MF	5813
GO_MF	5814
GO_MF	58155
GO_MF	58157
GO_MF	58158
GO_MF	5816
GO_MF	58160
GO_MF	5817
GO_MF	5818
GO_MF	58189
GO_MF	5819
GO_MF	58190
GO_MF	58191
GO_MF	582
GO_MF	5822
GO_MF	5824
GO_MF	5825
GO_MF	5826
GO_MF	5827
GO_MF	5828
GO_MF	5829
GO_MF	583
GO_MF	5830
GO_MF	5831
GO_MF	5832
GO_MF	5833
GO_MF	5834
GO_MF	5836
GO_MF	5837
GO_MF	58472
GO_MF	58473
GO_MF	58475
GO_MF	58476
GO_MF	58477
GO_MF	58478
GO_MF	58480
GO_MF	58483
GO_MF	58484
GO_MF	58485
GO_MF	58486
GO_MF	58487
GO_MF	58488
GO_MF	58489
GO_MF	58490
GO_MF	58491
GO_MF	58492
GO_MF	58493
GO_MF	58494
GO_MF	58495
GO_MF	58497
GO_MF	58498
GO_MF	58499
GO_MF	585
GO_MF	58500
GO_MF	58503
GO_MF	58504
GO_MF	58505
GO_MF	58508
GO_MF	58509
GO_MF	58510
GO_MF	58511
GO_MF	58512
GO_MF	58513
GO_MF	58515
GO_MF	58516
GO_MF	58517
GO_MF	58524
GO_MF	58525
GO_MF	58526
GO_MF	58528
GO_MF	58529
GO_MF	58530
GO_MF	58531
GO_MF	58533
GO_MF	58538
GO_MF	5858
GO_MF	5859
GO_MF	586
GO_MF	5860
GO_MF	5861
GO_MF	5862
GO_MF	5863
GO_MF	5864
GO_MF	5865
GO_MF	5866
GO_MF	5867
GO_MF	5868
GO_MF	5869
GO_MF	587
GO_MF	5870
GO_MF	5871
GO_MF	5872
GO_MF	5873
GO_MF	5874
GO_MF	5875
GO_MF	5876
GO_MF	5877
GO_MF	5878
GO_MF	5879
GO_MF	5880
GO_MF	5881
GO_MF	5883
GO_MF	5884
GO_MF	5885
GO_MF	5886
GO_MF	5887
GO_MF	5888
GO_MF	5889
GO_MF	5890
GO_MF	5891
GO_MF	5892
GO_MF	5893
GO_MF	5894
GO_MF	5896
GO_MF	5897
GO_MF	5898
GO_MF	58985
GO_MF	58986
GO_MF	5899
GO_MF	59
GO_MF	590
GO_MF	5900
GO_MF	5901
GO_MF	5902
GO_MF	5903
GO_MF	5905
GO_MF	5906
GO_MF	59067
GO_MF	5908
GO_MF	59082
GO_MF	59084
GO_MF	5909
GO_MF	5910
GO_MF	5911
GO_MF	5912
GO_MF	5913
GO_MF	5914
GO_MF	5915
GO_MF	5916
GO_MF	5917
GO_MF	5918
GO_MF	5919
GO_MF	5920
GO_MF	5921
GO_MF	5922
GO_MF	5923
GO_MF	5924
GO_MF	5925
GO_MF	5926
GO_MF	59269
GO_MF	5927
GO_MF	59271
GO_MF	59272
GO_MF	59274
GO_MF	59277
GO_MF	5928
GO_MF	59283
GO_MF	59284
GO_MF	59285
GO_MF	59286
GO_MF	5929
GO_MF	593
GO_MF	5930
GO_MF	59307
GO_MF	5931
GO_MF	5932
GO_MF	5933
GO_MF	59336
GO_MF	59338
GO_MF	59339
GO_MF	5934
GO_MF	59340
GO_MF	59341
GO_MF	59342
GO_MF	59343
GO_MF	59344
GO_MF	59345
GO_MF	59347
GO_MF	59348
GO_MF	59349
GO_MF	5935
GO_MF	59350
GO_MF	59352
GO_MF	59353
GO_MF	5936
GO_MF	5937
GO_MF	5939
GO_MF	594
GO_MF	5947
GO_MF	5948
GO_MF	594855
GO_MF	5949
GO_MF	595
GO_MF	5950
GO_MF	5954
GO_MF	5955
GO_MF	5957
GO_MF	5959
GO_MF	596
GO_MF	5961
GO_MF	5962
GO_MF	5965
GO_MF	5966
GO_MF	5967
GO_MF	5968
GO_MF	597
GO_MF	5970
GO_MF	5971
GO_MF	5972
GO_MF	5973
GO_MF	5976
GO_MF	5977
GO_MF	5978
GO_MF	5979
GO_MF	598
GO_MF	5980
GO_MF	5981
GO_MF	5982
GO_MF	5983
GO_MF	5984
GO_MF	5985
GO_MF	5986
GO_MF	5987
GO_MF	5988
GO_MF	5989
GO_MF	599
GO_MF	5990
GO_MF	5991
GO_MF	5992
GO_MF	5993
GO_MF	5994
GO_MF	5995
GO_MF	5996
GO_MF	5997
GO_MF	5998
GO_MF	5999
GO_MF	6000
GO_MF	6001
GO_MF	6002
GO_MF	6003
GO_MF	6004
GO_MF	6005
GO_MF	6007
GO_MF	6009
GO_MF	6010
GO_MF	6011
GO_MF	6013
GO_MF	6014
GO_MF	6015
GO_MF	6016
GO_MF	6017
GO_MF	6018
GO_MF	6019
GO_MF	602
GO_MF	60312
GO_MF	60313
GO_MF	60314
GO_MF	60343
GO_MF	6035
GO_MF	6036
GO_MF	6037
GO_MF	60370
GO_MF	6038
GO_MF	60385
GO_MF	60386
GO_MF	6039
GO_MF	604
GO_MF	60401
GO_MF	6041
GO_MF	60412
GO_MF	60436
GO_MF	60437
GO_MF	6045
GO_MF	6046
GO_MF	60467
GO_MF	60468
GO_MF	6047
GO_MF	6048
GO_MF	60481
GO_MF	60482
GO_MF	60484
GO_MF	60485
GO_MF	60487
GO_MF	60488
GO_MF	60489
GO_MF	6049
GO_MF	60490
GO_MF	60491
GO_MF	60492
GO_MF	60493
GO_MF	60494
GO_MF	60495
GO_MF	60496
GO_MF	605
GO_MF	6050
GO_MF	60506
GO_MF	60509
GO_MF	6051
GO_MF	60526
GO_MF	60528
GO_MF	60529
GO_MF	60558
GO_MF	60559
GO_MF	60560
GO_MF	60561
GO_MF	6059
GO_MF	60592
GO_MF	60598
GO_MF	60625
GO_MF	60626
GO_MF	606495
GO_MF	60672
GO_MF	60673
GO_MF	60675
GO_MF	60676
GO_MF	60677
GO_MF	60678
GO_MF	60680
GO_MF	60681
GO_MF	60682
GO_MF	60684
GO_MF	60685
GO_MF	60686
GO_MF	607
GO_MF	608
GO_MF	6091
GO_MF	6092
GO_MF	6093
GO_MF	6094
GO_MF	6095
GO_MF	6096
GO_MF	6097
GO_MF	6098
GO_MF	610
GO_MF	6100
GO_MF	6101
GO_MF	6102
GO_MF	6103
GO_MF	611
GO_MF	6117
GO_MF	6118
GO_MF	6119
GO_MF	6120
GO_MF	6121
GO_MF	6123
GO_MF	6124
GO_MF	6125
GO_MF	6129
GO_MF	613
GO_MF	6132
GO_MF	613212
GO_MF	6133
GO_MF	6134
GO_MF	6135
GO_MF	6137
GO_MF	6138
GO_MF	6141
GO_MF	6142
GO_MF	6143
GO_MF	6146
GO_MF	6150
GO_MF	6152
GO_MF	6155
GO_MF	6156
GO_MF	6157
GO_MF	6158
GO_MF	6160
GO_MF	6161
GO_MF	6164
GO_MF	6165
GO_MF	6166
GO_MF	6167
GO_MF	6168
GO_MF	6169
GO_MF	617
GO_MF	6170
GO_MF	6171
GO_MF	6173
GO_MF	6175
GO_MF	6176
GO_MF	6181
GO_MF	6182
GO_MF	6183
GO_MF	6184
GO_MF	6185
GO_MF	6188
GO_MF	6189
GO_MF	6192
GO_MF	619208
GO_MF	619279
GO_MF	6193
GO_MF	6194
GO_MF	6195
GO_MF	6196
GO_MF	6197
GO_MF	6198
GO_MF	6199
GO_MF	6201
GO_MF	6202
GO_MF	6203
GO_MF	6205
GO_MF	6207
GO_MF	6208
GO_MF	6209
GO_MF	6210
GO_MF	6217
GO_MF	622
GO_MF	6222
GO_MF	6223
GO_MF	6224
GO_MF	6227
GO_MF	6228
GO_MF	6229
GO_MF	623
GO_MF	6230
GO_MF	6231
GO_MF	6232
GO_MF	6233
GO_MF	6234
GO_MF	6235
GO_MF	6236
GO_MF	6237
GO_MF	6238
GO_MF	6239
GO_MF	624
GO_MF	6240
GO_MF	6241
GO_MF	6242
GO_MF	6247
GO_MF	6249
GO_MF	6251
GO_MF	6252
GO_MF	6253
GO_MF	6256
GO_MF	6257
GO_MF	6258
GO_MF	6259
GO_MF	6261
GO_MF	6262
GO_MF	6263
GO_MF	627
GO_MF	6271
GO_MF	6272
GO_MF	6273
GO_MF	6274
GO_MF	6275
GO_MF	6276
GO_MF	6277
GO_MF	6278
GO_MF	6279
GO_MF	6280
GO_MF	6281
GO_MF	6282
GO_MF	6283
GO_MF	6284
GO_MF	6285
GO_MF	6286
GO_MF	629
GO_MF	6291
GO_MF	6293
GO_MF	6294
GO_MF	6295
GO_MF	6296
GO_MF	6297
GO_MF	6299
GO_MF	6300
GO_MF	6301
GO_MF	6302
GO_MF	63027
GO_MF	6303
GO_MF	63035
GO_MF	6304
GO_MF	6305
GO_MF	6307
GO_MF	6309
GO_MF	631
GO_MF	6310
GO_MF	6311
GO_MF	6314
GO_MF	6317
GO_MF	6318
GO_MF	6319
GO_MF	6320
GO_MF	6322
GO_MF	6323
GO_MF	6324
GO_MF	6326
GO_MF	6327
GO_MF	6328
GO_MF	6329
GO_MF	633
GO_MF	6330
GO_MF	6331
GO_MF	6332
GO_MF	6334
GO_MF	6335
GO_MF	6336
GO_MF	6337
GO_MF	6338
GO_MF	6339
GO_MF	634
GO_MF	6340
GO_MF	6341
GO_MF	6342
GO_MF	6343
GO_MF	6344
GO_MF	6345
GO_MF	6346
GO_MF	6347
GO_MF	635
GO_MF	6351
GO_MF	6352
GO_MF	6354
GO_MF	6355
GO_MF	6356
GO_MF	6357
GO_MF	636
GO_MF	6360
GO_MF	6361
GO_MF	6362
GO_MF	6363
GO_MF	6364
GO_MF	6366
GO_MF	6367
GO_MF	6368
GO_MF	6369
GO_MF	637
GO_MF	6370
GO_MF	6372
GO_MF	6373
GO_MF	6374
GO_MF	6375
GO_MF	6376
GO_MF	638
GO_MF	6382
GO_MF	63826
GO_MF	63827
GO_MF	6383
GO_MF	6385
GO_MF	6386
GO_MF	6387
GO_MF	63874
GO_MF	63875
GO_MF	63876
GO_MF	63877
GO_MF	6388
GO_MF	63891
GO_MF	63892
GO_MF	63893
GO_MF	63894
GO_MF	63895
GO_MF	63897
GO_MF	63898
GO_MF	63899
GO_MF	639
GO_MF	6390
GO_MF	63901
GO_MF	63904
GO_MF	63905
GO_MF	63906
GO_MF	63908
GO_MF	6391
GO_MF	63910
GO_MF	63916
GO_MF	63917
GO_MF	6392
GO_MF	63920
GO_MF	63922
GO_MF	63923
GO_MF	63924
GO_MF	63925
GO_MF	63926
GO_MF	63928
GO_MF	63929
GO_MF	63931
GO_MF	63932
GO_MF	63933
GO_MF	63934
GO_MF	63935
GO_MF	63939
GO_MF	63940
GO_MF	63941
GO_MF	63943
GO_MF	63946
GO_MF	63948
GO_MF	63950
GO_MF	63951
GO_MF	6396
GO_MF	63967
GO_MF	6397
GO_MF	63971
GO_MF	63973
GO_MF	63974
GO_MF	63976
GO_MF	63977
GO_MF	63978
GO_MF	63979
GO_MF	6398
GO_MF	63982
GO_MF	6399
GO_MF	640
GO_MF	6400
GO_MF	64005
GO_MF	6401
GO_MF	6402
GO_MF	6403
GO_MF	6404
GO_MF	6405
GO_MF	6406
GO_MF	64061
GO_MF	64062
GO_MF	64063
GO_MF	64064
GO_MF	64065
GO_MF	64066
GO_MF	64067
GO_MF	6407
GO_MF	64072
GO_MF	64077
GO_MF	64078
GO_MF	64080
GO_MF	64081
GO_MF	64083
GO_MF	64084
GO_MF	64087
GO_MF	64089
GO_MF	64090
GO_MF	64091
GO_MF	64092
GO_MF	64093
GO_MF	64094
GO_MF	64096
GO_MF	64097
GO_MF	64098
GO_MF	641
GO_MF	64100
GO_MF	64101
GO_MF	64102
GO_MF	64105
GO_MF	64106
GO_MF	64108
GO_MF	64109
GO_MF	64110
GO_MF	64111
GO_MF	64112
GO_MF	64114
GO_MF	64115
GO_MF	64116
GO_MF	64118
GO_MF	64121
GO_MF	64122
GO_MF	64123
GO_MF	64127
GO_MF	64130
GO_MF	64131
GO_MF	64132
GO_MF	641339
GO_MF	64135
GO_MF	64137
GO_MF	641372
GO_MF	6414
GO_MF	64145
GO_MF	64147
GO_MF	64149
GO_MF	6415
GO_MF	64151
GO_MF	6416
GO_MF	641649
GO_MF	64167
GO_MF	64168
GO_MF	64170
GO_MF	641700
GO_MF	64172
GO_MF	64174
GO_MF	64175
GO_MF	6418
GO_MF	64180
GO_MF	64184
GO_MF	6419
GO_MF	642
GO_MF	64207
GO_MF	64208
GO_MF	6421
GO_MF	64210
GO_MF	64211
GO_MF	64215
GO_MF	64216
GO_MF	64218
GO_MF	64219
GO_MF	6422
GO_MF	64220
GO_MF	64221
GO_MF	64222
GO_MF	64223
GO_MF	64224
GO_MF	64225
GO_MF	642273
GO_MF	642280
GO_MF	6423
GO_MF	64231
GO_MF	64236
GO_MF	6424
GO_MF	64240
GO_MF	64241
GO_MF	6425
GO_MF	642517
GO_MF	642597
GO_MF	6426
GO_MF	642636
GO_MF	6427
GO_MF	6428
GO_MF	642819
GO_MF	64282
GO_MF	64283
GO_MF	64284
GO_MF	64285
GO_MF	64288
GO_MF	6429
GO_MF	642938
GO_MF	642968
GO_MF	643
GO_MF	6430
GO_MF	643008
GO_MF	6431
GO_MF	64318
GO_MF	6432
GO_MF	64320
GO_MF	64321
GO_MF	643236
GO_MF	64324
GO_MF	643246
GO_MF	64326
GO_MF	64327
GO_MF	64328
GO_MF	6433
GO_MF	64332
GO_MF	64333
GO_MF	643338
GO_MF	643376
GO_MF	6434
GO_MF	64342
GO_MF	64343
GO_MF	64344
GO_MF	643641
GO_MF	64374
GO_MF	64375
GO_MF	64376
GO_MF	64377
GO_MF	643836
GO_MF	64386
GO_MF	64388
GO_MF	6439
GO_MF	64393
GO_MF	64395
GO_MF	64397
GO_MF	64398
GO_MF	64399
GO_MF	644
GO_MF	6440
GO_MF	64400
GO_MF	64403
GO_MF	64405
GO_MF	64407
GO_MF	64409
GO_MF	644096
GO_MF	6441
GO_MF	64410
GO_MF	64411
GO_MF	64412
GO_MF	644139
GO_MF	644150
GO_MF	64417
GO_MF	64418
GO_MF	644186
GO_MF	64419
GO_MF	6442
GO_MF	64420
GO_MF	64421
GO_MF	64422
GO_MF	64423
GO_MF	64425
GO_MF	64426
GO_MF	64428
GO_MF	64429
GO_MF	6443
GO_MF	64430
GO_MF	64431
GO_MF	64432
GO_MF	64434
GO_MF	644353
GO_MF	64446
GO_MF	6445
GO_MF	6446
GO_MF	6447
GO_MF	64478
GO_MF	6448
GO_MF	644815
GO_MF	644890
GO_MF	6449
GO_MF	644943
GO_MF	645
GO_MF	6450
GO_MF	64506
GO_MF	6451
GO_MF	64518
GO_MF	645191
GO_MF	6452
GO_MF	6453
GO_MF	6455
GO_MF	6456
GO_MF	6457
GO_MF	64577
GO_MF	64579
GO_MF	64581
GO_MF	64582
GO_MF	645832
GO_MF	645974
GO_MF	64598
GO_MF	64599
GO_MF	646
GO_MF	64600
GO_MF	64601
GO_MF	6461
GO_MF	6462
GO_MF	6464
GO_MF	64641
GO_MF	64645
GO_MF	64651
GO_MF	6468
GO_MF	64682
GO_MF	64689
GO_MF	6469
GO_MF	64699
GO_MF	6470
GO_MF	64708
GO_MF	647087
GO_MF	64710
GO_MF	64711
GO_MF	647135
GO_MF	64714
GO_MF	64718
GO_MF	6472
GO_MF	647219
GO_MF	6473
GO_MF	6474
GO_MF	64743
GO_MF	64744
GO_MF	64745
GO_MF	64746
GO_MF	64747
GO_MF	64748
GO_MF	64750
GO_MF	64753
GO_MF	64754
GO_MF	64755
GO_MF	64756
GO_MF	64757
GO_MF	647589
GO_MF	64759
GO_MF	6476
GO_MF	64761
GO_MF	64762
GO_MF	64763
GO_MF	64764
GO_MF	64766
GO_MF	64768
GO_MF	64769
GO_MF	6477
GO_MF	64770
GO_MF	64771
GO_MF	64772
GO_MF	64773
GO_MF	64776
GO_MF	64777
GO_MF	64778
GO_MF	64779
GO_MF	6478
GO_MF	64780
GO_MF	64781
GO_MF	64782
GO_MF	64783
GO_MF	64784
GO_MF	64785
GO_MF	64786
GO_MF	64787
GO_MF	64789
GO_MF	64792
GO_MF	64793
GO_MF	64794
GO_MF	64795
GO_MF	647979
GO_MF	64798
GO_MF	64799
GO_MF	648
GO_MF	6480
GO_MF	64800
GO_MF	64801
GO_MF	64802
GO_MF	64805
GO_MF	64806
GO_MF	6482
GO_MF	6483
GO_MF	64834
GO_MF	64839
GO_MF	6484
GO_MF	64840
GO_MF	64841
GO_MF	64843
GO_MF	64844
GO_MF	64848
GO_MF	64849
GO_MF	64850
GO_MF	64852
GO_MF	64853
GO_MF	64854
GO_MF	64855
GO_MF	64856
GO_MF	64857
GO_MF	64858
GO_MF	64859
GO_MF	64860
GO_MF	64863
GO_MF	64864
GO_MF	64866
GO_MF	6487
GO_MF	64881
GO_MF	6489
GO_MF	64895
GO_MF	64897
GO_MF	649
GO_MF	6490
GO_MF	64900
GO_MF	64901
GO_MF	64902
GO_MF	6491
GO_MF	64919
GO_MF	6492
GO_MF	64921
GO_MF	64922
GO_MF	64924
GO_MF	64926
GO_MF	64927
GO_MF	64928
GO_MF	6493
GO_MF	6494
GO_MF	64943
GO_MF	64949
GO_MF	6495
GO_MF	6496
GO_MF	64960
GO_MF	64963
GO_MF	64965
GO_MF	64968
GO_MF	64969
GO_MF	6497
GO_MF	64975
GO_MF	64976
GO_MF	64978
GO_MF	64979
GO_MF	6498
GO_MF	64981
GO_MF	64983
GO_MF	6499
GO_MF	650
GO_MF	6500
GO_MF	65003
GO_MF	65005
GO_MF	65008
GO_MF	65009
GO_MF	65010
GO_MF	65012
GO_MF	65018
GO_MF	6502
GO_MF	6503
GO_MF	6504
GO_MF	6505
GO_MF	65055
GO_MF	65056
GO_MF	65057
GO_MF	65059
GO_MF	6506
GO_MF	65061
GO_MF	65062
GO_MF	65065
GO_MF	6507
GO_MF	65078
GO_MF	6508
GO_MF	65080
GO_MF	65082
GO_MF	65083
GO_MF	65084
GO_MF	6509
GO_MF	65094
GO_MF	65095
GO_MF	651
GO_MF	6510
GO_MF	65108
GO_MF	65109
GO_MF	6511
GO_MF	65110
GO_MF	65117
GO_MF	6512
GO_MF	65123
GO_MF	65125
GO_MF	6513
GO_MF	6514
GO_MF	6515
GO_MF	6517
GO_MF	6518
GO_MF	6519
GO_MF	652
GO_MF	6520
GO_MF	6521
GO_MF	65217
GO_MF	6522
GO_MF	65220
GO_MF	6523
GO_MF	6524
GO_MF	65243
GO_MF	65244
GO_MF	65249
GO_MF	6525
GO_MF	65251
GO_MF	6526
GO_MF	65260
GO_MF	65263
GO_MF	65264
GO_MF	65265
GO_MF	65266
GO_MF	65267
GO_MF	65268
GO_MF	6527
GO_MF	6528
GO_MF	6529
GO_MF	652968
GO_MF	653
GO_MF	6530
GO_MF	6531
GO_MF	653121
GO_MF	653140
GO_MF	653145
GO_MF	6532
GO_MF	653240
GO_MF	653275
GO_MF	6533
GO_MF	653308
GO_MF	653319
GO_MF	653390
GO_MF	6534
GO_MF	6535
GO_MF	653505
GO_MF	653583
GO_MF	6536
GO_MF	6538
GO_MF	653808
GO_MF	653857
GO_MF	6539
GO_MF	654
GO_MF	6540
GO_MF	6541
GO_MF	6542
GO_MF	654254
GO_MF	6543
GO_MF	6545
GO_MF	6546
GO_MF	6547
GO_MF	6548
GO_MF	6549
GO_MF	655
GO_MF	6550
GO_MF	6553
GO_MF	6554
GO_MF	6555
GO_MF	6556
GO_MF	6557
GO_MF	6558
GO_MF	6559
GO_MF	656
GO_MF	6560
GO_MF	6561
GO_MF	6563
GO_MF	6564
GO_MF	6565
GO_MF	6566
GO_MF	6567
GO_MF	6568
GO_MF	6569
GO_MF	657
GO_MF	6570
GO_MF	6571
GO_MF	6572
GO_MF	6573
GO_MF	6574
GO_MF	6575
GO_MF	6576
GO_MF	6578
GO_MF	6579
GO_MF	658
GO_MF	6580
GO_MF	6581
GO_MF	6582
GO_MF	6583
GO_MF	6584
GO_MF	6585
GO_MF	6586
GO_MF	6588
GO_MF	659
GO_MF	6590
GO_MF	6591
GO_MF	6594
GO_MF	6595
GO_MF	6596
GO_MF	6597
GO_MF	65975
GO_MF	65977
GO_MF	65979
GO_MF	6598
GO_MF	65980
GO_MF	65981
GO_MF	65982
GO_MF	65983
GO_MF	65985
GO_MF	65986
GO_MF	65988
GO_MF	65989
GO_MF	6599
GO_MF	65991
GO_MF	65992
GO_MF	65993
GO_MF	65997
GO_MF	65999
GO_MF	660
GO_MF	66000
GO_MF	66002
GO_MF	66004
GO_MF	66005
GO_MF	66008
GO_MF	6601
GO_MF	6602
GO_MF	6603
GO_MF	66035
GO_MF	66036
GO_MF	66037
GO_MF	6604
GO_MF	6605
GO_MF	6608
GO_MF	6609
GO_MF	661
GO_MF	6610
GO_MF	6611
GO_MF	6612
GO_MF	6613
GO_MF	6614
GO_MF	6615
GO_MF	6616
GO_MF	6617
GO_MF	6618
GO_MF	6619
GO_MF	662
GO_MF	6620
GO_MF	6621
GO_MF	6622
GO_MF	6623
GO_MF	6624
GO_MF	6625
GO_MF	6626
GO_MF	6627
GO_MF	6628
GO_MF	6629
GO_MF	663
GO_MF	6631
GO_MF	6632
GO_MF	6633
GO_MF	6634
GO_MF	6635
GO_MF	6636
GO_MF	6637
GO_MF	6638
GO_MF	664
GO_MF	6640
GO_MF	6641
GO_MF	6642
GO_MF	6643
GO_MF	6645
GO_MF	6646
GO_MF	6647
GO_MF	664701
GO_MF	6648
GO_MF	665
GO_MF	6650
GO_MF	6651
GO_MF	6652
GO_MF	6653
GO_MF	6654
GO_MF	6655
GO_MF	6656
GO_MF	6657
GO_MF	6658
GO_MF	6659
GO_MF	666
GO_MF	6660
GO_MF	6662
GO_MF	6663
GO_MF	6664
GO_MF	6665
GO_MF	6666
GO_MF	6667
GO_MF	6668
GO_MF	667
GO_MF	6670
GO_MF	6671
GO_MF	6672
GO_MF	6674
GO_MF	6675
GO_MF	6676
GO_MF	6677
GO_MF	6678
GO_MF	668
GO_MF	6683
GO_MF	6687
GO_MF	6688
GO_MF	6689
GO_MF	669
GO_MF	6690
GO_MF	6691
GO_MF	6692
GO_MF	6693
GO_MF	6694
GO_MF	6695
GO_MF	6696
GO_MF	6697
GO_MF	6698
GO_MF	6699
GO_MF	670
GO_MF	6707
GO_MF	6708
GO_MF	6709
GO_MF	671
GO_MF	6710
GO_MF	6711
GO_MF	6712
GO_MF	6713
GO_MF	6714
GO_MF	6715
GO_MF	6716
GO_MF	6717
GO_MF	6718
GO_MF	672
GO_MF	6720
GO_MF	6721
GO_MF	6722
GO_MF	6723
GO_MF	6725
GO_MF	6726
GO_MF	6727
GO_MF	6728
GO_MF	6729
GO_MF	673
GO_MF	6730
GO_MF	6731
GO_MF	6732
GO_MF	6733
GO_MF	6734
GO_MF	6736
GO_MF	6737
GO_MF	6738
GO_MF	6741
GO_MF	6742
GO_MF	6744
GO_MF	6745
GO_MF	6746
GO_MF	6747
GO_MF	6749
GO_MF	675
GO_MF	6750
GO_MF	6751
GO_MF	6752
GO_MF	6753
GO_MF	6754
GO_MF	6755
GO_MF	6756
GO_MF	676
GO_MF	6760
GO_MF	6764
GO_MF	6767
GO_MF	6768
GO_MF	6769
GO_MF	677
GO_MF	6770
GO_MF	6772
GO_MF	6773
GO_MF	6774
GO_MF	6775
GO_MF	6776
GO_MF	6777
GO_MF	6778
GO_MF	6779
GO_MF	678
GO_MF	6780
GO_MF	6781
GO_MF	6782
GO_MF	6783
GO_MF	6785
GO_MF	6786
GO_MF	6787
GO_MF	6788
GO_MF	6789
GO_MF	6790
GO_MF	6792
GO_MF	6793
GO_MF	6794
GO_MF	6795
GO_MF	680
GO_MF	6801
GO_MF	6804
GO_MF	6809
GO_MF	6810
GO_MF	6811
GO_MF	6812
GO_MF	6813
GO_MF	6814
GO_MF	6815
GO_MF	6817
GO_MF	6819
GO_MF	682
GO_MF	6820
GO_MF	6821
GO_MF	6822
GO_MF	6827
GO_MF	6829
GO_MF	683
GO_MF	6830
GO_MF	6832
GO_MF	6833
GO_MF	6834
GO_MF	6835
GO_MF	6836
GO_MF	6837
GO_MF	6838
GO_MF	6839
GO_MF	684
GO_MF	6840
GO_MF	6843
GO_MF	6844
GO_MF	6845
GO_MF	6847
GO_MF	685
GO_MF	6850
GO_MF	6853
GO_MF	6854
GO_MF	6855
GO_MF	6856
GO_MF	6857
GO_MF	686
GO_MF	6860
GO_MF	6861
GO_MF	6862
GO_MF	6863
GO_MF	6865
GO_MF	6866
GO_MF	6867
GO_MF	6868
GO_MF	6869
GO_MF	687
GO_MF	6870
GO_MF	6871
GO_MF	6872
GO_MF	6873
GO_MF	6874
GO_MF	6875
GO_MF	6876
GO_MF	6877
GO_MF	6878
GO_MF	6879
GO_MF	688
GO_MF	6881
GO_MF	6882
GO_MF	6883
GO_MF	6884
GO_MF	6885
GO_MF	6886
GO_MF	6887
GO_MF	6888
GO_MF	689
GO_MF	6890
GO_MF	6891
GO_MF	6892
GO_MF	6894
GO_MF	6895
GO_MF	6897
GO_MF	6898
GO_MF	6899
GO_MF	6900
GO_MF	6901
GO_MF	6902
GO_MF	6903
GO_MF	6904
GO_MF	6905
GO_MF	6906
GO_MF	6907
GO_MF	6908
GO_MF	6909
GO_MF	6910
GO_MF	6911
GO_MF	6913
GO_MF	6915
GO_MF	6916
GO_MF	6917
GO_MF	6919
GO_MF	6920
GO_MF	6921
GO_MF	6923
GO_MF	6924
GO_MF	6925
GO_MF	6926
GO_MF	6927
GO_MF	6928
GO_MF	6929
GO_MF	6934
GO_MF	6935
GO_MF	6936
GO_MF	6938
GO_MF	6939
GO_MF	694
GO_MF	6940
GO_MF	6941
GO_MF	6942
GO_MF	6943
GO_MF	6944
GO_MF	6945
GO_MF	6947
GO_MF	6948
GO_MF	6949
GO_MF	695
GO_MF	6950
GO_MF	6954
GO_MF	696
GO_MF	6975
GO_MF	6988
GO_MF	699
GO_MF	6990
GO_MF	6991
GO_MF	6992
GO_MF	6993
GO_MF	6996
GO_MF	6999
GO_MF	70
GO_MF	7001
GO_MF	7003
GO_MF	7004
GO_MF	7005
GO_MF	7006
GO_MF	7007
GO_MF	7008
GO_MF	7009
GO_MF	701
GO_MF	7010
GO_MF	7011
GO_MF	7013
GO_MF	7014
GO_MF	7015
GO_MF	7016
GO_MF	7018
GO_MF	7019
GO_MF	7020
GO_MF	7021
GO_MF	7022
GO_MF	7023
GO_MF	7024
GO_MF	7025
GO_MF	7026
GO_MF	7027
GO_MF	7029
GO_MF	7030
GO_MF	7031
GO_MF	7032
GO_MF	7033
GO_MF	7035
GO_MF	7036
GO_MF	7037
GO_MF	7038
GO_MF	7039
GO_MF	7040
GO_MF	7041
GO_MF	7042
GO_MF	7043
GO_MF	7044
GO_MF	7045
GO_MF	7046
GO_MF	7047
GO_MF	7048
GO_MF	7049
GO_MF	705
GO_MF	7050
GO_MF	7051
GO_MF	7052
GO_MF	7053
GO_MF	7054
GO_MF	7056
GO_MF	7057
GO_MF	7058
GO_MF	7059
GO_MF	706
GO_MF	7060
GO_MF	7062
GO_MF	7064
GO_MF	7066
GO_MF	7067
GO_MF	7068
GO_MF	7069
GO_MF	7070
GO_MF	7071
GO_MF	7072
GO_MF	7073
GO_MF	7074
GO_MF	7075
GO_MF	7076
GO_MF	7077
GO_MF	7078
GO_MF	7079
GO_MF	708
GO_MF	7080
GO_MF	7082
GO_MF	7083
GO_MF	7084
GO_MF	7086
GO_MF	7087
GO_MF	7088
GO_MF	7089
GO_MF	7090
GO_MF	7091
GO_MF	7092
GO_MF	7093
GO_MF	7094
GO_MF	7095
GO_MF	7096
GO_MF	7097
GO_MF	7098
GO_MF	7099
GO_MF	710
GO_MF	7100
GO_MF	7101
GO_MF	7102
GO_MF	7103
GO_MF	7104
GO_MF	7105
GO_MF	7106
GO_MF	7107
GO_MF	7108
GO_MF	7109
GO_MF	7110
GO_MF	7111
GO_MF	7112
GO_MF	7113
GO_MF	7114
GO_MF	712
GO_MF	7122
GO_MF	7124
GO_MF	7125
GO_MF	7126
GO_MF	7127
GO_MF	7128
GO_MF	713
GO_MF	7130
GO_MF	7132
GO_MF	7133
GO_MF	7134
GO_MF	7135
GO_MF	7136
GO_MF	7137
GO_MF	7138
GO_MF	7139
GO_MF	714
GO_MF	7140
GO_MF	7141
GO_MF	7142
GO_MF	7145
GO_MF	7148
GO_MF	715
GO_MF	7150
GO_MF	7153
GO_MF	7155
GO_MF	7156
GO_MF	7157
GO_MF	7158
GO_MF	7159
GO_MF	716
GO_MF	7161
GO_MF	7163
GO_MF	7164
GO_MF	7165
GO_MF	7166
GO_MF	7167
GO_MF	7168
GO_MF	7169
GO_MF	717
GO_MF	7170
GO_MF	7171
GO_MF	7172
GO_MF	7173
GO_MF	7174
GO_MF	7175
GO_MF	7177
GO_MF	7178
GO_MF	7179
GO_MF	718
GO_MF	7181
GO_MF	7182
GO_MF	7184
GO_MF	7185
GO_MF	7186
GO_MF	7187
GO_MF	7188
GO_MF	7189
GO_MF	719
GO_MF	72
GO_MF	7200
GO_MF	7201
GO_MF	7203
GO_MF	7204
GO_MF	7205
GO_MF	7216
GO_MF	722
GO_MF	7220
GO_MF	7222
GO_MF	7223
GO_MF	7224
GO_MF	7225
GO_MF	7226
GO_MF	7227
GO_MF	7247
GO_MF	7248
GO_MF	7249
GO_MF	725
GO_MF	7251
GO_MF	7252
GO_MF	7253
GO_MF	7257
GO_MF	7258
GO_MF	7259
GO_MF	726
GO_MF	7260
GO_MF	7262
GO_MF	7263
GO_MF	7264
GO_MF	7265
GO_MF	7266
GO_MF	7267
GO_MF	7268
GO_MF	727
GO_MF	7270
GO_MF	7272
GO_MF	7273
GO_MF	7274
GO_MF	7275
GO_MF	7276
GO_MF	7277
GO_MF	727800
GO_MF	727837
GO_MF	727897
GO_MF	727936
GO_MF	727957
GO_MF	728
GO_MF	7280
GO_MF	728116
GO_MF	728215
GO_MF	728294
GO_MF	7283
GO_MF	728361
GO_MF	7284
GO_MF	728489
GO_MF	728568
GO_MF	7286
GO_MF	7287
GO_MF	7288
GO_MF	728819
GO_MF	7289
GO_MF	728927
GO_MF	729
GO_MF	7290
GO_MF	729082
GO_MF	7291
GO_MF	7292
GO_MF	729230
GO_MF	729238
GO_MF	7293
GO_MF	7294
GO_MF	729438
GO_MF	729440
GO_MF	7295
GO_MF	729515
GO_MF	7296
GO_MF	7297
GO_MF	7298
GO_MF	729830
GO_MF	7299
GO_MF	729956
GO_MF	729967
GO_MF	729991
GO_MF	729993
GO_MF	730051
GO_MF	730092
GO_MF	7301
GO_MF	730112
GO_MF	730249
GO_MF	7305
GO_MF	7306
GO_MF	730755
GO_MF	731
GO_MF	7311
GO_MF	7314
GO_MF	7316
GO_MF	7317
GO_MF	7318
GO_MF	7319
GO_MF	732
GO_MF	7320
GO_MF	7321
GO_MF	7322
GO_MF	7323
GO_MF	7324
GO_MF	7325
GO_MF	7326
GO_MF	7327
GO_MF	7328
GO_MF	7329
GO_MF	733
GO_MF	7332
GO_MF	7334
GO_MF	7336
GO_MF	7337
GO_MF	734
GO_MF	7341
GO_MF	7342
GO_MF	7343
GO_MF	7345
GO_MF	7347
GO_MF	7348
GO_MF	7349
GO_MF	735
GO_MF	7350
GO_MF	7351
GO_MF	7352
GO_MF	7353
GO_MF	7355
GO_MF	7356
GO_MF	7357
GO_MF	7358
GO_MF	7360
GO_MF	7363
GO_MF	7366
GO_MF	7368
GO_MF	7369
GO_MF	7371
GO_MF	7372
GO_MF	7373
GO_MF	7374
GO_MF	7375
GO_MF	7376
GO_MF	7378
GO_MF	7379
GO_MF	738
GO_MF	7380
GO_MF	7381
GO_MF	7384
GO_MF	7385
GO_MF	7386
GO_MF	7388
GO_MF	7389
GO_MF	7390
GO_MF	7391
GO_MF	7398
GO_MF	7399
GO_MF	740
GO_MF	7401
GO_MF	7402
GO_MF	7403
GO_MF	7404
GO_MF	7405
GO_MF	7407
GO_MF	7408
GO_MF	7409
GO_MF	741
GO_MF	7410
GO_MF	7411
GO_MF	7412
GO_MF	7414
GO_MF	7415
GO_MF	7416
GO_MF	7417
GO_MF	7419
GO_MF	7421
GO_MF	7422
GO_MF	7423
GO_MF	7424
GO_MF	7428
GO_MF	7429
GO_MF	7430
GO_MF	7431
GO_MF	7432
GO_MF	7433
GO_MF	7434
GO_MF	7436
GO_MF	7439
GO_MF	744
GO_MF	7442
GO_MF	7443
GO_MF	7444
GO_MF	7447
GO_MF	7448
GO_MF	745
GO_MF	7450
GO_MF	7453
GO_MF	7454
GO_MF	7455
GO_MF	7456
GO_MF	7458
GO_MF	746
GO_MF	7461
GO_MF	7462
GO_MF	7464
GO_MF	7465
GO_MF	7466
GO_MF	7468
GO_MF	7469
GO_MF	747
GO_MF	7471
GO_MF	7472
GO_MF	7474
GO_MF	7475
GO_MF	7476
GO_MF	7477
GO_MF	7478
GO_MF	7479
GO_MF	7480
GO_MF	7481
GO_MF	7482
GO_MF	7483
GO_MF	7484
GO_MF	7485
GO_MF	7486
GO_MF	7490
GO_MF	7494
GO_MF	7498
GO_MF	7504
GO_MF	7507
GO_MF	7508
GO_MF	751071
GO_MF	7511
GO_MF	7512
GO_MF	7514
GO_MF	7515
GO_MF	7517
GO_MF	7518
GO_MF	752
GO_MF	7520
GO_MF	752014
GO_MF	7525
GO_MF	7528
GO_MF	7529
GO_MF	753
GO_MF	7531
GO_MF	7532
GO_MF	7533
GO_MF	7534
GO_MF	7535
GO_MF	7536
GO_MF	7538
GO_MF	7539
GO_MF	754
GO_MF	7541
GO_MF	7542
GO_MF	7543
GO_MF	7544
GO_MF	7545
GO_MF	7546
GO_MF	7547
GO_MF	7549
GO_MF	755
GO_MF	7551
GO_MF	7552
GO_MF	7553
GO_MF	7554
GO_MF	7555
GO_MF	7556
GO_MF	7559
GO_MF	7561
GO_MF	7564
GO_MF	7565
GO_MF	7566
GO_MF	7567
GO_MF	7569
GO_MF	757
GO_MF	7570
GO_MF	7571
GO_MF	7572
GO_MF	7574
GO_MF	7576
GO_MF	7579
GO_MF	758
GO_MF	7580
GO_MF	7581
GO_MF	7582
GO_MF	7584
GO_MF	7586
GO_MF	7587
GO_MF	7589
GO_MF	759
GO_MF	7592
GO_MF	7593
GO_MF	7596
GO_MF	7597
GO_MF	760
GO_MF	761
GO_MF	762
GO_MF	7621
GO_MF	7625
GO_MF	7626
GO_MF	7627
GO_MF	7629
GO_MF	763
GO_MF	7633
GO_MF	7634
GO_MF	7637
GO_MF	7639
GO_MF	7644
GO_MF	765
GO_MF	7652
GO_MF	766
GO_MF	767
GO_MF	7675
GO_MF	7678
GO_MF	768
GO_MF	7681
GO_MF	768206
GO_MF	768211
GO_MF	7690
GO_MF	7691
GO_MF	7692
GO_MF	7693
GO_MF	7694
GO_MF	7695
GO_MF	7697
GO_MF	7699
GO_MF	770
GO_MF	7700
GO_MF	7701
GO_MF	7702
GO_MF	7704
GO_MF	7705
GO_MF	7706
GO_MF	7707
GO_MF	7709
GO_MF	771
GO_MF	7710
GO_MF	7711
GO_MF	7712
GO_MF	7716
GO_MF	7718
GO_MF	7726
GO_MF	7727
GO_MF	7728
GO_MF	773
GO_MF	7732
GO_MF	7733
GO_MF	7737
GO_MF	7738
GO_MF	7739
GO_MF	774
GO_MF	7741
GO_MF	7743
GO_MF	7745
GO_MF	7746
GO_MF	7748
GO_MF	775
GO_MF	7750
GO_MF	7752
GO_MF	7753
GO_MF	7755
GO_MF	7756
GO_MF	7757
GO_MF	776
GO_MF	7761
GO_MF	7762
GO_MF	7763
GO_MF	7764
GO_MF	7766
GO_MF	7767
GO_MF	7768
GO_MF	7769
GO_MF	777
GO_MF	7770
GO_MF	7771
GO_MF	7772
GO_MF	7773
GO_MF	7775
GO_MF	7776
GO_MF	7779
GO_MF	778
GO_MF	7780
GO_MF	7781
GO_MF	7782
GO_MF	7783
GO_MF	7786
GO_MF	7789
GO_MF	779
GO_MF	7791
GO_MF	7798
GO_MF	7799
GO_MF	780
GO_MF	7802
GO_MF	7803
GO_MF	7804
GO_MF	7805
GO_MF	780776
GO_MF	7809
GO_MF	781
GO_MF	7812
GO_MF	7813
GO_MF	7818
GO_MF	782
GO_MF	7827
GO_MF	783
GO_MF	7832
GO_MF	7837
GO_MF	784
GO_MF	7840
GO_MF	7841
GO_MF	7844
GO_MF	7846
GO_MF	7849
GO_MF	785
GO_MF	7850
GO_MF	7851
GO_MF	7852
GO_MF	7855
GO_MF	7857
GO_MF	786
GO_MF	7862
GO_MF	7866
GO_MF	7867
GO_MF	7869
GO_MF	7871
GO_MF	7873
GO_MF	7874
GO_MF	7879
GO_MF	788
GO_MF	7881
GO_MF	7884
GO_MF	78986
GO_MF	78987
GO_MF	78988
GO_MF	78989
GO_MF	78990
GO_MF	78991
GO_MF	78992
GO_MF	78994
GO_MF	78995
GO_MF	78996
GO_MF	78998
GO_MF	78999
GO_MF	790
GO_MF	79000
GO_MF	79001
GO_MF	79002
GO_MF	79003
GO_MF	79004
GO_MF	79006
GO_MF	79009
GO_MF	79012
GO_MF	79016
GO_MF	79017
GO_MF	79018
GO_MF	79020
GO_MF	79022
GO_MF	79023
GO_MF	79024
GO_MF	79025
GO_MF	79026
GO_MF	79027
GO_MF	79029
GO_MF	7903
GO_MF	79033
GO_MF	79035
GO_MF	79036
GO_MF	79037
GO_MF	79038
GO_MF	79039
GO_MF	79041
GO_MF	79042
GO_MF	79047
GO_MF	79048
GO_MF	7905
GO_MF	79050
GO_MF	79053
GO_MF	79054
GO_MF	79056
GO_MF	79057
GO_MF	79058
GO_MF	79064
GO_MF	79065
GO_MF	79066
GO_MF	79068
GO_MF	79070
GO_MF	79071
GO_MF	79072
GO_MF	79073
GO_MF	79074
GO_MF	79075
GO_MF	79077
GO_MF	79078
GO_MF	79080
GO_MF	79083
GO_MF	79084
GO_MF	79085
GO_MF	79087
GO_MF	79088
GO_MF	79089
GO_MF	79090
GO_MF	79091
GO_MF	79092
GO_MF	79094
GO_MF	79095
GO_MF	790955
GO_MF	79096
GO_MF	79097
GO_MF	79098
GO_MF	79101
GO_MF	79102
GO_MF	79109
GO_MF	7913
GO_MF	79132
GO_MF	79133
GO_MF	79135
GO_MF	79137
GO_MF	79139
GO_MF	79140
GO_MF	79142
GO_MF	79143
GO_MF	79147
GO_MF	79148
GO_MF	79149
GO_MF	7915
GO_MF	79152
GO_MF	79153
GO_MF	79154
GO_MF	79155
GO_MF	79156
GO_MF	79157
GO_MF	79158
GO_MF	79159
GO_MF	79161
GO_MF	79165
GO_MF	79169
GO_MF	7917
GO_MF	79171
GO_MF	79172
GO_MF	79173
GO_MF	79174
GO_MF	79175
GO_MF	79176
GO_MF	79177
GO_MF	79178
GO_MF	7918
GO_MF	79180
GO_MF	79183
GO_MF	79184
GO_MF	79187
GO_MF	79188
GO_MF	79191
GO_MF	79192
GO_MF	7920
GO_MF	7922
GO_MF	79228
GO_MF	7923
GO_MF	79230
GO_MF	79258
GO_MF	79269
GO_MF	793
GO_MF	7932
GO_MF	79339
GO_MF	79345
GO_MF	7936
GO_MF	79363
GO_MF	79364
GO_MF	79365
GO_MF	79366
GO_MF	79368
GO_MF	79369
GO_MF	79370
GO_MF	794
GO_MF	79400
GO_MF	7941
GO_MF	79411
GO_MF	79412
GO_MF	79413
GO_MF	79415
GO_MF	7942
GO_MF	79441
GO_MF	79443
GO_MF	79444
GO_MF	79446
GO_MF	79447
GO_MF	79465
GO_MF	79470
GO_MF	795
GO_MF	79541
GO_MF	79567
GO_MF	79568
GO_MF	7957
GO_MF	79570
GO_MF	79571
GO_MF	79572
GO_MF	79574
GO_MF	79576
GO_MF	79577
GO_MF	79581
GO_MF	79582
GO_MF	79583
GO_MF	79585
GO_MF	79586
GO_MF	79587
GO_MF	79589
GO_MF	79590
GO_MF	79591
GO_MF	79594
GO_MF	79596
GO_MF	79598
GO_MF	796
GO_MF	79602
GO_MF	79603
GO_MF	79605
GO_MF	79607
GO_MF	79608
GO_MF	79609
GO_MF	79611
GO_MF	79612
GO_MF	79616
GO_MF	79618
GO_MF	79621
GO_MF	79622
GO_MF	79623
GO_MF	79624
GO_MF	79625
GO_MF	79626
GO_MF	79627
GO_MF	79628
GO_MF	79631
GO_MF	79632
GO_MF	79633
GO_MF	79634
GO_MF	79635
GO_MF	79637
GO_MF	79641
GO_MF	79642
GO_MF	79643
GO_MF	79644
GO_MF	79645
GO_MF	79646
GO_MF	79647
GO_MF	79648
GO_MF	79649
GO_MF	7965
GO_MF	79650
GO_MF	79651
GO_MF	79654
GO_MF	79656
GO_MF	79657
GO_MF	79658
GO_MF	79659
GO_MF	79660
GO_MF	79661
GO_MF	79663
GO_MF	79664
GO_MF	79665
GO_MF	79666
GO_MF	79668
GO_MF	79669
GO_MF	79670
GO_MF	79671
GO_MF	79672
GO_MF	79673
GO_MF	79674
GO_MF	79675
GO_MF	79676
GO_MF	79677
GO_MF	79679
GO_MF	79680
GO_MF	79682
GO_MF	79683
GO_MF	79685
GO_MF	79689
GO_MF	79690
GO_MF	79691
GO_MF	79692
GO_MF	79693
GO_MF	79694
GO_MF	79695
GO_MF	79696
GO_MF	79697
GO_MF	79698
GO_MF	79699
GO_MF	797
GO_MF	79701
GO_MF	79705
GO_MF	79707
GO_MF	79709
GO_MF	79710
GO_MF	79711
GO_MF	79712
GO_MF	79713
GO_MF	79714
GO_MF	79716
GO_MF	79717
GO_MF	79718
GO_MF	79719
GO_MF	79720
GO_MF	79722
GO_MF	79723
GO_MF	79724
GO_MF	79725
GO_MF	79726
GO_MF	79727
GO_MF	79728
GO_MF	79730
GO_MF	79731
GO_MF	79733
GO_MF	79734
GO_MF	79735
GO_MF	79736
GO_MF	79738
GO_MF	79739
GO_MF	79740
GO_MF	79741
GO_MF	79744
GO_MF	79745
GO_MF	79746
GO_MF	79747
GO_MF	79748
GO_MF	7975
GO_MF	79750
GO_MF	79751
GO_MF	79752
GO_MF	79753
GO_MF	79754
GO_MF	79755
GO_MF	79758
GO_MF	79759
GO_MF	7976
GO_MF	79760
GO_MF	79763
GO_MF	79767
GO_MF	79768
GO_MF	79770
GO_MF	79772
GO_MF	79774
GO_MF	79776
GO_MF	79777
GO_MF	79778
GO_MF	7978
GO_MF	79781
GO_MF	79783
GO_MF	79784
GO_MF	79785
GO_MF	79786
GO_MF	79789
GO_MF	7979
GO_MF	79791
GO_MF	79792
GO_MF	79794
GO_MF	79796
GO_MF	79798
GO_MF	7980
GO_MF	79800
GO_MF	79801
GO_MF	79802
GO_MF	79803
GO_MF	79805
GO_MF	79807
GO_MF	79809
GO_MF	79810
GO_MF	79811
GO_MF	79812
GO_MF	79813
GO_MF	79814
GO_MF	79815
GO_MF	79816
GO_MF	79817
GO_MF	79818
GO_MF	79819
GO_MF	79822
GO_MF	79823
GO_MF	79825
GO_MF	79827
GO_MF	79828
GO_MF	79829
GO_MF	79830
GO_MF	79831
GO_MF	79833
GO_MF	79834
GO_MF	79836
GO_MF	79837
GO_MF	79838
GO_MF	79839
GO_MF	7984
GO_MF	79840
GO_MF	79841
GO_MF	79842
GO_MF	79843
GO_MF	79845
GO_MF	79847
GO_MF	79848
GO_MF	79849
GO_MF	79850
GO_MF	79852
GO_MF	79853
GO_MF	79856
GO_MF	79858
GO_MF	79861
GO_MF	79862
GO_MF	79863
GO_MF	79865
GO_MF	79866
GO_MF	79868
GO_MF	79869
GO_MF	79870
GO_MF	79871
GO_MF	79872
GO_MF	79873
GO_MF	79874
GO_MF	79875
GO_MF	79876
GO_MF	79877
GO_MF	79879
GO_MF	7988
GO_MF	79882
GO_MF	79884
GO_MF	79885
GO_MF	79887
GO_MF	79888
GO_MF	79890
GO_MF	79891
GO_MF	79892
GO_MF	79894
GO_MF	79895
GO_MF	79898
GO_MF	79899
GO_MF	799
GO_MF	79901
GO_MF	79902
GO_MF	79903
GO_MF	79905
GO_MF	79908
GO_MF	7991
GO_MF	79912
GO_MF	79913
GO_MF	79915
GO_MF	79918
GO_MF	79921
GO_MF	79922
GO_MF	79923
GO_MF	79924
GO_MF	79929
GO_MF	7993
GO_MF	79930
GO_MF	79931
GO_MF	79932
GO_MF	79933
GO_MF	79934
GO_MF	79935
GO_MF	79939
GO_MF	7994
GO_MF	79943
GO_MF	79944
GO_MF	79947
GO_MF	79949
GO_MF	79953
GO_MF	79954
GO_MF	79955
GO_MF	79956
GO_MF	79957
GO_MF	79958
GO_MF	79959
GO_MF	79960
GO_MF	79961
GO_MF	79962
GO_MF	79966
GO_MF	79968
GO_MF	79969
GO_MF	79971
GO_MF	79973
GO_MF	79977
GO_MF	79979
GO_MF	79980
GO_MF	79981
GO_MF	79982
GO_MF	79983
GO_MF	79986
GO_MF	79987
GO_MF	79989
GO_MF	79991
GO_MF	79993
GO_MF	79998
GO_MF	800
GO_MF	8000
GO_MF	80003
GO_MF	80004
GO_MF	80005
GO_MF	80006
GO_MF	80007
GO_MF	8001
GO_MF	80010
GO_MF	80011
GO_MF	80012
GO_MF	80013
GO_MF	80014
GO_MF	80017
GO_MF	80018
GO_MF	80019
GO_MF	80020
GO_MF	80021
GO_MF	80023
GO_MF	80024
GO_MF	80025
GO_MF	80031
GO_MF	80032
GO_MF	80034
GO_MF	80036
GO_MF	80045
GO_MF	80055
GO_MF	80059
GO_MF	80063
GO_MF	80067
GO_MF	80070
GO_MF	80086
GO_MF	80095
GO_MF	801
GO_MF	80108
GO_MF	80110
GO_MF	80111
GO_MF	80114
GO_MF	80115
GO_MF	80117
GO_MF	80119
GO_MF	80122
GO_MF	80124
GO_MF	80125
GO_MF	80128
GO_MF	80129
GO_MF	8013
GO_MF	80131
GO_MF	80135
GO_MF	80139
GO_MF	80142
GO_MF	80143
GO_MF	80144
GO_MF	80145
GO_MF	80146
GO_MF	80148
GO_MF	80149
GO_MF	80150
GO_MF	80152
GO_MF	80153
GO_MF	80155
GO_MF	80162
GO_MF	80168
GO_MF	80169
GO_MF	80173
GO_MF	80174
GO_MF	80176
GO_MF	80178
GO_MF	80179
GO_MF	80183
GO_MF	80184
GO_MF	8019
GO_MF	80194
GO_MF	80195
GO_MF	80196
GO_MF	80198
GO_MF	80199
GO_MF	80201
GO_MF	80204
GO_MF	80205
GO_MF	80206
GO_MF	80208
GO_MF	80209
GO_MF	8021
GO_MF	80210
GO_MF	80212
GO_MF	80216
GO_MF	80218
GO_MF	80219
GO_MF	8022
GO_MF	80221
GO_MF	80222
GO_MF	80223
GO_MF	80224
GO_MF	80227
GO_MF	80228
GO_MF	80230
GO_MF	80232
GO_MF	80233
GO_MF	80235
GO_MF	80237
GO_MF	80243
GO_MF	80254
GO_MF	80256
GO_MF	80258
GO_MF	80262
GO_MF	80263
GO_MF	80267
GO_MF	8027
GO_MF	80270
GO_MF	80271
GO_MF	80273
GO_MF	80274
GO_MF	80279
GO_MF	8028
GO_MF	8029
GO_MF	80298
GO_MF	8030
GO_MF	80301
GO_MF	80303
GO_MF	80304
GO_MF	80305
GO_MF	80306
GO_MF	80308
GO_MF	80309
GO_MF	8031
GO_MF	80310
GO_MF	80311
GO_MF	80312
GO_MF	80313
GO_MF	80314
GO_MF	80315
GO_MF	80316
GO_MF	80317
GO_MF	80318
GO_MF	80319
GO_MF	80320
GO_MF	80321
GO_MF	80323
GO_MF	80324
GO_MF	80325
GO_MF	80326
GO_MF	80328
GO_MF	80329
GO_MF	80331
GO_MF	80332
GO_MF	80333
GO_MF	80335
GO_MF	80336
GO_MF	80339
GO_MF	8034
GO_MF	80341
GO_MF	80342
GO_MF	80344
GO_MF	80345
GO_MF	80346
GO_MF	80347
GO_MF	80349
GO_MF	80350
GO_MF	80351
GO_MF	80352
GO_MF	8036
GO_MF	8038
GO_MF	80380
GO_MF	80381
GO_MF	8045
GO_MF	8048
GO_MF	805
GO_MF	8050
GO_MF	8061
GO_MF	8065
GO_MF	80700
GO_MF	80704
GO_MF	80705
GO_MF	80709
GO_MF	80712
GO_MF	80714
GO_MF	80723
GO_MF	80724
GO_MF	80725
GO_MF	80726
GO_MF	80727
GO_MF	80728
GO_MF	8073
GO_MF	80731
GO_MF	80736
GO_MF	80737
GO_MF	80739
GO_MF	8074
GO_MF	80740
GO_MF	80741
GO_MF	80742
GO_MF	80745
GO_MF	80746
GO_MF	80757
GO_MF	80758
GO_MF	80759
GO_MF	8076
GO_MF	80760
GO_MF	80762
GO_MF	80763
GO_MF	80764
GO_MF	80765
GO_MF	80772
GO_MF	80774
GO_MF	80775
GO_MF	80776
GO_MF	80777
GO_MF	80778
GO_MF	8078
GO_MF	80781
GO_MF	80789
GO_MF	8079
GO_MF	80790
GO_MF	80816
GO_MF	80817
GO_MF	80818
GO_MF	80820
GO_MF	80821
GO_MF	80823
GO_MF	80824
GO_MF	80829
GO_MF	80830
GO_MF	80831
GO_MF	80832
GO_MF	80833
GO_MF	80834
GO_MF	80835
GO_MF	8085
GO_MF	80851
GO_MF	80853
GO_MF	80854
GO_MF	80856
GO_MF	8086
GO_MF	8087
GO_MF	8089
GO_MF	80895
GO_MF	80896
GO_MF	8091
GO_MF	8092
GO_MF	80975
GO_MF	8099
GO_MF	81
GO_MF	810
GO_MF	8100
GO_MF	81027
GO_MF	81029
GO_MF	81030
GO_MF	81031
GO_MF	81033
GO_MF	81034
GO_MF	81035
GO_MF	81037
GO_MF	8106
GO_MF	811
GO_MF	8110
GO_MF	8111
GO_MF	8115
GO_MF	8125
GO_MF	8128
GO_MF	81285
GO_MF	813
GO_MF	8131
GO_MF	8139
GO_MF	814
GO_MF	8140
GO_MF	81472
GO_MF	8148
GO_MF	81490
GO_MF	81491
GO_MF	81492
GO_MF	81493
GO_MF	81494
GO_MF	815
GO_MF	81501
GO_MF	81502
GO_MF	8153
GO_MF	81532
GO_MF	81537
GO_MF	81539
GO_MF	81542
GO_MF	81543
GO_MF	81544
GO_MF	81545
GO_MF	81550
GO_MF	81551
GO_MF	81552
GO_MF	81553
GO_MF	81554
GO_MF	81555
GO_MF	81556
GO_MF	81559
GO_MF	81562
GO_MF	81563
GO_MF	81565
GO_MF	81566
GO_MF	81569
GO_MF	81570
GO_MF	81572
GO_MF	81573
GO_MF	81575
GO_MF	81576
GO_MF	81577
GO_MF	81578
GO_MF	81579
GO_MF	816
GO_MF	81602
GO_MF	81603
GO_MF	81605
GO_MF	81606
GO_MF	81607
GO_MF	81608
GO_MF	81609
GO_MF	8161
GO_MF	81610
GO_MF	81611
GO_MF	81614
GO_MF	81615
GO_MF	81616
GO_MF	81617
GO_MF	81618
GO_MF	81619
GO_MF	81620
GO_MF	81621
GO_MF	81622
GO_MF	81624
GO_MF	81626
GO_MF	81627
GO_MF	81628
GO_MF	81629
GO_MF	81631
GO_MF	8165
GO_MF	81669
GO_MF	81688
GO_MF	81689
GO_MF	81691
GO_MF	81693
GO_MF	81696
GO_MF	81697
GO_MF	817
GO_MF	8170
GO_MF	81704
GO_MF	81706
GO_MF	8174
GO_MF	8175
GO_MF	8178
GO_MF	81786
GO_MF	81789
GO_MF	81790
GO_MF	81792
GO_MF	81793
GO_MF	81794
GO_MF	81796
GO_MF	81797
GO_MF	818
GO_MF	81831
GO_MF	81832
GO_MF	81833
GO_MF	81839
GO_MF	81844
GO_MF	81846
GO_MF	81847
GO_MF	81848
GO_MF	81849
GO_MF	81850
GO_MF	81851
GO_MF	81853
GO_MF	81855
GO_MF	81856
GO_MF	81857
GO_MF	81858
GO_MF	8187
GO_MF	81873
GO_MF	81875
GO_MF	81887
GO_MF	81888
GO_MF	81889
GO_MF	8189
GO_MF	81890
GO_MF	81892
GO_MF	81894
GO_MF	819
GO_MF	8190
GO_MF	8192
GO_MF	81926
GO_MF	81929
GO_MF	8193
GO_MF	81930
GO_MF	81931
GO_MF	81932
GO_MF	8195
GO_MF	820
GO_MF	8200
GO_MF	8202
GO_MF	8204
GO_MF	8208
GO_MF	821
GO_MF	8216
GO_MF	8218
GO_MF	822
GO_MF	8220
GO_MF	8224
GO_MF	8225
GO_MF	8226
GO_MF	8227
GO_MF	8228
GO_MF	823
GO_MF	8237
GO_MF	8239
GO_MF	824
GO_MF	8241
GO_MF	8242
GO_MF	8243
GO_MF	825
GO_MF	826
GO_MF	8260
GO_MF	8266
GO_MF	8269
GO_MF	827
GO_MF	8270
GO_MF	8273
GO_MF	8277
GO_MF	828
GO_MF	8284
GO_MF	8287
GO_MF	8288
GO_MF	8289
GO_MF	829
GO_MF	8290
GO_MF	8291
GO_MF	8292
GO_MF	8294
GO_MF	8295
GO_MF	830
GO_MF	8301
GO_MF	8302
GO_MF	8303
GO_MF	8309
GO_MF	831
GO_MF	8310
GO_MF	8312
GO_MF	8313
GO_MF	8314
GO_MF	8315
GO_MF	8317
GO_MF	8318
GO_MF	832
GO_MF	8320
GO_MF	8321
GO_MF	8322
GO_MF	8323
GO_MF	8324
GO_MF	8325
GO_MF	8326
GO_MF	8328
GO_MF	833
GO_MF	8330
GO_MF	8332
GO_MF	8334
GO_MF	8335
GO_MF	8337
GO_MF	8339
GO_MF	83394
GO_MF	834
GO_MF	8340
GO_MF	83401
GO_MF	8341
GO_MF	83416
GO_MF	83417
GO_MF	8342
GO_MF	83439
GO_MF	83440
GO_MF	83442
GO_MF	83443
GO_MF	83444
GO_MF	83445
GO_MF	83446
GO_MF	83447
GO_MF	83448
GO_MF	83450
GO_MF	83451
GO_MF	83452
GO_MF	83460
GO_MF	83461
GO_MF	83463
GO_MF	83464
GO_MF	83468
GO_MF	8347
GO_MF	83473
GO_MF	83475
GO_MF	83478
GO_MF	83479
GO_MF	8348
GO_MF	83480
GO_MF	83481
GO_MF	83482
GO_MF	83483
GO_MF	8349
GO_MF	835
GO_MF	8350
GO_MF	8352
GO_MF	8353
GO_MF	83538
GO_MF	83539
GO_MF	8354
GO_MF	83540
GO_MF	83541
GO_MF	83543
GO_MF	83544
GO_MF	83546
GO_MF	83547
GO_MF	83548
GO_MF	83549
GO_MF	83550
GO_MF	83551
GO_MF	8356
GO_MF	8357
GO_MF	8358
GO_MF	8359
GO_MF	83591
GO_MF	83592
GO_MF	83593
GO_MF	83594
GO_MF	83595
GO_MF	83596
GO_MF	83597
GO_MF	836
GO_MF	8360
GO_MF	83604
GO_MF	83605
GO_MF	83606
GO_MF	8361
GO_MF	83637
GO_MF	83638
GO_MF	83639
GO_MF	8364
GO_MF	83640
GO_MF	83642
GO_MF	83648
GO_MF	8365
GO_MF	83657
GO_MF	83658
GO_MF	83659
GO_MF	8366
GO_MF	83660
GO_MF	83666
GO_MF	83667
GO_MF	8367
GO_MF	8368
GO_MF	8369
GO_MF	83692
GO_MF	83693
GO_MF	83694
GO_MF	83695
GO_MF	83696
GO_MF	83697
GO_MF	83698
GO_MF	83699
GO_MF	837
GO_MF	83700
GO_MF	83706
GO_MF	83707
GO_MF	83714
GO_MF	83715
GO_MF	83716
GO_MF	83719
GO_MF	8372
GO_MF	83729
GO_MF	83732
GO_MF	83733
GO_MF	83734
GO_MF	83737
GO_MF	83741
GO_MF	83742
GO_MF	83743
GO_MF	83744
GO_MF	83746
GO_MF	83752
GO_MF	83755
GO_MF	83758
GO_MF	83759
GO_MF	83786
GO_MF	83787
GO_MF	8379
GO_MF	83795
GO_MF	838
GO_MF	8382
GO_MF	8383
GO_MF	83844
GO_MF	83850
GO_MF	83851
GO_MF	83852
GO_MF	83853
GO_MF	83854
GO_MF	83855
GO_MF	83856
GO_MF	83857
GO_MF	83858
GO_MF	83860
GO_MF	83861
GO_MF	83862
GO_MF	8387
GO_MF	83871
GO_MF	83872
GO_MF	83873
GO_MF	83874
GO_MF	83875
GO_MF	83877
GO_MF	83878
GO_MF	83879
GO_MF	83881
GO_MF	83882
GO_MF	83884
GO_MF	83886
GO_MF	83887
GO_MF	83888
GO_MF	8389
GO_MF	83890
GO_MF	83891
GO_MF	83892
GO_MF	83895
GO_MF	83896
GO_MF	83897
GO_MF	839
GO_MF	8390
GO_MF	83900
GO_MF	83902
GO_MF	83903
GO_MF	8392
GO_MF	83930
GO_MF	83931
GO_MF	83932
GO_MF	83933
GO_MF	83937
GO_MF	83939
GO_MF	8394
GO_MF	83940
GO_MF	83941
GO_MF	83942
GO_MF	83943
GO_MF	8395
GO_MF	83953
GO_MF	83959
GO_MF	8396
GO_MF	8398
GO_MF	83983
GO_MF	83985
GO_MF	83986
GO_MF	83987
GO_MF	83988
GO_MF	83989
GO_MF	8399
GO_MF	83990
GO_MF	83992
GO_MF	83998
GO_MF	83999
GO_MF	840
GO_MF	84000
GO_MF	84002
GO_MF	8402
GO_MF	8403
GO_MF	84033
GO_MF	84034
GO_MF	8404
GO_MF	8405
GO_MF	84056
GO_MF	84057
GO_MF	84058
GO_MF	84059
GO_MF	8406
GO_MF	84060
GO_MF	84061
GO_MF	84062
GO_MF	84063
GO_MF	84064
GO_MF	84065
GO_MF	84066
GO_MF	84067
GO_MF	84068
GO_MF	84069
GO_MF	8407
GO_MF	84071
GO_MF	84072
GO_MF	84073
GO_MF	84074
GO_MF	84075
GO_MF	84076
GO_MF	84077
GO_MF	84078
GO_MF	84079
GO_MF	8408
GO_MF	84080
GO_MF	84081
GO_MF	84083
GO_MF	84085
GO_MF	8409
GO_MF	841
GO_MF	84100
GO_MF	84101
GO_MF	84102
GO_MF	84103
GO_MF	84105
GO_MF	84106
GO_MF	84107
GO_MF	84108
GO_MF	84109
GO_MF	8411
GO_MF	8412
GO_MF	84124
GO_MF	84126
GO_MF	84128
GO_MF	84132
GO_MF	84133
GO_MF	84134
GO_MF	84135
GO_MF	84140
GO_MF	84141
GO_MF	84142
GO_MF	84144
GO_MF	84146
GO_MF	84148
GO_MF	84152
GO_MF	84153
GO_MF	84154
GO_MF	84159
GO_MF	8416
GO_MF	84162
GO_MF	84163
GO_MF	84164
GO_MF	84166
GO_MF	84167
GO_MF	84168
GO_MF	8417
GO_MF	84171
GO_MF	84172
GO_MF	84173
GO_MF	84174
GO_MF	84179
GO_MF	8418
GO_MF	84181
GO_MF	84186
GO_MF	84188
GO_MF	8419
GO_MF	84190
GO_MF	84191
GO_MF	84193
GO_MF	84196
GO_MF	84197
GO_MF	842
GO_MF	84203
GO_MF	84206
GO_MF	84215
GO_MF	84217
GO_MF	84219
GO_MF	84221
GO_MF	84223
GO_MF	84225
GO_MF	84229
GO_MF	84230
GO_MF	84231
GO_MF	84232
GO_MF	84236
GO_MF	84239
GO_MF	8424
GO_MF	84240
GO_MF	84243
GO_MF	84245
GO_MF	84246
GO_MF	84248
GO_MF	84249
GO_MF	8425
GO_MF	84250
GO_MF	84251
GO_MF	84253
GO_MF	84254
GO_MF	84255
GO_MF	84256
GO_MF	84258
GO_MF	84259
GO_MF	84260
GO_MF	84261
GO_MF	84262
GO_MF	84263
GO_MF	84264
GO_MF	84265
GO_MF	84266
GO_MF	84267
GO_MF	84268
GO_MF	84269
GO_MF	8427
GO_MF	84270
GO_MF	84271
GO_MF	84272
GO_MF	84273
GO_MF	84274
GO_MF	84275
GO_MF	84276
GO_MF	84277
GO_MF	84278
GO_MF	84279
GO_MF	8428
GO_MF	84280
GO_MF	84281
GO_MF	84282
GO_MF	84283
GO_MF	84284
GO_MF	84285
GO_MF	84286
GO_MF	84287
GO_MF	84288
GO_MF	84289
GO_MF	84290
GO_MF	84292
GO_MF	84293
GO_MF	84294
GO_MF	84295
GO_MF	84296
GO_MF	84298
GO_MF	84299
GO_MF	843
GO_MF	84300
GO_MF	84301
GO_MF	84302
GO_MF	84303
GO_MF	84304
GO_MF	84305
GO_MF	84306
GO_MF	84307
GO_MF	84309
GO_MF	8431
GO_MF	84310
GO_MF	84311
GO_MF	84312
GO_MF	84313
GO_MF	84314
GO_MF	84315
GO_MF	84316
GO_MF	84317
GO_MF	84319
GO_MF	84324
GO_MF	84327
GO_MF	84328
GO_MF	84329
GO_MF	84330
GO_MF	84332
GO_MF	84333
GO_MF	84334
GO_MF	84335
GO_MF	84336
GO_MF	84337
GO_MF	8434
GO_MF	84340
GO_MF	84342
GO_MF	84343
GO_MF	8435
GO_MF	8436
GO_MF	84364
GO_MF	84365
GO_MF	8437
GO_MF	84376
GO_MF	8438
GO_MF	8439
GO_MF	844
GO_MF	8440
GO_MF	84417
GO_MF	84418
GO_MF	84419
GO_MF	8443
GO_MF	84432
GO_MF	84433
GO_MF	84435
GO_MF	84437
GO_MF	84439
GO_MF	8444
GO_MF	84440
GO_MF	84441
GO_MF	84444
GO_MF	84445
GO_MF	84446
GO_MF	84447
GO_MF	84448
GO_MF	84449
GO_MF	8445
GO_MF	84450
GO_MF	84451
GO_MF	84455
GO_MF	84456
GO_MF	84457
GO_MF	84458
GO_MF	8446
GO_MF	84460
GO_MF	84461
GO_MF	84464
GO_MF	84465
GO_MF	84466
GO_MF	84467
GO_MF	8447
GO_MF	8448
GO_MF	8449
GO_MF	84498
GO_MF	845
GO_MF	8450
GO_MF	84501
GO_MF	84503
GO_MF	84504
GO_MF	8451
GO_MF	84513
GO_MF	84514
GO_MF	84515
GO_MF	84516
GO_MF	84517
GO_MF	84518
GO_MF	8452
GO_MF	84520
GO_MF	84522
GO_MF	84524
GO_MF	84525
GO_MF	84527
GO_MF	84529
GO_MF	8453
GO_MF	84530
GO_MF	84532
GO_MF	84539
GO_MF	8454
GO_MF	84541
GO_MF	84542
GO_MF	84545
GO_MF	84547
GO_MF	84548
GO_MF	84549
GO_MF	8455
GO_MF	84552
GO_MF	84557
GO_MF	8456
GO_MF	84560
GO_MF	84561
GO_MF	84569
GO_MF	84570
GO_MF	84572
GO_MF	8458
GO_MF	8459
GO_MF	846
GO_MF	8460
GO_MF	84612
GO_MF	84614
GO_MF	84616
GO_MF	84617
GO_MF	84618
GO_MF	84619
GO_MF	8462
GO_MF	84620
GO_MF	84622
GO_MF	84623
GO_MF	84626
GO_MF	84627
GO_MF	84628
GO_MF	84629
GO_MF	8463
GO_MF	84630
GO_MF	84631
GO_MF	84632
GO_MF	84634
GO_MF	84636
GO_MF	84639
GO_MF	8464
GO_MF	84640
GO_MF	84641
GO_MF	84643
GO_MF	84645
GO_MF	84647
GO_MF	84648
GO_MF	84649
GO_MF	84650
GO_MF	84651
GO_MF	84654
GO_MF	84656
GO_MF	84658
GO_MF	84659
GO_MF	84660
GO_MF	84661
GO_MF	84662
GO_MF	84665
GO_MF	84666
GO_MF	84667
GO_MF	84668
GO_MF	84669
GO_MF	8467
GO_MF	84671
GO_MF	84674
GO_MF	84675
GO_MF	84676
GO_MF	84678
GO_MF	84679
GO_MF	8468
GO_MF	84680
GO_MF	84681
GO_MF	84684
GO_MF	84687
GO_MF	84688
GO_MF	84689
GO_MF	84690
GO_MF	84691
GO_MF	84693
GO_MF	84694
GO_MF	84695
GO_MF	84696
GO_MF	84698
GO_MF	84699
GO_MF	847
GO_MF	8470
GO_MF	84700
GO_MF	84705
GO_MF	84706
GO_MF	84707
GO_MF	84708
GO_MF	84709
GO_MF	8471
GO_MF	84717
GO_MF	84720
GO_MF	84722
GO_MF	84725
GO_MF	84726
GO_MF	84727
GO_MF	8473
GO_MF	84733
GO_MF	84735
GO_MF	84747
GO_MF	84749
GO_MF	84750
GO_MF	84752
GO_MF	84759
GO_MF	8476
GO_MF	84765
GO_MF	84766
GO_MF	84767
GO_MF	84769
GO_MF	8477
GO_MF	84775
GO_MF	84779
GO_MF	84787
GO_MF	8479
GO_MF	84792
GO_MF	84795
GO_MF	8480
GO_MF	84803
GO_MF	84804
GO_MF	84807
GO_MF	8481
GO_MF	84811
GO_MF	84812
GO_MF	84814
GO_MF	84816
GO_MF	84817
GO_MF	84818
GO_MF	8482
GO_MF	84823
GO_MF	84824
GO_MF	8483
GO_MF	84830
GO_MF	84836
GO_MF	84837
GO_MF	84838
GO_MF	84839
GO_MF	84842
GO_MF	84844
GO_MF	84851
GO_MF	84858
GO_MF	84859
GO_MF	84861
GO_MF	84864
GO_MF	84866
GO_MF	84867
GO_MF	84868
GO_MF	84869
GO_MF	8487
GO_MF	84870
GO_MF	84871
GO_MF	84872
GO_MF	84873
GO_MF	84874
GO_MF	84875
GO_MF	84876
GO_MF	84878
GO_MF	84879
GO_MF	84881
GO_MF	84883
GO_MF	84885
GO_MF	84888
GO_MF	84889
GO_MF	84890
GO_MF	84891
GO_MF	84892
GO_MF	84893
GO_MF	84894
GO_MF	84895
GO_MF	84896
GO_MF	84897
GO_MF	84898
GO_MF	84899
GO_MF	8490
GO_MF	84900
GO_MF	84901
GO_MF	84902
GO_MF	84904
GO_MF	84905
GO_MF	84909
GO_MF	8491
GO_MF	84911
GO_MF	84912
GO_MF	84913
GO_MF	84914
GO_MF	84916
GO_MF	84918
GO_MF	84919
GO_MF	8492
GO_MF	84920
GO_MF	84922
GO_MF	84923
GO_MF	84924
GO_MF	84925
GO_MF	84929
GO_MF	8493
GO_MF	84930
GO_MF	84932
GO_MF	84934
GO_MF	84935
GO_MF	84936
GO_MF	84937
GO_MF	84938
GO_MF	84939
GO_MF	84940
GO_MF	84941
GO_MF	84942
GO_MF	84944
GO_MF	84945
GO_MF	84946
GO_MF	84948
GO_MF	8495
GO_MF	84950
GO_MF	84951
GO_MF	84952
GO_MF	84954
GO_MF	84955
GO_MF	84957
GO_MF	84958
GO_MF	84959
GO_MF	8496
GO_MF	84961
GO_MF	84962
GO_MF	84964
GO_MF	84967
GO_MF	84968
GO_MF	84969
GO_MF	8497
GO_MF	84970
GO_MF	84971
GO_MF	84975
GO_MF	84976
GO_MF	84978
GO_MF	8498
GO_MF	84984
GO_MF	84985
GO_MF	84986
GO_MF	84987
GO_MF	84988
GO_MF	8499
GO_MF	84991
GO_MF	84993
GO_MF	8500
GO_MF	85004
GO_MF	85007
GO_MF	8501
GO_MF	85013
GO_MF	85014
GO_MF	85015
GO_MF	85016
GO_MF	8502
GO_MF	85021
GO_MF	85025
GO_MF	85027
GO_MF	8503
GO_MF	8504
GO_MF	8505
GO_MF	8506
GO_MF	8507
GO_MF	8508
GO_MF	8509
GO_MF	8513
GO_MF	8514
GO_MF	8515
GO_MF	8516
GO_MF	8517
GO_MF	8518
GO_MF	8519
GO_MF	8520
GO_MF	8521
GO_MF	8522
GO_MF	85236
GO_MF	8525
GO_MF	8526
GO_MF	8527
GO_MF	8528
GO_MF	85285
GO_MF	85289
GO_MF	85291
GO_MF	85293
GO_MF	8530
GO_MF	85300
GO_MF	85301
GO_MF	85302
GO_MF	8531
GO_MF	85313
GO_MF	85315
GO_MF	85320
GO_MF	85329
GO_MF	8533
GO_MF	8534
GO_MF	8535
GO_MF	85352
GO_MF	85358
GO_MF	85359
GO_MF	8536
GO_MF	85360
GO_MF	85363
GO_MF	85364
GO_MF	85365
GO_MF	85366
GO_MF	85369
GO_MF	85377
GO_MF	85378
GO_MF	85379
GO_MF	8538
GO_MF	8539
GO_MF	85395
GO_MF	85397
GO_MF	8540
GO_MF	85403
GO_MF	85406
GO_MF	85407
GO_MF	85409
GO_MF	8541
GO_MF	85413
GO_MF	85414
GO_MF	85416
GO_MF	85417
GO_MF	8542
GO_MF	8543
GO_MF	85437
GO_MF	85438
GO_MF	85439
GO_MF	8544
GO_MF	85440
GO_MF	85441
GO_MF	85442
GO_MF	85443
GO_MF	85445
GO_MF	85446
GO_MF	85449
GO_MF	8545
GO_MF	85450
GO_MF	85451
GO_MF	85452
GO_MF	85453
GO_MF	85456
GO_MF	85457
GO_MF	85458
GO_MF	85459
GO_MF	8546
GO_MF	85460
GO_MF	85461
GO_MF	85462
GO_MF	85463
GO_MF	85464
GO_MF	85465
GO_MF	8547
GO_MF	85476
GO_MF	85477
GO_MF	85478
GO_MF	85479
GO_MF	8548
GO_MF	85480
GO_MF	85481
GO_MF	8549
GO_MF	85495
GO_MF	8550
GO_MF	85509
GO_MF	8553
GO_MF	8554
GO_MF	8555
GO_MF	8556
GO_MF	85569
GO_MF	8557
GO_MF	8558
GO_MF	8559
GO_MF	8560
GO_MF	8562
GO_MF	8563
GO_MF	8564
GO_MF	8565
GO_MF	8566
GO_MF	8567
GO_MF	8568
GO_MF	8569
GO_MF	857
GO_MF	8570
GO_MF	8572
GO_MF	8573
GO_MF	8574
GO_MF	8575
GO_MF	8576
GO_MF	8578
GO_MF	858
GO_MF	8581
GO_MF	85865
GO_MF	859
GO_MF	8590
GO_MF	86
GO_MF	860
GO_MF	8600
GO_MF	8601
GO_MF	8602
GO_MF	8604
GO_MF	8605
GO_MF	8607
GO_MF	8608
GO_MF	8609
GO_MF	8611
GO_MF	8612
GO_MF	8613
GO_MF	8614
GO_MF	8615
GO_MF	8618
GO_MF	862
GO_MF	8620
GO_MF	8621
GO_MF	8622
GO_MF	8623
GO_MF	8624
GO_MF	8625
GO_MF	8626
GO_MF	8629
GO_MF	863
GO_MF	8630
GO_MF	8631
GO_MF	8632
GO_MF	8633
GO_MF	8634
GO_MF	8635
GO_MF	8636
GO_MF	8638
GO_MF	8639
GO_MF	864
GO_MF	8642
GO_MF	8643
GO_MF	8644
GO_MF	8645
GO_MF	8646
GO_MF	8647
GO_MF	8648
GO_MF	8649
GO_MF	865
GO_MF	8650
GO_MF	8651
GO_MF	8653
GO_MF	8654
GO_MF	8655
GO_MF	8658
GO_MF	8659
GO_MF	866
GO_MF	8660
GO_MF	8661
GO_MF	8662
GO_MF	8664
GO_MF	8665
GO_MF	8666
GO_MF	8667
GO_MF	8668
GO_MF	8669
GO_MF	867
GO_MF	8671
GO_MF	8672
GO_MF	8673
GO_MF	8674
GO_MF	8675
GO_MF	8676
GO_MF	8677
GO_MF	8678
GO_MF	868
GO_MF	8682
GO_MF	8683
GO_MF	8685
GO_MF	8687
GO_MF	8688
GO_MF	8689
GO_MF	869
GO_MF	8690
GO_MF	8692
GO_MF	8694
GO_MF	8697
GO_MF	8698
GO_MF	87
GO_MF	8701
GO_MF	8702
GO_MF	8703
GO_MF	8704
GO_MF	8705
GO_MF	8706
GO_MF	8707
GO_MF	8708
GO_MF	871
GO_MF	8710
GO_MF	8712
GO_MF	8714
GO_MF	8715
GO_MF	8717
GO_MF	87178
GO_MF	8718
GO_MF	8720
GO_MF	8721
GO_MF	8722
GO_MF	8723
GO_MF	8725
GO_MF	8726
GO_MF	8727
GO_MF	8728
GO_MF	8729
GO_MF	873
GO_MF	8731
GO_MF	8732
GO_MF	8735
GO_MF	8736
GO_MF	8737
GO_MF	8738
GO_MF	8739
GO_MF	874
GO_MF	8740
GO_MF	8742
GO_MF	8743
GO_MF	8744
GO_MF	8745
GO_MF	8747
GO_MF	8748
GO_MF	8749
GO_MF	8751
GO_MF	8754
GO_MF	8756
GO_MF	8760
GO_MF	8761
GO_MF	8763
GO_MF	8764
GO_MF	8766
GO_MF	8767
GO_MF	8772
GO_MF	8773
GO_MF	8774
GO_MF	8775
GO_MF	8776
GO_MF	87769
GO_MF	8777
GO_MF	8778
GO_MF	8780
GO_MF	8784
GO_MF	8785
GO_MF	8786
GO_MF	8787
GO_MF	8788
GO_MF	8789
GO_MF	8790
GO_MF	8792
GO_MF	8793
GO_MF	8794
GO_MF	8795
GO_MF	8796
GO_MF	8797
GO_MF	8798
GO_MF	8799
GO_MF	88
GO_MF	8800
GO_MF	8801
GO_MF	8802
GO_MF	8803
GO_MF	8804
GO_MF	8805
GO_MF	8807
GO_MF	8808
GO_MF	8809
GO_MF	881
GO_MF	8811
GO_MF	8812
GO_MF	8813
GO_MF	8814
GO_MF	8815
GO_MF	8816
GO_MF	8817
GO_MF	8818
GO_MF	8819
GO_MF	8820
GO_MF	8821
GO_MF	8822
GO_MF	8823
GO_MF	8824
GO_MF	8825
GO_MF	8826
GO_MF	8828
GO_MF	8829
GO_MF	883
GO_MF	8831
GO_MF	8832
GO_MF	8833
GO_MF	8834
GO_MF	8835
GO_MF	8836
GO_MF	8837
GO_MF	8838
GO_MF	8839
GO_MF	8840
GO_MF	8841
GO_MF	8842
GO_MF	8843
GO_MF	8844
GO_MF	88455
GO_MF	8846
GO_MF	8848
GO_MF	885
GO_MF	8850
GO_MF	8851
GO_MF	8852
GO_MF	8853
GO_MF	8854
GO_MF	8856
GO_MF	8857
GO_MF	8858
GO_MF	8859
GO_MF	886
GO_MF	8861
GO_MF	8862
GO_MF	8863
GO_MF	8864
GO_MF	8867
GO_MF	8869
GO_MF	887
GO_MF	8870
GO_MF	8871
GO_MF	8872
GO_MF	8874
GO_MF	88745
GO_MF	8875
GO_MF	8876
GO_MF	8877
GO_MF	8878
GO_MF	8879
GO_MF	8880
GO_MF	8881
GO_MF	8882
GO_MF	8883
GO_MF	8884
GO_MF	8886
GO_MF	8887
GO_MF	8888
GO_MF	889
GO_MF	8890
GO_MF	8891
GO_MF	8892
GO_MF	8893
GO_MF	8894
GO_MF	8895
GO_MF	8896
GO_MF	8897
GO_MF	8898
GO_MF	8899
GO_MF	89
GO_MF	890
GO_MF	8900
GO_MF	8904
GO_MF	8905
GO_MF	8906
GO_MF	8907
GO_MF	8908
GO_MF	8909
GO_MF	891
GO_MF	8911
GO_MF	8912
GO_MF	89122
GO_MF	8913
GO_MF	8914
GO_MF	8915
GO_MF	892
GO_MF	8924
GO_MF	8925
GO_MF	8927
GO_MF	8928
GO_MF	8929
GO_MF	8930
GO_MF	8932
GO_MF	8934
GO_MF	8935
GO_MF	8936
GO_MF	8939
GO_MF	894
GO_MF	8940
GO_MF	8941
GO_MF	8942
GO_MF	8943
GO_MF	8945
GO_MF	896
GO_MF	8968
GO_MF	8969
GO_MF	8970
GO_MF	8971
GO_MF	8972
GO_MF	8973
GO_MF	8974
GO_MF	8975
GO_MF	8976
GO_MF	89765
GO_MF	89766
GO_MF	89777
GO_MF	89778
GO_MF	89781
GO_MF	89782
GO_MF	89790
GO_MF	89792
GO_MF	89795
GO_MF	89796
GO_MF	89797
GO_MF	898
GO_MF	89801
GO_MF	89822
GO_MF	89845
GO_MF	89846
GO_MF	89848
GO_MF	8985
GO_MF	89853
GO_MF	89857
GO_MF	8986
GO_MF	89866
GO_MF	89869
GO_MF	8987
GO_MF	89870
GO_MF	89872
GO_MF	89874
GO_MF	89876
GO_MF	89882
GO_MF	89884
GO_MF	89885
GO_MF	89887
GO_MF	8989
GO_MF	89890
GO_MF	89891
GO_MF	89894
GO_MF	899
GO_MF	8991
GO_MF	89910
GO_MF	8992
GO_MF	89927
GO_MF	8993
GO_MF	89932
GO_MF	8994
GO_MF	89941
GO_MF	89944
GO_MF	8995
GO_MF	89953
GO_MF	89958
GO_MF	8996
GO_MF	8997
GO_MF	89970
GO_MF	89978
GO_MF	8999
GO_MF	9
GO_MF	90
GO_MF	900
GO_MF	90007
GO_MF	9001
GO_MF	90019
GO_MF	9002
GO_MF	90025
GO_MF	90060
GO_MF	90070
GO_MF	90075
GO_MF	901
GO_MF	90102
GO_MF	90120
GO_MF	90121
GO_MF	9013
GO_MF	90134
GO_MF	90135
GO_MF	90139
GO_MF	9014
GO_MF	90141
GO_MF	9015
GO_MF	9016
GO_MF	90161
GO_MF	90167
GO_MF	90187
GO_MF	9019
GO_MF	90196
GO_MF	90199
GO_MF	902
GO_MF	9020
GO_MF	90203
GO_MF	90204
GO_MF	9021
GO_MF	9022
GO_MF	9023
GO_MF	90231
GO_MF	90233
GO_MF	9024
GO_MF	90249
GO_MF	9025
GO_MF	9026
GO_MF	90268
GO_MF	9027
GO_MF	9028
GO_MF	90288
GO_MF	90293
GO_MF	9031
GO_MF	90313
GO_MF	90317
GO_MF	9032
GO_MF	90321
GO_MF	90326
GO_MF	9033
GO_MF	90332
GO_MF	90333
GO_MF	90338
GO_MF	9034
GO_MF	90342
GO_MF	90355
GO_MF	90362
GO_MF	9037
GO_MF	90378
GO_MF	90379
GO_MF	9038
GO_MF	90381
GO_MF	9039
GO_MF	90390
GO_MF	904
GO_MF	9040
GO_MF	90407
GO_MF	90410
GO_MF	90411
GO_MF	90416
GO_MF	90417
GO_MF	90423
GO_MF	90427
GO_MF	9043
GO_MF	9044
GO_MF	90441
GO_MF	9045
GO_MF	90459
GO_MF	9046
GO_MF	9047
GO_MF	9048
GO_MF	90480
GO_MF	9049
GO_MF	905
GO_MF	90507
GO_MF	9051
GO_MF	9052
GO_MF	90522
GO_MF	90523
GO_MF	90525
GO_MF	90527
GO_MF	9053
GO_MF	9054
GO_MF	9055
GO_MF	90550
GO_MF	9056
GO_MF	9057
GO_MF	9058
GO_MF	90580
GO_MF	90589
GO_MF	90592
GO_MF	90594
GO_MF	9060
GO_MF	9061
GO_MF	90624
GO_MF	90625
GO_MF	90627
GO_MF	9063
GO_MF	90637
GO_MF	90639
GO_MF	9064
GO_MF	90655
GO_MF	9066
GO_MF	90673
GO_MF	90678
GO_MF	9068
GO_MF	9069
GO_MF	9070
GO_MF	90701
GO_MF	9071
GO_MF	9073
GO_MF	90736
GO_MF	90737
GO_MF	9074
GO_MF	9075
GO_MF	9076
GO_MF	9077
GO_MF	90780
GO_MF	9079
GO_MF	90799
GO_MF	908
GO_MF	9080
GO_MF	90806
GO_MF	90809
GO_MF	90826
GO_MF	90827
GO_MF	9083
GO_MF	90843
GO_MF	9085
GO_MF	90850
GO_MF	90853
GO_MF	9086
GO_MF	90861
GO_MF	90864
GO_MF	90865
GO_MF	9087
GO_MF	90874
GO_MF	909
GO_MF	9091
GO_MF	9092
GO_MF	9093
GO_MF	90933
GO_MF	9094
GO_MF	9095
GO_MF	90952
GO_MF	90956
GO_MF	90957
GO_MF	9096
GO_MF	9097
GO_MF	9098
GO_MF	90987
GO_MF	9099
GO_MF	90990
GO_MF	90993
GO_MF	91
GO_MF	910
GO_MF	9100
GO_MF	9101
GO_MF	91010
GO_MF	91012
GO_MF	9103
GO_MF	91039
GO_MF	9104
GO_MF	91057
GO_MF	9107
GO_MF	9108
GO_MF	911
GO_MF	9110
GO_MF	91107
GO_MF	9111
GO_MF	9112
GO_MF	91120
GO_MF	9113
GO_MF	91133
GO_MF	91137
GO_MF	9114
GO_MF	91147
GO_MF	91151
GO_MF	91156
GO_MF	9117
GO_MF	91179
GO_MF	9118
GO_MF	9119
GO_MF	912
GO_MF	9120
GO_MF	9121
GO_MF	9122
GO_MF	9123
GO_MF	9124
GO_MF	9125
GO_MF	91252
GO_MF	9126
GO_MF	9127
GO_MF	91272
GO_MF	9128
GO_MF	91283
GO_MF	91289
GO_MF	9129
GO_MF	91298
GO_MF	913
GO_MF	9130
GO_MF	91300
GO_MF	9131
GO_MF	91319
GO_MF	9132
GO_MF	9133
GO_MF	9134
GO_MF	9135
GO_MF	91351
GO_MF	9136
GO_MF	91368
GO_MF	91369
GO_MF	91373
GO_MF	9138
GO_MF	9139
GO_MF	91392
GO_MF	914
GO_MF	9140
GO_MF	91404
GO_MF	91408
GO_MF	91409
GO_MF	9141
GO_MF	91419
GO_MF	9143
GO_MF	91433
GO_MF	9144
GO_MF	91445
GO_MF	9145
GO_MF	91452
GO_MF	9146
GO_MF	91461
GO_MF	91464
GO_MF	9147
GO_MF	9148
GO_MF	9149
GO_MF	915
GO_MF	9150
GO_MF	9152
GO_MF	91522
GO_MF	91523
GO_MF	91526
GO_MF	9153
GO_MF	9154
GO_MF	91543
GO_MF	91544
GO_MF	9156
GO_MF	91574
GO_MF	9158
GO_MF	91582
GO_MF	91584
GO_MF	9159
GO_MF	916
GO_MF	91603
GO_MF	91607
GO_MF	91608
GO_MF	91612
GO_MF	91614
GO_MF	9162
GO_MF	91624
GO_MF	91646
GO_MF	91647
GO_MF	91653
GO_MF	9166
GO_MF	91661
GO_MF	91662
GO_MF	91663
GO_MF	9167
GO_MF	9168
GO_MF	91683
GO_MF	91687
GO_MF	91689
GO_MF	9169
GO_MF	91694
GO_MF	917
GO_MF	9170
GO_MF	91703
GO_MF	9172
GO_MF	9173
GO_MF	91734
GO_MF	91746
GO_MF	91748
GO_MF	91749
GO_MF	9175
GO_MF	91750
GO_MF	91752
GO_MF	91754
GO_MF	91768
GO_MF	9177
GO_MF	91775
GO_MF	91782
GO_MF	9179
GO_MF	9180
GO_MF	91801
GO_MF	91807
GO_MF	9181
GO_MF	9182
GO_MF	91828
GO_MF	9183
GO_MF	91833
GO_MF	9184
GO_MF	9185
GO_MF	91851
GO_MF	91860
GO_MF	91862
GO_MF	91869
GO_MF	9187
GO_MF	91875
GO_MF	9188
GO_MF	9189
GO_MF	91893
GO_MF	919
GO_MF	9191
GO_MF	91937
GO_MF	9194
GO_MF	91942
GO_MF	91947
GO_MF	91949
GO_MF	9196
GO_MF	9197
GO_MF	91975
GO_MF	91977
GO_MF	91978
GO_MF	92
GO_MF	920
GO_MF	9200
GO_MF	92002
GO_MF	9201
GO_MF	92014
GO_MF	92017
GO_MF	9202
GO_MF	9203
GO_MF	9204
GO_MF	9205
GO_MF	92070
GO_MF	9208
GO_MF	9209
GO_MF	921
GO_MF	9210
GO_MF	92104
GO_MF	92105
GO_MF	92106
GO_MF	9211
GO_MF	9212
GO_MF	92126
GO_MF	92129
GO_MF	9213
GO_MF	9214
GO_MF	92140
GO_MF	9215
GO_MF	92154
GO_MF	92162
GO_MF	9217
GO_MF	92170
GO_MF	9218
GO_MF	92181
GO_MF	9219
GO_MF	92196
GO_MF	9221
GO_MF	92211
GO_MF	9223
GO_MF	92235
GO_MF	92241
GO_MF	92259
GO_MF	9227
GO_MF	9228
GO_MF	92283
GO_MF	92285
GO_MF	9229
GO_MF	92291
GO_MF	92292
GO_MF	92293
GO_MF	923
GO_MF	9230
GO_MF	92304
GO_MF	92305
GO_MF	9231
GO_MF	92312
GO_MF	92335
GO_MF	92342
GO_MF	92344
GO_MF	92345
GO_MF	92346
GO_MF	9235
GO_MF	92359
GO_MF	92369
GO_MF	92370
GO_MF	9238
GO_MF	92399
GO_MF	924
GO_MF	9240
GO_MF	92400
GO_MF	9241
GO_MF	9242
GO_MF	92421
GO_MF	9244
GO_MF	9245
GO_MF	9246
GO_MF	9247
GO_MF	9248
GO_MF	92482
GO_MF	92483
GO_MF	9249
GO_MF	925
GO_MF	9252
GO_MF	9253
GO_MF	9254
GO_MF	9255
GO_MF	92552
GO_MF	92558
GO_MF	9256
GO_MF	92565
GO_MF	92579
GO_MF	9258
GO_MF	92591
GO_MF	92595
GO_MF	92597
GO_MF	926
GO_MF	9260
GO_MF	92609
GO_MF	9261
GO_MF	92610
GO_MF	9262
GO_MF	9263
GO_MF	9265
GO_MF	9266
GO_MF	92667
GO_MF	9267
GO_MF	92675
GO_MF	92689
GO_MF	9270
GO_MF	9271
GO_MF	92714
GO_MF	92715
GO_MF	92736
GO_MF	92737
GO_MF	9274
GO_MF	92745
GO_MF	92747
GO_MF	92749
GO_MF	9275
GO_MF	9276
GO_MF	9277
GO_MF	9278
GO_MF	92797
GO_MF	92799
GO_MF	928
GO_MF	92806
GO_MF	92815
GO_MF	9282
GO_MF	92822
GO_MF	9283
GO_MF	92840
GO_MF	92856
GO_MF	9287
GO_MF	9288
GO_MF	9289
GO_MF	929
GO_MF	9290
GO_MF	92906
GO_MF	92912
GO_MF	92922
GO_MF	9293
GO_MF	92935
GO_MF	9294
GO_MF	92949
GO_MF	9295
GO_MF	9296
GO_MF	92960
GO_MF	92979
GO_MF	92999
GO_MF	93
GO_MF	93010
GO_MF	93034
GO_MF	93035
GO_MF	93058
GO_MF	9306
GO_MF	9308
GO_MF	93082
GO_MF	93099
GO_MF	931
GO_MF	9310
GO_MF	93100
GO_MF	93107
GO_MF	93109
GO_MF	9312
GO_MF	93129
GO_MF	9313
GO_MF	93134
GO_MF	9314
GO_MF	93145
GO_MF	9315
GO_MF	93166
GO_MF	9317
GO_MF	9318
GO_MF	93183
GO_MF	93185
GO_MF	9319
GO_MF	932
GO_MF	9320
GO_MF	9321
GO_MF	93210
GO_MF	9322
GO_MF	9324
GO_MF	9325
GO_MF	9326
GO_MF	93273
GO_MF	9328
GO_MF	9329
GO_MF	933
GO_MF	9330
GO_MF	9331
GO_MF	9332
GO_MF	93323
GO_MF	9333
GO_MF	9334
GO_MF	93343
GO_MF	93349
GO_MF	9337
GO_MF	9338
GO_MF	93380
GO_MF	9340
GO_MF	93408
GO_MF	9341
GO_MF	9342
GO_MF	93426
GO_MF	9343
GO_MF	93432
GO_MF	9344
GO_MF	93474
GO_MF	9348
GO_MF	93487
GO_MF	9349
GO_MF	9350
GO_MF	9351
GO_MF	93517
GO_MF	9352
GO_MF	9353
GO_MF	9354
GO_MF	9355
GO_MF	93550
GO_MF	93556
GO_MF	9356
GO_MF	9358
GO_MF	93587
GO_MF	93589
GO_MF	93594
GO_MF	9360
GO_MF	9361
GO_MF	93611
GO_MF	9362
GO_MF	93621
GO_MF	93622
GO_MF	93624
GO_MF	93627
GO_MF	9363
GO_MF	9364
GO_MF	93643
GO_MF	93649
GO_MF	9365
GO_MF	93661
GO_MF	93663
GO_MF	93664
GO_MF	9367
GO_MF	9368
GO_MF	9369
GO_MF	9370
GO_MF	9371
GO_MF	9372
GO_MF	9373
GO_MF	9374
GO_MF	9376
GO_MF	9377
GO_MF	9378
GO_MF	9379
GO_MF	9380
GO_MF	9381
GO_MF	9382
GO_MF	9388
GO_MF	9389
GO_MF	939
GO_MF	9390
GO_MF	9391
GO_MF	9392
GO_MF	9394
GO_MF	93953
GO_MF	9397
GO_MF	93973
GO_MF	93974
GO_MF	93979
GO_MF	9398
GO_MF	93986
GO_MF	9399
GO_MF	94
GO_MF	940
GO_MF	9400
GO_MF	94005
GO_MF	9401
GO_MF	94015
GO_MF	9402
GO_MF	94025
GO_MF	94026
GO_MF	9403
GO_MF	94030
GO_MF	94031
GO_MF	94032
GO_MF	94039
GO_MF	9404
GO_MF	94056
GO_MF	94059
GO_MF	9406
GO_MF	9407
GO_MF	94081
GO_MF	94086
GO_MF	9409
GO_MF	94097
GO_MF	941
GO_MF	9410
GO_MF	94101
GO_MF	94103
GO_MF	94104
GO_MF	94107
GO_MF	9411
GO_MF	9412
GO_MF	94120
GO_MF	94121
GO_MF	94122
GO_MF	9413
GO_MF	94134
GO_MF	9414
GO_MF	9415
GO_MF	9416
GO_MF	94160
GO_MF	9419
GO_MF	942
GO_MF	9420
GO_MF	9421
GO_MF	9422
GO_MF	9423
GO_MF	94233
GO_MF	94234
GO_MF	94235
GO_MF	94239
GO_MF	9424
GO_MF	94240
GO_MF	94241
GO_MF	9425
GO_MF	9427
GO_MF	94274
GO_MF	9429
GO_MF	943
GO_MF	9435
GO_MF	9436
GO_MF	9437
GO_MF	9439
GO_MF	944
GO_MF	9440
GO_MF	9441
GO_MF	9442
GO_MF	9443
GO_MF	9444
GO_MF	9445
GO_MF	9446
GO_MF	9447
GO_MF	9448
GO_MF	945
GO_MF	9450
GO_MF	9451
GO_MF	9452
GO_MF	9453
GO_MF	9454
GO_MF	9455
GO_MF	9456
GO_MF	9457
GO_MF	9459
GO_MF	9462
GO_MF	9463
GO_MF	9464
GO_MF	9465
GO_MF	9466
GO_MF	9467
GO_MF	9468
GO_MF	9469
GO_MF	947
GO_MF	9470
GO_MF	9472
GO_MF	9473
GO_MF	9474
GO_MF	9475
GO_MF	9476
GO_MF	9477
GO_MF	9478
GO_MF	9479
GO_MF	948
GO_MF	9480
GO_MF	9481
GO_MF	9482
GO_MF	9486
GO_MF	9487
GO_MF	9488
GO_MF	9489
GO_MF	949
GO_MF	9491
GO_MF	9493
GO_MF	9495
GO_MF	9496
GO_MF	9497
GO_MF	9498
GO_MF	9499
GO_MF	95
GO_MF	950
GO_MF	9500
GO_MF	9501
GO_MF	9502
GO_MF	9506
GO_MF	9507
GO_MF	9508
GO_MF	9509
GO_MF	951
GO_MF	9510
GO_MF	9512
GO_MF	9513
GO_MF	9514
GO_MF	9515
GO_MF	9516
GO_MF	9517
GO_MF	9518
GO_MF	9519
GO_MF	952
GO_MF	9520
GO_MF	9521
GO_MF	9522
GO_MF	9524
GO_MF	9525
GO_MF	9526
GO_MF	9527
GO_MF	9528
GO_MF	9529
GO_MF	953
GO_MF	9530
GO_MF	9531
GO_MF	9532
GO_MF	9533
GO_MF	9534
GO_MF	9535
GO_MF	9536
GO_MF	9538
GO_MF	954
GO_MF	9540
GO_MF	9541
GO_MF	9542
GO_MF	9545
GO_MF	9546
GO_MF	9547
GO_MF	955
GO_MF	9550
GO_MF	9551
GO_MF	9552
GO_MF	9553
GO_MF	9554
GO_MF	9555
GO_MF	9556
GO_MF	9557
GO_MF	9559
GO_MF	956
GO_MF	9562
GO_MF	9563
GO_MF	9564
GO_MF	9567
GO_MF	9568
GO_MF	95681
GO_MF	9569
GO_MF	957
GO_MF	9570
GO_MF	9573
GO_MF	9575
GO_MF	9576
GO_MF	9577
GO_MF	9578
GO_MF	958
GO_MF	9580
GO_MF	9581
GO_MF	9582
GO_MF	9583
GO_MF	9584
GO_MF	9585
GO_MF	9586
GO_MF	9587
GO_MF	9588
GO_MF	9589
GO_MF	959
GO_MF	9590
GO_MF	9592
GO_MF	9595
GO_MF	9597
GO_MF	960
GO_MF	9600
GO_MF	9601
GO_MF	9603
GO_MF	9604
GO_MF	9605
GO_MF	9607
GO_MF	9609
GO_MF	961
GO_MF	9610
GO_MF	9611
GO_MF	9612
GO_MF	9615
GO_MF	9616
GO_MF	9617
GO_MF	9618
GO_MF	9619
GO_MF	962
GO_MF	9620
GO_MF	9622
GO_MF	9623
GO_MF	9625
GO_MF	9626
GO_MF	9627
GO_MF	9628
GO_MF	963
GO_MF	9630
GO_MF	9631
GO_MF	9632
GO_MF	9633
GO_MF	9635
GO_MF	9636
GO_MF	9637
GO_MF	9638
GO_MF	9639
GO_MF	9640
GO_MF	9641
GO_MF	9643
GO_MF	9644
GO_MF	9645
GO_MF	96459
GO_MF	9646
GO_MF	9647
GO_MF	9648
GO_MF	9649
GO_MF	965
GO_MF	9650
GO_MF	9651
GO_MF	9652
GO_MF	9653
GO_MF	9654
GO_MF	9655
GO_MF	9656
GO_MF	9657
GO_MF	9658
GO_MF	9659
GO_MF	966
GO_MF	9662
GO_MF	9663
GO_MF	9665
GO_MF	9666
GO_MF	9667
GO_MF	9668
GO_MF	9669
GO_MF	967
GO_MF	9670
GO_MF	9671
GO_MF	9672
GO_MF	9673
GO_MF	9675
GO_MF	96764
GO_MF	9677
GO_MF	9678
GO_MF	9679
GO_MF	968
GO_MF	9681
GO_MF	9682
GO_MF	9683
GO_MF	9684
GO_MF	9685
GO_MF	9686
GO_MF	9688
GO_MF	9689
GO_MF	969
GO_MF	9690
GO_MF	9692
GO_MF	9693
GO_MF	9694
GO_MF	9695
GO_MF	9696
GO_MF	9697
GO_MF	9698
GO_MF	9699
GO_MF	97
GO_MF	970
GO_MF	9700
GO_MF	9701
GO_MF	9702
GO_MF	9703
GO_MF	9704
GO_MF	9705
GO_MF	9706
GO_MF	9708
GO_MF	9709
GO_MF	971
GO_MF	9710
GO_MF	9711
GO_MF	9712
GO_MF	9715
GO_MF	9716
GO_MF	9717
GO_MF	9718
GO_MF	9719
GO_MF	972
GO_MF	9720
GO_MF	9721
GO_MF	9722
GO_MF	9724
GO_MF	9725
GO_MF	9726
GO_MF	9727
GO_MF	9728
GO_MF	9729
GO_MF	973
GO_MF	9730
GO_MF	9731
GO_MF	9732
GO_MF	9733
GO_MF	9734
GO_MF	9735
GO_MF	9736
GO_MF	9737
GO_MF	9738
GO_MF	9739
GO_MF	974
GO_MF	9741
GO_MF	9742
GO_MF	9743
GO_MF	9744
GO_MF	9745
GO_MF	9746
GO_MF	9747
GO_MF	9748
GO_MF	9749
GO_MF	975
GO_MF	9750
GO_MF	9751
GO_MF	9752
GO_MF	9753
GO_MF	9754
GO_MF	9755
GO_MF	9757
GO_MF	9758
GO_MF	9759
GO_MF	976
GO_MF	9760
GO_MF	9761
GO_MF	9765
GO_MF	9766
GO_MF	9767
GO_MF	9768
GO_MF	977
GO_MF	9770
GO_MF	9771
GO_MF	9772
GO_MF	9774
GO_MF	9775
GO_MF	9776
GO_MF	9777
GO_MF	9778
GO_MF	9779
GO_MF	978
GO_MF	9780
GO_MF	9781
GO_MF	9782
GO_MF	9783
GO_MF	9784
GO_MF	9785
GO_MF	9786
GO_MF	9787
GO_MF	9788
GO_MF	9789
GO_MF	9790
GO_MF	9791
GO_MF	9792
GO_MF	9793
GO_MF	9794
GO_MF	9796
GO_MF	9797
GO_MF	9798
GO_MF	98
GO_MF	9801
GO_MF	9802
GO_MF	9804
GO_MF	9805
GO_MF	9806
GO_MF	9807
GO_MF	9810
GO_MF	9811
GO_MF	9812
GO_MF	9813
GO_MF	9814
GO_MF	9815
GO_MF	9817
GO_MF	9818
GO_MF	9819
GO_MF	9820
GO_MF	9821
GO_MF	9824
GO_MF	9825
GO_MF	9826
GO_MF	9827
GO_MF	9828
GO_MF	9829
GO_MF	983
GO_MF	9830
GO_MF	9831
GO_MF	9832
GO_MF	9833
GO_MF	9836
GO_MF	9837
GO_MF	9839
GO_MF	9840
GO_MF	9841
GO_MF	9842
GO_MF	9843
GO_MF	9844
GO_MF	9846
GO_MF	9847
GO_MF	9848
GO_MF	9849
GO_MF	9851
GO_MF	9852
GO_MF	9853
GO_MF	9854
GO_MF	9855
GO_MF	9856
GO_MF	9857
GO_MF	9858
GO_MF	9859
GO_MF	9860
GO_MF	9861
GO_MF	9862
GO_MF	9863
GO_MF	9865
GO_MF	9866
GO_MF	9867
GO_MF	9868
GO_MF	9869
GO_MF	987
GO_MF	9870
GO_MF	9871
GO_MF	9873
GO_MF	9874
GO_MF	9875
GO_MF	9878
GO_MF	9879
GO_MF	988
GO_MF	9880
GO_MF	9882
GO_MF	9883
GO_MF	9885
GO_MF	9886
GO_MF	9887
GO_MF	9889
GO_MF	989
GO_MF	9890
GO_MF	9891
GO_MF	9892
GO_MF	9894
GO_MF	9895
GO_MF	9896
GO_MF	9897
GO_MF	9898
GO_MF	9899
GO_MF	990
GO_MF	9900
GO_MF	9901
GO_MF	9902
GO_MF	9903
GO_MF	9904
GO_MF	9905
GO_MF	9906
GO_MF	9907
GO_MF	9908
GO_MF	9909
GO_MF	991
GO_MF	9910
GO_MF	9911
GO_MF	9912
GO_MF	9913
GO_MF	9914
GO_MF	9915
GO_MF	9917
GO_MF	9918
GO_MF	9919
GO_MF	9921
GO_MF	9922
GO_MF	9923
GO_MF	9924
GO_MF	9925
GO_MF	9926
GO_MF	9927
GO_MF	9928
GO_MF	9929
GO_MF	993
GO_MF	9931
GO_MF	9933
GO_MF	9934
GO_MF	9935
GO_MF	9937
GO_MF	9938
GO_MF	9939
GO_MF	994
GO_MF	9940
GO_MF	9941
GO_MF	9942
GO_MF	9943
GO_MF	9945
GO_MF	9946
GO_MF	9947
GO_MF	9948
GO_MF	9949
GO_MF	995
GO_MF	9950
GO_MF	9951
GO_MF	9953
GO_MF	9955
GO_MF	9956
GO_MF	9957
GO_MF	9958
GO_MF	996
GO_MF	9960
GO_MF	9961
GO_MF	9962
GO_MF	9963
GO_MF	9965
GO_MF	9966
GO_MF	9967
GO_MF	9968
GO_MF	9969
GO_MF	997
GO_MF	9970
GO_MF	9971
GO_MF	9972
GO_MF	9973
GO_MF	9975
GO_MF	9976
GO_MF	9978
GO_MF	998
GO_MF	9980
GO_MF	9982
GO_MF	9984
GO_MF	9985
GO_MF	9986
GO_MF	9987
GO_MF	9988
GO_MF	9989
GO_MF	999
GO_MF	9990
GO_MF	9991
GO_MF	9992
GO_MF	9993
GO_MF	9994
GO_MF	9997
Reactome	1
Reactome	10
Reactome	100
Reactome	1000
Reactome	10000
Reactome	10001
Reactome	10002
Reactome	10003
Reactome	10005
Reactome	10006
Reactome	10007
Reactome	10008
Reactome	10009
Reactome	1001
Reactome	10010
Reactome	100128731
Reactome	10013
Reactome	100131187
Reactome	100131801
Reactome	100131827
Reactome	100131980
Reactome	100133941
Reactome	10014
Reactome	100170841
Reactome	10018
Reactome	10019
Reactome	1002
Reactome	10020
Reactome	10021
Reactome	10022
Reactome	10023
Reactome	10025
Reactome	10026
Reactome	100271715
Reactome	100272147
Reactome	100287932
Reactome	100289635
Reactome	1003
Reactome	100303755
Reactome	10038
Reactome	1004
Reactome	10043
Reactome	10046
Reactome	10048
Reactome	10049
Reactome	1005
Reactome	100507436
Reactome	10051
Reactome	10052
Reactome	10053
Reactome	10054
Reactome	10055
Reactome	10056
Reactome	10057
Reactome	10058
Reactome	10059
Reactome	1006
Reactome	10060
Reactome	10061
Reactome	10062
Reactome	10063
Reactome	10068
Reactome	1007
Reactome	10071
Reactome	10072
Reactome	10073
Reactome	10075
Reactome	10076
Reactome	10079
Reactome	1008
Reactome	10081
Reactome	10082
Reactome	10083
Reactome	10084
Reactome	10085
Reactome	100861532
Reactome	10087
Reactome	10089
Reactome	1009
Reactome	10090
Reactome	10092
Reactome	10093
Reactome	10094
Reactome	10095
Reactome	10096
Reactome	10097
Reactome	10098
Reactome	101
Reactome	1010
Reactome	10101
Reactome	10102
Reactome	10106
Reactome	10107
Reactome	10109
Reactome	10110
Reactome	10111
Reactome	10112
Reactome	10113
Reactome	10116
Reactome	10117
Reactome	1012
Reactome	10120
Reactome	10121
Reactome	10123
Reactome	10125
Reactome	10126
Reactome	10127
Reactome	10128
Reactome	1013
Reactome	10130
Reactome	10131
Reactome	10133
Reactome	10134
Reactome	10135
Reactome	10138
Reactome	10139
Reactome	10142
Reactome	10144
Reactome	10146
Reactome	10148
Reactome	1015
Reactome	10152
Reactome	10154
Reactome	10155
Reactome	10156
Reactome	10157
Reactome	10159
Reactome	1016
Reactome	10160
Reactome	10161
Reactome	10162
Reactome	10163
Reactome	10164
Reactome	10165
Reactome	10166
Reactome	10168
Reactome	1017
Reactome	10170
Reactome	10171
Reactome	10172
Reactome	10174
Reactome	10175
Reactome	10179
Reactome	10181
Reactome	10184
Reactome	10188
Reactome	10189
Reactome	1019
Reactome	10193
Reactome	10195
Reactome	10196
Reactome	10197
Reactome	10199
Reactome	102
Reactome	1020
Reactome	10200
Reactome	10203
Reactome	10206
Reactome	10207
Reactome	1021
Reactome	10210
Reactome	10212
Reactome	10213
Reactome	102157402
Reactome	10219
Reactome	1022
Reactome	10221
Reactome	10224
Reactome	10225
Reactome	10226
Reactome	10228
Reactome	10229
Reactome	10232
Reactome	10235
Reactome	10236
Reactome	10238
Reactome	1024
Reactome	10240
Reactome	10242
Reactome	10243
Reactome	10244
Reactome	10245
Reactome	10247
Reactome	10248
Reactome	10249
Reactome	1025
Reactome	10250
Reactome	10252
Reactome	10253
Reactome	10254
Reactome	10256
Reactome	10257
Reactome	1026
Reactome	10260
Reactome	10266
Reactome	10267
Reactome	10268
Reactome	1027
Reactome	10272
Reactome	10273
Reactome	10274
Reactome	10276
Reactome	1028
Reactome	10280
Reactome	10282
Reactome	10283
Reactome	10284
Reactome	10285
Reactome	10286
Reactome	10287
Reactome	1029
Reactome	10291
Reactome	10293
Reactome	10294
Reactome	10295
Reactome	10296
Reactome	10298
Reactome	10299
Reactome	103
Reactome	1030
Reactome	10302
Reactome	10308
Reactome	1031
Reactome	10312
Reactome	10313
Reactome	10316
Reactome	10317
Reactome	10318
Reactome	10319
Reactome	1032
Reactome	10320
Reactome	10321
Reactome	10324
Reactome	10325
Reactome	10326
Reactome	10327
Reactome	10329
Reactome	10331
Reactome	10332
Reactome	10333
Reactome	10335
Reactome	10342
Reactome	10345
Reactome	10346
Reactome	10347
Reactome	10350
Reactome	10351
Reactome	10352
Reactome	1036
Reactome	10361
Reactome	10362
Reactome	10367
Reactome	10368
Reactome	10369
Reactome	10370
Reactome	10371
Reactome	10376
Reactome	10379
Reactome	10380
Reactome	10382
Reactome	10384
Reactome	10385
Reactome	10388
Reactome	10390
Reactome	103910
Reactome	10392
Reactome	10393
Reactome	10394
Reactome	10395
Reactome	10396
Reactome	10397
Reactome	10398
Reactome	10399
Reactome	104
Reactome	1040
Reactome	10400
Reactome	10401
Reactome	10402
Reactome	10403
Reactome	10406
Reactome	10409
Reactome	1041
Reactome	10411
Reactome	10413
Reactome	10417
Reactome	10418
Reactome	10419
Reactome	10421
Reactome	10422
Reactome	10423
Reactome	10424
Reactome	10425
Reactome	10426
Reactome	10427
Reactome	1043
Reactome	10432
Reactome	10434
Reactome	10435
Reactome	10436
Reactome	10437
Reactome	10438
Reactome	10440
Reactome	10445
Reactome	10447
Reactome	10449
Reactome	1045
Reactome	10450
Reactome	10451
Reactome	10452
Reactome	10454
Reactome	10455
Reactome	10457
Reactome	10458
Reactome	10459
Reactome	10460
Reactome	10461
Reactome	10462
Reactome	10465
Reactome	10466
Reactome	10468
Reactome	10469
Reactome	10471
Reactome	10474
Reactome	10475
Reactome	10476
Reactome	10477
Reactome	10478
Reactome	10479
Reactome	1048
Reactome	10480
Reactome	10482
Reactome	10484
Reactome	10486
Reactome	10487
Reactome	10488
Reactome	10489
Reactome	10490
Reactome	10491
Reactome	10493
Reactome	10497
Reactome	10498
Reactome	10499
Reactome	1050
Reactome	10505
Reactome	10507
Reactome	1051
Reactome	10514
Reactome	10516
Reactome	10517
Reactome	10518
Reactome	1052
Reactome	10520
Reactome	10521
Reactome	10523
Reactome	10525
Reactome	10526
Reactome	10527
Reactome	10528
Reactome	1053
Reactome	10531
Reactome	10533
Reactome	10536
Reactome	10538
Reactome	10539
Reactome	1054
Reactome	10540
Reactome	10542
Reactome	10544
Reactome	10549
Reactome	10550
Reactome	10552
Reactome	10554
Reactome	10555
Reactome	10556
Reactome	10557
Reactome	10558
Reactome	10559
Reactome	1056
Reactome	10560
Reactome	10561
Reactome	10562
Reactome	10563
Reactome	10564
Reactome	10568
Reactome	10569
Reactome	10570
Reactome	10573
Reactome	10574
Reactome	10575
Reactome	10576
Reactome	10577
Reactome	10578
Reactome	1058
Reactome	10580
Reactome	10584
Reactome	10585
Reactome	10587
Reactome	10589
Reactome	10591
Reactome	10592
Reactome	10594
Reactome	10599
Reactome	1060
Reactome	10600
Reactome	10602
Reactome	10603
Reactome	10605
Reactome	10606
Reactome	10607
Reactome	10608
Reactome	10610
Reactome	10611
Reactome	10612
Reactome	10613
Reactome	10616
Reactome	10617
Reactome	10618
Reactome	1062
Reactome	10621
Reactome	10622
Reactome	10623
Reactome	10627
Reactome	10628
Reactome	10629
Reactome	1063
Reactome	10630
Reactome	10632
Reactome	10635
Reactome	10636
Reactome	10637
Reactome	10640
Reactome	10641
Reactome	10642
Reactome	10643
Reactome	10644
Reactome	10645
Reactome	10650
Reactome	10651
Reactome	10652
Reactome	10653
Reactome	10654
Reactome	10656
Reactome	10657
Reactome	10663
Reactome	10664
Reactome	10666
Reactome	10667
Reactome	10670
Reactome	10671
Reactome	10672
Reactome	10673
Reactome	10675
Reactome	10678
Reactome	1068
Reactome	10681
Reactome	10682
Reactome	10683
Reactome	10686
Reactome	1069
Reactome	10690
Reactome	10692
Reactome	10693
Reactome	10694
Reactome	10695
Reactome	10699
Reactome	107
Reactome	1071
Reactome	10713
Reactome	10714
Reactome	10717
Reactome	10718
Reactome	1072
Reactome	10721
Reactome	10723
Reactome	10726
Reactome	10728
Reactome	10730
Reactome	10733
Reactome	10734
Reactome	10735
Reactome	10736
Reactome	10743
Reactome	10747
Reactome	10749
Reactome	1075
Reactome	10752
Reactome	10753
Reactome	10755
Reactome	10762
Reactome	10765
Reactome	10767
Reactome	10768
Reactome	10769
Reactome	10772
Reactome	10775
Reactome	10776
Reactome	10780
Reactome	10781
Reactome	10782
Reactome	10783
Reactome	10785
Reactome	10787
Reactome	10788
Reactome	10793
Reactome	10794
Reactome	10795
Reactome	10797
Reactome	10798
Reactome	10799
Reactome	108
Reactome	1080
Reactome	10800
Reactome	10802
Reactome	10803
Reactome	10804
Reactome	10806
Reactome	10808
Reactome	10809
Reactome	1081
Reactome	10810
Reactome	10811
Reactome	10813
Reactome	10815
Reactome	10817
Reactome	10818
Reactome	10825
Reactome	10827
Reactome	1084
Reactome	10840
Reactome	10841
Reactome	10844
Reactome	10845
Reactome	10846
Reactome	10848
Reactome	10849
Reactome	10850
Reactome	10855
Reactome	10856
Reactome	10857
Reactome	10858
Reactome	10861
Reactome	10864
Reactome	10868
Reactome	10869
Reactome	1087
Reactome	10870
Reactome	10873
Reactome	10874
Reactome	10875
Reactome	10877
Reactome	10878
Reactome	1088
Reactome	10884
Reactome	10885
Reactome	10886
Reactome	10888
Reactome	10890
Reactome	10891
Reactome	10893
Reactome	10894
Reactome	10897
Reactome	10898
Reactome	109
Reactome	10902
Reactome	10905
Reactome	10907
Reactome	10908
Reactome	10910
Reactome	10911
Reactome	10913
Reactome	10914
Reactome	10915
Reactome	10916
Reactome	10919
Reactome	10920
Reactome	10921
Reactome	10926
Reactome	10928
Reactome	10929
Reactome	10930
Reactome	10933
Reactome	10935
Reactome	10938
Reactome	10939
Reactome	10940
Reactome	10942
Reactome	10943
Reactome	10945
Reactome	10946
Reactome	10948
Reactome	10949
Reactome	10951
Reactome	10952
Reactome	10954
Reactome	10955
Reactome	10956
Reactome	10959
Reactome	10960
Reactome	10963
Reactome	10964
Reactome	10966
Reactome	10969
Reactome	10970
Reactome	10971
Reactome	10972
Reactome	10973
Reactome	10974
Reactome	10975
Reactome	10978
Reactome	10979
Reactome	10980
Reactome	10981
Reactome	10985
Reactome	10987
Reactome	10988
Reactome	10989
Reactome	10990
Reactome	10991
Reactome	10992
Reactome	10993
Reactome	10998
Reactome	10999
Reactome	11000
Reactome	11001
Reactome	11004
Reactome	11005
Reactome	11006
Reactome	11009
Reactome	11010
Reactome	11014
Reactome	11015
Reactome	11017
Reactome	11019
Reactome	11020
Reactome	11021
Reactome	11022
Reactome	11024
Reactome	11026
Reactome	11027
Reactome	1103
Reactome	11031
Reactome	11033
Reactome	11035
Reactome	11037
Reactome	1104
Reactome	11041
Reactome	11044
Reactome	11045
Reactome	11046
Reactome	11047
Reactome	1105
Reactome	11051
Reactome	11052
Reactome	11056
Reactome	11059
Reactome	11060
Reactome	11064
Reactome	11065
Reactome	11066
Reactome	1107
Reactome	11070
Reactome	11073
Reactome	11074
Reactome	11075
Reactome	11078
Reactome	1108
Reactome	11081
Reactome	11083
Reactome	11085
Reactome	1109
Reactome	11091
Reactome	11093
Reactome	11095
Reactome	11096
Reactome	11097
Reactome	11098
Reactome	111
Reactome	11100
Reactome	11102
Reactome	11103
Reactome	11105
Reactome	11108
Reactome	1111
Reactome	11112
Reactome	11113
Reactome	11116
Reactome	11117
Reactome	11118
Reactome	11119
Reactome	11120
Reactome	11123
Reactome	11126
Reactome	11127
Reactome	11128
Reactome	1113
Reactome	11130
Reactome	11131
Reactome	11132
Reactome	11133
Reactome	11135
Reactome	11136
Reactome	1114
Reactome	11140
Reactome	11141
Reactome	11143
Reactome	11144
Reactome	11145
Reactome	11146
Reactome	11151
Reactome	11152
Reactome	11154
Reactome	11157
Reactome	1116
Reactome	11160
Reactome	11164
Reactome	11167
Reactome	11168
Reactome	11171
Reactome	11173
Reactome	11174
Reactome	11176
Reactome	1118
Reactome	11180
Reactome	11181
Reactome	11182
Reactome	11185
Reactome	11187
Reactome	11188
Reactome	1119
Reactome	11190
Reactome	11193
Reactome	11194
Reactome	11196
Reactome	11197
Reactome	11198
Reactome	112
Reactome	1120
Reactome	11200
Reactome	11201
Reactome	11202
Reactome	1121
Reactome	11211
Reactome	11213
Reactome	11214
Reactome	11216
Reactome	11218
Reactome	1122
Reactome	11221
Reactome	11222
Reactome	11224
Reactome	11226
Reactome	11227
Reactome	1123
Reactome	11232
Reactome	11236
Reactome	11238
Reactome	112398
Reactome	112399
Reactome	1124
Reactome	11240
Reactome	11243
Reactome	11245
Reactome	112495
Reactome	11250
Reactome	11251
Reactome	11252
Reactome	11253
Reactome	11254
Reactome	11255
Reactome	112574
Reactome	11258
Reactome	11260
Reactome	11261
Reactome	11264
Reactome	11267
Reactome	112724
Reactome	11274
Reactome	112744
Reactome	11275
Reactome	112752
Reactome	112755
Reactome	11277
Reactome	1128
Reactome	11280
Reactome	112802
Reactome	112812
Reactome	112817
Reactome	11282
Reactome	11283
Reactome	11284
Reactome	11285
Reactome	112858
Reactome	112869
Reactome	1129
Reactome	112937
Reactome	112950
Reactome	113
Reactome	113026
Reactome	11309
Reactome	113091
Reactome	1131
Reactome	11311
Reactome	113130
Reactome	11314
Reactome	11315
Reactome	11316
Reactome	113177
Reactome	113179
Reactome	113189
Reactome	1132
Reactome	11320
Reactome	11322
Reactome	113220
Reactome	113235
Reactome	11325
Reactome	113278
Reactome	11328
Reactome	11329
Reactome	1133
Reactome	11330
Reactome	11331
Reactome	11332
Reactome	11333
Reactome	11335
Reactome	11336
Reactome	11337
Reactome	11338
Reactome	11339
Reactome	1134
Reactome	11340
Reactome	11343
Reactome	11344
Reactome	11345
Reactome	113451
Reactome	1135
Reactome	1136
Reactome	113612
Reactome	113675
Reactome	1137
Reactome	1138
Reactome	113802
Reactome	113829
Reactome	113835
Reactome	113878
Reactome	114
Reactome	114026
Reactome	114049
Reactome	114088
Reactome	1141
Reactome	114131
Reactome	114132
Reactome	114134
Reactome	1142
Reactome	1143
Reactome	1144
Reactome	1145
Reactome	114548
Reactome	1146
Reactome	114609
Reactome	1147
Reactome	114757
Reactome	114770
Reactome	114771
Reactome	114785
Reactome	114787
Reactome	114790
Reactome	114791
Reactome	114793
Reactome	114798
Reactome	114799
Reactome	114803
Reactome	114805
Reactome	114822
Reactome	114836
Reactome	114876
Reactome	114879
Reactome	114880
Reactome	114881
Reactome	114882
Reactome	114883
Reactome	114884
Reactome	114885
Reactome	1149
Reactome	114907
Reactome	114971
Reactome	115
Reactome	115004
Reactome	115019
Reactome	115024
Reactome	115106
Reactome	115111
Reactome	115196
Reactome	1152
Reactome	115201
Reactome	115209
Reactome	115273
Reactome	115286
Reactome	115290
Reactome	115361
Reactome	115362
Reactome	1154
Reactome	115416
Reactome	115426
Reactome	1155
Reactome	115509
Reactome	115548
Reactome	115557
Reactome	115584
Reactome	115650
Reactome	115677
Reactome	115703
Reactome	115708
Reactome	115727
Reactome	1158
Reactome	115827
Reactome	115939
Reactome	116
Reactome	1160
Reactome	116028
Reactome	116085
Reactome	116092
Reactome	1161
Reactome	116138
Reactome	116150
Reactome	116228
Reactome	116255
Reactome	116285
Reactome	1163
Reactome	116372
Reactome	116379
Reactome	116442
Reactome	116443
Reactome	116444
Reactome	116461
Reactome	116519
Reactome	116541
Reactome	116832
Reactome	116835
Reactome	116842
Reactome	116844
Reactome	116984
Reactome	116985
Reactome	116986
Reactome	117
Reactome	117143
Reactome	117144
Reactome	117145
Reactome	117155
Reactome	117156
Reactome	117157
Reactome	117159
Reactome	117177
Reactome	117245
Reactome	117246
Reactome	117247
Reactome	117248
Reactome	117285
Reactome	117289
Reactome	1173
Reactome	1174
Reactome	1175
Reactome	117531
Reactome	117532
Reactome	117579
Reactome	117581
Reactome	117584
Reactome	1176
Reactome	117608
Reactome	117854
Reactome	1179
Reactome	1180
Reactome	1181
Reactome	1182
Reactome	1183
Reactome	1184
Reactome	118424
Reactome	118429
Reactome	118430
Reactome	118460
Reactome	118487
Reactome	1185
Reactome	1186
Reactome	118672
Reactome	118788
Reactome	1188
Reactome	119
Reactome	1191
Reactome	1193
Reactome	119391
Reactome	119395
Reactome	119504
Reactome	119548
Reactome	119559
Reactome	12
Reactome	120
Reactome	1200
Reactome	120065
Reactome	120066
Reactome	120071
Reactome	1201
Reactome	120103
Reactome	120227
Reactome	120425
Reactome	120526
Reactome	1207
Reactome	1208
Reactome	120892
Reactome	1211
Reactome	1212
Reactome	121214
Reactome	121260
Reactome	121274
Reactome	121278
Reactome	1213
Reactome	121340
Reactome	121391
Reactome	121441
Reactome	121457
Reactome	1215
Reactome	121512
Reactome	121536
Reactome	121601
Reactome	121642
Reactome	122042
Reactome	122402
Reactome	122416
Reactome	122481
Reactome	122553
Reactome	122618
Reactome	122622
Reactome	122704
Reactome	122769
Reactome	122809
Reactome	122830
Reactome	122876
Reactome	122961
Reactome	122970
Reactome	123
Reactome	1230
Reactome	123016
Reactome	123041
Reactome	123096
Reactome	123099
Reactome	123169
Reactome	1232
Reactome	123228
Reactome	123263
Reactome	123264
Reactome	1233
Reactome	1234
Reactome	1235
Reactome	1236
Reactome	123606
Reactome	123624
Reactome	123688
Reactome	1237
Reactome	123720
Reactome	1238
Reactome	123876
Reactome	123879
Reactome	124
Reactome	1240
Reactome	124056
Reactome	1241
Reactome	124245
Reactome	1244
Reactome	124411
Reactome	124446
Reactome	124454
Reactome	124512
Reactome	124538
Reactome	124540
Reactome	124583
Reactome	124590
Reactome	124599
Reactome	124602
Reactome	124739
Reactome	124872
Reactome	124935
Reactome	124975
Reactome	124976
Reactome	124995
Reactome	124997
Reactome	125
Reactome	125058
Reactome	125061
Reactome	125111
Reactome	125115
Reactome	125206
Reactome	125476
Reactome	1258
Reactome	1259
Reactome	125919
Reactome	125965
Reactome	125981
Reactome	125988
Reactome	126
Reactome	126003
Reactome	126006
Reactome	126014
Reactome	126068
Reactome	126070
Reactome	126119
Reactome	126123
Reactome	1262
Reactome	126231
Reactome	126282
Reactome	1263
Reactome	126328
Reactome	126370
Reactome	126374
Reactome	126375
Reactome	126382
Reactome	1264
Reactome	126410
Reactome	126433
Reactome	126638
Reactome	126792
Reactome	1268
Reactome	1269
Reactome	126969
Reactome	127
Reactome	1271
Reactome	127124
Reactome	1272
Reactome	127247
Reactome	127253
Reactome	127281
Reactome	127396
Reactome	127534
Reactome	127544
Reactome	1277
Reactome	1278
Reactome	127829
Reactome	127833
Reactome	127933
Reactome	128
Reactome	1280
Reactome	1281
Reactome	128178
Reactome	1282
Reactome	128239
Reactome	128240
Reactome	128272
Reactome	128308
Reactome	1284
Reactome	128486
Reactome	1285
Reactome	1286
Reactome	128637
Reactome	128674
Reactome	1287
Reactome	1288
Reactome	128859
Reactome	128866
Reactome	128869
Reactome	1289
Reactome	1290
Reactome	129080
Reactome	1291
Reactome	1292
Reactome	1293
Reactome	1294
Reactome	129401
Reactome	129446
Reactome	129450
Reactome	1295
Reactome	129563
Reactome	1296
Reactome	129642
Reactome	129685
Reactome	1297
Reactome	1298
Reactome	129807
Reactome	129880
Reactome	1299
Reactome	13
Reactome	130
Reactome	1300
Reactome	130013
Reactome	1301
Reactome	130120
Reactome	1302
Reactome	1303
Reactome	130340
Reactome	130367
Reactome	130399
Reactome	130497
Reactome	1305
Reactome	130576
Reactome	130589
Reactome	1306
Reactome	1307
Reactome	1308
Reactome	130916
Reactome	131
Reactome	1310
Reactome	131096
Reactome	1311
Reactome	131118
Reactome	1312
Reactome	1314
Reactome	131405
Reactome	131450
Reactome	131474
Reactome	1315
Reactome	131669
Reactome	1317
Reactome	131870
Reactome	131873
Reactome	131890
Reactome	132
Reactome	132014
Reactome	132112
Reactome	132243
Reactome	132320
Reactome	1325
Reactome	1326
Reactome	132660
Reactome	1327
Reactome	132789
Reactome	132884
Reactome	1329
Reactome	133
Reactome	133121
Reactome	133308
Reactome	133383
Reactome	133396
Reactome	133418
Reactome	133522
Reactome	133686
Reactome	133688
Reactome	1337
Reactome	133746
Reactome	1339
Reactome	134
Reactome	1340
Reactome	134147
Reactome	134266
Reactome	134353
Reactome	134429
Reactome	134430
Reactome	1345
Reactome	134526
Reactome	1346
Reactome	134637
Reactome	1347
Reactome	134701
Reactome	134829
Reactome	134860
Reactome	134864
Reactome	1349
Reactome	1350
Reactome	1351
Reactome	135152
Reactome	135154
Reactome	1352
Reactome	135228
Reactome	135250
Reactome	135295
Reactome	1353
Reactome	1355
Reactome	1356
Reactome	1357
Reactome	1358
Reactome	135892
Reactome	1359
Reactome	135946
Reactome	135948
Reactome	136
Reactome	1360
Reactome	136051
Reactome	1361
Reactome	1362
Reactome	136227
Reactome	1363
Reactome	136371
Reactome	1364
Reactome	1365
Reactome	1366
Reactome	1368
Reactome	1369
Reactome	136991
Reactome	1370
Reactome	137075
Reactome	1371
Reactome	1373
Reactome	1374
Reactome	137492
Reactome	1376
Reactome	137682
Reactome	1378
Reactome	137868
Reactome	137872
Reactome	137964
Reactome	137970
Reactome	1380
Reactome	138050
Reactome	1381
Reactome	138199
Reactome	1382
Reactome	1384
Reactome	1385
Reactome	1386
Reactome	1387
Reactome	1388
Reactome	138804
Reactome	1390
Reactome	139065
Reactome	139189
Reactome	1392
Reactome	139285
Reactome	1393
Reactome	139322
Reactome	139341
Reactome	1395
Reactome	139716
Reactome	1398
Reactome	139818
Reactome	1399
Reactome	14
Reactome	140
Reactome	1400
Reactome	1401
Reactome	140258
Reactome	1404
Reactome	140453
Reactome	140456
Reactome	140458
Reactome	140459
Reactome	140460
Reactome	140461
Reactome	140462
Reactome	140465
Reactome	140469
Reactome	140609
Reactome	140612
Reactome	140628
Reactome	140679
Reactome	140683
Reactome	140687
Reactome	140691
Reactome	1407
Reactome	140735
Reactome	140739
Reactome	140766
Reactome	1408
Reactome	140801
Reactome	140803
Reactome	140807
Reactome	140809
Reactome	140825
Reactome	140838
Reactome	140850
Reactome	140881
Reactome	140885
Reactome	1410
Reactome	142
Reactome	142678
Reactome	142680
Reactome	142684
Reactome	142685
Reactome	142686
Reactome	142689
Reactome	1428
Reactome	142891
Reactome	142910
Reactome	143
Reactome	143098
Reactome	1431
Reactome	143187
Reactome	1432
Reactome	143279
Reactome	143282
Reactome	143425
Reactome	143471
Reactome	1435
Reactome	143503
Reactome	1436
Reactome	143662
Reactome	143686
Reactome	143689
Reactome	1437
Reactome	1438
Reactome	143872
Reactome	143884
Reactome	1439
Reactome	1440
Reactome	1441
Reactome	144124
Reactome	144165
Reactome	144193
Reactome	144233
Reactome	144245
Reactome	144348
Reactome	144402
Reactome	144453
Reactome	144455
Reactome	1445
Reactome	144501
Reactome	144577
Reactome	1446
Reactome	144699
Reactome	1447
Reactome	144715
Reactome	1448
Reactome	145173
Reactome	1452
Reactome	145226
Reactome	145258
Reactome	1453
Reactome	145482
Reactome	1455
Reactome	1457
Reactome	145873
Reactome	1459
Reactome	145957
Reactome	146
Reactome	1460
Reactome	146057
Reactome	146198
Reactome	1462
Reactome	1463
Reactome	146330
Reactome	1464
Reactome	146434
Reactome	1465
Reactome	146540
Reactome	146542
Reactome	146664
Reactome	146712
Reactome	146713
Reactome	146722
Reactome	146760
Reactome	1468
Reactome	146802
Reactome	146850
Reactome	146894
Reactome	146909
Reactome	146956
Reactome	147
Reactome	1471
Reactome	147111
Reactome	147179
Reactome	147183
Reactome	147323
Reactome	147409
Reactome	1475
Reactome	1476
Reactome	147646
Reactome	147657
Reactome	147686
Reactome	147687
Reactome	147694
Reactome	1477
Reactome	147700
Reactome	147719
Reactome	147741
Reactome	1478
Reactome	147837
Reactome	147841
Reactome	1479
Reactome	147923
Reactome	147929
Reactome	147945
Reactome	147948
Reactome	147949
Reactome	147968
Reactome	148
Reactome	148022
Reactome	148103
Reactome	148156
Reactome	1482
Reactome	148203
Reactome	148213
Reactome	148229
Reactome	148254
Reactome	148266
Reactome	148268
Reactome	148327
Reactome	148581
Reactome	1487
Reactome	148738
Reactome	148789
Reactome	1488
Reactome	148811
Reactome	1489
Reactome	1490
Reactome	149018
Reactome	1491
Reactome	149111
Reactome	149233
Reactome	1493
Reactome	149371
Reactome	149461
Reactome	1495
Reactome	1496
Reactome	1497
Reactome	1499
Reactome	149951
Reactome	149954
Reactome	149998
Reactome	15
Reactome	150
Reactome	150159
Reactome	1503
Reactome	150372
Reactome	150379
Reactome	150465
Reactome	150572
Reactome	1506
Reactome	150684
Reactome	150726
Reactome	150737
Reactome	150763
Reactome	1508
Reactome	1509
Reactome	151
Reactome	1510
Reactome	151056
Reactome	1511
Reactome	151194
Reactome	1512
Reactome	151246
Reactome	1513
Reactome	151306
Reactome	1514
Reactome	1515
Reactome	151531
Reactome	151636
Reactome	151648
Reactome	151742
Reactome	151871
Reactome	151888
Reactome	1519
Reactome	151903
Reactome	151987
Reactome	152
Reactome	1520
Reactome	1521
Reactome	152100
Reactome	1522
Reactome	152273
Reactome	1523
Reactome	152330
Reactome	1524
Reactome	1525
Reactome	152503
Reactome	152559
Reactome	152687
Reactome	1528
Reactome	152831
Reactome	152926
Reactome	152992
Reactome	153
Reactome	153090
Reactome	153129
Reactome	153222
Reactome	153478
Reactome	1535
Reactome	153527
Reactome	153572
Reactome	153579
Reactome	1536
Reactome	153642
Reactome	1537
Reactome	154
Reactome	1540
Reactome	154007
Reactome	154091
Reactome	154141
Reactome	154214
Reactome	1543
Reactome	1544
Reactome	1545
Reactome	154664
Reactome	154743
Reactome	154796
Reactome	1548
Reactome	154807
Reactome	154810
Reactome	154881
Reactome	155
Reactome	155054
Reactome	155061
Reactome	155066
Reactome	1551
Reactome	1553
Reactome	155382
Reactome	1555
Reactome	1557
Reactome	1558
Reactome	1559
Reactome	156
Reactome	1562
Reactome	1565
Reactome	157
Reactome	1571
Reactome	1572
Reactome	157285
Reactome	1573
Reactome	157506
Reactome	157570
Reactome	1576
Reactome	1577
Reactome	157769
Reactome	157807
Reactome	157855
Reactome	157869
Reactome	1579
Reactome	158
Reactome	1580
Reactome	158067
Reactome	1581
Reactome	158131
Reactome	158135
Reactome	1582
Reactome	1583
Reactome	158399
Reactome	1584
Reactome	158431
Reactome	1585
Reactome	158506
Reactome	158584
Reactome	1586
Reactome	158747
Reactome	1588
Reactome	158833
Reactome	159
Reactome	1591
Reactome	1592
Reactome	1593
Reactome	1594
Reactome	159963
Reactome	16
Reactome	160
Reactome	1600
Reactome	1601
Reactome	160287
Reactome	1603
Reactome	160364
Reactome	1604
Reactome	160428
Reactome	1605
Reactome	160518
Reactome	1606
Reactome	1607
Reactome	160728
Reactome	1608
Reactome	160851
Reactome	1609
Reactome	161
Reactome	1610
Reactome	161003
Reactome	1612
Reactome	161247
Reactome	1613
Reactome	161357
Reactome	161497
Reactome	1615
Reactome	1616
Reactome	161725
Reactome	161742
Reactome	161823
Reactome	161882
Reactome	162
Reactome	1621
Reactome	162239
Reactome	162417
Reactome	162466
Reactome	162514
Reactome	162655
Reactome	1627
Reactome	1628
Reactome	1629
Reactome	162963
Reactome	162967
Reactome	162972
Reactome	162998
Reactome	163
Reactome	163049
Reactome	163050
Reactome	163051
Reactome	163071
Reactome	163081
Reactome	163087
Reactome	163175
Reactome	1632
Reactome	163227
Reactome	163255
Reactome	163259
Reactome	1633
Reactome	163351
Reactome	1634
Reactome	163404
Reactome	163486
Reactome	1635
Reactome	1636
Reactome	163702
Reactome	163732
Reactome	1638
Reactome	163859
Reactome	1639
Reactome	164
Reactome	1641
Reactome	1642
Reactome	1643
Reactome	164395
Reactome	1644
Reactome	1645
Reactome	1646
Reactome	164656
Reactome	1647
Reactome	1649
Reactome	1650
Reactome	165140
Reactome	1653
Reactome	1654
Reactome	1655
Reactome	1656
Reactome	165679
Reactome	1659
Reactome	165918
Reactome	166
Reactome	1660
Reactome	166012
Reactome	1663
Reactome	166379
Reactome	1665
Reactome	1666
Reactome	166785
Reactome	1669
Reactome	166929
Reactome	1670
Reactome	1671
Reactome	1672
Reactome	167227
Reactome	1674
Reactome	1675
Reactome	1678
Reactome	168374
Reactome	168391
Reactome	168544
Reactome	168620
Reactome	1687
Reactome	169026
Reactome	169044
Reactome	169270
Reactome	169355
Reactome	169522
Reactome	169841
Reactome	170384
Reactome	170482
Reactome	170506
Reactome	170572
Reactome	170589
Reactome	170622
Reactome	170689
Reactome	170690
Reactome	170691
Reactome	170692
Reactome	170850
Reactome	170959
Reactome	170960
Reactome	171019
Reactome	171023
Reactome	171169
Reactome	171177
Reactome	171546
Reactome	171558
Reactome	171568
Reactome	171586
Reactome	1716
Reactome	1717
Reactome	1718
Reactome	1719
Reactome	1723
Reactome	1725
Reactome	1727
Reactome	1728
Reactome	1729
Reactome	1730
Reactome	1733
Reactome	1734
Reactome	1735
Reactome	1736
Reactome	1737
Reactome	1738
Reactome	1739
Reactome	174
Reactome	1740
Reactome	1741
Reactome	1742
Reactome	1749
Reactome	175
Reactome	1750
Reactome	1755
Reactome	1756
Reactome	1757
Reactome	1758
Reactome	1759
Reactome	176
Reactome	1760
Reactome	1761
Reactome	1763
Reactome	177
Reactome	1774
Reactome	1777
Reactome	1778
Reactome	178
Reactome	1780
Reactome	1781
Reactome	1783
Reactome	1785
Reactome	1786
Reactome	1787
Reactome	1788
Reactome	1789
Reactome	1793
Reactome	1794
Reactome	1795
Reactome	1796
Reactome	1797
Reactome	1798
Reactome	18
Reactome	1800
Reactome	1802
Reactome	1803
Reactome	1806
Reactome	1807
Reactome	1808
Reactome	1809
Reactome	181
Reactome	1810
Reactome	1811
Reactome	1812
Reactome	1813
Reactome	1814
Reactome	1816
Reactome	1819
Reactome	182
Reactome	1820
Reactome	1821
Reactome	1822
Reactome	1823
Reactome	1824
Reactome	1825
Reactome	1826
Reactome	183
Reactome	1831
Reactome	1834
Reactome	1836
Reactome	1837
Reactome	1838
Reactome	1839
Reactome	1840
Reactome	1841
Reactome	1843
Reactome	1844
Reactome	1845
Reactome	1846
Reactome	1847
Reactome	1848
Reactome	1849
Reactome	185
Reactome	1850
Reactome	1852
Reactome	1854
Reactome	1855
Reactome	1856
Reactome	1857
Reactome	1859
Reactome	186
Reactome	1861
Reactome	1869
Reactome	187
Reactome	1870
Reactome	1871
Reactome	1874
Reactome	1875
Reactome	1876
Reactome	1879
Reactome	1880
Reactome	1889
Reactome	189
Reactome	1890
Reactome	1891
Reactome	1892
Reactome	1893
Reactome	1894
Reactome	1896
Reactome	19
Reactome	190
Reactome	1901
Reactome	1902
Reactome	1903
Reactome	1906
Reactome	1907
Reactome	1908
Reactome	1909
Reactome	191
Reactome	1910
Reactome	1911
Reactome	1912
Reactome	1915
Reactome	1917
Reactome	192111
Reactome	192134
Reactome	192666
Reactome	192668
Reactome	192669
Reactome	192670
Reactome	1933
Reactome	1936
Reactome	1938
Reactome	1942
Reactome	1943
Reactome	1944
Reactome	1945
Reactome	1946
Reactome	1947
Reactome	1948
Reactome	1949
Reactome	1950
Reactome	1956
Reactome	1958
Reactome	195814
Reactome	1959
Reactome	196
Reactome	1960
Reactome	196051
Reactome	1961
Reactome	1962
Reactome	196374
Reactome	1964
Reactome	196441
Reactome	1965
Reactome	196500
Reactome	196513
Reactome	196527
Reactome	196528
Reactome	1967
Reactome	196743
Reactome	1968
Reactome	196883
Reactome	1969
Reactome	197
Reactome	197131
Reactome	197257
Reactome	197258
Reactome	1973
Reactome	197320
Reactome	197322
Reactome	197342
Reactome	197358
Reactome	197370
Reactome	1974
Reactome	1975
Reactome	1977
Reactome	1978
Reactome	1981
Reactome	1982
Reactome	1983
Reactome	1984
Reactome	1991
Reactome	1992
Reactome	1993
Reactome	1994
Reactome	199675
Reactome	199692
Reactome	199699
Reactome	1997
Reactome	199704
Reactome	199746
Reactome	199777
Reactome	1998
Reactome	199857
Reactome	1999
Reactome	199990
Reactome	2
Reactome	20
Reactome	200010
Reactome	200014
Reactome	200081
Reactome	2001
Reactome	200132
Reactome	200186
Reactome	2002
Reactome	200424
Reactome	200576
Reactome	2006
Reactome	200734
Reactome	200845
Reactome	200879
Reactome	200894
Reactome	200895
Reactome	200916
Reactome	200931
Reactome	200958
Reactome	200959
Reactome	2010
Reactome	201163
Reactome	201164
Reactome	201176
Reactome	201254
Reactome	201294
Reactome	201456
Reactome	201475
Reactome	2015
Reactome	201514
Reactome	201516
Reactome	201562
Reactome	201595
Reactome	201626
Reactome	201627
Reactome	2017
Reactome	2018
Reactome	2023
Reactome	202559
Reactome	2026
Reactome	2027
Reactome	2028
Reactome	2029
Reactome	203
Reactome	2030
Reactome	203068
Reactome	203111
Reactome	203190
Reactome	2033
Reactome	2034
Reactome	2035
Reactome	2036
Reactome	2037
Reactome	203859
Reactome	2039
Reactome	204
Reactome	2040
Reactome	2041
Reactome	2042
Reactome	204219
Reactome	2043
Reactome	2044
Reactome	2045
Reactome	2046
Reactome	2047
Reactome	2048
Reactome	204851
Reactome	2049
Reactome	204962
Reactome	205
Reactome	2050
Reactome	2051
Reactome	2052
Reactome	2053
Reactome	205564
Reactome	2056
Reactome	2057
Reactome	2058
Reactome	2059
Reactome	2060
Reactome	2063
Reactome	206358
Reactome	2064
Reactome	2065
Reactome	2066
Reactome	2067
Reactome	2068
Reactome	2069
Reactome	207
Reactome	2070
Reactome	207063
Reactome	2071
Reactome	2072
Reactome	2073
Reactome	2074
Reactome	2077
Reactome	208
Reactome	2081
Reactome	2091
Reactome	2098
Reactome	2099
Reactome	21
Reactome	210
Reactome	2100
Reactome	2101
Reactome	2103
Reactome	2104
Reactome	2107
Reactome	2108
Reactome	2109
Reactome	211
Reactome	2110
Reactome	2113
Reactome	2114
Reactome	2118
Reactome	212
Reactome	2120
Reactome	2121
Reactome	2122
Reactome	2125
Reactome	213
Reactome	2131
Reactome	2132
Reactome	2134
Reactome	2135
Reactome	2137
Reactome	2138
Reactome	2139
Reactome	214
Reactome	2140
Reactome	2145
Reactome	2146
Reactome	2147
Reactome	2149
Reactome	2150
Reactome	2151
Reactome	2152
Reactome	2153
Reactome	2155
Reactome	2157
Reactome	2158
Reactome	2159
Reactome	216
Reactome	2160
Reactome	2161
Reactome	2162
Reactome	2165
Reactome	2166
Reactome	2167
Reactome	2168
Reactome	2169
Reactome	217
Reactome	2170
Reactome	2171
Reactome	2172
Reactome	2173
Reactome	2175
Reactome	2176
Reactome	2177
Reactome	2178
Reactome	218
Reactome	2180
Reactome	2181
Reactome	2182
Reactome	2184
Reactome	2185
Reactome	2187
Reactome	2188
Reactome	2189
Reactome	219
Reactome	2192
Reactome	2193
Reactome	219333
Reactome	2194
Reactome	219402
Reactome	219541
Reactome	219578
Reactome	219699
Reactome	2197
Reactome	219743
Reactome	219749
Reactome	219770
Reactome	219855
Reactome	2199
Reactome	219927
Reactome	219931
Reactome	219970
Reactome	219988
Reactome	22
Reactome	220
Reactome	2200
Reactome	220074
Reactome	2201
Reactome	220164
Reactome	2202
Reactome	2203
Reactome	2204
Reactome	220441
Reactome	2205
Reactome	2206
Reactome	2207
Reactome	2208
Reactome	220988
Reactome	220992
Reactome	221
Reactome	221002
Reactome	221037
Reactome	221044
Reactome	221078
Reactome	221120
Reactome	221143
Reactome	221154
Reactome	221178
Reactome	2212
Reactome	221264
Reactome	2213
Reactome	221391
Reactome	221395
Reactome	221400
Reactome	221458
Reactome	221472
Reactome	221496
Reactome	2215
Reactome	221656
Reactome	221687
Reactome	221785
Reactome	2218
Reactome	221823
Reactome	221830
Reactome	2219
Reactome	221914
Reactome	221935
Reactome	221937
Reactome	221955
Reactome	221960
Reactome	221981
Reactome	222
Reactome	2220
Reactome	2222
Reactome	222235
Reactome	222236
Reactome	2224
Reactome	222487
Reactome	222537
Reactome	222545
Reactome	222546
Reactome	222584
Reactome	222662
Reactome	222663
Reactome	222962
Reactome	223
Reactome	2230
Reactome	223082
Reactome	2232
Reactome	2235
Reactome	2237
Reactome	2239
Reactome	224
Reactome	2241
Reactome	2242
Reactome	2243
Reactome	2244
Reactome	2245
Reactome	2246
Reactome	2247
Reactome	2248
Reactome	2249
Reactome	225
Reactome	2250
Reactome	2251
Reactome	2252
Reactome	2253
Reactome	2254
Reactome	2255
Reactome	2256
Reactome	2257
Reactome	2258
Reactome	2259
Reactome	2260
Reactome	2261
Reactome	2262
Reactome	2263
Reactome	2264
Reactome	2266
Reactome	2268
Reactome	2271
Reactome	2274
Reactome	22794
Reactome	22795
Reactome	22796
Reactome	22797
Reactome	2280
Reactome	22800
Reactome	22801
Reactome	22802
Reactome	22803
Reactome	22808
Reactome	22809
Reactome	2281
Reactome	22818
Reactome	22820
Reactome	22821
Reactome	22822
Reactome	22823
Reactome	22824
Reactome	22826
Reactome	22827
Reactome	22829
Reactome	22832
Reactome	22836
Reactome	22839
Reactome	22841
Reactome	22843
Reactome	22845
Reactome	22846
Reactome	22848
Reactome	22852
Reactome	22854
Reactome	22856
Reactome	22861
Reactome	22863
Reactome	22865
Reactome	22866
Reactome	22868
Reactome	22869
Reactome	22870
Reactome	22871
Reactome	22872
Reactome	22873
Reactome	22874
Reactome	22875
Reactome	22876
Reactome	22878
Reactome	22879
Reactome	2288
Reactome	22880
Reactome	22885
Reactome	22888
Reactome	2289
Reactome	22894
Reactome	22897
Reactome	22898
Reactome	22899
Reactome	229
Reactome	2290
Reactome	22901
Reactome	22905
Reactome	22906
Reactome	22908
Reactome	22909
Reactome	22915
Reactome	22916
Reactome	22917
Reactome	22918
Reactome	22919
Reactome	22920
Reactome	22921
Reactome	22924
Reactome	22925
Reactome	22926
Reactome	22927
Reactome	22928
Reactome	22930
Reactome	22931
Reactome	22933
Reactome	22934
Reactome	22936
Reactome	22937
Reactome	22938
Reactome	2294
Reactome	22941
Reactome	22943
Reactome	22944
Reactome	22948
Reactome	22949
Reactome	22953
Reactome	22954
Reactome	22955
Reactome	2296
Reactome	22974
Reactome	22976
Reactome	22978
Reactome	22980
Reactome	22981
Reactome	22984
Reactome	22985
Reactome	22987
Reactome	22992
Reactome	22994
Reactome	22995
Reactome	22999
Reactome	23
Reactome	230
Reactome	23002
Reactome	23007
Reactome	23008
Reactome	23011
Reactome	23013
Reactome	23014
Reactome	23016
Reactome	23019
Reactome	23020
Reactome	23028
Reactome	2303
Reactome	23030
Reactome	23032
Reactome	23035
Reactome	23038
Reactome	23043
Reactome	23046
Reactome	23047
Reactome	23048
Reactome	23049
Reactome	23052
Reactome	23053
Reactome	23054
Reactome	23057
Reactome	23059
Reactome	23062
Reactome	23063
Reactome	23067
Reactome	23071
Reactome	23072
Reactome	23074
Reactome	23075
Reactome	2308
Reactome	23081
Reactome	23082
Reactome	23087
Reactome	2309
Reactome	23090
Reactome	23092
Reactome	23093
Reactome	23095
Reactome	23097
Reactome	23098
Reactome	231
Reactome	23107
Reactome	23108
Reactome	23112
Reactome	23113
Reactome	23114
Reactome	23118
Reactome	2312
Reactome	23120
Reactome	23122
Reactome	23127
Reactome	23129
Reactome	2313
Reactome	23133
Reactome	23135
Reactome	23136
Reactome	23137
Reactome	23141
Reactome	23142
Reactome	23144
Reactome	23149
Reactome	2315
Reactome	2316
Reactome	23160
Reactome	23163
Reactome	23164
Reactome	23165
Reactome	23166
Reactome	23168
Reactome	23169
Reactome	2317
Reactome	23170
Reactome	23171
Reactome	23172
Reactome	23173
Reactome	23175
Reactome	23179
Reactome	2318
Reactome	23186
Reactome	23189
Reactome	23191
Reactome	23192
Reactome	23193
Reactome	23194
Reactome	23197
Reactome	23198
Reactome	23200
Reactome	23203
Reactome	23205
Reactome	23208
Reactome	2321
Reactome	23210
Reactome	23211
Reactome	23216
Reactome	23218
Reactome	2322
Reactome	23220
Reactome	23221
Reactome	23224
Reactome	23225
Reactome	23229
Reactome	2323
Reactome	23236
Reactome	23237
Reactome	23239
Reactome	2324
Reactome	23243
Reactome	23244
Reactome	23246
Reactome	23248
Reactome	23250
Reactome	23252
Reactome	23254
Reactome	23256
Reactome	23258
Reactome	23259
Reactome	2326
Reactome	23263
Reactome	23265
Reactome	23268
Reactome	23269
Reactome	2327
Reactome	23272
Reactome	23275
Reactome	23279
Reactome	2328
Reactome	23283
Reactome	23286
Reactome	23287
Reactome	23288
Reactome	23291
Reactome	23293
Reactome	23295
Reactome	23299
Reactome	23303
Reactome	23304
Reactome	23305
Reactome	23308
Reactome	23309
Reactome	2331
Reactome	23310
Reactome	23314
Reactome	23315
Reactome	23317
Reactome	23318
Reactome	23321
Reactome	23322
Reactome	23324
Reactome	23326
Reactome	23327
Reactome	23332
Reactome	23334
Reactome	23338
Reactome	23339
Reactome	23344
Reactome	23345
Reactome	23348
Reactome	2335
Reactome	23350
Reactome	23352
Reactome	23353
Reactome	23354
Reactome	23358
Reactome	23363
Reactome	23365
Reactome	23367
Reactome	23369
Reactome	23370
Reactome	23373
Reactome	23376
Reactome	23378
Reactome	23379
Reactome	23380
Reactome	23381
Reactome	23382
Reactome	23383
Reactome	23385
Reactome	23389
Reactome	2339
Reactome	23395
Reactome	23396
Reactome	23397
Reactome	23398
Reactome	23399
Reactome	23400
Reactome	23401
Reactome	23404
Reactome	23405
Reactome	23406
Reactome	23408
Reactome	23409
Reactome	23410
Reactome	23411
Reactome	23412
Reactome	23414
Reactome	23415
Reactome	23416
Reactome	23417
Reactome	2342
Reactome	23421
Reactome	23423
Reactome	23426
Reactome	23428
Reactome	23429
Reactome	23431
Reactome	23432
Reactome	23433
Reactome	23438
Reactome	23439
Reactome	23443
Reactome	23446
Reactome	23450
Reactome	23451
Reactome	23456
Reactome	23457
Reactome	2346
Reactome	23460
Reactome	23461
Reactome	23462
Reactome	23463
Reactome	23466
Reactome	23468
Reactome	23471
Reactome	23473
Reactome	23474
Reactome	23475
Reactome	23476
Reactome	23478
Reactome	23479
Reactome	2348
Reactome	23480
Reactome	23481
Reactome	23491
Reactome	23493
Reactome	23495
Reactome	23498
Reactome	2350
Reactome	23506
Reactome	23507
Reactome	23509
Reactome	23511
Reactome	23512
Reactome	23513
Reactome	23514
Reactome	23516
Reactome	23517
Reactome	2352
Reactome	23522
Reactome	23523
Reactome	23524
Reactome	23526
Reactome	23529
Reactome	2353
Reactome	23530
Reactome	23533
Reactome	23536
Reactome	23538
Reactome	23539
Reactome	2354
Reactome	23543
Reactome	23545
Reactome	23547
Reactome	23553
Reactome	23555
Reactome	23556
Reactome	23557
Reactome	2356
Reactome	23562
Reactome	23566
Reactome	23568
Reactome	23569
Reactome	2357
Reactome	23576
Reactome	2358
Reactome	23580
Reactome	23581
Reactome	23583
Reactome	23586
Reactome	23587
Reactome	2359
Reactome	23590
Reactome	23592
Reactome	23593
Reactome	23595
Reactome	23596
Reactome	23597
Reactome	23600
Reactome	23601
Reactome	23604
Reactome	23607
Reactome	23608
Reactome	23616
Reactome	23619
Reactome	23620
Reactome	23621
Reactome	23626
Reactome	23627
Reactome	23630
Reactome	23632
Reactome	23633
Reactome	23636
Reactome	23643
Reactome	23644
Reactome	23645
Reactome	23646
Reactome	23647
Reactome	23649
Reactome	23650
Reactome	23657
Reactome	23658
Reactome	23659
Reactome	23660
Reactome	23677
Reactome	23682
Reactome	23683
Reactome	23704
Reactome	23705
Reactome	23708
Reactome	23710
Reactome	23729
Reactome	23743
Reactome	23759
Reactome	23760
Reactome	23761
Reactome	23764
Reactome	23765
Reactome	23767
Reactome	23768
Reactome	23769
Reactome	23770
Reactome	23779
Reactome	238
Reactome	239
Reactome	2395
Reactome	24
Reactome	240
Reactome	241
Reactome	24137
Reactome	24138
Reactome	24140
Reactome	24144
Reactome	24145
Reactome	24146
Reactome	24148
Reactome	242
Reactome	2444
Reactome	245911
Reactome	245928
Reactome	245932
Reactome	245934
Reactome	245936
Reactome	245937
Reactome	245938
Reactome	245972
Reactome	245973
Reactome	246
Reactome	246175
Reactome	246184
Reactome	246213
Reactome	246243
Reactome	246330
Reactome	246778
Reactome	247
Reactome	2475
Reactome	248
Reactome	2488
Reactome	249
Reactome	2491
Reactome	2492
Reactome	2494
Reactome	2495
Reactome	25
Reactome	251
Reactome	2515
Reactome	2516
Reactome	2517
Reactome	2519
Reactome	2520
Reactome	2521
Reactome	2523
Reactome	2524
Reactome	2525
Reactome	2526
Reactome	2527
Reactome	2528
Reactome	2529
Reactome	252969
Reactome	2530
Reactome	253017
Reactome	2531
Reactome	2532
Reactome	253260
Reactome	2533
Reactome	2534
Reactome	2535
Reactome	253558
Reactome	253559
Reactome	253639
Reactome	2537
Reactome	253782
Reactome	2538
Reactome	253827
Reactome	253832
Reactome	2539
Reactome	253959
Reactome	253980
Reactome	254013
Reactome	254173
Reactome	2542
Reactome	254263
Reactome	254428
Reactome	254531
Reactome	2547
Reactome	2548
Reactome	2549
Reactome	2550
Reactome	255022
Reactome	255043
Reactome	2551
Reactome	255189
Reactome	255231
Reactome	2554
Reactome	255403
Reactome	255488
Reactome	2555
Reactome	2556
Reactome	255626
Reactome	255631
Reactome	2557
Reactome	255738
Reactome	255743
Reactome	255758
Reactome	2558
Reactome	2559
Reactome	255919
Reactome	255967
Reactome	2560
Reactome	256051
Reactome	256076
Reactome	2561
Reactome	256126
Reactome	2562
Reactome	256281
Reactome	256435
Reactome	2566
Reactome	2567
Reactome	2569
Reactome	256933
Reactome	256987
Reactome	257
Reactome	2570
Reactome	257062
Reactome	2571
Reactome	257106
Reactome	257194
Reactome	2572
Reactome	257218
Reactome	257313
Reactome	257397
Reactome	25759
Reactome	25769
Reactome	25776
Reactome	25777
Reactome	25780
Reactome	25782
Reactome	25791
Reactome	25793
Reactome	25794
Reactome	25796
Reactome	25797
Reactome	25798
Reactome	25799
Reactome	258
Reactome	2580
Reactome	25800
Reactome	25801
Reactome	258010
Reactome	25802
Reactome	25804
Reactome	25805
Reactome	25809
Reactome	2581
Reactome	25813
Reactome	25816
Reactome	25818
Reactome	25819
Reactome	2582
Reactome	25820
Reactome	25821
Reactome	25824
Reactome	25828
Reactome	2583
Reactome	25830
Reactome	25831
Reactome	25834
Reactome	25836
Reactome	25837
Reactome	25839
Reactome	2584
Reactome	25840
Reactome	25842
Reactome	25847
Reactome	25852
Reactome	25855
Reactome	25861
Reactome	25862
Reactome	25865
Reactome	2587
Reactome	25870
Reactome	25873
Reactome	25874
Reactome	25879
Reactome	2588
Reactome	25880
Reactome	25885
Reactome	25888
Reactome	2589
Reactome	25894
Reactome	25896
Reactome	25897
Reactome	25898
Reactome	259
Reactome	2590
Reactome	25902
Reactome	25904
Reactome	25906
Reactome	25909
Reactome	2591
Reactome	25913
Reactome	25915
Reactome	259173
Reactome	259197
Reactome	2592
Reactome	25920
Reactome	25921
Reactome	259217
Reactome	259230
Reactome	259232
Reactome	259236
Reactome	25924
Reactome	25925
Reactome	25926
Reactome	259282
Reactome	259285
Reactome	259286
Reactome	259287
Reactome	25929
Reactome	259294
Reactome	259296
Reactome	2593
Reactome	25930
Reactome	259307
Reactome	25936
Reactome	25937
Reactome	25939
Reactome	25941
Reactome	25942
Reactome	25945
Reactome	25946
Reactome	25949
Reactome	25950
Reactome	25953
Reactome	25956
Reactome	2596
Reactome	25961
Reactome	25963
Reactome	25970
Reactome	25973
Reactome	25974
Reactome	25977
Reactome	25978
Reactome	25979
Reactome	25984
Reactome	25989
Reactome	25994
Reactome	25996
Reactome	25999
Reactome	26
Reactome	26000
Reactome	26003
Reactome	26005
Reactome	26007
Reactome	26009
Reactome	26013
Reactome	26017
Reactome	26018
Reactome	26019
Reactome	26020
Reactome	26027
Reactome	26030
Reactome	26031
Reactome	26035
Reactome	26037
Reactome	26039
Reactome	26043
Reactome	26045
Reactome	26046
Reactome	26048
Reactome	26049
Reactome	26050
Reactome	26052
Reactome	26053
Reactome	26061
Reactome	26063
Reactome	26084
Reactome	26085
Reactome	26086
Reactome	26088
Reactome	26090
Reactome	26091
Reactome	26092
Reactome	26094
Reactome	26095
Reactome	26097
Reactome	26100
Reactome	26108
Reactome	26118
Reactome	26119
Reactome	26121
Reactome	26123
Reactome	26127
Reactome	26130
Reactome	26133
Reactome	26140
Reactome	26146
Reactome	26147
Reactome	26149
Reactome	26152
Reactome	26153
Reactome	26154
Reactome	26155
Reactome	26160
Reactome	26166
Reactome	26168
Reactome	2617
Reactome	26173
Reactome	261734
Reactome	2618
Reactome	26188
Reactome	26189
Reactome	2619
Reactome	26190
Reactome	26191
Reactome	262
Reactome	2621
Reactome	26211
Reactome	26212
Reactome	26219
Reactome	2622
Reactome	26224
Reactome	26227
Reactome	26229
Reactome	2623
Reactome	26230
Reactome	26232
Reactome	26234
Reactome	26235
Reactome	26239
Reactome	2624
Reactome	26245
Reactome	26246
Reactome	26248
Reactome	26249
Reactome	2625
Reactome	26253
Reactome	26254
Reactome	26258
Reactome	26259
Reactome	2626
Reactome	26263
Reactome	26266
Reactome	26267
Reactome	26268
Reactome	2627
Reactome	26270
Reactome	26271
Reactome	26272
Reactome	26275
Reactome	26276
Reactome	26277
Reactome	26279
Reactome	2628
Reactome	26280
Reactome	26281
Reactome	26284
Reactome	26285
Reactome	26286
Reactome	26289
Reactome	26291
Reactome	2631
Reactome	2632
Reactome	2633
Reactome	26330
Reactome	26333
Reactome	26338
Reactome	26339
Reactome	2634
Reactome	26341
Reactome	2635
Reactome	26353
Reactome	26354
Reactome	2637
Reactome	2638
Reactome	2639
Reactome	2641
Reactome	2642
Reactome	2643
Reactome	2644
Reactome	2645
Reactome	2646
Reactome	26469
Reactome	2647
Reactome	26476
Reactome	2648
Reactome	2649
Reactome	26493
Reactome	26494
Reactome	26496
Reactome	26497
Reactome	2650
Reactome	26503
Reactome	26508
Reactome	26512
Reactome	26515
Reactome	26517
Reactome	26519
Reactome	26520
Reactome	26521
Reactome	26523
Reactome	26524
Reactome	26525
Reactome	26529
Reactome	2653
Reactome	26531
Reactome	26532
Reactome	26538
Reactome	26539
Reactome	26574
Reactome	26575
Reactome	26577
Reactome	26578
Reactome	2658
Reactome	26585
Reactome	26589
Reactome	2660
Reactome	26610
Reactome	2664
Reactome	26648
Reactome	2665
Reactome	26658
Reactome	26659
Reactome	26664
Reactome	266675
Reactome	266722
Reactome	266727
Reactome	266743
Reactome	2668
Reactome	26689
Reactome	2669
Reactome	26692
Reactome	267
Reactome	2670
Reactome	26707
Reactome	2671
Reactome	26716
Reactome	2672
Reactome	2673
Reactome	2674
Reactome	26740
Reactome	2675
Reactome	2676
Reactome	26762
Reactome	2677
Reactome	2678
Reactome	268
Reactome	2683
Reactome	2686
Reactome	2687
Reactome	26873
Reactome	2689
Reactome	269
Reactome	2690
Reactome	2691
Reactome	2692
Reactome	2693
Reactome	2694
Reactome	2695
Reactome	26958
Reactome	2696
Reactome	26960
Reactome	2697
Reactome	26974
Reactome	26984
Reactome	26985
Reactome	26986
Reactome	26993
Reactome	26995
Reactome	26999
Reactome	27
Reactome	270
Reactome	2700
Reactome	27000
Reactome	27006
Reactome	2701
Reactome	27010
Reactome	27012
Reactome	27018
Reactome	2702
Reactome	27020
Reactome	27022
Reactome	2703
Reactome	27030
Reactome	27031
Reactome	27032
Reactome	27034
Reactome	27035
Reactome	27036
Reactome	27040
Reactome	27042
Reactome	27043
Reactome	27044
Reactome	2705
Reactome	2706
Reactome	27063
Reactome	27068
Reactome	2707
Reactome	27071
Reactome	27072
Reactome	27076
Reactome	27077
Reactome	27085
Reactome	27086
Reactome	27087
Reactome	27089
Reactome	2709
Reactome	27090
Reactome	27092
Reactome	27094
Reactome	27095
Reactome	27097
Reactome	271
Reactome	2710
Reactome	27102
Reactome	27109
Reactome	27113
Reactome	27115
Reactome	2712
Reactome	27121
Reactome	27123
Reactome	27124
Reactome	27125
Reactome	27127
Reactome	27128
Reactome	27131
Reactome	27132
Reactome	27133
Reactome	27145
Reactome	27147
Reactome	27152
Reactome	27153
Reactome	27154
Reactome	27158
Reactome	27159
Reactome	27161
Reactome	27163
Reactome	27165
Reactome	27166
Reactome	2717
Reactome	27173
Reactome	27175
Reactome	27177
Reactome	27178
Reactome	27179
Reactome	27180
Reactome	27181
Reactome	27183
Reactome	27189
Reactome	2719
Reactome	27198
Reactome	27199
Reactome	272
Reactome	2720
Reactome	27202
Reactome	27229
Reactome	27230
Reactome	27231
Reactome	27232
Reactome	27233
Reactome	27235
Reactome	27237
Reactome	27238
Reactome	27241
Reactome	27242
Reactome	27243
Reactome	27244
Reactome	27246
Reactome	27247
Reactome	27248
Reactome	27249
Reactome	27250
Reactome	27252
Reactome	27255
Reactome	27257
Reactome	27258
Reactome	27284
Reactome	27287
Reactome	27289
Reactome	2729
Reactome	27292
Reactome	27297
Reactome	273
Reactome	2730
Reactome	27300
Reactome	27302
Reactome	27304
Reactome	27306
Reactome	2731
Reactome	27314
Reactome	27316
Reactome	27319
Reactome	27327
Reactome	27329
Reactome	2733
Reactome	27330
Reactome	27332
Reactome	27333
Reactome	27334
Reactome	27335
Reactome	27336
Reactome	27338
Reactome	27339
Reactome	2734
Reactome	27340
Reactome	27341
Reactome	27342
Reactome	27343
Reactome	27345
Reactome	27348
Reactome	27349
Reactome	2735
Reactome	2736
Reactome	2737
Reactome	2739
Reactome	274
Reactome	2740
Reactome	2741
Reactome	2742
Reactome	27429
Reactome	2743
Reactome	27430
Reactome	27434
Reactome	27436
Reactome	2744
Reactome	27445
Reactome	2745
Reactome	2746
Reactome	2747
Reactome	275
Reactome	2752
Reactome	2760
Reactome	2762
Reactome	2766
Reactome	2767
Reactome	2768
Reactome	2769
Reactome	2770
Reactome	2771
Reactome	2773
Reactome	2774
Reactome	2775
Reactome	2776
Reactome	2778
Reactome	2779
Reactome	2780
Reactome	2781
Reactome	2782
Reactome	2784
Reactome	2785
Reactome	2786
Reactome	2787
Reactome	2788
Reactome	2791
Reactome	2792
Reactome	2793
Reactome	2796
Reactome	2798
Reactome	2799
Reactome	28
Reactome	2800
Reactome	2801
Reactome	2802
Reactome	2803
Reactome	2804
Reactome	2805
Reactome	2806
Reactome	2810
Reactome	2811
Reactome	2813
Reactome	2814
Reactome	2817
Reactome	2819
Reactome	2820
Reactome	2821
Reactome	2822
Reactome	28227
Reactome	28231
Reactome	28232
Reactome	28234
Reactome	2826
Reactome	282616
Reactome	282618
Reactome	282679
Reactome	282763
Reactome	282775
Reactome	2828
Reactome	282890
Reactome	2829
Reactome	282969
Reactome	283
Reactome	2831
Reactome	283149
Reactome	283159
Reactome	283160
Reactome	2832
Reactome	283208
Reactome	283209
Reactome	283297
Reactome	2833
Reactome	283310
Reactome	283337
Reactome	283375
Reactome	2834
Reactome	283455
Reactome	283463
Reactome	283742
Reactome	283748
Reactome	2838
Reactome	283807
Reactome	283871
Reactome	283899
Reactome	283927
Reactome	283989
Reactome	284
Reactome	2840
Reactome	284058
Reactome	284076
Reactome	284098
Reactome	2841
Reactome	284111
Reactome	284119
Reactome	284129
Reactome	284161
Reactome	284184
Reactome	284217
Reactome	284252
Reactome	284266
Reactome	284297
Reactome	2843
Reactome	284306
Reactome	284307
Reactome	284309
Reactome	284348
Reactome	284359
Reactome	284370
Reactome	284439
Reactome	284443
Reactome	284459
Reactome	284486
Reactome	284521
Reactome	284525
Reactome	2846
Reactome	284654
Reactome	284656
Reactome	2847
Reactome	284716
Reactome	285
Reactome	2850
Reactome	285016
Reactome	285051
Reactome	28511
Reactome	28512
Reactome	28513
Reactome	28514
Reactome	285175
Reactome	285195
Reactome	2852
Reactome	285220
Reactome	285231
Reactome	285267
Reactome	285268
Reactome	2853
Reactome	285349
Reactome	285362
Reactome	285367
Reactome	285381
Reactome	2854
Reactome	285440
Reactome	285521
Reactome	285601
Reactome	285704
Reactome	285755
Reactome	285852
Reactome	2859
Reactome	285971
Reactome	285973
Reactome	286
Reactome	286053
Reactome	286097
Reactome	2861
Reactome	286133
Reactome	2862
Reactome	286205
Reactome	286256
Reactome	286262
Reactome	2863
Reactome	2864
Reactome	286410
Reactome	286451
Reactome	2867
Reactome	2868
Reactome	286826
Reactome	2869
Reactome	287
Reactome	2870
Reactome	2873
Reactome	2874
Reactome	2876
Reactome	2877
Reactome	2878
Reactome	2879
Reactome	288
Reactome	2880
Reactome	2882
Reactome	2885
Reactome	2886
Reactome	2887
Reactome	2888
Reactome	2889
Reactome	2890
Reactome	2891
Reactome	2892
Reactome	2893
Reactome	28952
Reactome	28956
Reactome	28957
Reactome	28958
Reactome	2896
Reactome	28960
Reactome	28962
Reactome	28964
Reactome	28965
Reactome	2897
Reactome	28972
Reactome	28973
Reactome	28976
Reactome	28977
Reactome	2898
Reactome	28981
Reactome	28982
Reactome	28984
Reactome	28987
Reactome	2899
Reactome	28991
Reactome	28996
Reactome	28998
Reactome	28999
Reactome	29
Reactome	290
Reactome	2900
Reactome	2901
Reactome	2902
Reactome	29028
Reactome	2903
Reactome	2904
Reactome	2905
Reactome	2906
Reactome	29062
Reactome	29071
Reactome	29072
Reactome	29074
Reactome	29078
Reactome	29079
Reactome	2908
Reactome	29080
Reactome	29082
Reactome	29086
Reactome	29088
Reactome	29089
Reactome	2909
Reactome	29090
Reactome	29093
Reactome	29095
Reactome	29098
Reactome	29099
Reactome	29101
Reactome	29102
Reactome	29104
Reactome	29106
Reactome	29107
Reactome	29108
Reactome	2911
Reactome	29110
Reactome	29115
Reactome	29116
Reactome	29117
Reactome	2912
Reactome	29121
Reactome	29126
Reactome	29127
Reactome	29128
Reactome	2913
Reactome	2914
Reactome	2915
Reactome	2916
Reactome	2917
Reactome	2918
Reactome	2919
Reactome	2920
Reactome	2921
Reactome	2922
Reactome	2923
Reactome	2925
Reactome	2926
Reactome	2931
Reactome	2932
Reactome	2935
Reactome	2936
Reactome	2937
Reactome	2940
Reactome	2941
Reactome	2947
Reactome	2948
Reactome	2949
Reactome	2950
Reactome	2952
Reactome	2954
Reactome	2956
Reactome	2957
Reactome	2958
Reactome	2959
Reactome	2960
Reactome	2961
Reactome	2962
Reactome	2963
Reactome	2965
Reactome	2967
Reactome	2968
Reactome	2971
Reactome	2972
Reactome	2975
Reactome	2976
Reactome	29760
Reactome	29761
Reactome	29763
Reactome	29766
Reactome	29767
Reactome	2977
Reactome	2978
Reactome	29780
Reactome	29781
Reactome	29785
Reactome	29789
Reactome	2979
Reactome	29796
Reactome	29801
Reactome	29802
Reactome	2981
Reactome	2982
Reactome	2983
Reactome	2984
Reactome	29841
Reactome	29843
Reactome	29844
Reactome	29850
Reactome	29851
Reactome	29855
Reactome	2986
Reactome	2987
Reactome	29880
Reactome	29881
Reactome	29882
Reactome	29883
Reactome	29893
Reactome	29894
Reactome	29895
Reactome	29899
Reactome	2990
Reactome	29904
Reactome	29906
Reactome	29914
Reactome	29915
Reactome	2992
Reactome	29920
Reactome	29922
Reactome	29923
Reactome	29924
Reactome	29925
Reactome	29926
Reactome	29927
Reactome	29928
Reactome	29929
Reactome	2993
Reactome	29933
Reactome	29935
Reactome	2994
Reactome	29940
Reactome	29941
Reactome	29943
Reactome	29945
Reactome	29947
Reactome	29949
Reactome	2995
Reactome	29952
Reactome	29954
Reactome	29956
Reactome	29958
Reactome	29959
Reactome	29960
Reactome	29967
Reactome	29968
Reactome	2997
Reactome	29974
Reactome	29978
Reactome	29979
Reactome	2998
Reactome	29982
Reactome	29984
Reactome	29985
Reactome	29986
Reactome	29988
Reactome	2999
Reactome	29992
Reactome	29993
Reactome	29995
Reactome	29998
Reactome	30
Reactome	3000
Reactome	30001
Reactome	30008
Reactome	30009
Reactome	30011
Reactome	3004
Reactome	30061
Reactome	301
Reactome	3012
Reactome	3014
Reactome	3015
Reactome	3018
Reactome	302
Reactome	3020
Reactome	3021
Reactome	3028
Reactome	3029
Reactome	3030
Reactome	3032
Reactome	3033
Reactome	3034
Reactome	3035
Reactome	3036
Reactome	3037
Reactome	3038
Reactome	3043
Reactome	3045
Reactome	3046
Reactome	3052
Reactome	3053
Reactome	3054
Reactome	3055
Reactome	306
Reactome	3060
Reactome	3061
Reactome	3062
Reactome	3064
Reactome	3065
Reactome	3066
Reactome	3067
Reactome	3069
Reactome	3070
Reactome	3071
Reactome	3073
Reactome	3074
Reactome	3075
Reactome	3077
Reactome	308
Reactome	3081
Reactome	30814
Reactome	30815
Reactome	30817
Reactome	30818
Reactome	30819
Reactome	3082
Reactome	30820
Reactome	30827
Reactome	3083
Reactome	30832
Reactome	30833
Reactome	30834
Reactome	30835
Reactome	3084
Reactome	30845
Reactome	30846
Reactome	30849
Reactome	30851
Reactome	3087
Reactome	309
Reactome	3090
Reactome	3091
Reactome	3092
Reactome	3093
Reactome	3094
Reactome	30968
Reactome	3098
Reactome	3099
Reactome	31
Reactome	3101
Reactome	3108
Reactome	3109
Reactome	3111
Reactome	3112
Reactome	3113
Reactome	3115
Reactome	3117
Reactome	3119
Reactome	3120
Reactome	3122
Reactome	3126
Reactome	3133
Reactome	3134
Reactome	314
Reactome	3141
Reactome	3145
Reactome	3146
Reactome	3155
Reactome	3156
Reactome	3157
Reactome	3158
Reactome	3159
Reactome	316
Reactome	3161
Reactome	3162
Reactome	3163
Reactome	3164
Reactome	3169
Reactome	3170
Reactome	3171
Reactome	3172
Reactome	3174
Reactome	3175
Reactome	3176
Reactome	317649
Reactome	3177
Reactome	3178
Reactome	318
Reactome	3181
Reactome	3183
Reactome	3184
Reactome	3185
Reactome	3187
Reactome	319
Reactome	3190
Reactome	3191
Reactome	319101
Reactome	3192
Reactome	3198
Reactome	3199
Reactome	32
Reactome	320
Reactome	3200
Reactome	3201
Reactome	3203
Reactome	3207
Reactome	321
Reactome	3211
Reactome	3212
Reactome	3213
Reactome	3214
Reactome	322
Reactome	3221
Reactome	3224
Reactome	3227
Reactome	3231
Reactome	3233
Reactome	3237
Reactome	324
Reactome	3240
Reactome	3242
Reactome	3248
Reactome	3249
Reactome	325
Reactome	3250
Reactome	3251
Reactome	3257
Reactome	3263
Reactome	3265
Reactome	326624
Reactome	326625
Reactome	3267
Reactome	3269
Reactome	327
Reactome	3270
Reactome	3273
Reactome	3274
Reactome	3276
Reactome	328
Reactome	3280
Reactome	3281
Reactome	3283
Reactome	3284
Reactome	329
Reactome	3290
Reactome	3291
Reactome	3292
Reactome	3293
Reactome	3294
Reactome	3295
Reactome	3297
Reactome	33
Reactome	330
Reactome	3301
Reactome	3304
Reactome	3305
Reactome	3306
Reactome	3308
Reactome	3309
Reactome	3310
Reactome	3312
Reactome	3313
Reactome	3315
Reactome	332
Reactome	3320
Reactome	3326
Reactome	3329
Reactome	3336
Reactome	3337
Reactome	3339
Reactome	334
Reactome	3340
Reactome	3347
Reactome	3350
Reactome	3351
Reactome	3352
Reactome	3354
Reactome	3355
Reactome	3356
Reactome	3357
Reactome	3358
Reactome	3359
Reactome	336
Reactome	3360
Reactome	3361
Reactome	3362
Reactome	3363
Reactome	3364
Reactome	337
Reactome	3371
Reactome	3373
Reactome	3375
Reactome	3376
Reactome	337876
Reactome	337879
Reactome	337880
Reactome	337882
Reactome	337970
Reactome	338
Reactome	3381
Reactome	3383
Reactome	338324
Reactome	338328
Reactome	338339
Reactome	338382
Reactome	3384
Reactome	338440
Reactome	3385
Reactome	338557
Reactome	3386
Reactome	338785
Reactome	339
Reactome	339122
Reactome	339221
Reactome	339287
Reactome	339327
Reactome	339366
Reactome	339390
Reactome	3394
Reactome	339487
Reactome	339488
Reactome	339500
Reactome	339559
Reactome	3396
Reactome	3397
Reactome	339745
Reactome	339768
Reactome	3398
Reactome	339896
Reactome	3399
Reactome	339983
Reactome	34
Reactome	3400
Reactome	340024
Reactome	340061
Reactome	340075
Reactome	340205
Reactome	340267
Reactome	340273
Reactome	340348
Reactome	340351
Reactome	340385
Reactome	340419
Reactome	340481
Reactome	340485
Reactome	340602
Reactome	3416
Reactome	3417
Reactome	3418
Reactome	3419
Reactome	341947
Reactome	3420
Reactome	3421
Reactome	3422
Reactome	3423
Reactome	3425
Reactome	342574
Reactome	3426
Reactome	3428
Reactome	342898
Reactome	3429
Reactome	342926
Reactome	342977
Reactome	343
Reactome	3430
Reactome	3433
Reactome	3434
Reactome	343637
Reactome	3437
Reactome	3439
Reactome	344
Reactome	3440
Reactome	3442
Reactome	3443
Reactome	3445
Reactome	344905
Reactome	345
Reactome	3454
Reactome	3455
Reactome	3456
Reactome	3458
Reactome	3459
Reactome	3460
Reactome	346562
Reactome	346606
Reactome	347
Reactome	347240
Reactome	347730
Reactome	347732
Reactome	347734
Reactome	347735
Reactome	3479
Reactome	347902
Reactome	348
Reactome	3480
Reactome	348158
Reactome	348180
Reactome	3482
Reactome	348235
Reactome	348262
Reactome	3483
Reactome	348327
Reactome	3484
Reactome	3485
Reactome	3486
Reactome	348654
Reactome	3487
Reactome	3488
Reactome	3489
Reactome	348938
Reactome	348980
Reactome	348995
Reactome	3490
Reactome	349075
Reactome	3491
Reactome	349565
Reactome	349667
Reactome	35
Reactome	350
Reactome	351
Reactome	3512
Reactome	3516
Reactome	353
Reactome	353132
Reactome	353135
Reactome	353189
Reactome	353274
Reactome	353299
Reactome	353355
Reactome	353497
Reactome	353514
Reactome	354
Reactome	3543
Reactome	3549
Reactome	3550
Reactome	3551
Reactome	3552
Reactome	3553
Reactome	3554
Reactome	3556
Reactome	3557
Reactome	3558
Reactome	3559
Reactome	356
Reactome	3560
Reactome	3561
Reactome	3562
Reactome	3563
Reactome	3565
Reactome	3566
Reactome	3567
Reactome	3568
Reactome	3569
Reactome	3570
Reactome	3572
Reactome	3574
Reactome	3575
Reactome	3576
Reactome	3577
Reactome	3578
Reactome	3579
Reactome	358
Reactome	3581
Reactome	3586
Reactome	3587
Reactome	3588
Reactome	3589
Reactome	359
Reactome	3590
Reactome	3592
Reactome	3593
Reactome	3594
Reactome	3595
Reactome	3596
Reactome	3597
Reactome	359787
Reactome	3598
Reactome	36
Reactome	360
Reactome	3600
Reactome	3601
Reactome	3603
Reactome	3604
Reactome	3605
Reactome	3606
Reactome	3607
Reactome	3608
Reactome	3609
Reactome	361
Reactome	3611
Reactome	3612
Reactome	3613
Reactome	3614
Reactome	3615
Reactome	3619
Reactome	362
Reactome	3620
Reactome	3622
Reactome	3623
Reactome	3624
Reactome	3625
Reactome	3626
Reactome	3627
Reactome	3628
Reactome	363
Reactome	3630
Reactome	3631
Reactome	3632
Reactome	3633
Reactome	3635
Reactome	3636
Reactome	3638
Reactome	364
Reactome	3640
Reactome	3642
Reactome	3643
Reactome	3646
Reactome	3651
Reactome	3654
Reactome	3655
Reactome	3656
Reactome	3658
Reactome	3659
Reactome	366
Reactome	3660
Reactome	3661
Reactome	3662
Reactome	3663
Reactome	3664
Reactome	3665
Reactome	3667
Reactome	3669
Reactome	367
Reactome	3670
Reactome	3671
Reactome	3672
Reactome	3673
Reactome	3674
Reactome	3675
Reactome	3676
Reactome	3678
Reactome	3679
Reactome	368
Reactome	3680
Reactome	3681
Reactome	3682
Reactome	3683
Reactome	3684
Reactome	3685
Reactome	3687
Reactome	3688
Reactome	3689
Reactome	369
Reactome	3690
Reactome	3691
Reactome	3693
Reactome	3695
Reactome	3696
Reactome	3698
Reactome	3699
Reactome	37
Reactome	3700
Reactome	3702
Reactome	3703
Reactome	3704
Reactome	3705
Reactome	3706
Reactome	3707
Reactome	3708
Reactome	3709
Reactome	3710
Reactome	3712
Reactome	3713
Reactome	3714
Reactome	3716
Reactome	3717
Reactome	3718
Reactome	372
Reactome	3720
Reactome	3725
Reactome	3726
Reactome	3727
Reactome	3728
Reactome	3730
Reactome	373156
Reactome	3735
Reactome	3736
Reactome	3737
Reactome	3738
Reactome	3739
Reactome	374
Reactome	3741
Reactome	374291
Reactome	3743
Reactome	374354
Reactome	374378
Reactome	374383
Reactome	3744
Reactome	374403
Reactome	374454
Reactome	3745
Reactome	374569
Reactome	3746
Reactome	374654
Reactome	374655
Reactome	3747
Reactome	3748
Reactome	374868
Reactome	374897
Reactome	3749
Reactome	374900
Reactome	374907
Reactome	374969
Reactome	374986
Reactome	375
Reactome	3750
Reactome	375056
Reactome	3751
Reactome	3752
Reactome	3754
Reactome	3755
Reactome	3756
Reactome	3757
Reactome	375775
Reactome	375790
Reactome	3758
Reactome	3759
Reactome	3760
Reactome	3761
Reactome	3762
Reactome	376267
Reactome	3763
Reactome	3764
Reactome	376497
Reactome	3765
Reactome	3766
Reactome	3767
Reactome	3768
Reactome	377
Reactome	3770
Reactome	3772
Reactome	3773
Reactome	3775
Reactome	3776
Reactome	377677
Reactome	3777
Reactome	3778
Reactome	3779
Reactome	378
Reactome	3780
Reactome	3781
Reactome	3782
Reactome	3783
Reactome	3784
Reactome	3785
Reactome	3786
Reactome	3787
Reactome	378708
Reactome	3788
Reactome	3790
Reactome	3791
Reactome	3792
Reactome	3795
Reactome	3796
Reactome	3797
Reactome	3798
Reactome	3799
Reactome	38
Reactome	3800
Reactome	3801
Reactome	3809
Reactome	381
Reactome	3814
Reactome	3815
Reactome	3816
Reactome	3817
Reactome	3818
Reactome	382
Reactome	3820
Reactome	3824
Reactome	3827
Reactome	383
Reactome	3831
Reactome	3832
Reactome	3833
Reactome	3834
Reactome	3835
Reactome	3836
Reactome	3837
Reactome	3838
Reactome	3839
Reactome	384
Reactome	3840
Reactome	3841
Reactome	3842
Reactome	3843
Reactome	3845
Reactome	3846
Reactome	3848
Reactome	3849
Reactome	3850
Reactome	3851
Reactome	3852
Reactome	3853
Reactome	3854
Reactome	3855
Reactome	3857
Reactome	3858
Reactome	3859
Reactome	3860
Reactome	3861
Reactome	3866
Reactome	386678
Reactome	3868
Reactome	387
Reactome	387032
Reactome	387103
Reactome	3872
Reactome	387263
Reactome	387338
Reactome	387893
Reactome	387921
Reactome	388
Reactome	3880
Reactome	3881
Reactome	388121
Reactome	3882
Reactome	3884
Reactome	388531
Reactome	388533
Reactome	388552
Reactome	388566
Reactome	388567
Reactome	388569
Reactome	388585
Reactome	3886
Reactome	388677
Reactome	388698
Reactome	3887
Reactome	388743
Reactome	388753
Reactome	3888
Reactome	3889
Reactome	389
Reactome	3890
Reactome	3891
Reactome	389114
Reactome	3892
Reactome	389203
Reactome	389337
Reactome	389362
Reactome	389434
Reactome	3895
Reactome	389541
Reactome	3897
Reactome	389812
Reactome	39
Reactome	390
Reactome	390058
Reactome	390059
Reactome	390063
Reactome	390064
Reactome	390066
Reactome	3902
Reactome	3903
Reactome	3904
Reactome	3906
Reactome	3908
Reactome	390892
Reactome	3909
Reactome	390916
Reactome	390927
Reactome	391
Reactome	3910
Reactome	3911
Reactome	3912
Reactome	3913
Reactome	3914
Reactome	3915
Reactome	3916
Reactome	3918
Reactome	392
Reactome	3920
Reactome	3925
Reactome	3929
Reactome	393
Reactome	3930
Reactome	3931
Reactome	3932
Reactome	3933
Reactome	3934
Reactome	3936
Reactome	3937
Reactome	3938
Reactome	3939
Reactome	394
Reactome	3948
Reactome	3949
Reactome	395
Reactome	3952
Reactome	3953
Reactome	3954
Reactome	3955
Reactome	3956
Reactome	3958
Reactome	3959
Reactome	396
Reactome	3965
Reactome	397
Reactome	3973
Reactome	3975
Reactome	3976
Reactome	3977
Reactome	3978
Reactome	398
Reactome	3980
Reactome	3981
Reactome	3983
Reactome	3984
Reactome	3985
Reactome	3987
Reactome	3988
Reactome	399
Reactome	3990
Reactome	3991
Reactome	3992
Reactome	399473
Reactome	399687
Reactome	399693
Reactome	3998
Reactome	399818
Reactome	40
Reactome	400
Reactome	4000
Reactome	4004
Reactome	4005
Reactome	400569
Reactome	4008
Reactome	400830
Reactome	400916
Reactome	4012
Reactome	4014
Reactome	401494
Reactome	4015
Reactome	401505
Reactome	4016
Reactome	4017
Reactome	4018
Reactome	4023
Reactome	4025
Reactome	403
Reactome	4033
Reactome	403313
Reactome	403314
Reactome	4035
Reactome	4036
Reactome	4038
Reactome	4040
Reactome	4041
Reactome	404203
Reactome	4045
Reactome	404672
Reactome	4047
Reactome	4048
Reactome	4049
Reactome	405
Reactome	4050
Reactome	4051
Reactome	4052
Reactome	4053
Reactome	4054
Reactome	4055
Reactome	4056
Reactome	4057
Reactome	405753
Reactome	4058
Reactome	406
Reactome	4060
Reactome	4061
Reactome	4062
Reactome	4064
Reactome	4066
Reactome	4067
Reactome	4068
Reactome	4069
Reactome	4072
Reactome	4074
Reactome	4077
Reactome	408
Reactome	4082
Reactome	4085
Reactome	4086
Reactome	4087
Reactome	4088
Reactome	4089
Reactome	409
Reactome	4090
Reactome	4091
Reactome	4092
Reactome	4093
Reactome	4094
Reactome	4097
Reactome	4099
Reactome	41
Reactome	410
Reactome	411
Reactome	4116
Reactome	412
Reactome	4121
Reactome	4122
Reactome	4123
Reactome	4124
Reactome	4125
Reactome	4126
Reactome	4128
Reactome	4129
Reactome	4131
Reactome	414
Reactome	4140
Reactome	4141
Reactome	4142
Reactome	4143
Reactome	4144
Reactome	4145
Reactome	4146
Reactome	4148
Reactome	4149
Reactome	414918
Reactome	415
Reactome	4151
Reactome	4152
Reactome	4153
Reactome	4155
Reactome	4157
Reactome	4158
Reactome	4159
Reactome	416
Reactome	4160
Reactome	4161
Reactome	4162
Reactome	4166
Reactome	4168
Reactome	417
Reactome	4170
Reactome	4171
Reactome	4172
Reactome	4173
Reactome	4174
Reactome	4175
Reactome	4176
Reactome	4179
Reactome	4185
Reactome	4189
Reactome	419
Reactome	4190
Reactome	4191
Reactome	4192
Reactome	4193
Reactome	4194
Reactome	4199
Reactome	420
Reactome	4200
Reactome	4204
Reactome	4205
Reactome	4208
Reactome	4209
Reactome	4211
Reactome	4214
Reactome	4215
Reactome	4217
Reactome	4218
Reactome	4221
Reactome	4233
Reactome	4234
Reactome	4236
Reactome	4237
Reactome	4238
Reactome	4239
Reactome	4240
Reactome	4241
Reactome	4242
Reactome	4245
Reactome	4247
Reactome	4248
Reactome	4249
Reactome	4253
Reactome	4254
Reactome	4255
Reactome	4257
Reactome	4258
Reactome	4259
Reactome	4261
Reactome	4267
Reactome	427
Reactome	4277
Reactome	4281
Reactome	4282
Reactome	4283
Reactome	4284
Reactome	4286
Reactome	4287
Reactome	4289
Reactome	429
Reactome	4292
Reactome	4295
Reactome	4296
Reactome	4297
Reactome	4298
Reactome	43
Reactome	4300
Reactome	4301
Reactome	4303
Reactome	4306
Reactome	4308
Reactome	4311
Reactome	4312
Reactome	4313
Reactome	4314
Reactome	4316
Reactome	4317
Reactome	4318
Reactome	4319
Reactome	432
Reactome	4320
Reactome	4321
Reactome	4322
Reactome	4323
Reactome	4324
Reactome	4325
Reactome	4326
Reactome	4327
Reactome	4329
Reactome	433
Reactome	4331
Reactome	4332
Reactome	4336
Reactome	4337
Reactome	4338
Reactome	4343
Reactome	4345
Reactome	435
Reactome	4350
Reactome	4351
Reactome	4352
Reactome	4353
Reactome	4354
Reactome	4357
Reactome	4358
Reactome	4359
Reactome	4360
Reactome	4361
Reactome	4363
Reactome	438
Reactome	43847
Reactome	43849
Reactome	439
Reactome	440
Reactome	440073
Reactome	440145
Reactome	440193
Reactome	440275
Reactome	440515
Reactome	440574
Reactome	440699
Reactome	440738
Reactome	440854
Reactome	440957
Reactome	441024
Reactome	442117
Reactome	442184
Reactome	442186
Reactome	442191
Reactome	442194
Reactome	442319
Reactome	443
Reactome	4435
Reactome	4436
Reactome	4437
Reactome	4438
Reactome	444
Reactome	4440
Reactome	445
Reactome	4478
Reactome	4481
Reactome	4482
Reactome	4486
Reactome	4487
Reactome	4488
Reactome	4495
Reactome	4499
Reactome	4504
Reactome	4507
Reactome	4508
Reactome	4512
Reactome	4513
Reactome	4520
Reactome	4521
Reactome	4522
Reactome	4524
Reactome	4528
Reactome	4534
Reactome	4536
Reactome	4538
Reactome	4541
Reactome	4543
Reactome	4544
Reactome	4547
Reactome	4548
Reactome	4552
Reactome	4580
Reactome	4582
Reactome	4583
Reactome	4584
Reactome	4585
Reactome	4586
Reactome	4588
Reactome	4589
Reactome	4591
Reactome	4593
Reactome	4594
Reactome	4595
Reactome	4597
Reactome	4598
Reactome	4599
Reactome	4600
Reactome	4602
Reactome	4603
Reactome	4604
Reactome	4605
Reactome	4606
Reactome	4607
Reactome	4609
Reactome	4613
Reactome	4615
Reactome	4617
Reactome	4618
Reactome	462
Reactome	4620
Reactome	4621
Reactome	4624
Reactome	4626
Reactome	4627
Reactome	4628
Reactome	4629
Reactome	463
Reactome	4632
Reactome	4633
Reactome	4634
Reactome	4636
Reactome	4637
Reactome	4638
Reactome	4641
Reactome	4644
Reactome	4645
Reactome	4646
Reactome	4647
Reactome	4649
Reactome	4650
Reactome	4651
Reactome	4654
Reactome	4656
Reactome	4659
Reactome	466
Reactome	4660
Reactome	4664
Reactome	4665
Reactome	4666
Reactome	4669
Reactome	467
Reactome	4670
Reactome	4677
Reactome	468
Reactome	4680
Reactome	4682
Reactome	4683
Reactome	4684
Reactome	4686
Reactome	4688
Reactome	4689
Reactome	4690
Reactome	4691
Reactome	4692
Reactome	4694
Reactome	4695
Reactome	4696
Reactome	4697
Reactome	4698
Reactome	47
Reactome	4700
Reactome	4701
Reactome	4702
Reactome	4703
Reactome	4704
Reactome	4705
Reactome	4706
Reactome	4707
Reactome	4708
Reactome	4709
Reactome	471
Reactome	4710
Reactome	4711
Reactome	4712
Reactome	4713
Reactome	4714
Reactome	4715
Reactome	4716
Reactome	4717
Reactome	4718
Reactome	4719
Reactome	472
Reactome	4720
Reactome	4722
Reactome	4723
Reactome	4724
Reactome	4725
Reactome	4726
Reactome	4728
Reactome	4729
Reactome	4731
Reactome	4733
Reactome	4734
Reactome	4735
Reactome	4736
Reactome	4738
Reactome	4747
Reactome	475
Reactome	4750
Reactome	4751
Reactome	4753
Reactome	4756
Reactome	4758
Reactome	4759
Reactome	476
Reactome	4760
Reactome	4763
Reactome	477
Reactome	4771
Reactome	4772
Reactome	4773
Reactome	4774
Reactome	4775
Reactome	4778
Reactome	478
Reactome	4780
Reactome	4781
Reactome	4782
Reactome	4784
Reactome	479
Reactome	4790
Reactome	4791
Reactome	4792
Reactome	4793
Reactome	4794
Reactome	4798
Reactome	48
Reactome	480
Reactome	4800
Reactome	4801
Reactome	4802
Reactome	4803
Reactome	4809
Reactome	481
Reactome	4810
Reactome	4811
Reactome	482
Reactome	4821
Reactome	4825
Reactome	4828
Reactome	4829
Reactome	483
Reactome	4830
Reactome	4832
Reactome	4833
Reactome	4835
Reactome	4837
Reactome	4838
Reactome	4839
Reactome	4842
Reactome	4843
Reactome	4846
Reactome	4848
Reactome	4849
Reactome	4850
Reactome	4851
Reactome	4852
Reactome	4853
Reactome	4854
Reactome	4855
Reactome	486
Reactome	4860
Reactome	4862
Reactome	4864
Reactome	4867
Reactome	4868
Reactome	4869
Reactome	487
Reactome	4878
Reactome	488
Reactome	4880
Reactome	4881
Reactome	4882
Reactome	4886
Reactome	4887
Reactome	4889
Reactome	489
Reactome	4891
Reactome	4893
Reactome	4897
Reactome	4899
Reactome	49
Reactome	490
Reactome	4900
Reactome	4902
Reactome	4904
Reactome	4905
Reactome	4907
Reactome	4908
Reactome	4909
Reactome	491
Reactome	4913
Reactome	4914
Reactome	4915
Reactome	4916
Reactome	4919
Reactome	492
Reactome	4920
Reactome	4921
Reactome	4922
Reactome	4923
Reactome	4924
Reactome	4926
Reactome	4927
Reactome	4928
Reactome	4929
Reactome	493
Reactome	4935
Reactome	493753
Reactome	4938
Reactome	493829
Reactome	493861
Reactome	493869
Reactome	4939
Reactome	4940
Reactome	494143
Reactome	4942
Reactome	4943
Reactome	494513
Reactome	4946
Reactome	4947
Reactome	4948
Reactome	495
Reactome	4952
Reactome	4953
Reactome	4957
Reactome	4958
Reactome	496
Reactome	4967
Reactome	4968
Reactome	4969
Reactome	4973
Reactome	4974
Reactome	4976
Reactome	4978
Reactome	498
Reactome	4982
Reactome	4985
Reactome	4986
Reactome	49861
Reactome	4987
Reactome	4988
Reactome	4991
Reactome	4992
Reactome	4993
Reactome	4994
Reactome	4995
Reactome	4998
Reactome	4999
Reactome	50
Reactome	5000
Reactome	5001
Reactome	5002
Reactome	5004
Reactome	5007
Reactome	5008
Reactome	5009
Reactome	501
Reactome	5010
Reactome	5015
Reactome	5016
Reactome	5018
Reactome	5019
Reactome	5021
Reactome	5023
Reactome	5024
Reactome	5025
Reactome	5026
Reactome	5027
Reactome	5028
Reactome	5029
Reactome	5030
Reactome	5031
Reactome	5033
Reactome	5034
Reactome	503542
Reactome	5036
Reactome	5037
Reactome	5045
Reactome	5046
Reactome	5048
Reactome	50484
Reactome	50486
Reactome	50487
Reactome	50488
Reactome	50489
Reactome	5049
Reactome	5050
Reactome	50506
Reactome	50507
Reactome	50508
Reactome	50509
Reactome	5051
Reactome	50511
Reactome	50512
Reactome	50515
Reactome	5052
Reactome	5053
Reactome	5054
Reactome	5055
Reactome	5058
Reactome	506
Reactome	50604
Reactome	50614
Reactome	50615
Reactome	50616
Reactome	50617
Reactome	50618
Reactome	50619
Reactome	5062
Reactome	50628
Reactome	5063
Reactome	50636
Reactome	50640
Reactome	50649
Reactome	50650
Reactome	5067
Reactome	50674
Reactome	5068
Reactome	5069
Reactome	50700
Reactome	5071
Reactome	50717
Reactome	5073
Reactome	5076
Reactome	5077
Reactome	5079
Reactome	5080
Reactome	50801
Reactome	50807
Reactome	50808
Reactome	5081
Reactome	50813
Reactome	50814
Reactome	5082
Reactome	50831
Reactome	50832
Reactome	50833
Reactome	50834
Reactome	50835
Reactome	50836
Reactome	50837
Reactome	50838
Reactome	50839
Reactome	50840
Reactome	50846
Reactome	50848
Reactome	50852
Reactome	50855
Reactome	50856
Reactome	50859
Reactome	50863
Reactome	50865
Reactome	5087
Reactome	509
Reactome	5091
Reactome	5092
Reactome	5093
Reactome	50937
Reactome	5094
Reactome	50940
Reactome	50943
Reactome	50944
Reactome	5095
Reactome	5096
Reactome	50964
Reactome	5099
Reactome	50999
Reactome	51
Reactome	51000
Reactome	51001
Reactome	51002
Reactome	51003
Reactome	51004
Reactome	51005
Reactome	51008
Reactome	51009
Reactome	51010
Reactome	51013
Reactome	51014
Reactome	51021
Reactome	51023
Reactome	51024
Reactome	51025
Reactome	51028
Reactome	51035
Reactome	5104
Reactome	51046
Reactome	5105
Reactome	51053
Reactome	51058
Reactome	5106
Reactome	51061
Reactome	51065
Reactome	51067
Reactome	51069
Reactome	51070
Reactome	51071
Reactome	51073
Reactome	51076
Reactome	51077
Reactome	51079
Reactome	5108
Reactome	51081
Reactome	51082
Reactome	51083
Reactome	51084
Reactome	51085
Reactome	51088
Reactome	51091
Reactome	51094
Reactome	51095
Reactome	51096
Reactome	51097
Reactome	51098
Reactome	51099
Reactome	5110
Reactome	51102
Reactome	51103
Reactome	51104
Reactome	51105
Reactome	51106
Reactome	51107
Reactome	51109
Reactome	5111
Reactome	51111
Reactome	51112
Reactome	51114
Reactome	51116
Reactome	51117
Reactome	51118
Reactome	51121
Reactome	51122
Reactome	51123
Reactome	51125
Reactome	51127
Reactome	51128
Reactome	51129
Reactome	51130
Reactome	51132
Reactome	51133
Reactome	51134
Reactome	51135
Reactome	51138
Reactome	51141
Reactome	51142
Reactome	51143
Reactome	51144
Reactome	51146
Reactome	51147
Reactome	51151
Reactome	51156
Reactome	5116
Reactome	51160
Reactome	51164
Reactome	51166
Reactome	51167
Reactome	51168
Reactome	51170
Reactome	51171
Reactome	51176
Reactome	51179
Reactome	5118
Reactome	51181
Reactome	51182
Reactome	51185
Reactome	5119
Reactome	51191
Reactome	51196
Reactome	51201
Reactome	51204
Reactome	51205
Reactome	51206
Reactome	51208
Reactome	51209
Reactome	51213
Reactome	51218
Reactome	5122
Reactome	51224
Reactome	51226
Reactome	51227
Reactome	51228
Reactome	51230
Reactome	51231
Reactome	51234
Reactome	51241
Reactome	51246
Reactome	51248
Reactome	5125
Reactome	51250
Reactome	51251
Reactome	51253
Reactome	51255
Reactome	51256
Reactome	51258
Reactome	51259
Reactome	5126
Reactome	51263
Reactome	51264
Reactome	51266
Reactome	51268
Reactome	51271
Reactome	51272
Reactome	51276
Reactome	51280
Reactome	51284
Reactome	51287
Reactome	51291
Reactome	51292
Reactome	51293
Reactome	51296
Reactome	51297
Reactome	51299
Reactome	513
Reactome	5130
Reactome	51300
Reactome	51301
Reactome	51302
Reactome	51304
Reactome	51305
Reactome	51306
Reactome	51310
Reactome	51311
Reactome	51312
Reactome	51316
Reactome	51317
Reactome	51318
Reactome	51320
Reactome	51322
Reactome	5133
Reactome	51330
Reactome	51332
Reactome	51333
Reactome	51335
Reactome	51339
Reactome	51340
Reactome	51343
Reactome	51347
Reactome	51348
Reactome	51350
Reactome	5136
Reactome	51360
Reactome	51362
Reactome	51363
Reactome	51365
Reactome	51367
Reactome	51368
Reactome	5137
Reactome	51371
Reactome	51373
Reactome	51377
Reactome	51378
Reactome	5138
Reactome	51380
Reactome	51382
Reactome	51384
Reactome	51385
Reactome	51386
Reactome	51388
Reactome	51389
Reactome	5139
Reactome	51393
Reactome	51397
Reactome	51399
Reactome	514
Reactome	5140
Reactome	51400
Reactome	5141
Reactome	51411
Reactome	51412
Reactome	5142
Reactome	51421
Reactome	51422
Reactome	51426
Reactome	51428
Reactome	51429
Reactome	51433
Reactome	51434
Reactome	5144
Reactome	51444
Reactome	5145
Reactome	51451
Reactome	51455
Reactome	51458
Reactome	51465
Reactome	51466
Reactome	5147
Reactome	51475
Reactome	51477
Reactome	51479
Reactome	5148
Reactome	51493
Reactome	51495
Reactome	51499
Reactome	515
Reactome	5150
Reactome	51501
Reactome	51503
Reactome	51504
Reactome	5151
Reactome	51510
Reactome	51512
Reactome	51514
Reactome	51517
Reactome	5152
Reactome	51520
Reactome	51523
Reactome	51529
Reactome	5153
Reactome	51530
Reactome	51534
Reactome	51535
Reactome	5154
Reactome	51540
Reactome	51542
Reactome	51548
Reactome	5155
Reactome	51552
Reactome	51554
Reactome	5156
Reactome	51560
Reactome	51561
Reactome	51562
Reactome	51564
Reactome	51566
Reactome	51567
Reactome	51571
Reactome	51573
Reactome	5158
Reactome	51582
Reactome	51585
Reactome	51586
Reactome	51588
Reactome	5159
Reactome	51592
Reactome	51593
Reactome	51594
Reactome	51599
Reactome	516
Reactome	5160
Reactome	51601
Reactome	51602
Reactome	51604
Reactome	51605
Reactome	51606
Reactome	51608
Reactome	5161
Reactome	51611
Reactome	51616
Reactome	51619
Reactome	5162
Reactome	51622
Reactome	51626
Reactome	5163
Reactome	51634
Reactome	51637
Reactome	51639
Reactome	5164
Reactome	51642
Reactome	51645
Reactome	51646
Reactome	51647
Reactome	51649
Reactome	5165
Reactome	51650
Reactome	51651
Reactome	51659
Reactome	5166
Reactome	51660
Reactome	51665
Reactome	51666
Reactome	51667
Reactome	51668
Reactome	5167
Reactome	51676
Reactome	5168
Reactome	51684
Reactome	51686
Reactome	5169
Reactome	51690
Reactome	51691
Reactome	51692
Reactome	51693
Reactome	51699
Reactome	517
Reactome	5170
Reactome	51700
Reactome	51701
Reactome	51702
Reactome	51703
Reactome	51706
Reactome	51715
Reactome	51719
Reactome	51720
Reactome	51725
Reactome	51726
Reactome	51727
Reactome	51728
Reactome	51729
Reactome	5173
Reactome	51733
Reactome	51734
Reactome	51738
Reactome	51741
Reactome	51742
Reactome	51744
Reactome	51747
Reactome	5175
Reactome	51752
Reactome	51755
Reactome	51759
Reactome	51761
Reactome	51762
Reactome	51763
Reactome	51765
Reactome	51773
Reactome	51780
Reactome	5179
Reactome	518
Reactome	51802
Reactome	51805
Reactome	51806
Reactome	51807
Reactome	51808
Reactome	51809
Reactome	51816
Reactome	5187
Reactome	5189
Reactome	5190
Reactome	5191
Reactome	5192
Reactome	5193
Reactome	5194
Reactome	5195
Reactome	5197
Reactome	5198
Reactome	5199
Reactome	5201
Reactome	5202
Reactome	5203
Reactome	5204
Reactome	5205
Reactome	5207
Reactome	5208
Reactome	5209
Reactome	5210
Reactome	5211
Reactome	5213
Reactome	5214
Reactome	5216
Reactome	5217
Reactome	522
Reactome	5223
Reactome	5224
Reactome	5226
Reactome	5228
Reactome	5229
Reactome	523
Reactome	5230
Reactome	5232
Reactome	5236
Reactome	5238
Reactome	5241
Reactome	5243
Reactome	5244
Reactome	5245
Reactome	525
Reactome	5252
Reactome	5253
Reactome	5255
Reactome	5256
Reactome	5257
Reactome	526
Reactome	5260
Reactome	5261
Reactome	5264
Reactome	5265
Reactome	5266
Reactome	5267
Reactome	5269
Reactome	527
Reactome	5270
Reactome	5271
Reactome	5273
Reactome	5275
Reactome	5277
Reactome	5279
Reactome	528
Reactome	5281
Reactome	5283
Reactome	5284
Reactome	5286
Reactome	5287
Reactome	5288
Reactome	5289
Reactome	529
Reactome	5290
Reactome	5291
Reactome	5292
Reactome	5293
Reactome	5294
Reactome	5295
Reactome	5296
Reactome	5297
Reactome	5298
Reactome	5300
Reactome	5304
Reactome	5305
Reactome	5306
Reactome	5308
Reactome	5310
Reactome	5311
Reactome	5313
Reactome	5315
Reactome	5316
Reactome	5318
Reactome	5319
Reactome	5320
Reactome	5321
Reactome	5322
Reactome	5325
Reactome	5327
Reactome	5328
Reactome	5329
Reactome	533
Reactome	5330
Reactome	5332
Reactome	5333
Reactome	53335
Reactome	53339
Reactome	53343
Reactome	5335
Reactome	53354
Reactome	53358
Reactome	5336
Reactome	5337
Reactome	53371
Reactome	53373
Reactome	5338
Reactome	534
Reactome	5340
Reactome	53405
Reactome	53407
Reactome	5341
Reactome	5345
Reactome	5346
Reactome	5347
Reactome	5348
Reactome	5349
Reactome	535
Reactome	5350
Reactome	5351
Reactome	5352
Reactome	5356
Reactome	5357
Reactome	5360
Reactome	5361
Reactome	53615
Reactome	53616
Reactome	5362
Reactome	53630
Reactome	53632
Reactome	53637
Reactome	5364
Reactome	5365
Reactome	5366
Reactome	5367
Reactome	5368
Reactome	537
Reactome	5371
Reactome	5372
Reactome	5373
Reactome	5376
Reactome	538
Reactome	53822
Reactome	53826
Reactome	53828
Reactome	53829
Reactome	53831
Reactome	53832
Reactome	53833
Reactome	53834
Reactome	539
Reactome	53904
Reactome	53905
Reactome	53916
Reactome	53917
Reactome	53918
Reactome	53919
Reactome	5393
Reactome	53938
Reactome	5394
Reactome	53942
Reactome	53947
Reactome	53981
Reactome	54
Reactome	540
Reactome	54014
Reactome	54020
Reactome	5406
Reactome	54069
Reactome	5407
Reactome	5408
Reactome	5409
Reactome	54106
Reactome	54107
Reactome	5411
Reactome	5414
Reactome	54148
Reactome	54165
Reactome	54187
Reactome	54207
Reactome	54209
Reactome	54210
Reactome	5422
Reactome	54221
Reactome	5423
Reactome	5424
Reactome	5425
Reactome	5426
Reactome	5427
Reactome	5428
Reactome	5429
Reactome	5430
Reactome	5431
Reactome	5432
Reactome	5433
Reactome	54331
Reactome	54332
Reactome	5434
Reactome	54344
Reactome	5435
Reactome	5436
Reactome	54361
Reactome	54363
Reactome	5437
Reactome	5438
Reactome	54386
Reactome	5440
Reactome	54407
Reactome	5441
Reactome	54413
Reactome	5442
Reactome	54429
Reactome	5443
Reactome	54431
Reactome	54433
Reactome	54437
Reactome	54438
Reactome	54439
Reactome	5444
Reactome	54443
Reactome	5445
Reactome	54453
Reactome	54456
Reactome	54457
Reactome	5446
Reactome	54460
Reactome	54461
Reactome	54463
Reactome	54464
Reactome	54468
Reactome	54469
Reactome	5447
Reactome	54471
Reactome	54472
Reactome	54474
Reactome	54476
Reactome	54477
Reactome	54480
Reactome	54482
Reactome	54487
Reactome	54492
Reactome	54495
Reactome	54496
Reactome	54498
Reactome	545
Reactome	54507
Reactome	54509
Reactome	5451
Reactome	54511
Reactome	54512
Reactome	54514
Reactome	54516
Reactome	54517
Reactome	54518
Reactome	5452
Reactome	5453
Reactome	54534
Reactome	54536
Reactome	54539
Reactome	5454
Reactome	54541
Reactome	54545
Reactome	54549
Reactome	5455
Reactome	54555
Reactome	54556
Reactome	54567
Reactome	5457
Reactome	54576
Reactome	54578
Reactome	5458
Reactome	54583
Reactome	54585
Reactome	54587
Reactome	546
Reactome	54617
Reactome	54620
Reactome	54623
Reactome	54625
Reactome	5464
Reactome	5465
Reactome	54658
Reactome	54662
Reactome	5467
Reactome	54675
Reactome	54676
Reactome	54677
Reactome	5468
Reactome	5469
Reactome	547
Reactome	54700
Reactome	54704
Reactome	5471
Reactome	54715
Reactome	54716
Reactome	5473
Reactome	54732
Reactome	54734
Reactome	54737
Reactome	54739
Reactome	54742
Reactome	5475
Reactome	54751
Reactome	54756
Reactome	54757
Reactome	5476
Reactome	54763
Reactome	54764
Reactome	54766
Reactome	54778
Reactome	5478
Reactome	54780
Reactome	5479
Reactome	54790
Reactome	54795
Reactome	54797
Reactome	54801
Reactome	54802
Reactome	54806
Reactome	54807
Reactome	5481
Reactome	54811
Reactome	54815
Reactome	54820
Reactome	54821
Reactome	54822
Reactome	54829
Reactome	54831
Reactome	54839
Reactome	54843
Reactome	54845
Reactome	54848
Reactome	54850
Reactome	54859
Reactome	54863
Reactome	54872
Reactome	54874
Reactome	54876
Reactome	54881
Reactome	54883
Reactome	54884
Reactome	54885
Reactome	54886
Reactome	54888
Reactome	54890
Reactome	54891
Reactome	54892
Reactome	54893
Reactome	54894
Reactome	54896
Reactome	54898
Reactome	549
Reactome	54901
Reactome	54902
Reactome	54903
Reactome	54904
Reactome	54905
Reactome	54908
Reactome	54913
Reactome	54918
Reactome	54920
Reactome	54921
Reactome	54925
Reactome	54926
Reactome	54927
Reactome	54928
Reactome	5493
Reactome	54930
Reactome	54931
Reactome	54934
Reactome	54936
Reactome	54938
Reactome	54939
Reactome	5494
Reactome	54941
Reactome	54947
Reactome	54948
Reactome	54949
Reactome	5495
Reactome	54951
Reactome	54956
Reactome	54959
Reactome	54960
Reactome	54962
Reactome	54963
Reactome	54965
Reactome	54971
Reactome	54972
Reactome	54973
Reactome	54974
Reactome	54979
Reactome	5498
Reactome	54981
Reactome	54988
Reactome	54989
Reactome	5499
Reactome	54994
Reactome	54995
Reactome	54996
Reactome	55
Reactome	550
Reactome	5500
Reactome	55004
Reactome	55006
Reactome	55008
Reactome	5501
Reactome	55013
Reactome	55014
Reactome	55023
Reactome	55031
Reactome	55033
Reactome	55034
Reactome	55037
Reactome	55039
Reactome	55048
Reactome	55052
Reactome	55054
Reactome	55055
Reactome	55062
Reactome	55065
Reactome	55066
Reactome	5507
Reactome	55070
Reactome	55075
Reactome	55081
Reactome	55083
Reactome	55089
Reactome	55090
Reactome	55094
Reactome	551
Reactome	55100
Reactome	55101
Reactome	55107
Reactome	55109
Reactome	5511
Reactome	55110
Reactome	55112
Reactome	55114
Reactome	55117
Reactome	55120
Reactome	55124
Reactome	55125
Reactome	55127
Reactome	55128
Reactome	55129
Reactome	55131
Reactome	55135
Reactome	55139
Reactome	5514
Reactome	55140
Reactome	55142
Reactome	55143
Reactome	55144
Reactome	55149
Reactome	5515
Reactome	55157
Reactome	5516
Reactome	55160
Reactome	55163
Reactome	55164
Reactome	55166
Reactome	55167
Reactome	55168
Reactome	55170
Reactome	55173
Reactome	55174
Reactome	55175
Reactome	55176
Reactome	55178
Reactome	5518
Reactome	55181
Reactome	55182
Reactome	55183
Reactome	5519
Reactome	55191
Reactome	55193
Reactome	55197
Reactome	552
Reactome	5520
Reactome	55200
Reactome	55203
Reactome	55208
Reactome	55211
Reactome	55212
Reactome	55214
Reactome	55215
Reactome	55217
Reactome	55219
Reactome	55223
Reactome	55224
Reactome	55226
Reactome	55227
Reactome	55229
Reactome	55233
Reactome	55234
Reactome	55236
Reactome	55239
Reactome	55240
Reactome	55243
Reactome	55244
Reactome	55245
Reactome	55247
Reactome	5525
Reactome	55250
Reactome	55252
Reactome	55253
Reactome	55256
Reactome	55257
Reactome	5526
Reactome	5527
Reactome	55270
Reactome	55272
Reactome	55274
Reactome	55275
Reactome	55276
Reactome	5528
Reactome	55283
Reactome	55284
Reactome	55288
Reactome	55289
Reactome	5529
Reactome	55290
Reactome	552900
Reactome	55291
Reactome	55294
Reactome	553
Reactome	5530
Reactome	55300
Reactome	55301
Reactome	55304
Reactome	5531
Reactome	55312
Reactome	55313
Reactome	55315
Reactome	5532
Reactome	55320
Reactome	55326
Reactome	55327
Reactome	55328
Reactome	5533
Reactome	55330
Reactome	55331
Reactome	55336
Reactome	55339
Reactome	5534
Reactome	55343
Reactome	55347
Reactome	55349
Reactome	55352
Reactome	55355
Reactome	55356
Reactome	55357
Reactome	5536
Reactome	55361
Reactome	55364
Reactome	55366
Reactome	55367
Reactome	5537
Reactome	5538
Reactome	55388
Reactome	5539
Reactome	554
Reactome	55422
Reactome	55423
Reactome	55432
Reactome	55437
Reactome	55454
Reactome	5546
Reactome	55466
Reactome	5547
Reactome	55471
Reactome	55486
Reactome	5549
Reactome	55500
Reactome	55501
Reactome	55503
Reactome	55505
Reactome	5551
Reactome	55512
Reactome	55515
Reactome	5552
Reactome	55521
Reactome	55526
Reactome	55527
Reactome	5553
Reactome	55532
Reactome	55534
Reactome	55540
Reactome	55553
Reactome	55558
Reactome	55568
Reactome	5557
Reactome	55571
Reactome	55572
Reactome	55576
Reactome	55577
Reactome	55578
Reactome	5558
Reactome	55582
Reactome	55584
Reactome	55585
Reactome	55586
Reactome	55588
Reactome	55593
Reactome	55596
Reactome	55599
Reactome	55600
Reactome	55604
Reactome	55605
Reactome	55611
Reactome	55613
Reactome	55614
Reactome	55615
Reactome	55617
Reactome	55619
Reactome	5562
Reactome	55620
Reactome	55621
Reactome	55623
Reactome	55624
Reactome	55625
Reactome	55626
Reactome	55629
Reactome	5563
Reactome	55630
Reactome	55634
Reactome	5564
Reactome	55644
Reactome	55647
Reactome	5565
Reactome	55650
Reactome	55651
Reactome	55656
Reactome	55657
Reactome	55658
Reactome	55659
Reactome	5566
Reactome	55660
Reactome	55662
Reactome	55663
Reactome	55664
Reactome	55666
Reactome	55667
Reactome	55669
Reactome	5567
Reactome	55670
Reactome	55677
Reactome	55679
Reactome	5568
Reactome	55683
Reactome	55687
Reactome	55689
Reactome	55690
Reactome	55693
Reactome	55696
Reactome	55697
Reactome	55699
Reactome	55701
Reactome	55702
Reactome	55703
Reactome	55704
Reactome	55706
Reactome	55707
Reactome	5571
Reactome	55711
Reactome	55713
Reactome	55715
Reactome	55717
Reactome	55718
Reactome	55720
Reactome	55722
Reactome	55726
Reactome	55729
Reactome	5573
Reactome	55732
Reactome	55733
Reactome	55735
Reactome	55737
Reactome	55738
Reactome	55739
Reactome	55740
Reactome	55741
Reactome	55742
Reactome	55744
Reactome	55746
Reactome	55748
Reactome	55749
Reactome	5575
Reactome	55750
Reactome	55754
Reactome	55755
Reactome	55756
Reactome	55757
Reactome	55759
Reactome	5576
Reactome	55762
Reactome	55763
Reactome	55764
Reactome	55766
Reactome	55768
Reactome	5577
Reactome	55770
Reactome	55775
Reactome	55777
Reactome	55778
Reactome	5578
Reactome	55781
Reactome	55786
Reactome	55788
Reactome	55789
Reactome	5579
Reactome	55790
Reactome	55799
Reactome	558
Reactome	5580
Reactome	55800
Reactome	55801
Reactome	55802
Reactome	55808
Reactome	5581
Reactome	55810
Reactome	55811
Reactome	55813
Reactome	55814
Reactome	55816
Reactome	55818
Reactome	55819
Reactome	5582
Reactome	55823
Reactome	55824
Reactome	55825
Reactome	55827
Reactome	55829
Reactome	5583
Reactome	55831
Reactome	55832
Reactome	55835
Reactome	55839
Reactome	5584
Reactome	55840
Reactome	55843
Reactome	55844
Reactome	55845
Reactome	55846
Reactome	5585
Reactome	55850
Reactome	55851
Reactome	55852
Reactome	55854
Reactome	55856
Reactome	5586
Reactome	55860
Reactome	55863
Reactome	55867
Reactome	55869
Reactome	5587
Reactome	55870
Reactome	55879
Reactome	55884
Reactome	55888
Reactome	5589
Reactome	55897
Reactome	5590
Reactome	55900
Reactome	55902
Reactome	55905
Reactome	55907
Reactome	55908
Reactome	5591
Reactome	55911
Reactome	55914
Reactome	5592
Reactome	55920
Reactome	55929
Reactome	5593
Reactome	55937
Reactome	5594
Reactome	55954
Reactome	55957
Reactome	55958
Reactome	5596
Reactome	55967
Reactome	55968
Reactome	5597
Reactome	55970
Reactome	55971
Reactome	55974
Reactome	5598
Reactome	5599
Reactome	55997
Reactome	5600
Reactome	56005
Reactome	56006
Reactome	5601
Reactome	5602
Reactome	5603
Reactome	56034
Reactome	5604
Reactome	5605
Reactome	56052
Reactome	5606
Reactome	5607
Reactome	5608
Reactome	5609
Reactome	5610
Reactome	5611
Reactome	5613
Reactome	56158
Reactome	56160
Reactome	56165
Reactome	5617
Reactome	56172
Reactome	5618
Reactome	5619
Reactome	5620
Reactome	5621
Reactome	5623
Reactome	5624
Reactome	56242
Reactome	56244
Reactome	5625
Reactome	56253
Reactome	56254
Reactome	56259
Reactome	56261
Reactome	56262
Reactome	56267
Reactome	5627
Reactome	56270
Reactome	56288
Reactome	563
Reactome	56300
Reactome	56301
Reactome	56302
Reactome	5631
Reactome	56339
Reactome	5634
Reactome	5641
Reactome	5644
Reactome	56474
Reactome	56477
Reactome	56479
Reactome	5648
Reactome	5649
Reactome	5650
Reactome	5652
Reactome	5654
Reactome	56548
Reactome	5657
Reactome	566
Reactome	5660
Reactome	56603
Reactome	56605
Reactome	56606
Reactome	56623
Reactome	5663
Reactome	5664
Reactome	56648
Reactome	56652
Reactome	56654
Reactome	56655
Reactome	56656
Reactome	56659
Reactome	56660
Reactome	56666
Reactome	56667
Reactome	56670
Reactome	5669
Reactome	567
Reactome	56729
Reactome	5675
Reactome	5678
Reactome	5680
Reactome	5682
Reactome	56829
Reactome	5683
Reactome	5684
Reactome	56848
Reactome	5685
Reactome	56852
Reactome	5686
Reactome	5688
Reactome	56886
Reactome	56888
Reactome	5689
Reactome	56894
Reactome	56895
Reactome	56896
Reactome	56898
Reactome	5690
Reactome	56902
Reactome	5691
Reactome	56910
Reactome	56912
Reactome	56913
Reactome	56915
Reactome	5692
Reactome	56922
Reactome	56923
Reactome	56924
Reactome	56928
Reactome	56929
Reactome	5693
Reactome	56937
Reactome	56938
Reactome	5694
Reactome	56942
Reactome	56943
Reactome	56949
Reactome	5695
Reactome	56950
Reactome	56953
Reactome	56954
Reactome	56955
Reactome	56956
Reactome	5696
Reactome	56963
Reactome	56965
Reactome	5697
Reactome	56970
Reactome	56975
Reactome	56978
Reactome	56979
Reactome	5698
Reactome	56983
Reactome	56984
Reactome	56985
Reactome	5699
Reactome	56990
Reactome	56992
Reactome	56993
Reactome	56994
Reactome	56995
Reactome	56997
Reactome	56998
Reactome	56999
Reactome	570
Reactome	5700
Reactome	57001
Reactome	57007
Reactome	5701
Reactome	57016
Reactome	57017
Reactome	57019
Reactome	5702
Reactome	57020
Reactome	57030
Reactome	57038
Reactome	5704
Reactome	5705
Reactome	57050
Reactome	57053
Reactome	57057
Reactome	5706
Reactome	57060
Reactome	5707
Reactome	5708
Reactome	57082
Reactome	57084
Reactome	57085
Reactome	57089
Reactome	5709
Reactome	571
Reactome	5710
Reactome	57101
Reactome	57103
Reactome	57104
Reactome	57105
Reactome	57107
Reactome	5711
Reactome	57110
Reactome	57111
Reactome	57113
Reactome	57115
Reactome	57117
Reactome	57119
Reactome	57120
Reactome	57121
Reactome	57122
Reactome	57126
Reactome	57127
Reactome	57128
Reactome	57129
Reactome	5713
Reactome	57130
Reactome	57134
Reactome	57139
Reactome	5714
Reactome	57142
Reactome	57144
Reactome	57148
Reactome	5715
Reactome	57153
Reactome	57154
Reactome	5716
Reactome	57161
Reactome	57162
Reactome	57165
Reactome	57167
Reactome	5717
Reactome	57171
Reactome	57176
Reactome	5718
Reactome	57181
Reactome	57185
Reactome	57186
Reactome	57187
Reactome	57188
Reactome	5719
Reactome	57192
Reactome	57194
Reactome	57198
Reactome	572
Reactome	5720
Reactome	57205
Reactome	57209
Reactome	5721
Reactome	57211
Reactome	57214
Reactome	57216
Reactome	57226
Reactome	5723
Reactome	5724
Reactome	5725
Reactome	5726
Reactome	5727
Reactome	5728
Reactome	57282
Reactome	5729
Reactome	573
Reactome	5731
Reactome	5732
Reactome	57325
Reactome	5733
Reactome	57332
Reactome	57335
Reactome	57336
Reactome	5734
Reactome	57343
Reactome	57348
Reactome	57369
Reactome	5737
Reactome	57379
Reactome	57380
Reactome	57381
Reactome	5739
Reactome	57393
Reactome	5740
Reactome	57403
Reactome	57405
Reactome	57406
Reactome	57407
Reactome	5741
Reactome	57412
Reactome	57419
Reactome	5742
Reactome	5743
Reactome	5744
Reactome	57448
Reactome	57449
Reactome	5745
Reactome	57452
Reactome	57453
Reactome	57459
Reactome	5746
Reactome	57461
Reactome	57465
Reactome	57468
Reactome	5747
Reactome	57472
Reactome	57480
Reactome	57486
Reactome	57488
Reactome	57492
Reactome	57494
Reactome	57497
Reactome	57498
Reactome	57502
Reactome	57504
Reactome	57505
Reactome	57506
Reactome	57508
Reactome	57510
Reactome	57511
Reactome	57514
Reactome	57515
Reactome	57520
Reactome	57521
Reactome	57522
Reactome	57526
Reactome	5753
Reactome	57530
Reactome	57531
Reactome	57533
Reactome	57534
Reactome	57539
Reactome	57541
Reactome	57542
Reactome	57545
Reactome	57546
Reactome	57547
Reactome	57551
Reactome	57552
Reactome	57555
Reactome	57556
Reactome	57559
Reactome	5756
Reactome	57560
Reactome	57569
Reactome	57570
Reactome	57571
Reactome	57572
Reactome	57573
Reactome	57576
Reactome	57578
Reactome	57579
Reactome	57580
Reactome	57584
Reactome	57589
Reactome	57591
Reactome	57596
Reactome	57599
Reactome	57600
Reactome	57604
Reactome	57605
Reactome	57610
Reactome	57617
Reactome	57622
Reactome	57630
Reactome	57634
Reactome	57636
Reactome	5764
Reactome	57642
Reactome	57646
Reactome	57647
Reactome	57654
Reactome	57657
Reactome	57664
Reactome	57669
Reactome	57670
Reactome	57674
Reactome	57677
Reactome	57678
Reactome	57679
Reactome	5768
Reactome	57680
Reactome	57690
Reactome	57693
Reactome	57695
Reactome	57697
Reactome	57698
Reactome	5770
Reactome	57703
Reactome	57704
Reactome	57706
Reactome	5771
Reactome	57711
Reactome	57716
Reactome	57719
Reactome	57721
Reactome	57728
Reactome	57731
Reactome	57733
Reactome	5774
Reactome	5775
Reactome	57758
Reactome	57761
Reactome	5777
Reactome	5778
Reactome	57787
Reactome	57794
Reactome	57799
Reactome	5780
Reactome	57804
Reactome	57805
Reactome	5781
Reactome	57818
Reactome	57819
Reactome	5782
Reactome	57823
Reactome	57826
Reactome	57828
Reactome	57829
Reactome	5783
Reactome	57834
Reactome	57835
Reactome	5784
Reactome	5786
Reactome	57863
Reactome	5787
Reactome	5788
Reactome	5789
Reactome	579
Reactome	5792
Reactome	5795
Reactome	5796
Reactome	5799
Reactome	58
Reactome	580
Reactome	5800
Reactome	5802
Reactome	5803
Reactome	5805
Reactome	5806
Reactome	5810
Reactome	58157
Reactome	5816
Reactome	5817
Reactome	5818
Reactome	5819
Reactome	58191
Reactome	582
Reactome	5822
Reactome	5824
Reactome	5825
Reactome	5826
Reactome	5827
Reactome	5828
Reactome	5829
Reactome	583
Reactome	5830
Reactome	5831
Reactome	5832
Reactome	5833
Reactome	5834
Reactome	5836
Reactome	5837
Reactome	58472
Reactome	58477
Reactome	58478
Reactome	58480
Reactome	58484
Reactome	58485
Reactome	58488
Reactome	58489
Reactome	58490
Reactome	58491
Reactome	58492
Reactome	58494
Reactome	58498
Reactome	585
Reactome	58500
Reactome	58504
Reactome	58505
Reactome	58508
Reactome	58509
Reactome	58510
Reactome	58512
Reactome	58513
Reactome	58517
Reactome	58526
Reactome	58528
Reactome	58530
Reactome	5859
Reactome	586
Reactome	5860
Reactome	5861
Reactome	5862
Reactome	5863
Reactome	5864
Reactome	5865
Reactome	5866
Reactome	5867
Reactome	5868
Reactome	5869
Reactome	587
Reactome	5870
Reactome	5872
Reactome	5873
Reactome	5874
Reactome	5875
Reactome	5876
Reactome	5878
Reactome	5879
Reactome	5880
Reactome	5881
Reactome	5883
Reactome	5884
Reactome	5885
Reactome	5886
Reactome	5887
Reactome	5888
Reactome	5889
Reactome	5890
Reactome	5892
Reactome	5893
Reactome	5894
Reactome	5896
Reactome	5897
Reactome	5898
Reactome	58985
Reactome	5899
Reactome	59
Reactome	590
Reactome	5900
Reactome	5901
Reactome	5902
Reactome	5903
Reactome	5905
Reactome	5906
Reactome	59067
Reactome	5908
Reactome	5909
Reactome	5910
Reactome	5912
Reactome	5914
Reactome	5915
Reactome	5916
Reactome	5917
Reactome	5919
Reactome	5920
Reactome	5921
Reactome	5922
Reactome	5923
Reactome	5924
Reactome	5925
Reactome	5926
Reactome	59269
Reactome	5927
Reactome	59272
Reactome	59277
Reactome	5928
Reactome	59283
Reactome	59284
Reactome	59285
Reactome	59286
Reactome	5929
Reactome	593
Reactome	5930
Reactome	59307
Reactome	5931
Reactome	5932
Reactome	5933
Reactome	59338
Reactome	59339
Reactome	5934
Reactome	59340
Reactome	59341
Reactome	59343
Reactome	59344
Reactome	59345
Reactome	59348
Reactome	59349
Reactome	59350
Reactome	59352
Reactome	5936
Reactome	594
Reactome	5947
Reactome	5948
Reactome	5949
Reactome	595
Reactome	5950
Reactome	5954
Reactome	5957
Reactome	5959
Reactome	596
Reactome	5962
Reactome	5966
Reactome	5967
Reactome	597
Reactome	5970
Reactome	5971
Reactome	5972
Reactome	5973
Reactome	5976
Reactome	5977
Reactome	5978
Reactome	5979
Reactome	598
Reactome	5980
Reactome	5981
Reactome	5982
Reactome	5983
Reactome	5984
Reactome	5985
Reactome	5986
Reactome	5987
Reactome	5995
Reactome	5996
Reactome	5997
Reactome	5998
Reactome	5999
Reactome	6000
Reactome	6001
Reactome	6002
Reactome	6003
Reactome	6004
Reactome	6005
Reactome	6007
Reactome	6009
Reactome	6010
Reactome	6011
Reactome	6014
Reactome	6015
Reactome	6016
Reactome	6017
Reactome	6019
Reactome	6035
Reactome	6036
Reactome	6037
Reactome	60386
Reactome	6039
Reactome	604
Reactome	60401
Reactome	6041
Reactome	60412
Reactome	60436
Reactome	6045
Reactome	6046
Reactome	6047
Reactome	6048
Reactome	60481
Reactome	60482
Reactome	60485
Reactome	60487
Reactome	60488
Reactome	60489
Reactome	6049
Reactome	60490
Reactome	60493
Reactome	60495
Reactome	60496
Reactome	605
Reactome	60509
Reactome	60528
Reactome	60559
Reactome	60560
Reactome	60561
Reactome	6059
Reactome	60592
Reactome	60598
Reactome	60625
Reactome	606495
Reactome	60673
Reactome	60675
Reactome	60676
Reactome	60678
Reactome	60684
Reactome	607
Reactome	608
Reactome	6091
Reactome	6092
Reactome	6095
Reactome	6096
Reactome	6097
Reactome	610
Reactome	6102
Reactome	611
Reactome	6117
Reactome	6118
Reactome	6119
Reactome	6120
Reactome	6121
Reactome	6123
Reactome	6124
Reactome	6125
Reactome	6129
Reactome	613
Reactome	6132
Reactome	6133
Reactome	6134
Reactome	6135
Reactome	6137
Reactome	6138
Reactome	6141
Reactome	6142
Reactome	6143
Reactome	6146
Reactome	6150
Reactome	6152
Reactome	6155
Reactome	6156
Reactome	6157
Reactome	6158
Reactome	6160
Reactome	6161
Reactome	6164
Reactome	6165
Reactome	6166
Reactome	6167
Reactome	6168
Reactome	6169
Reactome	617
Reactome	6170
Reactome	6171
Reactome	6173
Reactome	6175
Reactome	6176
Reactome	6181
Reactome	6182
Reactome	6183
Reactome	6184
Reactome	6185
Reactome	6188
Reactome	6189
Reactome	6192
Reactome	619279
Reactome	6193
Reactome	6194
Reactome	6195
Reactome	6196
Reactome	6197
Reactome	6198
Reactome	6199
Reactome	6201
Reactome	6202
Reactome	6203
Reactome	6205
Reactome	6207
Reactome	6208
Reactome	6209
Reactome	6210
Reactome	6217
Reactome	622
Reactome	6222
Reactome	6223
Reactome	6224
Reactome	6227
Reactome	6228
Reactome	6229
Reactome	623
Reactome	6230
Reactome	6231
Reactome	6232
Reactome	6233
Reactome	6234
Reactome	6235
Reactome	6236
Reactome	6237
Reactome	6238
Reactome	624
Reactome	6240
Reactome	6241
Reactome	6242
Reactome	6249
Reactome	6251
Reactome	6256
Reactome	6257
Reactome	6258
Reactome	6259
Reactome	6261
Reactome	6262
Reactome	6263
Reactome	627
Reactome	6271
Reactome	6272
Reactome	6278
Reactome	6279
Reactome	6280
Reactome	6281
Reactome	6282
Reactome	6283
Reactome	6285
Reactome	6286
Reactome	629
Reactome	6293
Reactome	6294
Reactome	6295
Reactome	6296
Reactome	6299
Reactome	6300
Reactome	6301
Reactome	6303
Reactome	6305
Reactome	6307
Reactome	6309
Reactome	6314
Reactome	6317
Reactome	6319
Reactome	6323
Reactome	6324
Reactome	6326
Reactome	6327
Reactome	6328
Reactome	6329
Reactome	633
Reactome	6330
Reactome	6331
Reactome	6332
Reactome	6334
Reactome	6335
Reactome	6336
Reactome	6337
Reactome	6338
Reactome	6339
Reactome	634
Reactome	6340
Reactome	6341
Reactome	6342
Reactome	6343
Reactome	6344
Reactome	6346
Reactome	6347
Reactome	635
Reactome	6351
Reactome	6352
Reactome	6354
Reactome	6356
Reactome	6357
Reactome	636
Reactome	6360
Reactome	6361
Reactome	6363
Reactome	6364
Reactome	6366
Reactome	6367
Reactome	6368
Reactome	6370
Reactome	6372
Reactome	6373
Reactome	6374
Reactome	6375
Reactome	6376
Reactome	6382
Reactome	63826
Reactome	63827
Reactome	6383
Reactome	6385
Reactome	6387
Reactome	63874
Reactome	63875
Reactome	63891
Reactome	63892
Reactome	63893
Reactome	639
Reactome	6390
Reactome	63908
Reactome	6391
Reactome	63916
Reactome	63917
Reactome	6392
Reactome	63922
Reactome	63923
Reactome	63924
Reactome	63925
Reactome	63931
Reactome	63932
Reactome	63934
Reactome	63940
Reactome	63943
Reactome	6396
Reactome	63967
Reactome	63970
Reactome	63971
Reactome	63976
Reactome	63978
Reactome	63979
Reactome	63982
Reactome	6399
Reactome	640
Reactome	6400
Reactome	6401
Reactome	6402
Reactome	6403
Reactome	6404
Reactome	6406
Reactome	64061
Reactome	64062
Reactome	64064
Reactome	64065
Reactome	64072
Reactome	64077
Reactome	64078
Reactome	64080
Reactome	64087
Reactome	64096
Reactome	641
Reactome	64105
Reactome	64106
Reactome	64109
Reactome	64114
Reactome	64116
Reactome	64121
Reactome	64122
Reactome	64127
Reactome	64130
Reactome	64131
Reactome	64132
Reactome	64135
Reactome	64137
Reactome	6414
Reactome	64145
Reactome	64147
Reactome	64151
Reactome	6416
Reactome	64167
Reactome	64170
Reactome	64172
Reactome	64174
Reactome	64175
Reactome	6418
Reactome	642
Reactome	6421
Reactome	64210
Reactome	64216
Reactome	64218
Reactome	64219
Reactome	6422
Reactome	64220
Reactome	64221
Reactome	64223
Reactome	64225
Reactome	6423
Reactome	64240
Reactome	64241
Reactome	6426
Reactome	6427
Reactome	6428
Reactome	64282
Reactome	64283
Reactome	64284
Reactome	6429
Reactome	643
Reactome	6430
Reactome	6431
Reactome	6432
Reactome	64320
Reactome	64321
Reactome	64324
Reactome	64326
Reactome	64333
Reactome	6434
Reactome	64344
Reactome	64377
Reactome	64386
Reactome	64388
Reactome	6439
Reactome	64398
Reactome	64399
Reactome	644
Reactome	6440
Reactome	64403
Reactome	64407
Reactome	64409
Reactome	644096
Reactome	6441
Reactome	64410
Reactome	64411
Reactome	644150
Reactome	644186
Reactome	64419
Reactome	6442
Reactome	64421
Reactome	64422
Reactome	64425
Reactome	64426
Reactome	64428
Reactome	6443
Reactome	64432
Reactome	6444
Reactome	6445
Reactome	6446
Reactome	6448
Reactome	6449
Reactome	645
Reactome	6453
Reactome	6455
Reactome	6456
Reactome	6457
Reactome	64577
Reactome	64579
Reactome	64581
Reactome	64600
Reactome	64601
Reactome	6461
Reactome	6464
Reactome	64641
Reactome	646627
Reactome	6468
Reactome	64682
Reactome	64689
Reactome	6469
Reactome	6470
Reactome	64708
Reactome	64711
Reactome	64714
Reactome	64718
Reactome	6472
Reactome	64746
Reactome	64748
Reactome	64750
Reactome	64754
Reactome	64757
Reactome	64759
Reactome	6476
Reactome	64764
Reactome	64769
Reactome	6477
Reactome	64772
Reactome	64777
Reactome	6478
Reactome	64780
Reactome	64781
Reactome	64784
Reactome	64785
Reactome	64786
Reactome	64787
Reactome	64788
Reactome	64792
Reactome	64795
Reactome	648
Reactome	6480
Reactome	64801
Reactome	64802
Reactome	64805
Reactome	64806
Reactome	6482
Reactome	6483
Reactome	64834
Reactome	64839
Reactome	6484
Reactome	64840
Reactome	64841
Reactome	64848
Reactome	64849
Reactome	64850
Reactome	64852
Reactome	64856
Reactome	64857
Reactome	64858
Reactome	64859
Reactome	6487
Reactome	6489
Reactome	64895
Reactome	649
Reactome	6490
Reactome	64900
Reactome	64902
Reactome	64919
Reactome	64924
Reactome	64926
Reactome	64928
Reactome	6494
Reactome	64949
Reactome	6495
Reactome	64960
Reactome	64963
Reactome	64965
Reactome	64968
Reactome	64969
Reactome	6497
Reactome	64975
Reactome	64976
Reactome	64978
Reactome	64979
Reactome	6498
Reactome	64981
Reactome	64983
Reactome	6499
Reactome	650
Reactome	6500
Reactome	65003
Reactome	65005
Reactome	65008
Reactome	65010
Reactome	65018
Reactome	6502
Reactome	6503
Reactome	6505
Reactome	65055
Reactome	65057
Reactome	6506
Reactome	6507
Reactome	65078
Reactome	6508
Reactome	65080
Reactome	65082
Reactome	65083
Reactome	6509
Reactome	65094
Reactome	6510
Reactome	65109
Reactome	6511
Reactome	65110
Reactome	6512
Reactome	65123
Reactome	65124
Reactome	65125
Reactome	6513
Reactome	6514
Reactome	6515
Reactome	6517
Reactome	6518
Reactome	6519
Reactome	652
Reactome	6520
Reactome	6521
Reactome	65217
Reactome	6522
Reactome	65220
Reactome	6523
Reactome	6524
Reactome	65243
Reactome	65251
Reactome	6526
Reactome	65263
Reactome	65264
Reactome	65266
Reactome	65267
Reactome	65268
Reactome	6527
Reactome	6528
Reactome	6529
Reactome	652968
Reactome	6530
Reactome	6531
Reactome	6532
Reactome	653240
Reactome	6533
Reactome	6534
Reactome	6535
Reactome	6536
Reactome	6538
Reactome	6539
Reactome	6540
Reactome	6541
Reactome	6542
Reactome	654254
Reactome	6543
Reactome	6546
Reactome	6547
Reactome	6548
Reactome	6549
Reactome	655
Reactome	6550
Reactome	6553
Reactome	6554
Reactome	6555
Reactome	6556
Reactome	6557
Reactome	6558
Reactome	6559
Reactome	6560
Reactome	6561
Reactome	6563
Reactome	6564
Reactome	6566
Reactome	6567
Reactome	6568
Reactome	6569
Reactome	657
Reactome	6571
Reactome	6572
Reactome	6573
Reactome	6574
Reactome	6575
Reactome	6576
Reactome	6578
Reactome	6579
Reactome	658
Reactome	6580
Reactome	6581
Reactome	6582
Reactome	6583
Reactome	6584
Reactome	6585
Reactome	6586
Reactome	6588
Reactome	659
Reactome	6590
Reactome	6591
Reactome	6595
Reactome	6596
Reactome	6597
Reactome	65977
Reactome	6598
Reactome	65980
Reactome	65985
Reactome	65988
Reactome	6599
Reactome	65992
Reactome	65993
Reactome	660
Reactome	66002
Reactome	66005
Reactome	66008
Reactome	6601
Reactome	6602
Reactome	6603
Reactome	66035
Reactome	66036
Reactome	6604
Reactome	6605
Reactome	6608
Reactome	6609
Reactome	661
Reactome	6610
Reactome	6611
Reactome	6612
Reactome	6613
Reactome	6614
Reactome	6615
Reactome	6616
Reactome	6617
Reactome	6618
Reactome	6619
Reactome	662
Reactome	6620
Reactome	6621
Reactome	6622
Reactome	6624
Reactome	6625
Reactome	6626
Reactome	6627
Reactome	6628
Reactome	6629
Reactome	663
Reactome	6631
Reactome	6632
Reactome	6633
Reactome	6634
Reactome	6635
Reactome	6636
Reactome	6637
Reactome	6638
Reactome	6640
Reactome	6641
Reactome	6643
Reactome	6645
Reactome	6646
Reactome	6647
Reactome	6648
Reactome	665
Reactome	6650
Reactome	6652
Reactome	6653
Reactome	6654
Reactome	6655
Reactome	6656
Reactome	6657
Reactome	6658
Reactome	6659
Reactome	6662
Reactome	6663
Reactome	6667
Reactome	667
Reactome	6670
Reactome	6672
Reactome	6675
Reactome	6677
Reactome	6678
Reactome	668
Reactome	6683
Reactome	6687
Reactome	6688
Reactome	669
Reactome	6690
Reactome	6692
Reactome	6693
Reactome	6694
Reactome	6696
Reactome	6697
Reactome	6698
Reactome	6699
Reactome	670
Reactome	6706
Reactome	6707
Reactome	6708
Reactome	6709
Reactome	671
Reactome	6710
Reactome	6711
Reactome	6712
Reactome	6713
Reactome	6714
Reactome	6715
Reactome	6716
Reactome	6717
Reactome	6718
Reactome	672
Reactome	6720
Reactome	6721
Reactome	6722
Reactome	6723
Reactome	6725
Reactome	6726
Reactome	6727
Reactome	6728
Reactome	6729
Reactome	673
Reactome	6730
Reactome	6731
Reactome	6732
Reactome	6733
Reactome	6734
Reactome	6736
Reactome	6737
Reactome	6741
Reactome	6742
Reactome	6745
Reactome	6746
Reactome	6747
Reactome	6748
Reactome	6749
Reactome	675
Reactome	6750
Reactome	6751
Reactome	6752
Reactome	6753
Reactome	6754
Reactome	6755
Reactome	6760
Reactome	6764
Reactome	6767
Reactome	6768
Reactome	677
Reactome	6770
Reactome	6772
Reactome	6773
Reactome	6774
Reactome	6775
Reactome	6776
Reactome	6777
Reactome	6778
Reactome	678
Reactome	6782
Reactome	6783
Reactome	6785
Reactome	6786
Reactome	6788
Reactome	6789
Reactome	6790
Reactome	6793
Reactome	6794
Reactome	680
Reactome	6801
Reactome	6804
Reactome	6809
Reactome	6810
Reactome	6811
Reactome	6812
Reactome	6813
Reactome	6814
Reactome	6817
Reactome	6819
Reactome	682
Reactome	6820
Reactome	6821
Reactome	6822
Reactome	6827
Reactome	6829
Reactome	683
Reactome	6830
Reactome	6832
Reactome	6833
Reactome	6834
Reactome	6836
Reactome	6837
Reactome	6839
Reactome	684
Reactome	6843
Reactome	6844
Reactome	6845
Reactome	6847
Reactome	685
Reactome	6850
Reactome	6853
Reactome	6854
Reactome	6855
Reactome	6857
Reactome	686
Reactome	6861
Reactome	6862
Reactome	6863
Reactome	6865
Reactome	6866
Reactome	6868
Reactome	6869
Reactome	687
Reactome	6870
Reactome	6871
Reactome	6872
Reactome	6873
Reactome	6874
Reactome	6875
Reactome	6877
Reactome	6878
Reactome	6879
Reactome	688
Reactome	6881
Reactome	6882
Reactome	6883
Reactome	6884
Reactome	6885
Reactome	6886
Reactome	6888
Reactome	689
Reactome	6890
Reactome	6891
Reactome	6892
Reactome	6895
Reactome	6897
Reactome	6898
Reactome	6899
Reactome	6900
Reactome	6901
Reactome	6902
Reactome	6903
Reactome	6904
Reactome	6905
Reactome	6907
Reactome	6908
Reactome	6909
Reactome	6910
Reactome	6911
Reactome	6915
Reactome	6916
Reactome	6917
Reactome	6921
Reactome	6923
Reactome	6924
Reactome	6925
Reactome	6926
Reactome	6927
Reactome	6928
Reactome	6929
Reactome	6934
Reactome	6935
Reactome	6936
Reactome	6938
Reactome	694
Reactome	6940
Reactome	6944
Reactome	6945
Reactome	6947
Reactome	6948
Reactome	695
Reactome	6950
Reactome	696
Reactome	6975
Reactome	699
Reactome	6991
Reactome	6993
Reactome	6996
Reactome	6999
Reactome	70
Reactome	7001
Reactome	7003
Reactome	7004
Reactome	7005
Reactome	7007
Reactome	701
Reactome	7010
Reactome	7013
Reactome	7014
Reactome	7015
Reactome	7016
Reactome	7018
Reactome	7019
Reactome	7020
Reactome	7021
Reactome	7022
Reactome	7025
Reactome	7026
Reactome	7027
Reactome	7029
Reactome	7030
Reactome	7031
Reactome	7033
Reactome	7035
Reactome	7036
Reactome	7037
Reactome	7039
Reactome	7040
Reactome	7042
Reactome	7043
Reactome	7044
Reactome	7045
Reactome	7046
Reactome	7048
Reactome	7049
Reactome	705
Reactome	7050
Reactome	7051
Reactome	7054
Reactome	7056
Reactome	7057
Reactome	7058
Reactome	7059
Reactome	706
Reactome	7060
Reactome	7062
Reactome	7064
Reactome	7066
Reactome	7067
Reactome	7068
Reactome	7069
Reactome	7070
Reactome	7072
Reactome	7073
Reactome	7074
Reactome	7076
Reactome	7077
Reactome	7078
Reactome	708
Reactome	7082
Reactome	7083
Reactome	7084
Reactome	7086
Reactome	7087
Reactome	7088
Reactome	7089
Reactome	7090
Reactome	7091
Reactome	7092
Reactome	7093
Reactome	7094
Reactome	7096
Reactome	7097
Reactome	7098
Reactome	7099
Reactome	710
Reactome	7100
Reactome	7101
Reactome	7102
Reactome	7108
Reactome	7109
Reactome	7110
Reactome	7111
Reactome	7112
Reactome	7113
Reactome	7114
Reactome	712
Reactome	7122
Reactome	7125
Reactome	7126
Reactome	7128
Reactome	713
Reactome	7130
Reactome	7133
Reactome	7134
Reactome	7135
Reactome	7136
Reactome	7137
Reactome	7138
Reactome	7139
Reactome	714
Reactome	7140
Reactome	7143
Reactome	7148
Reactome	715
Reactome	7150
Reactome	7153
Reactome	7155
Reactome	7156
Reactome	7157
Reactome	7158
Reactome	716
Reactome	7163
Reactome	7164
Reactome	7166
Reactome	7167
Reactome	7168
Reactome	7169
Reactome	717
Reactome	7170
Reactome	7171
Reactome	7172
Reactome	7173
Reactome	7174
Reactome	7175
Reactome	7177
Reactome	7179
Reactome	718
Reactome	7181
Reactome	7182
Reactome	7184
Reactome	7185
Reactome	7186
Reactome	7187
Reactome	7189
Reactome	719
Reactome	72
Reactome	7200
Reactome	7201
Reactome	7203
Reactome	7204
Reactome	722
Reactome	7220
Reactome	7222
Reactome	7223
Reactome	7224
Reactome	7225
Reactome	7226
Reactome	7247
Reactome	7248
Reactome	7249
Reactome	725
Reactome	7251
Reactome	7252
Reactome	7253
Reactome	7257
Reactome	726
Reactome	7263
Reactome	7264
Reactome	7266
Reactome	727
Reactome	7270
Reactome	7273
Reactome	7274
Reactome	7276
Reactome	7277
Reactome	727897
Reactome	727936
Reactome	728
Reactome	7280
Reactome	728224
Reactome	728294
Reactome	7283
Reactome	7284
Reactome	728568
Reactome	7289
Reactome	728927
Reactome	729
Reactome	7290
Reactome	7291
Reactome	7292
Reactome	729230
Reactome	729238
Reactome	7293
Reactome	729359
Reactome	729438
Reactome	7295
Reactome	7296
Reactome	7297
Reactome	7298
Reactome	7299
Reactome	730
Reactome	7301
Reactome	7305
Reactome	7306
Reactome	730755
Reactome	731
Reactome	7311
Reactome	7314
Reactome	7316
Reactome	7317
Reactome	7318
Reactome	7319
Reactome	732
Reactome	7320
Reactome	7321
Reactome	7322
Reactome	7323
Reactome	7324
Reactome	7325
Reactome	7326
Reactome	7327
Reactome	7328
Reactome	7329
Reactome	733
Reactome	7332
Reactome	7334
Reactome	7336
Reactome	7337
Reactome	7341
Reactome	7343
Reactome	7345
Reactome	7347
Reactome	7349
Reactome	735
Reactome	7350
Reactome	7351
Reactome	7352
Reactome	7353
Reactome	7355
Reactome	7357
Reactome	7358
Reactome	7360
Reactome	7363
Reactome	7366
Reactome	7368
Reactome	7369
Reactome	7371
Reactome	7372
Reactome	7373
Reactome	7374
Reactome	7376
Reactome	7378
Reactome	738
Reactome	7381
Reactome	7384
Reactome	7385
Reactome	7386
Reactome	7388
Reactome	7389
Reactome	7390
Reactome	7391
Reactome	7398
Reactome	740
Reactome	7402
Reactome	7403
Reactome	7404
Reactome	7405
Reactome	7407
Reactome	7408
Reactome	7409
Reactome	7410
Reactome	7411
Reactome	7412
Reactome	7414
Reactome	7415
Reactome	7416
Reactome	7417
Reactome	7419
Reactome	7421
Reactome	7422
Reactome	7423
Reactome	7424
Reactome	7428
Reactome	7430
Reactome	7431
Reactome	7432
Reactome	7433
Reactome	7434
Reactome	7436
Reactome	7439
Reactome	7441
Reactome	7442
Reactome	7443
Reactome	7444
Reactome	7448
Reactome	7450
Reactome	7453
Reactome	7454
Reactome	7456
Reactome	7458
Reactome	746
Reactome	7465
Reactome	7466
Reactome	7468
Reactome	7469
Reactome	747
Reactome	7471
Reactome	7472
Reactome	7474
Reactome	7475
Reactome	7476
Reactome	7477
Reactome	7478
Reactome	7479
Reactome	7480
Reactome	7481
Reactome	7482
Reactome	7483
Reactome	7484
Reactome	7485
Reactome	7486
Reactome	7490
Reactome	7494
Reactome	7498
Reactome	7504
Reactome	7507
Reactome	7508
Reactome	751071
Reactome	7512
Reactome	7514
Reactome	7515
Reactome	7517
Reactome	7518
Reactome	752
Reactome	7520
Reactome	7525
Reactome	7528
Reactome	7529
Reactome	7531
Reactome	7532
Reactome	7533
Reactome	7534
Reactome	7535
Reactome	7536
Reactome	7538
Reactome	7539
Reactome	7545
Reactome	7546
Reactome	7547
Reactome	7549
Reactome	7551
Reactome	7552
Reactome	7555
Reactome	7556
Reactome	7559
Reactome	7561
Reactome	7565
Reactome	7566
Reactome	7567
Reactome	7571
Reactome	7574
Reactome	7576
Reactome	7581
Reactome	7582
Reactome	7586
Reactome	7587
Reactome	759
Reactome	7592
Reactome	7596
Reactome	760
Reactome	761
Reactome	762
Reactome	7621
Reactome	7625
Reactome	7626
Reactome	7627
Reactome	763
Reactome	7633
Reactome	765
Reactome	7652
Reactome	766
Reactome	7678
Reactome	768
Reactome	7690
Reactome	7692
Reactome	7694
Reactome	7695
Reactome	7697
Reactome	7699
Reactome	7700
Reactome	7702
Reactome	7704
Reactome	7706
Reactome	7709
Reactome	771
Reactome	7710
Reactome	7711
Reactome	7712
Reactome	7726
Reactome	7728
Reactome	773
Reactome	7733
Reactome	7737
Reactome	7738
Reactome	774
Reactome	7743
Reactome	7745
Reactome	7748
Reactome	775
Reactome	7750
Reactome	7752
Reactome	7753
Reactome	7755
Reactome	7757
Reactome	776
Reactome	7761
Reactome	7762
Reactome	7764
Reactome	7766
Reactome	7767
Reactome	7768
Reactome	7769
Reactome	777
Reactome	7770
Reactome	7771
Reactome	7773
Reactome	7779
Reactome	7780
Reactome	7781
Reactome	7783
Reactome	779
Reactome	780
Reactome	7804
Reactome	7809
Reactome	781
Reactome	7818
Reactome	782
Reactome	7827
Reactome	783
Reactome	7832
Reactome	7837
Reactome	784
Reactome	7840
Reactome	7841
Reactome	7844
Reactome	7846
Reactome	7849
Reactome	785
Reactome	7850
Reactome	7852
Reactome	7855
Reactome	7857
Reactome	7862
Reactome	7867
Reactome	7873
Reactome	7874
Reactome	7879
Reactome	788
Reactome	7881
Reactome	7884
Reactome	78988
Reactome	78989
Reactome	78990
Reactome	78991
Reactome	78999
Reactome	790
Reactome	79001
Reactome	79003
Reactome	79016
Reactome	79017
Reactome	79018
Reactome	79019
Reactome	79023
Reactome	79027
Reactome	7903
Reactome	79035
Reactome	79042
Reactome	79047
Reactome	79048
Reactome	79050
Reactome	79053
Reactome	79054
Reactome	79058
Reactome	79064
Reactome	79065
Reactome	79068
Reactome	79071
Reactome	79074
Reactome	79075
Reactome	79077
Reactome	79083
Reactome	79084
Reactome	79087
Reactome	79088
Reactome	79090
Reactome	79091
Reactome	79094
Reactome	790955
Reactome	79097
Reactome	79101
Reactome	79109
Reactome	7913
Reactome	79132
Reactome	79133
Reactome	79135
Reactome	79139
Reactome	79143
Reactome	79145
Reactome	79147
Reactome	7915
Reactome	79152
Reactome	79153
Reactome	79155
Reactome	79159
Reactome	79165
Reactome	79169
Reactome	7917
Reactome	79171
Reactome	79172
Reactome	79175
Reactome	79176
Reactome	79178
Reactome	79180
Reactome	79184
Reactome	79192
Reactome	7922
Reactome	79228
Reactome	7923
Reactome	79230
Reactome	79269
Reactome	793
Reactome	7932
Reactome	79339
Reactome	79345
Reactome	7936
Reactome	79365
Reactome	79369
Reactome	79370
Reactome	79400
Reactome	7941
Reactome	79411
Reactome	79412
Reactome	79414
Reactome	7942
Reactome	79441
Reactome	79444
Reactome	79447
Reactome	79465
Reactome	79541
Reactome	79568
Reactome	7957
Reactome	79571
Reactome	79576
Reactome	79577
Reactome	79581
Reactome	79586
Reactome	79587
Reactome	79589
Reactome	79590
Reactome	79594
Reactome	79595
Reactome	79596
Reactome	79598
Reactome	796
Reactome	79600
Reactome	79602
Reactome	79603
Reactome	79609
Reactome	79611
Reactome	79622
Reactome	79623
Reactome	79626
Reactome	79642
Reactome	79643
Reactome	79644
Reactome	79646
Reactome	79648
Reactome	7965
Reactome	79651
Reactome	79654
Reactome	79658
Reactome	79659
Reactome	79661
Reactome	79664
Reactome	79668
Reactome	79670
Reactome	79671
Reactome	79672
Reactome	79677
Reactome	79682
Reactome	79685
Reactome	79689
Reactome	79691
Reactome	79693
Reactome	79694
Reactome	79695
Reactome	79697
Reactome	797
Reactome	79707
Reactome	79709
Reactome	79717
Reactome	79718
Reactome	79720
Reactome	79723
Reactome	79726
Reactome	79727
Reactome	79728
Reactome	79731
Reactome	79733
Reactome	79735
Reactome	79738
Reactome	79739
Reactome	79744
Reactome	79748
Reactome	7975
Reactome	79751
Reactome	79753
Reactome	79754
Reactome	79755
Reactome	79759
Reactome	7976
Reactome	79760
Reactome	79777
Reactome	7978
Reactome	79784
Reactome	7979
Reactome	79791
Reactome	79792
Reactome	79796
Reactome	7980
Reactome	79805
Reactome	79809
Reactome	79812
Reactome	79813
Reactome	79814
Reactome	79815
Reactome	79818
Reactome	79820
Reactome	79822
Reactome	79823
Reactome	79831
Reactome	79833
Reactome	79834
Reactome	79837
Reactome	7984
Reactome	79840
Reactome	79841
Reactome	79849
Reactome	79858
Reactome	79861
Reactome	79862
Reactome	79865
Reactome	79866
Reactome	79867
Reactome	79868
Reactome	79869
Reactome	79871
Reactome	79872
Reactome	79873
Reactome	79875
Reactome	79876
Reactome	79877
Reactome	7988
Reactome	79885
Reactome	79887
Reactome	79888
Reactome	79890
Reactome	79891
Reactome	79895
Reactome	79898
Reactome	799
Reactome	79901
Reactome	79902
Reactome	79908
Reactome	7991
Reactome	79913
Reactome	79918
Reactome	79922
Reactome	79923
Reactome	79924
Reactome	79930
Reactome	79931
Reactome	79934
Reactome	7994
Reactome	79943
Reactome	79944
Reactome	79947
Reactome	79958
Reactome	79959
Reactome	79960
Reactome	79961
Reactome	79966
Reactome	79969
Reactome	79971
Reactome	79973
Reactome	79980
Reactome	79989
Reactome	79991
Reactome	79993
Reactome	800
Reactome	8000
Reactome	80004
Reactome	80005
Reactome	80006
Reactome	8001
Reactome	80010
Reactome	80012
Reactome	80024
Reactome	80025
Reactome	80028
Reactome	80031
Reactome	80032
Reactome	80036
Reactome	80055
Reactome	80059
Reactome	80067
Reactome	80070
Reactome	80086
Reactome	80095
Reactome	801
Reactome	80108
Reactome	80110
Reactome	80115
Reactome	80119
Reactome	80124
Reactome	80128
Reactome	8013
Reactome	80131
Reactome	80139
Reactome	80142
Reactome	80143
Reactome	80145
Reactome	80146
Reactome	80149
Reactome	80150
Reactome	80152
Reactome	80153
Reactome	80168
Reactome	80169
Reactome	80173
Reactome	80176
Reactome	80179
Reactome	80184
Reactome	80196
Reactome	80198
Reactome	80199
Reactome	80201
Reactome	80204
Reactome	80205
Reactome	8021
Reactome	80216
Reactome	80219
Reactome	8022
Reactome	80221
Reactome	80222
Reactome	80224
Reactome	80227
Reactome	80228
Reactome	80230
Reactome	80232
Reactome	80233
Reactome	80235
Reactome	80237
Reactome	80243
Reactome	80254
Reactome	80263
Reactome	80267
Reactome	8027
Reactome	80270
Reactome	80271
Reactome	80273
Reactome	80274
Reactome	8029
Reactome	80301
Reactome	80304
Reactome	80306
Reactome	80308
Reactome	80310
Reactome	80312
Reactome	80314
Reactome	80317
Reactome	80321
Reactome	80324
Reactome	80326
Reactome	80328
Reactome	80329
Reactome	80331
Reactome	80332
Reactome	80333
Reactome	80335
Reactome	80339
Reactome	8034
Reactome	80341
Reactome	80344
Reactome	80347
Reactome	80349
Reactome	80351
Reactome	8036
Reactome	8038
Reactome	80380
Reactome	805
Reactome	8050
Reactome	8061
Reactome	8065
Reactome	80704
Reactome	80724
Reactome	80727
Reactome	80728
Reactome	8073
Reactome	80731
Reactome	80736
Reactome	80739
Reactome	8074
Reactome	80740
Reactome	80746
Reactome	8076
Reactome	80765
Reactome	80772
Reactome	80775
Reactome	80776
Reactome	80777
Reactome	80778
Reactome	8078
Reactome	80781
Reactome	80789
Reactome	80818
Reactome	8082
Reactome	80820
Reactome	80821
Reactome	80824
Reactome	80834
Reactome	80835
Reactome	8085
Reactome	80852
Reactome	80853
Reactome	80854
Reactome	8086
Reactome	8087
Reactome	8089
Reactome	80896
Reactome	8091
Reactome	81
Reactome	8100
Reactome	81027
Reactome	81029
Reactome	81030
Reactome	81031
Reactome	81033
Reactome	81034
Reactome	81035
Reactome	8106
Reactome	811
Reactome	8110
Reactome	8111
Reactome	8125
Reactome	8128
Reactome	81285
Reactome	813
Reactome	8131
Reactome	8139
Reactome	814
Reactome	8140
Reactome	81472
Reactome	8148
Reactome	81490
Reactome	81494
Reactome	815
Reactome	81501
Reactome	81502
Reactome	8153
Reactome	81537
Reactome	81539
Reactome	81544
Reactome	81554
Reactome	81556
Reactome	81559
Reactome	81562
Reactome	81565
Reactome	81578
Reactome	81579
Reactome	816
Reactome	81603
Reactome	81605
Reactome	81607
Reactome	81608
Reactome	81610
Reactome	81614
Reactome	81616
Reactome	81617
Reactome	81619
Reactome	81620
Reactome	81622
Reactome	81623
Reactome	81624
Reactome	81631
Reactome	8165
Reactome	81689
Reactome	81693
Reactome	81696
Reactome	81697
Reactome	817
Reactome	8170
Reactome	81704
Reactome	8174
Reactome	8175
Reactome	8178
Reactome	81792
Reactome	81793
Reactome	81794
Reactome	81797
Reactome	818
Reactome	81839
Reactome	81844
Reactome	81846
Reactome	81847
Reactome	81849
Reactome	81850
Reactome	81851
Reactome	81856
Reactome	81857
Reactome	81870
Reactome	81871
Reactome	81872
Reactome	81875
Reactome	81887
Reactome	81889
Reactome	8189
Reactome	81890
Reactome	81892
Reactome	81894
Reactome	819
Reactome	8192
Reactome	81926
Reactome	81928
Reactome	81929
Reactome	8193
Reactome	81930
Reactome	81931
Reactome	8195
Reactome	820
Reactome	8200
Reactome	8202
Reactome	8204
Reactome	821
Reactome	8218
Reactome	8224
Reactome	8226
Reactome	8228
Reactome	823
Reactome	8239
Reactome	824
Reactome	8241
Reactome	8242
Reactome	8243
Reactome	825
Reactome	826
Reactome	8266
Reactome	827
Reactome	8270
Reactome	8284
Reactome	8288
Reactome	8289
Reactome	829
Reactome	8290
Reactome	8291
Reactome	8294
Reactome	8295
Reactome	830
Reactome	8301
Reactome	8309
Reactome	831
Reactome	8310
Reactome	8312
Reactome	8313
Reactome	8314
Reactome	8315
Reactome	8317
Reactome	8318
Reactome	832
Reactome	8320
Reactome	8321
Reactome	8322
Reactome	8323
Reactome	8324
Reactome	8325
Reactome	8326
Reactome	833
Reactome	8330
Reactome	8332
Reactome	8334
Reactome	8335
Reactome	8337
Reactome	8339
Reactome	83394
Reactome	834
Reactome	8340
Reactome	83401
Reactome	8341
Reactome	8342
Reactome	83439
Reactome	83440
Reactome	83443
Reactome	83444
Reactome	83452
Reactome	83464
Reactome	8347
Reactome	83475
Reactome	83478
Reactome	8348
Reactome	83480
Reactome	8349
Reactome	835
Reactome	8350
Reactome	8352
Reactome	8353
Reactome	83539
Reactome	8354
Reactome	83540
Reactome	83547
Reactome	83548
Reactome	83549
Reactome	83551
Reactome	8356
Reactome	8357
Reactome	8358
Reactome	8359
Reactome	83592
Reactome	83594
Reactome	83595
Reactome	8360
Reactome	8361
Reactome	83639
Reactome	8364
Reactome	8365
Reactome	83657
Reactome	83658
Reactome	8366
Reactome	83666
Reactome	83667
Reactome	8367
Reactome	8368
Reactome	83692
Reactome	83695
Reactome	83696
Reactome	83697
Reactome	837
Reactome	83700
Reactome	83706
Reactome	83715
Reactome	83716
Reactome	8372
Reactome	83729
Reactome	83732
Reactome	83733
Reactome	83734
Reactome	83737
Reactome	83741
Reactome	83744
Reactome	83746
Reactome	83752
Reactome	8379
Reactome	83795
Reactome	838
Reactome	8383
Reactome	83844
Reactome	83850
Reactome	83852
Reactome	83855
Reactome	83858
Reactome	83860
Reactome	8387
Reactome	83871
Reactome	83874
Reactome	83875
Reactome	83881
Reactome	83884
Reactome	83887
Reactome	83888
Reactome	83895
Reactome	83896
Reactome	83897
Reactome	8390
Reactome	83900
Reactome	83902
Reactome	8392
Reactome	83930
Reactome	83932
Reactome	83933
Reactome	8394
Reactome	8395
Reactome	83953
Reactome	8396
Reactome	8398
Reactome	83987
Reactome	83988
Reactome	8399
Reactome	83990
Reactome	83999
Reactome	84002
Reactome	8402
Reactome	84034
Reactome	8404
Reactome	8405
Reactome	84057
Reactome	84059
Reactome	84061
Reactome	84062
Reactome	84063
Reactome	8407
Reactome	84078
Reactome	84079
Reactome	8408
Reactome	84081
Reactome	84085
Reactome	8409
Reactome	841
Reactome	84100
Reactome	84101
Reactome	84102
Reactome	84108
Reactome	84109
Reactome	8411
Reactome	84124
Reactome	84126
Reactome	84128
Reactome	84131
Reactome	84132
Reactome	84133
Reactome	84135
Reactome	84141
Reactome	84142
Reactome	84144
Reactome	84148
Reactome	84152
Reactome	84159
Reactome	84164
Reactome	84166
Reactome	84168
Reactome	84171
Reactome	84172
Reactome	84174
Reactome	84181
Reactome	84186
Reactome	84188
Reactome	84189
Reactome	84193
Reactome	84196
Reactome	84197
Reactome	842
Reactome	84219
Reactome	84230
Reactome	84231
Reactome	84232
Reactome	84233
Reactome	84239
Reactome	8424
Reactome	84245
Reactome	84246
Reactome	84248
Reactome	8425
Reactome	84251
Reactome	84254
Reactome	84259
Reactome	84261
Reactome	84262
Reactome	84265
Reactome	84267
Reactome	84269
Reactome	8427
Reactome	84271
Reactome	84274
Reactome	84276
Reactome	8428
Reactome	84282
Reactome	84289
Reactome	84290
Reactome	84292
Reactome	84296
Reactome	843
Reactome	84300
Reactome	84303
Reactome	8431
Reactome	84313
Reactome	84315
Reactome	84316
Reactome	84317
Reactome	84324
Reactome	84329
Reactome	84333
Reactome	84335
Reactome	8434
Reactome	84340
Reactome	84342
Reactome	8435
Reactome	84364
Reactome	8437
Reactome	8439
Reactome	844
Reactome	8440
Reactome	84418
Reactome	8443
Reactome	84432
Reactome	84441
Reactome	84443
Reactome	84444
Reactome	84447
Reactome	84448
Reactome	84449
Reactome	8445
Reactome	84455
Reactome	84464
Reactome	84467
Reactome	8449
Reactome	84498
Reactome	845
Reactome	8450
Reactome	8451
Reactome	84513
Reactome	84514
Reactome	84515
Reactome	84516
Reactome	8452
Reactome	84520
Reactome	84524
Reactome	84525
Reactome	84527
Reactome	8453
Reactome	84532
Reactome	84539
Reactome	8454
Reactome	84541
Reactome	84545
Reactome	84552
Reactome	84557
Reactome	84560
Reactome	84570
Reactome	8459
Reactome	846
Reactome	8460
Reactome	84612
Reactome	84616
Reactome	84617
Reactome	84618
Reactome	84620
Reactome	84623
Reactome	84626
Reactome	84628
Reactome	8463
Reactome	84631
Reactome	84634
Reactome	84639
Reactome	8464
Reactome	84643
Reactome	84648
Reactome	84649
Reactome	84658
Reactome	84659
Reactome	84661
Reactome	84667
Reactome	8467
Reactome	84671
Reactome	84676
Reactome	84678
Reactome	84679
Reactome	8468
Reactome	84681
Reactome	84693
Reactome	84694
Reactome	84695
Reactome	84699
Reactome	847
Reactome	84701
Reactome	84705
Reactome	84706
Reactome	84708
Reactome	8471
Reactome	84720
Reactome	84725
Reactome	84727
Reactome	84733
Reactome	84747
Reactome	84749
Reactome	84750
Reactome	84752
Reactome	8476
Reactome	84765
Reactome	84766
Reactome	8477
Reactome	84775
Reactome	84787
Reactome	8480
Reactome	84803
Reactome	84808
Reactome	8481
Reactome	84811
Reactome	84812
Reactome	84818
Reactome	8482
Reactome	8483
Reactome	84833
Reactome	84836
Reactome	84838
Reactome	84842
Reactome	84844
Reactome	84861
Reactome	84864
Reactome	84867
Reactome	84868
Reactome	84869
Reactome	8487
Reactome	84870
Reactome	84871
Reactome	84874
Reactome	84875
Reactome	84876
Reactome	84879
Reactome	84881
Reactome	84883
Reactome	84888
Reactome	84889
Reactome	84890
Reactome	84891
Reactome	84892
Reactome	84894
Reactome	84895
Reactome	84896
Reactome	8490
Reactome	84902
Reactome	84904
Reactome	84911
Reactome	84912
Reactome	84914
Reactome	84916
Reactome	84920
Reactome	84924
Reactome	8493
Reactome	84930
Reactome	84932
Reactome	84937
Reactome	84938
Reactome	84944
Reactome	84946
Reactome	8495
Reactome	84950
Reactome	84951
Reactome	84958
Reactome	8496
Reactome	84961
Reactome	84962
Reactome	84967
Reactome	8497
Reactome	84971
Reactome	84985
Reactome	84986
Reactome	84987
Reactome	8499
Reactome	84991
Reactome	8500
Reactome	85007
Reactome	8501
Reactome	85015
Reactome	8502
Reactome	85021
Reactome	8503
Reactome	8504
Reactome	8505
Reactome	8506
Reactome	8509
Reactome	8513
Reactome	8514
Reactome	8515
Reactome	8516
Reactome	8517
Reactome	8518
Reactome	8519
Reactome	8520
Reactome	85236
Reactome	8525
Reactome	8526
Reactome	8527
Reactome	8528
Reactome	85285
Reactome	85289
Reactome	85290
Reactome	85291
Reactome	85293
Reactome	85301
Reactome	85302
Reactome	85313
Reactome	85320
Reactome	8533
Reactome	8534
Reactome	8535
Reactome	85358
Reactome	8536
Reactome	85360
Reactome	85363
Reactome	85365
Reactome	85378
Reactome	85397
Reactome	8540
Reactome	85403
Reactome	8541
Reactome	85413
Reactome	85414
Reactome	85415
Reactome	8542
Reactome	85437
Reactome	85439
Reactome	8544
Reactome	85440
Reactome	85441
Reactome	85455
Reactome	85456
Reactome	85457
Reactome	8546
Reactome	85465
Reactome	8547
Reactome	85476
Reactome	8548
Reactome	85480
Reactome	8549
Reactome	8550
Reactome	8553
Reactome	8554
Reactome	8555
Reactome	8556
Reactome	8557
Reactome	8559
Reactome	8560
Reactome	8563
Reactome	8564
Reactome	8565
Reactome	8566
Reactome	8567
Reactome	8568
Reactome	8569
Reactome	857
Reactome	8570
Reactome	8573
Reactome	8574
Reactome	8575
Reactome	8578
Reactome	858
Reactome	8581
Reactome	859
Reactome	8590
Reactome	86
Reactome	860
Reactome	8600
Reactome	8601
Reactome	8602
Reactome	8604
Reactome	8605
Reactome	8607
Reactome	8608
Reactome	8611
Reactome	8612
Reactome	8613
Reactome	8614
Reactome	8615
Reactome	8620
Reactome	8621
Reactome	8622
Reactome	8624
Reactome	8630
Reactome	8633
Reactome	8635
Reactome	8636
Reactome	8638
Reactome	8639
Reactome	864
Reactome	8643
Reactome	8644
Reactome	8645
Reactome	8647
Reactome	8648
Reactome	8649
Reactome	865
Reactome	8650
Reactome	8651
Reactome	8654
Reactome	8655
Reactome	8658
Reactome	8659
Reactome	866
Reactome	8660
Reactome	8661
Reactome	8662
Reactome	8664
Reactome	8665
Reactome	8666
Reactome	8667
Reactome	8668
Reactome	8669
Reactome	867
Reactome	8671
Reactome	8672
Reactome	8673
Reactome	8674
Reactome	8675
Reactome	8677
Reactome	8678
Reactome	868
Reactome	8682
Reactome	8683
Reactome	8685
Reactome	8687
Reactome	8688
Reactome	8689
Reactome	8692
Reactome	8694
Reactome	8697
Reactome	8698
Reactome	87
Reactome	8702
Reactome	8703
Reactome	8704
Reactome	8705
Reactome	8706
Reactome	8707
Reactome	8708
Reactome	871
Reactome	8714
Reactome	87178
Reactome	8718
Reactome	8720
Reactome	8722
Reactome	8726
Reactome	8728
Reactome	8729
Reactome	873
Reactome	8731
Reactome	8732
Reactome	8737
Reactome	8738
Reactome	874
Reactome	8740
Reactome	8742
Reactome	8744
Reactome	8745
Reactome	8747
Reactome	8748
Reactome	8751
Reactome	8754
Reactome	8760
Reactome	8764
Reactome	8766
Reactome	8767
Reactome	8772
Reactome	8773
Reactome	8774
Reactome	8775
Reactome	8776
Reactome	8778
Reactome	8780
Reactome	8784
Reactome	8785
Reactome	8786
Reactome	8787
Reactome	8788
Reactome	8789
Reactome	8790
Reactome	8792
Reactome	8793
Reactome	8794
Reactome	8799
Reactome	88
Reactome	8800
Reactome	8801
Reactome	8802
Reactome	8803
Reactome	8804
Reactome	8805
Reactome	8807
Reactome	8808
Reactome	8809
Reactome	8811
Reactome	8812
Reactome	8813
Reactome	8815
Reactome	8816
Reactome	8817
Reactome	8818
Reactome	8819
Reactome	8821
Reactome	8822
Reactome	8823
Reactome	8824
Reactome	8825
Reactome	8826
Reactome	8828
Reactome	8829
Reactome	883
Reactome	8831
Reactome	8832
Reactome	8833
Reactome	8834
Reactome	8835
Reactome	8836
Reactome	8841
Reactome	8842
Reactome	8843
Reactome	8844
Reactome	885
Reactome	8850
Reactome	8851
Reactome	8854
Reactome	8856
Reactome	8858
Reactome	886
Reactome	8861
Reactome	8862
Reactome	8863
Reactome	8864
Reactome	8867
Reactome	8869
Reactome	887
Reactome	8870
Reactome	8871
Reactome	8874
Reactome	88745
Reactome	8875
Reactome	8876
Reactome	8877
Reactome	8878
Reactome	8879
Reactome	8881
Reactome	8883
Reactome	8884
Reactome	8887
Reactome	8890
Reactome	8891
Reactome	8892
Reactome	8893
Reactome	8894
Reactome	8895
Reactome	8896
Reactome	8897
Reactome	8898
Reactome	8899
Reactome	89
Reactome	890
Reactome	8900
Reactome	8904
Reactome	8905
Reactome	8906
Reactome	8907
Reactome	8908
Reactome	891
Reactome	8910
Reactome	8911
Reactome	8912
Reactome	89122
Reactome	8913
Reactome	8914
Reactome	892
Reactome	8924
Reactome	8925
Reactome	8927
Reactome	8928
Reactome	8930
Reactome	8932
Reactome	8934
Reactome	8935
Reactome	8936
Reactome	894
Reactome	8941
Reactome	8942
Reactome	8945
Reactome	896
Reactome	8968
Reactome	8969
Reactome	8970
Reactome	8972
Reactome	8973
Reactome	8974
Reactome	8975
Reactome	8976
Reactome	89777
Reactome	89781
Reactome	89790
Reactome	898
Reactome	89822
Reactome	89845
Reactome	89846
Reactome	89849
Reactome	8985
Reactome	89853
Reactome	8986
Reactome	89866
Reactome	89869
Reactome	8987
Reactome	89872
Reactome	89874
Reactome	89884
Reactome	8989
Reactome	89890
Reactome	89891
Reactome	899
Reactome	89910
Reactome	8992
Reactome	8993
Reactome	8994
Reactome	89941
Reactome	89944
Reactome	8995
Reactome	89953
Reactome	8997
Reactome	89978
Reactome	9
Reactome	900
Reactome	90019
Reactome	9002
Reactome	90025
Reactome	90075
Reactome	901
Reactome	9013
Reactome	90134
Reactome	90135
Reactome	9014
Reactome	9015
Reactome	9016
Reactome	90161
Reactome	90187
Reactome	90196
Reactome	902
Reactome	9020
Reactome	9021
Reactome	9023
Reactome	90233
Reactome	90249
Reactome	9025
Reactome	9026
Reactome	90268
Reactome	9027
Reactome	90293
Reactome	9031
Reactome	90317
Reactome	90333
Reactome	90338
Reactome	9034
Reactome	9037
Reactome	9038
Reactome	90381
Reactome	9039
Reactome	90390
Reactome	904
Reactome	9040
Reactome	90410
Reactome	90411
Reactome	90423
Reactome	90427
Reactome	9043
Reactome	9045
Reactome	90459
Reactome	9046
Reactome	9047
Reactome	9048
Reactome	90480
Reactome	9049
Reactome	905
Reactome	9051
Reactome	90527
Reactome	9054
Reactome	9055
Reactome	90550
Reactome	9056
Reactome	9057
Reactome	9058
Reactome	90589
Reactome	90592
Reactome	90594
Reactome	9060
Reactome	9061
Reactome	90624
Reactome	90627
Reactome	9063
Reactome	90639
Reactome	9066
Reactome	90678
Reactome	9069
Reactome	9070
Reactome	90701
Reactome	9071
Reactome	9073
Reactome	9074
Reactome	9075
Reactome	9076
Reactome	90780
Reactome	908
Reactome	9080
Reactome	90809
Reactome	90827
Reactome	90850
Reactome	90853
Reactome	90864
Reactome	90865
Reactome	90871
Reactome	90874
Reactome	909
Reactome	9091
Reactome	9092
Reactome	90933
Reactome	90952
Reactome	9097
Reactome	90990
Reactome	90993
Reactome	91
Reactome	910
Reactome	9100
Reactome	9101
Reactome	91010
Reactome	91012
Reactome	9107
Reactome	91074
Reactome	9108
Reactome	911
Reactome	9110
Reactome	9111
Reactome	9112
Reactome	91120
Reactome	9113
Reactome	9114
Reactome	91147
Reactome	9117
Reactome	9119
Reactome	912
Reactome	9123
Reactome	9125
Reactome	9126
Reactome	9127
Reactome	91272
Reactome	9128
Reactome	91289
Reactome	9129
Reactome	9130
Reactome	91319
Reactome	9132
Reactome	9133
Reactome	9134
Reactome	9135
Reactome	9136
Reactome	9138
Reactome	9139
Reactome	914
Reactome	9140
Reactome	91433
Reactome	91445
Reactome	9145
Reactome	91452
Reactome	9146
Reactome	9147
Reactome	9148
Reactome	915
Reactome	9150
Reactome	9152
Reactome	91522
Reactome	9153
Reactome	9154
Reactome	91543
Reactome	91544
Reactome	9156
Reactome	91574
Reactome	91582
Reactome	91584
Reactome	9159
Reactome	916
Reactome	91603
Reactome	9162
Reactome	91646
Reactome	91653
Reactome	9166
Reactome	91661
Reactome	91662
Reactome	9167
Reactome	91683
Reactome	91687
Reactome	91689
Reactome	91694
Reactome	917
Reactome	9170
Reactome	91703
Reactome	9173
Reactome	91734
Reactome	91746
Reactome	91749
Reactome	91750
Reactome	91754
Reactome	91768
Reactome	9177
Reactome	91782
Reactome	9179
Reactome	9180
Reactome	91801
Reactome	9181
Reactome	9183
Reactome	91833
Reactome	9184
Reactome	9185
Reactome	91851
Reactome	91869
Reactome	9187
Reactome	91875
Reactome	9188
Reactome	9189
Reactome	919
Reactome	91937
Reactome	9194
Reactome	91942
Reactome	91949
Reactome	9196
Reactome	9197
Reactome	91975
Reactome	91978
Reactome	92
Reactome	920
Reactome	9200
Reactome	92014
Reactome	9208
Reactome	9210
Reactome	92104
Reactome	92105
Reactome	9211
Reactome	9212
Reactome	92126
Reactome	9215
Reactome	9217
Reactome	9218
Reactome	9219
Reactome	922
Reactome	92259
Reactome	9227
Reactome	92283
Reactome	92285
Reactome	9229
Reactome	92291
Reactome	92292
Reactome	9230
Reactome	92305
Reactome	9231
Reactome	92335
Reactome	9235
Reactome	92359
Reactome	92369
Reactome	92370
Reactome	9238
Reactome	92399
Reactome	9241
Reactome	92421
Reactome	9244
Reactome	9245
Reactome	9246
Reactome	92482
Reactome	92483
Reactome	9249
Reactome	925
Reactome	9252
Reactome	9254
Reactome	9255
Reactome	92552
Reactome	9256
Reactome	92579
Reactome	92591
Reactome	92595
Reactome	92597
Reactome	926
Reactome	9260
Reactome	92609
Reactome	9261
Reactome	92610
Reactome	9265
Reactome	9266
Reactome	92667
Reactome	9267
Reactome	9271
Reactome	92715
Reactome	92737
Reactome	9274
Reactome	92745
Reactome	92747
Reactome	9275
Reactome	9276
Reactome	9277
Reactome	92799
Reactome	928
Reactome	92815
Reactome	9282
Reactome	9283
Reactome	92856
Reactome	9287
Reactome	929
Reactome	9290
Reactome	92912
Reactome	92935
Reactome	9294
Reactome	92949
Reactome	9295
Reactome	9296
Reactome	93
Reactome	930
Reactome	93010
Reactome	93034
Reactome	93058
Reactome	9306
Reactome	93099
Reactome	9310
Reactome	93100
Reactome	93107
Reactome	9312
Reactome	9313
Reactome	93134
Reactome	9314
Reactome	9318
Reactome	93183
Reactome	932
Reactome	9320
Reactome	9321
Reactome	9322
Reactome	9325
Reactome	9328
Reactome	9329
Reactome	933
Reactome	9330
Reactome	9331
Reactome	9332
Reactome	93323
Reactome	9333
Reactome	9334
Reactome	93343
Reactome	9337
Reactome	93380
Reactome	9340
Reactome	93408
Reactome	9341
Reactome	9342
Reactome	93426
Reactome	9343
Reactome	93474
Reactome	9348
Reactome	9349
Reactome	9350
Reactome	9352
Reactome	9353
Reactome	9354
Reactome	9355
Reactome	9356
Reactome	9358
Reactome	93587
Reactome	9360
Reactome	9361
Reactome	93611
Reactome	9362
Reactome	93624
Reactome	9363
Reactome	93649
Reactome	9365
Reactome	93661
Reactome	93663
Reactome	9367
Reactome	9369
Reactome	9370
Reactome	9371
Reactome	9372
Reactome	9374
Reactome	9376
Reactome	9377
Reactome	9378
Reactome	9379
Reactome	9380
Reactome	9381
Reactome	9382
Reactome	9388
Reactome	939
Reactome	9390
Reactome	9391
Reactome	9394
Reactome	9397
Reactome	93973
Reactome	9398
Reactome	93986
Reactome	94
Reactome	940
Reactome	94005
Reactome	94015
Reactome	9402
Reactome	94025
Reactome	94030
Reactome	94039
Reactome	9409
Reactome	941
Reactome	9410
Reactome	94101
Reactome	94103
Reactome	9411
Reactome	9412
Reactome	94121
Reactome	94134
Reactome	9415
Reactome	9416
Reactome	942
Reactome	9420
Reactome	9421
Reactome	9422
Reactome	9423
Reactome	94233
Reactome	94234
Reactome	94235
Reactome	94239
Reactome	9424
Reactome	94240
Reactome	94241
Reactome	94274
Reactome	9429
Reactome	943
Reactome	9435
Reactome	9436
Reactome	9437
Reactome	9439
Reactome	944
Reactome	9440
Reactome	9441
Reactome	9442
Reactome	9443
Reactome	9444
Reactome	9445
Reactome	9446
Reactome	9447
Reactome	9448
Reactome	945
Reactome	9450
Reactome	9451
Reactome	9453
Reactome	9454
Reactome	9455
Reactome	9456
Reactome	9459
Reactome	9462
Reactome	9463
Reactome	9464
Reactome	9466
Reactome	9468
Reactome	9469
Reactome	947
Reactome	9470
Reactome	9474
Reactome	9475
Reactome	9476
Reactome	9477
Reactome	9478
Reactome	948
Reactome	9481
Reactome	9486
Reactome	9487
Reactome	9488
Reactome	9489
Reactome	949
Reactome	9491
Reactome	9493
Reactome	9495
Reactome	9497
Reactome	9498
Reactome	95
Reactome	950
Reactome	9500
Reactome	9507
Reactome	9508
Reactome	9509
Reactome	9510
Reactome	9512
Reactome	9514
Reactome	9517
Reactome	952
Reactome	9520
Reactome	9521
Reactome	9522
Reactome	9524
Reactome	9525
Reactome	9526
Reactome	9527
Reactome	9528
Reactome	9529
Reactome	953
Reactome	9531
Reactome	9532
Reactome	9533
Reactome	9534
Reactome	9535
Reactome	9536
Reactome	954
Reactome	9540
Reactome	9542
Reactome	9545
Reactome	9546
Reactome	955
Reactome	9550
Reactome	9551
Reactome	9553
Reactome	9554
Reactome	9556
Reactome	9557
Reactome	9559
Reactome	956
Reactome	9562
Reactome	9564
Reactome	9568
Reactome	95681
Reactome	957
Reactome	9570
Reactome	9575
Reactome	9577
Reactome	9578
Reactome	958
Reactome	9580
Reactome	9582
Reactome	9583
Reactome	9584
Reactome	9585
Reactome	9588
Reactome	9589
Reactome	959
Reactome	9590
Reactome	960
Reactome	9600
Reactome	9604
Reactome	9609
Reactome	961
Reactome	9610
Reactome	9611
Reactome	9612
Reactome	9615
Reactome	9616
Reactome	9617
Reactome	9619
Reactome	962
Reactome	9626
Reactome	9627
Reactome	9628
Reactome	963
Reactome	9630
Reactome	9631
Reactome	9632
Reactome	9635
Reactome	9636
Reactome	9639
Reactome	9641
Reactome	9643
Reactome	9644
Reactome	96459
Reactome	9646
Reactome	9647
Reactome	9648
Reactome	965
Reactome	9651
Reactome	9652
Reactome	9653
Reactome	9654
Reactome	9655
Reactome	9656
Reactome	9657
Reactome	966
Reactome	9662
Reactome	9663
Reactome	9666
Reactome	9668
Reactome	9669
Reactome	967
Reactome	9672
Reactome	9673
Reactome	96764
Reactome	968
Reactome	9681
Reactome	9682
Reactome	9683
Reactome	9684
Reactome	9685
Reactome	9687
Reactome	9688
Reactome	9690
Reactome	9692
Reactome	9693
Reactome	9695
Reactome	9698
Reactome	970
Reactome	9700
Reactome	9702
Reactome	9709
Reactome	971
Reactome	9710
Reactome	9712
Reactome	9715
Reactome	9716
Reactome	9718
Reactome	9719
Reactome	972
Reactome	9724
Reactome	9725
Reactome	9727
Reactome	973
Reactome	9730
Reactome	9732
Reactome	9734
Reactome	9735
Reactome	9736
Reactome	9738
Reactome	9739
Reactome	974
Reactome	9742
Reactome	9743
Reactome	9748
Reactome	9749
Reactome	975
Reactome	9750
Reactome	9754
Reactome	9757
Reactome	9759
Reactome	976
Reactome	9761
Reactome	9765
Reactome	9767
Reactome	9768
Reactome	977
Reactome	9775
Reactome	9776
Reactome	978
Reactome	9780
Reactome	9781
Reactome	9785
Reactome	9787
Reactome	9789
Reactome	9790
Reactome	9791
Reactome	9793
Reactome	9794
Reactome	9797
Reactome	9798
Reactome	9801
Reactome	9804
Reactome	9810
Reactome	9812
Reactome	9814
Reactome	9815
Reactome	9817
Reactome	9818
Reactome	9820
Reactome	9821
Reactome	9824
Reactome	9826
Reactome	9827
Reactome	9828
Reactome	9829
Reactome	983
Reactome	9830
Reactome	9836
Reactome	9837
Reactome	9839
Reactome	9843
Reactome	9844
Reactome	9846
Reactome	9847
Reactome	9855
Reactome	9856
Reactome	9861
Reactome	9862
Reactome	9863
Reactome	9867
Reactome	9868
Reactome	9869
Reactome	9870
Reactome	9871
Reactome	9879
Reactome	988
Reactome	9882
Reactome	9883
Reactome	9885
Reactome	9886
Reactome	9887
Reactome	989
Reactome	9890
Reactome	9891
Reactome	9892
Reactome	9896
Reactome	9899
Reactome	990
Reactome	9900
Reactome	9901
Reactome	9902
Reactome	9903
Reactome	9908
Reactome	9909
Reactome	991
Reactome	9912
Reactome	9913
Reactome	9914
Reactome	9915
Reactome	9917
Reactome	9918
Reactome	9919
Reactome	9924
Reactome	9926
Reactome	9927
Reactome	9928
Reactome	9929
Reactome	993
Reactome	9934
Reactome	9935
Reactome	9937
Reactome	9938
Reactome	9939
Reactome	994
Reactome	9941
Reactome	9942
Reactome	9945
Reactome	9948
Reactome	995
Reactome	9950
Reactome	9951
Reactome	9953
Reactome	9955
Reactome	9956
Reactome	9957
Reactome	9958
Reactome	996
Reactome	9960
Reactome	9961
Reactome	9962
Reactome	9963
Reactome	9965
Reactome	9966
Reactome	9967
Reactome	9968
Reactome	9969
Reactome	997
Reactome	9970
Reactome	9971
Reactome	9972
Reactome	9973
Reactome	9975
Reactome	9976
Reactome	9978
Reactome	998
Reactome	9982
Reactome	9984
Reactome	9985
Reactome	9986
Reactome	9987
Reactome	9990
Reactome	9992
Reactome	9994
Reactome	9997
