term_id	p_value	bh_fdr	log2err	ES	NES	intersected_set_size	leading_edge_ids	status	collection	term_name	original_set_size	direction	rank_statistic	rank_gene_count	rank_tie_member_fraction	score_exponent	source_snapshot	leading_edge_symbols
NA	NA	NA	NA	NA	NA	NA	NA	MSIGDB_HALLMARK_NOT_RUN_LICENSE_REVIEW_UNCONFIRMED	MSigDB_Hallmark	NA	NA	not_applicable	not_run	20357	NA	NA	No MSigDB collection downloaded or redistributed	NA
R-HSA-73894	8.34933306011549e-14	1.14135382931779e-10	0.954541630725724	0.453661468540967	2.16787687644855	305	51514;9768;55215;2177;3978;2188;580;5424;6996;80010;7706;23030;10635;5437;3838;51588;55120;10401;27339;63979;3980;5423;9636;86;890;56852;22976;3014;84126;29089;8349;5983;83695;79913;29844;5531;80233;201254;9656;5427;5111;283899;25913;2189;348654;8930;1763;124739;80198;2237;5984;5426;85236;54891;8334;4913;5883;7874;5888;116028;197342;64708;8505;5591;378708;4798;5430;11284;54936;9682;7329;641;1017;1643;7515;83990;7158;9557;8365;11200;5433;4350;8607;9246;7156;85015;144715;7374;5810;6612;2140;55775;7320;9937;142;2068;8924;6047;8337;2074;65057;8347;7520;9100;672;79728;2956;7468;4361;121642;5599;7486;9025;5932;7415	completed	Reactome_preranked_GSEA_fallback	DNA Repair	334	cancer_up	P1 cancer-minus-normal moderated t	20357	0	1	reactome.db_1.95.0__fgsea_1.36.2	DTL;PCLAF;FANCI;FANCD2;LIG1;FANCF;BARD1;POLD1;TDG;RMI1;TRIM25;KDM4B;RAD51AP1;POLR2H;KPNA2;PIAS4;FANCL;PIAS3;PRPF19;FIGNL1;LIG3;POLB;ISG15;ACTL6A;CCNA2;RAD18;PAXIP1;H2AX;ATRIP;UBE2T;H2BC21;RFC3;RHNO1;ACTR5;TFPT;PPP4C;FAAP100;CENPX;MDC1;POLE2;PCNA;INO80E;POT1;FANCG;GEN1;MBD4;DNA2;USP43;MUS81;FEN1;RFC4;POLE;H2BC12;INO80D;H2AC6;NTHL1;RAD9A;USP7;RAD51;RMI2;EME2;COPS7B;PARG;PRKDC;CENPS;NFRKB;POLR2A;PNKP;ADPRS;KDM4A;UBE2I;BLM;CDK2;DDB2;XRCC1;BRIP1;TP53BP1;CHD1L;H4C8;CHEK2;POLR2D;MPG;RUVBL1;UBE2L6;TOP3A;USP45;RAD9B;UNG;RAD1;SUMO3;EYA3;TDP1;UBE2B;DCLRE1A;PARP1;ERCC2;HERC2;RNF4;H2AC18;ERCC6;ACD;H2BC4;XRCC5;USP10;BRCA1;PALB2;MSH6;NSD2;MRE11;ALKBH2;MAPK8;WRN;RNF8;RBBP8;VCP
R-HSA-69620	2.61304082215509e-13	1.78601340194301e-10	0.932595211336209	0.463049155236143	2.16873772975789	270	2810;55920;51433;9134;991;891;4171;11130;55055;580;983;11065;80010;57082;9133;51588;64105;7465;4999;5905;348995;890;11004;701;83540;3014;84126;79019;8349;5983;79682;83695;4194;9656;1058;1763;151246;5984;79172;85236;8317;10926;10403;140735;1452;4176;2932;5883;55143;11243;29882;9735;116028;147841;55839;5518;378708;4193;993;641;1017;64682;5001;83990;7158;55388;8365;11200;4173;57405;7514;1778;7156;54820;7529;144715;5810;5527;332;79902;4928;8924;4174;6500;51434;23279;25909;8347;672;7468;4361;23421;7486;9025;5932;699;54821;4172;7533	completed	Reactome_preranked_GSEA_fallback	Cell Cycle Checkpoints	292	cancer_up	P1 cancer-minus-normal moderated t	20357	0	1	reactome.db_1.95.0__fgsea_1.36.2	SFN;RCC2;ANAPC5;CCNE2;CDC20;CCNB1;MCM2;ZWINT;ZWILCH;BARD1;CDK1;UBE2C;RMI1;KNL1;CCNB2;PIAS4;CENPK;WEE1;ORC2;RANGAP1;NUP43;CCNA2;KIF2C;BUB1B;NUF2;H2AX;ATRIP;CENPM;H2BC21;RFC3;CENPU;RHNO1;MDM4;MDC1;CENPA;DNA2;SGO2;RFC4;CENPO;H2BC12;CDC7;DBF4;NDC80;DYNLL2;CSNK1A1;MCM7;GSK3B;RAD9A;CDCA8;PMF1;ANAPC2;KNTC1;RMI2;SPC24;CENPN;PPP2R1A;CENPS;MDM2;CDC25A;BLM;CDK2;ANAPC1;ORC5;BRIP1;TP53BP1;MCM10;H4C8;CHEK2;MCM4;SPC25;XPO1;DYNC1H1;TOP3A;NDE1;YWHAB;RAD9B;RAD1;PPP2R5C;BIRC5;NUP85;NUP98;HERC2;MCM5;SKP1;ANAPC7;NUP160;AHCTF1;H2BC4;BRCA1;NSD2;MRE11;ITGB3BP;WRN;RNF8;RBBP8;BUB1;ERCC6L;MCM3;YWHAH
R-HSA-4839726	1.00597382483418e-10	4.58388739516108e-08	0.839088935621274	0.441555662980462	2.05621335366977	253	5928;2146;1108;23067;64754;6599;23133;23030;22992;1107;54014;8085;1788;9112;10856;29998;86;2648;55250;9757;25855;55193;23326;3014;9643;8349;54934;64426;26039;196528;8295;10919;7994;10902;84289;8357;339287;51111;85236;9869;3065;10499;8334;117143;92815;54815;79918;8089;1387;11091;5929;6603;23186;9767;58508;54904;9682;55257;64769;595;8289;5927;221656;84678;8365;23338;5253;8607;23512;7862;11240;5931;5977;284058;2033;8726;57634;93624;8337;56970;8347;10498;7468;23135;55818;79813;6944;387893;5970;27097;80853;9274;6314;23506;56950;9739	completed	Reactome_preranked_GSEA_fallback	Chromatin organization	286	cancer_up	P1 cancer-minus-normal moderated t	20357	0	1	reactome.db_1.95.0__fgsea_1.36.2	RBBP4;EZH2;CHD4;SETD1B;SMYD3;SMARCC1;PHF8;KDM4B;KDM2A;CHD3;BRWD1;KMT2D;DNMT3A;MTA1;RUVBL2;BICRA;ACTL6A;KAT2A;ELP2;KMT2B;BRMS1;PBRM1;USP22;H2AX;MORF4L2;H2BC21;KANSL2;SUDS3;SS18L1;ARID2;TRRAP;EHMT2;KAT6A;BRD8;ING5;H3C10;MSL1;KMT5B;H2BC12;SETDB1;HDAC1;NCOA2;H2AC6;TADA1;H2AC25;GATAD2A;SETD6;YEATS4;CREBBP;WDR5;RBBP5;SMARCD2;RCOR1;JADE3;KMT2C;NSD3;KDM4A;MRGBP;MEAF6;CCND1;ARID1A;KDM5A;KDM1B;KDM2B;H4C8;JADE2;PHF2;RUVBL1;SUZ12;BRPF1;PADI2;RBBP7;DPF2;KANSL1;EP300;EED;EP400;TADA2B;H2AC18;ATXN7L3;H2BC4;CARM1;NSD2;KDM6B;KDM3A;EHMT1;VPS72;KMT5A;RELA;TAF5L;KDM7A;BCL7C;ATXN7;BICRAL;SMYD2;SETD1A
R-HSA-3247509	2.44772244232188e-10	8.36509144663501e-08	0.814035837847908	0.450118485134095	2.07988681578029	238	5928;2146;1108;23067;64754;6599;23133;23030;22992;1107;54014;8085;1788;9112;10856;86;2648;55250;9757;25855;55193;23326;3014;9643;8349;54934;64426;196528;8295;10919;7994;10902;84289;8357;339287;51111;85236;9869;3065;10499;8334;117143;92815;54815;79918;8089;1387;11091;5929;6603;23186;9767;58508;54904;9682;55257;64769;595;8289;5927;221656;84678;8365;23338;5253;8607;23512;7862;11240;5931;284058;2033;8726;57634;93624;8337;56970;8347;10498;7468;23135;55818;79813;6944;387893;5970;27097;80853	completed	Reactome_preranked_GSEA_fallback	Chromatin modifying enzymes	271	cancer_up	P1 cancer-minus-normal moderated t	20357	0	1	reactome.db_1.95.0__fgsea_1.36.2	RBBP4;EZH2;CHD4;SETD1B;SMYD3;SMARCC1;PHF8;KDM4B;KDM2A;CHD3;BRWD1;KMT2D;DNMT3A;MTA1;RUVBL2;ACTL6A;KAT2A;ELP2;KMT2B;BRMS1;PBRM1;USP22;H2AX;MORF4L2;H2BC21;KANSL2;SUDS3;ARID2;TRRAP;EHMT2;KAT6A;BRD8;ING5;H3C10;MSL1;KMT5B;H2BC12;SETDB1;HDAC1;NCOA2;H2AC6;TADA1;H2AC25;GATAD2A;SETD6;YEATS4;CREBBP;WDR5;RBBP5;SMARCD2;RCOR1;JADE3;KMT2C;NSD3;KDM4A;MRGBP;MEAF6;CCND1;ARID1A;KDM5A;KDM1B;KDM2B;H4C8;JADE2;PHF2;RUVBL1;SUZ12;BRPF1;PADI2;RBBP7;KANSL1;EP300;EED;EP400;TADA2B;H2AC18;ATXN7L3;H2BC4;CARM1;NSD2;KDM6B;KDM3A;EHMT1;VPS72;KMT5A;RELA;TAF5L;KDM7A
R-HSA-73886	3.07164636897183e-10	8.39788117276899e-08	0.814035837847908	0.553815272159081	2.30637891940001	117	5928;63922;3978;5424;57082;5437;64105;55164;10856;890;1736;3014;79019;8349;5983;79682;201254;1616;5111;25913;1058;1763;2237;5984;79172;55355;85236;8334;54433;55839;378708;5430;51773;641;1017;8365;54069;5433;8607;5931;55291;23243;387103;55651;8337;65057;8347;55135;23421;7486;5558;3020;7013	completed	Reactome_preranked_GSEA_fallback	Chromosome Maintenance	140	cancer_up	P1 cancer-minus-normal moderated t	20357	0	1	reactome.db_1.95.0__fgsea_1.36.2	RBBP4;CHTF18;LIG1;POLD1;KNL1;POLR2H;CENPK;SHQ1;RUVBL2;CCNA2;DKC1;H2AX;CENPM;H2BC21;RFC3;CENPU;CENPX;DAXX;PCNA;POT1;CENPA;DNA2;FEN1;RFC4;CENPO;HJURP;H2BC12;H2AC6;GAR1;CENPN;CENPS;POLR2A;RSF1;BLM;CDK2;H4C8;MIS18A;POLR2D;RUVBL1;RBBP7;PPP6R3;ANKRD28;CENPW;NHP2;H2AC18;ACD;H2BC4;WRAP53;ITGB3BP;WRN;PRIM2;H3-3A;TERF1
R-HSA-68886	4.55701265194322e-10	1.0382393825344e-07	0.814035837847908	0.393316153527944	1.90742144427207	359	55920;8480;51433;92421;991;891;11130;55055;8481;983;95681;11065;23133;3842;4751;57082;9814;9133;10051;7840;8815;10112;64105;5905;348995;1453;11004;9700;701;83540;7112;23047;3014;55706;2029;79019;29922;8349;79682;80321;54892;1058;8357;23165;9493;151246;22897;23383;11116;4957;79172;7277;85236;10403;140735;8334;9738;8243;1104;55143;11243;22981;29882;9735;23354;147841;55839;4926;5885;5518;22933;378708;23063;23225;9662;23592;7329;64682;9818;8365;10762;57405;7514;1778;10142;129401;221496;113130;54820;5527;332;2801;79902;4928;26271;121441;6683;10733;128866;64151;8337;51434;23279;25909;8347;26003;9918;23310;23421;699;55835;54821;3020;387893	completed	Reactome_preranked_GSEA_fallback	M Phase	405	cancer_up	P1 cancer-minus-normal moderated t	20357	0	1	reactome.db_1.95.0__fgsea_1.36.2	RCC2;RAE1;ANAPC5;CHMP4C;CDC20;CCNB1;ZWINT;ZWILCH;OFD1;CDK1;CEP41;UBE2C;PHF8;TNPO1;NEK2;KNL1;SFI1;CCNB2;SMC4;ALMS1;BANF1;KIF20A;CENPK;RANGAP1;NUP43;CSNK1D;KIF2C;ESPL1;BUB1B;NUF2;TMPO;PDS5B;H2AX;NDC1;ENSA;CENPM;NME7;H2BC21;CENPU;CEP70;NCAPG2;CENPA;H3C10;NUP205;KIF23;SGO2;CEP164;MAU2;CEP43;ODF2;CENPO;TUBA4A;H2BC12;NDC80;DYNLL2;H2AC6;CCP110;SMC1A;RCC1;CDCA8;PMF1;NINL;ANAPC2;KNTC1;HAUS5;SPC24;CENPN;NUMA1;RAD21;PPP2R1A;SIRT2;CENPS;WAPL;NUP210;CEP135;LEMD3;UBE2I;ANAPC1;NUP58;H4C8;NUP50;SPC25;XPO1;DYNC1H1;AKAP9;NUP35;LEMD2;CDCA5;NDE1;PPP2R5C;BIRC5;GOLGA2;NUP85;NUP98;FBXO5;NEDD1;SPAST;PLK4;CHMP4B;NCAPG;H2AC18;ANAPC7;NUP160;AHCTF1;H2BC4;GORASP2;NCAPD2;NCAPD3;ITGB3BP;BUB1;CPAP;ERCC6L;H3-3A;KMT5A
R-HSA-1428517	6.42255531891157e-10	1.25423330299316e-07	0.801215574617779	-0.478687005998282	-2.02863455415681	240	515;137872;8802;4199;1346;5091;57546;4190;135154;8803;51660;23479;5166;80224;2110;5164;38;2108;6392;3419;2109;84833;79018;83733;84987;5160;389203;1737;4724;29796;1350;1738;4700;91942;5161;539;92259;23530;514;7385;29078;1431;81689;440957;6341;4711;6390;522;79133;7311;27109;25915;10873;51103;57001;7381;7416;7316;1349;23409;4729;1353;3313;28976;90624;84233;84701;57128;518;7352;7386;4536;10632;4697;7388;55967;4719;506;148811;6391;4709;93058;6233;4731;9556;90871;4538;4512;8801;1329;29090;25994;4750;4508;5018;4696;4725	completed	Reactome_preranked_GSEA_fallback	Aerobic respiration and respiratory electron transport	258	normal_up	P1 cancer-minus-normal moderated t	20357	0	1	reactome.db_1.95.0__fgsea_1.36.2	ATP5PB;ADHFE1;SUCLG1;ME1;COX7A1;PC;PDP2;MDH1;SDHAF4;SUCLA2;MPC1;ISCU;PDK4;NUBPL;ETFDH;PDK2;ACAT1;ETFA;SDHD;IDH3A;ETFB;ATP5MK;GID4;SLC25A18;COX14;PDHA1;SMIM20;DLAT;NDUFS4;UQCR10;COX7C;DLD;NDUFA6;NDUFAF2;PDHA2;ATP5PO;KGD4;NNT;ATP5F1E;UQCRC2;NDUFAF4;CS;ISCA1;UQCC5;SCO1;NDUFB5;SDHB;ATP5PF;NDUFAF5;UBA52;DMAC2L;NDUFAF3;ME3;NDUFAF1;SDHAF3;UQCRB;VDAC1;UBC;COX7B;SIRT4;NDUFV2;COX11;HSPA9;ACAD9;LYRM7;TMEM126A;COX4I2;LYRM4;ATP5MC3;UCP3;UQCRFS1;MT-ND2;ATP5MG;COXFA4;UQCRH;NDUFA12;NDUFS1;ATP5F1B;PM20D1;SDHC;NDUFB3;COQ10A;RPS27A;NDUFV3;ATP5MJ;DMAC1;MT-ND4;MT-CO1;SUCLG2;COX5B;TIMM21;HIGD1A;NEK1;MT-ATP6;OXA1L;NDUFA3;NDUFS5
R-HSA-500792	1.55175929203183e-09	2.65156869025938e-07	0.788186810800237	-0.404842875889597	-1.8073512685315	419	4828;153;51554;8843;54331;1901;154;3973;338557;8322;7481;151306;5745;4889;64805;10203;9934;7855;133;552;2791;301;1910;150;7482;5179;148;5737;3579;5733;57007;1393;1902;2357;10316;2852;1880;6387;3357;6347;60675;5732;259285;3062;10161;1392;1814;4852;7478;6375;2864;5734;4922;56670;5746;728;55970;2692;3269;80326;1395;10266;5173;9718;128674;9002;7484;3640;5995;117579;6865;3354;7479;4543;6360;624;10692;80835;1269;84109;50846;147;3375;185;7201;170589;7480;2913;84658;6372;10022;53829;2532;6374;6357;976;2641;1906;257313;3356;5731;122042;5744;1240;719;718;2642;2912;5443;84432;30817;6866;6346;2925;4544;113091;7432;9890;3361;134;4161;5727;183;4987;6351	completed	Reactome_preranked_GSEA_fallback	GPCR ligand binding	470	normal_up	P1 cancer-minus-normal moderated t	20357	0	1	reactome.db_1.95.0__fgsea_1.36.2	NMB;ADRB1;ACKR4;HCAR3;GNG2;S1PR1;ADRB2;LHCGR;FFAR4;FZD4;WNT11;GPBAR1;PTH1R;NPY5R;P2RY12;CALCRL;P2RY14;FZD5;ADM;AVPR1A;GNG11;ANXA1;EDNRB;ADRA2A;WNT2B;PENK;ADRA1A;PTGFR;CXCR2;PTGER3;ACKR3;CRHBP;LPAR1;FPR1;NMUR1;GPER1;GPR183;CXCL12;HTR2B;CCL2;PROK2;PTGER2;TAS2R39;HCRTR2;LPAR6;CRH;DRD3;NPY;WNT8A;XCL1;FFAR1;PTGER4;NTS;SUCNR1;PTH2R;C5AR1;GNG12;GHRHR;HRH1;WNT10A;CRHR2;RAMP2;PDYN;ECE2;PROKR2;F2RL3;WNT9B;INSL3;RGR;RLN3;TACR2;HTR1E;WNT8B;MTNR1A;CCL16;BDKRB2;RRH;TAS1R1;CNR2;QRFPR;DHH;ADRA1B;IAPP;AGTR1;TRHR;GPHA2;WNT10B;GRM3;ADGRE3;CXCL6;INSL5;P2RY13;ACKR1;CXCL5;CCL13;ADGRE5;GCG;EDN1;UTS2B;HTR2A;PTGER1;RXFP2;PTHLH;CMKLR1;C3AR1;C3;GCGR;GRM2;POMC;PROK1;ADGRE2;TAC3;CCL1;GRPR;MTNR1B;PTH2;VIP;PLPPR4;HTR5A;ADORA1;MC5R;PTCH1;AGT;OPRL1;CCL4
R-HSA-72187	2.10891165581619e-09	3.20320248166748e-07	0.774939030136436	0.495744110957158	2.14588304197673	145	5094;9584;6627;8189;2521;3192;5437;26097;29894;6426;3178;3184;10921;8241;3181;3190;5514;8106;79869;10212;6427;55660;1660;6628;11052;5499;6636;6431;79228;22827;9775;1665;3191;9939;5430;55339;4670;10915;23451;6428;6637;27316;1477;5433;6634;51585;1478;9295;55749;220988;6638;6432;57794;8175;10189;10181;55110;6430;1479;57187;6434	completed	Reactome_preranked_GSEA_fallback	mRNA 3'-end processing	152	cancer_up	P1 cancer-minus-normal moderated t	20357	0	1	reactome.db_1.95.0__fgsea_1.36.2	PCBP2;RBM39;SNRPA1;SYMPK;FUS;HNRNPU;POLR2H;CHTOP;CPSF1;SRSF1;HNRNPA1;HNRNPD;RNPS1;RBM10;HNRNPA2B1;HNRNPK;PPP1R10;PABPN1;CPSF7;DDX39A;SRSF2;PRPF40A;DHX9;SNRPB;CPSF6;PPP1CA;SNRPF;SRSF6;THOC6;PUF60;EIF4A3;DHX15;HNRNPL;RBM8A;POLR2A;WDR33;HNRNPM;TCERG1;SF3B1;SRSF3;SNRPG;RBMX;CSTF1;POLR2D;SNRPD3;PCF11;CSTF2;SRSF11;CCAR1;HNRNPA3;SNRPN;SRSF7;SUGP1;SF3A2;ALYREF;RBM5;MAGOHB;SRSF5;CSTF3;THOC2;TRA2B
R-HSA-72203	4.44202473694808e-09	6.07224781540803e-07	0.761460801445585	0.403658934668884	1.90935429312984	282	5094;8480;9584;6627;8189;2521;3192;5437;56339;26097;29894;6426;3178;27339;3184;10921;8241;348995;3181;7536;3190;23020;55706;5514;8106;79869;10212;6427;9129;51747;55660;23165;1660;5411;6628;11052;5499;6636;6431;79228;24148;22827;22985;10482;51340;9775;1665;3191;9939;25804;5430;10084;23225;55339;79622;4670;10915;23451;6428;6637;27316;9818;51428;1477;10762;57819;5433;5546;9416;6634;129401;51585;1478;55696;9295;55749;220988;51729;6638;6432;79902;4928;57794;51690;8175;10189;163859;23279;10181;55110;6430;1479;57187;51645;55094;2733;6434;23658	completed	Reactome_preranked_GSEA_fallback	Processing of Capped Intron-Containing Pre-mRNA	294	cancer_up	P1 cancer-minus-normal moderated t	20357	0	1	reactome.db_1.95.0__fgsea_1.36.2	PCBP2;RAE1;RBM39;SNRPA1;SYMPK;FUS;HNRNPU;POLR2H;METTL3;CHTOP;CPSF1;SRSF1;HNRNPA1;PRPF19;HNRNPD;RNPS1;RBM10;NUP43;HNRNPA2B1;SF1;HNRNPK;SNRNP200;NDC1;PPP1R10;PABPN1;CPSF7;DDX39A;SRSF2;PRPF3;LUC7L3;PRPF40A;NUP205;DHX9;PNN;SNRPB;CPSF6;PPP1CA;SNRPF;SRSF6;THOC6;PRPF6;PUF60;ACIN1;NXF1;CRNKL1;EIF4A3;DHX15;HNRNPL;RBM8A;LSM4;POLR2A;PQBP1;NUP210;WDR33;SNRNP25;HNRNPM;TCERG1;SF3B1;SRSF3;SNRPG;RBMX;NUP58;DDX41;CSTF1;NUP50;LSM2;POLR2D;PRCC;DDX23;SNRPD3;NUP35;PCF11;CSTF2;RBM22;SRSF11;CCAR1;HNRNPA3;WBP11;SNRPN;SRSF7;NUP85;NUP98;SUGP1;LSM7;SF3A2;ALYREF;SDE2;NUP160;RBM5;MAGOHB;SRSF5;CSTF3;THOC2;PPIL1;GPATCH1;GLE1;TRA2B;LSM5
R-HSA-3108232	8.09842001912783e-09	1.00641274237707e-06	0.747739663149885	0.460154683989912	2.06530849638542	175	7020;8535;7421;8480;1786;6996;7153;10155;7022;10521;1107;51588;10401;1788;5905;9112;348995;1789;3190;55706;23468;9656;1616;5111;23165;6294;84733;3065;10499;51602;8243;55143;5987;25942;2099;1387;5885;23225;4193;7329;641;7150;9818;7158;7155;8365;10762;648;129401;23512;7690;57591;6612;6670;332;2033;79902;4928;142;8924;6045;23279;54780;1912;7021;672;5241;5371;7486;367;9641;5970;9631;5610;9688	completed	Reactome_preranked_GSEA_fallback	SUMO E3 ligases SUMOylate target proteins	182	cancer_up	P1 cancer-minus-normal moderated t	20357	0	1	reactome.db_1.95.0__fgsea_1.36.2	TFAP2A;CBX4;VDR;RAE1;DNMT1;TDG;TOP2A;TRIM28;TFAP2C;DDX17;CHD3;PIAS4;PIAS3;DNMT3A;RANGAP1;MTA1;NUP43;DNMT3B;HNRNPK;NDC1;CBX5;MDC1;DAXX;PCNA;NUP205;SAFB;CBX2;HDAC1;NCOA2;NOP58;SMC1A;CDCA8;TRIM27;SIN3A;ESR1;CREBBP;RAD21;NUP210;MDM2;UBE2I;BLM;TOP1;NUP58;TP53BP1;TOP2B;H4C8;NUP50;BMI1;NUP35;SUZ12;ZNF131;MRTFA;SUMO3;SP3;BIRC5;EP300;NUP85;NUP98;PARP1;HERC2;RNF2;NUP160;NSMCE4A;PHC2;TFAP2B;BRCA1;PGR;PML;WRN;AR;IKBKE;RELA;NUP155;EIF2AK2;NUP93
R-HSA-9918481	1.37520795102016e-08	1.56659105753713e-06	0.747739663149885	0.412035450079587	1.91454486629432	257	6382;5094;6385;818;6627;8189;2521;7706;4751;3192;5437;29894;6426;3178;10421;27339;3184;10921;8241;3181;3190;23020;8349;8106;79869;1616;6427;54623;64223;8357;1994;1660;6628;11052;85236;8334;92815;6636;550;6431;24148;22827;51340;9775;1665;3191;5430;3326;10084;55339;4670;2817;23451;123169;6428;7329;6637;27316;6993;1477;253260;8365;5433;5546;9416;6634;51585;1478;55696;9295;11100;55749;220988;1993;340061;79109;51729;6638;4318;6432;57794;8175;10189;8337;8737;10181;8347;5371;6430;1479;1499;51645;23352	completed	Reactome_preranked_GSEA_fallback	Dengue Virus-Host Interactions	292	cancer_up	P1 cancer-minus-normal moderated t	20357	0	1	reactome.db_1.95.0__fgsea_1.36.2	SDC1;PCBP2;SDC4;CAMK2G;SNRPA1;SYMPK;FUS;TRIM25;NEK2;HNRNPU;POLR2H;CPSF1;SRSF1;HNRNPA1;CD2BP2;PRPF19;HNRNPD;RNPS1;RBM10;HNRNPA2B1;HNRNPK;SNRNP200;H2BC21;PABPN1;CPSF7;DAXX;SRSF2;PAF1;MLST8;H3C10;ELAVL1;DHX9;SNRPB;CPSF6;H2BC12;H2AC6;H2AC25;SNRPF;AUP1;SRSF6;PRPF6;PUF60;CRNKL1;EIF4A3;DHX15;HNRNPL;POLR2A;HSP90AB1;PQBP1;WDR33;HNRNPM;GPC1;SF3B1;LEO1;SRSF3;UBE2I;SNRPG;RBMX;DYNLT1;CSTF1;RICTOR;H4C8;POLR2D;PRCC;DDX23;SNRPD3;PCF11;CSTF2;RBM22;SRSF11;HNRNPUL1;CCAR1;HNRNPA3;ELAVL2;STING1;MAPKAP1;WBP11;SNRPN;MMP9;SRSF7;SUGP1;SF3A2;ALYREF;H2AC18;RIPK1;RBM5;H2BC4;PML;SRSF5;CSTF3;CTNNB1;PPIL1;UBR4
R-HSA-418555	1.80654870823582e-08	1.89965544935259e-06	0.73376198835648	-0.515706863460455	-2.06551840270333	145	50940;5140;153;5138;5139;54331;154;3973;151306;2770;5745;10203;133;8622;157;2791;5577;5136;2852;2869;111;5732;5568;1392;5151;5153;112;408;5734;5746;27115;55970;2692;196883;1395;10266;3640;117579	completed	Reactome_preranked_GSEA_fallback	G alpha (s) signalling events	157	normal_up	P1 cancer-minus-normal moderated t	20357	0	1	reactome.db_1.95.0__fgsea_1.36.2	PDE11A;PDE3B;ADRB1;PDE2A;PDE3A;GNG2;ADRB2;LHCGR;GPBAR1;GNAI1;PTH1R;CALCRL;ADM;PDE8B;GRK3;GNG11;PRKAR2B;PDE1A;GPER1;GRK5;ADCY5;PTGER2;PRKACG;CRH;PDE8A;PDE1B;ADCY6;ARRB1;PTGER4;PTH2R;PDE7B;GNG12;GHRHR;ADCY4;CRHR2;RAMP2;INSL3;RLN3
R-HSA-5633007	1.96270717470055e-08	1.91644336272547e-06	0.73376198835648	0.474806931987779	2.05568280789825	152	5928;1108;10848;79837;580;983;80010;1107;6874;5170;890;22974;84126;94241;5983;83695;10919;4194;7994;1616;84289;64223;1763;5984;3065;5883;6873;7874;54815;116028;6749;5518;6882;4193;64769;80196;54971;641;1017;83990;253260;51616;11200;7156;7862;144715;6908;5810;5931;79109;5527;2033;8851;6878;1020;26013;672;4361;5371;7486;79813;5932;8445;207;387893	completed	Reactome_preranked_GSEA_fallback	Regulation of TP53 Activity	156	cancer_up	P1 cancer-minus-normal moderated t	20357	0	1	reactome.db_1.95.0__fgsea_1.36.2	RBBP4;CHD4;PPP1R13L;PIP4K2C;BARD1;CDK1;RMI1;CHD3;TAF4;PDPK1;CCNA2;TPX2;ATRIP;TP53INP1;RFC3;RHNO1;EHMT2;MDM4;KAT6A;DAXX;ING5;MLST8;DNA2;RFC4;HDAC1;RAD9A;TAF2;USP7;GATAD2A;RMI2;SSRP1;PPP2R1A;TAF11;MDM2;MEAF6;RNF34;BANP;BLM;CDK2;BRIP1;RICTOR;TAF9B;CHEK2;TOP3A;BRPF1;RAD9B;TBP;RAD1;RBBP7;MAPKAP1;PPP2R5C;EP300;CDK5R1;TAF6;CDK5;L3MBTL1;BRCA1;MRE11;PML;WRN;EHMT1;RBBP8;DYRK2;AKT1;KMT5A
R-HSA-5693532	3.29363453283491e-08	3.00159893759022e-06	0.719512826338911	0.464002540052703	2.0154467942997	153	580;5424;80010;23030;10635;3838;51588;63979;3980;890;22976;3014;84126;8349;5983;83695;5531;9656;5427;5111;348654;1763;80198;2237;5984;5426;85236;5883;5888;116028;197342;5591;9682;7329;641;1017;7515;83990;7158;8365;11200;7156;144715;5810;2140;55775;142;8924;6047;8347;7520;672;79728;7468;4361;5599;7486;9025;5932	completed	Reactome_preranked_GSEA_fallback	DNA Double-Strand Break Repair	170	cancer_up	P1 cancer-minus-normal moderated t	20357	0	1	reactome.db_1.95.0__fgsea_1.36.2	BARD1;POLD1;RMI1;KDM4B;RAD51AP1;KPNA2;PIAS4;FIGNL1;LIG3;CCNA2;PAXIP1;H2AX;ATRIP;H2BC21;RFC3;RHNO1;PPP4C;MDC1;POLE2;PCNA;GEN1;DNA2;MUS81;FEN1;RFC4;POLE;H2BC12;RAD9A;RAD51;RMI2;EME2;PRKDC;KDM4A;UBE2I;BLM;CDK2;XRCC1;BRIP1;TP53BP1;H4C8;CHEK2;TOP3A;RAD9B;RAD1;EYA3;TDP1;PARP1;HERC2;RNF4;H2BC4;XRCC5;BRCA1;PALB2;NSD2;MRE11;MAPK8;WRN;RNF8;RBBP8
R-HSA-9770562	4.47905447643547e-08	3.82679216830456e-06	0.719512826338911	0.50490110801385	2.1178260762856	123	5094;9584;6627;8189;2521;3192;5437;29894;6426;3178;3184;8241;3181;3190;5514;8106;79869;6427;55660;1660;6628;11052;5499;6636;6431;22827;1665;3191;5430;55339;4670;10915;23451;6428;6637;27316;1477;5433;6634;51585;1478;9295;55749;220988;6638;6432;57794;8175;10181;6430;1479;6434;3187;5930;8683;6626;5431;9879;10914	completed	Reactome_preranked_GSEA_fallback	mRNA Polyadenylation	127	cancer_up	P1 cancer-minus-normal moderated t	20357	0	1	reactome.db_1.95.0__fgsea_1.36.2	PCBP2;RBM39;SNRPA1;SYMPK;FUS;HNRNPU;POLR2H;CPSF1;SRSF1;HNRNPA1;HNRNPD;RBM10;HNRNPA2B1;HNRNPK;PPP1R10;PABPN1;CPSF7;SRSF2;PRPF40A;DHX9;SNRPB;CPSF6;PPP1CA;SNRPF;SRSF6;PUF60;DHX15;HNRNPL;POLR2A;WDR33;HNRNPM;TCERG1;SF3B1;SRSF3;SNRPG;RBMX;CSTF1;POLR2D;SNRPD3;PCF11;CSTF2;SRSF11;CCAR1;HNRNPA3;SNRPN;SRSF7;SUGP1;SF3A2;RBM5;SRSF5;CSTF3;TRA2B;HNRNPH1;RBBP6;SRSF9;SNRPA;POLR2B;DDX46;PAPOLA
R-HSA-2990846	8.3017855268397e-08	5.97291621852098e-06	0.704975715167238	0.441635118153792	1.97845078903831	181	7020;8535;7421;8480;1786;6996;7153;10155;7022;10521;1107;51588;10401;1788;5905;9112;348995;1789;3190;55706;23468;9656;1616;5111;23165;6294;84733;3065;10499;51602;8243;55143;5987;25942;2099;1387;5885;23225;4193;7329;641;7150;9818;7158;7155;8365;10762;648;129401;23512;7690;57591;6612;6670;332;2033;79902;4928;142;8924;6045;23279;54780;1912;7021;672;5241;5371;7486;367;9641;5970;9631;5610;9688	completed	Reactome_preranked_GSEA_fallback	SUMOylation	188	cancer_up	P1 cancer-minus-normal moderated t	20357	0	1	reactome.db_1.95.0__fgsea_1.36.2	TFAP2A;CBX4;VDR;RAE1;DNMT1;TDG;TOP2A;TRIM28;TFAP2C;DDX17;CHD3;PIAS4;PIAS3;DNMT3A;RANGAP1;MTA1;NUP43;DNMT3B;HNRNPK;NDC1;CBX5;MDC1;DAXX;PCNA;NUP205;SAFB;CBX2;HDAC1;NCOA2;NOP58;SMC1A;CDCA8;TRIM27;SIN3A;ESR1;CREBBP;RAD21;NUP210;MDM2;UBE2I;BLM;TOP1;NUP58;TP53BP1;TOP2B;H4C8;NUP50;BMI1;NUP35;SUZ12;ZNF131;MRTFA;SUMO3;SP3;BIRC5;EP300;NUP85;NUP98;PARP1;HERC2;RNF2;NUP160;NSMCE4A;PHC2;TFAP2B;BRCA1;PGR;PML;WRN;AR;IKBKE;RELA;NUP155;EIF2AK2;NUP93
R-HSA-2555396	8.06881975209326e-08	5.97291621852098e-06	0.704975715167238	0.423750147474757	1.93341591380451	207	55920;51433;92421;991;891;11130;55055;983;11065;3842;57082;9133;8815;64105;5905;348995;11004;9700;701;83540;7112;23047;55706;79019;79682;1058;23165;151246;79172;7277;10403;140735;8243;1104;55143;11243;29882;9735;147841;55839;5885;5518;22933;378708;23063;23592;7329;64682;9818;57405;7514;1778;129401;221496;113130;54820;5527;332;79902;4928;26271;6683;128866;51434;23279;25909	completed	Reactome_preranked_GSEA_fallback	Mitotic Metaphase and Anaphase	225	cancer_up	P1 cancer-minus-normal moderated t	20357	0	1	reactome.db_1.95.0__fgsea_1.36.2	RCC2;ANAPC5;CHMP4C;CDC20;CCNB1;ZWINT;ZWILCH;CDK1;UBE2C;TNPO1;KNL1;CCNB2;BANF1;CENPK;RANGAP1;NUP43;KIF2C;ESPL1;BUB1B;NUF2;TMPO;PDS5B;NDC1;CENPM;CENPU;CENPA;NUP205;SGO2;CENPO;TUBA4A;NDC80;DYNLL2;SMC1A;RCC1;CDCA8;PMF1;ANAPC2;KNTC1;SPC24;CENPN;RAD21;PPP2R1A;SIRT2;CENPS;WAPL;LEMD3;UBE2I;ANAPC1;NUP58;SPC25;XPO1;DYNC1H1;NUP35;LEMD2;CDCA5;NDE1;PPP2R5C;BIRC5;NUP85;NUP98;FBXO5;SPAST;CHMP4B;ANAPC7;NUP160;AHCTF1
R-HSA-68882	7.57228149343138e-08	5.97291621852098e-06	0.704975715167238	0.421623717633598	1.92304188681323	206	55920;51433;92421;991;891;11130;55055;983;11065;3842;57082;9133;8815;64105;5905;348995;11004;9700;701;83540;7112;23047;55706;79019;79682;1058;23165;151246;79172;7277;10403;140735;8243;1104;55143;11243;29882;9735;147841;55839;5885;5518;22933;378708;23063;23592;7329;64682;9818;57405;7514;1778;129401;221496;113130;54820;5527;332;79902;4928;6683;128866;51434;23279;25909	completed	Reactome_preranked_GSEA_fallback	Mitotic Anaphase	224	cancer_up	P1 cancer-minus-normal moderated t	20357	0	1	reactome.db_1.95.0__fgsea_1.36.2	RCC2;ANAPC5;CHMP4C;CDC20;CCNB1;ZWINT;ZWILCH;CDK1;UBE2C;TNPO1;KNL1;CCNB2;BANF1;CENPK;RANGAP1;NUP43;KIF2C;ESPL1;BUB1B;NUF2;TMPO;PDS5B;NDC1;CENPM;CENPU;CENPA;NUP205;SGO2;CENPO;TUBA4A;NDC80;DYNLL2;SMC1A;RCC1;CDCA8;PMF1;ANAPC2;KNTC1;SPC24;CENPN;RAD21;PPP2R1A;SIRT2;CENPS;WAPL;LEMD3;UBE2I;ANAPC1;NUP58;SPC25;XPO1;DYNC1H1;NUP35;LEMD2;CDCA5;NDE1;PPP2R5C;BIRC5;NUP85;NUP98;SPAST;CHMP4B;ANAPC7;NUP160;AHCTF1
R-HSA-68877	9.87444756923104e-08	6.74918491356942e-06	0.704975715167238	0.432473080688423	1.94538446274929	188	55920;991;891;11130;55055;8481;983;95681;4751;57082;9814;9133;10051;7840;64105;5905;348995;1453;11004;701;83540;23047;79019;29922;79682;80321;1058;151246;22897;11116;4957;79172;7277;10403;140735;9738;8243;55143;11243;22981;9735;23354;147841;55839;4926;5885;5518;378708;23063;9662;57405;7514;1778;10142;113130;54820;5527;332;79902;4928;121441;10733;64151;23279;25909	completed	Reactome_preranked_GSEA_fallback	Mitotic Prometaphase	206	cancer_up	P1 cancer-minus-normal moderated t	20357	0	1	reactome.db_1.95.0__fgsea_1.36.2	RCC2;CDC20;CCNB1;ZWINT;ZWILCH;OFD1;CDK1;CEP41;NEK2;KNL1;SFI1;CCNB2;SMC4;ALMS1;CENPK;RANGAP1;NUP43;CSNK1D;KIF2C;BUB1B;NUF2;PDS5B;CENPM;NME7;CENPU;CEP70;CENPA;SGO2;CEP164;CEP43;ODF2;CENPO;TUBA4A;NDC80;DYNLL2;CCP110;SMC1A;CDCA8;PMF1;NINL;KNTC1;HAUS5;SPC24;CENPN;NUMA1;RAD21;PPP2R1A;CENPS;WAPL;CEP135;SPC25;XPO1;DYNC1H1;AKAP9;CDCA5;NDE1;PPP2R5C;BIRC5;NUP85;NUP98;NEDD1;PLK4;NCAPG;NUP160;AHCTF1
R-HSA-9839923	1.3637396317053e-07	8.87729560257687e-06	0.690132458796796	0.356760882414568	1.72813395514026	361	6382;5094;6385;818;6627;4666;8189;2521;7706;4751;3192;5437;3838;29894;6426;3178;10421;27339;3184;10525;10921;8241;3181;54431;3190;23020;8349;4061;8106;79869;1616;6427;54623;64223;8357;1994;2923;8818;7317;1660;6628;11052;163;85236;8334;90701;55236;92815;6636;550;5034;6431;6185;24148;22827;51340;9775;8974;1665;1650;3191;3309;5430;3326;10084;55339;4670;2817;23451;123169;6428;5033;7329;283208;6637;27316;6184;6993;1477;253260;8365;7514;5433;5546;9416;64225;6634;3703;51585;1478;55696;9295;11100;55749;220988;1993;340061;79109;51729;6638;4318;60559;6432;57794;8175;201595;10189;8337;8737;10181;8347;5371;6430;1479;1973;811;1499;51645;23352;7415;51726;9641;7991	completed	Reactome_preranked_GSEA_fallback	Dengue Virus Infection	401	cancer_up	P1 cancer-minus-normal moderated t	20357	0	1	reactome.db_1.95.0__fgsea_1.36.2	SDC1;PCBP2;SDC4;CAMK2G;SNRPA1;NACA;SYMPK;FUS;TRIM25;NEK2;HNRNPU;POLR2H;KPNA2;CPSF1;SRSF1;HNRNPA1;CD2BP2;PRPF19;HNRNPD;HYOU1;RNPS1;RBM10;HNRNPA2B1;DNAJC10;HNRNPK;SNRNP200;H2BC21;LY6E;PABPN1;CPSF7;DAXX;SRSF2;PAF1;MLST8;H3C10;ELAVL1;PDIA3;DPM2;UBA1;DHX9;SNRPB;CPSF6;AP2B1;H2BC12;H2AC6;SEC11C;UBA6;H2AC25;SNRPF;AUP1;P4HB;SRSF6;RPN2;PRPF6;PUF60;CRNKL1;EIF4A3;P4HA2;DHX15;DDOST;HNRNPL;HSPA5;POLR2A;HSP90AB1;PQBP1;WDR33;HNRNPM;GPC1;SF3B1;LEO1;SRSF3;P4HA1;UBE2I;P4HA3;SNRPG;RBMX;RPN1;DYNLT1;CSTF1;RICTOR;H4C8;XPO1;POLR2D;PRCC;DDX23;ATL2;SNRPD3;STT3A;PCF11;CSTF2;RBM22;SRSF11;HNRNPUL1;CCAR1;HNRNPA3;ELAVL2;STING1;MAPKAP1;WBP11;SNRPN;MMP9;SPCS3;SRSF7;SUGP1;SF3A2;STT3B;ALYREF;H2AC18;RIPK1;RBM5;H2BC4;PML;SRSF5;CSTF3;EIF4A1;CALR;CTNNB1;PPIL1;UBR4;VCP;DNAJB11;IKBKE;TUSC3
R-HSA-373076	2.36815643336879e-07	1.47148629291597e-05	0.690132458796796	-0.410751037929921	-1.78957019340705	301	4828;153;51554;8843;1901;154;3973;338557;151306;4889;64805;9934;552;301;1910;150;5179;148;5737;3579;5733;57007;1902;2357;10316;2852;1880;6387;3357;6347;60675;5732;3062;10161;1814;4852;6375;2864;5734;4922;56670;728;3269;5173;9718;128674;9002;3640;5995;117579;6865;3354;4543;6360;624;10692;1269;84109;147;185;7201;170589;6372;10022;53829;2532;6374;6357;1906;257313;3356;5731;122042;1240;719;718;5443;84432;6866;6346;2925;4544;9890;3361;134;4161;183;4987;6351	completed	Reactome_preranked_GSEA_fallback	Class A/1 (Rhodopsin-like receptors)	337	normal_up	P1 cancer-minus-normal moderated t	20357	0	1	reactome.db_1.95.0__fgsea_1.36.2	NMB;ADRB1;ACKR4;HCAR3;S1PR1;ADRB2;LHCGR;FFAR4;GPBAR1;NPY5R;P2RY12;P2RY14;AVPR1A;ANXA1;EDNRB;ADRA2A;PENK;ADRA1A;PTGFR;CXCR2;PTGER3;ACKR3;LPAR1;FPR1;NMUR1;GPER1;GPR183;CXCL12;HTR2B;CCL2;PROK2;PTGER2;HCRTR2;LPAR6;DRD3;NPY;XCL1;FFAR1;PTGER4;NTS;SUCNR1;C5AR1;HRH1;PDYN;ECE2;PROKR2;F2RL3;INSL3;RGR;RLN3;TACR2;HTR1E;MTNR1A;CCL16;BDKRB2;RRH;CNR2;QRFPR;ADRA1B;AGTR1;TRHR;GPHA2;CXCL6;INSL5;P2RY13;ACKR1;CXCL5;CCL13;EDN1;UTS2B;HTR2A;PTGER1;RXFP2;CMKLR1;C3AR1;C3;POMC;PROK1;TAC3;CCL1;GRPR;MTNR1B;PLPPR4;HTR5A;ADORA1;MC5R;AGT;OPRL1;CCL4
R-HSA-69473	2.49343244661656e-07	1.48196615414123e-05	0.674962860011025	0.547430888371754	2.1621812905436	83	2810;891;580;983;80010;51588;7465;890;3014;84126;8349;5983;83695;9656;1763;5984;85236;5883;116028;641;83990;7158;8365;11200;7156;7529;144715;5810;8924;8347;672;7468;4361;7486;9025;5932;7533	completed	Reactome_preranked_GSEA_fallback	G2/M DNA damage checkpoint	96	cancer_up	P1 cancer-minus-normal moderated t	20357	0	1	reactome.db_1.95.0__fgsea_1.36.2	SFN;CCNB1;BARD1;CDK1;RMI1;PIAS4;WEE1;CCNA2;H2AX;ATRIP;H2BC21;RFC3;RHNO1;MDC1;DNA2;RFC4;H2BC12;RAD9A;RMI2;BLM;BRIP1;TP53BP1;H4C8;CHEK2;TOP3A;YWHAB;RAD9B;RAD1;HERC2;H2BC4;BRCA1;NSD2;MRE11;WRN;RNF8;RBBP8;YWHAH
R-HSA-9675136	4.11234687566273e-07	2.24863127161238e-05	0.674962860011025	0.67468720656717	2.32641719325949	39	580;80010;10635;84126;5983;83695;1763;5984;5883;5888;116028;641;83990;7156;144715;5810;672;79728;4361;7486;5932	completed	Reactome_preranked_GSEA_fallback	Diseases of DNA Double-Strand Break Repair	41	cancer_up	P1 cancer-minus-normal moderated t	20357	0	1	reactome.db_1.95.0__fgsea_1.36.2	BARD1;RMI1;RAD51AP1;ATRIP;RFC3;RHNO1;DNA2;RFC4;RAD9A;RAD51;RMI2;BLM;BRIP1;TOP3A;RAD9B;RAD1;BRCA1;PALB2;MRE11;WRN;RBBP8
R-HSA-9701190	4.11234687566273e-07	2.24863127161238e-05	0.674962860011025	0.67468720656717	2.32641719325949	39	580;80010;10635;84126;5983;83695;1763;5984;5883;5888;116028;641;83990;7156;144715;5810;672;79728;4361;7486;5932	completed	Reactome_preranked_GSEA_fallback	Defective homologous recombination repair (HRR) due to BRCA2 loss of function	41	cancer_up	P1 cancer-minus-normal moderated t	20357	0	1	reactome.db_1.95.0__fgsea_1.36.2	BARD1;RMI1;RAD51AP1;ATRIP;RFC3;RHNO1;DNA2;RFC4;RAD9A;RAD51;RMI2;BLM;BRIP1;TOP3A;RAD9B;RAD1;BRCA1;PALB2;MRE11;WRN;RBBP8
R-HSA-9842860	4.28651553467683e-07	2.25371797534739e-05	0.674962860011025	0.483498372642445	1.99741179008939	114	5928;1108;6599;10155;1107;162967;22880;1788;9112;86;3014;23468;8349;26039;10919;9422;8357;85236;9869;3065;8334;25799;10793;54815;6603;7329;8289;8365;81931;79862;7700;5931;5977;7581;91661;90075;8337;7767;8347	completed	Reactome_preranked_GSEA_fallback	Regulation of endogenous retroelements	144	cancer_up	P1 cancer-minus-normal moderated t	20357	0	1	reactome.db_1.95.0__fgsea_1.36.2	RBBP4;CHD4;SMARCC1;TRIM28;CHD3;ZNF320;MORC2;DNMT3A;MTA1;ACTL6A;H2AX;CBX5;H2BC21;SS18L1;EHMT2;ZNF264;H3C10;H2BC12;SETDB1;HDAC1;H2AC6;ZNF324;ZNF273;GATAD2A;SMARCD2;UBE2I;ARID1A;H4C8;ZNF93;ZNF669;ZNF141;RBBP7;DPF2;ZNF33A;ZNF765;ZNF30;H2AC18;ZNF224;H2BC4
R-HSA-211945	6.28092489993815e-07	3.18000901415387e-05	0.659444398037935	-0.542188988637583	-2.05964270995784	96	126;125;216;64757;13;124;2327;55902;4128;8639;10858;2328;217;113612;56603;5740;128;80777;1727;1585;670;2052;314;2230;1562;54905;54996;218;1583;23491;4835;405;1580;8648;130;5443;8824;1565;131;54498;2326;1584;285440	completed	Reactome_preranked_GSEA_fallback	Phase I - Functionalization of compounds	106	normal_up	P1 cancer-minus-normal moderated t	20357	0	1	reactome.db_1.95.0__fgsea_1.36.2	ADH1C;ADH1B;ALDH1A1;MTARC1;AADAC;ADH1A;FMO2;ACSS2;MAOA;AOC3;CYP46A1;FMO3;ALDH2;CYP2U1;CYP26B1;PTGIS;ADH5;CYB5B;CYB5R3;CYP11B2;BPHL;EPHX1;AOC2;FDX1;CYP2C18;CYP2W1;MTARC2;ALDH3A1;CYP11A1;CES3;NQO2;ARNT;CYP4B1;NCOA1;ADH6;POMC;CES2;CYP2D6;ADH7;SMOX;FMO1;CYP11B1;CYP4V2
R-HSA-606279	8.65935783557996e-07	3.9457807204126e-05	0.659444398037935	0.597893445940867	2.17377996647911	53	5928;57082;64105;3014;79019;8349;79682;201254;1058;79172;55355;85236;8334;55839;378708;51773;8365;54069;8607;5931;387103;8337;8347;23421	completed	Reactome_preranked_GSEA_fallback	Deposition of new CENPA-containing nucleosomes at the centromere	73	cancer_up	P1 cancer-minus-normal moderated t	20357	0	1	reactome.db_1.95.0__fgsea_1.36.2	RBBP4;KNL1;CENPK;H2AX;CENPM;H2BC21;CENPU;CENPX;CENPA;CENPO;HJURP;H2BC12;H2AC6;CENPN;CENPS;RSF1;H4C8;MIS18A;RUVBL1;RBBP7;CENPW;H2AC18;H2BC4;ITGB3BP
R-HSA-774815	8.65935783557996e-07	3.9457807204126e-05	0.659444398037935	0.597893445940867	2.17377996647911	53	5928;57082;64105;3014;79019;8349;79682;201254;1058;79172;55355;85236;8334;55839;378708;51773;8365;54069;8607;5931;387103;8337;8347;23421	completed	Reactome_preranked_GSEA_fallback	Nucleosome assembly	73	cancer_up	P1 cancer-minus-normal moderated t	20357	0	1	reactome.db_1.95.0__fgsea_1.36.2	RBBP4;KNL1;CENPK;H2AX;CENPM;H2BC21;CENPU;CENPX;CENPA;CENPO;HJURP;H2BC12;H2AC6;CENPN;CENPS;RSF1;H4C8;MIS18A;RUVBL1;RBBP7;CENPW;H2AC18;H2BC4;ITGB3BP
R-HSA-5693538	8.51718510158804e-07	3.9457807204126e-05	0.659444398037935	0.478018063578507	2.00506416784164	123	580;5424;80010;10635;51588;63979;3980;890;3014;84126;8349;5983;83695;5531;9656;5427;5111;348654;1763;80198;2237;5984;5426;85236;5883;5888;116028;197342;7329;641;1017;7515;83990;7158;8365;7156;144715;5810;142;8924;6047;8347;672;79728;7468;4361;7486;9025;5932	completed	Reactome_preranked_GSEA_fallback	Homology Directed Repair	140	cancer_up	P1 cancer-minus-normal moderated t	20357	0	1	reactome.db_1.95.0__fgsea_1.36.2	BARD1;POLD1;RMI1;RAD51AP1;PIAS4;FIGNL1;LIG3;CCNA2;H2AX;ATRIP;H2BC21;RFC3;RHNO1;PPP4C;MDC1;POLE2;PCNA;GEN1;DNA2;MUS81;FEN1;RFC4;POLE;H2BC12;RAD9A;RAD51;RMI2;EME2;UBE2I;BLM;CDK2;XRCC1;BRIP1;TP53BP1;H4C8;TOP3A;RAD9B;RAD1;PARP1;HERC2;RNF4;H2BC4;BRCA1;PALB2;NSD2;MRE11;WRN;RNF8;RBBP8
R-HSA-2500257	9.00793065841918e-07	3.97220684195452e-05	0.659444398037935	0.48401672921566	2.01125018717083	115	55920;991;891;11130;55055;983;57082;9133;64105;5905;348995;11004;701;83540;23047;79019;79682;1058;151246;79172;7277;10403;140735;8243;55143;11243;9735;147841;55839;5885;5518;378708;23063;57405;7514;1778;113130;54820;5527;332;79902;4928	completed	Reactome_preranked_GSEA_fallback	Resolution of Sister Chromatid Cohesion	129	cancer_up	P1 cancer-minus-normal moderated t	20357	0	1	reactome.db_1.95.0__fgsea_1.36.2	RCC2;CDC20;CCNB1;ZWINT;ZWILCH;CDK1;KNL1;CCNB2;CENPK;RANGAP1;NUP43;KIF2C;BUB1B;NUF2;PDS5B;CENPM;CENPU;CENPA;SGO2;CENPO;TUBA4A;NDC80;DYNLL2;SMC1A;CDCA8;PMF1;KNTC1;SPC24;CENPN;RAD21;PPP2R1A;CENPS;WAPL;SPC25;XPO1;DYNC1H1;CDCA5;NDE1;PPP2R5C;BIRC5;NUP85;NUP98
R-HSA-9843940	1.3052014889154e-06	5.40669828893138e-05	0.643551836150722	0.532647793057025	2.09500596990752	80	5928;1108;10155;1107;162967;9112;3014;23468;8349;9422;8357;85236;9869;3065;8334;25799;10793;54815;7329;8365;81931;79862;7700;5931;7581;91661;90075;8337;7767;8347	completed	Reactome_preranked_GSEA_fallback	Regulation of endogenous retroelements by KRAB-ZFP proteins	107	cancer_up	P1 cancer-minus-normal moderated t	20357	0	1	reactome.db_1.95.0__fgsea_1.36.2	RBBP4;CHD4;TRIM28;CHD3;ZNF320;MTA1;H2AX;CBX5;H2BC21;ZNF264;H3C10;H2BC12;SETDB1;HDAC1;H2AC6;ZNF324;ZNF273;GATAD2A;UBE2I;H4C8;ZNF93;ZNF669;ZNF141;RBBP7;ZNF33A;ZNF765;ZNF30;H2AC18;ZNF224;H2BC4
R-HSA-3700989	1.30175906707292e-06	5.40669828893138e-05	0.643551836150722	0.346376290450047	1.66879588900676	338	5928;2810;55215;9134;1108;2177;891;10848;79837;580;983;80010;5437;1107;6874;835;5170;4343;55571;890;22974;27166;9125;84126;94241;5983;144455;83695;10919;4194;10769;9656;7994;1616;5111;84289;64223;1763;5984;904;7469;3065;5883;6873;905;7874;54815;116028;6749;1387;5518;5430;6882;4849;25920;4193;9997;64769;2936;80196;55367;54971;641;1017;79733;1025;1869;1643;5366;83990;253260;51616;11200;57690;5433;1874;7156;57472;7862;51755;55240;7529;144715;6908;147923;5810;5931;6829;79109;5527;332;2033;1345;2068;8851;6878;8621;1020;26013;10498;672;4361;5371;7486;79813;5932;5933;8445;207;153129;7249;7001;55835;387893;7533;2968	completed	Reactome_preranked_GSEA_fallback	Transcriptional Regulation by TP53	348	cancer_up	P1 cancer-minus-normal moderated t	20357	0	1	reactome.db_1.95.0__fgsea_1.36.2	RBBP4;SFN;FANCI;CCNE2;CHD4;FANCD2;CCNB1;PPP1R13L;PIP4K2C;BARD1;CDK1;RMI1;POLR2H;CHD3;TAF4;CASP2;PDPK1;MOV10;CNOT11;CCNA2;TPX2;PRELID1;CNOT9;ATRIP;TP53INP1;RFC3;E2F7;RHNO1;EHMT2;MDM4;PLK2;MDC1;KAT6A;DAXX;PCNA;ING5;MLST8;DNA2;RFC4;CCNT1;NELFA;HDAC1;RAD9A;TAF2;CCNT2;USP7;GATAD2A;RMI2;SSRP1;CREBBP;PPP2R1A;POLR2A;TAF11;CNOT3;NELFB;MDM2;SCO2;MEAF6;GSR;RNF34;PIDD1;BANP;BLM;CDK2;E2F8;CDK9;E2F1;DDB2;PMAIP1;BRIP1;RICTOR;TAF9B;CHEK2;TNRC6C;POLR2D;E2F4;TOP3A;CNOT6;BRPF1;CDK12;STEAP3;YWHAB;RAD9B;TBP;ZNF420;RAD1;RBBP7;SUPT5H;MAPKAP1;PPP2R5C;BIRC5;EP300;COX6C;ERCC2;CDK5R1;TAF6;CDK13;CDK5;L3MBTL1;CARM1;BRCA1;MRE11;PML;WRN;EHMT1;RBBP8;RBL1;DYRK2;AKT1;SLC38A9;TSC2;PRDX2;CPAP;KMT5A;YWHAH;GTF2H4
R-HSA-9675135	1.50464597644352e-06	6.04956191117143e-05	0.643551836150722	0.612510490100631	2.17956589939178	48	580;80010;10635;84126;5983;83695;1763;5984;4913;5883;5888;116028;641;83990;7156;144715;5810;672;79728;2956;4361;7486;5932	completed	Reactome_preranked_GSEA_fallback	Diseases of DNA repair	51	cancer_up	P1 cancer-minus-normal moderated t	20357	0	1	reactome.db_1.95.0__fgsea_1.36.2	BARD1;RMI1;RAD51AP1;ATRIP;RFC3;RHNO1;DNA2;RFC4;NTHL1;RAD9A;RAD51;RMI2;BLM;BRIP1;TOP3A;RAD9B;RAD1;BRCA1;PALB2;MSH6;MRE11;WRN;RBBP8
R-HSA-5693579	1.56944477797524e-06	6.1298028899776e-05	0.643551836150722	0.636020098211948	2.2171163735433	41	580;80010;10635;84126;5983;83695;1763;5984;5883;5888;116028;641;83990;7156;144715;5810;672;79728;4361;7486;5932	completed	Reactome_preranked_GSEA_fallback	Homologous DNA Pairing and Strand Exchange	43	cancer_up	P1 cancer-minus-normal moderated t	20357	0	1	reactome.db_1.95.0__fgsea_1.36.2	BARD1;RMI1;RAD51AP1;ATRIP;RFC3;RHNO1;DNA2;RFC4;RAD9A;RAD51;RMI2;BLM;BRIP1;TOP3A;RAD9B;RAD1;BRCA1;PALB2;MRE11;WRN;RBBP8
R-HSA-3108214	1.73289801522907e-06	6.58019885227261e-05	0.643551836150722	0.545741102468589	2.11768118717306	75	8535;8480;6996;51588;348995;55706;9656;23165;84733;8243;5885;23225;7329;641;9818;10762;648;129401;6612;79902;4928;142;8924;6045;23279;54780;1912;672;5371;7486;9631;9688;7518	completed	Reactome_preranked_GSEA_fallback	SUMOylation of DNA damage response and repair proteins	77	cancer_up	P1 cancer-minus-normal moderated t	20357	0	1	reactome.db_1.95.0__fgsea_1.36.2	CBX4;RAE1;TDG;PIAS4;NUP43;NDC1;MDC1;NUP205;CBX2;SMC1A;RAD21;NUP210;UBE2I;BLM;NUP58;NUP50;BMI1;NUP35;SUMO3;NUP85;NUP98;PARP1;HERC2;RNF2;NUP160;NSMCE4A;PHC2;BRCA1;PML;WRN;NUP155;NUP93;XRCC4
R-HSA-69481	1.83748911466889e-06	6.78877735068209e-05	0.643551836150722	0.451839897199895	1.93837291838028	140	2810;891;4171;580;983;80010;9133;51588;7465;4999;890;3014;84126;8349;5983;83695;9656;1763;5984;85236;8317;10926;4176;5883;116028;993;641;1017;5001;83990;7158;55388;8365;11200;4173;7156;7529;144715;5810;8924;4174;8347;672;7468;4361;7486;9025;5932;4172;7533	completed	Reactome_preranked_GSEA_fallback	G2/M Checkpoints	156	cancer_up	P1 cancer-minus-normal moderated t	20357	0	1	reactome.db_1.95.0__fgsea_1.36.2	SFN;CCNB1;MCM2;BARD1;CDK1;RMI1;CCNB2;PIAS4;WEE1;ORC2;CCNA2;H2AX;ATRIP;H2BC21;RFC3;RHNO1;MDC1;DNA2;RFC4;H2BC12;CDC7;DBF4;MCM7;RAD9A;RMI2;CDC25A;BLM;CDK2;ORC5;BRIP1;TP53BP1;MCM10;H4C8;CHEK2;MCM4;TOP3A;YWHAB;RAD9B;RAD1;HERC2;MCM5;H2BC4;BRCA1;NSD2;MRE11;WRN;RNF8;RBBP8;MCM3;YWHAH
R-HSA-157579	2.09633210494083e-06	7.54127891435294e-05	0.627256739718528	0.499758312717676	2.00942602184294	92	63922;3978;5424;5437;55164;10856;890;1736;3014;8349;5983;1616;5111;25913;1763;2237;5984;85236;8334;54433;5430;641;1017;8365;5433;8607;55291;23243;55651;8337;65057;8347;55135;7486;5558;3020;7013	completed	Reactome_preranked_GSEA_fallback	Telomere Maintenance	112	cancer_up	P1 cancer-minus-normal moderated t	20357	0	1	reactome.db_1.95.0__fgsea_1.36.2	CHTF18;LIG1;POLD1;POLR2H;SHQ1;RUVBL2;CCNA2;DKC1;H2AX;H2BC21;RFC3;DAXX;PCNA;POT1;DNA2;FEN1;RFC4;H2BC12;H2AC6;GAR1;POLR2A;BLM;CDK2;H4C8;POLR2D;RUVBL1;PPP6R3;ANKRD28;NHP2;H2AC18;ACD;H2BC4;WRAP53;WRN;PRIM2;H3-3A;TERF1
R-HSA-5617833	2.24215173213518e-06	7.8590292764841e-05	0.627256739718528	0.402592337752858	1.81704781193526	189	89891;9727;11127;4735;8481;983;95681;7203;23265;3842;4751;9814;26005;91147;117177;7840;1453;54536;80321;255758;22897;582;11116;4957;7277;28981;140735;9738;22981;123016;6991;23354;79969;5518;9662;585;9371;57787;55770;149371;4218;57560;1778;10142;83657;54820;79598;79600;121441;26160;10733;85302;150737;378;51134;261734;79989;5310;55835;10576;26146;403;84747;54806;84902;55112;9657;8100;64792;11336;92104;51259;10013;51668;8636;57539;79861;203068;5116;54903;22994	completed	Reactome_preranked_GSEA_fallback	Cilium Assembly	201	cancer_up	P1 cancer-minus-normal moderated t	20357	0	1	reactome.db_1.95.0__fgsea_1.36.2	DYNC2I2;RAB11FIP3;KIF3A;SEPTIN2;OFD1;CDK1;CEP41;CCT3;EXOC7;TNPO1;NEK2;SFI1;C2CD3;TMEM67;RAB3IP;ALMS1;CSNK1D;EXOC6;CEP70;DYNLT2B;CEP164;BBS1;CEP43;ODF2;TUBA4A;IFT81;DYNLL2;CCP110;NINL;TTC8;DYNLT2;HAUS5;ATAT1;PPP2R1A;CEP135;BBS4;KIF3B;MARK4;EXOC2;EXOC8;RAB8A;IFT80;DYNC1H1;AKAP9;DYNLRB2;NDE1;CEP97;TCTN1;NEDD1;IFT172;PLK4;FBF1;IFT70B;ARF4;CEP83;NPHP4;IFT56;PKD1;CPAP;CCT2;TRAF3IP1;ARL3;UNC119B;AHI1;CEP89;DYNC2I1;IQCB1;IFT88;IFT22;EXOC3;IFT70A;TMEM216;HDAC6;IFT25;SSNA1;WDR35;TUBAL3;TUBB;PCNT;MKS1;CEP131
R-HSA-69618	2.4091398700356e-06	8.23323550584666e-05	0.627256739718528	0.482380696178333	1.9816971462975	108	55920;51433;991;11130;55055;11065;57082;64105;5905;348995;11004;701;83540;79019;79682;1058;151246;79172;10403;140735;55143;11243;29882;9735;147841;55839;5518;378708;64682;57405;7514;1778;54820;5527;332;79902;4928;51434;23279;25909;23421;699;54821	completed	Reactome_preranked_GSEA_fallback	Mitotic Spindle Checkpoint	113	cancer_up	P1 cancer-minus-normal moderated t	20357	0	1	reactome.db_1.95.0__fgsea_1.36.2	RCC2;ANAPC5;CDC20;ZWINT;ZWILCH;UBE2C;KNL1;CENPK;RANGAP1;NUP43;KIF2C;BUB1B;NUF2;CENPM;CENPU;CENPA;SGO2;CENPO;NDC80;DYNLL2;CDCA8;PMF1;ANAPC2;KNTC1;SPC24;CENPN;PPP2R1A;CENPS;ANAPC1;SPC25;XPO1;DYNC1H1;NDE1;PPP2R5C;BIRC5;NUP85;NUP98;ANAPC7;NUP160;AHCTF1;ITGB3BP;BUB1;ERCC6L
R-HSA-5693567	2.53503466741415e-06	8.45217656184182e-05	0.627256739718528	0.464905933709786	1.93611353625551	117	580;5424;80010;10635;51588;63979;890;3014;84126;8349;5983;83695;5531;9656;5427;5111;348654;1763;80198;5984;5426;85236;5883;5888;116028;197342;7329;641;1017;83990;7158;8365;7156;144715;5810;8924;6047;8347;672;79728;7468;4361;7486;9025;5932	completed	Reactome_preranked_GSEA_fallback	HDR through Homologous Recombination (HRR) or Single Strand Annealing (SSA)	134	cancer_up	P1 cancer-minus-normal moderated t	20357	0	1	reactome.db_1.95.0__fgsea_1.36.2	BARD1;POLD1;RMI1;RAD51AP1;PIAS4;FIGNL1;CCNA2;H2AX;ATRIP;H2BC21;RFC3;RHNO1;PPP4C;MDC1;POLE2;PCNA;GEN1;DNA2;MUS81;RFC4;POLE;H2BC12;RAD9A;RAD51;RMI2;EME2;UBE2I;BLM;CDK2;BRIP1;TP53BP1;H4C8;TOP3A;RAD9B;RAD1;HERC2;RNF4;H2BC4;BRCA1;PALB2;NSD2;MRE11;WRN;RNF8;RBBP8
R-HSA-9709570	2.73173632418444e-06	8.68438036083752e-05	0.627256739718528	0.670394221263539	2.23597828634973	34	580;80010;84126;5983;83695;1763;5984;5883;5888;116028;641;83990;7156;144715;5810;672;4361;7486;5932	completed	Reactome_preranked_GSEA_fallback	Impaired BRCA2 binding to RAD51	35	cancer_up	P1 cancer-minus-normal moderated t	20357	0	1	reactome.db_1.95.0__fgsea_1.36.2	BARD1;RMI1;ATRIP;RFC3;RHNO1;DNA2;RFC4;RAD9A;RAD51;RMI2;BLM;BRIP1;TOP3A;RAD9B;RAD1;BRCA1;MRE11;WRN;RBBP8
R-HSA-73884	2.72923976723558e-06	8.68438036083752e-05	0.627256739718528	0.538138931926611	2.07471997818185	73	3978;5424;6996;3980;5423;3014;8349;5983;5427;5111;25913;8930;2237;5984;5426;85236;8334;4913;8505;11284;54936;7515;8365;4350;7374;142;8337;65057;8347	completed	Reactome_preranked_GSEA_fallback	Base Excision Repair	90	cancer_up	P1 cancer-minus-normal moderated t	20357	0	1	reactome.db_1.95.0__fgsea_1.36.2	LIG1;POLD1;TDG;LIG3;POLB;H2AX;H2BC21;RFC3;POLE2;PCNA;POT1;MBD4;FEN1;RFC4;POLE;H2BC12;H2AC6;NTHL1;PARG;PNKP;ADPRS;XRCC1;H4C8;MPG;UNG;PARP1;H2AC18;ACD;H2BC4
R-HSA-196854	3.79429643618967e-06	0.00011788189155162	0.627256739718528	-0.438283986856403	-1.8203837479847	191	10840;80704;338;338328;316;5950;801;4337;1645;154807;2719;92014;5091;4023;683;32;4338;56997;56922;8644;4522;10082;6470;54884;1727;1528;1109;5168;48;5095;686;6383;7274;4907;55937;6948;6515;55328;64802;8029;8034;3417;4594;8876;284439;9390;2194;51805;326625;3949;53630;10243;2644;79717;2262;1719;65220;79877;2350;27010;54981;10135;337;7276;3339;4837;84274;1208;349565;79178;79668;80025;27249;8566	completed	Reactome_preranked_GSEA_fallback	Metabolism of vitamins and cofactors	198	normal_up	P1 cancer-minus-normal moderated t	20357	0	1	reactome.db_1.95.0__fgsea_1.36.2	ALDH1L1;SLC19A3;APOB;GPIHBP1;AOX1;RBP4;CALM1;MOCS1;AKR1C1;VKORC1L1;GPC3;SLC25A51;PC;LPL;BST1;ACACB;MOCS2;COQ8A;MCCC1;AKR1C3;MTHFD1;GPC6;SHMT1;RETSAT;CYB5R3;CYB5A;AKR1C4;ENPP2;ACO1;PCCA;BTD;SDC2;TTPA;NT5E;APOM;TCN2;SLC2A3;RNLS;NMNAT1;CUBN;SLC25A16;IDH1;MMUT;VNN1;SLC25A42;SLC22A13;FASN;COQ3;MMAB;LDLR;BCO1;GPHN;GCHFR;PPCS;GPC5;DHFR;NADK;DCAKD;FOLR2;TPK1;NMRK1;NAMPT;APOA4;TTR;HSPG2;NNMT;COQ5;CLPS;NMNAT3;THTPA;PARP8;PANK2;MMADHC;PDXK
R-HSA-73856	4.22877224456033e-06	0.000120431909548208	0.610526878385931	0.557512997722927	2.10119879990192	63	8189;26097;29894;6426;10921;8106;79869;10212;6427;6628;11052;6636;6431;79228;9775;9939;55339;6428;6637;1477;6634;134353;51585;1478;9295;6432;10189;55110;6430;1479;57187	completed	Reactome_preranked_GSEA_fallback	RNA Polymerase II Transcription Termination	67	cancer_up	P1 cancer-minus-normal moderated t	20357	0	1	reactome.db_1.95.0__fgsea_1.36.2	SYMPK;CHTOP;CPSF1;SRSF1;RNPS1;PABPN1;CPSF7;DDX39A;SRSF2;SNRPB;CPSF6;SNRPF;SRSF6;THOC6;EIF4A3;RBM8A;WDR33;SRSF3;SNRPG;CSTF1;SNRPD3;LSM11;PCF11;CSTF2;SRSF11;SRSF7;ALYREF;MAGOHB;SRSF5;CSTF3;THOC2
R-HSA-72202	4.10853232653746e-06	0.000120431909548208	0.610526878385931	0.529136215621171	2.05595350311556	77	8480;8189;26097;29894;6426;10921;348995;55706;10212;6427;23165;6431;79228;10482;9775;9939;23225;55339;6428;9818;10762;129401;9295;6432;79902;4928;10189;23279;55110;6430;57187;2733;9631;9688	completed	Reactome_preranked_GSEA_fallback	Transport of Mature Transcript to Cytoplasm	83	cancer_up	P1 cancer-minus-normal moderated t	20357	0	1	reactome.db_1.95.0__fgsea_1.36.2	RAE1;SYMPK;CHTOP;CPSF1;SRSF1;RNPS1;NUP43;NDC1;DDX39A;SRSF2;NUP205;SRSF6;THOC6;NXF1;EIF4A3;RBM8A;NUP210;WDR33;SRSF3;NUP58;NUP50;NUP35;SRSF11;SRSF7;NUP85;NUP98;ALYREF;NUP160;MAGOHB;SRSF5;THOC2;GLE1;NUP155;NUP93
R-HSA-141424	4.21261786641775e-06	0.000120431909548208	0.610526878385931	0.496929293168173	1.98959738022199	91	55920;991;11130;55055;57082;64105;5905;348995;11004;701;83540;79019;79682;1058;151246;79172;10403;140735;55143;11243;9735;147841;55839;5518;378708;57405;7514;1778;54820;5527;332;79902;4928;23279;25909;23421;699;54821	completed	Reactome_preranked_GSEA_fallback	Amplification of signal from the kinetochores	96	cancer_up	P1 cancer-minus-normal moderated t	20357	0	1	reactome.db_1.95.0__fgsea_1.36.2	RCC2;CDC20;ZWINT;ZWILCH;KNL1;CENPK;RANGAP1;NUP43;KIF2C;BUB1B;NUF2;CENPM;CENPU;CENPA;SGO2;CENPO;NDC80;DYNLL2;CDCA8;PMF1;KNTC1;SPC24;CENPN;PPP2R1A;CENPS;SPC25;XPO1;DYNC1H1;NDE1;PPP2R5C;BIRC5;NUP85;NUP98;NUP160;AHCTF1;ITGB3BP;BUB1;ERCC6L
R-HSA-141444	4.21261786641775e-06	0.000120431909548208	0.610526878385931	0.496929293168173	1.98959738022199	91	55920;991;11130;55055;57082;64105;5905;348995;11004;701;83540;79019;79682;1058;151246;79172;10403;140735;55143;11243;9735;147841;55839;5518;378708;57405;7514;1778;54820;5527;332;79902;4928;23279;25909;23421;699;54821	completed	Reactome_preranked_GSEA_fallback	Amplification  of signal from unattached  kinetochores via a MAD2  inhibitory signal	96	cancer_up	P1 cancer-minus-normal moderated t	20357	0	1	reactome.db_1.95.0__fgsea_1.36.2	RCC2;CDC20;ZWINT;ZWILCH;KNL1;CENPK;RANGAP1;NUP43;KIF2C;BUB1B;NUF2;CENPM;CENPU;CENPA;SGO2;CENPO;NDC80;DYNLL2;CDCA8;PMF1;KNTC1;SPC24;CENPN;PPP2R1A;CENPS;SPC25;XPO1;DYNC1H1;NDE1;PPP2R5C;BIRC5;NUP85;NUP98;NUP160;AHCTF1;ITGB3BP;BUB1;ERCC6L
R-HSA-180786	4.48517345362111e-06	0.000125127185940818	0.610526878385931	0.596240889029562	2.12405383684965	49	63922;3978;5424;55164;10856;890;1736;5983;5111;25913;1763;2237;5984;54433;641;1017;8607;55291;23243;55651;65057;55135;7486;5558;7013	completed	Reactome_preranked_GSEA_fallback	Extension of Telomeres	51	cancer_up	P1 cancer-minus-normal moderated t	20357	0	1	reactome.db_1.95.0__fgsea_1.36.2	CHTF18;LIG1;POLD1;SHQ1;RUVBL2;CCNA2;DKC1;RFC3;PCNA;POT1;DNA2;FEN1;RFC4;GAR1;BLM;CDK2;RUVBL1;PPP6R3;ANKRD28;NHP2;ACD;WRAP53;WRN;PRIM2;TERF1
R-HSA-73933	5.11781201903964e-06	0.000139920980600544	0.610526878385931	0.643993759417088	2.18619196817052	38	3978;5424;6996;3980;5423;5983;5427;5111;8930;2237;5984;5426;4913;8505;11284;54936;7515;4350;7374;142	completed	Reactome_preranked_GSEA_fallback	Resolution of Abasic Sites (AP sites)	38	cancer_up	P1 cancer-minus-normal moderated t	20357	0	1	reactome.db_1.95.0__fgsea_1.36.2	LIG1;POLD1;TDG;LIG3;POLB;RFC3;POLE2;PCNA;MBD4;FEN1;RFC4;POLE;NTHL1;PARG;PNKP;ADPRS;XRCC1;MPG;UNG;PARP1
R-HSA-5362517	5.52594821619111e-06	0.000145777739169902	0.610526878385931	-0.665753888735887	-2.11712456063193	38	126;216;124;5959;2171;5166;9249;8644;5164;56603;5160;1737;1738;10170;5161	completed	Reactome_preranked_GSEA_fallback	Signaling by Retinoic Acid	41	normal_up	P1 cancer-minus-normal moderated t	20357	0	1	reactome.db_1.95.0__fgsea_1.36.2	ADH1C;ALDH1A1;ADH1A;RDH5;FABP5;PDK4;DHRS3;AKR1C3;PDK2;CYP26B1;PDHA1;DLAT;DLD;DHRS9;PDHA2
R-HSA-9709957	5.54531268239568e-06	0.000145777739169902	0.610526878385931	-0.389548827370708	-1.69082173783554	290	338;338328;5950;801;143503;2774;1879;1645;2719;6335;4023;5959;6330;9249;8644;10082;6711;54884;11078;1109;2339;4641;56656;10170;10518;5962;6327;259236;6383;26532;282775;81472;2978;53405;259285;55937;4354;6011;5957;284521;26648;23538;81797;2036;64072;26716;157506;390063;26493;23136;283297;1259;9132;2059;9397;158131;131890;26497;339768;4991;494513;138804;80835;2868;4993;5148;3949;53630;79345;830;442184;2262;161497;4994;4992;79339;10988;8390;11344;337;7276;3339;440699;26248;4995;1208;119395;6324;285440;9626	completed	Reactome_preranked_GSEA_fallback	Sensory Perception	618	normal_up	P1 cancer-minus-normal moderated t	20357	0	1	reactome.db_1.95.0__fgsea_1.36.2	APOB;GPIHBP1;RBP4;CALM1;OR51E1;GNAL;EBF1;AKR1C1;GPC3;SCN9A;LPL;RDH5;SCN4B;DHRS3;AKR1C3;GPC6;SPTBN1;RETSAT;TRIOBP;AKR1C4;FNTA;MYO1C;OR2S2;DHRS9;CIB2;RDX;SCN2B;TMIE;SDC2;OR10H3;OR5J2;OR2C3;GUCA1A;CLIC5;TAS2R39;APOM;MPP1;GRK1;RCVRN;OR2L13;OR7E24;OR52A1;OR12D3;EPB41L1;CDH23;OR2H1;RDH10;OR51I1;OR8B8;EPB41L3;OR10A4;CNGA1;KCNQ4;EPS8;NMT2;OR1Q1;GRK7;OR10D3;ESPNL;OR1D2;PJVK;OR13C4;TAS1R1;GRK4;OR2C1;PDE6G;LDLR;BCO1;OR51B2;CAPZA2;OR2B3;GPC5;STRC;OR3A1;OR1F1;OR51B4;METAP2;OR1G1;TWF2;APOA4;TTR;HSPG2;LRRC52;OR2K2;OR3A2;CLPS;CALHM3;SCN1B;CYP4V2;GUCA1C
R-HSA-4615885	6.45005623117651e-06	0.000166362771094685	0.610526878385931	0.614480328639812	2.17115773807397	45	8480;7153;51588;10401;5905;348995;55706;5111;23165;55143;23225;7329;7150;9818;7155;10762;129401;6612;332;79902;4928;23279	completed	Reactome_preranked_GSEA_fallback	SUMOylation of DNA replication proteins	45	cancer_up	P1 cancer-minus-normal moderated t	20357	0	1	reactome.db_1.95.0__fgsea_1.36.2	RAE1;TOP2A;PIAS4;PIAS3;RANGAP1;NUP43;NDC1;PCNA;NUP205;CDCA8;NUP210;UBE2I;TOP1;NUP58;TOP2B;NUP50;NUP35;SUMO3;BIRC5;NUP85;NUP98;NUP160
R-HSA-5693554	7.34759112046487e-06	0.000186002908549546	0.610526878385931	0.711007385217407	2.16010517023237	24	580;80010;10635;1763;5888;116028;641;83990;7156;672;79728;4361;7486;5932	completed	Reactome_preranked_GSEA_fallback	Resolution of D-loop Structures through Synthesis-Dependent Strand Annealing (SDSA)	27	cancer_up	P1 cancer-minus-normal moderated t	20357	0	1	reactome.db_1.95.0__fgsea_1.36.2	BARD1;RMI1;RAD51AP1;DNA2;RAD51;RMI2;BLM;BRIP1;TOP3A;BRCA1;PALB2;MRE11;WRN;RBBP8
R-HSA-5685938	1.23747551053757e-05	0.000307568913255428	0.593325476396405	0.635260762930458	2.13971387267435	36	580;80010;84126;5983;83695;1763;5984;5883;5888;116028;641;83990;7156;144715;5810;672;4361;7486;5932	completed	Reactome_preranked_GSEA_fallback	HDR through Single Strand Annealing (SSA)	37	cancer_up	P1 cancer-minus-normal moderated t	20357	0	1	reactome.db_1.95.0__fgsea_1.36.2	BARD1;RMI1;ATRIP;RFC3;RHNO1;DNA2;RFC4;RAD9A;RAD51;RMI2;BLM;BRIP1;TOP3A;RAD9B;RAD1;BRCA1;MRE11;WRN;RBBP8
R-HSA-8978868	1.31031402050069e-05	0.000319857011790079	0.593325476396405	-0.44422460718356	-1.80249331325956	162	33;55825;283927;5321;1962;35;7069;27306;2180;32;34;788;3033;8644;113612;5743;5740;1892;1666;51;55856;26061;5095;2879;23417;51179;2876;3030;201562;5264;9200;22949;224;3032;83401;158833;84693;6342;23597;3992;4594;37;51144;6296;2194;51703;4056;1580;2182;6319	completed	Reactome_preranked_GSEA_fallback	Fatty acid metabolism	175	normal_up	P1 cancer-minus-normal moderated t	20357	0	1	reactome.db_1.95.0__fgsea_1.36.2	ACADL;PECR;NUDT7;PLA2G4A;EHHADH;ACADS;THRSP;HPGDS;ACSL1;ACACB;ACADM;SLC25A20;HADH;AKR1C3;CYP2U1;PTGS2;PTGIS;ECHS1;DECR1;ACOX1;ACOT13;HACL1;PCCA;GPX4;MLYCD;HAO2;GPX1;HADHA;HACD2;PHYH;HACD1;PTGR1;ALDH3A2;HADHB;ELOVL3;AWAT1;MCEE;SCP2;ACOT9;FADS1;MMUT;ACADVL;HSD17B12;ACSM3;FASN;ACSL5;LTC4S;CYP4B1;ACSL4;SCD
R-HSA-9701192	1.50393444390039e-05	0.000341368048661841	0.593325476396405	0.719206201299383	2.16276232914183	23	580;80010;10635;1763;5888;116028;641;83990;7156;672;79728;4361;7486;5932	completed	Reactome_preranked_GSEA_fallback	Defective homologous recombination repair (HRR) due to BRCA1 loss of function	25	cancer_up	P1 cancer-minus-normal moderated t	20357	0	1	reactome.db_1.95.0__fgsea_1.36.2	BARD1;RMI1;RAD51AP1;DNA2;RAD51;RMI2;BLM;BRIP1;TOP3A;BRCA1;PALB2;MRE11;WRN;RBBP8
R-HSA-9701193	1.50393444390039e-05	0.000341368048661841	0.593325476396405	0.719206201299383	2.16276232914183	23	580;80010;10635;1763;5888;116028;641;83990;7156;672;79728;4361;7486;5932	completed	Reactome_preranked_GSEA_fallback	Defective homologous recombination repair (HRR) due to PALB2 loss of function	25	cancer_up	P1 cancer-minus-normal moderated t	20357	0	1	reactome.db_1.95.0__fgsea_1.36.2	BARD1;RMI1;RAD51AP1;DNA2;RAD51;RMI2;BLM;BRIP1;TOP3A;BRCA1;PALB2;MRE11;WRN;RBBP8
R-HSA-9704331	1.50393444390039e-05	0.000341368048661841	0.593325476396405	0.719206201299383	2.16276232914183	23	580;80010;10635;1763;5888;116028;641;83990;7156;672;79728;4361;7486;5932	completed	Reactome_preranked_GSEA_fallback	Defective HDR through Homologous Recombination Repair (HRR) due to PALB2 loss of BRCA1 binding function	25	cancer_up	P1 cancer-minus-normal moderated t	20357	0	1	reactome.db_1.95.0__fgsea_1.36.2	BARD1;RMI1;RAD51AP1;DNA2;RAD51;RMI2;BLM;BRIP1;TOP3A;BRCA1;PALB2;MRE11;WRN;RBBP8
R-HSA-9704646	1.50393444390039e-05	0.000341368048661841	0.593325476396405	0.719206201299383	2.16276232914183	23	580;80010;10635;1763;5888;116028;641;83990;7156;672;79728;4361;7486;5932	completed	Reactome_preranked_GSEA_fallback	Defective HDR through Homologous Recombination Repair (HRR) due to PALB2 loss of BRCA2/RAD51/RAD51C binding function	25	cancer_up	P1 cancer-minus-normal moderated t	20357	0	1	reactome.db_1.95.0__fgsea_1.36.2	BARD1;RMI1;RAD51AP1;DNA2;RAD51;RMI2;BLM;BRIP1;TOP3A;BRCA1;PALB2;MRE11;WRN;RBBP8
R-HSA-913531	1.52329560851297e-05	0.000341368048661841	0.593325476396405	0.355240871815291	1.64414783935843	247	2810;3664;8480;103;818;8575;2188;983;7706;2317;3838;9451;7726;55120;3665;3609;348995;9636;3551;81603;55706;3661;55223;80263;80233;201254;3306;10379;2189;2537;8877;23165;1660;7277;684;5894;10612;6895;960;4939;9775;5518;378708;3309;5335;23225;10561;5770;7329;9818;4599;10762;3669;129401;9246;23586;3134;7297;8519;10437;79902;3126;4928;23650;23279;3659;6622;4938;3608;2342;5371;1973;3305;91543;2175;567;1981;8638;5696;9631;5610;9688;115362;3120;5777;3433;2635;64135;6774	completed	Reactome_preranked_GSEA_fallback	Interferon Signaling	291	cancer_up	P1 cancer-minus-normal moderated t	20357	0	1	reactome.db_1.95.0__fgsea_1.36.2	SFN;IRF6;RAE1;ADAR;CAMK2G;PRKRA;FANCF;CDK1;TRIM25;FLNB;KPNA2;EIF2AK3;TRIM26;FANCL;IRF7;ILF3;NUP43;ISG15;IKBKB;TRIM8;NDC1;IRF3;TRIM62;TRIM45;FAAP100;CENPX;HSPA2;IRF9;FANCG;IFI6;SPHK1;NUP205;DHX9;TUBA4A;BST2;RAF1;TRIM3;TARBP2;CD44;OAS2;EIF4A3;PPP2R1A;CENPS;HSPA5;PLCG1;NUP210;IFI44;PTPN1;UBE2I;NUP58;MX1;NUP50;ISG20;NUP35;UBE2L6;RIGI;HLA-F;TYK2;IFITM1;IFI30;NUP85;HLA-DRB4;NUP98;TRIM29;NUP160;IRF1;SNCA;OAS1;ILF2;FNTB;PML;EIF4A1;HSPA1L;RSAD2;FANCA;B2M;EIF4G1;OASL;PSMB8;NUP155;EIF2AK2;NUP93;GBP5;HLA-DQB2;PTPN6;IFIT2;GBP3;IFIH1;STAT3
R-HSA-5693616	1.70868178760246e-05	0.000376736774782672	0.575610261071129	0.623470969722823	2.11652241417567	38	580;80010;84126;5983;83695;1763;5984;5883;5888;116028;641;83990;7156;144715;5810;672;4361;7486;5932	completed	Reactome_preranked_GSEA_fallback	Presynaptic phase of homologous DNA pairing and strand exchange	40	cancer_up	P1 cancer-minus-normal moderated t	20357	0	1	reactome.db_1.95.0__fgsea_1.36.2	BARD1;RMI1;ATRIP;RFC3;RHNO1;DNA2;RFC4;RAD9A;RAD51;RMI2;BLM;BRIP1;TOP3A;RAD9B;RAD1;BRCA1;MRE11;WRN;RBBP8
R-HSA-72163	1.98758487477582e-05	0.000431274368860086	0.575610261071129	0.381995186477856	1.74244720663736	198	5094;9584;6627;2521;3192;5437;6426;3178;27339;3184;10921;8241;3181;7536;3190;23020;6427;9129;51747;55660;1660;5411;6628;6636;6431;24148;22827;22985;51340;9775;1665;3191;9939;25804;5430;10084;4670;10915;23451;6428;6637;27316;51428;57819;5433;5546;9416;6634;55696;9295;55749;220988;51729;6638;6432;57794;51690;8175;10189;163859;10181;55110;6430;51645;55094;6434;23658	completed	Reactome_preranked_GSEA_fallback	mRNA Splicing - Major Pathway	205	cancer_up	P1 cancer-minus-normal moderated t	20357	0	1	reactome.db_1.95.0__fgsea_1.36.2	PCBP2;RBM39;SNRPA1;FUS;HNRNPU;POLR2H;SRSF1;HNRNPA1;PRPF19;HNRNPD;RNPS1;RBM10;HNRNPA2B1;SF1;HNRNPK;SNRNP200;SRSF2;PRPF3;LUC7L3;PRPF40A;DHX9;PNN;SNRPB;SNRPF;SRSF6;PRPF6;PUF60;ACIN1;CRNKL1;EIF4A3;DHX15;HNRNPL;RBM8A;LSM4;POLR2A;PQBP1;HNRNPM;TCERG1;SF3B1;SRSF3;SNRPG;RBMX;DDX41;LSM2;POLR2D;PRCC;DDX23;SNRPD3;RBM22;SRSF11;CCAR1;HNRNPA3;WBP11;SNRPN;SRSF7;SUGP1;LSM7;SF3A2;ALYREF;SDE2;RBM5;MAGOHB;SRSF5;PPIL1;GPATCH1;TRA2B;LSM5
R-HSA-159236	2.1875612122235e-05	0.000460060950324541	0.575610261071129	0.520939233934514	1.99566384217878	68	8480;26097;6426;10921;348995;55706;10212;6427;23165;6431;79228;10482;9775;9939;23225;6428;9818;10762;129401;9295;6432;79902;4928;10189;23279;55110;6430;57187;2733;9631;9688	completed	Reactome_preranked_GSEA_fallback	Transport of Mature mRNA derived from an Intron-Containing Transcript	74	cancer_up	P1 cancer-minus-normal moderated t	20357	0	1	reactome.db_1.95.0__fgsea_1.36.2	RAE1;CHTOP;SRSF1;RNPS1;NUP43;NDC1;DDX39A;SRSF2;NUP205;SRSF6;THOC6;NXF1;EIF4A3;RBM8A;NUP210;SRSF3;NUP58;NUP50;NUP35;SRSF11;SRSF7;NUP85;NUP98;ALYREF;NUP160;MAGOHB;SRSF5;THOC2;GLE1;NUP155;NUP93
R-HSA-5693607	2.17197175351095e-05	0.000460060950324541	0.575610261071129	0.484563373205953	1.92083194474777	84	580;80010;51588;890;3014;84126;8349;5983;83695;5531;9656;1763;5984;85236;5883;116028;7329;641;1017;83990;7158;8365;7156;144715;5810;8924;6047;8347;672;7468;4361;7486;9025;5932	completed	Reactome_preranked_GSEA_fallback	Processing of DNA double-strand break ends	97	cancer_up	P1 cancer-minus-normal moderated t	20357	0	1	reactome.db_1.95.0__fgsea_1.36.2	BARD1;RMI1;PIAS4;CCNA2;H2AX;ATRIP;H2BC21;RFC3;RHNO1;PPP4C;MDC1;DNA2;RFC4;H2BC12;RAD9A;RMI2;UBE2I;BLM;CDK2;BRIP1;TP53BP1;H4C8;TOP3A;RAD9B;RAD1;HERC2;RNF4;H2BC4;BRCA1;NSD2;MRE11;WRN;RNF8;RBBP8
R-HSA-4570464	2.53654583429554e-05	0.000525372447800304	0.575610261071129	0.591350352964611	2.08943205325044	45	8535;8480;348995;3190;55706;23165;84733;51602;23225;7329;9818;10762;648;129401;79902;4928;6045;23279;1912;9631;9688	completed	Reactome_preranked_GSEA_fallback	SUMOylation of RNA binding proteins	47	cancer_up	P1 cancer-minus-normal moderated t	20357	0	1	reactome.db_1.95.0__fgsea_1.36.2	CBX4;RAE1;NUP43;HNRNPK;NDC1;NUP205;CBX2;NOP58;NUP210;UBE2I;NUP58;NUP50;BMI1;NUP35;NUP85;NUP98;RNF2;NUP160;PHC2;NUP155;NUP93
R-HSA-72172	2.83879514125519e-05	0.000579198948969529	0.575610261071129	0.372164644585802	1.69902258350939	205	5094;9584;6627;2521;3192;5437;6426;3178;27339;3184;10921;8241;3181;7536;3190;23020;6427;9129;51747;55660;1660;5411;6628;6636;6431;24148;22827;22985;51340;9775;1665;3191;9939;25804;5430;10084;79622;4670;10915;23451;6428;6637;27316;51428;57819;5433;5546;9416;6634;55696;9295;55749;220988;51729;6638;6432;57794;51690;8175;10189;163859;10181;55110;6430;51645;55094;6434;23658	completed	Reactome_preranked_GSEA_fallback	mRNA Splicing	213	cancer_up	P1 cancer-minus-normal moderated t	20357	0	1	reactome.db_1.95.0__fgsea_1.36.2	PCBP2;RBM39;SNRPA1;FUS;HNRNPU;POLR2H;SRSF1;HNRNPA1;PRPF19;HNRNPD;RNPS1;RBM10;HNRNPA2B1;SF1;HNRNPK;SNRNP200;SRSF2;PRPF3;LUC7L3;PRPF40A;DHX9;PNN;SNRPB;SNRPF;SRSF6;PRPF6;PUF60;ACIN1;CRNKL1;EIF4A3;DHX15;HNRNPL;RBM8A;LSM4;POLR2A;PQBP1;SNRNP25;HNRNPM;TCERG1;SF3B1;SRSF3;SNRPG;RBMX;DDX41;LSM2;POLR2D;PRCC;DDX23;SNRPD3;RBM22;SRSF11;CCAR1;HNRNPA3;WBP11;SNRPN;SRSF7;SUGP1;LSM7;SF3A2;ALYREF;SDE2;RBM5;MAGOHB;SRSF5;PPIL1;GPATCH1;TRA2B;LSM5
R-HSA-211859	3.18215735461756e-05	0.0006397072211415	0.557332238758646	-0.43005736548096	-1.7639538815176	177	54988;126;10249;125;216;64757;13;124;2327;55902;4128;2948;27306;8639;10858;2328;217;113612;56603;5740;128;2098;80777;1727;2949;1585;670;2052;314;2230;84836;8460;2729;1562;2730;54905;494143;54996;218;1583;7366;23491;2950;27430;4835;2947;405;1580;7363;8648;2941;373156;130;8459;5443;4837;8824;7360;1565;131;54498;2326;1584;285440;54578	completed	Reactome_preranked_GSEA_fallback	Biological oxidations	217	normal_up	P1 cancer-minus-normal moderated t	20357	0	1	reactome.db_1.95.0__fgsea_1.36.2	ACSM5;ADH1C;GLYAT;ADH1B;ALDH1A1;MTARC1;AADAC;ADH1A;FMO2;ACSS2;MAOA;GSTM4;HPGDS;AOC3;CYP46A1;FMO3;ALDH2;CYP2U1;CYP26B1;PTGIS;ADH5;ESD;CYB5B;CYB5R3;GSTM5;CYP11B2;BPHL;EPHX1;AOC2;FDX1;ABHD14B;TPST1;GCLC;CYP2C18;GCLM;CYP2W1;CHAC2;MTARC2;ALDH3A1;CYP11A1;UGT2B15;CES3;GSTP1;MAT2B;NQO2;GSTM3;ARNT;CYP4B1;UGT2B4;NCOA1;GSTA4;GSTK1;ADH6;TPST2;POMC;NNMT;CES2;UGP2;CYP2D6;ADH7;SMOX;FMO1;CYP11B1;CYP4V2;UGT1A6
R-HSA-4551638	3.36367039310967e-05	0.00066639672860593	0.557332238758646	0.524154796158744	1.97547578827739	63	8535;8480;1107;348995;55706;23468;23165;84733;3065;23225;7329;9818;8365;10762;648;129401;23512;6612;79902;4928;6045;23279;1912	completed	Reactome_preranked_GSEA_fallback	SUMOylation of chromatin organization proteins	70	cancer_up	P1 cancer-minus-normal moderated t	20357	0	1	reactome.db_1.95.0__fgsea_1.36.2	CBX4;RAE1;CHD3;NUP43;NDC1;CBX5;NUP205;CBX2;HDAC1;NUP210;UBE2I;NUP58;H4C8;NUP50;BMI1;NUP35;SUZ12;SUMO3;NUP85;NUP98;RNF2;NUP160;PHC2
R-HSA-71403	3.98991766403905e-05	0.000779173920963054	0.557332238758646	-0.662540861537857	-2.0360149290314	32	8802;135154;8803;23479;38;6392;3419;1738;92259;23530;1431;81689;6390;57001;57128	completed	Reactome_preranked_GSEA_fallback	Citric acid cycle (TCA cycle)	34	normal_up	P1 cancer-minus-normal moderated t	20357	0	1	reactome.db_1.95.0__fgsea_1.36.2	SUCLG1;SDHAF4;SUCLA2;ISCU;ACAT1;SDHD;IDH3A;DLD;KGD4;NNT;CS;ISCA1;SDHB;SDHAF3;LYRM4
R-HSA-9709603	4.3236885860921e-05	0.000826314206761749	0.557332238758646	0.720822900917605	2.14232295717917	22	580;80010;10635;1763;5888;116028;641;83990;7156;672;79728;4361;7486;5932	completed	Reactome_preranked_GSEA_fallback	Impaired BRCA2 binding to PALB2	24	cancer_up	P1 cancer-minus-normal moderated t	20357	0	1	reactome.db_1.95.0__fgsea_1.36.2	BARD1;RMI1;RAD51AP1;DNA2;RAD51;RMI2;BLM;BRIP1;TOP3A;BRCA1;PALB2;MRE11;WRN;RBBP8
R-HSA-2995410	4.35220357621404e-05	0.000826314206761749	0.557332238758646	0.512682744507485	1.94925313719571	65	92421;891;983;3842;9133;8815;5905;348995;7112;55706;23165;7277;1104;5518;22933;23592;7329;9818;129401;221496;79902;4928;6683;128866;23279;25909	completed	Reactome_preranked_GSEA_fallback	Nuclear Envelope (NE) Reassembly	76	cancer_up	P1 cancer-minus-normal moderated t	20357	0	1	reactome.db_1.95.0__fgsea_1.36.2	CHMP4C;CCNB1;CDK1;TNPO1;CCNB2;BANF1;RANGAP1;NUP43;TMPO;NDC1;NUP205;TUBA4A;RCC1;PPP2R1A;SIRT2;LEMD3;UBE2I;NUP58;NUP35;LEMD2;NUP85;NUP98;SPAST;CHMP4B;NUP160;AHCTF1
R-HSA-159231	4.53386179611516e-05	0.000849012202094442	0.557332238758646	0.586924292150372	2.04597222920346	41	8480;8189;29894;348995;55706;23165;10482;23225;55339;9818;10762;129401;79902;4928;10189;23279;9631;9688	completed	Reactome_preranked_GSEA_fallback	Transport of Mature mRNA Derived from an Intronless Transcript	41	cancer_up	P1 cancer-minus-normal moderated t	20357	0	1	reactome.db_1.95.0__fgsea_1.36.2	RAE1;SYMPK;CPSF1;NUP43;NDC1;NUP205;NXF1;NUP210;WDR33;NUP58;NUP50;NUP35;NUP85;NUP98;ALYREF;NUP160;NUP155;NUP93
R-HSA-9927426	5.0684084663854e-05	0.000923801916473179	0.557332238758646	0.764969533761344	2.09342685649623	16	4072;100133941;3880;4582;91074;2099	completed	Reactome_preranked_GSEA_fallback	Developmental Lineage of Mammary Gland Alveolar Cells	19	cancer_up	P1 cancer-minus-normal moderated t	20357	0	1	reactome.db_1.95.0__fgsea_1.36.2	EPCAM;CD24;KRT19;MUC1;ANKRD30A;ESR1
R-HSA-5250913	5.04501589966983e-05	0.000923801916473179	0.557332238758646	0.476828823527194	1.87099157291694	82	5928;11335;1108;5437;1107;9533;9112;79101;2648;3014;8349;10919;8357;9013;85236;3065;8334;2932;54815;23451;25885;8365;6908;5931;2033;8337;2074;8347	completed	Reactome_preranked_GSEA_fallback	Positive epigenetic regulation of rRNA expression	106	cancer_up	P1 cancer-minus-normal moderated t	20357	0	1	reactome.db_1.95.0__fgsea_1.36.2	RBBP4;CBX3;CHD4;POLR2H;CHD3;POLR1C;MTA1;TAF1D;KAT2A;H2AX;H2BC21;EHMT2;H3C10;TAF1C;H2BC12;HDAC1;H2AC6;GSK3B;GATAD2A;SF3B1;POLR1A;H4C8;TBP;RBBP7;EP300;H2AC18;ERCC6;H2BC4
R-HSA-5617472	5.32257860003023e-05	0.000944930512498872	0.557332238758646	0.450167061283061	1.82391777797712	97	5928;2146;5437;79447;8085;84962;22976;5316;9125;3014;8349;23054;8202;5087;8357;85236;8334;3221;1387;11091;5929;5430;58508;8365;5433;23512;57472;5931;10664;63925;2033;8726;8337;8347	completed	Reactome_preranked_GSEA_fallback	Activation of anterior HOX genes in hindbrain development during early embryogenesis	122	cancer_up	P1 cancer-minus-normal moderated t	20357	0	1	reactome.db_1.95.0__fgsea_1.36.2	RBBP4;EZH2;POLR2H;PAGR1;KMT2D;AJUBA;PAXIP1;PKNOX1;CNOT9;H2AX;H2BC21;NCOA6;NCOA3;PBX1;H3C10;H2BC12;H2AC6;HOXC4;CREBBP;WDR5;RBBP5;POLR2A;KMT2C;H4C8;POLR2D;SUZ12;CNOT6;RBBP7;CTCF;ZNF335;EP300;EED;H2AC18;H2BC4
R-HSA-5619507	5.32257860003023e-05	0.000944930512498872	0.557332238758646	0.450167061283061	1.82391777797712	97	5928;2146;5437;79447;8085;84962;22976;5316;9125;3014;8349;23054;8202;5087;8357;85236;8334;3221;1387;11091;5929;5430;58508;8365;5433;23512;57472;5931;10664;63925;2033;8726;8337;8347	completed	Reactome_preranked_GSEA_fallback	Activation of HOX genes during differentiation	122	cancer_up	P1 cancer-minus-normal moderated t	20357	0	1	reactome.db_1.95.0__fgsea_1.36.2	RBBP4;EZH2;POLR2H;PAGR1;KMT2D;AJUBA;PAXIP1;PKNOX1;CNOT9;H2AX;H2BC21;NCOA6;NCOA3;PBX1;H3C10;H2BC12;H2AC6;HOXC4;CREBBP;WDR5;RBBP5;POLR2A;KMT2C;H4C8;POLR2D;SUZ12;CNOT6;RBBP7;CTCF;ZNF335;EP300;EED;H2AC18;H2BC4
R-HSA-212165	5.49816282345673e-05	0.000963588279444275	0.557332238758646	0.331667555027597	1.573218461703	290	29128;5928;2146;200424;11335;1108;1786;23067;7343;6996;6599;10155;5437;79447;1107;9533;162967;22880;8085;1788;9112;79101;86;2648;1789;84962;10025;9757;22976;3014;54790;23468;8349;54934;64426;26039;10919;23054;4221;8202;9422;8357;9439;9013;85236;30827;9869;3065;10499;8334;51003;2932;25799;10793;54815;25942;11176;1387;11091;5929;6603;23309;22823;58508;23451;5469;7329;29115;9477;8289;25885;8365;26993;81931;23512;79862;7700;6908;5931;5977;284058;7581;2033;8726;2068;91661;90075;8337;2074;7767	completed	Reactome_preranked_GSEA_fallback	Epigenetic regulation of gene expression	323	cancer_up	P1 cancer-minus-normal moderated t	20357	0	1	reactome.db_1.95.0__fgsea_1.36.2	UHRF1;RBBP4;EZH2;TET3;CBX3;CHD4;DNMT1;SETD1B;UBTF;TDG;SMARCC1;TRIM28;POLR2H;PAGR1;CHD3;POLR1C;ZNF320;MORC2;KMT2D;DNMT3A;MTA1;TAF1D;ACTL6A;KAT2A;DNMT3B;AJUBA;MED16;KMT2B;PAXIP1;H2AX;TET2;CBX5;H2BC21;KANSL2;SUDS3;SS18L1;EHMT2;NCOA6;MEN1;NCOA3;ZNF264;H3C10;MED23;TAF1C;H2BC12;CXXC1;SETDB1;HDAC1;NCOA2;H2AC6;MED31;GSK3B;ZNF324;ZNF273;GATAD2A;SIN3A;BAZ2A;CREBBP;WDR5;RBBP5;SMARCD2;SIN3B;MTF2;KMT2C;SF3B1;MED1;UBE2I;SAP30BP;MED20;ARID1A;POLR1A;H4C8;AKAP8L;ZNF93;SUZ12;ZNF669;ZNF141;TBP;RBBP7;DPF2;KANSL1;ZNF33A;EP300;EED;ERCC2;ZNF765;ZNF30;H2AC18;ERCC6;ZNF224
R-HSA-159234	6.85320707829963e-05	0.0011858650729159	0.538434096309916	0.580768851079094	2.03886029919815	42	8480;8189;29894;348995;55706;23165;10482;23225;55339;9818;10762;129401;79902;4928;10189;23279;9631;9688	completed	Reactome_preranked_GSEA_fallback	Transport of Mature mRNAs Derived from Intronless Transcripts	42	cancer_up	P1 cancer-minus-normal moderated t	20357	0	1	reactome.db_1.95.0__fgsea_1.36.2	RAE1;SYMPK;CPSF1;NUP43;NDC1;NUP205;NXF1;NUP210;WDR33;NUP58;NUP50;NUP35;NUP85;NUP98;ALYREF;NUP160;NUP155;NUP93
R-HSA-166658	7.2811378578052e-05	0.00124416443145246	0.538434096309916	-0.566184118123886	-1.95686137394938	53	729;3075;1675;735;78989;716;1378;732;5627;728;5648;4153;712;710;10878;2219;714;730;5199;719;718;10877;715;8547;727;713;1380;2147;1369;1604	completed	Reactome_preranked_GSEA_fallback	Complement cascade	63	normal_up	P1 cancer-minus-normal moderated t	20357	0	1	reactome.db_1.95.0__fgsea_1.36.2	C6;CFH;CFD;C9;COLEC11;C1S;CR1;C8B;PROS1;C5AR1;MASP1;MBL2;C1QA;SERPING1;CFHR3;FCN1;C1QC;C7;CFP;C3AR1;C3;CFHR4;C1R;FCN3;C5;C1QB;CR2;F2;CPN1;CD55
R-HSA-5693537	8.15330976871552e-05	0.00135921639680904	0.538434096309916	0.617763920557694	2.02133637122027	32	580;80010;10635;63979;348654;1763;80198;5888;116028;197342;641;83990;7156;672;79728;4361;7486;5932	completed	Reactome_preranked_GSEA_fallback	Resolution of D-Loop Structures	37	cancer_up	P1 cancer-minus-normal moderated t	20357	0	1	reactome.db_1.95.0__fgsea_1.36.2	BARD1;RMI1;RAD51AP1;FIGNL1;GEN1;DNA2;MUS81;RAD51;RMI2;EME2;BLM;BRIP1;TOP3A;BRCA1;PALB2;MRE11;WRN;RBBP8
R-HSA-5693568	8.15330976871552e-05	0.00135921639680904	0.538434096309916	0.617763920557694	2.02133637122027	32	580;80010;10635;63979;348654;1763;80198;5888;116028;197342;641;83990;7156;672;79728;4361;7486;5932	completed	Reactome_preranked_GSEA_fallback	Resolution of D-loop Structures through Holliday Junction Intermediates	36	cancer_up	P1 cancer-minus-normal moderated t	20357	0	1	reactome.db_1.95.0__fgsea_1.36.2	BARD1;RMI1;RAD51AP1;FIGNL1;GEN1;DNA2;MUS81;RAD51;RMI2;EME2;BLM;BRIP1;TOP3A;BRCA1;PALB2;MRE11;WRN;RBBP8
R-HSA-176187	8.54355363838256e-05	0.00139535606133777	0.538434096309916	0.598270919625197	2.01512301882843	36	4171;4999;84126;5983;5984;8317;10926;4176;5883;993;1017;5001;55388;4173;144715;5810;4174	completed	Reactome_preranked_GSEA_fallback	Activation of ATR in response to replication stress	37	cancer_up	P1 cancer-minus-normal moderated t	20357	0	1	reactome.db_1.95.0__fgsea_1.36.2	MCM2;ORC2;ATRIP;RFC3;RFC4;CDC7;DBF4;MCM7;RAD9A;CDC25A;CDK2;ORC5;MCM10;MCM4;RAD9B;RAD1;MCM5
R-HSA-195258	8.57424353711576e-05	0.00139535606133777	0.538434096309916	0.33593844124059	1.5887524415706	283	5590;2810;3985;55920;991;11130;51466;55055;9055;1072;85415;57082;4627;10152;64105;5905;5170;348995;11004;701;83540;3014;79019;8349;79682;4221;2017;1058;8357;151246;79172;7277;85236;10403;10811;140735;10499;8334;55143;11243;9735;147841;55839;114822;5518;378708;1857;26999;8365;5747;57405;7514;147179;1778;2885;91010;10458;54820;7529;57591;5527;332;79902;147700;4928;4771;5058;23380;11113;8337;9928;23279;29984;25909;8347;8976;23421;1499;367;699;54821;3020;7533	completed	Reactome_preranked_GSEA_fallback	RHO GTPase Effectors	325	cancer_up	P1 cancer-minus-normal moderated t	20357	0	1	reactome.db_1.95.0__fgsea_1.36.2	PRKCZ;SFN;LIMK2;RCC2;CDC20;ZWINT;EVL;ZWILCH;PRC1;CFL1;RHPN2;KNL1;MYH9;ABI2;CENPK;RANGAP1;PDPK1;NUP43;KIF2C;BUB1B;NUF2;H2AX;CENPM;H2BC21;CENPU;MEN1;CTTN;CENPA;H3C10;SGO2;CENPO;TUBA4A;H2BC12;NDC80;NOXA1;DYNLL2;NCOA2;H2AC6;CDCA8;PMF1;KNTC1;SPC24;CENPN;RHPN1;PPP2R1A;CENPS;DVL3;CYFIP2;H4C8;PTK2;SPC25;XPO1;WIPF2;DYNC1H1;GRB2;FMNL3;BAIAP2;NDE1;YWHAB;MRTFA;PPP2R5C;BIRC5;NUP85;KLC3;NUP98;NF2;PAK1;SRGAP2;CIT;H2AC18;KIF14;NUP160;RHOD;AHCTF1;H2BC4;WASL;ITGB3BP;CTNNB1;AR;BUB1;ERCC6L;H3-3A;YWHAH
R-HSA-5365859	8.87851666731945e-05	0.00142576675835032	0.538434096309916	-0.74441775892123	-2.03483555447846	19	126;216;124;5959;9249;8644;56603;10170	completed	Reactome_preranked_GSEA_fallback	RA biosynthesis pathway	22	normal_up	P1 cancer-minus-normal moderated t	20357	0	1	reactome.db_1.95.0__fgsea_1.36.2	ADH1C;ALDH1A1;ADH1A;RDH5;DHRS3;AKR1C3;CYP26B1;DHRS9
R-HSA-427389	8.96971040366695e-05	0.00142576675835032	0.538434096309916	0.533288502656229	1.93889374653289	53	5928;11335;1108;1107;9112;3014;8349;10919;8357;85236;3065;8334;54815;8365;5931;8337;2074;8347	completed	Reactome_preranked_GSEA_fallback	ERCC6 (CSB) and EHMT2 (G9a) positively regulate rRNA expression	76	cancer_up	P1 cancer-minus-normal moderated t	20357	0	1	reactome.db_1.95.0__fgsea_1.36.2	RBBP4;CBX3;CHD4;CHD3;MTA1;H2AX;H2BC21;EHMT2;H3C10;H2BC12;HDAC1;H2AC6;GATAD2A;H4C8;RBBP7;H2AC18;ERCC6;H2BC4
R-HSA-6811442	9.42138943606828e-05	0.0014803493516213	0.538434096309916	0.367943817438273	1.66066625143209	189	5050;23423;22931;9266;55738;11127;375;3835;29127;146909;10112;55083;143187;377;11004;4905;3832;3833;90990;23647;24137;84516;9493;832;636;54732;7277;2590;140735;1523;55605;5870;11014;10652;6293;22796;9371;60560;8675;9827;55275;23303;1778;124602;79571;10226;22820;84364;91949;147700;9527;9267;10228;400;2803;381;56992;378;11316;8775;51014;1314	completed	Reactome_preranked_GSEA_fallback	Intra-Golgi and retrograde Golgi-to-ER traffic	203	cancer_up	P1 cancer-minus-normal moderated t	20357	0	1	reactome.db_1.95.0__fgsea_1.36.2	PAFAH1B3;TMED3;RAB18;CYTH2;ARFGAP1;KIF3A;ARF1;KIF22;RACGAP1;KIF18B;KIF20A;KIF26B;VTI1A;ARF3;KIF2C;NSF;KIF11;KIFC1;KIFC2;ARFIP2;KIF4A;DCTN5;KIF23;CAPZB;BICD1;TMED9;TUBA4A;GALNT2;DYNLL2;CUX1;KIF21A;RAB6A;KDELR2;YKT6;VPS52;COG2;KIF3B;NAA35;STX16;RGP1;VPS53;KIF13B;DYNC1H1;KIF19;GCC1;PLIN3;COPG1;ARFGAP2;COG7;KLC3;GOSR1;CYTH1;STX6;ARL1;GOLGA4;ARF5;KIF15;ARF4;COPE;NAPA;TMED7;COPA
R-HSA-5685942	0.000103119328469192	0.00158506065105283	0.538434096309916	0.4956869560019	1.88463404396789	65	580;5424;80010;10635;63979;84126;5983;83695;5427;5111;348654;1763;80198;5984;5426;5883;5888;116028;197342;641;83990;7156;144715;5810;672;79728;4361;7486;5932	completed	Reactome_preranked_GSEA_fallback	HDR through Homologous Recombination (HRR)	70	cancer_up	P1 cancer-minus-normal moderated t	20357	0	1	reactome.db_1.95.0__fgsea_1.36.2	BARD1;POLD1;RMI1;RAD51AP1;FIGNL1;ATRIP;RFC3;RHNO1;POLE2;PCNA;GEN1;DNA2;MUS81;RFC4;POLE;RAD9A;RAD51;RMI2;EME2;BLM;BRIP1;TOP3A;RAD9B;RAD1;BRCA1;PALB2;MRE11;WRN;RBBP8
R-HSA-611105	0.000103197072380177	0.00158506065105283	0.538434096309916	-0.433930823814992	-1.73798753826128	145	1346;4190;23479;80224;2110;2108;6392;2109;83733;84987;389203;4724;29796;1350;4700;91942;7385;29078;440957;6341;4711;6390;79133;25915;51103;7381;1349;4729;1353;3313;28976;90624;84233;84701;57128;7386;4536;4697;7388;55967;4719;6391;4709;93058;4731;90871;4538;4512;1329;29090;25994;5018;4696;4725	completed	Reactome_preranked_GSEA_fallback	Respiratory electron transport	157	normal_up	P1 cancer-minus-normal moderated t	20357	0	1	reactome.db_1.95.0__fgsea_1.36.2	COX7A1;MDH1;ISCU;NUBPL;ETFDH;ETFA;SDHD;ETFB;SLC25A18;COX14;SMIM20;NDUFS4;UQCR10;COX7C;NDUFA6;NDUFAF2;UQCRC2;NDUFAF4;UQCC5;SCO1;NDUFB5;SDHB;NDUFAF5;NDUFAF3;NDUFAF1;UQCRB;COX7B;NDUFV2;COX11;HSPA9;ACAD9;LYRM7;TMEM126A;COX4I2;LYRM4;UQCRFS1;MT-ND2;COXFA4;UQCRH;NDUFA12;NDUFS1;SDHC;NDUFB3;COQ10A;NDUFV3;DMAC1;MT-ND4;MT-CO1;COX5B;TIMM21;HIGD1A;OXA1L;NDUFA3;NDUFS5
R-HSA-8979227	0.00011485006858147	0.00174444493056522	0.538434096309916	-0.627658398349595	-1.94591796773003	34	3991;5346;84649;57678;51099;2171;11343;2167;857;5568;23175;2170;116255;8694;5566;5500;5501	completed	Reactome_preranked_GSEA_fallback	Triglyceride metabolism	38	normal_up	P1 cancer-minus-normal moderated t	20357	0	1	reactome.db_1.95.0__fgsea_1.36.2	LIPE;PLIN1;DGAT2;GPAM;ABHD5;FABP5;MGLL;FABP4;CAV1;PRKACG;LPIN1;FABP3;MOGAT1;DGAT1;PRKACA;PPP1CB;PPP1CC
R-HSA-6804756	0.000127478508846363	0.00190190224105146	0.518848077743792	0.445095821326225	1.78213538575199	90	580;80010;6874;890;22974;84126;94241;5983;83695;4194;1763;5984;5883;6873;116028;6749;6882;4193;641;1017;83990;51616;11200;7156;144715;6908;5810;8851;6878;1020;672;4361;7486;5932;8445	completed	Reactome_preranked_GSEA_fallback	Regulation of TP53 Activity through Phosphorylation	93	cancer_up	P1 cancer-minus-normal moderated t	20357	0	1	reactome.db_1.95.0__fgsea_1.36.2	BARD1;RMI1;TAF4;CCNA2;TPX2;ATRIP;TP53INP1;RFC3;RHNO1;MDM4;DNA2;RFC4;RAD9A;TAF2;RMI2;SSRP1;TAF11;MDM2;BLM;CDK2;BRIP1;TAF9B;CHEK2;TOP3A;RAD9B;TBP;RAD1;CDK5R1;TAF6;CDK5;BRCA1;MRE11;WRN;RBBP8;DYRK2
R-HSA-69306	0.000127999272989564	0.00190190224105146	0.518848077743792	0.38668665856486	1.7068130530196	160	51433;9134;9837;3978;4171;5424;11065;4999;3980;890;56652;3014;92667;8349;5983;5427;5111;8357;1763;2237;5984;5426;85236;8317;10926;8334;4176;29882;11232;1017;64682;5001;55388;8365;4173;7156;51053;4174;8337;6500;51434;8347	completed	Reactome_preranked_GSEA_fallback	DNA Replication	186	cancer_up	P1 cancer-minus-normal moderated t	20357	0	1	reactome.db_1.95.0__fgsea_1.36.2	ANAPC5;CCNE2;GINS1;LIG1;MCM2;POLD1;UBE2C;ORC2;LIG3;CCNA2;TWNK;H2AX;MGME1;H2BC21;RFC3;POLE2;PCNA;H3C10;DNA2;FEN1;RFC4;POLE;H2BC12;CDC7;DBF4;H2AC6;MCM7;ANAPC2;POLG2;CDK2;ANAPC1;ORC5;MCM10;H4C8;MCM4;TOP3A;GMNN;MCM5;H2AC18;SKP1;ANAPC7;H2BC4
R-HSA-5663220	0.000131367155826397	0.00193095593564177	0.518848077743792	0.404591156747591	1.70382777356995	126	55920;991;11130;51466;55055;57082;64105;5905;348995;11004;701;83540;79019;79682;1058;151246;79172;7277;10403;140735;55143;11243;9735;147841;55839;5518;378708;1857;57405;7514;1778;91010;54820;57591;5527;332;79902;4928;23380;23279;29984;25909	completed	Reactome_preranked_GSEA_fallback	RHO GTPases Activate Formins	142	cancer_up	P1 cancer-minus-normal moderated t	20357	0	1	reactome.db_1.95.0__fgsea_1.36.2	RCC2;CDC20;ZWINT;EVL;ZWILCH;KNL1;CENPK;RANGAP1;NUP43;KIF2C;BUB1B;NUF2;CENPM;CENPU;CENPA;SGO2;CENPO;TUBA4A;NDC80;DYNLL2;CDCA8;PMF1;KNTC1;SPC24;CENPN;PPP2R1A;CENPS;DVL3;SPC25;XPO1;DYNC1H1;FMNL3;NDE1;MRTFA;PPP2R5C;BIRC5;NUP85;NUP98;SRGAP2;NUP160;RHOD;AHCTF1
R-HSA-2187338	0.000134470158338686	0.00193495480472614	0.518848077743792	-0.478022885954164	-1.80428370974608	94	338;338328;5950;801;1645;2719;4023;5959;9249;8644;10082;54884;1109;2339;10170;6383;2978;55937;6011;5957;157506;1259;9397;131890;2868;5148;3949;53630;2262;10988;337;7276;3339;1208;285440;9626	completed	Reactome_preranked_GSEA_fallback	Visual phototransduction	102	normal_up	P1 cancer-minus-normal moderated t	20357	0	1	reactome.db_1.95.0__fgsea_1.36.2	APOB;GPIHBP1;RBP4;CALM1;AKR1C1;GPC3;LPL;RDH5;DHRS3;AKR1C3;GPC6;RETSAT;AKR1C4;FNTA;DHRS9;SDC2;GUCA1A;APOM;GRK1;RCVRN;RDH10;CNGA1;NMT2;GRK7;GRK4;PDE6G;LDLR;BCO1;GPC5;METAP2;APOA4;TTR;HSPG2;CLPS;CYP4V2;GUCA1C
R-HSA-9679506	0.000133617294572498	0.00193495480472614	0.518848077743792	0.30052007760425	1.46488029825582	390	6382;5928;2810;5094;8480;6385;1108;92421;6229;5349;598;7706;476;11123;1107;3838;10207;3178;3665;11320;481;5170;9112;29108;348995;9636;9871;3551;6732;25855;11253;55706;3661;64426;55107;83666;23193;89122;23165;54625;5478;6628;163;684;9632;3065;54960;5479;1452;11282;2932;29760;6636;7841;10146;54815;6185;10610;25921;64127;1387;1650;92359;3326;26007;23225;23186;253832;2817;6227;7329;6637;9818;5589;6184;10762;6634;6733;129401;2885;3703;23586;7529;29110;257397;5931;340061;3134;7297;4249;2033;56965;79902;4928;3654;9817;128866;201595;7284;8737;23279;10802	completed	Reactome_preranked_GSEA_fallback	SARS-CoV Infections	424	cancer_up	P1 cancer-minus-normal moderated t	20357	0	1	reactome.db_1.95.0__fgsea_1.36.2	SDC1;RBBP4;SFN;PCBP2;RAE1;SDC4;CHD4;CHMP4C;RPS24;FXYD3;BCL2L1;TRIM25;ATP1A1;RCAN3;CHD3;KPNA2;PATJ;HNRNPA1;IRF7;MGAT4A;ATP1B1;PDPK1;MTA1;PYCARD;NUP43;ISG15;SEC24D;IKBKB;SRPK1;BRMS1;MAN1B1;NDC1;IRF3;SUDS3;ANO1;PARP9;GANAB;TRIM4;NUP205;PARP14;PPIA;SNRPB;AP2B1;BST2;SEC24C;HDAC1;GEMIN8;PPIB;CSNK1A1;MGAT4B;GSK3B;BLNK;SNRPF;MOGS;G3BP1;GATAD2A;RPN2;ST6GALNAC2;ZDHHC5;NOD2;CREBBP;DDOST;CRB3;HSP90AB1;TKFC;NUP210;RCOR1;ZDHHC20;GPC1;RPS21;UBE2I;SNRPG;NUP58;PRKCSH;RPN1;NUP50;SNRPD3;SRPK2;NUP35;GRB2;STT3A;RIGI;YWHAB;TBK1;TAB3;RBBP7;STING1;HLA-F;TYK2;MGAT5;EP300;PARP6;NUP85;NUP98;IRAK1;KEAP1;CHMP4B;STT3B;TUFM;RIPK1;NUP160;SEC24A
R-HSA-9856651	0.000138114349698375	0.00196669079205915	0.518848077743792	0.434606615439921	1.76885051253923	100	7020;3978;891;4171;6599;79083;54843;4343;86;51176;26039;3673;994;3065;3094;634;25942;6603;9550;533;527;595;1017;8289;5829;57690;23405;10085;5977;6909;1000;201595;4174;2766;4935;672;1499	completed	Reactome_preranked_GSEA_fallback	MITF-M-dependent gene expression	102	cancer_up	P1 cancer-minus-normal moderated t	20357	0	1	reactome.db_1.95.0__fgsea_1.36.2	TFAP2A;LIG1;CCNB1;MCM2;SMARCC1;MLPH;SYTL2;MOV10;ACTL6A;LEF1;SS18L1;ITGA2;CDC25B;HDAC1;HINT1;CEACAM1;SIN3A;SMARCD2;ATP6V1G1;ATP6V0B;ATP6V0C;CCND1;CDK2;ARID1A;PXN;TNRC6C;DICER1;EDIL3;DPF2;TBX2;CDH2;STT3B;MCM5;GMPR;GPR143;BRCA1;CTNNB1
R-HSA-5620912	0.000142745223427082	0.00201167753015279	0.518848077743792	0.443262843293314	1.7905765794135	94	4735;8481;983;95681;4751;9814;26005;91147;117177;7840;1453;80321;22897;11116;4957;7277;9738;22981;23354;5518;9662;57787;4218;1778;10142;54820;79598;79600;121441;10733;85302;51134;261734;55835;54806;84902;9657	completed	Reactome_preranked_GSEA_fallback	Anchoring of the basal body to the plasma membrane	97	cancer_up	P1 cancer-minus-normal moderated t	20357	0	1	reactome.db_1.95.0__fgsea_1.36.2	SEPTIN2;OFD1;CDK1;CEP41;NEK2;SFI1;C2CD3;TMEM67;RAB3IP;ALMS1;CSNK1D;CEP70;CEP164;CEP43;ODF2;TUBA4A;CCP110;NINL;HAUS5;PPP2R1A;CEP135;MARK4;RAB8A;DYNC1H1;AKAP9;NDE1;CEP97;TCTN1;NEDD1;PLK4;FBF1;CEP83;NPHP4;CPAP;AHI1;CEP89;IQCB1
R-HSA-69242	0.000146005230661309	0.00201605202337383	0.518848077743792	0.389658112508165	1.68907878332621	148	5928;51433;9134;9837;3978;4171;5424;11065;7465;4999;890;23047;5983;5753;5427;5111;1763;2237;5984;5426;994;4176;2932;8243;29882;5885;23063;595;993;1017;64682;5001;1869;4173;1874;113130;51053;4174;6500;51434;114799	completed	Reactome_preranked_GSEA_fallback	S Phase	150	cancer_up	P1 cancer-minus-normal moderated t	20357	0	1	reactome.db_1.95.0__fgsea_1.36.2	RBBP4;ANAPC5;CCNE2;GINS1;LIG1;MCM2;POLD1;UBE2C;WEE1;ORC2;CCNA2;PDS5B;RFC3;PTK6;POLE2;PCNA;DNA2;FEN1;RFC4;POLE;CDC25B;MCM7;GSK3B;SMC1A;ANAPC2;RAD21;WAPL;CCND1;CDC25A;CDK2;ANAPC1;ORC5;E2F1;MCM4;E2F4;CDCA5;GMNN;MCM5;SKP1;ANAPC7;ESCO1
R-HSA-418594	0.000145626604108042	0.00201605202337383	0.518848077743792	-0.357172851576724	-1.54841652359234	288	26575;5519;8843;801;54331;2774;5321;2770;4889;64805;9934;2791;5532;301;5998;150;5577;5179;3579;5733;57007;1902;2357;5136;10316;2852;1880;6387;111;353299;259285;5568;8601;1814;4852;5153;112;56670;728;55970;196883;5534;5173;26166;5995;117579;3354;4543;6360;2780;6004;624;5533;10692;80835;1269;5566;2913;6372;10022;53829;6374;6357;5530;719;718;2912;5443;5516;6346;4544;3361;134;5580;183;4987;6351	completed	Reactome_preranked_GSEA_fallback	G alpha (i) signalling events	319	normal_up	P1 cancer-minus-normal moderated t	20357	0	1	reactome.db_1.95.0__fgsea_1.36.2	RGS17;PPP2R1B;HCAR3;CALM1;GNG2;GNAL;PLA2G4A;GNAI1;NPY5R;P2RY12;P2RY14;GNG11;PPP3CB;ANXA1;RGS3;ADRA2A;PRKAR2B;PENK;CXCR2;PTGER3;ACKR3;LPAR1;FPR1;PDE1A;NMUR1;GPER1;GPR183;CXCL12;ADCY5;RGSL1;TAS2R39;PRKACG;RGS20;DRD3;NPY;PDE1B;ADCY6;SUCNR1;C5AR1;GNG12;ADCY4;PPP3R1;PDYN;RGS22;RGR;RLN3;HTR1E;MTNR1A;CCL16;GNAT2;RGS16;BDKRB2;PPP3CC;RRH;TAS1R1;CNR2;PRKACA;GRM3;CXCL6;INSL5;P2RY13;CXCL5;CCL13;PPP3CA;C3AR1;C3;GRM2;POMC;PPP2CB;CCL1;MTNR1B;HTR5A;ADORA1;PRKCD;AGT;OPRL1;CCL4
R-HSA-5651801	0.000154592733077643	0.00211328266117138	0.518848077743792	0.691837702319428	2.0250678810227	21	3978;5424;5423;5983;5427;5111;2237;5984;5426	completed	Reactome_preranked_GSEA_fallback	PCNA-Dependent Long Patch Base Excision Repair	21	cancer_up	P1 cancer-minus-normal moderated t	20357	0	1	reactome.db_1.95.0__fgsea_1.36.2	LIG1;POLD1;POLB;RFC3;POLE2;PCNA;FEN1;RFC4;POLE
R-HSA-2467813	0.000161135712334865	0.00218091602734417	0.518848077743792	0.377728205951496	1.67375557752942	164	55920;51433;991;11130;55055;11065;57082;64105;5905;348995;11004;9700;701;83540;23047;79019;79682;1058;151246;79172;7277;10403;140735;8243;55143;11243;29882;9735;147841;55839;5885;5518;378708;23063;64682;57405;7514;1778;113130;54820;5527;332;79902;4928;51434;23279;25909	completed	Reactome_preranked_GSEA_fallback	Separation of Sister Chromatids	180	cancer_up	P1 cancer-minus-normal moderated t	20357	0	1	reactome.db_1.95.0__fgsea_1.36.2	RCC2;ANAPC5;CDC20;ZWINT;ZWILCH;UBE2C;KNL1;CENPK;RANGAP1;NUP43;KIF2C;ESPL1;BUB1B;NUF2;PDS5B;CENPM;CENPU;CENPA;SGO2;CENPO;TUBA4A;NDC80;DYNLL2;SMC1A;CDCA8;PMF1;ANAPC2;KNTC1;SPC24;CENPN;RAD21;PPP2R1A;CENPS;WAPL;ANAPC1;SPC25;XPO1;DYNC1H1;CDCA5;NDE1;PPP2R5C;BIRC5;NUP85;NUP98;ANAPC7;NUP160;AHCTF1
R-HSA-9645723	0.000169085801803672	0.00226608128495706	0.518848077743792	0.465103599415107	1.81080038750484	78	5928;2146;1786;823;1788;1789;351;3014;8349;8357;994;85236;8334;10018;8772;993;8365;23512;7186;5931;2801;8726;8851;8337;8737;8347;1020;5558;7001;11035;3020	completed	Reactome_preranked_GSEA_fallback	Diseases of programmed cell death	101	cancer_up	P1 cancer-minus-normal moderated t	20357	0	1	reactome.db_1.95.0__fgsea_1.36.2	RBBP4;EZH2;DNMT1;CAPN1;DNMT3A;DNMT3B;APP;H2AX;H2BC21;H3C10;CDC25B;H2BC12;H2AC6;BCL2L11;FADD;CDC25A;H4C8;SUZ12;TRAF2;RBBP7;GOLGA2;EED;CDK5R1;H2AC18;RIPK1;H2BC4;CDK5;PRIM2;PRDX2;RIPK3;H3-3A
R-HSA-9730414	0.000170800370329612	0.00226683598291825	0.518848077743792	0.39096169100386	1.69083229110897	149	7020;3978;891;4171;6599;6662;79083;54843;4343;86;51176;26039;3673;994;3065;6926;6195;3094;634;2932;25942;4140;1387;6603;9550;533;527;7329;595;1017;8289;5829;7514;51520;57690;23405;10085;4254;7529;4141;5977;6909;2033;1000;201595;4174;2766;2058;4935;672;1499;4157;7533;9274	completed	Reactome_preranked_GSEA_fallback	MITF-M-regulated melanocyte development	153	cancer_up	P1 cancer-minus-normal moderated t	20357	0	1	reactome.db_1.95.0__fgsea_1.36.2	TFAP2A;LIG1;CCNB1;MCM2;SMARCC1;SOX9;MLPH;SYTL2;MOV10;ACTL6A;LEF1;SS18L1;ITGA2;CDC25B;HDAC1;TBX3;RPS6KA1;HINT1;CEACAM1;GSK3B;SIN3A;MARK3;CREBBP;SMARCD2;ATP6V1G1;ATP6V0B;ATP6V0C;UBE2I;CCND1;CDK2;ARID1A;PXN;XPO1;LARS1;TNRC6C;DICER1;EDIL3;KITLG;YWHAB;MARS1;DPF2;TBX2;EP300;CDH2;STT3B;MCM5;GMPR;EPRS1;GPR143;BRCA1;CTNNB1;MC1R;YWHAH;BCL7C
R-HSA-9648025	0.000175331733148697	0.00230460076167566	0.518848077743792	0.427138049555401	1.74574389783929	105	55920;991;11130;55055;57082;64105;5905;348995;11004;701;83540;79019;79682;1058;151246;79172;7277;10403;140735;55143;11243;9735;147841;55839;5518;378708;57405;7514;1778;54820;5527;332;79902;4928;23279;25909;23421;699;54821	completed	Reactome_preranked_GSEA_fallback	EML4 and NUDC in mitotic spindle formation	119	cancer_up	P1 cancer-minus-normal moderated t	20357	0	1	reactome.db_1.95.0__fgsea_1.36.2	RCC2;CDC20;ZWINT;ZWILCH;KNL1;CENPK;RANGAP1;NUP43;KIF2C;BUB1B;NUF2;CENPM;CENPU;CENPA;SGO2;CENPO;TUBA4A;NDC80;DYNLL2;CDCA8;PMF1;KNTC1;SPC24;CENPN;PPP2R1A;CENPS;SPC25;XPO1;DYNC1H1;NDE1;PPP2R5C;BIRC5;NUP85;NUP98;NUP160;AHCTF1;ITGB3BP;BUB1;ERCC6L
R-HSA-3232142	0.000181725618865231	0.0023422036699585	0.518848077743792	0.581627017740403	1.97447303807103	38	8480;51588;348995;55706;23165;5987;23225;4193;7329;9818;10762;129401;79902;4928;23279;5371;9631;9688	completed	Reactome_preranked_GSEA_fallback	SUMOylation of ubiquitinylation proteins	38	cancer_up	P1 cancer-minus-normal moderated t	20357	0	1	reactome.db_1.95.0__fgsea_1.36.2	RAE1;PIAS4;NUP43;NDC1;NUP205;TRIM27;NUP210;MDM2;UBE2I;NUP58;NUP50;NUP35;NUP85;NUP98;NUP160;PML;NUP155;NUP93
R-HSA-9696270	0.000181380437057105	0.0023422036699585	0.518848077743792	0.559996381182875	1.96593599530514	42	55227;10970;5296;11180;23513;81839;8502;9231;253980;57216;23592;27316;157285;222584;2802;91544;392;7037;9928;7126;10818	completed	Reactome_preranked_GSEA_fallback	RND2 GTPase cycle	42	cancer_up	P1 cancer-minus-normal moderated t	20357	0	1	reactome.db_1.95.0__fgsea_1.36.2	LRRC1;CKAP4;PIK3R2;WDR6;SCRIB;VANGL1;PKP4;DLG5;KCTD13;VANGL2;LEMD3;RBMX;PRAG1;FAM83B;GOLGA3;UBXN11;ARHGAP1;TFRC;KIF14;TNFAIP1;FRS2
R-HSA-68875	0.000183332693990899	0.0023422036699585	0.518848077743792	0.422625935024897	1.75816096216508	116	8480;891;983;23133;9133;10051;8815;348995;7112;3014;55706;2029;8349;54892;8357;23165;85236;8334;4926;5518;23225;23592;9818;8365;10762;129401;221496;2801;79902;4928;8337;23279;8347;26003;23310;3020;387893;9631;9688;3021;2010	completed	Reactome_preranked_GSEA_fallback	Mitotic Prophase	140	cancer_up	P1 cancer-minus-normal moderated t	20357	0	1	reactome.db_1.95.0__fgsea_1.36.2	RAE1;CCNB1;CDK1;PHF8;CCNB2;SMC4;BANF1;NUP43;TMPO;H2AX;NDC1;ENSA;H2BC21;NCAPG2;H3C10;NUP205;H2BC12;H2AC6;NUMA1;PPP2R1A;NUP210;LEMD3;NUP58;H4C8;NUP50;NUP35;LEMD2;GOLGA2;NUP85;NUP98;H2AC18;NUP160;H2BC4;GORASP2;NCAPD3;H3-3A;KMT5A;NUP155;NUP93;H3-3B;EMD
R-HSA-8963889	0.000192098768145853	0.00243147237088316	0.518848077743792	-0.72575779887089	-1.98382931544057	19	338328;55908;63924;4023;51129;5125;3990	completed	Reactome_preranked_GSEA_fallback	Assembly of active LPL and LIPC lipase complexes	19	normal_up	P1 cancer-minus-normal moderated t	20357	0	1	reactome.db_1.95.0__fgsea_1.36.2	GPIHBP1;ANGPTL8;CIDEC;LPL;ANGPTL4;PCSK5;LIPC
R-HSA-75067	0.000196441303626181	0.00246362625740358	0.518848077743792	0.627697807127716	1.9958213600975	29	8189;29894;8106;79869;6628;11052;6636;55339;6637;1477;6634;134353;51585;1478	completed	Reactome_preranked_GSEA_fallback	Processing of Capped Intronless Pre-mRNA	29	cancer_up	P1 cancer-minus-normal moderated t	20357	0	1	reactome.db_1.95.0__fgsea_1.36.2	SYMPK;CPSF1;PABPN1;CPSF7;SNRPB;CPSF6;SNRPF;WDR33;SNRPG;CSTF1;SNRPD3;LSM11;PCF11;CSTF2
R-HSA-165054	0.000207154093777877	0.00257436041994871	0.518848077743792	0.59123685957853	1.97196326903825	34	8480;5905;348995;55706;23165;1104;23225;9818;10762;7514;129401;79902;4928;23279;9631;9688	completed	Reactome_preranked_GSEA_fallback	Rev-mediated nuclear export of HIV RNA	35	cancer_up	P1 cancer-minus-normal moderated t	20357	0	1	reactome.db_1.95.0__fgsea_1.36.2	RAE1;RANGAP1;NUP43;NDC1;NUP205;RCC1;NUP210;NUP58;NUP50;XPO1;NUP35;NUP85;NUP98;NUP160;NUP155;NUP93
R-HSA-3214847	0.00022106767604725	0.00269820993889813	0.518848077743792	0.424028805550128	1.7537443070382	111	10856;86;2648;55250;23326;9643;8349;54934;8295;7994;10902;84289;8357;339287;85236;10499;8334;117143;92815;8089;1387;11091;9767;55257;64769;8365;23338;8607;7862;5931;284058;2033;57634;93624;8337;56970;8347	completed	Reactome_preranked_GSEA_fallback	HATs acetylate histones	141	cancer_up	P1 cancer-minus-normal moderated t	20357	0	1	reactome.db_1.95.0__fgsea_1.36.2	RUVBL2;ACTL6A;KAT2A;ELP2;USP22;MORF4L2;H2BC21;KANSL2;TRRAP;KAT6A;BRD8;ING5;H3C10;MSL1;H2BC12;NCOA2;H2AC6;TADA1;H2AC25;YEATS4;CREBBP;WDR5;JADE3;MRGBP;MEAF6;H4C8;JADE2;RUVBL1;BRPF1;RBBP7;KANSL1;EP300;EP400;TADA2B;H2AC18;ATXN7L3;H2BC4
R-HSA-397014	0.00022022981722183	0.00269820993889813	0.518848077743792	-0.3921873342454	-1.63058299654477	199	30819;845;4311;4881;5348;477;7094;7111;801;6335;10008;6330;7431;5350;10580;217;301;25802;8850;7140;1193;30820;6327;59285;6329;3751;6910;50801;3672;492;4636;444;23630;1760;493;10627;29767;29098;2626;486;8912;83795;6331;5566	completed	Reactome_preranked_GSEA_fallback	Muscle contraction	205	normal_up	P1 cancer-minus-normal moderated t	20357	0	1	reactome.db_1.95.0__fgsea_1.36.2	KCNIP2;CASQ2;MME;NPR1;FXYD1;ATP1A2;TLN1;TMOD1;CALM1;SCN9A;KCNE3;SCN4B;VIM;PLN;SORBS1;ALDH2;ANXA1;LMOD1;KAT2B;TNNT3;CLIC2;KCNIP1;SCN2B;CACNG6;SCN4A;KCND2;TBX5;KCNK4;ITGA1;ATP2B3;MYL5;ASPH;KCNE5;DMPK;ATP2B4;MYL12A;TMOD2;RANGRF;GATA4;FXYD2;CACNA1H;KCNK16;SCN5A;PRKACA
R-HSA-8963899	0.000226567655657613	0.00274086712640669	0.518848077743792	-0.616594882797563	-1.90184247407109	33	338;338328;55908;63924;4023;51129;5125;3990;5360	completed	Reactome_preranked_GSEA_fallback	Plasma lipoprotein remodeling	34	normal_up	P1 cancer-minus-normal moderated t	20357	0	1	reactome.db_1.95.0__fgsea_1.36.2	APOB;GPIHBP1;ANGPTL8;CIDEC;LPL;ANGPTL4;PCSK5;LIPC;PLTP
R-HSA-6811434	0.000243942360029119	0.00292516847508601	0.518848077743792	0.441927705026644	1.75875043292747	88	23423;55738;11127;375;3835;29127;146909;10112;55083;377;11004;4905;3832;3833;90990;24137;9493;54732;7277;55605;11014;9371;23303;124602;22820;84364;147700;381;56992;378;11316;8775;51014;1314	completed	Reactome_preranked_GSEA_fallback	COPI-dependent Golgi-to-ER retrograde traffic	100	cancer_up	P1 cancer-minus-normal moderated t	20357	0	1	reactome.db_1.95.0__fgsea_1.36.2	TMED3;ARFGAP1;KIF3A;ARF1;KIF22;RACGAP1;KIF18B;KIF20A;KIF26B;ARF3;KIF2C;NSF;KIF11;KIFC1;KIFC2;KIF4A;KIF23;TMED9;TUBA4A;KIF21A;KDELR2;KIF3B;KIF13B;KIF19;COPG1;ARFGAP2;KLC3;ARF5;KIF15;ARF4;COPE;NAPA;TMED7;COPA
R-HSA-110373	0.000248966094575066	0.002959449141601	0.49849310876659	0.639639097497775	1.97141684169946	25	3978;5424;5423;5983;5427;5111;2237;5984;5426;8505;54936	completed	Reactome_preranked_GSEA_fallback	Resolution of AP sites via the multiple-nucleotide patch replacement pathway	25	cancer_up	P1 cancer-minus-normal moderated t	20357	0	1	reactome.db_1.95.0__fgsea_1.36.2	LIG1;POLD1;POLB;RFC3;POLE2;PCNA;FEN1;RFC4;POLE;PARG;ADPRS
R-HSA-6806667	0.000264209599749812	0.00311357347291374	0.49849310876659	-0.564316055630607	-1.889083421342	47	338;338328;5950;1645;154807;2719;4023;8644;10082;54884;1109;6383;7274;55937	completed	Reactome_preranked_GSEA_fallback	Metabolism of fat-soluble vitamins	48	normal_up	P1 cancer-minus-normal moderated t	20357	0	1	reactome.db_1.95.0__fgsea_1.36.2	APOB;GPIHBP1;RBP4;AKR1C1;VKORC1L1;GPC3;LPL;AKR1C3;GPC6;RETSAT;AKR1C4;SDC2;TTPA;APOM
R-HSA-77289	0.000270732036599116	0.00313636181382196	0.49849310876659	-0.63526394831874	-1.92361222841041	30	33;35;34;3033;1892;1666;55856;5095;3030;3032;84693;23597;4594;37;6296	completed	Reactome_preranked_GSEA_fallback	Mitochondrial Fatty Acid Beta-Oxidation	37	normal_up	P1 cancer-minus-normal moderated t	20357	0	1	reactome.db_1.95.0__fgsea_1.36.2	ACADL;ACADS;ACADM;HADH;ECHS1;DECR1;ACOT13;PCCA;HADHA;HADHB;MCEE;ACOT9;MMUT;ACADVL;ACSM3
R-HSA-1169410	0.000269427389559875	0.00313636181382196	0.49849310876659	0.381199437166811	1.65241236064567	148	2810;8480;103;8575;2188;983;7706;2317;3838;55120;3609;348995;9636;3551;55706;3661;80233;201254;3306;2189;8877;23165;1660;7277;6895;4939;9775;5518;378708;5335;23225;7329;9818;4599;10762;129401;9246;23586;79902;4928;23279;6622;4938;3608;2342;1973;3305;2175;1981;8638;9631;5610;9688;115362	completed	Reactome_preranked_GSEA_fallback	Antimicrobial mechanism of IFN-stimulated genes	169	cancer_up	P1 cancer-minus-normal moderated t	20357	0	1	reactome.db_1.95.0__fgsea_1.36.2	SFN;RAE1;ADAR;PRKRA;FANCF;CDK1;TRIM25;FLNB;KPNA2;FANCL;ILF3;NUP43;ISG15;IKBKB;NDC1;IRF3;FAAP100;CENPX;HSPA2;FANCG;SPHK1;NUP205;DHX9;TUBA4A;TARBP2;OAS2;EIF4A3;PPP2R1A;CENPS;PLCG1;NUP210;UBE2I;NUP58;MX1;NUP50;NUP35;UBE2L6;RIGI;NUP85;NUP98;NUP160;SNCA;OAS1;ILF2;FNTB;EIF4A1;HSPA1L;FANCA;EIF4G1;OASL;NUP155;EIF2AK2;NUP93;GBP5
R-HSA-9615933	0.000301684578851195	0.00343459007550437	0.49849310876659	0.632386613953289	1.9704285438304	27	3842;5905;348995;55706;23165;1104;7329;9818;129401;79902;4928;23279;25909;9631;9688	completed	Reactome_preranked_GSEA_fallback	Postmitotic nuclear pore complex (NPC) reformation	27	cancer_up	P1 cancer-minus-normal moderated t	20357	0	1	reactome.db_1.95.0__fgsea_1.36.2	TNPO1;RANGAP1;NUP43;NDC1;NUP205;RCC1;UBE2I;NUP58;NUP35;NUP85;NUP98;NUP160;AHCTF1;NUP155;NUP93
R-HSA-9609646	0.000303885086025448	0.00343459007550437	0.49849310876659	0.401305682531375	1.68480580939824	125	5928;2146;8480;92421;10155;79720;348995;3190;55706;5119;8349;1616;8357;23165;7277;85236;140735;8334;92815;23225;51160;9818;155382;8365;10762;1778;129401;23512;10951;5931;79902;4928;8726;128866;8337;23279;8347;5371;93343;9631;9688;51143	completed	Reactome_preranked_GSEA_fallback	HCMV Infection	289	cancer_up	P1 cancer-minus-normal moderated t	20357	0	1	reactome.db_1.95.0__fgsea_1.36.2	RBBP4;EZH2;RAE1;CHMP4C;TRIM28;VPS37B;NUP43;HNRNPK;NDC1;CHMP1A;H2BC21;DAXX;H3C10;NUP205;TUBA4A;H2BC12;DYNLL2;H2AC6;H2AC25;NUP210;VPS28;NUP58;VPS37D;H4C8;NUP50;DYNC1H1;NUP35;SUZ12;CBX1;RBBP7;NUP85;NUP98;EED;CHMP4B;H2AC18;NUP160;H2BC4;PML;MVB12A;NUP155;NUP93;DYNC1LI1
R-HSA-9018519	0.00030401272797076	0.00343459007550437	0.49849310876659	0.398791506634995	1.672745490845	123	2625;4602;3169;7764;7090;23030;5437;3838;4343;3014;8349;5451;7031;8202;8357;7033;904;85236;3065;10499;8334;8243;9687;2099;1387;5885;5430;3326;2066;5469;595;1509;1025;8365;57690;5433;6908;2033;8312;8337;1105;8347;10498;5241	completed	Reactome_preranked_GSEA_fallback	Estrogen-dependent gene expression	149	cancer_up	P1 cancer-minus-normal moderated t	20357	0	1	reactome.db_1.95.0__fgsea_1.36.2	GATA3;MYB;FOXA1;ZNF217;TLE3;KDM4B;POLR2H;KPNA2;MOV10;H2AX;H2BC21;POU2F1;TFF1;NCOA3;H3C10;TFF3;CCNT1;H2BC12;HDAC1;NCOA2;H2AC6;SMC1A;GREB1;ESR1;CREBBP;RAD21;POLR2A;HSP90AB1;ERBB4;MED1;CCND1;CTSD;CDK9;H4C8;TNRC6C;POLR2D;TBP;EP300;AXIN1;H2AC18;CHD1;H2BC4;CARM1;PGR
R-HSA-2980766	0.000311782593930227	0.00346903178527264	0.49849310876659	0.506762753417137	1.8261456423203	51	8480;891;983;9133;8815;348995;7112;55706;23165;23225;23592;9818;10762;129401;221496;79902;4928;23279	completed	Reactome_preranked_GSEA_fallback	Nuclear Envelope Breakdown	51	cancer_up	P1 cancer-minus-normal moderated t	20357	0	1	reactome.db_1.95.0__fgsea_1.36.2	RAE1;CCNB1;CDK1;CCNB2;BANF1;NUP43;TMPO;NDC1;NUP205;NUP210;LEMD3;NUP58;NUP50;NUP35;LEMD2;NUP85;NUP98;NUP160
R-HSA-9845323	0.000312136729764839	0.00346903178527264	0.49849310876659	0.459972978263361	1.78022290128956	74	5928;1108;6599;1107;1788;9112;86;3014;8349;26039;8357;85236;3065;8334;54815;6603;8289;8365;5931;5977;8337;8347	completed	Reactome_preranked_GSEA_fallback	Regulation of endogenous retroelements by Piwi-interacting RNAs (piRNAs)	97	cancer_up	P1 cancer-minus-normal moderated t	20357	0	1	reactome.db_1.95.0__fgsea_1.36.2	RBBP4;CHD4;SMARCC1;CHD3;DNMT3A;MTA1;ACTL6A;H2AX;H2BC21;SS18L1;H3C10;H2BC12;HDAC1;H2AC6;GATAD2A;SMARCD2;ARID1A;H4C8;RBBP7;DPF2;H2AC18;H2BC4
R-HSA-2995383	0.00034410908940911	0.00376317700177803	0.49849310876659	0.70853114623645	1.99543749400819	18	891;983;9133;8815;7112;5518;22933;23592;221496	completed	Reactome_preranked_GSEA_fallback	Initiation of Nuclear Envelope (NE) Reformation	18	cancer_up	P1 cancer-minus-normal moderated t	20357	0	1	reactome.db_1.95.0__fgsea_1.36.2	CCNB1;CDK1;CCNB2;BANF1;TMPO;PPP2R1A;SIRT2;LEMD3;LEMD2
R-HSA-8856688	0.000343376656089792	0.00376317700177803	0.49849310876659	0.400365074096301	1.67927600668418	122	5050;23423;22931;55738;11127;375;3835;29127;146909;10112;55083;377;11004;4905;3832;3833;90990;24137;84516;9493;832;636;54732;7277;2590;140735;55605;5870;11014;9371;23303;1778;124602;22820;84364;147700;381;56992;378;11316;8775;51014;1314	completed	Reactome_preranked_GSEA_fallback	Golgi-to-ER retrograde transport	134	cancer_up	P1 cancer-minus-normal moderated t	20357	0	1	reactome.db_1.95.0__fgsea_1.36.2	PAFAH1B3;TMED3;RAB18;ARFGAP1;KIF3A;ARF1;KIF22;RACGAP1;KIF18B;KIF20A;KIF26B;ARF3;KIF2C;NSF;KIF11;KIFC1;KIFC2;KIF4A;DCTN5;KIF23;CAPZB;BICD1;TMED9;TUBA4A;GALNT2;DYNLL2;KIF21A;RAB6A;KDELR2;KIF3B;KIF13B;DYNC1H1;KIF19;COPG1;ARFGAP2;KLC3;ARF5;KIF15;ARF4;COPE;NAPA;TMED7;COPA
R-HSA-177243	0.000422432262045512	0.00458305477949377	0.49849310876659	0.566594034913717	1.90842751106939	36	8480;5905;348995;55706;23165;1104;23225;9818;10762;7514;129401;79902;4928;23279;9631;9688	completed	Reactome_preranked_GSEA_fallback	Interactions of Rev with host cellular proteins	37	cancer_up	P1 cancer-minus-normal moderated t	20357	0	1	reactome.db_1.95.0__fgsea_1.36.2	RAE1;RANGAP1;NUP43;NDC1;NUP205;RCC1;NUP210;NUP58;NUP50;XPO1;NUP35;NUP85;NUP98;NUP160;NUP155;NUP93
R-HSA-8949613	0.000429092125687526	0.00461865303791219	0.49849310876659	-0.61509575953909	-1.87479408826585	31	515;84833;54927;539;514;522;27109;8834;139322;3313;518;10632;506;25813;9556;79135;4508	completed	Reactome_preranked_GSEA_fallback	Cristae formation	33	normal_up	P1 cancer-minus-normal moderated t	20357	0	1	reactome.db_1.95.0__fgsea_1.36.2	ATP5PB;ATP5MK;CHCHD3;ATP5PO;ATP5F1E;ATP5PF;DMAC2L;TMEM11;APOOL;HSPA9;ATP5MC3;ATP5MG;ATP5F1B;SAMM50;ATP5MJ;APOO;MT-ATP6
R-HSA-9772755	0.000434533346253822	0.00464068034632012	0.49849310876659	0.535024941440165	1.86505514724432	41	23067;79447;8085;2648;9757;22976;54934;23054;4221;30827;11091;5929;58508;26993	completed	Reactome_preranked_GSEA_fallback	Formation of WDR5-containing histone-modifying complexes	41	cancer_up	P1 cancer-minus-normal moderated t	20357	0	1	reactome.db_1.95.0__fgsea_1.36.2	SETD1B;PAGR1;KMT2D;KAT2A;KMT2B;PAXIP1;KANSL2;NCOA6;MEN1;CXXC1;WDR5;RBBP5;KMT2C;AKAP8L
R-HSA-159227	0.000465336274549286	0.00493112160704553	0.49849310876659	0.573588253116797	1.91309954441009	34	8480;348995;55706;23165;10482;23225;9818;10762;129401;79902;4928;10189;23279;9631;9688	completed	Reactome_preranked_GSEA_fallback	Transport of the SLBP independent Mature mRNA	34	cancer_up	P1 cancer-minus-normal moderated t	20357	0	1	reactome.db_1.95.0__fgsea_1.36.2	RAE1;NUP43;NDC1;NUP205;NXF1;NUP210;NUP58;NUP50;NUP35;NUP85;NUP98;ALYREF;NUP160;NUP155;NUP93
R-HSA-977606	0.000477096546377973	0.00501685368383606	0.49849310876659	-0.561134156010707	-1.83400007349613	42	729;3075;735;716;1378;732;5627;728;712;710;10878;714;730;5199;719;718;10877;715;727;713;1380;2147;1369;1604	completed	Reactome_preranked_GSEA_fallback	Regulation of Complement cascade	47	normal_up	P1 cancer-minus-normal moderated t	20357	0	1	reactome.db_1.95.0__fgsea_1.36.2	C6;CFH;C9;C1S;CR1;C8B;PROS1;C5AR1;C1QA;SERPING1;CFHR3;C1QC;C7;CFP;C3AR1;C3;CFHR4;C1R;C5;C1QB;CR2;F2;CPN1;CD55
R-HSA-375280	0.000500466354008523	0.00522242370938665	0.477270815362862	-0.569384039420289	-1.83760100736042	40	153;154;150;148;3357;1814;3269;3354;147;3356;3361	completed	Reactome_preranked_GSEA_fallback	Amine ligand-binding receptors	42	normal_up	P1 cancer-minus-normal moderated t	20357	0	1	reactome.db_1.95.0__fgsea_1.36.2	ADRB1;ADRB2;ADRA2A;ADRA1A;HTR2B;DRD3;HRH1;HTR1E;ADRA1B;HTR2A;HTR5A
R-HSA-918233	0.000517037215604998	0.00535446874039418	0.477270815362862	0.72217039621989	1.93889888589749	15	7706;3665;3661;89122;1387;23586;29110;2033;9641;64135	completed	Reactome_preranked_GSEA_fallback	TRAF3-dependent IRF activation pathway	16	cancer_up	P1 cancer-minus-normal moderated t	20357	0	1	reactome.db_1.95.0__fgsea_1.36.2	TRIM25;IRF7;IRF3;TRIM4;CREBBP;RIGI;TBK1;EP300;IKBKE;IFIH1
R-HSA-69190	0.000556311925803754	0.00559252968173755	0.477270815362862	0.579653112077421	1.89663701479259	32	9837;3978;4171;5424;5983;5111;1763;2237;5984;4176	completed	Reactome_preranked_GSEA_fallback	DNA strand elongation	32	cancer_up	P1 cancer-minus-normal moderated t	20357	0	1	reactome.db_1.95.0__fgsea_1.36.2	GINS1;LIG1;MCM2;POLD1;RFC3;PCNA;DNA2;FEN1;RFC4;MCM7
R-HSA-159230	0.000560480297291913	0.00559252968173755	0.477270815362862	0.565805585886614	1.89037772292074	35	8480;348995;55706;23165;10482;23225;9818;10762;129401;79902;4928;10189;23279;9631;9688	completed	Reactome_preranked_GSEA_fallback	Transport of the SLBP Dependant Mature mRNA	35	cancer_up	P1 cancer-minus-normal moderated t	20357	0	1	reactome.db_1.95.0__fgsea_1.36.2	RAE1;NUP43;NDC1;NUP205;NXF1;NUP210;NUP58;NUP50;NUP35;NUP85;NUP98;ALYREF;NUP160;NUP155;NUP93
R-HSA-73893	0.000557576239897336	0.00559252968173755	0.477270815362862	0.51072554561358	1.81737292855953	48	51514;9768;5424;7706;9636;56852;5983;5427;5111;124739;5984;5426	completed	Reactome_preranked_GSEA_fallback	DNA Damage Bypass	48	cancer_up	P1 cancer-minus-normal moderated t	20357	0	1	reactome.db_1.95.0__fgsea_1.36.2	DTL;PCLAF;POLD1;TRIM25;ISG15;RAD18;RFC3;POLE2;PCNA;USP43;RFC4;POLE
R-HSA-1474165	0.000559301240965603	0.00559252968173755	0.477270815362862	0.384707703284586	1.64510995029017	129	9139;10388;7022;928;63979;3014;54790;8349;3306;25913;11083;8357;7852;85236;8334;8243;5888;5885;7329;641;1017;8365;7156;79820;9985;23353;8337;65057;8347;672;4361;644186;5932;50511;3020;7013;57829;10630;3021;5016;639;117155;157855	completed	Reactome_preranked_GSEA_fallback	Reproduction	156	cancer_up	P1 cancer-minus-normal moderated t	20357	0	1	reactome.db_1.95.0__fgsea_1.36.2	CBFA2T2;SYCP2;TFAP2C;CD9;FIGNL1;H2AX;TET2;H2BC21;HSPA2;POT1;DIDO1;H3C10;CXCR4;H2BC12;H2AC6;SMC1A;RAD51;RAD21;UBE2I;BLM;CDK2;H4C8;TOP3A;CATSPERB;REC8;SUN1;H2AC18;ACD;H2BC4;BRCA1;MRE11;SYCE3;RBBP8;SYCP3;H3-3A;TERF1;ZP4;PDPN;H3-3B;OVGP1;PRDM1;CATSPER2;KCNU1
R-HSA-5668914	0.000554346894611364	0.00559252968173755	0.477270815362862	-0.34822291439469	-1.49451740495066	262	80731;2719;5091;2632;4128;8908;57188;79947;1373;170692;11096;5549;56922;5236;2328;38;10082;113612;4958;594;4969;56603;1892;1738;79796;1629;79695;3373;7057;5095;2331;2592;686;1585;2998;10418;6383;56999;26275;6948;9510;1438;9526;2230;7311;1634;4585;8029;100;2729;445;9508;2730;9060;4855;7316;3417;4594;92949;1583;6888;81794;9469;7957;1464;326625;138050;549;5009;6233;2997;2262;56913	completed	Reactome_preranked_GSEA_fallback	Diseases of metabolism	270	normal_up	P1 cancer-minus-normal moderated t	20357	0	1	reactome.db_1.95.0__fgsea_1.36.2	THSD7B;GPC3;PC;GBE1;MAOA;GYG2;ADAMTSL3;DHDDS;CPS1;ADAMTS18;ADAMTS5;PRELP;MCCC1;PGM1;FMO3;ACAT1;GPC6;CYP2U1;OMD;BCKDHB;OGN;CYP26B1;ECHS1;DLD;ALG9;DBT;GALNT12;HYAL1;THBS1;PCCA;FMOD;GALT;BTD;CYP11B2;GYS2;SPON1;SDC2;ADAMTS9;HIBCH;TCN2;ADAMTS1;CSF2RA;MPDU1;FDX1;UBA52;DCN;MUC4;CUBN;ADA;GCLC;ASS1;ADAMTS3;GCLM;PAPSS2;NOTCH4;UBC;IDH1;MMUT;ADAMTSL1;CYP11A1;TALDO1;ADAMTS10;CHST3;EPM2A;CSPG4;MMAB;HGSNAT;AUH;OTC;RPS27A;GYS1;GPC5;C1GALT1
R-HSA-9710421	0.000574373563118611	0.00568962797668943	0.477270815362862	0.504625519515861	1.81171895254656	50	5928;2146;1786;1788;1789;3014;8349;8357;85236;8334;8365;23512;5931;8726;8337;8347;5558;3020	completed	Reactome_preranked_GSEA_fallback	Defective pyroptosis	72	cancer_up	P1 cancer-minus-normal moderated t	20357	0	1	reactome.db_1.95.0__fgsea_1.36.2	RBBP4;EZH2;DNMT1;DNMT3A;DNMT3B;H2AX;H2BC21;H3C10;H2BC12;H2AC6;H4C8;SUZ12;RBBP7;EED;H2AC18;H2BC4;PRIM2;H3-3A
R-HSA-9615017	0.000659910149809521	0.00648990773229939	0.477270815362862	-0.622199999817694	-1.87076167252708	29	5105;23460;91584;847;2308;6648;10891;4852;4087;2645;3484	completed	Reactome_preranked_GSEA_fallback	FOXO-mediated transcription of oxidative stress, metabolic and neuronal genes	29	normal_up	P1 cancer-minus-normal moderated t	20357	0	1	reactome.db_1.95.0__fgsea_1.36.2	PCK1;ABCA6;PLXNA4;CAT;FOXO1;SOD2;PPARGC1A;NPY;SMAD2;GCK;IGFBP1
R-HSA-212300	0.000671806823631766	0.00655971377074731	0.477270815362862	0.49161874377919	1.78739369636529	53	5928;2146;1786;1788;1789;3014;8349;8357;85236;8334;22823;8365;23512;5931;8726;8337;8347;26147;3020	completed	Reactome_preranked_GSEA_fallback	PRC2 methylates histones and DNA	75	cancer_up	P1 cancer-minus-normal moderated t	20357	0	1	reactome.db_1.95.0__fgsea_1.36.2	RBBP4;EZH2;DNMT1;DNMT3A;DNMT3B;H2AX;H2BC21;H3C10;H2BC12;H2AC6;MTF2;H4C8;SUZ12;RBBP7;EED;H2AC18;H2BC4;PHF19;H3-3A
R-HSA-176033	0.000696287471959755	0.00665611870048241	0.477270815362862	0.563938390835087	1.86043422784234	33	8480;8815;348995;55706;3159;23165;23225;9818;10762;129401;79902;4928;23279;9631;9688	completed	Reactome_preranked_GSEA_fallback	Interactions of Vpr with host cellular proteins	38	cancer_up	P1 cancer-minus-normal moderated t	20357	0	1	reactome.db_1.95.0__fgsea_1.36.2	RAE1;BANF1;NUP43;NDC1;HMGA1;NUP205;NUP210;NUP58;NUP50;NUP35;NUP85;NUP98;NUP160;NUP155;NUP93
R-HSA-180910	0.000696287471959755	0.00665611870048241	0.477270815362862	0.563938390835087	1.86043422784234	33	8480;8815;348995;55706;3159;23165;23225;9818;10762;129401;79902;4928;23279;9631;9688	completed	Reactome_preranked_GSEA_fallback	Vpr-mediated nuclear import of PICs	38	cancer_up	P1 cancer-minus-normal moderated t	20357	0	1	reactome.db_1.95.0__fgsea_1.36.2	RAE1;BANF1;NUP43;NDC1;HMGA1;NUP205;NUP210;NUP58;NUP50;NUP35;NUP85;NUP98;NUP160;NUP155;NUP93
R-HSA-163685	0.00068994151301361	0.00665611870048241	0.477270815362862	-0.444797052916033	-1.69649795783037	102	5207;51085;5519;3745;54331;2770;32;2791;948;9370;150;5577;5906;111;7086;5568;112;6812;2864;55970;196883;6861;6945;6888	completed	Reactome_preranked_GSEA_fallback	Integration of energy metabolism	108	normal_up	P1 cancer-minus-normal moderated t	20357	0	1	reactome.db_1.95.0__fgsea_1.36.2	PFKFB1;MLXIPL;PPP2R1B;KCNB1;GNG2;GNAI1;ACACB;GNG11;CD36;ADIPOQ;ADRA2A;PRKAR2B;RAP1A;ADCY5;TKT;PRKACG;ADCY6;STXBP1;FFAR1;GNG12;ADCY4;SYT5;MLX;TALDO1
R-HSA-73887	0.000704353456550138	0.00668646649377804	0.477270815362862	0.386568992227547	1.64499837710818	131	10451;7410;835;5584;9181;9261;3551;57580;57142;9500;89846;7074;6610;3065;55851;6868;23263;10018;23385;8772;128272;27237;56928;7984;8567;84894;25791;9639;23370;55160;1894;389337;7204;7322;8408;29110;7186;257397;1540;50650;3654;11108;142678;5664;8737;9826;51107;4615;5599;23421;9641;5970;8878;10616;387	completed	Reactome_preranked_GSEA_fallback	Death Receptor Signaling	133	cancer_up	P1 cancer-minus-normal moderated t	20357	0	1	reactome.db_1.95.0__fgsea_1.36.2	VAV3;VAV2;CASP2;PRKCI;ARHGEF2;MAPKAPK2;IKBKB;PREX1;RTN4;MAGED1;FGD3;TIAM1;SMPD2;HDAC1;PSENEN;ADAM17;MCF2L;BCL2L11;NCSTN;FADD;ARHGEF19;ARHGEF16;SPPL2B;ARHGEF5;MADD;LINGO1;NGEF;ARHGEF10;ARHGEF18;ARHGEF10L;ECT2;ARHGEF37;TRIO;UBE2D2;ULK1;TBK1;TRAF2;TAB3;CYLD;ARHGEF3;IRAK1;PRDM4;MIB2;PSEN2;RIPK1;ARHGEF11;APH1A;MYD88;MAPK8;ITGB3BP;IKBKE;RELA;SQSTM1;RBCK1;RHOA
R-HSA-4085377	0.000727433640067204	0.00676463799980862	0.477270815362862	0.563813093052608	1.88049627165526	34	8480;51588;348995;55706;23165;23225;7329;9818;10762;129401;79902;4928;23279;9631;9688	completed	Reactome_preranked_GSEA_fallback	SUMOylation of SUMOylation proteins	34	cancer_up	P1 cancer-minus-normal moderated t	20357	0	1	reactome.db_1.95.0__fgsea_1.36.2	RAE1;PIAS4;NUP43;NDC1;NUP205;NUP210;UBE2I;NUP58;NUP50;NUP35;NUP85;NUP98;NUP160;NUP155;NUP93
R-HSA-73854	0.000725695071516667	0.00676463799980862	0.477270815362862	0.437895408705877	1.72933026032359	85	5928;11335;1108;7343;5437;1107;9533;9112;79101;2648;3014;8349;10919;8357;9013;85236;3065;8334;54815;25885;8365;6908;5931;2068;8337;2074;8347	completed	Reactome_preranked_GSEA_fallback	RNA Polymerase I Promoter Clearance	110	cancer_up	P1 cancer-minus-normal moderated t	20357	0	1	reactome.db_1.95.0__fgsea_1.36.2	RBBP4;CBX3;CHD4;UBTF;POLR2H;CHD3;POLR1C;MTA1;TAF1D;KAT2A;H2AX;H2BC21;EHMT2;H3C10;TAF1C;H2BC12;HDAC1;H2AC6;GATAD2A;POLR1A;H4C8;TBP;RBBP7;ERCC2;H2AC18;ERCC6;H2BC4
R-HSA-72306	0.000725988033094059	0.00676463799980862	0.477270815362862	0.406186006932346	1.67443831395339	109	8480;54517;54482;29894;348995;80324;221078;10785;54802;4234;55706;79691;79042;283989;23165;55687;8270;54888;23225;9818;10762;129401;1478;79902;4928;10557;10799;23279;2058;80746;63892;79693;51504;10248;10940;9836;9631;9688;9692;51095;81890;55039;129450;51605;57604	completed	Reactome_preranked_GSEA_fallback	tRNA processing	112	cancer_up	P1 cancer-minus-normal moderated t	20357	0	1	reactome.db_1.95.0__fgsea_1.36.2	RAE1;PUS7;TRMT13;CPSF1;NUP43;PUS1;NSUN6;WDR4;TRIT1;METTL1;NDC1;QTRT2;TSEN34;TSEN54;NUP205;TRMU;LAGE3;NSUN2;NUP210;NUP58;NUP50;NUP35;CSTF2;NUP85;NUP98;RPP38;RPP40;NUP160;EPRS1;TSEN2;THADA;YRDC;TRMT112;POP7;POP1;LCMT2;NUP155;NUP93;PRORP;TRNT1;QTRT1;TYW2;TYW5;TRMT6;TRMT9B
R-HSA-6804758	0.000771348124416767	0.0070767307790451	0.477270815362862	0.589805430385876	1.87533915667498	29	5928;1108;79837;1107;7994;84289;3065;54815;64769;7862;5931;2033;5371;207	completed	Reactome_preranked_GSEA_fallback	Regulation of TP53 Activity through Acetylation	30	cancer_up	P1 cancer-minus-normal moderated t	20357	0	1	reactome.db_1.95.0__fgsea_1.36.2	RBBP4;CHD4;PIP4K2C;CHD3;KAT6A;ING5;HDAC1;GATAD2A;MEAF6;BRPF1;RBBP7;EP300;PML;AKT1
R-HSA-453274	0.000767164709562546	0.0070767307790451	0.477270815362862	0.34635184157941	1.55452813160623	175	5928;891;8481;983;95681;4751;9814;9133;7840;3161;7465;890;1453;84962;22974;29922;51400;80321;51451;1871;22897;11116;4957;7277;994;55355;9738;63943;22981;23354;5518;3326;9662;4605;993;1017;1869;4218;7514;1778;10142;79866	completed	Reactome_preranked_GSEA_fallback	Mitotic G2-G2/M phases	193	cancer_up	P1 cancer-minus-normal moderated t	20357	0	1	reactome.db_1.95.0__fgsea_1.36.2	RBBP4;CCNB1;OFD1;CDK1;CEP41;NEK2;SFI1;CCNB2;ALMS1;HMMR;WEE1;CCNA2;CSNK1D;AJUBA;TPX2;NME7;PPME1;CEP70;LCMT1;E2F3;CEP164;CEP43;ODF2;TUBA4A;CDC25B;HJURP;CCP110;FKBPL;NINL;HAUS5;PPP2R1A;HSP90AB1;CEP135;MYBL2;CDC25A;CDK2;E2F1;RAB8A;XPO1;DYNC1H1;AKAP9;BORA
R-HSA-190242	0.00082834684043257	0.00750362190385635	0.477270815362862	-0.712650182716805	-1.91462516185355	18	2247;9365;2246;2250;7049;2260;8074	completed	Reactome_preranked_GSEA_fallback	FGFR1 ligand binding and activation	18	normal_up	P1 cancer-minus-normal moderated t	20357	0	1	reactome.db_1.95.0__fgsea_1.36.2	FGF2;KL;FGF1;FGF5;TGFBR3;FGFR1;FGF23
R-HSA-168274	0.000828856552657139	0.00750362190385635	0.477270815362862	0.569758063520532	1.86426021051925	32	8480;348995;55706;23165;23225;9818;10762;7514;129401;79902;4928;23279;9631;9688	completed	Reactome_preranked_GSEA_fallback	Export of Viral Ribonucleoproteins from Nucleus	37	cancer_up	P1 cancer-minus-normal moderated t	20357	0	1	reactome.db_1.95.0__fgsea_1.36.2	RAE1;NUP43;NDC1;NUP205;NUP210;NUP58;NUP50;XPO1;NUP35;NUP85;NUP98;NUP160;NUP155;NUP93
R-HSA-8953750	0.000851107405579479	0.00765436725938913	0.477270815362862	0.568405902238938	1.85983591073856	32	5928;2146;6241;11335;23468;10919;8317;5888;1869;648;23512;5931;8726;6045;672;79813;5932	completed	Reactome_preranked_GSEA_fallback	Transcriptional Regulation by E2F6	34	cancer_up	P1 cancer-minus-normal moderated t	20357	0	1	reactome.db_1.95.0__fgsea_1.36.2	RBBP4;EZH2;RRM2;CBX3;CBX5;EHMT2;CDC7;RAD51;E2F1;BMI1;SUZ12;RBBP7;EED;RNF2;BRCA1;EHMT1;RBBP8
R-HSA-4655427	0.000864942016893001	0.00772794599407015	0.477270815362862	0.708668141421132	1.90264773669026	15	8535;1786;1788;1789;84733;7329;648;6045;1912	completed	Reactome_preranked_GSEA_fallback	SUMOylation of DNA methylation proteins	17	cancer_up	P1 cancer-minus-normal moderated t	20357	0	1	reactome.db_1.95.0__fgsea_1.36.2	CBX4;DNMT1;DNMT3A;DNMT3B;CBX2;UBE2I;BMI1;RNF2;PHC2
R-HSA-381753	0.000874871128646118	0.00776590151207301	0.477270815362862	-0.450925837458514	-1.69698673545364	91	143503;2774;1879;56656;26532;282775;81472;284521;26648;23538;81797;26716;390063;26493;283297;158131;26497;4991;138804;4993;79345;442184;4994;4992;79339;8390;26248;4995;26211;26341;124538;120065;390059;26476;283159;8383;8387;126370;26689;8590;132112;442194;135948;26219;26740;1258;7932	completed	Reactome_preranked_GSEA_fallback	Olfactory Signaling Pathway	398	normal_up	P1 cancer-minus-normal moderated t	20357	0	1	reactome.db_1.95.0__fgsea_1.36.2	OR51E1;GNAL;EBF1;OR2S2;OR10H3;OR5J2;OR2C3;OR2L13;OR7E24;OR52A1;OR12D3;OR2H1;OR51I1;OR8B8;OR10A4;OR1Q1;OR10D3;OR1D2;OR13C4;OR2C1;OR51B2;OR2B3;OR3A1;OR1F1;OR51B4;OR1G1;OR2K2;OR3A2;OR2F1;OR5H1;OR4D2;OR5P2;OR51M1;OR10J1;OR8D1;OR1A1;OR1E1;OR1I1;OR4D1;OR6A2;RTP1;OR10C1;OR2F2;OR1J4;OR1J2;CNGB1;OR2H2
R-HSA-162587	0.000888873112177845	0.00783928738288461	0.477270815362862	0.370012330628974	1.59027132273099	141	8480;92421;3978;5437;6874;8815;5905;79720;348995;55706;3159;23165;5478;2237;904;7852;7469;6873;1104;905;6749;5430;6882;23225;25920;51160;1025;9818;155382;51616;10762;7514;5433;129401;1234;6908;6829;79902;4928;2068;2960;6878;128866;23279;7520;93343;2968;9631;9688;7518;6872;5431;8731;6917;1022;11198	completed	Reactome_preranked_GSEA_fallback	HIV Life Cycle	156	cancer_up	P1 cancer-minus-normal moderated t	20357	0	1	reactome.db_1.95.0__fgsea_1.36.2	RAE1;CHMP4C;LIG1;POLR2H;TAF4;BANF1;RANGAP1;VPS37B;NUP43;NDC1;HMGA1;NUP205;PPIA;FEN1;CCNT1;CXCR4;NELFA;TAF2;RCC1;CCNT2;SSRP1;POLR2A;TAF11;NUP210;NELFB;VPS28;CDK9;NUP58;VPS37D;TAF9B;NUP50;XPO1;POLR2D;NUP35;CCR5;TBP;SUPT5H;NUP85;NUP98;ERCC2;GTF2E1;TAF6;CHMP4B;NUP160;XRCC5;MVB12A;GTF2H4;NUP155;NUP93;XRCC4;TAF1;POLR2B;RNMT;TCEA1;CDK7;SUPT16H
R-HSA-9609690	0.000921070777750771	0.008071177905034	0.477270815362862	0.408530264498385	1.67002508589399	102	5928;2146;8480;10155;348995;55706;8349;1616;8357;23165;7277;85236;140735;8334;92815;23225;9818;8365;10762;1778;129401;23512;10951;5931;79902;4928;8726;8337;23279;8347;5371;9631;9688;51143	completed	Reactome_preranked_GSEA_fallback	HCMV Early Events	235	cancer_up	P1 cancer-minus-normal moderated t	20357	0	1	reactome.db_1.95.0__fgsea_1.36.2	RBBP4;EZH2;RAE1;TRIM28;NUP43;NDC1;H2BC21;DAXX;H3C10;NUP205;TUBA4A;H2BC12;DYNLL2;H2AC6;H2AC25;NUP210;NUP58;H4C8;NUP50;DYNC1H1;NUP35;SUZ12;CBX1;RBBP7;NUP85;NUP98;EED;H2AC18;NUP160;H2BC4;PML;NUP155;NUP93;DYNC1LI1
R-HSA-381070	0.00103310767809033	0.00899527513343615	0.45505986738723	0.505203755705132	1.79194938812528	46	55738;7494;10954;2081;10525;27230;30827;10897;56005;9820;9695;3309;58477;6464;64061;1200;9797;6745;51726;7709;6734;22872	completed	Reactome_preranked_GSEA_fallback	IRE1alpha activates chaperones	50	cancer_up	P1 cancer-minus-normal moderated t	20357	0	1	reactome.db_1.95.0__fgsea_1.36.2	ARFGAP1;XBP1;PDIA5;ERN1;HYOU1;SERP1;CXXC1;YIF1A;MYDGF;CUL7;EDEM1;HSPA5;SRPRB;SHC1;TSPYL2;TPP1;TATDN2;SSR1;DNAJB11;ZBTB17;SRPRA;SEC31A
R-HSA-174417	0.0010471664608903	0.00905997817744964	0.45505986738723	0.55724182492794	1.83834223938202	33	63922;3978;5424;5983;5111;25913;1763;2237;5984;641;65057;7486;5558;7013	completed	Reactome_preranked_GSEA_fallback	Telomere C-strand (Lagging Strand) Synthesis	34	cancer_up	P1 cancer-minus-normal moderated t	20357	0	1	reactome.db_1.95.0__fgsea_1.36.2	CHTF18;LIG1;POLD1;RFC3;PCNA;POT1;DNA2;FEN1;RFC4;BLM;ACD;WRN;PRIM2;TERF1
R-HSA-174824	0.00106482218528213	0.00915479199547596	0.45505986738723	-0.484642617961474	-1.76977040499708	72	338;338328;55908;63924;4023;51129;5125;19;7436;10062;3990;5360;5568;7311;8029;213;7316;23491;1071;3949;5566;6233	completed	Reactome_preranked_GSEA_fallback	Plasma lipoprotein assembly, remodeling, and clearance	75	normal_up	P1 cancer-minus-normal moderated t	20357	0	1	reactome.db_1.95.0__fgsea_1.36.2	APOB;GPIHBP1;ANGPTL8;CIDEC;LPL;ANGPTL4;PCSK5;ABCA1;VLDLR;NR1H3;LIPC;PLTP;PRKACG;UBA52;CUBN;ALB;UBC;CES3;CETP;LDLR;PRKACA;RPS27A
R-HSA-2299718	0.0011234331695709	0.00959833214252138	0.45505986738723	0.477900869676813	1.72214036003357	51	891;983;23133;10051;3014;8349;54892;8357;85236;8334;8365;8337;8347;23310;3020;387893	completed	Reactome_preranked_GSEA_fallback	Condensation of Prophase Chromosomes	73	cancer_up	P1 cancer-minus-normal moderated t	20357	0	1	reactome.db_1.95.0__fgsea_1.36.2	CCNB1;CDK1;PHF8;SMC4;H2AX;H2BC21;NCAPG2;H3C10;H2BC12;H2AC6;H4C8;H2AC18;H2BC4;NCAPD3;H3-3A;KMT5A
R-HSA-9854311	0.0011796522316673	0.0100160534204298	0.45505986738723	-0.684507244922553	-1.87107261020339	19	135154;23479;38;6392;1431;81689;6390;57001;57128;6391	completed	Reactome_preranked_GSEA_fallback	Maturation of TCA enzymes and regulation of TCA cycle	20	normal_up	P1 cancer-minus-normal moderated t	20357	0	1	reactome.db_1.95.0__fgsea_1.36.2	SDHAF4;ISCU;ACAT1;SDHD;CS;ISCA1;SDHB;SDHAF3;LYRM4;SDHC
R-HSA-196849	0.00118818665918565	0.0100262417475727	0.45505986738723	-0.413452243076374	-1.61691996686375	120	10840;80704;316;4337;92014;5091;683;32;4338;56922;4522;6470;1727;1528;5168;5095;686;4907;6948;6515;55328;64802;8029;8034;4594;8876;284439;9390;2194;326625;10243;79717;1719;65220;79877;2350;27010;54981;10135;4837;349565;79178;79668;80025;27249;8566	completed	Reactome_preranked_GSEA_fallback	Metabolism of water-soluble vitamins and cofactors	125	normal_up	P1 cancer-minus-normal moderated t	20357	0	1	reactome.db_1.95.0__fgsea_1.36.2	ALDH1L1;SLC19A3;AOX1;MOCS1;SLC25A51;PC;BST1;ACACB;MOCS2;MCCC1;MTHFD1;SHMT1;CYB5R3;CYB5A;ENPP2;PCCA;BTD;NT5E;TCN2;SLC2A3;RNLS;NMNAT1;CUBN;SLC25A16;MMUT;VNN1;SLC25A42;SLC22A13;FASN;MMAB;GPHN;PPCS;DHFR;NADK;DCAKD;FOLR2;TPK1;NMRK1;NAMPT;NNMT;NMNAT3;THTPA;PARP8;PANK2;MMADHC;PDXK
R-HSA-191859	0.00130486318074574	0.0107596737119248	0.45505986738723	0.473121209824668	1.70491660996135	51	8480;348995;1207;55706;23165;6628;54960;6636;23225;6637;9818;10762;6634;129401;79902;4928;23279;9631;9688	completed	Reactome_preranked_GSEA_fallback	snRNP Assembly	53	cancer_up	P1 cancer-minus-normal moderated t	20357	0	1	reactome.db_1.95.0__fgsea_1.36.2	RAE1;NUP43;CLNS1A;NDC1;NUP205;SNRPB;GEMIN8;SNRPF;NUP210;SNRPG;NUP58;NUP50;SNRPD3;NUP35;NUP85;NUP98;NUP160;NUP155;NUP93
R-HSA-194441	0.00130486318074574	0.0107596737119248	0.45505986738723	0.473121209824668	1.70491660996135	51	8480;348995;1207;55706;23165;6628;54960;6636;23225;6637;9818;10762;6634;129401;79902;4928;23279;9631;9688	completed	Reactome_preranked_GSEA_fallback	Metabolism of non-coding RNA	53	cancer_up	P1 cancer-minus-normal moderated t	20357	0	1	reactome.db_1.95.0__fgsea_1.36.2	RAE1;NUP43;CLNS1A;NDC1;NUP205;SNRPB;GEMIN8;SNRPF;NUP210;SNRPG;NUP58;NUP50;SNRPD3;NUP35;NUP85;NUP98;NUP160;NUP155;NUP93
R-HSA-9752946	0.00130658802939248	0.0107596737119248	0.45505986738723	-0.451119572595346	-1.68273560380835	85	143503;1879;56656;26532;282775;81472;284521;26648;23538;81797;26716;390063;26493;283297;158131;26497;4991;138804;4993;79345;442184;4994;4992;79339;8390;26248;4995;26211;26341;124538;120065;390059;26476;283159;8383;8387;126370;26689;8590;132112;442194;135948;26219;26740;7932	completed	Reactome_preranked_GSEA_fallback	Expression and translocation of olfactory receptors	390	normal_up	P1 cancer-minus-normal moderated t	20357	0	1	reactome.db_1.95.0__fgsea_1.36.2	OR51E1;EBF1;OR2S2;OR10H3;OR5J2;OR2C3;OR2L13;OR7E24;OR52A1;OR12D3;OR2H1;OR51I1;OR8B8;OR10A4;OR1Q1;OR10D3;OR1D2;OR13C4;OR2C1;OR51B2;OR2B3;OR3A1;OR1F1;OR51B4;OR1G1;OR2K2;OR3A2;OR2F1;OR5H1;OR4D2;OR5P2;OR51M1;OR10J1;OR8D1;OR1A1;OR1E1;OR1I1;OR4D1;OR6A2;RTP1;OR10C1;OR2F2;OR1J4;OR1J2;OR2H2
R-HSA-9694516	0.00129295685079131	0.0107596737119248	0.45505986738723	0.30468407395414	1.44370386405105	278	6382;2810;8480;6385;92421;6229;7706;3838;10207;3665;11320;5170;348995;9636;9871;3551;6732;11253;55706;3661;55107;83666;23193;89122;23165;54625;6628;9632;54960;1452;11282;2932;6636;7841;10146;6185;10610;25921;64127;1387;1650;92359;3326;26007;23225;253832;2817;6227;7329;6637;9818;5589;6184;10762;6634;6733;129401;3703;23586;7529;29110;257397;340061;3134;7297;4249;56965;79902;4928;3654;128866;201595;7284;23279;10802	completed	Reactome_preranked_GSEA_fallback	SARS-CoV-2 Infection	309	cancer_up	P1 cancer-minus-normal moderated t	20357	0	1	reactome.db_1.95.0__fgsea_1.36.2	SDC1;SFN;RAE1;SDC4;CHMP4C;RPS24;TRIM25;KPNA2;PATJ;IRF7;MGAT4A;PDPK1;NUP43;ISG15;SEC24D;IKBKB;SRPK1;MAN1B1;NDC1;IRF3;ANO1;PARP9;GANAB;TRIM4;NUP205;PARP14;SNRPB;SEC24C;GEMIN8;CSNK1A1;MGAT4B;GSK3B;SNRPF;MOGS;G3BP1;RPN2;ST6GALNAC2;ZDHHC5;NOD2;CREBBP;DDOST;CRB3;HSP90AB1;TKFC;NUP210;ZDHHC20;GPC1;RPS21;UBE2I;SNRPG;NUP58;PRKCSH;RPN1;NUP50;SNRPD3;SRPK2;NUP35;STT3A;RIGI;YWHAB;TBK1;TAB3;STING1;HLA-F;TYK2;MGAT5;PARP6;NUP85;NUP98;IRAK1;CHMP4B;STT3B;TUFM;NUP160;SEC24A
R-HSA-975634	0.00133059317206984	0.010891741713889	0.45505986738723	-0.538684097177063	-1.76976864656562	43	338;338328;5950;1645;2719;4023;8644;10082;54884;1109;6383;55937	completed	Reactome_preranked_GSEA_fallback	Retinoid metabolism and transport	44	normal_up	P1 cancer-minus-normal moderated t	20357	0	1	reactome.db_1.95.0__fgsea_1.36.2	APOB;GPIHBP1;RBP4;AKR1C1;GPC3;LPL;AKR1C3;GPC6;RETSAT;AKR1C4;SDC2;APOM
R-HSA-69183	0.00136937937810647	0.0109470269583132	0.45505986738723	0.697551613288986	1.87280183865388	15	3978;5424;5111;1763;2237	completed	Reactome_preranked_GSEA_fallback	Processive synthesis on the lagging strand	15	cancer_up	P1 cancer-minus-normal moderated t	20357	0	1	reactome.db_1.95.0__fgsea_1.36.2	LIG1;POLD1;PCNA;DNA2;FEN1
R-HSA-168333	0.00134628227078068	0.0109470269583132	0.45505986738723	0.573660488586416	1.85743311415827	31	8480;348995;55706;23165;23225;9818;10762;7514;129401;79902;4928;23279;9631;9688	completed	Reactome_preranked_GSEA_fallback	NEP/NS2 Interacts with the Cellular Export Machinery	35	cancer_up	P1 cancer-minus-normal moderated t	20357	0	1	reactome.db_1.95.0__fgsea_1.36.2	RAE1;NUP43;NDC1;NUP205;NUP210;NUP58;NUP50;XPO1;NUP35;NUP85;NUP98;NUP160;NUP155;NUP93
R-HSA-3899300	0.00136617806788581	0.0109470269583132	0.45505986738723	0.526191274028776	1.84693326634447	43	8535;10155;10521;51588;10401;1616;6294;84733;10499;25942;1387;7329;648;7690;57591;6612;2033;6045;1912	completed	Reactome_preranked_GSEA_fallback	SUMOylation of transcription cofactors	45	cancer_up	P1 cancer-minus-normal moderated t	20357	0	1	reactome.db_1.95.0__fgsea_1.36.2	CBX4;TRIM28;DDX17;PIAS4;PIAS3;DAXX;SAFB;CBX2;NCOA2;SIN3A;CREBBP;UBE2I;BMI1;ZNF131;MRTFA;SUMO3;EP300;RNF2;PHC2
R-HSA-193704	0.00135777497483146	0.0109470269583132	0.45505986738723	0.409267273054251	1.64746224841554	93	10451;7410;835;5584;9181;3551;57580;57142;9500;89846;7074;6610;3065;55851;6868;23263;10018;23385;128272;27237;7984;84894;25791;9639;23370;55160;1894;389337;7204;50650;3654;11108;5664;9826;51107;4615;5599;23421;5970;8878;387	completed	Reactome_preranked_GSEA_fallback	p75 NTR receptor-mediated signalling	94	cancer_up	P1 cancer-minus-normal moderated t	20357	0	1	reactome.db_1.95.0__fgsea_1.36.2	VAV3;VAV2;CASP2;PRKCI;ARHGEF2;IKBKB;PREX1;RTN4;MAGED1;FGD3;TIAM1;SMPD2;HDAC1;PSENEN;ADAM17;MCF2L;BCL2L11;NCSTN;ARHGEF19;ARHGEF16;ARHGEF5;LINGO1;NGEF;ARHGEF10;ARHGEF18;ARHGEF10L;ECT2;ARHGEF37;TRIO;ARHGEF3;IRAK1;PRDM4;PSEN2;ARHGEF11;APH1A;MYD88;MAPK8;ITGB3BP;RELA;SQSTM1;RHOA
R-HSA-166663	0.00138933110281147	0.0110419512647865	0.45505986738723	-0.667817070166846	-1.84701426011465	20	1675;78989;716;5648;4153;712;2219;714;5199;718;715;8547;713	completed	Reactome_preranked_GSEA_fallback	Initial triggering of complement	28	normal_up	P1 cancer-minus-normal moderated t	20357	0	1	reactome.db_1.95.0__fgsea_1.36.2	CFD;COLEC11;C1S;MASP1;MBL2;C1QA;FCN1;C1QC;CFP;C3;C1R;FCN3;C1QB
R-HSA-180746	0.00139945167601229	0.011058095035311	0.45505986738723	0.54889965748641	1.81082140715134	33	8480;348995;55706;23165;1104;23225;9818;10762;129401;79902;4928;23279;9631;9688	completed	Reactome_preranked_GSEA_fallback	Nuclear import of Rev protein	34	cancer_up	P1 cancer-minus-normal moderated t	20357	0	1	reactome.db_1.95.0__fgsea_1.36.2	RAE1;NUP43;NDC1;NUP205;RCC1;NUP210;NUP58;NUP50;NUP35;NUP85;NUP98;NUP160;NUP155;NUP93
R-HSA-6783310	0.00143878289685136	0.0113035414942288	0.45505986738723	0.538239988400392	1.81292413637465	36	55215;2177;2188;55120;84126;29089;80233;201254;2189;80198;197342;378708	completed	Reactome_preranked_GSEA_fallback	Fanconi Anemia Pathway	40	cancer_up	P1 cancer-minus-normal moderated t	20357	0	1	reactome.db_1.95.0__fgsea_1.36.2	FANCI;FANCD2;FANCF;FANCL;ATRIP;UBE2T;FAAP100;CENPX;FANCG;MUS81;EME2;CENPS
R-HSA-190241	0.00146782357267065	0.0114657989933759	0.45505986738723	-0.666894065883392	-1.84446146212573	20	83888;2247;2246;2252;2250;8817;8074	completed	Reactome_preranked_GSEA_fallback	FGFR2 ligand binding and activation	20	normal_up	P1 cancer-minus-normal moderated t	20357	0	1	reactome.db_1.95.0__fgsea_1.36.2	FGFBP2;FGF2;FGF1;FGF7;FGF5;FGF18;FGF23
R-HSA-69186	0.00150241935734563	0.0114876924030448	0.45505986738723	0.652515497098179	1.8794734439466	20	3978;5424;5983;5111;1763;2237;5984	completed	Reactome_preranked_GSEA_fallback	Lagging Strand Synthesis	20	cancer_up	P1 cancer-minus-normal moderated t	20357	0	1	reactome.db_1.95.0__fgsea_1.36.2	LIG1;POLD1;RFC3;PCNA;DNA2;FEN1;RFC4
R-HSA-1538133	0.00148701347753347	0.0114876924030448	0.45505986738723	0.599934789463272	1.86931318201911	27	5928;9134;983;7153;890;5111;3065;4605;993;1017;1869;1874	completed	Reactome_preranked_GSEA_fallback	G0 and Early G1	27	cancer_up	P1 cancer-minus-normal moderated t	20357	0	1	reactome.db_1.95.0__fgsea_1.36.2	RBBP4;CCNE2;CDK1;TOP2A;CCNA2;PCNA;HDAC1;MYBL2;CDC25A;CDK2;E2F1;E2F4
R-HSA-977444	0.00151264420815514	0.0114876924030448	0.45505986738723	-0.540943113430012	-1.74581221345041	40	54331;2774;2770;2791;111;3766;112;55970;196883	completed	Reactome_preranked_GSEA_fallback	GABA B receptor activation	43	normal_up	P1 cancer-minus-normal moderated t	20357	0	1	reactome.db_1.95.0__fgsea_1.36.2	GNG2;GNAL;GNAI1;GNG11;ADCY5;KCNJ10;ADCY6;GNG12;ADCY4
R-HSA-991365	0.00151264420815514	0.0114876924030448	0.45505986738723	-0.540943113430012	-1.74581221345041	40	54331;2774;2770;2791;111;3766;112;55970;196883	completed	Reactome_preranked_GSEA_fallback	Activation of GABAB receptors	43	normal_up	P1 cancer-minus-normal moderated t	20357	0	1	reactome.db_1.95.0__fgsea_1.36.2	GNG2;GNAL;GNAI1;GNG11;ADCY5;KCNJ10;ADCY6;GNG12;ADCY4
R-HSA-8939211	0.00149017190225179	0.0114876924030448	0.45505986738723	0.336682108540149	1.52242081851479	190	5590;2625;4602;5296;3169;7764;7090;23030;5437;3838;8503;5170;3480;4343;3845;3014;8349;5451;7031;8202;4314;8357;8877;3315;7033;904;85236;3065;10499;8334;8243;9687;340481;2099;1387;5885;1903;5430;3326;10681;2066;5469;595;1509;1025;8365;5747;7514;57690;5433;6464;6908;4318;2033;4893;8312;8337;1950;1105;8347;10498;5241	completed	Reactome_preranked_GSEA_fallback	ESR-mediated signaling	222	cancer_up	P1 cancer-minus-normal moderated t	20357	0	1	reactome.db_1.95.0__fgsea_1.36.2	PRKCZ;GATA3;MYB;PIK3R2;FOXA1;ZNF217;TLE3;KDM4B;POLR2H;KPNA2;PIK3R3;PDPK1;IGF1R;MOV10;KRAS;H2AX;H2BC21;POU2F1;TFF1;NCOA3;MMP3;H3C10;SPHK1;HSPB1;TFF3;CCNT1;H2BC12;HDAC1;NCOA2;H2AC6;SMC1A;GREB1;ZDHHC21;ESR1;CREBBP;RAD21;S1PR3;POLR2A;HSP90AB1;GNB5;ERBB4;MED1;CCND1;CTSD;CDK9;H4C8;PTK2;XPO1;TNRC6C;POLR2D;SHC1;TBP;MMP9;EP300;NRAS;AXIN1;H2AC18;EGF;CHD1;H2BC4;CARM1;PGR
R-HSA-70895	0.00159888724668825	0.0118262690654967	0.45505986738723	-0.656826835137995	-1.83494070290994	21	56922;38;594;1892;1738;1629;26275;4329;586;11112;549	completed	Reactome_preranked_GSEA_fallback	Branched-chain amino acid catabolism	21	normal_up	P1 cancer-minus-normal moderated t	20357	0	1	reactome.db_1.95.0__fgsea_1.36.2	MCCC1;ACAT1;BCKDHB;ECHS1;DLD;DBT;HIBCH;ALDH6A1;BCAT1;HIBADH;AUH
R-HSA-9818564	0.00160913390357161	0.0118262690654967	0.45505986738723	-0.426335143119854	-1.64679683904997	111	5468;3991;63924;729359;10555;5346;84649;57678;7069;4023;1050;2180;51129;5166;11343;948;123;2167;9370;10891;79611;57104	completed	Reactome_preranked_GSEA_fallback	Epigenetic regulation of gene expression by MLL3 and MLL4 complexes	133	normal_up	P1 cancer-minus-normal moderated t	20357	0	1	reactome.db_1.95.0__fgsea_1.36.2	PPARG;LIPE;CIDEC;PLIN4;AGPAT2;PLIN1;DGAT2;GPAM;THRSP;LPL;CEBPA;ACSL1;ANGPTL4;PDK4;MGLL;CD36;PLIN2;FABP4;ADIPOQ;PPARGC1A;ACSS3;PNPLA2
R-HSA-9841922	0.00160913390357161	0.0118262690654967	0.45505986738723	-0.426335143119854	-1.64679683904997	111	5468;3991;63924;729359;10555;5346;84649;57678;7069;4023;1050;2180;51129;5166;11343;948;123;2167;9370;10891;79611;57104	completed	Reactome_preranked_GSEA_fallback	MLL4 and MLL3 complexes regulate expression of PPARG target genes in adipogenesis and hepatic steatosis	133	normal_up	P1 cancer-minus-normal moderated t	20357	0	1	reactome.db_1.95.0__fgsea_1.36.2	PPARG;LIPE;CIDEC;PLIN4;AGPAT2;PLIN1;DGAT2;GPAM;THRSP;LPL;CEBPA;ACSL1;ANGPTL4;PDK4;MGLL;CD36;PLIN2;FABP4;ADIPOQ;PPARGC1A;ACSS3;PNPLA2
R-HSA-9851695	0.00160913390357161	0.0118262690654967	0.45505986738723	-0.426335143119854	-1.64679683904997	111	5468;3991;63924;729359;10555;5346;84649;57678;7069;4023;1050;2180;51129;5166;11343;948;123;2167;9370;10891;79611;57104	completed	Reactome_preranked_GSEA_fallback	Epigenetic regulation of adipogenesis genes by MLL3 and MLL4 complexes	133	normal_up	P1 cancer-minus-normal moderated t	20357	0	1	reactome.db_1.95.0__fgsea_1.36.2	PPARG;LIPE;CIDEC;PLIN4;AGPAT2;PLIN1;DGAT2;GPAM;THRSP;LPL;CEBPA;ACSL1;ANGPTL4;PDK4;MGLL;CD36;PLIN2;FABP4;ADIPOQ;PPARGC1A;ACSS3;PNPLA2
R-HSA-9610379	0.00158198885114433	0.0118262690654967	0.45505986738723	0.40864728470117	1.62630353496277	88	8480;92421;79720;348995;3190;55706;5119;8349;8357;23165;85236;8334;92815;23225;51160;9818;155382;8365;10762;129401;79902;4928;128866;8337;23279;8347	completed	Reactome_preranked_GSEA_fallback	HCMV Late Events	202	cancer_up	P1 cancer-minus-normal moderated t	20357	0	1	reactome.db_1.95.0__fgsea_1.36.2	RAE1;CHMP4C;VPS37B;NUP43;HNRNPK;NDC1;CHMP1A;H2BC21;H3C10;NUP205;H2BC12;H2AC6;H2AC25;NUP210;VPS28;NUP58;VPS37D;H4C8;NUP50;NUP35;NUP85;NUP98;CHMP4B;H2AC18;NUP160;H2BC4
R-HSA-446203	0.00156800872760672	0.0118262690654967	0.45505986738723	0.299076988680394	1.42381291026092	299	23423;55738;7264;375;7109;6712;11320;3098;377;9871;9919;84620;64841;1453;4905;8703;11253;7844;10960;23193;84516;54187;2923;8818;832;85365;54732;7277;9632;64772;140735;11282;55768;79090;80267;7841;6399;23256;9695;10825;6185;10610;1650;5373;11014;10652;22796;197258;29926;2720;5589;6184;10342;4758;56886;10559;1294;51005;22870;1778;3703;57171;55291;23243;4249;22820;84364;91949;2801;9527;56052;10195;10956;10206;201595;381;81562;11070;83696;10802;378;11316;11236;64377;8775;84920;51014;1314;267;79139;811;11196;7415;288;7991;6482;9761;79053;29929;51143;149111	completed	Reactome_preranked_GSEA_fallback	Asparagine N-linked glycosylation	312	cancer_up	P1 cancer-minus-normal moderated t	20357	0	1	reactome.db_1.95.0__fgsea_1.36.2	TMED3;ARFGAP1;GFUS;ARF1;TRAPPC10;SPTBN2;MGAT4A;HK1;ARF3;SEC24D;SEC16A;ST6GAL2;GNPNAT1;CSNK1D;NSF;B4GALT3;MAN1B1;RNF103;LMAN2;GANAB;DCTN5;NANS;PDIA3;DPM2;CAPZB;ALG2;TMED9;TUBA4A;SEC24C;ENGASE;DYNLL2;MGAT4B;NGLY1;TRAPPC6A;EDEM3;MOGS;TRAPPC2;SCFD1;EDEM1;NEU3;RPN2;ST6GALNAC2;DDOST;PMM2;KDELR2;YKT6;COG2;FCSK;GMPPA;GLB1;PRKCSH;RPN1;TFG;NEU1;UGGT1;SLC35A1;COL7A1;AMDHD2;PPP6R1;DYNC1H1;STT3A;DOLPP1;PPP6R3;ANKRD28;MGAT5;COPG1;ARFGAP2;COG7;GOLGA2;GOSR1;ALG1;ALG3;OS9;TRIM13;STT3B;ARF5;LMAN2L;TMEM115;TRAPPC9;SEC24A;ARF4;COPE;RNF139;CHST8;NAPA;ALG10;TMED7;COPA;AMFR;DERL1;CALR;SEC23IP;VCP;ANK3;TUSC3;ST3GAL1;MLEC;ALG8;ALG6;DYNC1LI1;CNIH3
R-HSA-69275	0.00162525023671185	0.0118808399656957	0.45505986738723	0.336724706566535	1.50816865241978	173	5928;891;8481;983;95681;4751;9814;9133;7840;3161;7465;890;1453;84962;22974;29922;51400;80321;51451;22897;11116;4957;7277;994;55355;9738;63943;22981;23354;5518;3326;9662;4605;993;1017;4218;7514;1778;10142;79866	completed	Reactome_preranked_GSEA_fallback	G2/M Transition	191	cancer_up	P1 cancer-minus-normal moderated t	20357	0	1	reactome.db_1.95.0__fgsea_1.36.2	RBBP4;CCNB1;OFD1;CDK1;CEP41;NEK2;SFI1;CCNB2;ALMS1;HMMR;WEE1;CCNA2;CSNK1D;AJUBA;TPX2;NME7;PPME1;CEP70;LCMT1;CEP164;CEP43;ODF2;TUBA4A;CDC25B;HJURP;CCP110;FKBPL;NINL;HAUS5;PPP2R1A;HSP90AB1;CEP135;MYBL2;CDC25A;CDK2;RAB8A;XPO1;DYNC1H1;AKAP9;BORA
R-HSA-77595	0.001634015890276	0.0118813815000388	0.45505986738723	0.649799369216075	1.87165004320366	20	8189;29894;8106;79869;11052;55339;1477;51585;1478;1479	completed	Reactome_preranked_GSEA_fallback	Processing of Intronless Pre-mRNAs	20	cancer_up	P1 cancer-minus-normal moderated t	20357	0	1	reactome.db_1.95.0__fgsea_1.36.2	SYMPK;CPSF1;PABPN1;CPSF7;CPSF6;WDR33;CSTF1;PCF11;CSTF2;CSTF3
R-HSA-1500620	0.00165223719725941	0.0119503081939345	0.45505986738723	0.401621555510713	1.62681125349804	95	10388;63979;3014;8349;3306;25913;11083;8357;85236;8334;8243;5888;5885;7329;641;1017;8365;7156;9985;23353;8337;65057;8347;672;4361;644186;5932;50511;3020;7013	completed	Reactome_preranked_GSEA_fallback	Meiosis	118	cancer_up	P1 cancer-minus-normal moderated t	20357	0	1	reactome.db_1.95.0__fgsea_1.36.2	SYCP2;FIGNL1;H2AX;H2BC21;HSPA2;POT1;DIDO1;H3C10;H2BC12;H2AC6;SMC1A;RAD51;RAD21;UBE2I;BLM;CDK2;H4C8;TOP3A;REC8;SUN1;H2AC18;ACD;H2BC4;BRCA1;MRE11;SYCE3;RBBP8;SYCP3;H3-3A;TERF1
R-HSA-6791312	0.00166382900061732	0.0119708118097046	0.45505986738723	0.486044183181175	1.72954642309126	48	2810;9134;891;983;55571;890;9125;144455;10769;5111;4849;1017;79733;1869;1874;57472;2033;10498;5933;55835	completed	Reactome_preranked_GSEA_fallback	TP53 Regulates Transcription of Cell Cycle Genes	48	cancer_up	P1 cancer-minus-normal moderated t	20357	0	1	reactome.db_1.95.0__fgsea_1.36.2	SFN;CCNE2;CCNB1;CDK1;CNOT11;CCNA2;CNOT9;E2F7;PLK2;PCNA;CNOT3;CDK2;E2F8;E2F1;E2F4;CNOT6;EP300;CARM1;RBL1;CPAP
R-HSA-2559583	0.00167331421786737	0.0119760237477733	0.45505986738723	0.348065462887684	1.54231667287359	164	8535;5928;2146;51433;9134;11065;9261;4343;890;3014;8349;10919;4194;3159;25913;1871;8357;29855;85236;84733;8334;6195;29882;4193;9448;1017;64682;1869;5609;8365;57690;648;23512;5931;23466;8726;57634;6045;8337;51434;65057;8347;1912;4361;6416;5599;23043;23135;79813;3020;5970;7013	completed	Reactome_preranked_GSEA_fallback	Cellular Senescence	191	cancer_up	P1 cancer-minus-normal moderated t	20357	0	1	reactome.db_1.95.0__fgsea_1.36.2	CBX4;RBBP4;EZH2;ANAPC5;CCNE2;UBE2C;MAPKAPK2;MOV10;CCNA2;H2AX;H2BC21;EHMT2;MDM4;HMGA1;POT1;E2F3;H3C10;UBN1;H2BC12;CBX2;H2AC6;RPS6KA1;ANAPC2;MDM2;MAP4K4;CDK2;ANAPC1;E2F1;MAP2K7;H4C8;TNRC6C;BMI1;SUZ12;RBBP7;CBX6;EED;EP400;RNF2;H2AC18;ANAPC7;ACD;H2BC4;PHC2;MRE11;MAP2K4;MAPK8;TNIK;KDM6B;EHMT1;H3-3A;RELA;TERF1
R-HSA-3301854	0.00179568384389087	0.0127848948677022	0.45505986738723	0.544516502869454	1.81925009661075	35	8480;891;983;9133;348995;55706;23165;23225;9818;10762;129401;79902;4928;23279;9631;9688	completed	Reactome_preranked_GSEA_fallback	Nuclear Pore Complex (NPC) Disassembly	35	cancer_up	P1 cancer-minus-normal moderated t	20357	0	1	reactome.db_1.95.0__fgsea_1.36.2	RAE1;CCNB1;CDK1;CCNB2;NUP43;NDC1;NUP205;NUP210;NUP58;NUP50;NUP35;NUP85;NUP98;NUP160;NUP155;NUP93
R-HSA-8854518	0.00184989378904343	0.0131026155938983	0.45505986738723	0.444823480131668	1.71261109213595	69	8481;983;95681;4751;9814;7840;3161;1453;22974;80321;22897;11116;4957;7277;9738;22981;23354;5518;9662;1778;10142;54820;121441;10733	completed	Reactome_preranked_GSEA_fallback	AURKA Activation by TPX2	72	cancer_up	P1 cancer-minus-normal moderated t	20357	0	1	reactome.db_1.95.0__fgsea_1.36.2	OFD1;CDK1;CEP41;NEK2;SFI1;ALMS1;HMMR;CSNK1D;TPX2;CEP70;CEP164;CEP43;ODF2;TUBA4A;CCP110;NINL;HAUS5;PPP2R1A;CEP135;DYNC1H1;AKAP9;NDE1;NEDD1;PLK4
R-HSA-168276	0.00195810748284845	0.0137268355336094	0.431707695803346	0.513815929042705	1.77668797526648	40	8480;3838;348995;9636;55706;8106;23165;23225;9818;10762;129401;79902;4928;23279;9631;5610;9688	completed	Reactome_preranked_GSEA_fallback	NS1 Mediated Effects on Host Pathways	41	cancer_up	P1 cancer-minus-normal moderated t	20357	0	1	reactome.db_1.95.0__fgsea_1.36.2	RAE1;KPNA2;NUP43;ISG15;NDC1;PABPN1;NUP205;NUP210;NUP58;NUP50;NUP35;NUP85;NUP98;NUP160;NUP155;EIF2AK2;NUP93
R-HSA-73864	0.00195198446041617	0.0137268355336094	0.45505986738723	0.419065727095166	1.66210648309917	87	5928;11335;1108;7343;5437;1107;9533;9112;79101;2648;3014;8349;10919;8357;9013;85236;3065;8334;54815;25885;8365;6908;5931;2068;8337;2074;8347	completed	Reactome_preranked_GSEA_fallback	RNA Polymerase I Transcription	113	cancer_up	P1 cancer-minus-normal moderated t	20357	0	1	reactome.db_1.95.0__fgsea_1.36.2	RBBP4;CBX3;CHD4;UBTF;POLR2H;CHD3;POLR1C;MTA1;TAF1D;KAT2A;H2AX;H2BC21;EHMT2;H3C10;TAF1C;H2BC12;HDAC1;H2AC6;GATAD2A;POLR1A;H4C8;TBP;RBBP7;ERCC2;H2AC18;ERCC6;H2BC4
R-HSA-174414	0.00206984589637253	0.0144361190833737	0.431707695803346	0.649616381986946	1.8479402575998	19	3978;5424;5111;25913;1763;2237;641;65057;7486;7013	completed	Reactome_preranked_GSEA_fallback	Processive synthesis on the C-strand of the telomere	19	cancer_up	P1 cancer-minus-normal moderated t	20357	0	1	reactome.db_1.95.0__fgsea_1.36.2	LIG1;POLD1;PCNA;POT1;DNA2;FEN1;BLM;ACD;WRN;TERF1
R-HSA-9913351	0.00212615160217468	0.0146790365665292	0.431707695803346	-0.558791200276425	-1.73241024048512	34	6445;3910;8082;6443;3908;7402;6640;6641;6645;137868;8910;3915;6444;3912;3339;54221	completed	Reactome_preranked_GSEA_fallback	Formation of the dystrophin-glycoprotein complex (DGC)	36	normal_up	P1 cancer-minus-normal moderated t	20357	0	1	reactome.db_1.95.0__fgsea_1.36.2	SGCG;LAMA4;SSPN;SGCB;LAMA2;UTRN;SNTA1;SNTB1;SNTB2;SGCZ;SGCE;LAMC1;SGCD;LAMB1;HSPG2;SNTG2
R-HSA-201722	0.00212200818910672	0.0146790365665292	0.431707695803346	0.441073908765324	1.68970811586457	68	7090;51176;9757;3014;8349;8295;4221;90780;8357;85236;3065;8334;1387;11091;5929;123169;8365;607;8607;2033;283149;8337;8347;1499;3020	completed	Reactome_preranked_GSEA_fallback	Formation of the beta-catenin:TCF transactivating complex	92	cancer_up	P1 cancer-minus-normal moderated t	20357	0	1	reactome.db_1.95.0__fgsea_1.36.2	TLE3;LEF1;KMT2B;H2AX;H2BC21;TRRAP;MEN1;PYGO2;H3C10;H2BC12;HDAC1;H2AC6;CREBBP;WDR5;RBBP5;LEO1;H4C8;BCL9;RUVBL1;EP300;BCL9L;H2AC18;H2BC4;CTNNB1;H3-3A
R-HSA-5576891	0.0022297027627396	0.0153166013902765	0.431707695803346	-0.403700516134912	-1.58901023263697	128	30819;845;4311;4881;5348;477;801;6335;10008;6330;5350;8850;1193;30820;6327;59285;6329;3751;6910;50801;492;444;23630;1760;493;29098;2626;486;83795;6331;5566;4842;2258;3770;53826;6717;6324;10060;59283;30818;11280;28996;53822;25937;2257	completed	Reactome_preranked_GSEA_fallback	Cardiac conduction	132	normal_up	P1 cancer-minus-normal moderated t	20357	0	1	reactome.db_1.95.0__fgsea_1.36.2	KCNIP2;CASQ2;MME;NPR1;FXYD1;ATP1A2;CALM1;SCN9A;KCNE3;SCN4B;PLN;KAT2B;CLIC2;KCNIP1;SCN2B;CACNG6;SCN4A;KCND2;TBX5;KCNK4;ATP2B3;ASPH;KCNE5;DMPK;ATP2B4;RANGRF;GATA4;FXYD2;KCNK16;SCN5A;PRKACA;NOS1;FGF13;KCNJ14;FXYD6;SRI;SCN1B;ABCC9;CACNG8;KCNIP3;SCN11A;HIPK2;FXYD7;WWTR1;FGF12
R-HSA-171319	0.002319915481843	0.0158566223183969	0.431707695803346	0.635306210059502	1.88816292728266	22	55164;10856;890;1736;25913;54433;1017;8607;55291;23243;55651;65057;55135;7013	completed	Reactome_preranked_GSEA_fallback	Telomere Extension By Telomerase	23	cancer_up	P1 cancer-minus-normal moderated t	20357	0	1	reactome.db_1.95.0__fgsea_1.36.2	SHQ1;RUVBL2;CCNA2;DKC1;POT1;GAR1;CDK2;RUVBL1;PPP6R3;ANKRD28;NHP2;ACD;WRAP53;TERF1
R-HSA-8864260	0.00244344811868254	0.0165759425338837	0.431707695803346	0.533660984509172	1.78298140186664	35	7020;79047;7022;2064;29028;284252;4839;2099;8089;1387;7329;4605	completed	Reactome_preranked_GSEA_fallback	Transcriptional regulation by the AP-2 (TFAP2) family of transcription factors	38	cancer_up	P1 cancer-minus-normal moderated t	20357	0	1	reactome.db_1.95.0__fgsea_1.36.2	TFAP2A;KCTD15;TFAP2C;ERBB2;ATAD2;KCTD1;NOP2;ESR1;YEATS4;CREBBP;UBE2I;MYBL2
R-HSA-68962	0.00244940774824031	0.0165759425338837	0.431707695803346	0.543306339221578	1.77770961954479	32	4171;4999;5427;5426;8317;10926;4176;1017;5001;55388;4173;51053;4174;5558;4172;54107;4175	completed	Reactome_preranked_GSEA_fallback	Activation of the pre-replicative complex	33	cancer_up	P1 cancer-minus-normal moderated t	20357	0	1	reactome.db_1.95.0__fgsea_1.36.2	MCM2;ORC2;POLE2;POLE;CDC7;DBF4;MCM7;CDK2;ORC5;MCM10;MCM4;GMNN;MCM5;PRIM2;MCM3;POLE3;MCM6
R-HSA-3928665	0.00249195329225441	0.0167807889187772	0.431707695803346	0.473543700083852	1.686956281573	49	10451;1942;2050;1945;7410;2049;7074;163;55851;23385;284656;102;1944;4318;5664;51107;1213	completed	Reactome_preranked_GSEA_fallback	EPH-ephrin mediated repulsion of cells	51	cancer_up	P1 cancer-minus-normal moderated t	20357	0	1	reactome.db_1.95.0__fgsea_1.36.2	VAV3;EFNA1;EPHB4;EFNA4;VAV2;EPHB3;TIAM1;AP2B1;PSENEN;NCSTN;EPHA10;ADAM10;EFNA3;MMP9;PSEN2;APH1A;CLTC
R-HSA-5334118	0.0026037732573202	0.0174478335429251	0.431707695803346	0.491578360606277	1.72574614069403	42	29128;1786;1788;1789;3014;8349;8357;85236;8334	completed	Reactome_preranked_GSEA_fallback	DNA methylation	64	cancer_up	P1 cancer-minus-normal moderated t	20357	0	1	reactome.db_1.95.0__fgsea_1.36.2	UHRF1;DNMT1;DNMT3A;DNMT3B;H2AX;H2BC21;H3C10;H2BC12;H2AC6
R-HSA-373080	0.00270044509590206	0.0180073582736493	0.431707695803346	-0.443728853803411	-1.66164849593755	87	54331;8322;7481;5745;10203;7855;133;2791;7482;1393;1392;7478;5746;55970;2692;80326;1395;10266;7484;7479;50846;3375;7480;84658;976;2641;5744;2642;30817;113091;7432;5727;114131;6344;51384;3549	completed	Reactome_preranked_GSEA_fallback	Class B/2 (Secretin family receptors)	94	normal_up	P1 cancer-minus-normal moderated t	20357	0	1	reactome.db_1.95.0__fgsea_1.36.2	GNG2;FZD4;WNT11;PTH1R;CALCRL;FZD5;ADM;GNG11;WNT2B;CRHBP;CRH;WNT8A;PTH2R;GNG12;GHRHR;WNT10A;CRHR2;RAMP2;WNT9B;WNT8B;DHH;IAPP;WNT10B;ADGRE3;ADGRE5;GCG;PTHLH;GCGR;ADGRE2;PTH2;VIP;PTCH1;UCN3;SCTR;WNT16;IHH
R-HSA-3214841	0.00275262877075989	0.0182662307263532	0.431707695803346	0.450721680090384	1.68537074026291	60	5928;2146;23067;64754;8085;9757;10919;8357;51111;9869;79918;11091;5929;58508;54904;8365;23512;5931;8726;7468;79813;387893;5970;56950;9739	completed	Reactome_preranked_GSEA_fallback	PKMTs methylate histone lysines	70	cancer_up	P1 cancer-minus-normal moderated t	20357	0	1	reactome.db_1.95.0__fgsea_1.36.2	RBBP4;EZH2;SETD1B;SMYD3;KMT2D;KMT2B;EHMT2;H3C10;KMT5B;SETDB1;SETD6;WDR5;RBBP5;KMT2C;NSD3;H4C8;SUZ12;RBBP7;EED;NSD2;EHMT1;KMT5A;RELA;SMYD2;SETD1A
R-HSA-3232118	0.00306375913257227	0.020087126539694	0.431707695803346	0.626302656843377	1.80397127216921	20	7020;7022;51588;10401;9112;4193;7329;7158;6612;6670;7021	completed	Reactome_preranked_GSEA_fallback	SUMOylation of transcription factors	20	cancer_up	P1 cancer-minus-normal moderated t	20357	0	1	reactome.db_1.95.0__fgsea_1.36.2	TFAP2A;TFAP2C;PIAS4;PIAS3;MTA1;MDM2;UBE2I;TP53BP1;SUMO3;SP3;TFAP2B
R-HSA-2559586	0.00307110786980787	0.020087126539694	0.431707695803346	0.461723310448524	1.68923748498853	54	9134;890;3014;8349;3159;25913;29855;85236;8334;1017;8365;57634;8337;65057;8347;4361;7013;7157;898;23523;3012;8367;10111;25842;8294	completed	Reactome_preranked_GSEA_fallback	DNA Damage/Telomere Stress Induced Senescence	72	cancer_up	P1 cancer-minus-normal moderated t	20357	0	1	reactome.db_1.95.0__fgsea_1.36.2	CCNE2;CCNA2;H2AX;H2BC21;HMGA1;POT1;UBN1;H2BC12;H2AC6;CDK2;H4C8;EP400;H2AC18;ACD;H2BC4;MRE11;TERF1;TP53;CCNE1;CABIN1;H2AC8;H4C5;RAD50;ASF1A;H4C9
R-HSA-2565942	0.00307111151923632	0.020087126539694	0.431707695803346	0.403105364328813	1.59792857594475	84	891;8481;983;95681;4751;9814;9133;7840;1453;84962;80321;22897;11116;4957;7277;9738;22981;23354;5518;9662;4218;1778;10142;79866;54820;121441;10733;6500	completed	Reactome_preranked_GSEA_fallback	Regulation of PLK1 Activity at G2/M Transition	87	cancer_up	P1 cancer-minus-normal moderated t	20357	0	1	reactome.db_1.95.0__fgsea_1.36.2	CCNB1;OFD1;CDK1;CEP41;NEK2;SFI1;CCNB2;ALMS1;CSNK1D;AJUBA;CEP70;CEP164;CEP43;ODF2;TUBA4A;CCP110;NINL;HAUS5;PPP2R1A;CEP135;RAB8A;DYNC1H1;AKAP9;BORA;NDE1;NEDD1;PLK4;SKP1
R-HSA-9614085	0.00311715858955454	0.0202912180567669	0.431707695803346	-0.471272346889269	-1.67488002138271	64	5105;23460;91584;847;2308;9314;6648;857;8850;10628;10891;65018;604;4852;4087;7532;10370;694;2645;3484	completed	Reactome_preranked_GSEA_fallback	FOXO-mediated transcription	64	normal_up	P1 cancer-minus-normal moderated t	20357	0	1	reactome.db_1.95.0__fgsea_1.36.2	PCK1;ABCA6;PLXNA4;CAT;FOXO1;KLF4;SOD2;CAV1;KAT2B;TXNIP;PPARGC1A;PINK1;BCL6;NPY;SMAD2;YWHAG;CITED2;BTG1;GCK;IGFBP1
R-HSA-73762	0.00321553871150898	0.0208324237849895	0.431707695803346	0.480672988242441	1.70493916057133	46	5928;1108;7343;5437;1107;9533;9112;79101;2648;10919;9013;3065;54815;25885;6908;5931;2068;2074	completed	Reactome_preranked_GSEA_fallback	RNA Polymerase I Transcription Initiation	48	cancer_up	P1 cancer-minus-normal moderated t	20357	0	1	reactome.db_1.95.0__fgsea_1.36.2	RBBP4;CHD4;UBTF;POLR2H;CHD3;POLR1C;MTA1;TAF1D;KAT2A;EHMT2;TAF1C;HDAC1;GATAD2A;POLR1A;TBP;RBBP7;ERCC2;ERCC6
R-HSA-163560	0.00326039231290447	0.0210233787346246	0.431707695803346	-0.643503507671034	-1.81144919703189	22	3991;5346;51099;2171;11343;2167;857;5568;2170;5566;5500;5501	completed	Reactome_preranked_GSEA_fallback	Triglyceride catabolism	24	normal_up	P1 cancer-minus-normal moderated t	20357	0	1	reactome.db_1.95.0__fgsea_1.36.2	LIPE;PLIN1;ABHD5;FABP5;MGLL;FABP4;CAV1;PRKACG;FABP3;PRKACA;PPP1CB;PPP1CC
R-HSA-5656169	0.00330330885641753	0.0211433439050471	0.431707695803346	0.53103129566534	1.73754542223113	32	9768;5424;7706;9636;5983;5427;5111;124739;5984;5426	completed	Reactome_preranked_GSEA_fallback	Termination of translesion DNA synthesis	32	cancer_up	P1 cancer-minus-normal moderated t	20357	0	1	reactome.db_1.95.0__fgsea_1.36.2	PCLAF;POLD1;TRIM25;ISG15;RFC3;POLE2;PCNA;USP43;RFC4;POLE
R-HSA-418346	0.00330993094051212	0.0211433439050471	0.431707695803346	-0.427083941259607	-1.5896726469905	84	338;50940;5519;5138;801;54331;5321;2791;5781;5136;5525;7222;5153;492;55970	completed	Reactome_preranked_GSEA_fallback	Platelet homeostasis	88	normal_up	P1 cancer-minus-normal moderated t	20357	0	1	reactome.db_1.95.0__fgsea_1.36.2	APOB;PDE11A;PPP2R1B;PDE2A;CALM1;GNG2;PLA2G4A;GNG11;PTPN11;PDE1A;PPP2R5A;TRPC3;PDE1B;ATP2B3;GNG12
R-HSA-9816359	0.00332981624886508	0.0211714363358072	0.431707695803346	0.384430413892428	1.53923494926465	90	29128;200424;55571;6732;9125;3014;8349;8106;8357;85236;8334;9775;1387;4849;5927;8365;23405;57472;7374;2033;8337;8347;1973;23135;3020;1981;3021;7157;85456;129563;246175;4850;3012;8367;7403	completed	Reactome_preranked_GSEA_fallback	Maternal to zygotic transition (MZT)	120	cancer_up	P1 cancer-minus-normal moderated t	20357	0	1	reactome.db_1.95.0__fgsea_1.36.2	UHRF1;TET3;CNOT11;SRPK1;CNOT9;H2AX;H2BC21;PABPN1;H3C10;H2BC12;H2AC6;EIF4A3;CREBBP;CNOT3;KDM5A;H4C8;DICER1;CNOT6;UNG;EP300;H2AC18;H2BC4;EIF4A1;KDM6B;H3-3A;EIF4G1;H3-3B;TP53;TNKS1BP1;DIS3L2;CNOT6L;CNOT4;H2AC8;H4C5;KDM6A
R-HSA-191273	0.00352991497619257	0.0223042226233036	0.431707695803346	0.568282525161137	1.75149040346155	25	6713;3422;6721;1718;1717;403313;10682;3156;2224;6307;6720;3157;9453;64801;10654	completed	Reactome_preranked_GSEA_fallback	Cholesterol biosynthesis	27	cancer_up	P1 cancer-minus-normal moderated t	20357	0	1	reactome.db_1.95.0__fgsea_1.36.2	SQLE;IDI1;SREBF2;DHCR24;DHCR7;PLPP6;EBP;HMGCR;FDPS;MSMO1;SREBF1;HMGCS1;GGPS1;ARV1;PMVK
R-HSA-392518	0.00354061178438688	0.0223042226233036	0.431707695803346	-0.576323929699013	-1.74513879093658	30	54331;5321;2770;64805;2791	completed	Reactome_preranked_GSEA_fallback	Signal amplification	33	normal_up	P1 cancer-minus-normal moderated t	20357	0	1	reactome.db_1.95.0__fgsea_1.36.2	GNG2;PLA2G4A;GNAI1;P2RY12;GNG11
R-HSA-168271	0.00360034241231848	0.0225764590717402	0.431707695803346	0.537320073823989	1.73976789038052	31	8480;348995;55706;23165;23225;9818;10762;129401;79902;4928;23279;9631;9688	completed	Reactome_preranked_GSEA_fallback	Transport of Ribonucleoproteins into the Host Nucleus	35	cancer_up	P1 cancer-minus-normal moderated t	20357	0	1	reactome.db_1.95.0__fgsea_1.36.2	RAE1;NUP43;NDC1;NUP205;NUP210;NUP58;NUP50;NUP35;NUP85;NUP98;NUP160;NUP155;NUP93
R-HSA-380270	0.00371847907306092	0.0231052767857922	0.431707695803346	0.410057906636768	1.58703774079456	74	8481;983;95681;4751;9814;7840;1453;29922;80321;22897;11116;4957;7277;9738;22981;23354;5518;9662;1778;10142;54820;121441;10733	completed	Reactome_preranked_GSEA_fallback	Recruitment of mitotic centrosome proteins and complexes	81	cancer_up	P1 cancer-minus-normal moderated t	20357	0	1	reactome.db_1.95.0__fgsea_1.36.2	OFD1;CDK1;CEP41;NEK2;SFI1;ALMS1;CSNK1D;NME7;CEP70;CEP164;CEP43;ODF2;TUBA4A;CCP110;NINL;HAUS5;PPP2R1A;CEP135;DYNC1H1;AKAP9;NDE1;NEDD1;PLK4
R-HSA-380287	0.00371847907306092	0.0231052767857922	0.431707695803346	0.410057906636768	1.58703774079456	74	8481;983;95681;4751;9814;7840;1453;29922;80321;22897;11116;4957;7277;9738;22981;23354;5518;9662;1778;10142;54820;121441;10733	completed	Reactome_preranked_GSEA_fallback	Centrosome maturation	81	cancer_up	P1 cancer-minus-normal moderated t	20357	0	1	reactome.db_1.95.0__fgsea_1.36.2	OFD1;CDK1;CEP41;NEK2;SFI1;ALMS1;CSNK1D;NME7;CEP70;CEP164;CEP43;ODF2;TUBA4A;CCP110;NINL;HAUS5;PPP2R1A;CEP135;DYNC1H1;AKAP9;NDE1;NEDD1;PLK4
R-HSA-5654689	0.00404079579388383	0.0248431962153969	0.407017918923954	-0.62758971524418	-1.75326258249979	21	2247;9365;5290;5781;2246;2250;2260;8074	completed	Reactome_preranked_GSEA_fallback	PI-3K cascade:FGFR1	21	normal_up	P1 cancer-minus-normal moderated t	20357	0	1	reactome.db_1.95.0__fgsea_1.36.2	FGF2;KL;PIK3CA;PTPN11;FGF1;FGF5;FGFR1;FGF23
R-HSA-5654726	0.0040350974964011	0.0248431962153969	0.407017918923954	-0.544663187049045	-1.67377205618934	32	2247;9365;5781;2246;10253;7311;2250;2260;7316;8074	completed	Reactome_preranked_GSEA_fallback	Negative regulation of FGFR1 signaling	33	normal_up	P1 cancer-minus-normal moderated t	20357	0	1	reactome.db_1.95.0__fgsea_1.36.2	FGF2;KL;PTPN11;FGF1;SPRY2;UBA52;FGF5;FGFR1;UBC;FGF23
R-HSA-162906	0.0040526940424532	0.0248431962153969	0.407017918923954	0.317054392538271	1.44743081042235	205	10053;8480;92421;3978;375;5437;6874;8815;5905;79720;8905;348995;1174;55706;3159;23165;5478;2237;904;163;7852;7469;6873;1104;905;6749;5430;6882;23225;25920;51160;1025;9818;155382;51616;10762;7514;5433;164;129401;1234;6908;6829;79902;4928;2068;2960;6878;128866;6500;23279;7520;93343;567;2968;9631;9688;5709;7518;6872;8945;5431;8731;6917;1022;11198;5692	completed	Reactome_preranked_GSEA_fallback	HIV Infection	222	cancer_up	P1 cancer-minus-normal moderated t	20357	0	1	reactome.db_1.95.0__fgsea_1.36.2	AP1M2;RAE1;CHMP4C;LIG1;ARF1;POLR2H;TAF4;BANF1;RANGAP1;VPS37B;AP1S2;NUP43;AP1S1;NDC1;HMGA1;NUP205;PPIA;FEN1;CCNT1;AP2B1;CXCR4;NELFA;TAF2;RCC1;CCNT2;SSRP1;POLR2A;TAF11;NUP210;NELFB;VPS28;CDK9;NUP58;VPS37D;TAF9B;NUP50;XPO1;POLR2D;AP1G1;NUP35;CCR5;TBP;SUPT5H;NUP85;NUP98;ERCC2;GTF2E1;TAF6;CHMP4B;SKP1;NUP160;XRCC5;MVB12A;B2M;GTF2H4;NUP155;NUP93;PSMD3;XRCC4;TAF1;BTRC;POLR2B;RNMT;TCEA1;CDK7;SUPT16H;PSMB4
R-HSA-9927418	0.00412173198848209	0.0251536054832813	0.407017918923954	0.614888938820222	1.77109576190683	20	4072;100133941;3880;4582;2064;91074;2099;960	completed	Reactome_preranked_GSEA_fallback	Developmental Lineage of Mammary Gland Luminal Epithelial Cells	23	cancer_up	P1 cancer-minus-normal moderated t	20357	0	1	reactome.db_1.95.0__fgsea_1.36.2	EPCAM;CD24;KRT19;MUC1;ERBB2;ANKRD30A;ESR1;CD44
R-HSA-69239	0.00435869735801615	0.026345670756643	0.407017918923954	0.377340163458016	1.54416269964441	106	51433;9134;9837;3978;4171;5424;11065;4999;890;5983;5427;5111;1763;2237;5984;5426;4176;29882;1017;64682;5001;4173	completed	Reactome_preranked_GSEA_fallback	Synthesis of DNA	108	cancer_up	P1 cancer-minus-normal moderated t	20357	0	1	reactome.db_1.95.0__fgsea_1.36.2	ANAPC5;CCNE2;GINS1;LIG1;MCM2;POLD1;UBE2C;ORC2;CCNA2;RFC3;POLE2;PCNA;DNA2;FEN1;RFC4;POLE;MCM7;ANAPC2;CDK2;ANAPC1;ORC5;MCM4
R-HSA-375276	0.00437488460991804	0.026345670756643	0.407017918923954	-0.358591826218666	-1.47161440547037	180	4828;51554;4889;552;301;1910;5179;3579;57007;2357;10316;2852;6387;6347;60675;3062;4852;6375;4922;728;5173;9718;128674;9002;3640;117579;6865;6360;624;84109;185;7201;6372;10022;2532;6374;6357;1906;257313;122042;719;718;5443;84432;6866;6346;2925;4161;183;4987;6351	completed	Reactome_preranked_GSEA_fallback	Peptide ligand-binding receptors	203	normal_up	P1 cancer-minus-normal moderated t	20357	0	1	reactome.db_1.95.0__fgsea_1.36.2	NMB;ACKR4;NPY5R;AVPR1A;ANXA1;EDNRB;PENK;CXCR2;ACKR3;FPR1;NMUR1;GPER1;CXCL12;CCL2;PROK2;HCRTR2;NPY;XCL1;NTS;C5AR1;PDYN;ECE2;PROKR2;F2RL3;INSL3;RLN3;TACR2;CCL16;BDKRB2;QRFPR;AGTR1;TRHR;CXCL6;INSL5;ACKR1;CXCL5;CCL13;EDN1;UTS2B;RXFP2;C3AR1;C3;POMC;PROK1;TAC3;CCL1;GRPR;MC5R;AGT;OPRL1;CCL4
R-HSA-9705683	0.00435072733848717	0.026345670756643	0.407017918923954	0.322904210724357	1.44655636345687	181	2810;8480;6229;7706;3838;10207;3665;5170;348995;9636;9871;3551;55706;3661;89122;23165;6628;9632;54960;6636;10146;64127;1387;92359;3326;26007;23225;6227;6637;9818;10762;6634;129401;23586;7529;29110;257397;340061;3134;7297;79902;4928;3654;7284;23279;10802;23367;207;9641;567;7533;6188;9631;9688;5777;10454;64135;30849	completed	Reactome_preranked_GSEA_fallback	SARS-CoV-2-host interactions	209	cancer_up	P1 cancer-minus-normal moderated t	20357	0	1	reactome.db_1.95.0__fgsea_1.36.2	SFN;RAE1;RPS24;TRIM25;KPNA2;PATJ;IRF7;PDPK1;NUP43;ISG15;SEC24D;IKBKB;NDC1;IRF3;TRIM4;NUP205;SNRPB;SEC24C;GEMIN8;SNRPF;G3BP1;NOD2;CREBBP;CRB3;HSP90AB1;TKFC;NUP210;RPS21;SNRPG;NUP58;NUP50;SNRPD3;NUP35;RIGI;YWHAB;TBK1;TAB3;STING1;HLA-F;TYK2;NUP85;NUP98;IRAK1;TUFM;NUP160;SEC24A;LARP1;AKT1;IKBKE;B2M;YWHAH;RPS3;NUP155;NUP93;PTPN6;TAB1;IFIH1;PIK3R4
R-HSA-392170	0.00444551072471676	0.0265371753741826	0.407017918923954	-0.645782688854715	-1.76522061705317	19	54331;2770;64805;2791	completed	Reactome_preranked_GSEA_fallback	ADP signalling through P2Y purinoceptor 12	22	normal_up	P1 cancer-minus-normal moderated t	20357	0	1	reactome.db_1.95.0__fgsea_1.36.2	GNG2;GNAI1;P2RY12;GNG11
R-HSA-379724	0.00442860470613518	0.0265371753741826	0.407017918923954	0.481441898972802	1.6901608486102	42	27068;2193;124454;7407;57505;8565;51520;23395;57176;4141;80222;23438;2058	completed	Reactome_preranked_GSEA_fallback	tRNA Aminoacylation	42	cancer_up	P1 cancer-minus-normal moderated t	20357	0	1	reactome.db_1.95.0__fgsea_1.36.2	PPA2;FARSA;EARS2;VARS1;AARS2;YARS1;LARS1;LARS2;VARS2;MARS1;TARS2;HARS2;EPRS1
R-HSA-418597	0.00446764495605235	0.0265533506735807	0.407017918923954	-0.511784916704497	-1.69340211891177	44	26575;54331;2770;2791;150;111;353299;8601;112;55970;196883	completed	Reactome_preranked_GSEA_fallback	G alpha (z) signalling events	47	normal_up	P1 cancer-minus-normal moderated t	20357	0	1	reactome.db_1.95.0__fgsea_1.36.2	RGS17;GNG2;GNAI1;GNG11;ADRA2A;ADCY5;RGSL1;RGS20;ADCY6;GNG12;ADCY4
R-HSA-983189	0.00452779645545225	0.0267943625740399	0.407017918923954	0.450266962516496	1.61655952413851	50	11127;3835;29127;146909;10112;55083;11004;3832;3833;90990;24137;9493;7277;55605;9371;23303;124602;147700;56992	completed	Reactome_preranked_GSEA_fallback	Kinesins	61	cancer_up	P1 cancer-minus-normal moderated t	20357	0	1	reactome.db_1.95.0__fgsea_1.36.2	KIF3A;KIF22;RACGAP1;KIF18B;KIF20A;KIF26B;KIF2C;KIF11;KIFC1;KIFC2;KIF4A;KIF23;TUBA4A;KIF21A;KIF3B;KIF13B;KIF19;KLC3;KIF15
R-HSA-163210	0.00471062213787275	0.0277561226830692	0.407017918923954	-0.663197406755369	-1.781764002935	18	515;84833;539;514;522;27109;518;10632;506;9556;4508	completed	Reactome_preranked_GSEA_fallback	Formation of ATP by chemiosmotic coupling	20	normal_up	P1 cancer-minus-normal moderated t	20357	0	1	reactome.db_1.95.0__fgsea_1.36.2	ATP5PB;ATP5MK;ATP5PO;ATP5F1E;ATP5PF;DMAC2L;ATP5MC3;ATP5MG;ATP5F1B;ATP5MJ;MT-ATP6
R-HSA-69206	0.00476458516350589	0.0279535962167921	0.407017918923954	0.364927083784972	1.52799548990734	119	5928;6241;9134;891;4171;983;7298;7083;7465;4999;890;5753;5427;5111;5426;8317;10926;3065;4176;5518;595;993;1017;5001;1869;55388;4173;1874	completed	Reactome_preranked_GSEA_fallback	G1/S Transition	121	cancer_up	P1 cancer-minus-normal moderated t	20357	0	1	reactome.db_1.95.0__fgsea_1.36.2	RBBP4;RRM2;CCNE2;CCNB1;MCM2;CDK1;TYMS;TK1;WEE1;ORC2;CCNA2;PTK6;POLE2;PCNA;POLE;CDC7;DBF4;HDAC1;MCM7;PPP2R1A;CCND1;CDC25A;CDK2;ORC5;E2F1;MCM10;MCM4;E2F4
R-HSA-110313	0.00479757449927724	0.0280219409257829	0.407017918923954	0.489548744557378	1.68803351418447	39	9768;5424;7706;9636;5983;5427;5111;124739;5984;5426	completed	Reactome_preranked_GSEA_fallback	Translesion synthesis by Y family DNA polymerases bypasses lesions on DNA template	39	cancer_up	P1 cancer-minus-normal moderated t	20357	0	1	reactome.db_1.95.0__fgsea_1.36.2	PCLAF;POLD1;TRIM25;ISG15;RFC3;POLE2;PCNA;USP43;RFC4;POLE
R-HSA-9705671	0.00481723198065763	0.0280219409257829	0.407017918923954	0.375703025724004	1.55048486958463	112	8480;7706;3838;3665;348995;9636;9871;3551;55706;3661;89122;23165;9632;10146;64127;1387;3326;26007;23225;9818;10762;129401;23586;29110;257397;340061;3134;7297;79902;4928;3654;23279;10802;23367;9641;567;9631;9688;5777;10454;64135;30849	completed	Reactome_preranked_GSEA_fallback	SARS-CoV-2 activates/modulates innate and adaptive immune responses	131	cancer_up	P1 cancer-minus-normal moderated t	20357	0	1	reactome.db_1.95.0__fgsea_1.36.2	RAE1;TRIM25;KPNA2;IRF7;NUP43;ISG15;SEC24D;IKBKB;NDC1;IRF3;TRIM4;NUP205;SEC24C;G3BP1;NOD2;CREBBP;HSP90AB1;TKFC;NUP210;NUP58;NUP50;NUP35;RIGI;TBK1;TAB3;STING1;HLA-F;TYK2;NUP85;NUP98;IRAK1;NUP160;SEC24A;LARP1;IKBKE;B2M;NUP155;NUP93;PTPN6;TAB1;IFIH1;PIK3R4
R-HSA-381119	0.00500505067643235	0.0289911198079789	0.407017918923954	0.388691642974198	1.54832465579018	89	148327;55738;9451;7494;10954;2081;10525;27230;4800;51013;54512;30827;10897;56005;9820;9695;90993;3309;5073;58477;167227;6464;64061;1200;9797;6745;56915;8720;1388;811;51726	completed	Reactome_preranked_GSEA_fallback	Unfolded Protein Response (UPR)	93	cancer_up	P1 cancer-minus-normal moderated t	20357	0	1	reactome.db_1.95.0__fgsea_1.36.2	CREB3L4;ARFGAP1;EIF2AK3;XBP1;PDIA5;ERN1;HYOU1;SERP1;NFYA;EXOSC1;EXOSC4;CXXC1;YIF1A;MYDGF;CUL7;EDEM1;CREB3L1;HSPA5;PARN;SRPRB;DCP2;SHC1;TSPYL2;TPP1;TATDN2;SSR1;EXOSC5;MBTPS1;ATF6B;CALR;DNAJB11
R-HSA-111885	0.00524469082175155	0.0301239174509847	0.407017918923954	-0.426822734210759	-1.59238697060027	86	5519;801;54331;2774;5321;2770;2791;5532;5577;5136;111;5568;5153;112;55970;196883;5534;5173	completed	Reactome_preranked_GSEA_fallback	Opioid Signalling	92	normal_up	P1 cancer-minus-normal moderated t	20357	0	1	reactome.db_1.95.0__fgsea_1.36.2	PPP2R1B;CALM1;GNG2;GNAL;PLA2G4A;GNAI1;GNG11;PPP3CB;PRKAR2B;PDE1A;ADCY5;PRKACG;PDE1B;ADCY6;GNG12;ADCY4;PPP3R1;PDYN
R-HSA-5688426	0.00522589929393349	0.0301239174509847	0.407017918923954	0.304320114496172	1.40184303023294	236	2625;991;580;983;9736;7706;57695;5423;86;890;2648;4086;23326;8349;64426;8295;4194;79913;29844;55611;283899;89122;29761;114803;85236;54891;8334;9738;92815;7874;2099;221937;64127;4798;25862;4193;993;1643;221656;8027;324;51616;84132;8607;6478;23586;7186;1540;2033;9960;93624;9817;8078;8312;8337;8737;3607;80124;8347;9100;672;10868;7415;367;387;9146;7046;6314;5709;9804;79589;10454;171023;64135	completed	Reactome_preranked_GSEA_fallback	Deubiquitination	279	cancer_up	P1 cancer-minus-normal moderated t	20357	0	1	reactome.db_1.95.0__fgsea_1.36.2	GATA3;CDC20;BARD1;CDK1;USP34;TRIM25;USP37;POLB;ACTL6A;CCNA2;KAT2A;SMAD1;USP22;H2BC21;SUDS3;TRRAP;MDM4;ACTR5;TFPT;OTUB1;INO80E;TRIM4;USP25;MYSM1;H2BC12;INO80D;H2AC6;CCP110;H2AC25;USP7;ESR1;FOXK1;NOD2;NFRKB;USP49;MDM2;CDC25A;DDB2;KDM1B;STAM;APC;TAF9B;USP42;RUVBL1;SIAH2;RIGI;TRAF2;CYLD;EP300;USP3;TADA2B;KEAP1;USP5;AXIN1;H2AC18;RIPK1;FOXK2;VCPIP1;H2BC4;USP10;BRCA1;USP20;VCP;AR;RHOA;HGS;TGFBR1;ATXN7;PSMD3;TOMM20;RNF128;TAB1;ASXL1;IFIH1
R-HSA-427413	0.00529772357374523	0.030301205545229	0.407017918923954	0.39174047029777	1.54725269183457	83	1786;7343;5437;9533;79101;1789;3014;8349;64426;8357;9013;85236;3065;8334;25942;11176;23309;29115;25885;8365;6908;2068;8337;8347	completed	Reactome_preranked_GSEA_fallback	NoRC negatively regulates rRNA expression	108	cancer_up	P1 cancer-minus-normal moderated t	20357	0	1	reactome.db_1.95.0__fgsea_1.36.2	DNMT1;UBTF;POLR2H;POLR1C;TAF1D;DNMT3B;H2AX;H2BC21;SUDS3;H3C10;TAF1C;H2BC12;HDAC1;H2AC6;SIN3A;BAZ2A;SIN3B;SAP30BP;POLR1A;H4C8;TBP;ERCC2;H2AC18;H2BC4
R-HSA-71291	0.00565922548348515	0.0322340051496842	0.407017918923954	-0.3116717738772	-1.36588158222002	333	443;23743;1160;1036;384;112817;339983;1373;11185;8659;55217;56922;38;6224;594;857;3176;6470;10157;57494;1892;1738;6230;123688;2752;1629;1491;5700;63826;1735;85007;92259;26275;1152;4329;2184;223;2653;4357;55256;84706;57515;6528;6135;83884;1728;7311;586;5827;445;7263;9060;51065;6534;6176;26227;9045;6303;6124;4953;11112;56267;6207;6161;29958;6166;3242;549;5009;23498;6233;10247	completed	Reactome_preranked_GSEA_fallback	Metabolism of amino acids and derivatives	358	normal_up	P1 cancer-minus-normal moderated t	20357	0	1	reactome.db_1.95.0__fgsea_1.36.2	ASPA;BHMT2;CKMT2;CDO1;ARG2;HOGA1;NAT8L;CPS1;INMT;ALDH4A1;TMLHE;MCCC1;ACAT1;RPS20;BCKDHB;CAV1;HNMT;SHMT1;AASS;RIMKLB;ECHS1;DLD;RPS25;HYKK;GLUL;DBT;CTH;PSMC1;SRR;DIO3;PHYKPL;KGD4;HIBCH;CKB;ALDH6A1;FAH;ALDH9A1;GCSH;MPST;ADI1;GPT2;SERINC1;SLC5A5;RPL11;SLC25A2;NQO1;UBA52;BCAT1;PXMP2;ASS1;TST;PAPSS2;RPS27L;SLC6A7;RPLP1;PHGDH;RPL14;SAT1;RPL4;ODC1;HIBADH;KYAT3;RPS13;RPL32;DMGDH;RPL36AL;HPD;AUH;OTC;HAAO;RPS27A;RIDA
R-HSA-9856530	0.00568601581604804	0.0322522141931024	0.407017918923954	-0.446894650803041	-1.60769406308768	67	7094;801;54331;10203;133;2791;5290;5577;2534;1003;111;5568;112;55970;196883;10266	completed	Reactome_preranked_GSEA_fallback	High laminar flow shear stress activates signaling by PIEZO1 and PECAM1:CDH5:KDR in endothelial cells	71	normal_up	P1 cancer-minus-normal moderated t	20357	0	1	reactome.db_1.95.0__fgsea_1.36.2	TLN1;CALM1;GNG2;CALCRL;ADM;GNG11;PIK3CA;PRKAR2B;FYN;CDH5;ADCY5;PRKACG;ADCY6;GNG12;ADCY4;RAMP2
R-HSA-1221632	0.00571532987225911	0.0322845286585876	0.407017918923954	0.428778033890864	1.60331748905933	60	10388;3014;8349;3306;25913;11083;85236;8334;8243;5885;7329;8365;9985;23353;8337;65057;8347;672;644186;50511;7013	completed	Reactome_preranked_GSEA_fallback	Meiotic synapsis	77	cancer_up	P1 cancer-minus-normal moderated t	20357	0	1	reactome.db_1.95.0__fgsea_1.36.2	SYCP2;H2AX;H2BC21;HSPA2;POT1;DIDO1;H2BC12;H2AC6;SMC1A;RAD21;UBE2I;H4C8;REC8;SUN1;H2AC18;ACD;H2BC4;BRCA1;SYCE3;SYCP3;TERF1
R-HSA-380259	0.00581039300288518	0.0325524886678034	0.407017918923954	0.429953902262913	1.63301385079563	66	8481;983;95681;4751;9814;7840;1453;80321;22897;11116;4957;7277;9738;22981;23354;5518;9662;1778;10142;54820;121441;10733	completed	Reactome_preranked_GSEA_fallback	Loss of Nlp from mitotic centrosomes	69	cancer_up	P1 cancer-minus-normal moderated t	20357	0	1	reactome.db_1.95.0__fgsea_1.36.2	OFD1;CDK1;CEP41;NEK2;SFI1;ALMS1;CSNK1D;CEP70;CEP164;CEP43;ODF2;TUBA4A;CCP110;NINL;HAUS5;PPP2R1A;CEP135;DYNC1H1;AKAP9;NDE1;NEDD1;PLK4
R-HSA-380284	0.00581039300288518	0.0325524886678034	0.407017918923954	0.429953902262913	1.63301385079563	66	8481;983;95681;4751;9814;7840;1453;80321;22897;11116;4957;7277;9738;22981;23354;5518;9662;1778;10142;54820;121441;10733	completed	Reactome_preranked_GSEA_fallback	Loss of proteins required for interphase microtubule organization from the centrosome	69	cancer_up	P1 cancer-minus-normal moderated t	20357	0	1	reactome.db_1.95.0__fgsea_1.36.2	OFD1;CDK1;CEP41;NEK2;SFI1;ALMS1;CSNK1D;CEP70;CEP164;CEP43;ODF2;TUBA4A;CCP110;NINL;HAUS5;PPP2R1A;CEP135;DYNC1H1;AKAP9;NDE1;NEDD1;PLK4
R-HSA-381340	0.00587432770852145	0.0327763509287707	0.407017918923954	-0.420125023501013	-1.56375576048702	83	5105;5468;3952;1879;5346;4023;1050;5465;9314;51129;948;2167;9370;1052;10974;400569;10891	completed	Reactome_preranked_GSEA_fallback	Transcriptional regulation of white adipocyte differentiation	83	normal_up	P1 cancer-minus-normal moderated t	20357	0	1	reactome.db_1.95.0__fgsea_1.36.2	PCK1;PPARG;LEP;EBF1;PLIN1;LPL;CEBPA;PPARA;KLF4;ANGPTL4;CD36;FABP4;ADIPOQ;CEBPD;ADIRF;MED11;PPARGC1A
R-HSA-381038	0.00595705166550986	0.0331028033607804	0.407017918923954	0.481777560379472	1.69817875760321	44	55738;7494;10954;10525;27230;30827;10897;56005;9820;9695;58477;6464;64061;1200;9797;6745;51726;7709;6734;22872	completed	Reactome_preranked_GSEA_fallback	XBP1(S) activates chaperone genes	48	cancer_up	P1 cancer-minus-normal moderated t	20357	0	1	reactome.db_1.95.0__fgsea_1.36.2	ARFGAP1;XBP1;PDIA5;HYOU1;SERP1;CXXC1;YIF1A;MYDGF;CUL7;EDEM1;SRPRB;SHC1;TSPYL2;TPP1;TATDN2;SSR1;DNAJB11;ZBTB17;SRPRA;SEC31A
R-HSA-420029	0.00599232818373152	0.0331640187334453	0.407017918923954	0.52516960587555	1.66982376738994	29	1364;84612;10207;1365;5584;1366;9069;92359;84552	completed	Reactome_preranked_GSEA_fallback	Tight junction interactions	31	cancer_up	P1 cancer-minus-normal moderated t	20357	0	1	reactome.db_1.95.0__fgsea_1.36.2	CLDN4;PARD6B;PATJ;CLDN3;PRKCI;CLDN7;CLDN12;CRB3;PARD6G
R-HSA-109704	0.00606981282361368	0.0333230286340558	0.407017918923954	-0.503807214842902	-1.66700537138067	44	152831;5140;2247;9365;5290;9846;5781;2246;8660;2252;2250;2260;8817;8074	completed	Reactome_preranked_GSEA_fallback	PI3K Cascade	44	normal_up	P1 cancer-minus-normal moderated t	20357	0	1	reactome.db_1.95.0__fgsea_1.36.2	KLB;PDE3B;FGF2;KL;PIK3CA;GAB2;PTPN11;FGF1;IRS2;FGF7;FGF5;FGFR1;FGF18;FGF23
R-HSA-9837999	0.00604652418290754	0.0333230286340558	0.407017918923954	-0.406327238407549	-1.53442036870853	93	384;197257;3033;217;38;3419;5019;5160;1738;1629;1891;7019;539;7385;1431;522;3313;4536;10632;4719;26520;506;6770;5566;4731;4512;8801;1329;4508;27429;5162;4722;5163;4200	completed	Reactome_preranked_GSEA_fallback	Mitochondrial protein degradation	96	normal_up	P1 cancer-minus-normal moderated t	20357	0	1	reactome.db_1.95.0__fgsea_1.36.2	ARG2;LDHD;HADH;ALDH2;ACAT1;IDH3A;OXCT1;PDHA1;DLD;DBT;ECH1;TFAM;ATP5PO;UQCRC2;CS;ATP5PF;HSPA9;MT-ND2;ATP5MG;NDUFS1;TIMM9;ATP5F1B;STAR;PRKACA;NDUFV3;MT-CO1;SUCLG2;COX5B;MT-ATP6;HTRA2;PDHB;NDUFS3;PDK1;ME2
R-HSA-390918	0.00609953163026152	0.03335223895427	0.407017918923954	-0.585729373230284	-1.73571406807037	27	55825;283927;1962;51;26061;23417;51179;5264;224;6342	completed	Reactome_preranked_GSEA_fallback	Peroxisomal lipid metabolism	28	normal_up	P1 cancer-minus-normal moderated t	20357	0	1	reactome.db_1.95.0__fgsea_1.36.2	PECR;NUDT7;EHHADH;ACOX1;HACL1;MLYCD;HAO2;PHYH;ALDH3A2;SCP2
R-HSA-8982491	0.00621415226323482	0.0338436101348287	0.407017918923954	-0.578600561727583	-1.70132565892748	26	801;5837;2632;8908;5836;5236;2998;7311;5260;7316;7957;6233;2997	completed	Reactome_preranked_GSEA_fallback	Glycogen metabolism	28	normal_up	P1 cancer-minus-normal moderated t	20357	0	1	reactome.db_1.95.0__fgsea_1.36.2	CALM1;PYGM;GBE1;GYG2;PYGL;PGM1;GYS2;UBA52;PHKG1;UBC;EPM2A;RPS27A;GYS1
R-HSA-140875	0.00633160187645748	0.0342500527962234	0.407017918923954	-0.616124913174046	-1.72123400077341	21	2159;2162;2157;10544;7056;5627	completed	Reactome_preranked_GSEA_fallback	Common Pathway of Fibrin Clot Formation	22	normal_up	P1 cancer-minus-normal moderated t	20357	0	1	reactome.db_1.95.0__fgsea_1.36.2	F10;F13A1;F8;PROCR;THBD;PROS1
R-HSA-9924644	0.00635276237773752	0.0342500527962234	0.407017918923954	0.503082716662738	1.69450583250299	36	7020;4072;100133941;3880;2625;4582;7022;2064;91074;2099;960	completed	Reactome_preranked_GSEA_fallback	Developmental Lineages of the Mammary Gland	39	cancer_up	P1 cancer-minus-normal moderated t	20357	0	1	reactome.db_1.95.0__fgsea_1.36.2	TFAP2A;EPCAM;CD24;KRT19;GATA3;MUC1;TFAP2C;ERBB2;ANKRD30A;ESR1;CD44
R-HSA-1169408	0.0063639454354358	0.0342500527962234	0.407017918923954	0.417635242745668	1.60057882926118	71	8480;7706;2317;3838;348995;9636;55706;3661;23165;9775;5335;23225;9818;4599;10762;129401;9246;23586;79902;4928;23279;1973;1981;9631;5610;9688	completed	Reactome_preranked_GSEA_fallback	ISG15 antiviral mechanism	73	cancer_up	P1 cancer-minus-normal moderated t	20357	0	1	reactome.db_1.95.0__fgsea_1.36.2	RAE1;TRIM25;FLNB;KPNA2;NUP43;ISG15;NDC1;IRF3;NUP205;EIF4A3;PLCG1;NUP210;NUP58;MX1;NUP50;NUP35;UBE2L6;RIGI;NUP85;NUP98;NUP160;EIF4A1;EIF4G1;NUP155;EIF2AK2;NUP93
R-HSA-9660821	0.00642126688771085	0.0344230268058852	0.407017918923954	-0.501873639518766	-1.61972138608995	40	54331;2770;2791;5577;3569;111;5568;112;55970;196883	completed	Reactome_preranked_GSEA_fallback	ADORA2B mediated anti-inflammatory cytokines production	43	normal_up	P1 cancer-minus-normal moderated t	20357	0	1	reactome.db_1.95.0__fgsea_1.36.2	GNG2;GNAI1;GNG11;PRKAR2B;IL6;ADCY5;PRKACG;ADCY6;GNG12;ADCY4
R-HSA-8939243	0.0066230882520114	0.0350920993817813	0.407017918923954	0.500502584084378	1.68581531391061	36	8535;6599;26053;86;55193;196528;84733;6603;8289;648;23466;2033;6045;1912	completed	Reactome_preranked_GSEA_fallback	RUNX1 interacts with co-factors whose precise effect on RUNX1 targets is not known	38	cancer_up	P1 cancer-minus-normal moderated t	20357	0	1	reactome.db_1.95.0__fgsea_1.36.2	CBX4;SMARCC1;AUTS2;ACTL6A;PBRM1;ARID2;CBX2;SMARCD2;ARID1A;BMI1;CBX6;EP300;RNF2;PHC2
R-HSA-170822	0.00660701279508904	0.0350920993817813	0.407017918923954	0.515708879199173	1.66979383894886	31	8480;348995;55706;23165;23225;9818;10762;129401;79902;4928;23279;9631;9688	completed	Reactome_preranked_GSEA_fallback	Regulation of Glucokinase by Glucokinase Regulatory Protein	31	cancer_up	P1 cancer-minus-normal moderated t	20357	0	1	reactome.db_1.95.0__fgsea_1.36.2	RAE1;NUP43;NDC1;NUP205;NUP210;NUP58;NUP50;NUP35;NUP85;NUP98;NUP160;NUP155;NUP93
R-HSA-5619107	0.00660701279508904	0.0350920993817813	0.407017918923954	0.515708879199173	1.66979383894886	31	8480;348995;55706;23165;23225;9818;10762;129401;79902;4928;23279;9631;9688	completed	Reactome_preranked_GSEA_fallback	Defective TPR may confer susceptibility towards thyroid papillary carcinoma (TPC)	31	cancer_up	P1 cancer-minus-normal moderated t	20357	0	1	reactome.db_1.95.0__fgsea_1.36.2	RAE1;NUP43;NDC1;NUP205;NUP210;NUP58;NUP50;NUP35;NUP85;NUP98;NUP160;NUP155;NUP93
R-HSA-69273	0.00680330559748066	0.0359077944083246	0.407017918923954	0.52812082565556	1.69631129110173	30	891;983;9133;7465;890;51400;51451;994;55355;5518;993;1017;7514;79866	completed	Reactome_preranked_GSEA_fallback	Cyclin A/B1/B2 associated events during G2/M transition	32	cancer_up	P1 cancer-minus-normal moderated t	20357	0	1	reactome.db_1.95.0__fgsea_1.36.2	CCNB1;CDK1;CCNB2;WEE1;CCNA2;PPME1;LCMT1;CDC25B;HJURP;PPP2R1A;CDC25A;CDK2;XPO1;BORA
R-HSA-418457	0.00700821998530782	0.0368470643073684	0.407017918923954	-0.669770568863175	-1.73856650406593	16	50940;5138;5136;5153	completed	Reactome_preranked_GSEA_fallback	cGMP effects	16	normal_up	P1 cancer-minus-normal moderated t	20357	0	1	reactome.db_1.95.0__fgsea_1.36.2	PDE11A;PDE2A;PDE1A;PDE1B
R-HSA-9833482	0.00723199663476032	0.0378779287345492	0.407017918923954	0.428295301045249	1.62800635208629	64	103;8575;2188;983;7706;55120;3609;9636;3551;80233;201254;3306;2189;8877;1660;7277;6895;5518;378708;7329	completed	Reactome_preranked_GSEA_fallback	PKR-mediated signaling	79	cancer_up	P1 cancer-minus-normal moderated t	20357	0	1	reactome.db_1.95.0__fgsea_1.36.2	ADAR;PRKRA;FANCF;CDK1;TRIM25;FANCL;ILF3;ISG15;IKBKB;FAAP100;CENPX;HSPA2;FANCG;SPHK1;DHX9;TUBA4A;TARBP2;PPP2R1A;CENPS;UBE2I
R-HSA-70268	0.00740631012931655	0.0386428471250982	0.407017918923954	-0.496229235775113	-1.65098679118611	46	4199;5091;57546;51660;5166;5164;79018;5160;1737;1738;5161;7311;10873;7416;7316;23409	completed	Reactome_preranked_GSEA_fallback	Pyruvate metabolism	49	normal_up	P1 cancer-minus-normal moderated t	20357	0	1	reactome.db_1.95.0__fgsea_1.36.2	ME1;PC;PDP2;MPC1;PDK4;PDK2;GID4;PDHA1;DLAT;DLD;PDHA2;UBA52;ME3;VDAC1;UBC;SIRT4
R-HSA-2033519	0.00769353126428191	0.039988810791914	0.407017918923954	-0.640632188502938	-1.69943101459811	17	2247;2246;2252;2250;8817;8074	completed	Reactome_preranked_GSEA_fallback	Activated point mutants of FGFR2	17	normal_up	P1 cancer-minus-normal moderated t	20357	0	1	reactome.db_1.95.0__fgsea_1.36.2	FGF2;FGF1;FGF7;FGF5;FGF18;FGF23
R-HSA-416476	0.00778599036274272	0.0403160940373837	0.407017918923954	-0.335223343841643	-1.39148921282148	197	4828;26575;54331;338557;57406;552;2791;5290;11343;301;5998;1910;148;5737;1902;10316;1956;2869;3357;60675;5997;353299;3062;10161;7222;6375;2864;4922;6654;55970;1839;3269;128674;9002;6865;747;6004;624;84109;147;185;7201;9162;10235;6197;2641;1906;257313;8525;3356;5731;5295;2642;2520;84432;6866	completed	Reactome_preranked_GSEA_fallback	G alpha (q) signalling events	216	normal_up	P1 cancer-minus-normal moderated t	20357	0	1	reactome.db_1.95.0__fgsea_1.36.2	NMB;RGS17;GNG2;FFAR4;ABHD6;AVPR1A;GNG11;PIK3CA;MGLL;ANXA1;RGS3;EDNRB;ADRA1A;PTGFR;LPAR1;NMUR1;EGFR;GRK5;HTR2B;PROK2;RGS2;RGSL1;HCRTR2;LPAR6;TRPC3;XCL1;FFAR1;NTS;SOS1;GNG12;HBEGF;HRH1;PROKR2;F2RL3;TACR2;DAGLA;RGS16;BDKRB2;QRFPR;ADRA1B;AGTR1;TRHR;DGKI;RASGRP2;RPS6KA3;GCG;EDN1;UTS2B;DGKZ;HTR2A;PTGER1;PIK3R1;GCGR;GAST;PROK1;TAC3
R-HSA-5654695	0.00800736301826215	0.0413059065885448	0.380730400722792	-0.583717374978675	-1.65670263944123	23	2247;5290;5781;2246;2252;2250;8817;8074	completed	Reactome_preranked_GSEA_fallback	PI-3K cascade:FGFR2	23	normal_up	P1 cancer-minus-normal moderated t	20357	0	1	reactome.db_1.95.0__fgsea_1.36.2	FGF2;PIK3CA;PTPN11;FGF1;FGF7;FGF5;FGF18;FGF23
R-HSA-9768727	0.00806482870887342	0.0414459430264285	0.380730400722792	0.523427529515965	1.68123653766023	30	3728;9743;23193;90701;7841;6185;1650;5046;5589;6184;3703;60559;10585;23396;1499;288	completed	Reactome_preranked_GSEA_fallback	Regulation of CDH1 posttranslational processing and trafficking to plasma membrane	31	cancer_up	P1 cancer-minus-normal moderated t	20357	0	1	reactome.db_1.95.0__fgsea_1.36.2	JUP;ARHGAP32;GANAB;SEC11C;MOGS;RPN2;DDOST;PCSK6;PRKCSH;RPN1;STT3A;SPCS3;POMT1;PIP5K1C;CTNNB1;ANK3
R-HSA-69205	0.00812412891996808	0.041594322972271	0.380730400722792	0.553148774483232	1.73409859953522	28	5928;6241;983;7298;7083;5111;3065;1869;1874;26271	completed	Reactome_preranked_GSEA_fallback	G1/S-Specific Transcription	28	cancer_up	P1 cancer-minus-normal moderated t	20357	0	1	reactome.db_1.95.0__fgsea_1.36.2	RBBP4;RRM2;CDK1;TYMS;TK1;PCNA;HDAC1;E2F1;E2F4;FBXO5
R-HSA-112399	0.00841616834426014	0.0427691528870023	0.380730400722792	-0.475688542374719	-1.60130663152177	48	152831;5140;2247;9365;5290;9846;5781;2246;8660;2252;2250;6654;2260;8817;8074	completed	Reactome_preranked_GSEA_fallback	IRS-mediated signalling	48	normal_up	P1 cancer-minus-normal moderated t	20357	0	1	reactome.db_1.95.0__fgsea_1.36.2	KLB;PDE3B;FGF2;KL;PIK3CA;GAB2;PTPN11;FGF1;IRS2;FGF7;FGF5;SOS1;FGFR1;FGF18;FGF23
R-HSA-2404192	0.00840209448415268	0.0427691528870023	0.380730400722792	-0.459438081545385	-1.58792273876684	53	152831;5140;2247;9365;5290;3479;9846;5781;2246;8660;2252;2250;6654;2260;8817;8074;8471	completed	Reactome_preranked_GSEA_fallback	Signaling by Type 1 Insulin-like Growth Factor 1 Receptor (IGF1R)	54	normal_up	P1 cancer-minus-normal moderated t	20357	0	1	reactome.db_1.95.0__fgsea_1.36.2	KLB;PDE3B;FGF2;KL;PIK3CA;IGF1;GAB2;PTPN11;FGF1;IRS2;FGF7;FGF5;SOS1;FGFR1;FGF18;FGF23;IRS4
R-HSA-8936459	0.00911706108818272	0.0461593426205399	0.380730400722792	0.400360615776959	1.54001425611915	70	23067;8085;4343;9757;3014;8349;8357;85236;3065;8334;25942;11091;5929;23309;58508;8365;57690;2623;2033;8337;8347	completed	Reactome_preranked_GSEA_fallback	RUNX1 regulates genes involved in megakaryocyte differentiation and platelet function	94	cancer_up	P1 cancer-minus-normal moderated t	20357	0	1	reactome.db_1.95.0__fgsea_1.36.2	SETD1B;KMT2D;MOV10;KMT2B;H2AX;H2BC21;H3C10;H2BC12;HDAC1;H2AC6;SIN3A;WDR5;RBBP5;SIN3B;KMT2C;H4C8;TNRC6C;GATA1;EP300;H2AC18;H2BC4
R-HSA-2682334	0.00920846224891227	0.046450066030491	0.380730400722792	0.374910652438327	1.49204103925838	88	3985;10451;1942;2050;1945;7410;1072;4627;2049;7074;163;55851;23385;284656;25791;5747;102;1944;4318;5058;5664;51107;28964;8976;1213;387;3265	completed	Reactome_preranked_GSEA_fallback	EPH-Ephrin signaling	90	cancer_up	P1 cancer-minus-normal moderated t	20357	0	1	reactome.db_1.95.0__fgsea_1.36.2	LIMK2;VAV3;EFNA1;EPHB4;EFNA4;VAV2;CFL1;MYH9;EPHB3;TIAM1;AP2B1;PSENEN;NCSTN;EPHA10;NGEF;PTK2;ADAM10;EFNA3;MMP9;PAK1;PSEN2;APH1A;GIT1;WASL;CLTC;RHOA;HRAS
R-HSA-174437	0.0093045870997427	0.0467623917843687	0.380730400722792	0.605839616845084	1.68785872366604	17	5424;5111;25913;1763;2237;65057;7486;7013	completed	Reactome_preranked_GSEA_fallback	Removal of the Flap Intermediate from the C-strand	17	cancer_up	P1 cancer-minus-normal moderated t	20357	0	1	reactome.db_1.95.0__fgsea_1.36.2	POLD1;PCNA;POT1;DNA2;FEN1;ACD;WRN;TERF1
R-HSA-6790901	0.00976982709430805	0.0487421665617485	0.380730400722792	0.421262281036531	1.56935459767297	59	1736;55226;9277;4839;51602;54433;57647;25926;10528;11056;51077;54555;27340;8602;55651;10607;2091;51096;51504;55272;55623	completed	Reactome_preranked_GSEA_fallback	rRNA modification in the nucleus and cytosol	63	cancer_up	P1 cancer-minus-normal moderated t	20357	0	1	reactome.db_1.95.0__fgsea_1.36.2	DKC1;NAT10;WDR46;NOP2;NOP58;GAR1;DHX37;NOL11;NOP56;DDX52;FCF1;DDX49;UTP20;NOP14;NHP2;TBL3;FBL;UTP18;TRMT112;IMP3;THUMPD1
R-HSA-2132295	0.00975432009006551	0.0487421665617485	0.380730400722792	0.35621761737103	1.47328344290351	111	10053;11127;375;3835;29127;6712;10112;8905;9871;11004;1174;3832;24137;84516;9493;832;163;7277;9632;140735;1512;9371;1509;164;1778;10437;147700;3126	completed	Reactome_preranked_GSEA_fallback	MHC class II antigen presentation	126	cancer_up	P1 cancer-minus-normal moderated t	20357	0	1	reactome.db_1.95.0__fgsea_1.36.2	AP1M2;KIF3A;ARF1;KIF22;RACGAP1;SPTBN2;KIF20A;AP1S2;SEC24D;KIF2C;AP1S1;KIF11;KIF4A;DCTN5;KIF23;CAPZB;AP2B1;TUBA4A;SEC24C;DYNLL2;CTSH;KIF3B;CTSD;AP1G1;DYNC1H1;IFI30;KLC3;HLA-DRB4
R-HSA-2428928	0.0101447219843834	0.0502635423669934	0.380730400722792	-0.472991399560359	-1.61059875013636	51	152831;5140;2247;9365;5290;3479;9846;5781;2246;8660;2252;2250;6654;2260;8817;8074;8471	completed	Reactome_preranked_GSEA_fallback	IRS-related events triggered by IGF1R	52	normal_up	P1 cancer-minus-normal moderated t	20357	0	1	reactome.db_1.95.0__fgsea_1.36.2	KLB;PDE3B;FGF2;KL;PIK3CA;IGF1;GAB2;PTPN11;FGF1;IRS2;FGF7;FGF5;SOS1;FGFR1;FGF18;FGF23;IRS4
R-HSA-3214815	0.0101850777144529	0.0502635423669934	0.380730400722792	0.404661185744306	1.55021477384946	68	5928;1108;1107;9112;25855;8349;64426;8357;85236;3065;8334;92815;54815;23186;8365;5931;8337;8347	completed	Reactome_preranked_GSEA_fallback	HDACs deacetylate histones	94	cancer_up	P1 cancer-minus-normal moderated t	20357	0	1	reactome.db_1.95.0__fgsea_1.36.2	RBBP4;CHD4;CHD3;MTA1;BRMS1;H2BC21;SUDS3;H3C10;H2BC12;HDAC1;H2AC6;H2AC25;GATAD2A;RCOR1;H4C8;RBBP7;H2AC18;H2BC4
R-HSA-453279	0.0101566040951256	0.0502635423669934	0.380730400722792	0.331005677861875	1.41152228643314	137	5928;6241;9134;891;4171;983;7153;7298;7083;7465;4999;890;5753;5427;5111;1871;5426;8317;10926;3065;4176;5518;4605;595;993;1017;5001;1869;55388;4173;1874	completed	Reactome_preranked_GSEA_fallback	Mitotic G1 phase and G1/S transition	139	cancer_up	P1 cancer-minus-normal moderated t	20357	0	1	reactome.db_1.95.0__fgsea_1.36.2	RBBP4;RRM2;CCNE2;CCNB1;MCM2;CDK1;TOP2A;TYMS;TK1;WEE1;ORC2;CCNA2;PTK6;POLE2;PCNA;E2F3;POLE;CDC7;DBF4;HDAC1;MCM7;PPP2R1A;MYBL2;CCND1;CDC25A;CDK2;ORC5;E2F1;MCM10;MCM4;E2F4
R-HSA-114604	0.0102327719384084	0.0503172634525335	0.380730400722792	0.482491337800473	1.61202168948367	35	5590;10451;5296;7410;8503;5170;1278	completed	Reactome_preranked_GSEA_fallback	GPVI-mediated activation cascade	35	cancer_up	P1 cancer-minus-normal moderated t	20357	0	1	reactome.db_1.95.0__fgsea_1.36.2	PRKCZ;VAV3;PIK3R2;VAV2;PIK3R3;PDPK1;COL1A2
R-HSA-5693606	0.0104588217796055	0.0512444780384254	0.380730400722792	0.396918623147933	1.50911041900927	65	580;23030;3838;51588;3014;8349;9656;85236;9682;7329;7158;8365;11200;2140;8924;8347;672;7468;4361;5599;9025	completed	Reactome_preranked_GSEA_fallback	DNA Double Strand Break Response	78	cancer_up	P1 cancer-minus-normal moderated t	20357	0	1	reactome.db_1.95.0__fgsea_1.36.2	BARD1;KDM4B;KPNA2;PIAS4;H2AX;H2BC21;MDC1;H2BC12;KDM4A;UBE2I;TP53BP1;H4C8;CHEK2;EYA3;HERC2;H2BC4;BRCA1;NSD2;MRE11;MAPK8;RNF8
R-HSA-2428924	0.0105357610614607	0.0514116437758368	0.380730400722792	-0.463722098458294	-1.59011773002089	52	152831;5140;2247;9365;5290;3479;9846;5781;2246;8660;2252;2250;6654;2260;8817;8074;8471	completed	Reactome_preranked_GSEA_fallback	IGF1R signaling cascade	53	normal_up	P1 cancer-minus-normal moderated t	20357	0	1	reactome.db_1.95.0__fgsea_1.36.2	KLB;PDE3B;FGF2;KL;PIK3CA;IGF1;GAB2;PTPN11;FGF1;IRS2;FGF7;FGF5;SOS1;FGFR1;FGF18;FGF23;IRS4
R-HSA-5620924	0.0105681579378275	0.0514116437758368	0.380730400722792	0.436394675113377	1.55287291879198	48	89891;11127;3842;255758;7277;28981;140735;6991;9371;57560;83657;26160;150737;79989;26146;55112;8100;64792;92104;51668;57539	completed	Reactome_preranked_GSEA_fallback	Intraflagellar transport	54	cancer_up	P1 cancer-minus-normal moderated t	20357	0	1	reactome.db_1.95.0__fgsea_1.36.2	DYNC2I2;KIF3A;TNPO1;DYNLT2B;TUBA4A;IFT81;DYNLL2;DYNLT2;KIF3B;IFT80;DYNLRB2;IFT172;IFT70B;IFT56;TRAF3IP1;DYNC2I1;IFT88;IFT22;IFT70A;IFT25;WDR35
R-HSA-162599	0.0107884842908339	0.052297368885	0.380730400722792	0.340955026912406	1.45221566914464	128	8480;92421;5437;6874;5905;79720;348995;55706;23165;5478;904;7469;6873;1104;905;6749;5430;6882;23225;25920;51160;1025;9818;155382;51616;10762;7514;5433;129401;6908;6829;79902;4928;2068;2960;6878;128866;23279	completed	Reactome_preranked_GSEA_fallback	Late Phase of HIV Life Cycle	143	cancer_up	P1 cancer-minus-normal moderated t	20357	0	1	reactome.db_1.95.0__fgsea_1.36.2	RAE1;CHMP4C;POLR2H;TAF4;RANGAP1;VPS37B;NUP43;NDC1;NUP205;PPIA;CCNT1;NELFA;TAF2;RCC1;CCNT2;SSRP1;POLR2A;TAF11;NUP210;NELFB;VPS28;CDK9;NUP58;VPS37D;TAF9B;NUP50;XPO1;POLR2D;NUP35;TBP;SUPT5H;NUP85;NUP98;ERCC2;GTF2E1;TAF6;CHMP4B;NUP160
R-HSA-9694631	0.0112758316566341	0.0544666497336353	0.380730400722792	0.627698729810177	1.68525928822157	15	6732;83666;54625;1452;2932;7329;6733;56965	completed	Reactome_preranked_GSEA_fallback	Maturation of nucleoprotein	16	cancer_up	P1 cancer-minus-normal moderated t	20357	0	1	reactome.db_1.95.0__fgsea_1.36.2	SRPK1;PARP9;PARP14;CSNK1A1;GSK3B;UBE2I;SRPK2;PARP6
R-HSA-6784531	0.0113876693227238	0.0548131829724066	0.380730400722792	0.414673413015515	1.52865475960949	56	8480;29894;348995;55706;79042;283989;23165;23225;9818;10762;129401;1478;79902;4928;10557;10799;23279;80746;10248;10940;9631;9688	completed	Reactome_preranked_GSEA_fallback	tRNA processing in the nucleus	57	cancer_up	P1 cancer-minus-normal moderated t	20357	0	1	reactome.db_1.95.0__fgsea_1.36.2	RAE1;CPSF1;NUP43;NDC1;TSEN34;TSEN54;NUP205;NUP210;NUP58;NUP50;NUP35;CSTF2;NUP85;NUP98;RPP38;RPP40;NUP160;TSEN2;POP7;POP1;NUP155;NUP93
R-HSA-5250941	0.0115678485535679	0.0554850841148327	0.380730400722792	0.379131908042923	1.50152818634319	86	1786;7343;5437;9533;79101;1789;3014;8349;64426;8357;9013;85236;3065;8334;25942;11176;23309;29115;25885;8365;6908;2068;8337;8347	completed	Reactome_preranked_GSEA_fallback	Negative epigenetic regulation of rRNA expression	111	cancer_up	P1 cancer-minus-normal moderated t	20357	0	1	reactome.db_1.95.0__fgsea_1.36.2	DNMT1;UBTF;POLR2H;POLR1C;TAF1D;DNMT3B;H2AX;H2BC21;SUDS3;H3C10;TAF1C;H2BC12;HDAC1;H2AC6;SIN3A;BAZ2A;SIN3B;SAP30BP;POLR1A;H4C8;TBP;ERCC2;H2AC18;H2BC4
R-HSA-74751	0.0116384058443415	0.0556283244378139	0.380730400722792	-0.44795376910038	-1.54823033710699	53	152831;5140;2247;9365;5290;9846;5781;2246;8660;2252;2250;6654;2260;8817;8074	completed	Reactome_preranked_GSEA_fallback	Insulin receptor signalling cascade	54	normal_up	P1 cancer-minus-normal moderated t	20357	0	1	reactome.db_1.95.0__fgsea_1.36.2	KLB;PDE3B;FGF2;KL;PIK3CA;GAB2;PTPN11;FGF1;IRS2;FGF7;FGF5;SOS1;FGFR1;FGF18;FGF23
R-HSA-6799198	0.0118675080227209	0.0565257263660609	0.380730400722792	-0.438892346384453	-1.55286586514655	62	80224;4724;4700;91942;29078;4711;79133;25915;51103;4729;3313;28976;84233;4536;55967;4719;4709;4731;90871;4538;5018;4696;4725;4702;4722;4694;4714	completed	Reactome_preranked_GSEA_fallback	Complex I biogenesis	67	normal_up	P1 cancer-minus-normal moderated t	20357	0	1	reactome.db_1.95.0__fgsea_1.36.2	NUBPL;NDUFS4;NDUFA6;NDUFAF2;NDUFAF4;NDUFB5;NDUFAF5;NDUFAF3;NDUFAF1;NDUFV2;HSPA9;ACAD9;TMEM126A;MT-ND2;NDUFA12;NDUFS1;NDUFB3;NDUFV3;DMAC1;MT-ND4;OXA1L;NDUFA3;NDUFS5;NDUFA8;NDUFS3;NDUFA1;NDUFB8
R-HSA-9917777	0.0121878416374218	0.0578499288831793	0.380730400722792	-0.364163140452748	-1.45798195242239	142	5468;3991;63924;729359;10555;5346;84649;57678;7069;4023;1050;2180;51129;5166;11343;948;123;2167;9370;8850;10891;79611;57104	completed	Reactome_preranked_GSEA_fallback	Epigenetic regulation by WDR5-containing histone modifying complexes	164	normal_up	P1 cancer-minus-normal moderated t	20357	0	1	reactome.db_1.95.0__fgsea_1.36.2	PPARG;LIPE;CIDEC;PLIN4;AGPAT2;PLIN1;DGAT2;GPAM;THRSP;LPL;CEBPA;ACSL1;ANGPTL4;PDK4;MGLL;CD36;PLIN2;FABP4;ADIPOQ;KAT2B;PPARGC1A;ACSS3;PNPLA2
R-HSA-75035	0.0123797420400049	0.0585574649435526	0.380730400722792	0.6219790890489	1.66990307152006	15	2810;891;983;7465;890	completed	Reactome_preranked_GSEA_fallback	Chk1/Chk2(Cds1) mediated inactivation of Cyclin B:Cdk1 complex	15	cancer_up	P1 cancer-minus-normal moderated t	20357	0	1	reactome.db_1.95.0__fgsea_1.36.2	SFN;CCNB1;CDK1;WEE1;CCNA2
R-HSA-6803529	0.0124658373126472	0.0587613779530644	0.380730400722792	0.53162010492538	1.63849400753614	25	54845;80004;5437;3178;7072;5430;4670;5433	completed	Reactome_preranked_GSEA_fallback	FGFR2 alternative splicing	26	cancer_up	P1 cancer-minus-normal moderated t	20357	0	1	reactome.db_1.95.0__fgsea_1.36.2	ESRP1;ESRP2;POLR2H;HNRNPA1;TIA1;POLR2A;HNRNPM;POLR2D
R-HSA-1369062	0.0125698595597366	0.0590481031551887	0.380730400722792	-0.654534935529593	-1.65380946219752	15	23460;225;10350;5824;23461	completed	Reactome_preranked_GSEA_fallback	ABC transporters in lipid homeostasis	18	normal_up	P1 cancer-minus-normal moderated t	20357	0	1	reactome.db_1.95.0__fgsea_1.36.2	ABCA6;ABCD2;ABCA9;PEX19;ABCA5
R-HSA-168325	0.0126757427644652	0.0593415765719998	0.380730400722792	0.446861450306476	1.56876194131131	42	8480;5437;348995;55706;23165;5430;23225;9818;10762;5433;129401;79902;4928;23279;9631;9688	completed	Reactome_preranked_GSEA_fallback	Viral Messenger RNA Synthesis	47	cancer_up	P1 cancer-minus-normal moderated t	20357	0	1	reactome.db_1.95.0__fgsea_1.36.2	RAE1;POLR2H;NUP43;NDC1;NUP205;POLR2A;NUP210;NUP58;NUP50;POLR2D;NUP35;NUP85;NUP98;NUP160;NUP155;NUP93
R-HSA-9918432	0.0127736357648113	0.0595957682269524	0.380730400722792	0.433319608728334	1.54193055953523	48	3838;10525;54431;2923;8818;90701;5034;6185;8974;1650;3309;5033;7329;283208;6184;7514;3703;60559;201595;811;51726;7991	completed	Reactome_preranked_GSEA_fallback	Maturation of DENV proteins	51	cancer_up	P1 cancer-minus-normal moderated t	20357	0	1	reactome.db_1.95.0__fgsea_1.36.2	KPNA2;HYOU1;DNAJC10;PDIA3;DPM2;SEC11C;P4HB;RPN2;P4HA2;DDOST;HSPA5;P4HA1;UBE2I;P4HA3;RPN1;XPO1;STT3A;SPCS3;STT3B;CALR;DNAJB11;TUSC3
R-HSA-9609507	0.0129277460080853	0.0601096217450768	0.380730400722792	-0.341160581794747	-1.38674408751542	156	55825;225;283927;197257;847;1962;400916;100272147;1528;5824;51;54927;26061;1891;23417;51179;1431;5264;8540;224;7311;56993;5827;6342;7416;7316;84269;3417;3313;10531;26520;506;25813;570;9512;5009;6233;29090;373156;100287932;56942;5621;51608;5830;4843;26521;30;4714;3295;2053;131474;122970;8309;51024;401505;3162;8528;10455;8239;3155	completed	Reactome_preranked_GSEA_fallback	Protein localization	162	normal_up	P1 cancer-minus-normal moderated t	20357	0	1	reactome.db_1.95.0__fgsea_1.36.2	PECR;ABCD2;NUDT7;LDHD;CAT;EHHADH;CHCHD10;CMC4;CYB5A;PEX19;ACOX1;CHCHD3;HACL1;ECH1;MLYCD;HAO2;CS;PHYH;AGPS;ALDH3A2;UBA52;TOMM22;PXMP2;SCP2;VDAC1;UBC;CHCHD5;IDH1;HSPA9;PITRM1;TIMM9;ATP5F1B;SAMM50;BAAT;PMPCB;OTC;RPS27A;TIMM21;GSTK1;TIMM23;CMC2;PRNP;GET4;PEX5;NOS2;TIMM8B;ACAA1;NDUFB8;HSD17B4;EPHX2;CHCHD4;ACOT4;ACOX2;FIS1;TOMM5;HMOX1;DDO;ECI2;USP9X;HMGCL
R-HSA-1592230	0.013096641084843	0.0606885029253573	0.380730400722792	-0.399506610915643	-1.50347876109951	91	515;801;55902;5465;6648;84833;54927;10891;7019;539;514;522;27109;8834;139322;84808;23409;3313;518;10632;506;25813;9556;4208;79135;8648;2551;4508;5442;80205;1386	completed	Reactome_preranked_GSEA_fallback	Mitochondrial biogenesis	96	normal_up	P1 cancer-minus-normal moderated t	20357	0	1	reactome.db_1.95.0__fgsea_1.36.2	ATP5PB;CALM1;ACSS2;PPARA;SOD2;ATP5MK;CHCHD3;PPARGC1A;TFAM;ATP5PO;ATP5F1E;ATP5PF;DMAC2L;TMEM11;APOOL;PERM1;SIRT4;HSPA9;ATP5MC3;ATP5MG;ATP5F1B;SAMM50;ATP5MJ;MEF2C;APOO;NCOA1;GABPA;MT-ATP6;POLRMT;CHD9;ATF2
R-HSA-5693571	0.0131737439156715	0.0608395538267667	0.380730400722792	0.416858506134374	1.52730282894706	55	580;51588;22976;3014;8349;9656;85236;5591;7158;8365;55775;8924;8347;7520;672;7468;4361;9025	completed	Reactome_preranked_GSEA_fallback	Nonhomologous End-Joining (NHEJ)	68	cancer_up	P1 cancer-minus-normal moderated t	20357	0	1	reactome.db_1.95.0__fgsea_1.36.2	BARD1;PIAS4;PAXIP1;H2AX;H2BC21;MDC1;H2BC12;PRKDC;TP53BP1;H4C8;TDP1;HERC2;H2BC4;XRCC5;BRCA1;NSD2;MRE11;RNF8
R-HSA-110314	0.0134926952636196	0.0621027421729564	0.380730400722792	0.510273689083139	1.63898672102053	30	51514;5424;56852;5983;5427;5111;5984;5426	completed	Reactome_preranked_GSEA_fallback	Recognition of DNA damage by PCNA-containing replication complex	30	cancer_up	P1 cancer-minus-normal moderated t	20357	0	1	reactome.db_1.95.0__fgsea_1.36.2	DTL;POLD1;RAD18;RFC3;POLE2;PCNA;RFC4;POLE
R-HSA-73929	0.014129945335955	0.0648175680343975	0.380730400722792	0.438838224115028	1.55055737611493	45	6996;3014;8349;25913;8930;85236;8334;4913;8365;4350;7374;8337;65057;8347	completed	Reactome_preranked_GSEA_fallback	Base-Excision Repair, AP Site Formation	62	cancer_up	P1 cancer-minus-normal moderated t	20357	0	1	reactome.db_1.95.0__fgsea_1.36.2	TDG;H2AX;H2BC21;POT1;MBD4;H2BC12;H2AC6;NTHL1;H4C8;MPG;UNG;H2AC18;ACD;H2BC4
R-HSA-983231	0.0141943326873679	0.0648951598114778	0.380730400722792	0.316486589355214	1.36511272664412	143	2625;4602;11127;3835;29127;146909;10112;11216;55083;7465;11004;3832;81928;23468;3833;25970;90990;24137;8357;9493;832;7277;3065;2624;80005;25942;55605;10603;23186;9371;1017;23303;55604;64780;124602;2623;147700;7975;56992;3659;1020;5575;23348	completed	Reactome_preranked_GSEA_fallback	Factors involved in megakaryocyte development and platelet production	170	cancer_up	P1 cancer-minus-normal moderated t	20357	0	1	reactome.db_1.95.0__fgsea_1.36.2	GATA3;MYB;KIF3A;KIF22;RACGAP1;KIF18B;KIF20A;AKAP10;KIF26B;WEE1;KIF2C;KIF11;CABLES2;CBX5;KIFC1;SH2B1;KIFC2;KIF4A;H3C10;KIF23;CAPZB;TUBA4A;HDAC1;GATA2;DOCK5;SIN3A;KIF21A;SH2B2;RCOR1;KIF3B;CDK2;KIF13B;CARMIL1;MICAL1;KIF19;GATA1;KLC3;MAFK;KIF15;IRF1;CDK5;PRKAR1B;DOCK9
R-HSA-9013418	0.0144441517777649	0.0655985231900486	0.380730400722792	0.550417230640399	1.61111811512218	21	4646;124540;3326;55023;27316;29766;908;10574;6434;10576;10250;5756;3320;87;1627	completed	Reactome_preranked_GSEA_fallback	RHOBTB2 GTPase cycle	23	cancer_up	P1 cancer-minus-normal moderated t	20357	0	1	reactome.db_1.95.0__fgsea_1.36.2	MYO6;MSI2;HSP90AB1;PHIP;RBMX;TMOD3;CCT6A;CCT7;TRA2B;CCT2;SRRM1;TWF1;HSP90AA1;ACTN1;DBN1
R-HSA-5654727	0.0144247012168512	0.0655985231900486	0.380730400722792	-0.509788842787604	-1.57240694185152	33	2247;5781;2246;2252;10253;7311;2250;7316;8817;8074	completed	Reactome_preranked_GSEA_fallback	Negative regulation of FGFR2 signaling	34	normal_up	P1 cancer-minus-normal moderated t	20357	0	1	reactome.db_1.95.0__fgsea_1.36.2	FGF2;PTPN11;FGF1;FGF7;SPRY2;UBA52;FGF5;UBC;FGF18;FGF23
R-HSA-5654219	0.0149061536662435	0.0671557095393184	0.380730400722792	-0.64332558598781	-1.6699215627008	16	2247;9365;2246;2250;2260;8074	completed	Reactome_preranked_GSEA_fallback	Phospholipase C-mediated cascade: FGFR1	16	normal_up	P1 cancer-minus-normal moderated t	20357	0	1	reactome.db_1.95.0__fgsea_1.36.2	FGF2;KL;FGF1;FGF5;FGFR1;FGF23
R-HSA-432142	0.0149344079736304	0.0671557095393184	0.380730400722792	-0.619054209708976	-1.64219023423631	17	338;5519;5321;5781;5525	completed	Reactome_preranked_GSEA_fallback	Platelet sensitization by LDL	17	normal_up	P1 cancer-minus-normal moderated t	20357	0	1	reactome.db_1.95.0__fgsea_1.36.2	APOB;PPP2R1B;PLA2G4A;PTPN11;PPP2R5A
R-HSA-5654736	0.0148857670731406	0.0671557095393184	0.380730400722792	-0.463131187568555	-1.57702341425322	51	2247;9365;5290;53834;5781;2246;10253;23768;7311;2250;6654;7049;2260;7316;8817;8074	completed	Reactome_preranked_GSEA_fallback	Signaling by FGFR1	52	normal_up	P1 cancer-minus-normal moderated t	20357	0	1	reactome.db_1.95.0__fgsea_1.36.2	FGF2;KL;PIK3CA;FGFRL1;PTPN11;FGF1;SPRY2;FLRT2;UBA52;FGF5;SOS1;TGFBR3;FGFR1;UBC;FGF18;FGF23
R-HSA-380320	0.0156236316654607	0.0697957662963557	0.380730400722792	0.373576996194846	1.46584974990783	82	8481;983;95681;4751;9814;7840;1453;29922;80321;22897;11116;4957;7277;9738;22981;23354;4926;5518;9662;1778;10142;54820;121441;10733	completed	Reactome_preranked_GSEA_fallback	Recruitment of NuMA to mitotic centrosomes	95	cancer_up	P1 cancer-minus-normal moderated t	20357	0	1	reactome.db_1.95.0__fgsea_1.36.2	OFD1;CDK1;CEP41;NEK2;SFI1;ALMS1;CSNK1D;NME7;CEP70;CEP164;CEP43;ODF2;TUBA4A;CCP110;NINL;HAUS5;NUMA1;PPP2R1A;CEP135;DYNC1H1;AKAP9;NDE1;NEDD1;PLK4
R-HSA-2559580	0.0156109245962836	0.0697957662963557	0.380730400722792	0.346242771400931	1.40920934449099	100	8535;5928;2146;9261;4343;3014;8349;4194;1871;8357;85236;84733;8334;4193;9448;1869;5609;8365;57690;648;23512;5931;23466;8726;6045;8337;8347;1912;6416;5599;23043;23135;3020	completed	Reactome_preranked_GSEA_fallback	Oxidative Stress Induced Senescence	126	cancer_up	P1 cancer-minus-normal moderated t	20357	0	1	reactome.db_1.95.0__fgsea_1.36.2	CBX4;RBBP4;EZH2;MAPKAPK2;MOV10;H2AX;H2BC21;MDM4;E2F3;H3C10;H2BC12;CBX2;H2AC6;MDM2;MAP4K4;E2F1;MAP2K7;H4C8;TNRC6C;BMI1;SUZ12;RBBP7;CBX6;EED;RNF2;H2AC18;H2BC4;PHC2;MAP2K4;MAPK8;TNIK;KDM6B;H3-3A
R-HSA-3214858	0.0157142829064249	0.0699720675344718	0.352487857583619	0.403098881048136	1.49320921494744	57	6599;1788;86;55193;3014;196528;8357;8334;92815;11091;6603;595;8289;8365;5931;8337;10498;10196;57492;3012;8367;8330;8969;1019;10419;8353;8294;51412;54496	completed	Reactome_preranked_GSEA_fallback	RMTs methylate histone arginines	78	cancer_up	P1 cancer-minus-normal moderated t	20357	0	1	reactome.db_1.95.0__fgsea_1.36.2	SMARCC1;DNMT3A;ACTL6A;PBRM1;H2AX;ARID2;H3C10;H2AC6;H2AC25;WDR5;SMARCD2;CCND1;ARID1A;H4C8;RBBP7;H2AC18;CARM1;PRMT3;ARID1B;H2AC8;H4C5;H2AC15;H2AC11;CDK4;PRMT5;H3C6;H4C9;ACTL6B;PRMT7
R-HSA-5686938	0.0160661564266185	0.0709158339939204	0.352487857583619	-0.575313300634732	-1.60722086215972	21	338;948;6271;7099;23643;1687;929;2243	completed	Reactome_preranked_GSEA_fallback	Regulation of TLR by endogenous ligand	22	normal_up	P1 cancer-minus-normal moderated t	20357	0	1	reactome.db_1.95.0__fgsea_1.36.2	APOB;CD36;S100A1;TLR4;LY96;GSDME;CD14;FGA
R-HSA-9013424	0.0160282002567721	0.0709158339939204	0.352487857583619	0.465535174945302	1.56803651378259	36	84612;11180;57630;10298;7171;81839;9231;9738;4296;79598;5058;56924;28964;8976;1213;171177	completed	Reactome_preranked_GSEA_fallback	RHOV GTPase cycle	38	cancer_up	P1 cancer-minus-normal moderated t	20357	0	1	reactome.db_1.95.0__fgsea_1.36.2	PARD6B;WDR6;SH3RF1;PAK4;TPM4;VANGL1;DLG5;CCP110;MAP3K11;CEP97;PAK1;PAK6;GIT1;WASL;CLTC;RHOV
R-HSA-72165	0.0160818643292724	0.0709158339939204	0.352487857583619	0.427880468731989	1.51677175920231	47	5437;6426;23020;6427;6628;6636;6431;24148;5430;79622;23451;6637;5433;9416;6634;6432	completed	Reactome_preranked_GSEA_fallback	mRNA Splicing - Minor Pathway	50	cancer_up	P1 cancer-minus-normal moderated t	20357	0	1	reactome.db_1.95.0__fgsea_1.36.2	POLR2H;SRSF1;SNRNP200;SRSF2;SNRPB;SNRPF;SRSF6;PRPF6;POLR2A;SNRNP25;SF3B1;SNRPG;POLR2D;DDX23;SNRPD3;SRSF7
R-HSA-9843745	0.0162767644243571	0.0715444918588303	0.352487857583619	-0.38361497530522	-1.47632142112486	107	1149;5105;5468;64641;3952;1879;5346;1346;4023;1050;5465;9314;51129;948;2167;9370;1052;10974;400569;10891	completed	Reactome_preranked_GSEA_fallback	Adipogenesis	108	normal_up	P1 cancer-minus-normal moderated t	20357	0	1	reactome.db_1.95.0__fgsea_1.36.2	CIDEA;PCK1;PPARG;EBF2;LEP;EBF1;PLIN1;COX7A1;LPL;CEBPA;PPARA;KLF4;ANGPTL4;CD36;FABP4;ADIPOQ;CEBPD;ADIRF;MED11;PPARGC1A
R-HSA-5654720	0.0165234809140718	0.0723961487485134	0.352487857583619	-0.579328405264227	-1.60227684138887	20	152831;2247;5290;5781;2246;8817;8074	completed	Reactome_preranked_GSEA_fallback	PI-3K cascade:FGFR4	20	normal_up	P1 cancer-minus-normal moderated t	20357	0	1	reactome.db_1.95.0__fgsea_1.36.2	KLB;FGF2;PIK3CA;PTPN11;FGF1;FGF18;FGF23
R-HSA-1839126	0.0170583241852327	0.0745007321444508	0.352487857583619	-0.497279298077522	-1.52815944428544	32	2247;5441;2246;2252;5434;2250;2963;8817;8074	completed	Reactome_preranked_GSEA_fallback	FGFR2 mutant receptor activation	33	normal_up	P1 cancer-minus-normal moderated t	20357	0	1	reactome.db_1.95.0__fgsea_1.36.2	FGF2;POLR2L;FGF1;FGF7;POLR2E;FGF5;GTF2F2;FGF18;FGF23
R-HSA-977443	0.0174166468445335	0.0758234275047048	0.352487857583619	-0.438919539099076	-1.5354808515541	57	54331;2774;2770;2791;111;3766;112;55970;196883;2559;2570	completed	Reactome_preranked_GSEA_fallback	GABA receptor activation	60	normal_up	P1 cancer-minus-normal moderated t	20357	0	1	reactome.db_1.95.0__fgsea_1.36.2	GNG2;GNAL;GNAI1;GNG11;ADCY5;KCNJ10;ADCY6;GNG12;ADCY4;GABRA6;GABRR2
R-HSA-5173214	0.0175205038986436	0.0760334248553834	0.352487857583619	-0.489957544046066	-1.55497236204148	37	80731;57188;170692;11096;7057;10418;56999;9510;9508;92949;81794	completed	Reactome_preranked_GSEA_fallback	O-glycosylation of TSR domain-containing proteins	38	normal_up	P1 cancer-minus-normal moderated t	20357	0	1	reactome.db_1.95.0__fgsea_1.36.2	THSD7B;ADAMTSL3;ADAMTS18;ADAMTS5;THBS1;SPON1;ADAMTS9;ADAMTS1;ADAMTS3;ADAMTSL1;ADAMTS10
R-HSA-1362300	0.017591344483731	0.076099265535634	0.352487857583619	0.607215864409552	1.66171584898976	16	5928;983;890;3065;4605;1869;1874	completed	Reactome_preranked_GSEA_fallback	Transcription of E2F targets under negative control by p107 (RBL1) and p130 (RBL2) in complex with HDAC1	16	cancer_up	P1 cancer-minus-normal moderated t	20357	0	1	reactome.db_1.95.0__fgsea_1.36.2	RBBP4;CDK1;CCNA2;HDAC1;MYBL2;E2F1;E2F4
R-HSA-9821002	0.0181035636408379	0.0780680488865154	0.352487857583619	0.420461160823272	1.49617487856988	48	29128;200424;3014;8349;8357;85236;8334;5927;8365;7374;8337;8347;23135;3020	completed	Reactome_preranked_GSEA_fallback	Chromatin modifications during the maternal to zygotic transition (MZT)	70	cancer_up	P1 cancer-minus-normal moderated t	20357	0	1	reactome.db_1.95.0__fgsea_1.36.2	UHRF1;TET3;H2AX;H2BC21;H3C10;H2BC12;H2AC6;KDM5A;H4C8;UNG;H2AC18;H2BC4;KDM6B;H3-3A
R-HSA-2022377	0.0181881587812174	0.0781862045720888	0.352487857583619	-0.631991782510045	-1.64050168072009	16	4311;1215;2028;1511	completed	Reactome_preranked_GSEA_fallback	Metabolism of Angiotensinogen to Angiotensins	17	normal_up	P1 cancer-minus-normal moderated t	20357	0	1	reactome.db_1.95.0__fgsea_1.36.2	MME;CMA1;ENPEP;CTSG
R-HSA-5083635	0.0183528829337492	0.0786469936377276	0.352487857583619	-0.490275461757274	-1.54019084102441	36	80731;57188;170692;11096;7057;10418;56999;9510;9508;92949;81794	completed	Reactome_preranked_GSEA_fallback	Defective B3GALTL causes PpS	37	normal_up	P1 cancer-minus-normal moderated t	20357	0	1	reactome.db_1.95.0__fgsea_1.36.2	THSD7B;ADAMTSL3;ADAMTS18;ADAMTS5;THBS1;SPON1;ADAMTS9;ADAMTS1;ADAMTS3;ADAMTSL1;ADAMTS10
R-HSA-199977	0.0186090217564853	0.0794954148159855	0.352487857583619	0.316203280524978	1.37388317107395	146	23423;55738;375;7109;6712;377;9871;9919;1453;4905;10960;84516;832;54732;7277;9632;140735;79090;6399;23256;11014;10652;22796;10342;1294;22870;1778;55291;23243;22820;84364;91949;2801;9527;381;81562;11070;83696;10802;378;11316;8775;51014;1314;11196;288	completed	Reactome_preranked_GSEA_fallback	ER to Golgi Anterograde Transport	156	cancer_up	P1 cancer-minus-normal moderated t	20357	0	1	reactome.db_1.95.0__fgsea_1.36.2	TMED3;ARFGAP1;ARF1;TRAPPC10;SPTBN2;ARF3;SEC24D;SEC16A;CSNK1D;NSF;LMAN2;DCTN5;CAPZB;TMED9;TUBA4A;SEC24C;DYNLL2;TRAPPC6A;TRAPPC2;SCFD1;KDELR2;YKT6;COG2;TFG;COL7A1;PPP6R1;DYNC1H1;PPP6R3;ANKRD28;COPG1;ARFGAP2;COG7;GOLGA2;GOSR1;ARF5;LMAN2L;TMEM115;TRAPPC9;SEC24A;ARF4;COPE;NAPA;TMED7;COPA;SEC23IP;ANK3
R-HSA-5683057	0.0188281146705263	0.080180787397537	0.352487857583619	-0.300882493869269	-1.31089222673684	301	152831;284;2247;7094;5519;22821;801;3725;9365;2308;10435;22808;5924;8555;5290;54518;6711;2534;23179;5781;2675;3569;2246;1956;7010;8660;1843;2252;5906;2339;5700;5525;3568;5596;5568;1438;3716;7311;2250;408;1437;6654;5156;53358;1848;1839;2260;7316;5908;8817;5604;3570;7450;8074	completed	Reactome_preranked_GSEA_fallback	MAPK family signaling cascades	311	normal_up	P1 cancer-minus-normal moderated t	20357	0	1	reactome.db_1.95.0__fgsea_1.36.2	KLB;ANGPT1;FGF2;TLN1;PPP2R1B;RASA3;CALM1;JUN;KL;FOXO1;CDC42EP2;MRAS;RASGRF2;CDC14B;PIK3CA;APBB1IP;SPTBN1;FYN;RGL1;PTPN11;GFRA2;IL6;FGF1;EGFR;TEK;IRS2;DUSP1;FGF7;RAP1A;FNTA;PSMC1;PPP2R5A;IL5RA;MAPK4;PRKACG;CSF2RA;JAK1;UBA52;FGF5;ARRB1;CSF2;SOS1;PDGFRA;SHC3;DUSP6;HBEGF;FGFR1;UBC;RAP1B;FGF18;MAP2K1;IL6R;VWF;FGF23
R-HSA-8856825	0.0191598366102386	0.0813400516962614	0.352487857583619	-0.37764980632507	-1.44840458588179	104	338;154;8322;30011;157;11037;9341;1956;6453;50618;1601;2060;8301;7311;408;8533;127833;1839;3267;7316;51138;3482;3949;185;7018;6233;9318;8218;1211;23208;2069;685;6845	completed	Reactome_preranked_GSEA_fallback	Cargo recognition for clathrin-mediated endocytosis	106	normal_up	P1 cancer-minus-normal moderated t	20357	0	1	reactome.db_1.95.0__fgsea_1.36.2	APOB;ADRB2;FZD4;SH3KBP1;GRK3;STON1;VAMP3;EGFR;ITSN1;ITSN2;DAB2;EPS15;PICALM;UBA52;ARRB1;COPS3;SYT2;HBEGF;AGFG1;UBC;COPS4;IGF2R;LDLR;AGTR1;TF;RPS27A;COPS2;CLTCL1;CLTA;SYT11;EREG;BTC;VAMP7
R-HSA-532668	0.0194746027739602	0.0824203776842215	0.352487857583619	0.458730495705271	1.53263582321616	35	11253;7844;23193;2923;64772;55768;80267;7841;9695;5589;56886;10956;10206;11236;267;79139;811;7415;9761	completed	Reactome_preranked_GSEA_fallback	N-glycan trimming in the ER and Calnexin/Calreticulin cycle	35	cancer_up	P1 cancer-minus-normal moderated t	20357	0	1	reactome.db_1.95.0__fgsea_1.36.2	MAN1B1;RNF103;GANAB;PDIA3;ENGASE;NGLY1;EDEM3;MOGS;EDEM1;PRKCSH;UGGT1;OS9;TRIM13;RNF139;AMFR;DERL1;CALR;VCP;MLEC
R-HSA-9692916	0.0204670094747574	0.0863530924444242	0.352487857583619	0.446953474177985	1.54115897973709	39	5094;7706;11123;3838;29108;3661;5478;684;5479;26007;23586;29110;340061;9641;11035;5970	completed	Reactome_preranked_GSEA_fallback	SARS-CoV-1 activates/modulates innate immune responses	41	cancer_up	P1 cancer-minus-normal moderated t	20357	0	1	reactome.db_1.95.0__fgsea_1.36.2	PCBP2;TRIM25;RCAN3;KPNA2;PYCARD;IRF3;PPIA;BST2;PPIB;TKFC;RIGI;TBK1;STING1;IKBKE;RIPK3;RELA
R-HSA-9909505	0.0206905060223965	0.0870274514849725	0.352487857583619	0.570389737041626	1.62256708240182	19	7706;9451;9636;3551;2537;3309;10561;9246;23586	completed	Reactome_preranked_GSEA_fallback	Modulation of host responses by IFN-stimulated genes	19	cancer_up	P1 cancer-minus-normal moderated t	20357	0	1	reactome.db_1.95.0__fgsea_1.36.2	TRIM25;EIF2AK3;ISG15;IKBKB;IFI6;HSPA5;IFI44;UBE2L6;RIGI
R-HSA-901042	0.0210329570843129	0.0881964795529317	0.352487857583619	0.510216865298673	1.57333768562719	26	11253;7844;23193;2923;80267;9695;5589;56886;10956;10206;11236;267;811	completed	Reactome_preranked_GSEA_fallback	Calnexin/calreticulin cycle	26	cancer_up	P1 cancer-minus-normal moderated t	20357	0	1	reactome.db_1.95.0__fgsea_1.36.2	MAN1B1;RNF103;GANAB;PDIA3;EDEM3;EDEM1;PRKCSH;UGGT1;OS9;TRIM13;RNF139;AMFR;CALR
R-HSA-112040	0.0211755762803361	0.0885229748477658	0.352487857583619	-0.433969227223124	-1.50095929897362	54	801;2774;5321;2770;5577;5136;111;5568;5153;112;196883	completed	Reactome_preranked_GSEA_fallback	G-protein mediated events	56	normal_up	P1 cancer-minus-normal moderated t	20357	0	1	reactome.db_1.95.0__fgsea_1.36.2	CALM1;GNAL;PLA2G4A;GNAI1;PRKAR2B;PDE1A;ADCY5;PRKACG;PDE1B;ADCY6;ADCY4
R-HSA-3238698	0.0212437313628319	0.0885371365030219	0.352487857583619	-0.546177017251083	-1.55015585430375	23	7481;7482;7478;80326;79971;7484;50999;7479;9559;7480	completed	Reactome_preranked_GSEA_fallback	WNT ligand biogenesis and trafficking	26	normal_up	P1 cancer-minus-normal moderated t	20357	0	1	reactome.db_1.95.0__fgsea_1.36.2	WNT11;WNT2B;WNT8A;WNT10A;WLS;WNT9B;TMED5;WNT8B;VPS26A;WNT10B
R-HSA-174411	0.0218103456173244	0.0906223175042018	0.352487857583619	0.509346462074822	1.56984492899581	25	63922;5424;5983;5111;25913;5984	completed	Reactome_preranked_GSEA_fallback	Polymerase switching on the C-strand of the telomere	26	cancer_up	P1 cancer-minus-normal moderated t	20357	0	1	reactome.db_1.95.0__fgsea_1.36.2	CHTF18;POLD1;RFC3;PCNA;POT1;RFC4
R-HSA-9692914	0.0221567012375957	0.0917824563387674	0.352487857583619	0.355017301057863	1.41287098507348	88	2810;5094;6229;598;7706;11123;3838;3178;5170;29108;3661;5478;684;5479;26007;6227;7329;23586;7529;29110;340061;2033;8737;9641;11035;5970;7533;6188	completed	Reactome_preranked_GSEA_fallback	SARS-CoV-1-host interactions	97	cancer_up	P1 cancer-minus-normal moderated t	20357	0	1	reactome.db_1.95.0__fgsea_1.36.2	SFN;PCBP2;RPS24;BCL2L1;TRIM25;RCAN3;KPNA2;HNRNPA1;PDPK1;PYCARD;IRF3;PPIA;BST2;PPIB;TKFC;RPS21;UBE2I;RIGI;YWHAB;TBK1;STING1;EP300;RIPK1;IKBKE;RIPK3;RELA;YWHAH;RPS3
R-HSA-76046	0.0223866136470598	0.0924546853641411	0.352487857583619	0.452487428669234	1.5240885079507	36	2975;9329;5437;9533;2971;5451;6621;55718;2976;11128;27297;6908;171568	completed	Reactome_preranked_GSEA_fallback	RNA Polymerase III Transcription Initiation	36	cancer_up	P1 cancer-minus-normal moderated t	20357	0	1	reactome.db_1.95.0__fgsea_1.36.2	GTF3C1;GTF3C4;POLR2H;POLR1C;GTF3A;POU2F1;SNAPC4;POLR3E;GTF3C2;POLR3A;CRCP;TBP;POLR3H
R-HSA-5696397	0.0225313326272096	0.0927720834379383	0.352487857583619	0.507286428250387	1.56349574647734	25	3978;5424;3980;5983;5427;5111;5984;5426	completed	Reactome_preranked_GSEA_fallback	Gap-filling DNA repair synthesis and ligation in GG-NER	25	cancer_up	P1 cancer-minus-normal moderated t	20357	0	1	reactome.db_1.95.0__fgsea_1.36.2	LIG1;POLD1;LIG3;RFC3;POLE2;PCNA;RFC4;POLE
R-HSA-174048	0.0228061049763219	0.093621457965862	0.352487857583619	0.502694245976849	1.52723088726937	24	51433;991;891;983;11065	completed	Reactome_preranked_GSEA_fallback	APC/C:Cdc20 mediated degradation of Cyclin B	24	cancer_up	P1 cancer-minus-normal moderated t	20357	0	1	reactome.db_1.95.0__fgsea_1.36.2	ANAPC5;CDC20;CCNB1;CDK1;UBE2C
R-HSA-6785807	0.0230960223378596	0.0945277321432755	0.352487857583619	-0.370280212959695	-1.42153973771896	105	2247;1901;2308;4128;2162;7431;4692;948;301;5743;1052;6935;2353;3569;7291;5292;6347;9021;604;3716;3586;4170	completed	Reactome_preranked_GSEA_fallback	Interleukin-4 and Interleukin-13 signaling	106	normal_up	P1 cancer-minus-normal moderated t	20357	0	1	reactome.db_1.95.0__fgsea_1.36.2	FGF2;S1PR1;FOXO1;MAOA;F13A1;VIM;NDN;CD36;ANXA1;PTGS2;CEBPD;ZEB1;FOS;IL6;TWIST1;PIM1;CCL2;SOCS3;BCL6;JAK1;IL10;MCL1
R-HSA-5654693	0.0233037054496245	0.0950930308944377	0.352487857583619	-0.540948634967046	-1.53531669566077	23	2247;9365;5781;2246;2250;6654;2260;8074	completed	Reactome_preranked_GSEA_fallback	FRS-mediated FGFR1 signaling	23	normal_up	P1 cancer-minus-normal moderated t	20357	0	1	reactome.db_1.95.0__fgsea_1.36.2	FGF2;KL;PTPN11;FGF1;FGF5;SOS1;FGFR1;FGF23
R-HSA-204174	0.0235702140941049	0.0956097408505678	0.352487857583619	-0.626807453571947	-1.5837506012639	15	57546;5166;5164;5160;1737;1738;5161;23409	completed	Reactome_preranked_GSEA_fallback	Regulation of pyruvate dehydrogenase (PDH) complex	15	normal_up	P1 cancer-minus-normal moderated t	20357	0	1	reactome.db_1.95.0__fgsea_1.36.2	PDP2;PDK4;PDK2;PDHA1;DLAT;DLD;PDHA2;SIRT4
R-HSA-1483166	0.0235096975042504	0.0956097408505678	0.352487857583619	-0.475909771502286	-1.51341251315159	38	2819;5320;10555;5321;57678;5337;84803;201164	completed	Reactome_preranked_GSEA_fallback	Synthesis of PA	39	normal_up	P1 cancer-minus-normal moderated t	20357	0	1	reactome.db_1.95.0__fgsea_1.36.2	GPD1;PLA2G2A;AGPAT2;PLA2G4A;GPAM;PLD1;GPAT3;PLD6
R-HSA-5696398	0.0236560411617962	0.0956739889590989	0.352487857583619	0.337050427225718	1.37754931270085	105	3978;5424;5437;10401;27339;3980;86;5983;79913;29844;5427;5111;283899;5984;5426;54891;7874;64708;4798;5430;7329;1643;7515;9557;5433;8607;85015;6612;142;2068	completed	Reactome_preranked_GSEA_fallback	Nucleotide Excision Repair	109	cancer_up	P1 cancer-minus-normal moderated t	20357	0	1	reactome.db_1.95.0__fgsea_1.36.2	LIG1;POLD1;POLR2H;PIAS3;PRPF19;LIG3;ACTL6A;RFC3;ACTR5;TFPT;POLE2;PCNA;INO80E;RFC4;POLE;INO80D;USP7;COPS7B;NFRKB;POLR2A;UBE2I;DDB2;XRCC1;CHD1L;POLR2D;RUVBL1;USP45;SUMO3;PARP1;ERCC2
R-HSA-5689880	0.0244026272563952	0.0984023346887676	0.352487857583619	0.302167694648655	1.3331376012208	161	2625;991;9736;57695;5423;890;2648;4086;23326;8349;64426;8295;4194;55611;29761;85236;8334;9738;92815;7874;25862;4193;993;1643;51616;84132;8607;6478;23586;7186;1540;9960;93624;9817;8078;8312;8337;8737;8347;9100;10868;367;9146;7046;6314;5709;9804;79589;10454;64135;7157	completed	Reactome_preranked_GSEA_fallback	Ub-specific processing proteases	203	cancer_up	P1 cancer-minus-normal moderated t	20357	0	1	reactome.db_1.95.0__fgsea_1.36.2	GATA3;CDC20;USP34;USP37;POLB;CCNA2;KAT2A;SMAD1;USP22;H2BC21;SUDS3;TRRAP;MDM4;OTUB1;USP25;H2BC12;H2AC6;CCP110;H2AC25;USP7;USP49;MDM2;CDC25A;DDB2;TAF9B;USP42;RUVBL1;SIAH2;RIGI;TRAF2;CYLD;USP3;TADA2B;KEAP1;USP5;AXIN1;H2AC18;RIPK1;H2BC4;USP10;USP20;AR;HGS;TGFBR1;ATXN7;PSMD3;TOMM20;RNF128;TAB1;IFIH1;TP53
R-HSA-933541	0.024575858567213	0.0988094078275888	0.352487857583619	0.560092170004866	1.66462290863714	22	7706;3665;3661;89122;1387;23586;29110;7186;2033;9641;64135	completed	Reactome_preranked_GSEA_fallback	TRAF6 mediated IRF7 activation	30	cancer_up	P1 cancer-minus-normal moderated t	20357	0	1	reactome.db_1.95.0__fgsea_1.36.2	TRIM25;IRF7;IRF3;TRIM4;CREBBP;RIGI;TBK1;TRAF2;EP300;IKBKE;IFIH1
R-HSA-9748784	0.0246589204279428	0.0988526223606972	0.352487857583619	-0.377687767192393	-1.40882526847844	85	54988;10249;5105;124;1645;6581;3290;132;161823;590;6582;100;213;2030;7366;10864;2950;55270;7363;5243;6580;6579;8824;1565;6566;9376;54578	completed	Reactome_preranked_GSEA_fallback	Drug ADME	109	normal_up	P1 cancer-minus-normal moderated t	20357	0	1	reactome.db_1.95.0__fgsea_1.36.2	ACSM5;GLYAT;PCK1;ADH1A;AKR1C1;SLC22A3;HSD11B1;ADK;MAPDA;BCHE;SLC22A2;ADA;ALB;SLC29A1;UGT2B15;SLC22A7;GSTP1;NUDT15;UGT2B4;ABCB1;SLC22A1;SLCO1A2;CES2;CYP2D6;SLC16A1;SLC22A8;UGT1A6
R-HSA-432720	0.0249346238997278	0.0993752546210554	0.352487857583619	0.458623435880314	1.52965525613677	34	10053;375;8673;8905;351;1174	completed	Reactome_preranked_GSEA_fallback	Lysosome Vesicle Biogenesis	35	cancer_up	P1 cancer-minus-normal moderated t	20357	0	1	reactome.db_1.95.0__fgsea_1.36.2	AP1M2;ARF1;VAMP8;AP1S2;APP;AP1S1
R-HSA-15869	0.0249346834930666	0.0993752546210554	0.352487857583619	0.344792878594217	1.39662059301021	95	6241;4832;7298;57089;5471;7083;955;159;2618;56474;3251;79077;1841;790;7371;1503;9583;2936;3704;1890;4830;26289;353;2766;84618;471;8833;954;158067;6240	completed	Reactome_preranked_GSEA_fallback	Metabolism of nucleotides	98	cancer_up	P1 cancer-minus-normal moderated t	20357	0	1	reactome.db_1.95.0__fgsea_1.36.2	RRM2;NME3;TYMS;ENTPD7;PPAT;TK1;ENTPD6;ADSS2;GART;CTPS2;HPRT1;DCTPP1;DTYMK;CAD;UCK2;CTPS1;ENTPD4;GSR;ITPA;TYMP;NME1;AK5;APRT;GMPR;NT5C1A;ATIC;GMPS;ENTPD2;AK8;RRM1
R-HSA-435354	0.0251987106232284	0.099919747777255	0.352487857583619	0.578240010089446	1.55247143501353	15	25800;55630;7779;57181;7922;169026	completed	Reactome_preranked_GSEA_fallback	Zinc transporters	15	cancer_up	P1 cancer-minus-normal moderated t	20357	0	1	reactome.db_1.95.0__fgsea_1.36.2	SLC39A6;SLC39A4;SLC30A1;SLC39A10;SLC39A7;SLC30A8
R-HSA-8950505	0.0252933893213032	0.099919747777255	0.352487857583619	0.458190081799009	1.52820988222786	34	4282;6627;1072;375;3181;5721;5478	completed	Reactome_preranked_GSEA_fallback	Gene and protein expression by JAK-STAT signaling after Interleukin-12 stimulation	37	cancer_up	P1 cancer-minus-normal moderated t	20357	0	1	reactome.db_1.95.0__fgsea_1.36.2	MIF;SNRPA1;CFL1;ARF1;HNRNPA2B1;PSME2;PPIA
R-HSA-9865881	0.02536368140359	0.099919747777255	0.352487857583619	-0.537243936573934	-1.52480204615864	23	23479;29796;7385;440957;7381;3313;90624;57128;7386;7388	completed	Reactome_preranked_GSEA_fallback	Complex III assembly	26	normal_up	P1 cancer-minus-normal moderated t	20357	0	1	reactome.db_1.95.0__fgsea_1.36.2	ISCU;UQCR10;UQCRC2;UQCC5;UQCRB;HSPA9;LYRM7;LYRM4;UQCRFS1;UQCRH
R-HSA-381676	0.0252244458202446	0.099919747777255	0.352487857583619	-0.477841167598071	-1.51651876390084	37	3745;54331;2791;5577;5906;111;5568;112;55970	completed	Reactome_preranked_GSEA_fallback	Glucagon-like Peptide-1 (GLP1) regulates insulin secretion	42	normal_up	P1 cancer-minus-normal moderated t	20357	0	1	reactome.db_1.95.0__fgsea_1.36.2	KCNB1;GNG2;GNG11;PRKAR2B;RAP1A;ADCY5;PRKACG;ADCY6;GNG12
R-HSA-162909	0.0258608383748275	0.101585534650543	0.352487857583619	0.340969625819164	1.40714396643937	112	10053;8480;375;8815;5905;8905;348995;1174;55706;3159;23165;5478;904;163;1104;23225;1025;9818;10762;7514;164;129401;79902;4928;6500;23279	completed	Reactome_preranked_GSEA_fallback	Host Interactions of HIV factors	121	cancer_up	P1 cancer-minus-normal moderated t	20357	0	1	reactome.db_1.95.0__fgsea_1.36.2	AP1M2;RAE1;ARF1;BANF1;RANGAP1;AP1S2;NUP43;AP1S1;NDC1;HMGA1;NUP205;PPIA;CCNT1;AP2B1;RCC1;NUP210;CDK9;NUP58;NUP50;XPO1;AP1G1;NUP35;NUP85;NUP98;SKP1;NUP160
R-HSA-983168	0.0263572192554063	0.103238735593526	0.352487857583619	0.265639312923209	1.26100041528178	289	51433;57674;991;146330;151636;899;81559;11065;57630;150726;114907;144699;255488;4008;84261;7064;63893;57542;89122;25831;7317;55521;223082;65264;55236;23295;9820;79754;29882;27246;55175;84708;23014;11059;80196;9870;140459;64682;26263;6478;9246;7322;90678;51132;6477;7320;9730;23608;55008;8924;6047;142678;55905;9817;6500;51434;64320;140460;9690;84861;9520;222235;80028;23352;51444;8139;7327;143279;201456;10616;55585;89890;5709;5930;3093	completed	Reactome_preranked_GSEA_fallback	Antigen processing: Ubiquitination & Proteasome degradation	296	cancer_up	P1 cancer-minus-normal moderated t	20357	0	1	reactome.db_1.95.0__fgsea_1.36.2	ANAPC5;RNF213;CDC20;FBXL16;DTX3L;CCNF;TRIM11;UBE2C;SH3RF1;FBXO41;FBXO32;FBXL14;RNF144B;LMO7;FBXW9;THOP1;UBE2O;KLHL42;TRIM4;HECTD1;UBA1;TRIM36;ZNRF2;UBE2Z;UBA6;MGRN1;CUL7;ASB13;ANAPC2;RNF115;KLHL11;LNX1;FBXO21;WWP1;RNF34;AREL1;ASB6;ANAPC1;FBXO22;SIAH2;UBE2L6;UBE2D2;LRSAM1;RLIM;SIAH1;UBE2B;DCAF1;MKRN1;HERC6;HERC2;RNF4;MIB2;RNF114;KEAP1;SKP1;ANAPC7;RNF25;ASB7;UBE3C;KLHL22;NPEPPS;FBXL13;FBXL18;UBR4;RNF138;GAN;UBE2G2;HECTD2;FBXO15;RBCK1;UBE2Q1;KBTBD6;PSMD3;RBBP6;UBE2K
R-HSA-1912422	0.0269212028334858	0.105146526495357	0.352487857583619	0.358640044775633	1.42244498888641	87	488;1999;5584;4343;2648;3014;8349;1871;8357;489;85236;8334;1387;9794;5870;3955;595;1869;388677;8365;57690	completed	Reactome_preranked_GSEA_fallback	Pre-NOTCH Expression and Processing	112	cancer_up	P1 cancer-minus-normal moderated t	20357	0	1	reactome.db_1.95.0__fgsea_1.36.2	ATP2A2;ELF3;PRKCI;MOV10;KAT2A;H2AX;H2BC21;E2F3;H3C10;ATP2A3;H2BC12;H2AC6;CREBBP;MAML1;RAB6A;LFNG;CCND1;E2F1;NOTCH2NLA;H4C8;TNRC6C
R-HSA-5654221	0.0276955927318661	0.107862892491342	0.352487857583619	-0.582698825539142	-1.56549434802165	18	2247;2246;2252;2250;8817;8074	completed	Reactome_preranked_GSEA_fallback	Phospholipase C-mediated cascade; FGFR2	18	normal_up	P1 cancer-minus-normal moderated t	20357	0	1	reactome.db_1.95.0__fgsea_1.36.2	FGF2;FGF1;FGF7;FGF5;FGF18;FGF23
R-HSA-5696399	0.0278014389470227	0.107967520001648	0.352487857583619	0.360383415125653	1.4140804822397	82	3978;5424;10401;3980;86;5983;79913;29844;5427;5111;283899;5984;5426;54891;64708;4798;7329;1643;7515;9557;8607;85015;6612;142;2068	completed	Reactome_preranked_GSEA_fallback	Global Genome Nucleotide Excision Repair (GG-NER)	84	cancer_up	P1 cancer-minus-normal moderated t	20357	0	1	reactome.db_1.95.0__fgsea_1.36.2	LIG1;POLD1;PIAS3;LIG3;ACTL6A;RFC3;ACTR5;TFPT;POLE2;PCNA;INO80E;RFC4;POLE;INO80D;COPS7B;NFRKB;UBE2I;DDB2;XRCC1;CHD1L;RUVBL1;USP45;SUMO3;PARP1;ERCC2
R-HSA-379726	0.0279623475239023	0.10828478488718	0.352487857583619	0.51769257866862	1.51533027152314	21	27068;124454;57505;23395;57176;80222;23438	completed	Reactome_preranked_GSEA_fallback	Mitochondrial tRNA aminoacylation	21	cancer_up	P1 cancer-minus-normal moderated t	20357	0	1	reactome.db_1.95.0__fgsea_1.36.2	PPA2;EARS2;AARS2;LARS2;VARS2;TARS2;HARS2
R-HSA-9749641	0.0281901120675596	0.108858427108345	0.352487857583619	-0.521126008171574	-1.54427246602354	27	54988;10249;590;213;7366;10864;7363;8824;1565;6566;54578	completed	Reactome_preranked_GSEA_fallback	Aspirin ADME	44	normal_up	P1 cancer-minus-normal moderated t	20357	0	1	reactome.db_1.95.0__fgsea_1.36.2	ACSM5;GLYAT;BCHE;ALB;UGT2B15;SLC22A7;UGT2B4;CES2;CYP2D6;SLC16A1;UGT1A6
R-HSA-421270	0.0287897501561636	0.110860812573171	0.352487857583619	0.278305679546905	1.28723433094832	243	7020;5928;2146;5315;1364;3728;5819;84612;7764;10207;1365;5584;9743;7750;3609;81607;4343;1366;3014;8349;1001;9069;1488;23193;4301;8357;60436;85236;3065;8334;90701;1009;7841;10009;6185;1650;92359;5046;84552;4193;54971;8289;5589;6184;8365;57690;3703;23512;5931;54549;60559;8726;1000;8728;8337;8347;10585;23396;79872;1499;288;3020;59;387893	completed	Reactome_preranked_GSEA_fallback	Cell-cell junction organization	273	cancer_up	P1 cancer-minus-normal moderated t	20357	0	1	reactome.db_1.95.0__fgsea_1.36.2	TFAP2A;RBBP4;EZH2;PKM;CLDN4;JUP;NECTIN2;PARD6B;ZNF217;PATJ;CLDN3;PRKCI;ARHGAP32;ZMYM2;ILF3;NECTIN4;MOV10;CLDN7;H2AX;H2BC21;CDH3;CLDN12;CTBP2;GANAB;AFDN;H3C10;TGIF2;H2BC12;HDAC1;H2AC6;SEC11C;CDH11;MOGS;ZBTB33;RPN2;DDOST;CRB3;PCSK6;PARD6G;MDM2;BANP;ARID1A;PRKCSH;RPN1;H4C8;TNRC6C;STT3A;SUZ12;RBBP7;SDK2;SPCS3;EED;CDH2;ADAM19;H2AC18;H2BC4;POMT1;PIP5K1C;CBLL1;CTNNB1;ANK3;H3-3A;ACTA2;KMT5A
R-HSA-5654733	0.0292553628022448	0.112111048934171	0.352487857583619	-0.513029465126432	-1.55347986496615	30	152831;2247;5781;2246;10253;7311;7316;8817;8074	completed	Reactome_preranked_GSEA_fallback	Negative regulation of FGFR4 signaling	31	normal_up	P1 cancer-minus-normal moderated t	20357	0	1	reactome.db_1.95.0__fgsea_1.36.2	KLB;FGF2;PTPN11;FGF1;SPRY2;UBA52;UBC;FGF18;FGF23
R-HSA-203927	0.0293173584840982	0.112111048934171	0.352487857583619	0.516424294166196	1.55296632211793	23	8575;5437;57510;6895;5430;29102;54487;5433;23405;144233	completed	Reactome_preranked_GSEA_fallback	MicroRNA (miRNA) biogenesis	24	cancer_up	P1 cancer-minus-normal moderated t	20357	0	1	reactome.db_1.95.0__fgsea_1.36.2	PRKRA;POLR2H;XPO5;TARBP2;POLR2A;DROSHA;DGCR8;POLR2D;DICER1;BCDIN3D
R-HSA-8943724	0.0293604649000974	0.112111048934171	0.352487857583619	0.38389212838463	1.43013724183542	59	8535;5928;2146;1108;1107;9112;64223;84733;3065;54815;57167;23186;648;23512;5931;23466;8726;6045	completed	Reactome_preranked_GSEA_fallback	Regulation of PTEN gene transcription	61	cancer_up	P1 cancer-minus-normal moderated t	20357	0	1	reactome.db_1.95.0__fgsea_1.36.2	CBX4;RBBP4;EZH2;CHD4;CHD3;MTA1;MLST8;CBX2;HDAC1;GATAD2A;SALL4;RCOR1;BMI1;SUZ12;RBBP7;CBX6;EED;RNF2
R-HSA-9018678	0.0298616915649856	0.112476106857733	0.352487857583619	-0.573662803524193	-1.5680838546684	19	2948;5743;2879;22949;4056;1565;4048;3248;2053;241	completed	Reactome_preranked_GSEA_fallback	Biosynthesis of specialized proresolving mediators (SPMs)	19	normal_up	P1 cancer-minus-normal moderated t	20357	0	1	reactome.db_1.95.0__fgsea_1.36.2	GSTM4;PTGS2;GPX4;PTGR1;LTC4S;CYP2D6;LTA4H;HPGD;EPHX2;ALOX5AP
R-HSA-110328	0.0300320256057589	0.112476106857733	0.352487857583619	0.432177157340783	1.5169433782804	43	6996;3014;8349;25913;8930;85236;8334;4913;8365;7374;8337;65057;8347	completed	Reactome_preranked_GSEA_fallback	Recognition and association of DNA glycosylase with site containing an affected pyrimidine	60	cancer_up	P1 cancer-minus-normal moderated t	20357	0	1	reactome.db_1.95.0__fgsea_1.36.2	TDG;H2AX;H2BC21;POT1;MBD4;H2BC12;H2AC6;NTHL1;H4C8;UNG;H2AC18;ACD;H2BC4
R-HSA-110329	0.0300320256057589	0.112476106857733	0.352487857583619	0.432177157340783	1.5169433782804	43	6996;3014;8349;25913;8930;85236;8334;4913;8365;7374;8337;65057;8347	completed	Reactome_preranked_GSEA_fallback	Cleavage of the damaged pyrimidine	60	cancer_up	P1 cancer-minus-normal moderated t	20357	0	1	reactome.db_1.95.0__fgsea_1.36.2	TDG;H2AX;H2BC21;POT1;MBD4;H2BC12;H2AC6;NTHL1;H4C8;UNG;H2AC18;ACD;H2BC4
R-HSA-73928	0.0300320256057589	0.112476106857733	0.352487857583619	0.432177157340783	1.5169433782804	43	6996;3014;8349;25913;8930;85236;8334;4913;8365;7374;8337;65057;8347	completed	Reactome_preranked_GSEA_fallback	Depyrimidination	60	cancer_up	P1 cancer-minus-normal moderated t	20357	0	1	reactome.db_1.95.0__fgsea_1.36.2	TDG;H2AX;H2BC21;POT1;MBD4;H2BC12;H2AC6;NTHL1;H4C8;UNG;H2AC18;ACD;H2BC4
R-HSA-2173782	0.029713861745722	0.112476106857733	0.352487857583619	-0.449994036690139	-1.46234040787752	41	338;286133;948;3240;78989;23166;213;5648;6678;8685;81035;1282;9332	completed	Reactome_preranked_GSEA_fallback	Binding and Uptake of Ligands by Scavenger Receptors	46	normal_up	P1 cancer-minus-normal moderated t	20357	0	1	reactome.db_1.95.0__fgsea_1.36.2	APOB;SCARA5;CD36;HP;COLEC11;STAB1;ALB;MASP1;SPARC;MARCO;COLEC12;COL4A1;CD163
R-HSA-176814	0.0298843595362314	0.112476106857733	0.352487857583619	0.377121789335079	1.42352449596571	62	51433;991;891;983;11065;4751;890;701	completed	Reactome_preranked_GSEA_fallback	Activation of APC/C and APC/C:Cdc20 mediated degradation of mitotic proteins	64	cancer_up	P1 cancer-minus-normal moderated t	20357	0	1	reactome.db_1.95.0__fgsea_1.36.2	ANAPC5;CDC20;CCNB1;CDK1;UBE2C;NEK2;CCNA2;BUB1B
R-HSA-9764725	0.0295780115604264	0.112476106857733	0.352487857583619	0.365449069789194	1.40572462720553	70	5928;2146;5315;7764;7750;3014;8349;1488;8357;60436;85236;3065;8334;10009	completed	Reactome_preranked_GSEA_fallback	Negative Regulation of CDH1 Gene Transcription	93	cancer_up	P1 cancer-minus-normal moderated t	20357	0	1	reactome.db_1.95.0__fgsea_1.36.2	RBBP4;EZH2;PKM;ZNF217;ZMYM2;H2AX;H2BC21;CTBP2;H3C10;TGIF2;H2BC12;HDAC1;H2AC6;ZBTB33
R-HSA-9834899	0.0305870493669988	0.114241793674009	0.352487857583619	0.567486093702991	1.52359908492846	15	7020;4602;7022	completed	Reactome_preranked_GSEA_fallback	Specification of the neural plate border	17	cancer_up	P1 cancer-minus-normal moderated t	20357	0	1	reactome.db_1.95.0__fgsea_1.36.2	TFAP2A;MYB;TFAP2C
R-HSA-512988	0.0314796554345127	0.117255283321468	0.321775918075361	-0.432237155082992	-1.44694101046418	47	6776;5290;9846;6777;2534;5781;3568;1398;1438;3716;7311;1437;6654;7316	completed	Reactome_preranked_GSEA_fallback	Interleukin-3, Interleukin-5 and GM-CSF signaling	47	normal_up	P1 cancer-minus-normal moderated t	20357	0	1	reactome.db_1.95.0__fgsea_1.36.2	STAT5A;PIK3CA;GAB2;STAT5B;FYN;PTPN11;IL5RA;CRK;CSF2RA;JAK1;UBA52;CSF2;SOS1;UBC
R-HSA-1442490	0.0316837569908788	0.117694825561226	0.321775918075361	0.373138509645174	1.40631373952879	63	1300;1301;1278;1290;4314;1289;1305;80781;1296;6868;1307;4312;1509;1277;102;1294;1293;1303;4318;4319;4322	completed	Reactome_preranked_GSEA_fallback	Collagen degradation	64	cancer_up	P1 cancer-minus-normal moderated t	20357	0	1	reactome.db_1.95.0__fgsea_1.36.2	COL10A1;COL11A1;COL1A2;COL5A2;MMP3;COL5A1;COL13A1;COL18A1;COL8A2;ADAM17;COL16A1;MMP1;CTSD;COL1A1;ADAM10;COL7A1;COL6A3;COL12A1;MMP9;MMP10;MMP13
R-HSA-9006931	0.0320375822744618	0.118686653033033	0.321775918075361	-0.2969459378697	-1.27283070316734	258	126;5105;216;801;54331;124;3725;5346;80820;57678;858;2770;5959;2171;5166;9249;2791;5290;8644;5441;5164;19;56603;857;2354;5160;8850;2289;1737;10062;2353;1738;1956;6387;10170;5161;5360	completed	Reactome_preranked_GSEA_fallback	Signaling by Nuclear Receptors	296	normal_up	P1 cancer-minus-normal moderated t	20357	0	1	reactome.db_1.95.0__fgsea_1.36.2	ADH1C;PCK1;ALDH1A1;CALM1;GNG2;ADH1A;JUN;PLIN1;EEPD1;GPAM;CAV2;GNAI1;RDH5;FABP5;PDK4;DHRS3;GNG11;PIK3CA;AKR1C3;POLR2L;PDK2;ABCA1;CYP26B1;CAV1;FOSB;PDHA1;KAT2B;FKBP5;DLAT;NR1H3;FOS;DLD;EGFR;CXCL12;DHRS9;PDHA2;PLTP
R-HSA-3296482	0.0321253919562463	0.11869029947078	0.321775918075361	-0.561249270336888	-1.57990520326149	22	5091;56922;5095;686;6948;8029;4594;326625	completed	Reactome_preranked_GSEA_fallback	Defects in vitamin and cofactor metabolism	22	normal_up	P1 cancer-minus-normal moderated t	20357	0	1	reactome.db_1.95.0__fgsea_1.36.2	PC;MCCC1;PCCA;BTD;TCN2;CUBN;MMUT;MMAB
R-HSA-140877	0.0323080230108102	0.119043308506139	0.321775918075361	-0.470961785422941	-1.4795173019286	36	2159;2162;2157;10544;2152;7056;7035;5627;7450;710;3818;2243	completed	Reactome_preranked_GSEA_fallback	Formation of Fibrin Clot (Clotting Cascade)	39	normal_up	P1 cancer-minus-normal moderated t	20357	0	1	reactome.db_1.95.0__fgsea_1.36.2	F10;F13A1;F8;PROCR;F3;THBD;TFPI;PROS1;VWF;SERPING1;KLKB1;FGA
R-HSA-141405	0.0329492006734209	0.120754845363449	0.321775918075361	0.507027364470703	1.48411228117075	21	51433;991;11065;701;29882;64682	completed	Reactome_preranked_GSEA_fallback	Inhibition of the proteolytic activity of APC/C required for the onset of anaphase by mitotic spindle checkpoint components	21	cancer_up	P1 cancer-minus-normal moderated t	20357	0	1	reactome.db_1.95.0__fgsea_1.36.2	ANAPC5;CDC20;UBE2C;BUB1B;ANAPC2;ANAPC1
R-HSA-141430	0.0329492006734209	0.120754845363449	0.321775918075361	0.507027364470703	1.48411228117075	21	51433;991;11065;701;29882;64682	completed	Reactome_preranked_GSEA_fallback	Inactivation of APC/C via direct inhibition of the APC/C complex	21	cancer_up	P1 cancer-minus-normal moderated t	20357	0	1	reactome.db_1.95.0__fgsea_1.36.2	ANAPC5;CDC20;UBE2C;BUB1B;ANAPC2;ANAPC1
R-HSA-6782315	0.0333911401069493	0.122047295524598	0.321775918075361	0.429094623781955	1.51248093525633	44	54517;54482;80324;221078;10785;54802;4234;79691;8270;54888;2058;63892;51504;9836;81890;55039;129450;51605;57604	completed	Reactome_preranked_GSEA_fallback	tRNA modification in the nucleus and cytosol	45	cancer_up	P1 cancer-minus-normal moderated t	20357	0	1	reactome.db_1.95.0__fgsea_1.36.2	PUS7;TRMT13;PUS1;NSUN6;WDR4;TRIT1;METTL1;QTRT2;LAGE3;NSUN2;EPRS1;THADA;TRMT112;LCMT2;QTRT1;TYW2;TYW5;TRMT6;TRMT9B
R-HSA-901032	0.0336616089582705	0.122707785189215	0.321775918075361	0.503243996613208	1.47303804120866	21	11253;7844;80267;9695;56886;10956;10206;11236;267	completed	Reactome_preranked_GSEA_fallback	ER Quality Control Compartment (ERQC)	21	cancer_up	P1 cancer-minus-normal moderated t	20357	0	1	reactome.db_1.95.0__fgsea_1.36.2	MAN1B1;RNF103;EDEM3;EDEM1;UGGT1;OS9;TRIM13;RNF139;AMFR
R-HSA-422356	0.033933244656625	0.123041765107709	0.321775918075361	-0.405483200527088	-1.48070380404181	72	3745;54331;2770;2791;948;150;5577;5906;111;5568;112;6812;2864;55970;6861	completed	Reactome_preranked_GSEA_fallback	Regulation of insulin secretion	78	normal_up	P1 cancer-minus-normal moderated t	20357	0	1	reactome.db_1.95.0__fgsea_1.36.2	KCNB1;GNG2;GNAI1;GNG11;CD36;ADRA2A;PRKAR2B;RAP1A;ADCY5;PRKACG;ADCY6;STXBP1;FFAR1;GNG12;SYT5
R-HSA-1852241	0.0338586415923437	0.123041765107709	0.321775918075361	0.266291792022949	1.26198976313979	280	89891;9727;11127;4735;8481;983;95681;7203;23265;3842;4751;9814;26005;91147;117177;7840;56652;1453;23054;54536;80321;200186;509;255758;22897;582;11116;4957;7277;28981;140735;10499;9738;22981;123016;6991;23354;79969;11232;1387;23082;5518;9662;585;9371;5469;57787;55770;149371;4218;57560;1778;10142;83657;54820;79598;79600;121441;26160;10733;85302;150737;4899;378;10498;51134;261734;79989;5310;55835;10576;85441;26146;403;84747;54806;84902;3418;55112;9657;8100	completed	Reactome_preranked_GSEA_fallback	Organelle biogenesis and maintenance	297	cancer_up	P1 cancer-minus-normal moderated t	20357	0	1	reactome.db_1.95.0__fgsea_1.36.2	DYNC2I2;RAB11FIP3;KIF3A;SEPTIN2;OFD1;CDK1;CEP41;CCT3;EXOC7;TNPO1;NEK2;SFI1;C2CD3;TMEM67;RAB3IP;ALMS1;TWNK;CSNK1D;NCOA6;EXOC6;CEP70;CRTC2;ATP5F1C;DYNLT2B;CEP164;BBS1;CEP43;ODF2;TUBA4A;IFT81;DYNLL2;NCOA2;CCP110;NINL;TTC8;DYNLT2;HAUS5;ATAT1;POLG2;CREBBP;PPRC1;PPP2R1A;CEP135;BBS4;KIF3B;MED1;MARK4;EXOC2;EXOC8;RAB8A;IFT80;DYNC1H1;AKAP9;DYNLRB2;NDE1;CEP97;TCTN1;NEDD1;IFT172;PLK4;FBF1;IFT70B;NRF1;ARF4;CARM1;CEP83;NPHP4;IFT56;PKD1;CPAP;CCT2;HELZ2;TRAF3IP1;ARL3;UNC119B;AHI1;CEP89;IDH2;DYNC2I1;IQCB1;IFT88
R-HSA-6804114	0.0348282485866679	0.125952951899405	0.321775918075361	0.547825925813836	1.52623358101018	17	2810;891;983;5111;1874;2033;10498;5933	completed	Reactome_preranked_GSEA_fallback	TP53 Regulates Transcription of Genes Involved in G2 Cell Cycle Arrest	17	cancer_up	P1 cancer-minus-normal moderated t	20357	0	1	reactome.db_1.95.0__fgsea_1.36.2	SFN;CCNB1;CDK1;PCNA;E2F4;EP300;CARM1;RBL1
R-HSA-176412	0.0352543035777171	0.127157342983481	0.321775918075361	0.537274474781596	1.54753888904255	20	51433;891;983;11065;29882;64682	completed	Reactome_preranked_GSEA_fallback	Phosphorylation of the APC/C	20	cancer_up	P1 cancer-minus-normal moderated t	20357	0	1	reactome.db_1.95.0__fgsea_1.36.2	ANAPC5;CCNB1;CDK1;UBE2C;ANAPC2;ANAPC1
R-HSA-877300	0.0359292875758452	0.129250884516264	0.321775918075361	0.345653072569407	1.36522184334793	83	3664;818;7706;7726;3665;81603;3661;55223;80263;10379;5894;10612;960;4939;5770;3134;10437;3126;23650;3659;4938;5371;567;8638;115362;3120;5777;2635	completed	Reactome_preranked_GSEA_fallback	Interferon gamma signaling	96	cancer_up	P1 cancer-minus-normal moderated t	20357	0	1	reactome.db_1.95.0__fgsea_1.36.2	IRF6;CAMK2G;TRIM25;TRIM26;IRF7;TRIM8;IRF3;TRIM62;TRIM45;IRF9;RAF1;TRIM3;CD44;OAS2;PTPN1;HLA-F;IFI30;HLA-DRB4;TRIM29;IRF1;OAS1;PML;B2M;OASL;GBP5;HLA-DQB2;PTPN6;GBP3
R-HSA-5693565	0.0362853061980822	0.130189012002043	0.321775918075361	0.376743070503626	1.43204959379089	64	580;23030;51588;3014;8349;9656;85236;9682;7329;7158;8365;11200;2140;8924;8347;672;7468;4361;5599;9025	completed	Reactome_preranked_GSEA_fallback	Recruitment and ATM-mediated phosphorylation of repair and signaling proteins at DNA double strand breaks	77	cancer_up	P1 cancer-minus-normal moderated t	20357	0	1	reactome.db_1.95.0__fgsea_1.36.2	BARD1;KDM4B;PIAS4;H2AX;H2BC21;MDC1;H2BC12;KDM4A;UBE2I;TP53BP1;H4C8;CHEK2;EYA3;HERC2;H2BC4;BRCA1;NSD2;MRE11;MAPK8;RNF8
R-HSA-163359	0.0368870241324364	0.132001471175499	0.321775918075361	-0.494447674088258	-1.49721323664355	30	54331;2791;5577;111;5568;112;55970;196883;5566;2641;2642	completed	Reactome_preranked_GSEA_fallback	Glucagon signaling in metabolic regulation	33	normal_up	P1 cancer-minus-normal moderated t	20357	0	1	reactome.db_1.95.0__fgsea_1.36.2	GNG2;GNG11;PRKAR2B;ADCY5;PRKACG;ADCY6;GNG12;ADCY4;PRKACA;GCG;GCGR
R-HSA-912446	0.0377739213527045	0.134822325036938	0.321775918075361	0.375232595833552	1.42630808238148	64	63979;3014;8349;8357;85236;8334;5888;641;1017;8365;7156;8337;8347;672;4361;5932;3020;3021;55732;3012;8367;1019;8353;10111;8294	completed	Reactome_preranked_GSEA_fallback	Meiotic recombination	87	cancer_up	P1 cancer-minus-normal moderated t	20357	0	1	reactome.db_1.95.0__fgsea_1.36.2	FIGNL1;H2AX;H2BC21;H3C10;H2BC12;H2AC6;RAD51;BLM;CDK2;H4C8;TOP3A;H2AC18;H2BC4;BRCA1;MRE11;RBBP8;H3-3A;H3-3B;FIRRM;H2AC8;H4C5;CDK4;H3C6;RAD50;H4C9
R-HSA-9033241	0.038021461277791	0.135352441580053	0.321775918075361	-0.421173756631819	-1.493669926313	61	55825;283927;847;1962;51;26061;1891;23417;51179;5264;8540;7311;6342;7316;3417;570;6233;373156;5830;4843;30;3295;2053;122970;8309;8528;10455;8239;3155	completed	Reactome_preranked_GSEA_fallback	Peroxisomal protein import	63	normal_up	P1 cancer-minus-normal moderated t	20357	0	1	reactome.db_1.95.0__fgsea_1.36.2	PECR;NUDT7;CAT;EHHADH;ACOX1;HACL1;ECH1;MLYCD;HAO2;PHYH;AGPS;UBA52;SCP2;UBC;IDH1;BAAT;RPS27A;GSTK1;PEX5;NOS2;ACAA1;HSD17B4;EPHX2;ACOT4;ACOX2;DDO;ECI2;USP9X;HMGCL
R-HSA-9694635	0.038236548219131	0.13576457510533	0.321775918075361	0.379259733616655	1.41815511929498	60	11320;6732;11253;83666;23193;54625;1452;11282;2932;7841;6185;10610;25921;1650;253832;7329;5589;6184;6733;3703;4249;56965;201595	completed	Reactome_preranked_GSEA_fallback	Translation of Structural Proteins	66	cancer_up	P1 cancer-minus-normal moderated t	20357	0	1	reactome.db_1.95.0__fgsea_1.36.2	MGAT4A;SRPK1;MAN1B1;PARP9;GANAB;PARP14;CSNK1A1;MGAT4B;GSK3B;MOGS;RPN2;ST6GALNAC2;ZDHHC5;DDOST;ZDHHC20;UBE2I;PRKCSH;RPN1;SRPK2;STT3A;MGAT5;PARP6;STT3B
R-HSA-983169	0.0396183280124465	0.140306358531125	0.321775918075361	0.24852704640281	1.20486240496921	360	51433;57674;991;146330;6892;151636;899;81559;11065;57630;29927;150726;114907;8673;144699;9871;3551;255488;4008;5721;84261;7064;63893;55176;57542;89122;25831;2923;7317;55521;223082;9632;65264;55236;23295;9820;79754;29882;27246;55175;3309;6890;84708;23014;11059;80196;9870;140459;64682;26263;6478;9246;7322;90678;51132;6477;7320;3134;9730;23608;55008;8924;6047;142678;55905;9817;5720;6500;51434;64320;140460;10802;9690;84861;4615;9520;811;222235;80028;23352;51444;8139;7327;567;143279;201456;10616;3685;55585;89890;5696;5709;5930;3093	completed	Reactome_preranked_GSEA_fallback	Class I MHC mediated antigen processing & presentation	374	cancer_up	P1 cancer-minus-normal moderated t	20357	0	1	reactome.db_1.95.0__fgsea_1.36.2	ANAPC5;RNF213;CDC20;FBXL16;TAPBP;DTX3L;CCNF;TRIM11;UBE2C;SH3RF1;SEC61A1;FBXO41;FBXO32;VAMP8;FBXL14;SEC24D;IKBKB;RNF144B;LMO7;PSME2;FBXW9;THOP1;UBE2O;SEC61A2;KLHL42;TRIM4;HECTD1;PDIA3;UBA1;TRIM36;ZNRF2;SEC24C;UBE2Z;UBA6;MGRN1;CUL7;ASB13;ANAPC2;RNF115;KLHL11;HSPA5;TAP1;LNX1;FBXO21;WWP1;RNF34;AREL1;ASB6;ANAPC1;FBXO22;SIAH2;UBE2L6;UBE2D2;LRSAM1;RLIM;SIAH1;UBE2B;HLA-F;DCAF1;MKRN1;HERC6;HERC2;RNF4;MIB2;RNF114;KEAP1;PSME1;SKP1;ANAPC7;RNF25;ASB7;SEC24A;UBE3C;KLHL22;MYD88;NPEPPS;CALR;FBXL13;FBXL18;UBR4;RNF138;GAN;UBE2G2;B2M;HECTD2;FBXO15;RBCK1;ITGAV;UBE2Q1;KBTBD6;PSMB8;PSMD3;RBBP6;UBE2K
R-HSA-6804757	0.0398731387444628	0.140843877683929	0.321775918075361	0.431733065168121	1.44243639334741	35	983;5170;890;4194;1616;64223;7874;5518;4193;80196;1017;253260;11200;79109;5527	completed	Reactome_preranked_GSEA_fallback	Regulation of TP53 Degradation	35	cancer_up	P1 cancer-minus-normal moderated t	20357	0	1	reactome.db_1.95.0__fgsea_1.36.2	CDK1;PDPK1;CCNA2;MDM4;DAXX;MLST8;USP7;PPP2R1A;MDM2;RNF34;CDK2;RICTOR;CHEK2;MAPKAP1;PPP2R5C
R-HSA-202427	0.0400229616114044	0.141008733306159	0.321775918075361	0.548634299144996	1.54511972667393	18	1445;5795;3126;3120;919;3932;55824;26191;917;915;3113;3115;916;3117	completed	Reactome_preranked_GSEA_fallback	Phosphorylation of CD3 and TCR zeta chains	22	cancer_up	P1 cancer-minus-normal moderated t	20357	0	1	reactome.db_1.95.0__fgsea_1.36.2	CSK;PTPRJ;HLA-DRB4;HLA-DQB2;CD247;LCK;PAG1;PTPN22;CD3G;CD3D;HLA-DPA1;HLA-DPB1;CD3E;HLA-DQA1
R-HSA-5620916	0.040644097633002	0.142829001193609	0.321775918075361	0.531921681073464	1.53212096614249	20	9727;23265;117177;54536;55770;149371;4218;378;5310;11336	completed	Reactome_preranked_GSEA_fallback	VxPx cargo-targeting to cilium	21	cancer_up	P1 cancer-minus-normal moderated t	20357	0	1	reactome.db_1.95.0__fgsea_1.36.2	RAB11FIP3;EXOC7;RAB3IP;EXOC6;EXOC2;EXOC8;RAB8A;ARF4;PKD1;EXOC3
R-HSA-9634597	0.0411662207171553	0.144292881334234	0.321775918075361	-0.446165114282146	-1.45823747070078	42	54331;2770;2791;5577;2852;111;5568;112;55970;196883	completed	Reactome_preranked_GSEA_fallback	GPER1 signaling	45	normal_up	P1 cancer-minus-normal moderated t	20357	0	1	reactome.db_1.95.0__fgsea_1.36.2	GNG2;GNAI1;GNG11;PRKAR2B;GPER1;ADCY5;PRKACG;ADCY6;GNG12;ADCY4
R-HSA-392154	0.0413773295413458	0.144661916836368	0.321775918075361	-0.545804105667625	-1.53642738098913	22	50940;5138;5136;5153	completed	Reactome_preranked_GSEA_fallback	Nitric oxide stimulates guanylate cyclase	22	normal_up	P1 cancer-minus-normal moderated t	20357	0	1	reactome.db_1.95.0__fgsea_1.36.2	PDE11A;PDE2A;PDE1A;PDE1B
R-HSA-9932444	0.042067930452863	0.145632164098092	0.321775918075361	0.470298375951719	1.51058698418762	30	6599;29998;86;55193;26039;196528;6603;8289;5977;9274;23506;53335;57492;64919;65980	completed	Reactome_preranked_GSEA_fallback	ATP-dependent chromatin remodelers	31	cancer_up	P1 cancer-minus-normal moderated t	20357	0	1	reactome.db_1.95.0__fgsea_1.36.2	SMARCC1;BICRA;ACTL6A;PBRM1;SS18L1;ARID2;SMARCD2;ARID1A;DPF2;BCL7C;BICRAL;BCL11A;ARID1B;BCL11B;BRD9
R-HSA-9932451	0.042067930452863	0.145632164098092	0.321775918075361	0.470298375951719	1.51058698418762	30	6599;29998;86;55193;26039;196528;6603;8289;5977;9274;23506;53335;57492;64919;65980	completed	Reactome_preranked_GSEA_fallback	SWI/SNF chromatin remodelers	31	cancer_up	P1 cancer-minus-normal moderated t	20357	0	1	reactome.db_1.95.0__fgsea_1.36.2	SMARCC1;BICRA;ACTL6A;PBRM1;SS18L1;ARID2;SMARCD2;ARID1A;DPF2;BCL7C;BICRAL;BCL11A;ARID1B;BCL11B;BRD9
R-HSA-9013409	0.0419487229891231	0.145632164098092	0.321775918075361	0.382890113568038	1.4008223493034	54	3728;5296;23513;10298;9743;81839;57580;7112;54874;7204;147179;91010;55240;9578;392;5058;7037;28964;8976	completed	Reactome_preranked_GSEA_fallback	RHOJ GTPase cycle	55	cancer_up	P1 cancer-minus-normal moderated t	20357	0	1	reactome.db_1.95.0__fgsea_1.36.2	JUP;PIK3R2;SCRIB;PAK4;ARHGAP32;VANGL1;PREX1;TMPO;FNBP1L;TRIO;WIPF2;FMNL3;STEAP3;CDC42BPB;ARHGAP1;PAK1;TFRC;GIT1;WASL
R-HSA-4420097	0.0420809837737719	0.145632164098092	0.321775918075361	0.330686814289313	1.3311448983565	93	5590;10451;3728;5603;5296;7410;57761;10152;5170;9261;3845;6461;64223;8877;3315;5335;26999;9564;5829;253260;5747;63916;10458;79109;4893;5058;25759;1499;207;387;3685;3265	completed	Reactome_preranked_GSEA_fallback	VEGFA-VEGFR2 Pathway	100	cancer_up	P1 cancer-minus-normal moderated t	20357	0	1	reactome.db_1.95.0__fgsea_1.36.2	PRKCZ;VAV3;JUP;MAPK13;PIK3R2;VAV2;TRIB3;ABI2;PDPK1;MAPKAPK2;KRAS;SHB;MLST8;SPHK1;HSPB1;PLCG1;CYFIP2;BCAR1;PXN;RICTOR;PTK2;ELMO2;BAIAP2;MAPKAP1;NRAS;PAK1;SHC2;CTNNB1;AKT1;RHOA;ITGAV;HRAS
R-HSA-948021	0.0428420477650715	0.147891614380941	0.321775918075361	0.282375458233715	1.26738345463328	175	23423;55738;375;7109;6712;11320;377;9871;9919;1453;4905;8703;10960;84516;832;54732;7277;9632;140735;11282;79090;6399;23256;11014;10652;22796;10342;1294;22870;1778;55291;23243;4249;22820;84364;91949;2801;9527;381;81562;11070;83696;10802;378;11316;64377;8775;51014;1314;11196;288;51143;149111;22818;8704;9486;2804;6480;22872	completed	Reactome_preranked_GSEA_fallback	Transport to the Golgi and subsequent modification	187	cancer_up	P1 cancer-minus-normal moderated t	20357	0	1	reactome.db_1.95.0__fgsea_1.36.2	TMED3;ARFGAP1;ARF1;TRAPPC10;SPTBN2;MGAT4A;ARF3;SEC24D;SEC16A;CSNK1D;NSF;B4GALT3;LMAN2;DCTN5;CAPZB;TMED9;TUBA4A;SEC24C;DYNLL2;MGAT4B;TRAPPC6A;TRAPPC2;SCFD1;KDELR2;YKT6;COG2;TFG;COL7A1;PPP6R1;DYNC1H1;PPP6R3;ANKRD28;MGAT5;COPG1;ARFGAP2;COG7;GOLGA2;GOSR1;ARF5;LMAN2L;TMEM115;TRAPPC9;SEC24A;ARF4;COPE;CHST8;NAPA;TMED7;COPA;SEC23IP;ANK3;DYNC1LI1;CNIH3;COPZ1;B4GALT2;CHST10;GOLGB1;ST6GAL1;SEC31A
R-HSA-193648	0.0430097497913599	0.148096543991912	0.321775918075361	0.371299515047603	1.36876094078638	56	10451;7410;9181;57580;9500;89846;7074;23263;10018;128272;27237;7984;25791;9639;23370;55160;1894;389337;7204	completed	Reactome_preranked_GSEA_fallback	NRAGE signals death through JNK	57	cancer_up	P1 cancer-minus-normal moderated t	20357	0	1	reactome.db_1.95.0__fgsea_1.36.2	VAV3;VAV2;ARHGEF2;PREX1;MAGED1;FGD3;TIAM1;MCF2L;BCL2L11;ARHGEF19;ARHGEF16;ARHGEF5;NGEF;ARHGEF10;ARHGEF18;ARHGEF10L;ECT2;ARHGEF37;TRIO
R-HSA-909733	0.0436491467827976	0.14992056193991	0.321775918075361	0.361183043248571	1.36336038948667	62	3664;103;3665;9636;3661;10379;2537;684;4939;5770;4599;3669;3134;7297;8519;3659;4938;91543;8638;5696;5610;5777;3433;3430;3662;3429;54739;3837;6772;11274;6773;6041;3455	completed	Reactome_preranked_GSEA_fallback	Interferon alpha/beta signaling	77	cancer_up	P1 cancer-minus-normal moderated t	20357	0	1	reactome.db_1.95.0__fgsea_1.36.2	IRF6;ADAR;IRF7;ISG15;IRF3;IRF9;IFI6;BST2;OAS2;PTPN1;MX1;ISG20;HLA-F;TYK2;IFITM1;IRF1;OAS1;RSAD2;OASL;PSMB8;EIF2AK2;PTPN6;IFIT2;IFI35;IRF4;IFI27;XAF1;KPNB1;STAT1;USP18;STAT2;RNASEL;IFNAR2
R-HSA-9675126	0.0439589508991952	0.150229714697999	0.321775918075361	0.419428497821048	1.4238510851226	38	51433;9134;11065;1616;1871;29882;595;1017;64682;1869	completed	Reactome_preranked_GSEA_fallback	Diseases of mitotic cell cycle	38	cancer_up	P1 cancer-minus-normal moderated t	20357	0	1	reactome.db_1.95.0__fgsea_1.36.2	ANAPC5;CCNE2;UBE2C;DAXX;E2F3;ANAPC2;CCND1;CDK2;ANAPC1;E2F1
R-HSA-9678108	0.043858032427041	0.150229714697999	0.321775918075361	0.308094853743257	1.31178915836402	132	2810;5094;92421;6229;598;7706;11123;3838;3178;5170;29108;3661;83666;23193;54625;5478;684;5479;2932;7841;10610;26007;6227;7329;5589;23586;7529;29110;340061;2033;56965;128866;8737;7415;9641;11035;5970;7533;6482;6188	completed	Reactome_preranked_GSEA_fallback	SARS-CoV-1 Infection	143	cancer_up	P1 cancer-minus-normal moderated t	20357	0	1	reactome.db_1.95.0__fgsea_1.36.2	SFN;PCBP2;CHMP4C;RPS24;BCL2L1;TRIM25;RCAN3;KPNA2;HNRNPA1;PDPK1;PYCARD;IRF3;PARP9;GANAB;PARP14;PPIA;BST2;PPIB;GSK3B;MOGS;ST6GALNAC2;TKFC;RPS21;UBE2I;PRKCSH;RIGI;YWHAB;TBK1;STING1;EP300;PARP6;CHMP4B;RIPK1;VCP;IKBKE;RIPK3;RELA;YWHAH;ST3GAL1;RPS3
R-HSA-76061	0.0445881862682261	0.152000126256023	0.321775918075361	0.485613772471058	1.52237915295717	28	2975;9329;5437;9533;2971;55718;2976;11128;27297;6908;171568	completed	Reactome_preranked_GSEA_fallback	RNA Polymerase III Transcription Initiation From Type 1 Promoter	28	cancer_up	P1 cancer-minus-normal moderated t	20357	0	1	reactome.db_1.95.0__fgsea_1.36.2	GTF3C1;GTF3C4;POLR2H;POLR1C;GTF3A;POLR3E;GTF3C2;POLR3A;CRCP;TBP;POLR3H
R-HSA-390471	0.0447282325399311	0.152098243487776	0.321775918075361	0.427732418536347	1.43514447002476	37	9134;7203;10238;6499;84261;8877;10528;83752;908;10564;55135;10574;10576;6774;7157;898	completed	Reactome_preranked_GSEA_fallback	Association of TriC/CCT with target proteins during biosynthesis	38	cancer_up	P1 cancer-minus-normal moderated t	20357	0	1	reactome.db_1.95.0__fgsea_1.36.2	CCNE2;CCT3;DCAF7;SKIC2;FBXW9;SPHK1;NOP56;LONP2;CCT6A;ARFGEF2;WRAP53;CCT7;CCT2;STAT3;TP53;CCNE1
R-HSA-6783589	0.0449753137809583	0.152558942775608	0.321775918075361	-0.543635714589231	-1.53032340450573	22	3590;5781;3569;9021;3977;3716;3570;1489;3717;9244;5008;867	completed	Reactome_preranked_GSEA_fallback	Interleukin-6 family signaling	24	normal_up	P1 cancer-minus-normal moderated t	20357	0	1	reactome.db_1.95.0__fgsea_1.36.2	IL11RA;PTPN11;IL6;SOCS3;LIFR;JAK1;IL6R;CTF1;JAK2;CRLF1;OSM;CBL
R-HSA-1566948	0.0453020134228188	0.153286763240082	0.276500599254472	-0.434800246038949	-1.42847328701782	43	650;8076;10516;2200;4239;8200;2199;2202;84695;84171;30008;2192;84034;3693;655;8425;8516;4054;4017;3690	completed	Reactome_preranked_GSEA_fallback	Elastic fibre formation	44	normal_up	P1 cancer-minus-normal moderated t	20357	0	1	reactome.db_1.95.0__fgsea_1.36.2	BMP2;MFAP5;FBLN5;FBN1;MFAP4;GDF5;FBLN2;EFEMP1;LOXL3;LOXL4;EFEMP2;FBLN1;EMILIN2;ITGB5;BMP7;LTBP4;ITGA8;LTBP3;LOXL2;ITGB3
R-HSA-5684996	0.0457063711911357	0.154273109674772	0.248911114434702	-0.295894786659396	-1.27139479620514	263	152831;284;2247;7094;5519;22821;801;9365;22808;5924;5290;54518;6711;2534;23179;5781;2675;3569;2246;1956;7010;8660;1843;2252;5906;2339;5700;5525;3568;1438;3716;7311;2250;408;1437;6654;5156;53358;1848;1839;2260;7316;5908;8817;5604;3570;7450;8074	completed	Reactome_preranked_GSEA_fallback	MAPK1/MAPK3 signaling	272	normal_up	P1 cancer-minus-normal moderated t	20357	0	1	reactome.db_1.95.0__fgsea_1.36.2	KLB;ANGPT1;FGF2;TLN1;PPP2R1B;RASA3;CALM1;KL;MRAS;RASGRF2;PIK3CA;APBB1IP;SPTBN1;FYN;RGL1;PTPN11;GFRA2;IL6;FGF1;EGFR;TEK;IRS2;DUSP1;FGF7;RAP1A;FNTA;PSMC1;PPP2R5A;IL5RA;CSF2RA;JAK1;UBA52;FGF5;ARRB1;CSF2;SOS1;PDGFRA;SHC3;DUSP6;HBEGF;FGFR1;UBC;RAP1B;FGF18;MAP2K1;IL6R;VWF;FGF23
R-HSA-9617828	0.0459363957597173	0.154287599517281	0.282013350011725	-0.581507416878132	-1.54258833258267	17	2308;9314;857;4087;694;5934	completed	Reactome_preranked_GSEA_fallback	FOXO-mediated transcription of cell cycle genes	17	normal_up	P1 cancer-minus-normal moderated t	20357	0	1	reactome.db_1.95.0__fgsea_1.36.2	FOXO1;KLF4;CAV1;SMAD2;BTG1;RBL2
R-HSA-9018677	0.0459363957597173	0.154287599517281	0.282013350011725	-0.579997917336562	-1.53858402186662	17	2948;5743;2879;4056;1565;4048;3248;2053	completed	Reactome_preranked_GSEA_fallback	Biosynthesis of DHA-derived SPMs	17	normal_up	P1 cancer-minus-normal moderated t	20357	0	1	reactome.db_1.95.0__fgsea_1.36.2	GSTM4;PTGS2;GPX4;LTC4S;CYP2D6;LTA4H;HPGD;EPHX2
R-HSA-163615	0.0466321243523316	0.156240475464797	0.276500599254472	-0.561863115514988	-1.53582988919655	19	801;5577;111;5568;112;196883;5566	completed	Reactome_preranked_GSEA_fallback	PKA activation	20	normal_up	P1 cancer-minus-normal moderated t	20357	0	1	reactome.db_1.95.0__fgsea_1.36.2	CALM1;PRKAR2B;ADCY5;PRKACG;ADCY6;ADCY4;PRKACA
R-HSA-211000	0.0470337062926937	0.157200676044284	0.321775918075361	0.339212718863712	1.33961399858309	85	8575;5437;3014;57510;8349;8357;85236;4603;8334;6895;5430;11022;29102;8365;54487;57690;5433;23405;7247;8337;144233;8347;56165;3020;3021;7257;5431;54456;113802;91646;3012;8367	completed	Reactome_preranked_GSEA_fallback	Gene Silencing by RNA	108	cancer_up	P1 cancer-minus-normal moderated t	20357	0	1	reactome.db_1.95.0__fgsea_1.36.2	PRKRA;POLR2H;H2AX;XPO5;H2BC21;H3C10;H2BC12;MYBL1;H2AC6;TARBP2;POLR2A;TDRKH;DROSHA;H4C8;DGCR8;TNRC6C;POLR2D;DICER1;TSN;H2AC18;BCDIN3D;H2BC4;TDRD1;H3-3A;H3-3B;TSNAX;POLR2B;MOV10L1;HENMT1;TDRD12;H2AC8;H4C5
R-HSA-445095	0.0490693739424704	0.163604473608188	0.266350657088526	-0.493450102621355	-1.48365081896346	29	287;6335;6330;6711;6327;6329	completed	Reactome_preranked_GSEA_fallback	Interaction between L1 and Ankyrins	31	normal_up	P1 cancer-minus-normal moderated t	20357	0	1	reactome.db_1.95.0__fgsea_1.36.2	ANK2;SCN9A;SCN4B;SPTBN1;SCN2B;SCN4A
R-HSA-164938	0.0499956156378455	0.166287120625145	0.321775918075361	0.520920632713508	1.50043408921763	20	10053;375;8905;1174;163	completed	Reactome_preranked_GSEA_fallback	Nef-mediates down modulation of cell surface receptors by recruiting them to clathrin adapters	22	cancer_up	P1 cancer-minus-normal moderated t	20357	0	1	reactome.db_1.95.0__fgsea_1.36.2	AP1M2;ARF1;AP1S2;AP1S1;AP2B1
R-HSA-9824585	0.0502377548940766	0.166686919757774	0.321775918075361	0.397484852727963	1.38560114325969	41	7020;6599;79083;54843;86;51176;26039;6603;8289;5977;4935;1499;9274	completed	Reactome_preranked_GSEA_fallback	Regulation of MITF-M-dependent genes involved in pigmentation	42	cancer_up	P1 cancer-minus-normal moderated t	20357	0	1	reactome.db_1.95.0__fgsea_1.36.2	TFAP2A;SMARCC1;MLPH;SYTL2;ACTL6A;LEF1;SS18L1;SMARCD2;ARID1A;DPF2;GPR143;CTNNB1;BCL7C
R-HSA-9860931	0.0504731861198738	0.16706257972365	0.252961123069611	-0.361331328156845	-1.35628931535414	90	7094;5519;801;54331;10203;133;2791;5290;5577;2534;1003;111;5568;112;55970;196883;10266	completed	Reactome_preranked_GSEA_fallback	Response of endothelial cells to shear stress	94	normal_up	P1 cancer-minus-normal moderated t	20357	0	1	reactome.db_1.95.0__fgsea_1.36.2	TLN1;PPP2R1B;CALM1;GNG2;CALCRL;ADM;GNG11;PIK3CA;PRKAR2B;FYN;CDH5;ADCY5;PRKACG;ADCY6;GNG12;ADCY4;RAMP2
R-HSA-8876725	0.0511882998171847	0.167402884808831	0.271288554688953	-0.590827573716753	-1.53364909880406	16	801;2109;151194;221143;1915	completed	Reactome_preranked_GSEA_fallback	Protein methylation	19	normal_up	P1 cancer-minus-normal moderated t	20357	0	1	reactome.db_1.95.0__fgsea_1.36.2	CALM1;ETFB;METTL21A;EEF1AKMT1;EEF1A1
R-HSA-70221	0.0511882998171847	0.167402884808831	0.271288554688953	-0.588105266685792	-1.52658263151237	16	801;5837;8908;5836;5236	completed	Reactome_preranked_GSEA_fallback	Glycogen breakdown (glycogenolysis)	17	normal_up	P1 cancer-minus-normal moderated t	20357	0	1	reactome.db_1.95.0__fgsea_1.36.2	CALM1;PYGM;GYG2;PYGL;PGM1
R-HSA-2979096	0.0510677986164223	0.167402884808831	0.321775918075361	0.488776551245514	1.4698253581404	23	4192;54492;3714;55851;23385;388677;102;142678;5664;51107	completed	Reactome_preranked_GSEA_fallback	NOTCH2 Activation and Transmission of Signal to the Nucleus	25	cancer_up	P1 cancer-minus-normal moderated t	20357	0	1	reactome.db_1.95.0__fgsea_1.36.2	MDK;NEURL1B;JAG2;PSENEN;NCSTN;NOTCH2NLA;ADAM10;MIB2;PSEN2;APH1A
R-HSA-937072	0.0509433962264151	0.167402884808831	0.276500599254472	-0.581141504200445	-1.46836672322885	15	7099;3656;7311;23643;7316;6233;929	completed	Reactome_preranked_GSEA_fallback	TRAF6-mediated induction of TAK1 complex within TLR4 complex	17	normal_up	P1 cancer-minus-normal moderated t	20357	0	1	reactome.db_1.95.0__fgsea_1.36.2	TLR4;IRAK2;UBA52;LY96;UBC;RPS27A;CD14
R-HSA-204005	0.0511409311608001	0.167402884808831	0.321775918075361	0.357980196824111	1.37138477672758	68	7109;9871;9919;1453;4905;10960;9632;79090;6399;23256;10652;10342;1294;22870;55291;23243;2801;81562;83696;10802;8775;11196	completed	Reactome_preranked_GSEA_fallback	COPII-mediated vesicle transport	69	cancer_up	P1 cancer-minus-normal moderated t	20357	0	1	reactome.db_1.95.0__fgsea_1.36.2	TRAPPC10;SEC24D;SEC16A;CSNK1D;NSF;LMAN2;SEC24C;TRAPPC6A;TRAPPC2;SCFD1;YKT6;TFG;COL7A1;PPP6R1;PPP6R3;ANKRD28;GOLGA2;LMAN2L;TRAPPC9;SEC24A;NAPA;SEC23IP
R-HSA-9861718	0.052901023890785	0.172180237282626	0.257206466468838	-0.467517925304898	-1.4420253436102	33	4199;57546;5166;5164;79018;5160;1737;1738;5161;7311;7316;23409;6233;4750;5162;8050;5163;4289;3939	completed	Reactome_preranked_GSEA_fallback	Regulation of pyruvate metabolism	33	normal_up	P1 cancer-minus-normal moderated t	20357	0	1	reactome.db_1.95.0__fgsea_1.36.2	ME1;PDP2;PDK4;PDK2;GID4;PDHA1;DLAT;DLD;PDHA2;UBA52;UBC;SIRT4;RPS27A;NEK1;PDHB;PDHX;PDK1;MKLN1;LDHA
R-HSA-3299685	0.052901023890785	0.172180237282626	0.257206466468838	-0.46514748166307	-1.43471388104995	33	847;2878;9588;6648;2876;4688;4689;343;2950;1536;10935;25828;1535;7295	completed	Reactome_preranked_GSEA_fallback	Detoxification of Reactive Oxygen Species	36	normal_up	P1 cancer-minus-normal moderated t	20357	0	1	reactome.db_1.95.0__fgsea_1.36.2	CAT;GPX3;PRDX6;SOD2;GPX1;NCF2;NCF4;AQP8;GSTP1;CYBB;PRDX3;TXN2;CYBA;TXN
R-HSA-382556	0.0530726479332783	0.172328526662213	0.321775918075361	-0.372129916116726	-1.38833942594595	86	23460;225;10350;10351;368;5824;1965;22;5700;23461;7311;7316;6233;5243;9861;64137;5714;11160;5684;64240;10060;5695;5707;20;1080;5694;5688;3767	completed	Reactome_preranked_GSEA_fallback	ABC-family proteins mediated transport	90	normal_up	P1 cancer-minus-normal moderated t	20357	0	1	reactome.db_1.95.0__fgsea_1.36.2	ABCA6;ABCD2;ABCA9;ABCA8;ABCC6;PEX19;EIF2S1;ABCB7;PSMC1;ABCA5;UBA52;UBC;RPS27A;ABCB1;PSMD6;ABCG4;PSMD8;ERLIN2;PSMA3;ABCG5;ABCC9;PSMB7;PSMD1;ABCA2;CFTR;PSMB6;PSMA7;KCNJ11
R-HSA-977225	0.0534655189408365	0.173192806616406	0.321775918075361	0.334682848161969	1.32172469825215	85	10098;6653;351;3014;8349;26088;8357;85236;8334;55851;23385;8365;102;4057;6478;9246;23163;6477;8337;6622;8347;51107;3015;3020;567	completed	Reactome_preranked_GSEA_fallback	Amyloid fiber formation	109	cancer_up	P1 cancer-minus-normal moderated t	20357	0	1	reactome.db_1.95.0__fgsea_1.36.2	TSPAN5;SORL1;APP;H2AX;H2BC21;GGA1;H3C10;H2BC12;H2AC6;PSENEN;NCSTN;H4C8;ADAM10;LTF;SIAH2;UBE2L6;GGA3;SIAH1;H2AC18;SNCA;H2BC4;APH1A;H2AZ1;H3-3A;B2M
R-HSA-416572	0.0536697299778249	0.173368893073682	0.321775918075361	0.533666756181309	1.5181025451879	19	3985;4627;2064;27289;10507	completed	Reactome_preranked_GSEA_fallback	Sema4D induced cell migration and growth-cone collapse	19	cancer_up	P1 cancer-minus-normal moderated t	20357	0	1	reactome.db_1.95.0__fgsea_1.36.2	LIMK2;MYH9;ERBB2;RND1;SEMA4D
R-HSA-6806003	0.0537735264544557	0.173368893073682	0.321775918075361	0.421657487531288	1.42024571362749	36	983;5170;890;4194;1616;64223;7874;5518;4193;80196;1017;253260;11200;79109;5527	completed	Reactome_preranked_GSEA_fallback	Regulation of TP53 Expression and Degradation	36	cancer_up	P1 cancer-minus-normal moderated t	20357	0	1	reactome.db_1.95.0__fgsea_1.36.2	CDK1;PDPK1;CCNA2;MDM4;DAXX;MLST8;USP7;PPP2R1A;MDM2;RNF34;CDK2;RICTOR;CHEK2;MAPKAP1;PPP2R5C
R-HSA-5654687	0.0542372881355932	0.174452642073779	0.252961123069611	-0.474363161173888	-1.44584519803275	31	2247;9365;5290;5781;2246;23768;2250;6654;2260;8074	completed	Reactome_preranked_GSEA_fallback	Downstream signaling of activated FGFR1	31	normal_up	P1 cancer-minus-normal moderated t	20357	0	1	reactome.db_1.95.0__fgsea_1.36.2	FGF2;KL;PIK3CA;PTPN11;FGF1;FLRT2;FGF5;SOS1;FGFR1;FGF23
R-HSA-5603041	0.0543859649122807	0.174520220739643	0.257206466468838	-0.550761305426963	-1.4796901468905	18	948;6271;7099;23643;929;2243;3146;695;51135;114609;7096	completed	Reactome_preranked_GSEA_fallback	IRAK4 deficiency (TLR2/4)	19	normal_up	P1 cancer-minus-normal moderated t	20357	0	1	reactome.db_1.95.0__fgsea_1.36.2	CD36;S100A1;TLR4;LY96;CD14;FGA;HMGB1;BTK;IRAK4;TIRAP;TLR1
R-HSA-5654700	0.0545144804088586	0.174522938451779	0.252961123069611	-0.497861715580615	-1.4457603082988	25	2247;5781;2246;2252;2250;6654;8817;8074	completed	Reactome_preranked_GSEA_fallback	FRS-mediated FGFR2 signaling	25	normal_up	P1 cancer-minus-normal moderated t	20357	0	1	reactome.db_1.95.0__fgsea_1.36.2	FGF2;PTPN11;FGF1;FGF7;FGF5;SOS1;FGF18;FGF23
R-HSA-1268020	0.0552763819095477	0.176548631005495	0.248911114434702	-0.389761673970378	-1.37750898138681	60	197257;400916;100272147;54927;1431;56993;7416;84269;3313;10531;26520;506;25813;9512;5009;29090;100287932;56942;26521;4714;131474	completed	Reactome_preranked_GSEA_fallback	Mitochondrial protein import	63	normal_up	P1 cancer-minus-normal moderated t	20357	0	1	reactome.db_1.95.0__fgsea_1.36.2	LDHD;CHCHD10;CMC4;CHCHD3;CS;TOMM22;VDAC1;CHCHD5;HSPA9;PITRM1;TIMM9;ATP5F1B;SAMM50;PMPCB;OTC;TIMM21;TIMM23;CMC2;TIMM8B;NDUFB8;CHCHD4
R-HSA-9012999	0.055953080060116	0.178293380984099	0.321775918075361	0.2391045383884	1.17959760971287	430	55227;10451;10970;3728;84612;5296;7410;85415;11180;29127;23513;57630;4646;8503;10152;10160;9181;10298;50619;9743;537;1445;80728;23197;7171;81839;55717;221178;399;57580;7112;57522;79869;8502;832;55971;89846;9231;51133;7074;27289;10811;253980;8776;9738;10963;23779;253959;80005;23256;23263;54874;92799;124540;25963;114822;397;128272;65992;27237;3326;25894;51291;57216;7984;23592;55023;25791;10652;9639;23370;55160;1894;26999;27316;157285;8027;63916;4296;222584;7204;147179;2885;55219;91010;10458;55240;9578;79598;84986;50650;2802;29766;84364;201176;5825;908;91544;392;5058;56924;23380;11113;26049;7037;9928;29984;9826;116984;27;28964;7126;8976;65124;23348;5099;1213;10574;6434;7415;10818;55968;55619;6472;10576;387;9146;4548;171177	completed	Reactome_preranked_GSEA_fallback	RHO GTPase cycle	442	cancer_up	P1 cancer-minus-normal moderated t	20357	0	1	reactome.db_1.95.0__fgsea_1.36.2	LRRC1;VAV3;CKAP4;JUP;PARD6B;PIK3R2;VAV2;RHPN2;WDR6;RACGAP1;SCRIB;SH3RF1;MYO6;PIK3R3;ABI2;FARP1;ARHGEF2;PAK4;DEF6;ARHGAP32;ATP6AP1;CSK;ARHGAP39;FAF2;TPM4;VANGL1;WDR11;SPATA13;RHOH;PREX1;TMPO;SRGAP1;CPSF7;PKP4;CAPZB;BAIAP2L1;FGD3;DLG5;KCTD3;TIAM1;RND1;NOXA1;KCTD13;MTMR1;CCP110;STIP1;ARHGAP8;RALGAPA1;DOCK5;SCFD1;MCF2L;FNBP1L;SHKBP1;MSI2;TMEM87A;RHPN1;ARHGDIB;ARHGEF19;DDRGK1;ARHGEF16;HSP90AB1;PLEKHG4;GMIP;VANGL2;ARHGEF5;LEMD3;PHIP;NGEF;YKT6;ARHGEF10;ARHGEF18;ARHGEF10L;ECT2;CYFIP2;RBMX;PRAG1;STAM;ELMO2;MAP3K11;FAM83B;TRIO;WIPF2;GRB2;MACO1;FMNL3;BAIAP2;STEAP3;CDC42BPB;CEP97;ARHGAP19;ARHGEF3;GOLGA3;TMOD3;ARFGAP2;ARHGAP27;ABCD3;CCT6A;UBXN11;ARHGAP1;PAK1;PAK6;SRGAP2;CIT;FAM169A;TFRC;KIF14;RHOD;ARHGEF11;ARAP2;ABL2;GIT1;TNFAIP1;WASL;SOWAHC;DOCK9;PCDH7;CLTC;CCT7;TRA2B;VCP;FRS2;NSFL1C;DOCK10;SHMT2;CCT2;RHOA;HGS;MTR;RHOV
R-HSA-5654228	0.0566037735849057	0.179383862476746	0.261663521711573	-0.577002504988124	-1.45790873895667	15	152831;2247;2246;8817;8074	completed	Reactome_preranked_GSEA_fallback	Phospholipase C-mediated cascade; FGFR4	15	normal_up	P1 cancer-minus-normal moderated t	20357	0	1	reactome.db_1.95.0__fgsea_1.36.2	KLB;FGF2;FGF1;FGF18;FGF23
R-HSA-445355	0.0568157339295451	0.179383862476746	0.321775918075361	-0.43730611246225	-1.44696546007084	44	7094;801;10580;217;301;25802;3672;4636;10627;8912	completed	Reactome_preranked_GSEA_fallback	Smooth Muscle Contraction	45	normal_up	P1 cancer-minus-normal moderated t	20357	0	1	reactome.db_1.95.0__fgsea_1.36.2	TLN1;CALM1;SORBS1;ALDH2;ANXA1;LMOD1;ITGA1;MYL5;MYL12A;CACNA1H
R-HSA-5654743	0.0569514237855946	0.179383862476746	0.245041785430996	-0.436035395395021	-1.40723839508828	40	152831;2247;5290;5781;2246;10253;7311;6654;7316;8817;8074	completed	Reactome_preranked_GSEA_fallback	Signaling by FGFR4	41	normal_up	P1 cancer-minus-normal moderated t	20357	0	1	reactome.db_1.95.0__fgsea_1.36.2	KLB;FGF2;PIK3CA;PTPN11;FGF1;SPRY2;UBA52;SOS1;UBC;FGF18;FGF23
R-HSA-9764265	0.0569495584678912	0.179383862476746	0.321775918075361	0.277438642636174	1.24263012375984	173	7020;5928;2146;5315;3728;7764;9743;7750;4343;3014;8349;1488;23193;8357;60436;85236;3065;8334;90701;7841;10009;6185;1650;5046;4193;54971;8289;5589;6184;8365;57690;3703;23512;5931;60559;8726;8337;8347;10585;23396;79872;1499;288;3020;59;387893	completed	Reactome_preranked_GSEA_fallback	Regulation of CDH1 Expression and Function	201	cancer_up	P1 cancer-minus-normal moderated t	20357	0	1	reactome.db_1.95.0__fgsea_1.36.2	TFAP2A;RBBP4;EZH2;PKM;JUP;ZNF217;ARHGAP32;ZMYM2;MOV10;H2AX;H2BC21;CTBP2;GANAB;H3C10;TGIF2;H2BC12;HDAC1;H2AC6;SEC11C;MOGS;ZBTB33;RPN2;DDOST;PCSK6;MDM2;BANP;ARID1A;PRKCSH;RPN1;H4C8;TNRC6C;STT3A;SUZ12;RBBP7;SPCS3;EED;H2AC18;H2BC4;POMT1;PIP5K1C;CBLL1;CTNNB1;ANK3;H3-3A;ACTA2;KMT5A
R-HSA-9764274	0.0569495584678912	0.179383862476746	0.321775918075361	0.277438642636174	1.24263012375984	173	7020;5928;2146;5315;3728;7764;9743;7750;4343;3014;8349;1488;23193;8357;60436;85236;3065;8334;90701;7841;10009;6185;1650;5046;4193;54971;8289;5589;6184;8365;57690;3703;23512;5931;60559;8726;8337;8347;10585;23396;79872;1499;288;3020;59;387893	completed	Reactome_preranked_GSEA_fallback	Regulation of Expression and Function of Type I Classical Cadherins	201	cancer_up	P1 cancer-minus-normal moderated t	20357	0	1	reactome.db_1.95.0__fgsea_1.36.2	TFAP2A;RBBP4;EZH2;PKM;JUP;ZNF217;ARHGAP32;ZMYM2;MOV10;H2AX;H2BC21;CTBP2;GANAB;H3C10;TGIF2;H2BC12;HDAC1;H2AC6;SEC11C;MOGS;ZBTB33;RPN2;DDOST;PCSK6;MDM2;BANP;ARID1A;PRKCSH;RPN1;H4C8;TNRC6C;STT3A;SUZ12;RBBP7;SPCS3;EED;H2AC18;H2BC4;POMT1;PIP5K1C;CBLL1;CTNNB1;ANK3;H3-3A;ACTA2;KMT5A
R-HSA-9825892	0.0573394495412844	0.180190867868818	0.287857117255149	0.533033160906346	1.48502119310747	17	891;51176;994;3065;3094;25942;595;1017;6909;1499	completed	Reactome_preranked_GSEA_fallback	Regulation of MITF-M-dependent genes involved in cell cycle and proliferation	18	cancer_up	P1 cancer-minus-normal moderated t	20357	0	1	reactome.db_1.95.0__fgsea_1.36.2	CCNB1;LEF1;CDC25B;HDAC1;HINT1;SIN3A;CCND1;CDK2;TBX2;CTNNB1
R-HSA-8948216	0.0581138963129122	0.182205725366401	0.321775918075361	0.408953239861216	1.44148620005947	44	1300;1301;1278;1290;85301;1289;1305;80781;1296;1307;1277;1294;1293;1303	completed	Reactome_preranked_GSEA_fallback	Collagen chain trimerization	44	cancer_up	P1 cancer-minus-normal moderated t	20357	0	1	reactome.db_1.95.0__fgsea_1.36.2	COL10A1;COL11A1;COL1A2;COL5A2;COL27A1;COL5A1;COL13A1;COL18A1;COL8A2;COL16A1;COL1A1;COL7A1;COL6A3;COL12A1
R-HSA-1362277	0.0586456617774915	0.183452218878331	0.321775918075361	0.530916355673371	1.51027858020784	19	5928;7153;5111;3065;993;1869;1874	completed	Reactome_preranked_GSEA_fallback	Transcription of E2F targets under negative control by DREAM complex	19	cancer_up	P1 cancer-minus-normal moderated t	20357	0	1	reactome.db_1.95.0__fgsea_1.36.2	RBBP4;TOP2A;PCNA;HDAC1;CDC25A;E2F1;E2F4
R-HSA-180024	0.0591216216216216	0.184098534753432	0.241339976815091	-0.499287826073017	-1.43726873411559	24	5519;801;5532;5577;5568;5534;5533;5566;5530;5516	completed	Reactome_preranked_GSEA_fallback	DARPP-32 events	26	normal_up	P1 cancer-minus-normal moderated t	20357	0	1	reactome.db_1.95.0__fgsea_1.36.2	PPP2R1B;CALM1;PPP3CB;PRKAR2B;PRKACG;PPP3R1;PPP3CC;PRKACA;PPP3CA;PPP2CB
R-HSA-2514859	0.0591216216216216	0.184098534753432	0.241339976815091	-0.459637046633787	-1.41248327946158	32	801;2339;2978;6011;5957;1259;9397;131890;2868;5148;10988	completed	Reactome_preranked_GSEA_fallback	Inactivation, recovery and regulation of the phototransduction cascade	35	normal_up	P1 cancer-minus-normal moderated t	20357	0	1	reactome.db_1.95.0__fgsea_1.36.2	CALM1;FNTA;GUCA1A;GRK1;RCVRN;CNGA1;NMT2;GRK7;GRK4;PDE6G;METAP2
R-HSA-176407	0.0598086124401914	0.18455614719129	0.287857117255149	0.505032489405724	1.45467066512519	20	51433;991;11065;29882;64682;8556;51434	completed	Reactome_preranked_GSEA_fallback	Conversion from APC/C:Cdc20 to APC/C:Cdh1 in late anaphase	20	cancer_up	P1 cancer-minus-normal moderated t	20357	0	1	reactome.db_1.95.0__fgsea_1.36.2	ANAPC5;CDC20;UBE2C;ANAPC2;ANAPC1;CDC14A;ANAPC7
R-HSA-1566977	0.0598086124401914	0.18455614719129	0.287857117255149	0.503609537554775	1.4505720648195	20	2335;1278;4680;1290;1289;634;1277;1294	completed	Reactome_preranked_GSEA_fallback	Fibronectin matrix formation	20	cancer_up	P1 cancer-minus-normal moderated t	20357	0	1	reactome.db_1.95.0__fgsea_1.36.2	FN1;COL1A2;CEACAM6;COL5A2;COL5A1;CEACAM1;COL1A1;COL7A1
R-HSA-8852135	0.0597578755030982	0.18455614719129	0.321775918075361	0.364830083937302	1.40806773096546	72	11065;56852;29089;5111;54623;7317;85236;65264;55236;7874;5194;5591;123169;9810;7322;7320;8078;8347;79139;7415;7327;55829	completed	Reactome_preranked_GSEA_fallback	Protein ubiquitination	78	cancer_up	P1 cancer-minus-normal moderated t	20357	0	1	reactome.db_1.95.0__fgsea_1.36.2	UBE2C;RAD18;UBE2T;PCNA;PAF1;UBA1;H2BC12;UBE2Z;UBA6;USP7;PEX13;PRKDC;LEO1;RNF40;UBE2D2;UBE2B;USP5;H2BC4;DERL1;VCP;UBE2G2;SELENOS
R-HSA-9734779	0.0594652967108716	0.18455614719129	0.321775918075361	0.363168268843134	1.38045000052508	64	7020;4072;100133941;3880;2625;4582;7022;2064;91074;93099;2099;960;360	completed	Reactome_preranked_GSEA_fallback	Developmental Cell Lineages of the Integumentary System	72	cancer_up	P1 cancer-minus-normal moderated t	20357	0	1	reactome.db_1.95.0__fgsea_1.36.2	TFAP2A;EPCAM;CD24;KRT19;GATA3;MUC1;TFAP2C;ERBB2;ANKRD30A;DMKN;ESR1;CD44;AQP3
R-HSA-2129379	0.0609137055837564	0.187542872822061	0.237793834423688	-0.448514705553034	-1.40900023648245	36	650;8076;10516;2200;4239;8200;2199;2202;30008;2192;84034;3693;655;8425;8516;4054;3690;652	completed	Reactome_preranked_GSEA_fallback	Molecules associated with elastic fibres	37	normal_up	P1 cancer-minus-normal moderated t	20357	0	1	reactome.db_1.95.0__fgsea_1.36.2	BMP2;MFAP5;FBLN5;FBN1;MFAP4;GDF5;FBLN2;EFEMP1;EFEMP2;FBLN1;EMILIN2;ITGB5;BMP7;LTBP4;ITGA8;LTBP3;ITGB3;BMP4
R-HSA-190236	0.061128526645768	0.187781339156775	0.227987202850442	-0.354130562652779	-1.3261263308746	87	152831;83888;2247;9365;5290;5441;53834;5781;2246;2252;10253;23768;5434;7311;2250;6654;2963;7049;2260;7316;8817;8074	completed	Reactome_preranked_GSEA_fallback	Signaling by FGFR	89	normal_up	P1 cancer-minus-normal moderated t	20357	0	1	reactome.db_1.95.0__fgsea_1.36.2	KLB;FGFBP2;FGF2;KL;PIK3CA;POLR2L;FGFRL1;PTPN11;FGF1;FGF7;SPRY2;FLRT2;POLR2E;UBA52;FGF5;SOS1;GTF2F2;TGFBR3;FGFR1;UBC;FGF18;FGF23
R-HSA-400042	0.0613287904599659	0.187974117844783	0.237793834423688	-0.486252086986571	-1.41204664908364	25	54331;2770;2791;150;111;112;55970	completed	Reactome_preranked_GSEA_fallback	Adrenaline,noradrenaline inhibits insulin secretion	28	normal_up	P1 cancer-minus-normal moderated t	20357	0	1	reactome.db_1.95.0__fgsea_1.36.2	GNG2;GNAI1;GNG11;ADRA2A;ADCY5;ADCY6;GNG12
R-HSA-3000480	0.0618374558303887	0.188266819866685	0.241339976815091	-0.564746591435393	-1.49812621048072	17	338;286133;78989;5648;8685;81035;1282	completed	Reactome_preranked_GSEA_fallback	Scavenging by Class A Receptors	19	normal_up	P1 cancer-minus-normal moderated t	20357	0	1	reactome.db_1.95.0__fgsea_1.36.2	APOB;SCARA5;COLEC11;MASP1;MARCO;COLEC12;COL4A1
R-HSA-77387	0.0618211490526776	0.188266819866685	0.321775918075361	0.453865414160716	1.45780470922673	30	537;5792;155066;23545;9550;533;527;5770;1509;10312;525;8992;535	completed	Reactome_preranked_GSEA_fallback	Insulin receptor recycling	30	cancer_up	P1 cancer-minus-normal moderated t	20357	0	1	reactome.db_1.95.0__fgsea_1.36.2	ATP6AP1;PTPRF;ATP6V0E2;ATP6V0A2;ATP6V1G1;ATP6V0B;ATP6V0C;PTPN1;CTSD;TCIRG1;ATP6V1B1;ATP6V0E1;ATP6V0A1
R-HSA-3214842	0.0617283950617284	0.188266819866685	0.287857117255149	0.39550282787562	1.36758142119043	40	23133;23030;22992;8357;9682;5927;221656;84678;8365;5253;23135;55818;80853	completed	Reactome_preranked_GSEA_fallback	HDMs demethylate histones	50	cancer_up	P1 cancer-minus-normal moderated t	20357	0	1	reactome.db_1.95.0__fgsea_1.36.2	PHF8;KDM4B;KDM2A;H3C10;KDM4A;KDM5A;KDM1B;KDM2B;H4C8;PHF2;KDM6B;KDM3A;KDM7A
R-HSA-9680350	0.0626057529610829	0.189760674717961	0.234392647294686	-0.471044624434956	-1.42634758683872	30	5290;9846;2534;5781;139716;7311;6654;1436;7316;1435	completed	Reactome_preranked_GSEA_fallback	Signaling by CSF1 (M-CSF) in myeloid cells	31	normal_up	P1 cancer-minus-normal moderated t	20357	0	1	reactome.db_1.95.0__fgsea_1.36.2	PIK3CA;GAB2;FYN;PTPN11;GAB3;UBA52;SOS1;CSF1R;UBC;CSF1
R-HSA-176409	0.0624864355966723	0.189760674717961	0.321775918075361	0.378849289207821	1.41819845690815	61	51433;991;891;983;11065;4751;890;701	completed	Reactome_preranked_GSEA_fallback	APC/C:Cdc20 mediated degradation of mitotic proteins	63	cancer_up	P1 cancer-minus-normal moderated t	20357	0	1	reactome.db_1.95.0__fgsea_1.36.2	ANAPC5;CDC20;CCNB1;CDK1;UBE2C;NEK2;CCNA2;BUB1B
R-HSA-75893	0.0640637186098918	0.193322523928746	0.287805130535564	0.402264676184021	1.41195046172302	43	9261;3551;6610;6868;8772;56928;8567;7322;8408;29110;7186;257397;1540;142678;8737;9641;10616;10273;10454;55512;90268	completed	Reactome_preranked_GSEA_fallback	TNF signaling	44	cancer_up	P1 cancer-minus-normal moderated t	20357	0	1	reactome.db_1.95.0__fgsea_1.36.2	MAPKAPK2;IKBKB;SMPD2;ADAM17;FADD;SPPL2B;MADD;UBE2D2;ULK1;TBK1;TRAF2;TAB3;CYLD;MIB2;RIPK1;IKBKE;RBCK1;STUB1;TAB1;SMPD3;OTULIN
R-HSA-9020591	0.0640394088669951	0.193322523928746	0.282013350011725	0.392244181281997	1.37677848853904	43	4282;6627;1072;375;3181;5721;5478;5034	completed	Reactome_preranked_GSEA_fallback	Interleukin-12 signaling	46	cancer_up	P1 cancer-minus-normal moderated t	20357	0	1	reactome.db_1.95.0__fgsea_1.36.2	MIF;SNRPA1;CFL1;ARF1;HNRNPA2B1;PSME2;PPIA;P4HB
R-HSA-204998	0.0643252968624063	0.193684318966761	0.287805130535564	0.361757789978118	1.39621016171766	72	10451;7410;835;9181;57580;9500;89846;7074;55851;23263;10018;23385;128272;27237;7984;25791;9639;23370;55160;1894;389337;7204;50650;5664;9826;51107;5599;23421	completed	Reactome_preranked_GSEA_fallback	Cell death signalling via NRAGE, NRIF and NADE	73	cancer_up	P1 cancer-minus-normal moderated t	20357	0	1	reactome.db_1.95.0__fgsea_1.36.2	VAV3;VAV2;CASP2;ARHGEF2;PREX1;MAGED1;FGD3;TIAM1;PSENEN;MCF2L;BCL2L11;NCSTN;ARHGEF19;ARHGEF16;ARHGEF5;NGEF;ARHGEF10;ARHGEF18;ARHGEF10L;ECT2;ARHGEF37;TRIO;ARHGEF3;PSEN2;ARHGEF11;APH1A;MAPK8;ITGB3BP
R-HSA-389661	0.0649122807017544	0.195022170811644	0.234392647294686	-0.544358688614442	-1.46248870423567	18	112817;8659;1738;92259;2653;5827	completed	Reactome_preranked_GSEA_fallback	Glyoxylate metabolism and glycine degradation	19	normal_up	P1 cancer-minus-normal moderated t	20357	0	1	reactome.db_1.95.0__fgsea_1.36.2	HOGA1;ALDH4A1;DLD;KGD4;GCSH;PXMP2
R-HSA-6802952	0.0651629072681704	0.195345820692081	0.282013350011725	0.352267652628206	1.32765401339488	63	54845;818;2335;1445;10256;57085;3845;8087;56829;8805;5894;4140;10018;57670;5605;10142;27044;7529;55750;4893	completed	Reactome_preranked_GSEA_fallback	Signaling by BRAF and RAF1 fusions	67	cancer_up	P1 cancer-minus-normal moderated t	20357	0	1	reactome.db_1.95.0__fgsea_1.36.2	ESRP1;CAMK2G;FN1;CSK;CNKSR1;AGTRAP;KRAS;FXR1;ZC3HAV1;TRIM24;RAF1;MARK3;BCL2L11;KIAA1549;MAP2K2;AKAP9;SND1;YWHAB;AGK;NRAS
R-HSA-5673001	0.0653685674547983	0.195533548601114	0.206587922696891	-0.289230658605609	-1.23900779655179	257	152831;284;2247;7094;5519;22821;801;9365;22808;5924;5290;54518;6711;2534;23179;2675;2246;1956;7010;8660;1843;2252;5906;2339;5700;5525;3568;1438;3716;7311;2250;408;1437;6654;5156;53358;1848;1839;2260;7316;5908;8817;5604;7450;8074	completed	Reactome_preranked_GSEA_fallback	RAF/MAP kinase cascade	266	normal_up	P1 cancer-minus-normal moderated t	20357	0	1	reactome.db_1.95.0__fgsea_1.36.2	KLB;ANGPT1;FGF2;TLN1;PPP2R1B;RASA3;CALM1;KL;MRAS;RASGRF2;PIK3CA;APBB1IP;SPTBN1;FYN;RGL1;GFRA2;FGF1;EGFR;TEK;IRS2;DUSP1;FGF7;RAP1A;FNTA;PSMC1;PPP2R5A;IL5RA;CSF2RA;JAK1;UBA52;FGF5;ARRB1;CSF2;SOS1;PDGFRA;SHC3;DUSP6;HBEGF;FGFR1;UBC;RAP1B;FGF18;MAP2K1;VWF;FGF23
R-HSA-76066	0.0658536585365854	0.196554478645223	0.276500599254472	0.455062903466027	1.41791257822865	27	2975;9329;5437;9533;55718;2976;11128;27297;6908;171568	completed	Reactome_preranked_GSEA_fallback	RNA Polymerase III Transcription Initiation From Type 2 Promoter	27	cancer_up	P1 cancer-minus-normal moderated t	20357	0	1	reactome.db_1.95.0__fgsea_1.36.2	GTF3C1;GTF3C4;POLR2H;POLR1C;POLR3E;GTF3C2;POLR3A;CRCP;TBP;POLR3H
R-HSA-179409	0.0660146699266504	0.196605781676974	0.276500599254472	0.452434336053514	1.39515574572004	26	51433;991;11065;4751;701;29882;64682	completed	Reactome_preranked_GSEA_fallback	APC-Cdc20 mediated degradation of Nek2A	26	cancer_up	P1 cancer-minus-normal moderated t	20357	0	1	reactome.db_1.95.0__fgsea_1.36.2	ANAPC5;CDC20;UBE2C;NEK2;BUB1B;ANAPC2;ANAPC1
R-HSA-499943	0.0661764705882353	0.196659207161125	0.276500599254472	0.449242029674027	1.40835523903652	28	6241;4832;7298;56474;79077;1841;1503;2936;4830;26289;158067;6240	completed	Reactome_preranked_GSEA_fallback	Interconversion of nucleotide di- and triphosphates	29	cancer_up	P1 cancer-minus-normal moderated t	20357	0	1	reactome.db_1.95.0__fgsea_1.36.2	RRM2;NME3;TYMS;CTPS2;DCTPP1;DTYMK;CTPS1;GSR;NME1;AK5;AK8;RRM1
R-HSA-4641263	0.0667808219178082	0.198024693192286	0.227987202850442	-0.524748838257621	-1.45132346946189	20	84870;8322;7855;7311;7316;9101;6233	completed	Reactome_preranked_GSEA_fallback	Regulation of FZD by ubiquitination	21	normal_up	P1 cancer-minus-normal moderated t	20357	0	1	reactome.db_1.95.0__fgsea_1.36.2	RSPO3;FZD4;FZD5;UBA52;UBC;USP8;RPS27A
R-HSA-1296065	0.0675675675675676	0.198826035011168	0.224966093540314	-0.453567156578535	-1.39383026122903	32	54331;2791;3764;3766;3758;55970	completed	Reactome_preranked_GSEA_fallback	Inwardly rectifying K+ channels	35	normal_up	P1 cancer-minus-normal moderated t	20357	0	1	reactome.db_1.95.0__fgsea_1.36.2	GNG2;GNG11;KCNJ8;KCNJ10;KCNJ1;GNG12
R-HSA-6811438	0.0676328502415459	0.198826035011168	0.271288554688953	0.391095681625043	1.37298936912948	42	9266;375;143187;4905;1523;10652;22796;8675;9827;91949;9527;9267;10228;8775	completed	Reactome_preranked_GSEA_fallback	Intra-Golgi traffic	44	cancer_up	P1 cancer-minus-normal moderated t	20357	0	1	reactome.db_1.95.0__fgsea_1.36.2	CYTH2;ARF1;VTI1A;NSF;CUX1;YKT6;COG2;STX16;RGP1;COG7;GOSR1;CYTH1;STX6;NAPA
R-HSA-3769402	0.0676328502415459	0.198826035011168	0.271288554688953	0.390642100009968	1.37139701522534	42	6659;7090;6662;51176;57680;9757;4221;90780;3065;11091;5929;324;607;7514	completed	Reactome_preranked_GSEA_fallback	Deactivation of the beta-catenin transactivating complex	43	cancer_up	P1 cancer-minus-normal moderated t	20357	0	1	reactome.db_1.95.0__fgsea_1.36.2	SOX4;TLE3;SOX9;LEF1;CHD8;KMT2B;MEN1;PYGO2;HDAC1;WDR5;RBBP5;APC;BCL9;XPO1
R-HSA-3371556	0.0675675675675676	0.198826035011168	0.287857117255149	0.330550838382102	1.30912590135754	86	8480;818;9261;348995;55706;3306;64223;23165;2932;57805;1387;3309;3326;23225;3281;9818;10762;129401;2033;3308;79902;4928;10808;23279;3305;7415;9631;9688;6782;2288;10013;9531;10728	completed	Reactome_preranked_GSEA_fallback	Cellular response to heat stress	88	cancer_up	P1 cancer-minus-normal moderated t	20357	0	1	reactome.db_1.95.0__fgsea_1.36.2	RAE1;CAMK2G;MAPKAPK2;NUP43;NDC1;HSPA2;MLST8;NUP205;GSK3B;CCAR2;CREBBP;HSPA5;HSP90AB1;NUP210;HSBP1;NUP58;NUP50;NUP35;EP300;HSPA4;NUP85;NUP98;HSPH1;NUP160;HSPA1L;VCP;NUP155;NUP93;HSPA13;FKBP4;HDAC6;BAG3;PTGES3
R-HSA-9613829	0.0683760683760684	0.19972240485061	0.224966093540314	-0.508903793677435	-1.43255375834677	22	6035;7431;123;2670;1915;7311;7316	completed	Reactome_preranked_GSEA_fallback	Chaperone Mediated Autophagy	22	normal_up	P1 cancer-minus-normal moderated t	20357	0	1	reactome.db_1.95.0__fgsea_1.36.2	RNASE1;VIM;PLIN2;GFAP;EEF1A1;UBA52;UBC
R-HSA-201556	0.0681265206812652	0.19972240485061	0.271288554688953	0.436102580974892	1.3866271897398	29	1786;5296;4192;3065;25942;5335;6464;2033;10818;29126;5777;639;6714;6774;3718	completed	Reactome_preranked_GSEA_fallback	Signaling by ALK	30	cancer_up	P1 cancer-minus-normal moderated t	20357	0	1	reactome.db_1.95.0__fgsea_1.36.2	DNMT1;PIK3R2;MDK;HDAC1;SIN3A;PLCG1;SHC1;EP300;FRS2;CD274;PTPN6;PRDM1;SRC;STAT3;JAK3
R-HSA-3000170	0.0682926829268293	0.19972240485061	0.271288554688953	0.443712357325083	1.38254585855006	27	6382;6385;2335;1278;1290;3673;1289;3371	completed	Reactome_preranked_GSEA_fallback	Syndecan interactions	27	cancer_up	P1 cancer-minus-normal moderated t	20357	0	1	reactome.db_1.95.0__fgsea_1.36.2	SDC1;SDC4;FN1;COL1A2;COL5A2;ITGA2;COL5A1;TNC
R-HSA-9748787	0.0685579196217494	0.199826601541432	0.266350657088526	0.505976619236793	1.43933341279362	19	10451;7410;3251;10057;7172;4830;8833;7498;3615;2987;64078;9153;3614	completed	Reactome_preranked_GSEA_fallback	Azathioprine ADME	23	cancer_up	P1 cancer-minus-normal moderated t	20357	0	1	reactome.db_1.95.0__fgsea_1.36.2	VAV3;VAV2;HPRT1;ABCC5;TPMT;NME1;GMPS;XDH;IMPDH2;GUK1;SLC28A3;SLC28A2;IMPDH1
R-HSA-3371453	0.0688775510204082	0.200331089882762	0.276500599254472	0.349775642368586	1.32848769519846	66	8480;9261;348995;55706;3306;23165;2932;57805;3309;23225;9818;10762;129401;3308;79902;4928;10808;23279;3305;9631;9688;6782	completed	Reactome_preranked_GSEA_fallback	Regulation of HSF1-mediated heat shock response	68	cancer_up	P1 cancer-minus-normal moderated t	20357	0	1	reactome.db_1.95.0__fgsea_1.36.2	RAE1;MAPKAPK2;NUP43;NDC1;HSPA2;NUP205;GSK3B;CCAR2;HSPA5;NUP210;NUP58;NUP50;NUP35;HSPA4;NUP85;NUP98;HSPH1;NUP160;HSPA1L;NUP155;NUP93;HSPA13
R-HSA-111931	0.070446735395189	0.200874051659392	0.222056046145248	-0.520484601608589	-1.45404896638977	21	801;5577;111;5568;112;196883;5566	completed	Reactome_preranked_GSEA_fallback	PKA-mediated phosphorylation of CREB	22	normal_up	P1 cancer-minus-normal moderated t	20357	0	1	reactome.db_1.95.0__fgsea_1.36.2	CALM1;PRKAR2B;ADCY5;PRKACG;ADCY6;ADCY4;PRKACA
R-HSA-5654712	0.0700854700854701	0.200874051659392	0.222056046145248	-0.502898159772915	-1.41564802188329	22	152831;2247;5781;2246;6654;8817;8074	completed	Reactome_preranked_GSEA_fallback	FRS-mediated FGFR4 signaling	22	normal_up	P1 cancer-minus-normal moderated t	20357	0	1	reactome.db_1.95.0__fgsea_1.36.2	KLB;FGF2;PTPN11;FGF1;SOS1;FGF18;FGF23
R-HSA-5250924	0.0692433211197434	0.200874051659392	0.287805130535564	0.361681226167766	1.38486447538728	67	5437;9533;79101;2648;3014;8349;8357;9013;85236;8334;2932;23451;25885;8365;6908;2033;8337;2074;8347;3020;10514;3021	completed	Reactome_preranked_GSEA_fallback	B-WICH complex positively regulates rRNA expression	90	cancer_up	P1 cancer-minus-normal moderated t	20357	0	1	reactome.db_1.95.0__fgsea_1.36.2	POLR2H;POLR1C;TAF1D;KAT2A;H2AX;H2BC21;H3C10;TAF1C;H2BC12;H2AC6;GSK3B;SF3B1;POLR1A;H4C8;TBP;EP300;H2AC18;ERCC6;H2BC4;H3-3A;MYBBP1A;H3-3B
R-HSA-9700206	0.0706296180991425	0.200874051659392	0.287805130535564	0.331756822813746	1.31582024097592	87	57674;1786;891;5296;4627;9451;2335;7171;4343;4008;3065;5335;4193;8496;10342;57448;57690;2885;6464;7297;4204;6500;471;5599;1213;10818;8878;5777;53335;6774;7157;22872	completed	Reactome_preranked_GSEA_fallback	Signaling by ALK in cancer	90	cancer_up	P1 cancer-minus-normal moderated t	20357	0	1	reactome.db_1.95.0__fgsea_1.36.2	RNF213;DNMT1;CCNB1;PIK3R2;MYH9;EIF2AK3;FN1;TPM4;MOV10;LMO7;HDAC1;PLCG1;MDM2;PPFIBP1;TFG;BIRC6;TNRC6C;GRB2;SHC1;TYK2;MECP2;SKP1;ATIC;MAPK8;CLTC;FRS2;SQSTM1;PTPN6;BCL11A;STAT3;TP53;SEC31A
R-HSA-9725370	0.0706296180991425	0.200874051659392	0.287805130535564	0.331756822813746	1.31582024097592	87	57674;1786;891;5296;4627;9451;2335;7171;4343;4008;3065;5335;4193;8496;10342;57448;57690;2885;6464;7297;4204;6500;471;5599;1213;10818;8878;5777;53335;6774;7157;22872	completed	Reactome_preranked_GSEA_fallback	Signaling by ALK fusions and activated point mutants	90	cancer_up	P1 cancer-minus-normal moderated t	20357	0	1	reactome.db_1.95.0__fgsea_1.36.2	RNF213;DNMT1;CCNB1;PIK3R2;MYH9;EIF2AK3;FN1;TPM4;MOV10;LMO7;HDAC1;PLCG1;MDM2;PPFIBP1;TFG;BIRC6;TNRC6C;GRB2;SHC1;TYK2;MECP2;SKP1;ATIC;MAPK8;CLTC;FRS2;SQSTM1;PTPN6;BCL11A;STAT3;TP53;SEC31A
R-HSA-8873719	0.0705289672544081	0.200874051659392	0.271288554688953	0.349928199933686	1.30993418045551	61	57111;376267;22931;5874;9545;25837;1122;64284;5870;4218;10966;5869;53917;201475;23682;51552	completed	Reactome_preranked_GSEA_fallback	RAB geranylgeranylation	65	cancer_up	P1 cancer-minus-normal moderated t	20357	0	1	reactome.db_1.95.0__fgsea_1.36.2	RAB25;RAB15;RAB18;RAB27B;RAB3D;RAB26;CHML;RAB17;RAB6A;RAB8A;RAB40B;RAB5B;RAB24;RAB12;RAB38;RAB14
R-HSA-9764560	0.0706806282722513	0.200874051659392	0.276500599254472	0.332218157073109	1.30667775489182	80	7020;5928;2146;5315;7764;7750;3014;8349;1488;8357;60436;85236;3065;8334;10009	completed	Reactome_preranked_GSEA_fallback	Regulation of CDH1 Gene Transcription	103	cancer_up	P1 cancer-minus-normal moderated t	20357	0	1	reactome.db_1.95.0__fgsea_1.36.2	TFAP2A;RBBP4;EZH2;PKM;ZNF217;ZMYM2;H2AX;H2BC21;CTBP2;H3C10;TGIF2;H2BC12;HDAC1;H2AC6;ZBTB33
R-HSA-9855142	0.0700934579439252	0.200874051659392	0.211400189384923	-0.340964160465323	-1.30007453627863	100	7094;5519;801;54331;10203;133;781;2791;5290;5577;2534;1003;111;5568;112;55970;196883;10266	completed	Reactome_preranked_GSEA_fallback	Cellular responses to mechanical stimuli	104	normal_up	P1 cancer-minus-normal moderated t	20357	0	1	reactome.db_1.95.0__fgsea_1.36.2	TLN1;PPP2R1B;CALM1;GNG2;CALCRL;ADM;CACNA2D1;GNG11;PIK3CA;PRKAR2B;FYN;CDH5;ADCY5;PRKACG;ADCY6;GNG12;ADCY4;RAMP2
R-HSA-5619102	0.0706521739130435	0.200874051659392	0.282013350011725	0.31828582470608	1.28572731033288	94	8480;7355;4891;3098;348995;55706;81031;23443;23165;6578;6584;55630;23225;9197;9818;10762;10999;10559;129401;6520;55315;5002;79902;4928;9187	completed	Reactome_preranked_GSEA_fallback	SLC transporter disorders	97	cancer_up	P1 cancer-minus-normal moderated t	20357	0	1	reactome.db_1.95.0__fgsea_1.36.2	RAE1;SLC35A2;SLC11A2;HK1;NUP43;NDC1;SLC2A10;SLC35A3;NUP205;SLCO2A1;SLC22A5;SLC39A4;NUP210;SLC33A1;NUP58;NUP50;SLC27A4;SLC35A1;NUP35;SLC3A2;SLC29A3;SLC67A1;NUP85;NUP98;SLC24A1
R-HSA-6809371	0.0698924731182796	0.200874051659392	0.282013350011725	0.319424087563698	1.2843389638954	92	5652;3880;3728;6768;823;3855;8502;144501;5046;11187;3866;2125;1824;3889;1825;43849;3854;3872;3892;5318;6707;64065;3853;3852;147409;54474;3858;3881;3713;3882;3887;9119;147183;3861;25984	completed	Reactome_preranked_GSEA_fallback	Formation of the cornified envelope	124	cancer_up	P1 cancer-minus-normal moderated t	20357	0	1	reactome.db_1.95.0__fgsea_1.36.2	PRSS8;KRT19;JUP;ST14;CAPN1;KRT7;PKP4;KRT80;PCSK6;PKP3;KRT15;EVPL;DSC2;KRT83;DSC3;KLK12;KRT6B;KRT17;KRT86;PKP2;SPRR3;PERP;KRT6A;KRT5;DSG4;KRT20;KRT10;KRT31;IVL;KRT32;KRT81;KRT75;KRT25;KRT14;KRT23
R-HSA-71387	0.0698630136986301	0.200874051659392	0.197822021315103	-0.282496154471221	-1.22616371883039	290	10894;5105;5207;30815;5519;216;801;230;2719;5837;5091;2632;8908;5836;5209;56548;5549;5236;3036;9331;10082;4958;3037;92126;4969;11261;10090;3373;2331;2592;28;2998;6383;51084;7086;231;5568;6007;29940;5226;7311;10402;1634;5260;3099;9060;132789;7316;2645;6888;80201;79411;9469;5232;7957;1464;138050;55790;5566;2821;23729;6233;2997;2526;2262	completed	Reactome_preranked_GSEA_fallback	Metabolism of carbohydrates and carbohydrate derivatives	299	normal_up	P1 cancer-minus-normal moderated t	20357	0	1	reactome.db_1.95.0__fgsea_1.36.2	LYVE1;PCK1;PFKFB1;ST6GALNAC6;PPP2R1B;ALDH1A1;CALM1;ALDOC;GPC3;PYGM;PC;GBE1;GYG2;PYGL;PFKFB3;CHST7;PRELP;PGM1;HAS1;B4GALT6;GPC6;OMD;HAS2;DSEL;OGN;CHP1;UST;HYAL1;FMOD;GALT;ABO;GYS2;SDC2;CRYL1;TKT;AKR1B1;PRKACG;RHD;DSE;PGD;UBA52;ST3GAL6;DCN;PHKG1;HK2;PAPSS2;GNPDA2;UBC;GCK;TALDO1;HKDC1;GLB1L;CHST3;PGK2;EPM2A;CSPG4;HGSNAT;CSGALNACT1;PRKACA;GPI;SHPK;RPS27A;GYS1;FUT4;GPC5
R-HSA-5654710	0.0719298245614035	0.203011621682295	0.222056046145248	-0.541028320696413	-1.4535412481503	18	2247;5290;5781;2246;2250;8817;8074	completed	Reactome_preranked_GSEA_fallback	PI-3K cascade:FGFR3	18	normal_up	P1 cancer-minus-normal moderated t	20357	0	1	reactome.db_1.95.0__fgsea_1.36.2	FGF2;PIK3CA;PTPN11;FGF1;FGF5;FGF18;FGF23
R-HSA-445717	0.0720268006700168	0.203011621682295	0.216542836735348	-0.403542182089564	-1.35844090137818	48	364;54331;2791;5577;111;5568;112;55970;196883;343;5566;4284	completed	Reactome_preranked_GSEA_fallback	Aquaporin-mediated transport	52	normal_up	P1 cancer-minus-normal moderated t	20357	0	1	reactome.db_1.95.0__fgsea_1.36.2	AQP7;GNG2;GNG11;PRKAR2B;ADCY5;PRKACG;ADCY6;GNG12;ADCY4;AQP8;PRKACA;MIP
R-HSA-9662361	0.0720268006700168	0.203011621682295	0.216542836735348	-0.403429579446858	-1.35806184797994	48	6711;11078;4641;10518;5962;259236;53405;4354;2036;64072;23136;9132;2059;339768;494513	completed	Reactome_preranked_GSEA_fallback	Sensory processing of sound by outer hair cells of the cochlea	54	normal_up	P1 cancer-minus-normal moderated t	20357	0	1	reactome.db_1.95.0__fgsea_1.36.2	SPTBN1;TRIOBP;MYO1C;CIB2;RDX;TMIE;CLIC5;MPP1;EPB41L1;CDH23;EPB41L3;KCNQ4;EPS8;ESPNL;PJVK
R-HSA-9670095	0.0719602977667494	0.203011621682295	0.266350657088526	0.379714313217274	1.35269764072805	49	5437;3014;8349;1616;25913;85236;8334;5430;8365;5433;8337;65057;8347;3020;7013;3021;5431	completed	Reactome_preranked_GSEA_fallback	Inhibition of DNA recombination at telomere	67	cancer_up	P1 cancer-minus-normal moderated t	20357	0	1	reactome.db_1.95.0__fgsea_1.36.2	POLR2H;H2AX;H2BC21;DAXX;POT1;H2BC12;H2AC6;POLR2A;H4C8;POLR2D;H2AC18;ACD;H2BC4;H3-3A;TERF1;H3-3B;POLR2B
R-HSA-168928	0.0725388601036269	0.204034201155675	0.271288554688953	0.341082076573518	1.31499461660086	73	5094;7706;3665;9636;3551;351;4214;3661;89122;1387;8772;3326;26007;79132;9246;7322;23586;29110;7186;1540;2033;8737;84166;9641;5970	completed	Reactome_preranked_GSEA_fallback	DDX58/IFIH1-mediated induction of interferon-alpha/beta	84	cancer_up	P1 cancer-minus-normal moderated t	20357	0	1	reactome.db_1.95.0__fgsea_1.36.2	PCBP2;TRIM25;IRF7;ISG15;IKBKB;APP;MAP3K1;IRF3;TRIM4;CREBBP;FADD;HSP90AB1;TKFC;DHX58;UBE2L6;UBE2D2;RIGI;TBK1;TRAF2;CYLD;EP300;RIPK1;NLRC5;IKBKE;RELA
R-HSA-9664323	0.0730897009966778	0.20516143996398	0.213927855492356	-0.436422607144471	-1.38506917696513	37	801;5577;2534;111;5568;112;3586;196883;5566;2212	completed	Reactome_preranked_GSEA_fallback	FCGR3A-mediated IL10 synthesis	43	normal_up	P1 cancer-minus-normal moderated t	20357	0	1	reactome.db_1.95.0__fgsea_1.36.2	CALM1;PRKAR2B;FYN;ADCY5;PRKACG;ADCY6;IL10;ADCY4;PRKACA;FCGR2A
R-HSA-8874081	0.0742584069920245	0.20674387445641	0.287805130535564	0.444920675996762	1.42907442705195	30	1301;3911;2335;1278;1290;3673;85301;1289;3675;5747;1277	completed	Reactome_preranked_GSEA_fallback	MET activates PTK2 signaling	30	cancer_up	P1 cancer-minus-normal moderated t	20357	0	1	reactome.db_1.95.0__fgsea_1.36.2	COL11A1;LAMA5;FN1;COL1A2;COL5A2;ITGA2;COL27A1;COL5A1;ITGA3;PTK2;COL1A1
R-HSA-9843970	0.0740740740740741	0.20674387445641	0.261663521711573	0.376507603267937	1.33976992428277	48	22880;3014;8349;10919;8357;85236;9869;8334;8365;8337;8347;79813;3020;3021;51535;55596;3012;8367;8353;55729;8294	completed	Reactome_preranked_GSEA_fallback	Regulation of endogenous retroelements by the Human Silencing Hub (HUSH) complex	72	cancer_up	P1 cancer-minus-normal moderated t	20357	0	1	reactome.db_1.95.0__fgsea_1.36.2	MORC2;H2AX;H2BC21;EHMT2;H3C10;H2BC12;SETDB1;H2AC6;H4C8;H2AC18;H2BC4;EHMT1;H3-3A;H3-3B;PPHLN1;ZCCHC8;H2AC8;H4C5;H3C6;ATF7IP;H4C9
R-HSA-9925563	0.0740740740740741	0.20674387445641	0.261663521711573	0.374839474698797	1.3338340322387	48	3880;1301;3911;6662;2335;3855;1278;1290;85301;1289	completed	Reactome_preranked_GSEA_fallback	Developmental Lineage of Pancreatic Ductal Cells	48	cancer_up	P1 cancer-minus-normal moderated t	20357	0	1	reactome.db_1.95.0__fgsea_1.36.2	KRT19;COL11A1;LAMA5;SOX9;FN1;KRT7;COL1A2;COL5A2;COL27A1;COL5A1
R-HSA-1660499	0.0742574257425743	0.20674387445641	0.261663521711573	0.360769795639749	1.31166206887976	53	5296;79837;375;8871;8503;8821;8776;22874;3636;27124;55300;84725;8394;51552;23396;64419	completed	Reactome_preranked_GSEA_fallback	Synthesis of PIPs at the plasma membrane	53	cancer_up	P1 cancer-minus-normal moderated t	20357	0	1	reactome.db_1.95.0__fgsea_1.36.2	PIK3R2;PIP4K2C;ARF1;SYNJ2;PIK3R3;INPP4B;MTMR1;PLEKHA6;INPPL1;INPP5J;PI4K2B;PLEKHA8;PIP5K1A;RAB14;PIP5K1C;MTMR14
R-HSA-422085	0.0759717314487633	0.210229467389594	0.216542836735348	-0.548224160517076	-1.45429648721196	17	3952;9314;3479;590;43;1395	completed	Reactome_preranked_GSEA_fallback	Synthesis, secretion, and deacylation of Ghrelin	19	normal_up	P1 cancer-minus-normal moderated t	20357	0	1	reactome.db_1.95.0__fgsea_1.36.2	LEP;KLF4;IGF1;BCHE;ACHE;CRHR2
R-HSA-5602498	0.0759717314487633	0.210229467389594	0.216542836735348	-0.546526635189978	-1.44979339286124	17	948;6271;7099;23643;929;2243;3146;695;114609;7096	completed	Reactome_preranked_GSEA_fallback	MyD88 deficiency (TLR2/4)	18	normal_up	P1 cancer-minus-normal moderated t	20357	0	1	reactome.db_1.95.0__fgsea_1.36.2	CD36;S100A1;TLR4;LY96;CD14;FGA;HMGB1;BTK;TIRAP;TLR1
R-HSA-5654732	0.0757575757575758	0.210229467389594	0.211400189384923	-0.472139189729059	-1.41197239296417	28	2247;5781;2246;10253;7311;2250;7316;8817;8074	completed	Reactome_preranked_GSEA_fallback	Negative regulation of FGFR3 signaling	29	normal_up	P1 cancer-minus-normal moderated t	20357	0	1	reactome.db_1.95.0__fgsea_1.36.2	FGF2;PTPN11;FGF1;SPRY2;UBA52;FGF5;UBC;FGF18;FGF23
R-HSA-1650814	0.0763358778625954	0.210756641366224	0.261663521711573	0.349087690243544	1.3366442768833	67	1300;1301;1278;1290;85301;1289;1305;5479;80781;1296;5034;8974;1307;64175;5033;283208;1277;1294;1293;1303	completed	Reactome_preranked_GSEA_fallback	Collagen biosynthesis and modifying enzymes	67	cancer_up	P1 cancer-minus-normal moderated t	20357	0	1	reactome.db_1.95.0__fgsea_1.36.2	COL10A1;COL11A1;COL1A2;COL5A2;COL27A1;COL5A1;COL13A1;PPIB;COL18A1;COL8A2;P4HB;P4HA2;COL16A1;P3H1;P4HA1;P4HA3;COL1A1;COL7A1;COL6A3;COL12A1
R-HSA-69002	0.0764705882352941	0.210756641366224	0.282013350011725	0.288031312820393	1.20924484813509	125	51433;4171;11065;4999;3014;8349;5427;8357;5426;85236;8317;10926;8334;4176;29882;1017;64682;5001;55388;8365;4173;51053;4174;8337;51434;8347;5558;3020;4172	completed	Reactome_preranked_GSEA_fallback	DNA Replication Pre-Initiation	149	cancer_up	P1 cancer-minus-normal moderated t	20357	0	1	reactome.db_1.95.0__fgsea_1.36.2	ANAPC5;MCM2;UBE2C;ORC2;H2AX;H2BC21;POLE2;H3C10;POLE;H2BC12;CDC7;DBF4;H2AC6;MCM7;ANAPC2;CDK2;ANAPC1;ORC5;MCM10;H4C8;MCM4;GMNN;MCM5;H2AC18;ANAPC7;H2BC4;PRIM2;H3-3A;MCM3
R-HSA-6806834	0.0767195767195767	0.211017427315214	0.266350657088526	0.328997467888603	1.28727139285033	79	10653;6692;1301;3911;2335;1278;3845;5795;1290;3673;85301;1289;382;3675;3249;5770;8027;5747;1277;2885;6464;23163;200958;3083;4893;26018;1281;3918;9146;3265;1399;84951;6714;6774;57610	completed	Reactome_preranked_GSEA_fallback	Signaling by MET	79	cancer_up	P1 cancer-minus-normal moderated t	20357	0	1	reactome.db_1.95.0__fgsea_1.36.2	SPINT2;SPINT1;COL11A1;LAMA5;FN1;COL1A2;KRAS;PTPRJ;COL5A2;ITGA2;COL27A1;COL5A1;ARF6;ITGA3;HPN;PTPN1;STAM;PTK2;COL1A1;GRB2;SHC1;GGA3;MUC20;HGFAC;NRAS;LRIG1;COL3A1;LAMC2;HGS;HRAS;CRKL;TNS4;SRC;STAT3;RANBP10
R-HSA-3229121	0.0773584905660377	0.212347503220429	0.222056046145248	-0.561514838214585	-1.41877614500778	15	2632;8908;2998;7311;7316;7957;6233;2997	completed	Reactome_preranked_GSEA_fallback	Glycogen storage diseases	16	normal_up	P1 cancer-minus-normal moderated t	20357	0	1	reactome.db_1.95.0__fgsea_1.36.2	GBE1;GYG2;GYS2;UBA52;UBC;EPM2A;RPS27A;GYS1
R-HSA-5654688	0.0790378006872852	0.216089347079038	0.208955027549354	-0.510565197594101	-1.4263376775065	21	2247;9365;2246;2250;6654;2260;8074	completed	Reactome_preranked_GSEA_fallback	SHC-mediated cascade:FGFR1	21	normal_up	P1 cancer-minus-normal moderated t	20357	0	1	reactome.db_1.95.0__fgsea_1.36.2	FGF2;KL;FGF1;FGF5;SOS1;FGFR1;FGF23
R-HSA-73772	0.0788804071246819	0.216089347079038	0.257206466468838	0.345553210497303	1.32311088038549	67	11335;7343;5437;9533;79101;3014;8349;8357;9013;85236;8334;25885;8365;6908;2068;8337;8347;3020;2968	completed	Reactome_preranked_GSEA_fallback	RNA Polymerase I Promoter Escape	90	cancer_up	P1 cancer-minus-normal moderated t	20357	0	1	reactome.db_1.95.0__fgsea_1.36.2	CBX3;UBTF;POLR2H;POLR1C;TAF1D;H2AX;H2BC21;H3C10;TAF1C;H2BC12;H2AC6;POLR1A;H4C8;TBP;ERCC2;H2AC18;H2BC4;H3-3A;GTF2H4
R-HSA-5654696	0.0795262267343486	0.216990722446815	0.206587922696891	-0.45558430848692	-1.37953294720516	30	2247;5290;5781;2246;2252;2250;6654;8817;8074	completed	Reactome_preranked_GSEA_fallback	Downstream signaling of activated FGFR2	30	normal_up	P1 cancer-minus-normal moderated t	20357	0	1	reactome.db_1.95.0__fgsea_1.36.2	FGF2;PIK3CA;PTPN11;FGF1;FGF7;FGF5;SOS1;FGF18;FGF23
R-HSA-1971475	0.0802919708029197	0.217344800173448	0.248911114434702	0.431211035437829	1.37107408288503	29	6382;6385;64132;126792;1462;92370;26229;80146;2817	completed	Reactome_preranked_GSEA_fallback	Glycosaminoglycan-protein linkage region biosynthesis	29	cancer_up	P1 cancer-minus-normal moderated t	20357	0	1	reactome.db_1.95.0__fgsea_1.36.2	SDC1;SDC4;XYLT2;B3GALT6;VCAN;PXYLP1;B3GAT3;UXS1;GPC1
R-HSA-5576892	0.0802047781569966	0.217344800173448	0.206587922696891	-0.443705225745731	-1.36857678815278	33	801;6335;6330;6327;59285;6329;29098;6331;2258;6324;59283;11280;2257;815	completed	Reactome_preranked_GSEA_fallback	Phase 0 - rapid depolarisation	34	normal_up	P1 cancer-minus-normal moderated t	20357	0	1	reactome.db_1.95.0__fgsea_1.36.2	CALM1;SCN9A;SCN4B;SCN2B;CACNG6;SCN4A;RANGRF;SCN5A;FGF13;SCN1B;CACNG8;SCN11A;FGF12;CAMK2A
R-HSA-1912408	0.0801033591731266	0.217344800173448	0.257206466468838	0.344873321081325	1.32172019983457	71	1999;5584;4343;2648;3014;8349;1871;8357;85236;8334;1387;9794;595;1869;388677;8365;57690;2033;8337;8347	completed	Reactome_preranked_GSEA_fallback	Pre-NOTCH Transcription and Translation	96	cancer_up	P1 cancer-minus-normal moderated t	20357	0	1	reactome.db_1.95.0__fgsea_1.36.2	ELF3;PRKCI;MOV10;KAT2A;H2AX;H2BC21;E2F3;H3C10;H2BC12;H2AC6;CREBBP;MAML1;CCND1;E2F1;NOTCH2NLA;H4C8;TNRC6C;EP300;H2AC18;H2BC4
R-HSA-9013404	0.0802139037433155	0.217344800173448	0.261663521711573	0.326870788194989	1.29087342320387	85	10451;5296;7410;29127;8503;10152;10298;50619;9743;80728;81839;57580;7112;55971;7074	completed	Reactome_preranked_GSEA_fallback	RAC2 GTPase cycle	87	cancer_up	P1 cancer-minus-normal moderated t	20357	0	1	reactome.db_1.95.0__fgsea_1.36.2	VAV3;PIK3R2;VAV2;RACGAP1;PIK3R3;ABI2;PAK4;DEF6;ARHGAP32;ARHGAP39;VANGL1;PREX1;TMPO;BAIAP2L1;TIAM1
R-HSA-2219530	0.0812101910828026	0.218893767975808	0.197822021315103	-0.348517557772077	-1.30001653362415	85	152831;2247;9365;5290;9846;2534;5781;2246;1956;8660;2252;4915;2250;5156;1839;2260;8817;8074	completed	Reactome_preranked_GSEA_fallback	Constitutive Signaling by Aberrant PI3K in Cancer	86	normal_up	P1 cancer-minus-normal moderated t	20357	0	1	reactome.db_1.95.0__fgsea_1.36.2	KLB;FGF2;KL;PIK3CA;GAB2;FYN;PTPN11;FGF1;EGFR;IRS2;FGF7;NTRK2;FGF5;PDGFRA;HBEGF;FGFR1;FGF18;FGF23
R-HSA-6802957	0.081151832460733	0.218893767975808	0.257206466468838	0.326880978438944	1.28568560727235	80	54845;818;2335;1445;10256;57085;3845;8087;56829;8805;5894;200734;4140;10018;80824;1850;57670;4296;5605;10142;27044;7529;55750;4893	completed	Reactome_preranked_GSEA_fallback	Oncogenic MAPK signaling	84	cancer_up	P1 cancer-minus-normal moderated t	20357	0	1	reactome.db_1.95.0__fgsea_1.36.2	ESRP1;CAMK2G;FN1;CSK;CNKSR1;AGTRAP;KRAS;FXR1;ZC3HAV1;TRIM24;RAF1;SPRED2;MARK3;BCL2L11;DUSP16;DUSP8;KIAA1549;MAP3K11;MAP2K2;AKAP9;SND1;YWHAB;AGK;NRAS
R-HSA-179419	0.0814814814814815	0.218893767975808	0.248911114434702	0.34142859747928	1.27669422949699	60	51433;991;983;11065;4751;890;701	completed	Reactome_preranked_GSEA_fallback	APC:Cdc20 mediated degradation of cell cycle proteins prior to satisfation of the cell cycle checkpoint	61	cancer_up	P1 cancer-minus-normal moderated t	20357	0	1	reactome.db_1.95.0__fgsea_1.36.2	ANAPC5;CDC20;CDK1;UBE2C;NEK2;CCNA2;BUB1B
R-HSA-9013148	0.0815047021943574	0.218893767975808	0.282013350011725	0.27735698173396	1.20120595841631	150	10451;3728;5296;7410;29127;23513;10160;10298;50619;9743;80728;81839;221178;57580;7112;57522;89846;51133;7074;23263;54874;92799;397;128272;27237;25894;51291;7984;25791;10652;9639;1894;4296;7204;147179;91010;10458;55240;9578;84364;201176;392;5058;56924;23380;7037;9826;116984;28964;8976;23348	completed	Reactome_preranked_GSEA_fallback	CDC42 GTPase cycle	156	cancer_up	P1 cancer-minus-normal moderated t	20357	0	1	reactome.db_1.95.0__fgsea_1.36.2	VAV3;JUP;PIK3R2;VAV2;RACGAP1;SCRIB;FARP1;PAK4;DEF6;ARHGAP32;ARHGAP39;VANGL1;SPATA13;PREX1;TMPO;SRGAP1;FGD3;KCTD3;TIAM1;MCF2L;FNBP1L;SHKBP1;ARHGDIB;ARHGEF19;ARHGEF16;PLEKHG4;GMIP;ARHGEF5;NGEF;YKT6;ARHGEF10;ECT2;MAP3K11;TRIO;WIPF2;FMNL3;BAIAP2;STEAP3;CDC42BPB;ARFGAP2;ARHGAP27;ARHGAP1;PAK1;PAK6;SRGAP2;TFRC;ARHGEF11;ARAP2;GIT1;WASL;DOCK9
R-HSA-983170	0.0819277108433735	0.219598393574297	0.245041785430996	0.447939110290778	1.38058275289556	25	6892;9871;2923;9632;3309;6890;3134;10802;811;567;30849;22872;6891	completed	Reactome_preranked_GSEA_fallback	Antigen Presentation: Folding, assembly and peptide loading of class I MHC	29	cancer_up	P1 cancer-minus-normal moderated t	20357	0	1	reactome.db_1.95.0__fgsea_1.36.2	TAPBP;SEC24D;PDIA3;SEC24C;HSPA5;TAP1;HLA-F;SEC24A;CALR;B2M;PIK3R4;SEC31A;TAP2
R-HSA-9687139	0.0827250608272506	0.221301679355874	0.245041785430996	0.401434683476186	1.35213035548469	36	51433;9134;11065;1871;29882;595;1017;64682;1869	completed	Reactome_preranked_GSEA_fallback	Aberrant regulation of mitotic cell cycle due to RB1 defects	36	cancer_up	P1 cancer-minus-normal moderated t	20357	0	1	reactome.db_1.95.0__fgsea_1.36.2	ANAPC5;CCNE2;UBE2C;E2F3;ANAPC2;CCND1;CDK2;ANAPC1;E2F1
R-HSA-9033658	0.0829015544041451	0.22134067357513	0.204294756516886	-0.515436776247857	-1.40892538608268	19	30815;28;6007;10402;2526;2528;124872;2527;6487;8708;2529;8707	completed	Reactome_preranked_GSEA_fallback	Blood group systems biosynthesis	20	normal_up	P1 cancer-minus-normal moderated t	20357	0	1	reactome.db_1.95.0__fgsea_1.36.2	ST6GALNAC6;ABO;RHD;ST3GAL6;FUT4;FUT6;B4GALNT2;FUT5;ST3GAL3;B3GALT1;FUT7;B3GALT2
R-HSA-167044	0.0837320574162679	0.222587257193211	0.241339976815091	0.477094451920514	1.37419932036334	20	5603;9261;3845;2885;6464;4893;25759;3265;6714;7867	completed	Reactome_preranked_GSEA_fallback	Signalling to RAS	20	cancer_up	P1 cancer-minus-normal moderated t	20357	0	1	reactome.db_1.95.0__fgsea_1.36.2	MAPK13;MAPKAPK2;KRAS;GRB2;SHC1;NRAS;SHC2;HRAS;SRC;MAPKAPK3
R-HSA-9662851	0.0840197693574959	0.222587257193211	0.197822021315103	-0.359726818900932	-1.31361513490591	72	801;54331;2770;2791;5577;2534;3569;111;5568;112;3586;55970;196883	completed	Reactome_preranked_GSEA_fallback	Anti-inflammatory response favouring Leishmania parasite infection	81	normal_up	P1 cancer-minus-normal moderated t	20357	0	1	reactome.db_1.95.0__fgsea_1.36.2	CALM1;GNG2;GNAI1;GNG11;PRKAR2B;FYN;IL6;ADCY5;PRKACG;ADCY6;IL10;GNG12;ADCY4
R-HSA-9664433	0.0840197693574959	0.222587257193211	0.197822021315103	-0.359726818900932	-1.31361513490591	72	801;54331;2770;2791;5577;2534;3569;111;5568;112;3586;55970;196883	completed	Reactome_preranked_GSEA_fallback	Leishmania parasite growth and survival	81	normal_up	P1 cancer-minus-normal moderated t	20357	0	1	reactome.db_1.95.0__fgsea_1.36.2	CALM1;GNG2;GNAI1;GNG11;PRKAR2B;FYN;IL6;ADCY5;PRKACG;ADCY6;IL10;GNG12;ADCY4
R-HSA-1483255	0.083989501312336	0.222587257193211	0.252961123069611	0.321111144281514	1.26828888010982	83	5296;79837;375;8871;8503;126282;377;8821;284161;10908;8776;22874;9110;3636;27124;55300;84725;79153;8394;5297;51552;23396	completed	Reactome_preranked_GSEA_fallback	PI Metabolism	84	cancer_up	P1 cancer-minus-normal moderated t	20357	0	1	reactome.db_1.95.0__fgsea_1.36.2	PIK3R2;PIP4K2C;ARF1;SYNJ2;PIK3R3;TNFAIP8L1;ARF3;INPP4B;GDPD1;PNPLA6;MTMR1;PLEKHA6;MTMR4;INPPL1;INPP5J;PI4K2B;PLEKHA8;GDPD3;PIP5K1A;PI4KA;RAB14;PIP5K1C
R-HSA-2029482	0.0845771144278607	0.223198678422559	0.245041785430996	0.34685702809434	1.27865599833037	56	10451;7410;1072;4627;10152;3326;26999;4651;5747;63916;147179;2885;10458;4771;5058	completed	Reactome_preranked_GSEA_fallback	Regulation of actin dynamics for phagocytic cup formation	61	cancer_up	P1 cancer-minus-normal moderated t	20357	0	1	reactome.db_1.95.0__fgsea_1.36.2	VAV3;VAV2;CFL1;MYH9;ABI2;HSP90AB1;CYFIP2;MYO10;PTK2;ELMO2;WIPF2;GRB2;BAIAP2;NF2;PAK1
R-HSA-9007101	0.0845070422535211	0.223198678422559	0.261663521711573	0.290059685839748	1.21466811349495	118	22931;84958;5874;7109;117177;1122;163486;26088;6764;2664;79090;6399;382;201627;5870;8567;26000;9827;89781;55357;4218;5869;23163;8408;201475;26130;23682;22879;83696;51552;54453;221960;57465;207;7249;3257;51256	completed	Reactome_preranked_GSEA_fallback	Rab regulation of trafficking	123	cancer_up	P1 cancer-minus-normal moderated t	20357	0	1	reactome.db_1.95.0__fgsea_1.36.2	RAB18;SYTL1;RAB27B;TRAPPC10;RAB3IP;CHML;DENND1B;GGA1;DENND2B;GDI1;TRAPPC6A;TRAPPC2;ARF6;DENND6A;RAB6A;MADD;TBC1D10B;RGP1;HPS4;TBC1D2;RAB8A;RAB5B;GGA3;ULK1;RAB12;GAPVD1;RAB38;MON1B;TRAPPC9;RAB14;RIN2;CCZ1B;TBC1D24;AKT1;TSC2;HPS1;TBC1D7
R-HSA-2980736	0.0849358974358975	0.223713625809002	0.193813302725311	-0.348057233333962	-1.28733638672901	79	4311;3952;338557;1215;9314;2028;3479;1803;590;1511;43;2864;1395;1045;2626;6934;3800;3623;25924;2641;3625;3670;5443;10640;55763;183	completed	Reactome_preranked_GSEA_fallback	Peptide hormone metabolism	88	normal_up	P1 cancer-minus-normal moderated t	20357	0	1	reactome.db_1.95.0__fgsea_1.36.2	MME;LEP;FFAR4;CMA1;KLF4;ENPEP;IGF1;DPP4;BCHE;CTSG;ACHE;FFAR1;CRHR2;CDX2;GATA4;TCF7L2;KIF5C;INHA;MYRIP;GCG;INHBB;ISL1;POMC;EXOC5;EXOC1;AGT
R-HSA-2514856	0.0887372013651877	0.233276450511945	0.195789002148949	-0.437840717081265	-1.35048813386971	33	801;2339;2978;6011;5957;1259;9397;131890;2868;5148;10988	completed	Reactome_preranked_GSEA_fallback	The phototransduction cascade	36	normal_up	P1 cancer-minus-normal moderated t	20357	0	1	reactome.db_1.95.0__fgsea_1.36.2	CALM1;FNTA;GUCA1A;GRK1;RCVRN;CNGA1;NMT2;GRK7;GRK4;PDE6G;METAP2
R-HSA-9703648	0.0914076782449726	0.238008183163576	0.199915231309662	-0.536978554246775	-1.39386973870736	16	6776;5290;9846;6777;5781;5292;6654	completed	Reactome_preranked_GSEA_fallback	Signaling by FLT3 ITD and TKD mutants	16	normal_up	P1 cancer-minus-normal moderated t	20357	0	1	reactome.db_1.95.0__fgsea_1.36.2	STAT5A;PIK3CA;GAB2;STAT5B;PTPN11;PIM1;SOS1
R-HSA-9037629	0.0914076782449726	0.238008183163576	0.199915231309662	-0.536550923861647	-1.39275971103779	16	30815;10402;2526;2528;124872;2527;6487;8708;2529;8707	completed	Reactome_preranked_GSEA_fallback	Lewis blood group biosynthesis	16	normal_up	P1 cancer-minus-normal moderated t	20357	0	1	reactome.db_1.95.0__fgsea_1.36.2	ST6GALNAC6;ST3GAL6;FUT4;FUT6;B4GALNT2;FUT5;ST3GAL3;B3GALT1;FUT7;B3GALT2
R-HSA-8963898	0.0914076782449726	0.238008183163576	0.199915231309662	-0.53501195239279	-1.38876490390404	16	338;19;5568;5566;337	completed	Reactome_preranked_GSEA_fallback	Plasma lipoprotein assembly	19	normal_up	P1 cancer-minus-normal moderated t	20357	0	1	reactome.db_1.95.0__fgsea_1.36.2	APOB;ABCA1;PRKACG;PRKACA;APOA4
R-HSA-399956	0.0914076782449726	0.238008183163576	0.199915231309662	-0.533891919019273	-1.38585756130471	16	91584;10371;2534;8829;1808	completed	Reactome_preranked_GSEA_fallback	CRMPs in Sema3A signaling	16	normal_up	P1 cancer-minus-normal moderated t	20357	0	1	reactome.db_1.95.0__fgsea_1.36.2	PLXNA4;SEMA3A;FYN;NRP1;DPYSL2
R-HSA-5654716	0.0912162162162162	0.238008183163576	0.191892240384838	-0.463389707259226	-1.37318029562541	27	152831;2247;5290;5781;2246;6654;8817;8074	completed	Reactome_preranked_GSEA_fallback	Downstream signaling of activated FGFR4	27	normal_up	P1 cancer-minus-normal moderated t	20357	0	1	reactome.db_1.95.0__fgsea_1.36.2	KLB;FGF2;PIK3CA;PTPN11;FGF1;SOS1;FGF18;FGF23
R-HSA-74158	0.0926829268292683	0.24041282917573	0.231126709673834	0.379890651352369	1.32426913180453	41	2975;9329;5437;9533;2971;5451;6621;55718;2976;11128;27297;6908;171568	completed	Reactome_preranked_GSEA_fallback	RNA Polymerase III Transcription	41	cancer_up	P1 cancer-minus-normal moderated t	20357	0	1	reactome.db_1.95.0__fgsea_1.36.2	GTF3C1;GTF3C4;POLR2H;POLR1C;GTF3A;POU2F1;SNAPC4;POLR3E;GTF3C2;POLR3A;CRCP;TBP;POLR3H
R-HSA-749476	0.0926829268292683	0.24041282917573	0.231126709673834	0.379890651352369	1.32426913180453	41	2975;9329;5437;9533;2971;5451;6621;55718;2976;11128;27297;6908;171568	completed	Reactome_preranked_GSEA_fallback	RNA Polymerase III Abortive And Retractive Initiation	41	cancer_up	P1 cancer-minus-normal moderated t	20357	0	1	reactome.db_1.95.0__fgsea_1.36.2	GTF3C1;GTF3C4;POLR2H;POLR1C;GTF3A;POU2F1;SNAPC4;POLR3E;GTF3C2;POLR3A;CRCP;TBP;POLR3H
R-HSA-6783783	0.0929054054054054	0.240533502252252	0.190023305279108	-0.410117470713504	-1.33275399339092	41	5743;2357;3569;6347;3716;3586;1437;3588;1435;3587;7850;7133;6351;3554;942	completed	Reactome_preranked_GSEA_fallback	Interleukin-10 signaling	45	normal_up	P1 cancer-minus-normal moderated t	20357	0	1	reactome.db_1.95.0__fgsea_1.36.2	PTGS2;FPR1;IL6;CCL2;JAK1;IL10;CSF2;IL10RB;CSF1;IL10RA;IL1R2;TNFRSF1B;CCL4;IL1R1;CD86
R-HSA-418990	0.0940438871473354	0.243020782099069	0.261663521711573	0.254225886873504	1.16130530925789	212	7020;5928;2146;5315;3728;5819;7764;9743;7750;3609;81607;4343;3014;8349;1001;1488;23193;4301;8357;60436;85236;3065;8334;90701;1009;7841;10009;6185;1650;5046;4193;54971;8289;5589;6184;8365;57690;3703;23512;5931;60559;8726;1000;8728;8337;8347;10585;23396;79872;1499;288;3020;59;387893	completed	Reactome_preranked_GSEA_fallback	Adherens junctions interactions	240	cancer_up	P1 cancer-minus-normal moderated t	20357	0	1	reactome.db_1.95.0__fgsea_1.36.2	TFAP2A;RBBP4;EZH2;PKM;JUP;NECTIN2;ZNF217;ARHGAP32;ZMYM2;ILF3;NECTIN4;MOV10;H2AX;H2BC21;CDH3;CTBP2;GANAB;AFDN;H3C10;TGIF2;H2BC12;HDAC1;H2AC6;SEC11C;CDH11;MOGS;ZBTB33;RPN2;DDOST;PCSK6;MDM2;BANP;ARID1A;PRKCSH;RPN1;H4C8;TNRC6C;STT3A;SUZ12;RBBP7;SPCS3;EED;CDH2;ADAM19;H2AC18;H2BC4;POMT1;PIP5K1C;CBLL1;CTNNB1;ANK3;H3-3A;ACTA2;KMT5A
R-HSA-9925561	0.0942760942760943	0.243161171463058	0.188204146308491	-0.459490293998152	-1.37414479474303	28	6035;1358;1357;342898;11330;1506;5267;2626;343;64714	completed	Reactome_preranked_GSEA_fallback	Developmental Lineage of Pancreatic Acinar Cells	32	normal_up	P1 cancer-minus-normal moderated t	20357	0	1	reactome.db_1.95.0__fgsea_1.36.2	RNASE1;CPA2;CPA1;SYCN;CTRC;CTRL;SERPINA4;GATA4;AQP8;PDIA2
R-HSA-5655253	0.0952380952380952	0.245179804501838	0.188204146308491	-0.409283018123453	-1.33769273760767	42	2247;5290;5441;2246;2252;5434;2250;6654;2963;8817;8074	completed	Reactome_preranked_GSEA_fallback	Signaling by FGFR2 in disease	43	normal_up	P1 cancer-minus-normal moderated t	20357	0	1	reactome.db_1.95.0__fgsea_1.36.2	FGF2;PIK3CA;POLR2L;FGF1;FGF7;POLR2E;FGF5;SOS1;GTF2F2;FGF18;FGF23
R-HSA-8980692	0.0966767371601208	0.248415600935874	0.252961123069611	0.277078642356365	1.1908527976123	141	10451;3728;5296;7410;85415;29127;10160;9181;50619;9743;537;80728;23197;81839;57580;7112;57522;7074;23779;23256;23263;25963;114822;397;128272;65992;25894;51291;7984;25791;10652;9639;23370;55160;1894;7204;55219;91010;84986;50650;5825;392;11113;7037;9826;116984	completed	Reactome_preranked_GSEA_fallback	RHOA GTPase cycle	144	cancer_up	P1 cancer-minus-normal moderated t	20357	0	1	reactome.db_1.95.0__fgsea_1.36.2	VAV3;JUP;PIK3R2;VAV2;RHPN2;RACGAP1;FARP1;ARHGEF2;DEF6;ARHGAP32;ATP6AP1;ARHGAP39;FAF2;VANGL1;PREX1;TMPO;SRGAP1;TIAM1;ARHGAP8;SCFD1;MCF2L;TMEM87A;RHPN1;ARHGDIB;ARHGEF19;DDRGK1;PLEKHG4;GMIP;ARHGEF5;NGEF;YKT6;ARHGEF10;ARHGEF18;ARHGEF10L;ECT2;TRIO;MACO1;FMNL3;ARHGAP19;ARHGEF3;ABCD3;ARHGAP1;CIT;TFRC;ARHGEF11;ARAP2
R-HSA-449147	0.0970744680851064	0.248969602011896	0.163180127180689	-0.261220493478956	-1.16884533650882	434	85480;2247;5519;6285;1901;3725;2308;4128;5602;6776;2162;7431;4692;5290;948;301;9846;3590;6648;5775;5743;1052;6777;2534;6935;90865;57161;5781;821;2357;2353;3569;7291;5292;8660;5700;6347;9021;28512;3568;1398;604;3977;79671;1438;1511;3656;3603;3716;3586;7311;1437;6654;4170;1848;11213;1845;1436;7316;3588;1435;5908;5604;3570;3313;59067;6888;9173;8354;149233;3596;132014;3587;3601;5566;6233;5608;53833;4208;27178;6197;8968;3578;9861;7850;4609;5897;1489;5714;3726;3581;5295;3717;1386;841;5443;5778;5684;5516;7133;84639;3082;84868;4507;246778;4205;6351;6845;5784;6775;5695;998;4843;6655	completed	Reactome_preranked_GSEA_fallback	Signaling by Interleukins	455	normal_up	P1 cancer-minus-normal moderated t	20357	0	1	reactome.db_1.95.0__fgsea_1.36.2	TSLP;FGF2;PPP2R1B;S100B;S1PR1;JUN;FOXO1;MAOA;MAPK10;STAT5A;F13A1;VIM;NDN;PIK3CA;CD36;ANXA1;GAB2;IL11RA;SOD2;PTPN4;PTGS2;CEBPD;STAT5B;FYN;ZEB1;IL33;PELI2;PTPN11;CANX;FPR1;FOS;IL6;TWIST1;PIM1;IRS2;PSMC1;CCL2;SOCS3;NKIRAS1;IL5RA;CRK;BCL6;LIFR;NLRX1;CSF2RA;CTSG;IRAK2;IL16;JAK1;IL10;UBA52;CSF2;SOS1;MCL1;DUSP6;IRAK3;DUSP3;CSF1R;UBC;IL10RB;CSF1;RAP1B;MAP2K1;IL6R;HSPA9;IL21;TALDO1;IL1RL1;H3C11;IL23R;IL13;IL17RE;IL10RA;IL15RA;PRKACA;RPS27A;MAP2K6;IL20RB;MEF2C;IL37;RPS6KA3;H3C7;IL9;PSMD6;IL1R2;MYC;RAG2;CTF1;PSMD8;JUNB;IL9R;PIK3R1;JAK2;ATF2;CASP8;POMC;PTPN7;PSMA3;PPP2CB;TNFRSF1B;IL1F10;HGF;HAVCR2;MTAP;IL27;MEF2A;CCL4;VAMP7;PTPN14;STAT4;PSMB7;CDC42;NOS2;SOS2
R-HSA-1474244	0.0975274725274725	0.249663024241676	0.165656695205483	-0.272023884177496	-1.18898282593477	312	6445;650;4921;2247;3679;1215;26577;131873;8076;3910;10516;2200;170692;11096;8082;3682;10491;4239;6443;8200;3908;7402;6640;7057;2199;6641;2331;831;6645;6383;56999;85007;1291;5802;3384;2202;9510;1511;8174;3672;1634;50509;9508;137868;6678;84695;84171;7450;30008;58494;5352;3817;2192;4811;8910;977;3915;1834;1088;4317;1282;84570;7177;3818;6444;84034;3680;5175;4146;3693;655;1520;1514;7143;3381;2243;3912;7276;3339;1292;22795;4327;54221;8425;3691;7087;63923;8516;1297;4054;176;256076;4017;3690;667	completed	Reactome_preranked_GSEA_fallback	Extracellular matrix organization	318	normal_up	P1 cancer-minus-normal moderated t	20357	0	1	reactome.db_1.95.0__fgsea_1.36.2	SGCG;BMP2;DDR2;FGF2;ITGA7;CMA1;PCOLCE2;COL6A6;MFAP5;LAMA4;FBLN5;FBN1;ADAMTS18;ADAMTS5;SSPN;ITGAE;CRTAP;MFAP4;SGCB;GDF5;LAMA2;UTRN;SNTA1;THBS1;FBLN2;SNTB1;FMOD;CAST;SNTB2;SDC2;ADAMTS9;PHYKPL;COL6A1;PTPRS;ICAM2;EFEMP1;ADAMTS1;CTSG;MADCAM1;ITGA1;DCN;COL5A3;ADAMTS3;SGCZ;SPARC;LOXL3;LOXL4;VWF;EFEMP2;JAM2;PLOD2;KLK2;FBLN1;NID1;SGCE;CD151;LAMC1;DSPP;CEACAM8;MMP8;COL4A1;COL25A1;TPSAB1;KLKB1;SGCD;EMILIN2;ITGA9;PECAM1;MATN1;ITGB5;BMP7;CTSS;CTSL;TNR;IBSP;FGA;LAMB1;TTR;HSPG2;COL6A2;NID2;MMP19;SNTG2;LTBP4;ITGB4;ICAM5;TNN;ITGA8;COL9A1;LTBP3;ACAN;COL6A5;LOXL2;ITGB3;DST
R-HSA-8851708	0.0982456140350877	0.25103131660928	0.188204146308491	-0.511378600485511	-1.37388351181002	18	2247;5441;2246;5434;2963	completed	Reactome_preranked_GSEA_fallback	Signaling by FGFR2 IIIa TM	19	normal_up	P1 cancer-minus-normal moderated t	20357	0	1	reactome.db_1.95.0__fgsea_1.36.2	FGF2;POLR2L;FGF1;POLR2E;GTF2F2
R-HSA-8878171	0.100946372239748	0.257450915768162	0.252961123069611	0.25995458453026	1.17363354057822	195	8535;2625;23067;4602;6599;8861;26053;860;8085;4343;86;9757;55193;3014;8349;196528;8357;85236;84733;3065;8334;2624;25942;2099;1387;11091;5929;6603;23309;58508;595;8289;8365;57690;648	completed	Reactome_preranked_GSEA_fallback	Transcriptional regulation by RUNX1	221	cancer_up	P1 cancer-minus-normal moderated t	20357	0	1	reactome.db_1.95.0__fgsea_1.36.2	CBX4;GATA3;SETD1B;MYB;SMARCC1;LDB1;AUTS2;RUNX2;KMT2D;MOV10;ACTL6A;KMT2B;PBRM1;H2AX;H2BC21;ARID2;H3C10;H2BC12;CBX2;HDAC1;H2AC6;GATA2;SIN3A;ESR1;CREBBP;WDR5;RBBP5;SMARCD2;SIN3B;KMT2C;CCND1;ARID1A;H4C8;TNRC6C;BMI1
R-HSA-9013408	0.10126582278481	0.257784692265988	0.224966093540314	0.326788441057933	1.26124538234424	72	10451;7410;10298;9743;80728;81839;57580;7112;80005;23263;397;27237;7984;23592;10652;63916;4296;7204	completed	Reactome_preranked_GSEA_fallback	RHOG GTPase cycle	73	cancer_up	P1 cancer-minus-normal moderated t	20357	0	1	reactome.db_1.95.0__fgsea_1.36.2	VAV3;VAV2;PAK4;ARHGAP32;ARHGAP39;VANGL1;PREX1;TMPO;DOCK5;MCF2L;ARHGDIB;ARHGEF16;ARHGEF5;LEMD3;YKT6;ELMO2;MAP3K11;TRIO
R-HSA-451927	0.101497504159734	0.25789421595977	0.179782316298324	-0.399377865253213	-1.32146786900472	44	6776;5290;9846;6777;3568;1438;3716;1437;6654;59067;3601;3578;3581;5295;3717;84868;6775;6655;3559	completed	Reactome_preranked_GSEA_fallback	Interleukin-2 family signaling	44	normal_up	P1 cancer-minus-normal moderated t	20357	0	1	reactome.db_1.95.0__fgsea_1.36.2	STAT5A;PIK3CA;GAB2;STAT5B;IL5RA;CSF2RA;JAK1;CSF2;SOS1;IL21;IL15RA;IL9;IL9R;PIK3R1;JAK2;HAVCR2;STAT4;SOS2;IL2RA
R-HSA-1834949	0.101990049751244	0.25866493137282	0.222056046145248	0.330147430166227	1.25493348193143	64	5437;9533;3665;3551;3661;1660;55718;5591;1387;11128;27297;51428;29110;340061;2033;171568;8737;7520;4615;4361;1499;11035;5970	completed	Reactome_preranked_GSEA_fallback	Cytosolic sensors of pathogen-associated DNA	64	cancer_up	P1 cancer-minus-normal moderated t	20357	0	1	reactome.db_1.95.0__fgsea_1.36.2	POLR2H;POLR1C;IRF7;IKBKB;IRF3;DHX9;POLR3E;PRKDC;CREBBP;POLR3A;CRCP;DDX41;TBK1;STING1;EP300;POLR3H;RIPK1;XRCC5;MYD88;MRE11;CTNNB1;RIPK3;RELA
R-HSA-429947	0.103614457831325	0.262298081213744	0.216542836735348	0.43003301693049	1.32539479744129	25	55571;9125;9775;4849;5073;57472;9924;1973;1981;255967;85456;246175;4850	completed	Reactome_preranked_GSEA_fallback	Deadenylation of mRNA	25	cancer_up	P1 cancer-minus-normal moderated t	20357	0	1	reactome.db_1.95.0__fgsea_1.36.2	CNOT11;CNOT9;EIF4A3;CNOT3;PARN;CNOT6;PAN2;EIF4A1;EIF4G1;PAN3;TNKS1BP1;CNOT6L;CNOT4
R-HSA-1296072	0.10472972972973	0.264631313383624	0.178219874951973	-0.40541098284039	-1.31745937427405	41	3745;3751;9132;9196;7881;23416;27133;56479;9312;81033;90134;3750;3736	completed	Reactome_preranked_GSEA_fallback	Voltage gated Potassium channels	43	normal_up	P1 cancer-minus-normal moderated t	20357	0	1	reactome.db_1.95.0__fgsea_1.36.2	KCNB1;KCND2;KCNQ4;KCNAB3;KCNAB1;KCNH3;KCNH5;KCNQ5;KCNB2;KCNH6;KCNH7;KCND1;KCNA1
R-HSA-70263	0.104991394148021	0.264803018081816	0.179782316298324	-0.479212378639955	-1.36009727751333	23	5105;230;5091	completed	Reactome_preranked_GSEA_fallback	Gluconeogenesis	26	normal_up	P1 cancer-minus-normal moderated t	20357	0	1	reactome.db_1.95.0__fgsea_1.36.2	PCK1;ALDOC;PC
R-HSA-171306	0.105515587529976	0.265635005807509	0.213927855492356	0.396977971020202	1.32404799326486	34	3014;8349;25913;85236;8334;8365;8337;65057;8347;7013	completed	Reactome_preranked_GSEA_fallback	Packaging Of Telomere Ends	51	cancer_up	P1 cancer-minus-normal moderated t	20357	0	1	reactome.db_1.95.0__fgsea_1.36.2	H2AX;H2BC21;POT1;H2BC12;H2AC6;H4C8;H2AC18;ACD;H2BC4;TERF1
R-HSA-8964616	0.106007067137809	0.266381729370193	0.181383128498408	-0.519677172016507	-1.37856873187608	17	54331;2791;9459;55970	completed	Reactome_preranked_GSEA_fallback	G beta:gamma signalling through CDC42	20	normal_up	P1 cancer-minus-normal moderated t	20357	0	1	reactome.db_1.95.0__fgsea_1.36.2	GNG2;GNG11;ARHGEF6;GNG12
R-HSA-76002	0.106990014265335	0.26835843945085	0.160801401070022	-0.279583772183663	-1.18744797034757	246	7094;801;54331;5321;7423;2770;10490;64805;57406;2162;2157;2791;5919;5290;11343;3479;54518;4352;948;150;2534;5781;1675;55664;5906;7057;9749;308;22915;1398;350;7222;7424;408;5627;6654;813;213;55970;6678;139322;5267;5908;5552;7450;9002;7114	completed	Reactome_preranked_GSEA_fallback	Platelet activation, signaling and aggregation	262	normal_up	P1 cancer-minus-normal moderated t	20357	0	1	reactome.db_1.95.0__fgsea_1.36.2	TLN1;CALM1;GNG2;PLA2G4A;VEGFB;GNAI1;VTI1B;P2RY12;ABHD6;F13A1;F8;GNG11;RARRES2;PIK3CA;MGLL;IGF1;APBB1IP;MPL;CD36;ADRA2A;FYN;PTPN11;CFD;CDC37L1;RAP1A;THBS1;PHACTR2;ANXA5;MMRN1;CRK;APOH;TRPC3;VEGFC;ARRB1;PROS1;SOS1;CALU;ALB;GNG12;SPARC;APOOL;SERPINA4;RAP1B;SRGN;VWF;F2RL3;TMSB4X
R-HSA-9759476	0.108784437263689	0.272359570951398	0.287805130535564	0.267957149290341	1.20938951428657	189	7020;5928;2146;5315;3728;7764;9743;7750;3609;4343;3014;8349;1488;23193;8357;60436;85236;3065;8334;90701;1009;7841;10009;6185;1650;5046;4193;54971;8289;5589;6184;8365;57690;3703;23512;5931;60559;8726;8728;8337;8347;10585;23396;79872;1499;288;3020;59;387893	completed	Reactome_preranked_GSEA_fallback	Regulation of Homotypic Cell-Cell Adhesion	217	cancer_up	P1 cancer-minus-normal moderated t	20357	0	1	reactome.db_1.95.0__fgsea_1.36.2	TFAP2A;RBBP4;EZH2;PKM;JUP;ZNF217;ARHGAP32;ZMYM2;ILF3;MOV10;H2AX;H2BC21;CTBP2;GANAB;H3C10;TGIF2;H2BC12;HDAC1;H2AC6;SEC11C;CDH11;MOGS;ZBTB33;RPN2;DDOST;PCSK6;MDM2;BANP;ARID1A;PRKCSH;RPN1;H4C8;TNRC6C;STT3A;SUZ12;RBBP7;SPCS3;EED;ADAM19;H2AC18;H2BC4;POMT1;PIP5K1C;CBLL1;CTNNB1;ANK3;H3-3A;ACTA2;KMT5A
R-HSA-9674555	0.109983079526227	0.274355601664876	0.173747838999571	-0.438824745281384	-1.32878411939854	30	6776;9846;6777;5781;9021;3716;7311;7316	completed	Reactome_preranked_GSEA_fallback	Signaling by CSF3 (G-CSF)	30	normal_up	P1 cancer-minus-normal moderated t	20357	0	1	reactome.db_1.95.0__fgsea_1.36.2	STAT5A;GAB2;STAT5B;PTPN11;SOCS3;JAK1;UBA52;UBC
R-HSA-1296071	0.10989010989011	0.274355601664876	0.166933848713193	-0.328089476074188	-1.24880272482911	97	3745;54331;2791;3764;3751;50801;3766;3758;55970;9132;9196;7881;83795;23416;27133;3770;56479;9312;10060;81033;90134;3750;3782;54207;3767;3736	completed	Reactome_preranked_GSEA_fallback	Potassium Channels	103	normal_up	P1 cancer-minus-normal moderated t	20357	0	1	reactome.db_1.95.0__fgsea_1.36.2	KCNB1;GNG2;GNG11;KCNJ8;KCND2;KCNK4;KCNJ10;KCNJ1;GNG12;KCNQ4;KCNAB3;KCNAB1;KCNK16;KCNH3;KCNH5;KCNJ14;KCNQ5;KCNB2;ABCC9;KCNH6;KCNH7;KCND1;KCNN3;KCNK10;KCNJ11;KCNA1
R-HSA-418217	0.111517367458867	0.275170110679189	0.179782316298324	-0.525443097564435	-1.3639264125456	16	54331;2791;55970	completed	Reactome_preranked_GSEA_fallback	G beta:gamma signalling through PLC beta	20	normal_up	P1 cancer-minus-normal moderated t	20357	0	1	reactome.db_1.95.0__fgsea_1.36.2	GNG2;GNG11;GNG12
R-HSA-446353	0.111517367458867	0.275170110679189	0.179782316298324	-0.525315012867352	-1.36359393486685	16	10979;55742;9459;3987;7016;29780;2318;3611	completed	Reactome_preranked_GSEA_fallback	Cell-extracellular matrix interactions	18	normal_up	P1 cancer-minus-normal moderated t	20357	0	1	reactome.db_1.95.0__fgsea_1.36.2	FERMT2;PARVA;ARHGEF6;LIMS1;TESK1;PARVB;FLNC;ILK
R-HSA-418592	0.111111111111111	0.275170110679189	0.173747838999571	-0.477234445916462	-1.34340519289487	22	54331;5321;2791	completed	Reactome_preranked_GSEA_fallback	ADP signalling through P2Y purinoceptor 1	25	normal_up	P1 cancer-minus-normal moderated t	20357	0	1	reactome.db_1.95.0__fgsea_1.36.2	GNG2;PLA2G4A;GNG11
R-HSA-1980145	0.110576923076923	0.275170110679189	0.208955027549354	0.395834751327071	1.30585988098423	33	4192;54492;3714;55851;23385;9794;388677;102;2033;142678;5664;51107;55534	completed	Reactome_preranked_GSEA_fallback	Signaling by NOTCH2	35	cancer_up	P1 cancer-minus-normal moderated t	20357	0	1	reactome.db_1.95.0__fgsea_1.36.2	MDK;NEURL1B;JAG2;PSENEN;NCSTN;MAML1;NOTCH2NLA;ADAM10;EP300;MIB2;PSEN2;APH1A;MAML3
R-HSA-174143	0.11139896373057	0.275170110679189	0.216542836735348	0.325809187033873	1.25611211029524	73	51433;991;891;983;11065;4751;890;701	completed	Reactome_preranked_GSEA_fallback	APC/C-mediated degradation of cell cycle proteins	75	cancer_up	P1 cancer-minus-normal moderated t	20357	0	1	reactome.db_1.95.0__fgsea_1.36.2	ANAPC5;CDC20;CCNB1;CDK1;UBE2C;NEK2;CCNA2;BUB1B
R-HSA-453276	0.11139896373057	0.275170110679189	0.216542836735348	0.325809187033873	1.25611211029524	73	51433;991;891;983;11065;4751;890;701	completed	Reactome_preranked_GSEA_fallback	Regulation of mitotic cell cycle	75	cancer_up	P1 cancer-minus-normal moderated t	20357	0	1	reactome.db_1.95.0__fgsea_1.36.2	ANAPC5;CDC20;CCNB1;CDK1;UBE2C;NEK2;CCNA2;BUB1B
R-HSA-9933947	0.112087912087912	0.276079596079596	0.197822021315103	0.503915877851422	1.3790235892429	16	6599;29998;86;26039;6603	completed	Reactome_preranked_GSEA_fallback	Formation of the non-canonical BAF (ncBAF) complex	17	cancer_up	P1 cancer-minus-normal moderated t	20357	0	1	reactome.db_1.95.0__fgsea_1.36.2	SMARCC1;BICRA;ACTL6A;SS18L1;SMARCD2
R-HSA-111996	0.112605042016807	0.276854482800314	0.170932335370056	-0.412019279854183	-1.31023813993706	38	801;5321;5577;5136;111;5568;5153;112;196883	completed	Reactome_preranked_GSEA_fallback	Ca-dependent events	39	normal_up	P1 cancer-minus-normal moderated t	20357	0	1	reactome.db_1.95.0__fgsea_1.36.2	CALM1;PLA2G4A;PRKAR2B;PDE1A;ADCY5;PRKACG;PDE1B;ADCY6;ADCY4
R-HSA-4086398	0.113333333333333	0.278144823459007	0.169570644405628	-0.364863548447166	-1.27279035147103	56	801;54331;8322;7481;7855;2791;5532;55970;5534;83439;2780;6934;5148	completed	Reactome_preranked_GSEA_fallback	Ca2+ pathway	62	normal_up	P1 cancer-minus-normal moderated t	20357	0	1	reactome.db_1.95.0__fgsea_1.36.2	CALM1;GNG2;FZD4;WNT11;FZD5;GNG11;PPP3CB;GNG12;PPP3R1;TCF7L1;GNAT2;TCF7L2;PDE6G
R-HSA-192105	0.114334470989761	0.28009896387635	0.170932335370056	-0.420948467106948	-1.29838520635591	33	1645;10858;8644;1109;6342;9023;570;114883;6718;8648	completed	Reactome_preranked_GSEA_fallback	Synthesis of bile acids and bile salts	33	normal_up	P1 cancer-minus-normal moderated t	20357	0	1	reactome.db_1.95.0__fgsea_1.36.2	AKR1C1;CYP46A1;AKR1C3;AKR1C4;SCP2;CH25H;BAAT;OSBPL9;AKR1D1;NCOA1
R-HSA-169911	0.117147707979626	0.285965922871695	0.16823816568964	-0.40837478647046	-1.30247671129519	39	79658;5700;7311;7316;6233;9861;5714;5684;5695;5707;5694;5688;5713;5717;5682;10213;5718	completed	Reactome_preranked_GSEA_fallback	Regulation of Apoptosis	40	normal_up	P1 cancer-minus-normal moderated t	20357	0	1	reactome.db_1.95.0__fgsea_1.36.2	ARHGAP10;PSMC1;UBA52;UBC;RPS27A;PSMD6;PSMD8;PSMA3;PSMB7;PSMD1;PSMB6;PSMA7;PSMD7;PSMD11;PSMA1;PSMD14;PSMD12
R-HSA-164952	0.117073170731707	0.285965922871695	0.204294756516886	0.41581206890935	1.2956124487301	27	10053;375;8905;1174;163	completed	Reactome_preranked_GSEA_fallback	The role of Nef in HIV-1 replication and disease pathogenesis	29	cancer_up	P1 cancer-minus-normal moderated t	20357	0	1	reactome.db_1.95.0__fgsea_1.36.2	AP1M2;ARF1;AP1S2;AP1S1;AP2B1
R-HSA-9696264	0.117936117936118	0.287377314115282	0.204294756516886	0.383303862005862	1.30121730565286	38	10970;5296;11180;23513;81839;8502;9231;253980;57216;23592;27316;222584;29766;91544	completed	Reactome_preranked_GSEA_fallback	RND3 GTPase cycle	38	cancer_up	P1 cancer-minus-normal moderated t	20357	0	1	reactome.db_1.95.0__fgsea_1.36.2	CKAP4;PIK3R2;WDR6;SCRIB;VANGL1;PKP4;DLG5;KCTD13;VANGL2;LEMD3;RBMX;FAM83B;TMOD3;UBXN11
R-HSA-400685	0.118764845605701	0.288881750788244	0.199915231309662	0.432614194117572	1.30093661650737	23	3985;4627;2064;27289;10507	completed	Reactome_preranked_GSEA_fallback	Sema4D in semaphorin signaling	23	cancer_up	P1 cancer-minus-normal moderated t	20357	0	1	reactome.db_1.95.0__fgsea_1.36.2	LIMK2;MYH9;ERBB2;RND1;SEMA4D
R-HSA-9705462	0.119250425894378	0.289547659320808	0.166933848713193	-0.455641771266272	-1.32315614373259	25	6776;6777;9021;3716;7311;7316;6233;3717	completed	Reactome_preranked_GSEA_fallback	Inactivation of CSF3 (G-CSF) signaling	25	normal_up	P1 cancer-minus-normal moderated t	20357	0	1	reactome.db_1.95.0__fgsea_1.36.2	STAT5A;STAT5B;SOCS3;JAK1;UBA52;UBC;RPS27A;JAK2
R-HSA-114608	0.119631901840491	0.289958882652395	0.157402899305283	-0.313222927230491	-1.22494535608297	120	7094;801;7423;10490;2162;2157;5919;3479;948;1675;55664;7057;9749;308;22915;350;7424;5627;813;213;6678;139322;5267;5552;7450;7114;54676;710;334;7018;5175;54495;374354;2243;7044;5345;3082;5265;6694;6403;197	completed	Reactome_preranked_GSEA_fallback	Platelet degranulation	129	normal_up	P1 cancer-minus-normal moderated t	20357	0	1	reactome.db_1.95.0__fgsea_1.36.2	TLN1;CALM1;VEGFB;VTI1B;F13A1;F8;RARRES2;IGF1;CD36;CFD;CDC37L1;THBS1;PHACTR2;ANXA5;MMRN1;APOH;VEGFC;PROS1;CALU;ALB;SPARC;APOOL;SERPINA4;SRGN;VWF;TMSB4X;GTPBP2;SERPING1;APLP2;TF;PECAM1;TMX3;NHLRC2;FGA;LEFTY2;SERPINF2;HGF;SERPINA1;SPP2;SELP;AHSG
R-HSA-9717207	0.121367521367521	0.293126151430038	0.165656695205483	-0.414134049570305	-1.2839322953802	34	6335;6330;6327;259285;80835;119395;6324;2911;255022;50836;50834;6326;29850;6328;50840	completed	Reactome_preranked_GSEA_fallback	Sensory perception of sweet, bitter, and umami (glutamate) taste	41	normal_up	P1 cancer-minus-normal moderated t	20357	0	1	reactome.db_1.95.0__fgsea_1.36.2	SCN9A;SCN4B;SCN2B;TAS2R39;TAS1R1;CALHM3;SCN1B;GRM1;CALHM1;TAS2R8;TAS2R1;SCN2A;TRPM5;SCN3A;TAS2R14
R-HSA-6811558	0.121165644171779	0.293126151430038	0.156312403073186	-0.315142629269956	-1.22065495379292	112	152831;2247;5519;9365;5290;9846;2534;90865;5781;2246;1956;8660;2252;4915;5525;2250;5156;1839;2260;8817;8074;9173	completed	Reactome_preranked_GSEA_fallback	PI5P, PP2A and IER3 Regulate PI3K/AKT Signaling	114	normal_up	P1 cancer-minus-normal moderated t	20357	0	1	reactome.db_1.95.0__fgsea_1.36.2	KLB;FGF2;PPP2R1B;KL;PIK3CA;GAB2;FYN;IL33;PTPN11;FGF1;EGFR;IRS2;FGF7;NTRK2;PPP2R5A;FGF5;PDGFRA;HBEGF;FGFR1;FGF18;FGF23;IL1RL1
R-HSA-9772573	0.121761658031088	0.293559411866839	0.206587922696891	0.319115701138173	1.23030630423366	73	11320;6732;11253;55107;83666;23193;54625;1452;11282;2932;7841;6185;10610;25921;1650;253832;7329;5589;6184;6733;3703;4249;56965;201595	completed	Reactome_preranked_GSEA_fallback	Late SARS-CoV-2 Infection Events	79	cancer_up	P1 cancer-minus-normal moderated t	20357	0	1	reactome.db_1.95.0__fgsea_1.36.2	MGAT4A;SRPK1;MAN1B1;ANO1;PARP9;GANAB;PARP14;CSNK1A1;MGAT4B;GSK3B;MOGS;RPN2;ST6GALNAC2;ZDHHC5;DDOST;ZDHHC20;UBE2I;PRKCSH;RPN1;SRPK2;STT3A;MGAT5;PARP6;STT3B
R-HSA-176408	0.122137404580153	0.293946887431459	0.204294756516886	0.318439366363303	1.2192929412289	67	51433;991;891;983;11065;890;701	completed	Reactome_preranked_GSEA_fallback	Regulation of APC/C activators between G1/S and early anaphase	68	cancer_up	P1 cancer-minus-normal moderated t	20357	0	1	reactome.db_1.95.0__fgsea_1.36.2	ANAPC5;CDC20;CCNB1;CDK1;UBE2C;CCNA2;BUB1B
R-HSA-9933939	0.123853211009174	0.296508702215898	0.191892240384838	0.486395155287226	1.35508851381432	17	6599;86;55193;196528;6603	completed	Reactome_preranked_GSEA_fallback	Formation of the polybromo-BAF (pBAF) complex	18	cancer_up	P1 cancer-minus-normal moderated t	20357	0	1	reactome.db_1.95.0__fgsea_1.36.2	SMARCC1;ACTL6A;PBRM1;ARID2;SMARCD2
R-HSA-193368	0.123924268502582	0.296508702215898	0.16440575583821	-0.469365584494314	-1.33215017408556	23	1645;8644;1109;6342;570;6718;8648;3295;6256;8309	completed	Reactome_preranked_GSEA_fallback	Synthesis of bile acids and bile salts via 7alpha-hydroxycholesterol	23	normal_up	P1 cancer-minus-normal moderated t	20357	0	1	reactome.db_1.95.0__fgsea_1.36.2	AKR1C1;AKR1C3;AKR1C4;SCP2;BAAT;AKR1D1;NCOA1;HSD17B4;RXRA;ACOX2
R-HSA-73728	0.123486682808717	0.296508702215898	0.197822021315103	0.37437659075295	1.29090359058828	39	7343;3014;8349;8357;85236;8334;8365;8337;8347;3020;3021	completed	Reactome_preranked_GSEA_fallback	RNA Polymerase I Promoter Opening	62	cancer_up	P1 cancer-minus-normal moderated t	20357	0	1	reactome.db_1.95.0__fgsea_1.36.2	UBTF;H2AX;H2BC21;H3C10;H2BC12;H2AC6;H4C8;H2AC18;H2BC4;H3-3A;H3-3B
R-HSA-427359	0.124069478908189	0.296508702215898	0.199915231309662	0.356215328601685	1.25862396413255	45	79101;3014;8349;8357;9013;85236;8334;8365;6908;8337;8347;3020;3021	completed	Reactome_preranked_GSEA_fallback	SIRT1 negatively regulates rRNA expression	67	cancer_up	P1 cancer-minus-normal moderated t	20357	0	1	reactome.db_1.95.0__fgsea_1.36.2	TAF1D;H2AX;H2BC21;H3C10;TAF1C;H2BC12;H2AC6;H4C8;TBP;H2AC18;H2BC4;H3-3A;H3-3B
R-HSA-9918487	0.124365482233503	0.296697407003836	0.20207170902116	0.313534224876887	1.21823411241191	77	4666;3838;3184;10525;54431;2923;8818;90701;5034;6185;9775;8974;1650;3309;5033;7329;283208;6184;7514;64225;3703;60559;201595;1973;811;7415;51726;7991;1981	completed	Reactome_preranked_GSEA_fallback	Dengue Virus Genome Translation and Replication	81	cancer_up	P1 cancer-minus-normal moderated t	20357	0	1	reactome.db_1.95.0__fgsea_1.36.2	NACA;KPNA2;HNRNPD;HYOU1;DNAJC10;PDIA3;DPM2;SEC11C;P4HB;RPN2;EIF4A3;P4HA2;DDOST;HSPA5;P4HA1;UBE2I;P4HA3;RPN1;XPO1;ATL2;STT3A;SPCS3;STT3B;EIF4A1;CALR;VCP;DNAJB11;TUSC3;EIF4G1
R-HSA-2022854	0.127946127946128	0.30470793885428	0.159646701919906	-0.439354712486535	-1.31392762610046	28	5549;9331;4958;4969;2331;10402	completed	Reactome_preranked_GSEA_fallback	Keratan sulfate biosynthesis	29	normal_up	P1 cancer-minus-normal moderated t	20357	0	1	reactome.db_1.95.0__fgsea_1.36.2	PRELP;B4GALT6;OMD;OGN;FMOD;ST3GAL6
R-HSA-9958790	0.129496402877698	0.306152665740414	0.191892240384838	0.388120046140076	1.2945039920401	34	10723;9498;6574;65010;284129;6522	completed	Reactome_preranked_GSEA_fallback	SLC-mediated transport of inorganic anions	35	cancer_up	P1 cancer-minus-normal moderated t	20357	0	1	reactome.db_1.95.0__fgsea_1.36.2	SLC12A7;SLC4A8;SLC20A1;SLC26A6;SLC26A11;SLC4A2
R-HSA-264876	0.130120481927711	0.306152665740414	0.191892240384838	0.413616799112927	1.27479875287624	25	23265;54536;6804;5034;169026;55770;149371	completed	Reactome_preranked_GSEA_fallback	Insulin processing	25	cancer_up	P1 cancer-minus-normal moderated t	20357	0	1	reactome.db_1.95.0__fgsea_1.36.2	EXOC7;EXOC6;STX1A;P4HB;SLC30A8;EXOC2;EXOC8
R-HSA-9024446	0.129783693843594	0.306152665740414	0.157402899305283	-0.384758001166852	-1.27309342885618	44	5105;5346;80820;19;10062;5360;347;1071;2194;6319;8648	completed	Reactome_preranked_GSEA_fallback	NR1H2 and NR1H3-mediated signaling	47	normal_up	P1 cancer-minus-normal moderated t	20357	0	1	reactome.db_1.95.0__fgsea_1.36.2	PCK1;PLIN1;EEPD1;ABCA1;NR1H3;PLTP;APOD;CETP;FASN;SCD;NCOA1
R-HSA-2672351	0.129485179407176	0.306152665740414	0.152144922367565	-0.318098959302608	-1.21435823101068	101	845;10110;801;63982;196527;1183;28962;203859;1193;80036;7222;7311;444;7316;140803;1185;7809	completed	Reactome_preranked_GSEA_fallback	Stimuli-sensing channels	107	normal_up	P1 cancer-minus-normal moderated t	20357	0	1	reactome.db_1.95.0__fgsea_1.36.2	CASQ2;SGK2;CALM1;ANO3;ANO6;CLCN4;OSTM1;ANO5;CLIC2;TRPM3;TRPC3;UBA52;ASPH;UBC;TRPM6;CLCN6;BSND
R-HSA-1483206	0.129909365558912	0.306152665740414	0.149207542435322	-0.307350777827702	-1.21218011630865	125	2819;5320;117245;10555;5321;84649;57678;11343;5337;84803;10400;11145;57104;1459;590;3030;201164;23761;3032;63874;23175;43;54675;114971;10390;5130;9362;9468;8694;374986;23259;114882	completed	Reactome_preranked_GSEA_fallback	Glycerophospholipid biosynthesis	129	normal_up	P1 cancer-minus-normal moderated t	20357	0	1	reactome.db_1.95.0__fgsea_1.36.2	GPD1;PLA2G2A;PLAAT5;AGPAT2;PLA2G4A;DGAT2;GPAM;MGLL;PLD1;GPAT3;PEMT;PLAAT3;PNPLA2;CSNK2A2;BCHE;HADHA;PLD6;PISD;HADHB;ABHD4;LPIN1;ACHE;CRLS1;PTPMT1;CEPT1;PCYT1A;CPNE6;PCYT1B;DGAT1;MIGA1;DDHD2;OSBPL8
R-HSA-425407	0.129032258064516	0.306152665740414	0.224966093540314	0.248631631358032	1.14670240107104	230	81539;23446;7355;10723;84679;4891;123096;9498;6574;25800;6548;65010;6533;284129;347734;55974;6522;57153;8140;81031;23443;6506;6578;6584;23169;55630;80736;7779;6509;23657;57181;6541;6558;9197;7922;169026;55356;10999;10559;6542;66035;6520;55315;126969;5002;6568;204962;206358;11046;9187;9123	completed	Reactome_preranked_GSEA_fallback	SLC-mediated transmembrane transport	241	cancer_up	P1 cancer-minus-normal moderated t	20357	0	1	reactome.db_1.95.0__fgsea_1.36.2	SLC38A1;SLC44A1;SLC35A2;SLC12A7;SLC9A7;SLC11A2;SLC25A29;SLC4A8;SLC20A1;SLC39A6;SLC9A1;SLC26A6;SLC6A6;SLC26A11;SLC35B2;SLC50A1;SLC4A2;SLC44A2;SLC7A5;SLC2A10;SLC35A3;SLC1A2;SLCO2A1;SLC22A5;SLC35D1;SLC39A4;SLC44A4;SLC30A1;SLC1A4;SLC7A11;SLC39A10;SLC7A1;SLC12A2;SLC33A1;SLC39A7;SLC30A8;SLC22A15;SLC27A4;SLC35A1;SLC7A2;SLC2A11;SLC3A2;SLC29A3;SLC44A3;SLC67A1;SLC17A1;SLC44A5;SLC36A1;SLC35D2;SLC24A1;SLC16A3
R-HSA-446728	0.129032258064516	0.306152665740414	0.237793834423688	0.244466327260812	1.14595336567326	269	7020;5928;2146;5315;1364;3728;5819;84612;7764;10207;1365;5584;9743;7750;3609;81607;4343;1366;3014;8349;1001;9069;1488;23193;4301;8357;60436;85236;54751;3065;8334;90701;1009;7841;10009;6185;1650;92359;5046;84552;4193;54971;8289;5589;5829;6184;8365;57690;3703;23512	completed	Reactome_preranked_GSEA_fallback	Cell junction organization	299	cancer_up	P1 cancer-minus-normal moderated t	20357	0	1	reactome.db_1.95.0__fgsea_1.36.2	TFAP2A;RBBP4;EZH2;PKM;CLDN4;JUP;NECTIN2;PARD6B;ZNF217;PATJ;CLDN3;PRKCI;ARHGAP32;ZMYM2;ILF3;NECTIN4;MOV10;CLDN7;H2AX;H2BC21;CDH3;CLDN12;CTBP2;GANAB;AFDN;H3C10;TGIF2;H2BC12;FBLIM1;HDAC1;H2AC6;SEC11C;CDH11;MOGS;ZBTB33;RPN2;DDOST;CRB3;PCSK6;PARD6G;MDM2;BANP;ARID1A;PRKCSH;PXN;RPN1;H4C8;TNRC6C;STT3A;SUZ12
R-HSA-8931838	0.130733944954128	0.307067530502223	0.186432558434075	0.483052852835689	1.34577691682874	17	1605;148789;10559;10585;9486;10329;120071;2218;29954;9215;84892	completed	Reactome_preranked_GSEA_fallback	DAG1 glycosylations	18	cancer_up	P1 cancer-minus-normal moderated t	20357	0	1	reactome.db_1.95.0__fgsea_1.36.2	DAG1;B3GALNT2;SLC35A1;POMT1;CHST10;RXYLT1;LARGE2;FKTN;POMT2;LARGE1;POMGNT2
R-HSA-352230	0.131067961165049	0.3073147971411	0.191892240384838	0.398964829984925	1.29179279616169	31	81539;123096;6533;8140;6509;23657;6541;6542;6520;206358	completed	Reactome_preranked_GSEA_fallback	Amino acid transport across the plasma membrane	32	cancer_up	P1 cancer-minus-normal moderated t	20357	0	1	reactome.db_1.95.0__fgsea_1.36.2	SLC38A1;SLC25A29;SLC6A6;SLC7A5;SLC1A4;SLC7A11;SLC7A1;SLC7A2;SLC3A2;SLC36A1
R-HSA-9012852	0.13151364764268	0.3073147971411	0.193813302725311	0.346633032558029	1.23484859279285	49	2648;54492;9787;10460;5087;23286;3714;55851;23385;1387;9794;102;2033;142678;5664;1950;51107	completed	Reactome_preranked_GSEA_fallback	Signaling by NOTCH3	49	cancer_up	P1 cancer-minus-normal moderated t	20357	0	1	reactome.db_1.95.0__fgsea_1.36.2	KAT2A;NEURL1B;DLGAP5;TACC3;PBX1;WWC1;JAG2;PSENEN;NCSTN;CREBBP;MAML1;ADAM10;EP300;MIB2;PSEN2;EGF;APH1A
R-HSA-76005	0.131419939577039	0.3073147971411	0.148261500475107	-0.306244212653884	-1.20781586413209	125	7094;801;7423;10490;2162;2157;5919;3479;948;1675;55664;7057;9749;308;22915;350;7424;5627;813;213;6678;139322;5267;5552;7450;7114;54676;710;334;7018;5175;54495;374354;2243;7044;5345;3082;5265;6694;6403;197	completed	Reactome_preranked_GSEA_fallback	Response to elevated platelet cytosolic Ca2+	134	normal_up	P1 cancer-minus-normal moderated t	20357	0	1	reactome.db_1.95.0__fgsea_1.36.2	TLN1;CALM1;VEGFB;VTI1B;F13A1;F8;RARRES2;IGF1;CD36;CFD;CDC37L1;THBS1;PHACTR2;ANXA5;MMRN1;APOH;VEGFC;PROS1;CALU;ALB;SPARC;APOOL;SERPINA4;SRGN;VWF;TMSB4X;GTPBP2;SERPING1;APLP2;TF;PECAM1;TMX3;NHLRC2;FGA;LEFTY2;SERPINF2;HGF;SERPINA1;SPP2;SELP;AHSG
R-HSA-8876198	0.133152173913043	0.31061266508384	0.20207170902116	0.303081794236441	1.20618198579253	88	22931;5874;7109;117177;1122;163486;6764;2664;79090;6399;201627;5870;8567;9827;89781;4218;5869;8408;201475;26130;23682;22879;83696;51552;54453;221960;207;3257;25782;116442;9909	completed	Reactome_preranked_GSEA_fallback	RAB GEFs exchange GTP for GDP on RABs	90	cancer_up	P1 cancer-minus-normal moderated t	20357	0	1	reactome.db_1.95.0__fgsea_1.36.2	RAB18;RAB27B;TRAPPC10;RAB3IP;CHML;DENND1B;DENND2B;GDI1;TRAPPC6A;TRAPPC2;DENND6A;RAB6A;MADD;RGP1;HPS4;RAB8A;RAB5B;ULK1;RAB12;GAPVD1;RAB38;MON1B;TRAPPC9;RAB14;RIN2;CCZ1B;AKT1;HPS1;RAB3GAP2;RAB39B;DENND4B
R-HSA-9864848	0.13355592654424	0.311023767608137	0.155241966228839	-0.384304685320775	-1.27332961707655	45	1346;84987;389203;1350;6341;1349;1353;84701;4697;93058;4512;1329;29090;25994;80219;4513;1339;1347;100303755;1340;152100;51241;125965;6834	completed	Reactome_preranked_GSEA_fallback	Complex IV assembly	48	normal_up	P1 cancer-minus-normal moderated t	20357	0	1	reactome.db_1.95.0__fgsea_1.36.2	COX7A1;COX14;SMIM20;COX7C;SCO1;COX7B;COX11;COX4I2;COXFA4;COQ10A;MT-CO1;COX5B;TIMM21;HIGD1A;COQ10B;MT-CO2;COX6A2;COX7A2;PET117;COX6B1;CMC1;COX16;COX6B2;SURF1
R-HSA-9634815	0.134146341463415	0.311337943600149	0.190023305279108	0.394082547766735	1.28944627641079	32	4343;9915;10769;9500;1387;5979;4193;7514;57690;8851;1020	completed	Reactome_preranked_GSEA_fallback	Transcriptional Regulation by NPAS4	34	cancer_up	P1 cancer-minus-normal moderated t	20357	0	1	reactome.db_1.95.0__fgsea_1.36.2	MOV10;ARNT2;PLK2;MAGED1;CREBBP;RET;MDM2;XPO1;TNRC6C;CDK5R1;CDK5
R-HSA-5218920	0.134146341463415	0.311337943600149	0.190023305279108	0.408654320406295	1.2733099020778	27	10451;3728;7410;57761;5170;64223;253260;79109;5058;1499;207	completed	Reactome_preranked_GSEA_fallback	VEGFR2 mediated vascular permeability	31	cancer_up	P1 cancer-minus-normal moderated t	20357	0	1	reactome.db_1.95.0__fgsea_1.36.2	VAV3;JUP;VAV2;TRIB3;PDPK1;MLST8;RICTOR;MAPKAP1;PAK1;CTNNB1;AKT1
R-HSA-1474290	0.135135135135135	0.312571454703434	0.199915231309662	0.297554683703153	1.18528726189779	89	1300;1301;1278;1290;4314;85301;1289;1305;5479;80781;1296;5034;8974;1307;64175;5033;283208;1277;1294;4016;1293;1303;4318;8985;4322;1281;9509;3918;871;1298	completed	Reactome_preranked_GSEA_fallback	Collagen formation	89	cancer_up	P1 cancer-minus-normal moderated t	20357	0	1	reactome.db_1.95.0__fgsea_1.36.2	COL10A1;COL11A1;COL1A2;COL5A2;MMP3;COL27A1;COL5A1;COL13A1;PPIB;COL18A1;COL8A2;P4HB;P4HA2;COL16A1;P3H1;P4HA1;P4HA3;COL1A1;COL7A1;LOXL1;COL6A3;COL12A1;MMP9;PLOD3;MMP13;COL3A1;ADAMTS2;LAMC2;SERPINH1;COL9A2
R-HSA-201681	0.134969325153374	0.312571454703434	0.213927855492356	0.254100779038364	1.15114603780551	191	6659;9736;7090;6662;2535;54894;51176;57680;9757;23401;3014;8349;8295;4221;8321;90780;8357;85236;3065;8334;1452;2932;1455;7483;1387;11091;5929;5518;123169;1857;6423;324;8365;607;7514;59349;8607;8323;5527;2033;283149;8312;8337;7474	completed	Reactome_preranked_GSEA_fallback	TCF dependent signaling in response to WNT	219	cancer_up	P1 cancer-minus-normal moderated t	20357	0	1	reactome.db_1.95.0__fgsea_1.36.2	SOX4;USP34;TLE3;SOX9;FZD2;RNF43;LEF1;CHD8;KMT2B;FRAT2;H2AX;H2BC21;TRRAP;MEN1;FZD1;PYGO2;H3C10;H2BC12;HDAC1;H2AC6;CSNK1A1;GSK3B;CSNK1G2;WNT9A;CREBBP;WDR5;RBBP5;PPP2R1A;LEO1;DVL3;SFRP2;APC;H4C8;BCL9;XPO1;KLHL12;RUVBL1;FZD6;PPP2R5C;EP300;BCL9L;AXIN1;H2AC18;WNT5A
R-HSA-5654699	0.135972461273666	0.313976950272131	0.156312403073186	-0.462870841387112	-1.31371683886303	23	2247;2246;2252;2250;6654;8817;8074	completed	Reactome_preranked_GSEA_fallback	SHC-mediated cascade:FGFR2	23	normal_up	P1 cancer-minus-normal moderated t	20357	0	1	reactome.db_1.95.0__fgsea_1.36.2	FGF2;FGF1;FGF7;FGF5;SOS1;FGF18;FGF23
R-HSA-5654719	0.136986301369863	0.315784610409111	0.155241966228839	-0.472384050225599	-1.30649561982507	20	152831;2247;2246;6654;8817;8074	completed	Reactome_preranked_GSEA_fallback	SHC-mediated cascade:FGFR4	20	normal_up	P1 cancer-minus-normal moderated t	20357	0	1	reactome.db_1.95.0__fgsea_1.36.2	KLB;FGF2;FGF1;SOS1;FGF18;FGF23
R-HSA-2142753	0.138333333333333	0.318352974186308	0.152144922367565	-0.35613210539977	-1.24233157719105	56	5321;27306;8644;113612;5743;5740;2879;2876;22949;158833	completed	Reactome_preranked_GSEA_fallback	Arachidonate metabolism	59	normal_up	P1 cancer-minus-normal moderated t	20357	0	1	reactome.db_1.95.0__fgsea_1.36.2	PLA2G4A;HPGDS;AKR1C3;CYP2U1;PTGS2;PTGIS;GPX4;GPX1;PTGR1;AWAT1
R-HSA-2142845	0.138698630136986	0.318657188902958	0.154190966581424	-0.471464990749937	-1.30395373218357	20	10894;3036;3037;11261;3373	completed	Reactome_preranked_GSEA_fallback	Hyaluronan metabolism	20	normal_up	P1 cancer-minus-normal moderated t	20357	0	1	reactome.db_1.95.0__fgsea_1.36.2	LYVE1;HAS1;HAS2;CHP1;HYAL1
R-HSA-114452	0.139759036144578	0.320077087948704	0.184706471207739	0.410221752959595	1.26433495979166	25	2810;140735;10018;1869;5366;7529;90427;5599;207;7533;27113;7157	completed	Reactome_preranked_GSEA_fallback	Activation of BH3-only proteins	25	cancer_up	P1 cancer-minus-normal moderated t	20357	0	1	reactome.db_1.95.0__fgsea_1.36.2	SFN;DYNLL2;BCL2L11;E2F1;PMAIP1;YWHAB;BMF;MAPK8;AKT1;YWHAH;BBC3;TP53
R-HSA-6807878	0.139784946236559	0.320077087948704	0.195789002148949	0.296582104319764	1.19249601830984	92	23423;55738;375;6712;377;4905;84516;832;54732;7277;140735;11014;10652;22796;1778;22820;84364;91949;2801;9527;381;11070;378;11316;8775;51014;1314	completed	Reactome_preranked_GSEA_fallback	COPI-mediated anterograde transport	102	cancer_up	P1 cancer-minus-normal moderated t	20357	0	1	reactome.db_1.95.0__fgsea_1.36.2	TMED3;ARFGAP1;ARF1;SPTBN2;ARF3;NSF;DCTN5;CAPZB;TMED9;TUBA4A;DYNLL2;KDELR2;YKT6;COG2;DYNC1H1;COPG1;ARFGAP2;COG7;GOLGA2;GOSR1;ARF5;TMEM115;ARF4;COPE;NAPA;TMED7;COPA
R-HSA-6782210	0.140740740740741	0.321726743465874	0.186432558434075	0.323452946958889	1.20947839151426	60	3978;5424;5437;27339;3980;5983;5427;5111;5984;5426;7874;5430;7515;5433;2068;2074;2968;91603;5431;6917;54107;1022;1642;5425	completed	Reactome_preranked_GSEA_fallback	Gap-filling DNA repair synthesis and ligation in TC-NER	63	cancer_up	P1 cancer-minus-normal moderated t	20357	0	1	reactome.db_1.95.0__fgsea_1.36.2	LIG1;POLD1;POLR2H;PRPF19;LIG3;RFC3;POLE2;PCNA;RFC4;POLE;USP7;POLR2A;XRCC1;POLR2D;ERCC2;ERCC6;GTF2H4;ZNF830;POLR2B;TCEA1;POLE3;CDK7;DDB1;POLD2
R-HSA-9930044	0.141119221411192	0.322053381751419	0.184706471207739	0.378374143161131	1.26416222992956	35	51013;8106;23211;54512;1797;64848;64062;56915;91746;54439;23144;124245;55596;11044;64282;23016;4686;196441;51010;10200	completed	Reactome_preranked_GSEA_fallback	Nuclear RNA decay	35	cancer_up	P1 cancer-minus-normal moderated t	20357	0	1	reactome.db_1.95.0__fgsea_1.36.2	EXOSC1;PABPN1;ZC3H4;EXOSC4;DXO;YTHDC2;RBM26;EXOSC5;YTHDC1;RBM27;ZC3H3;ZC3H18;ZCCHC8;TENT4A;TENT4B;EXOSC7;NCBP1;ZFC3H1;EXOSC3;MPHOSPH6
R-HSA-6811440	0.141439205955335	0.322245657568238	0.186432558434075	0.34352700704459	1.22378365992669	49	143187;4905;23647;5870;6293;22796;60560;8675;9827;55275;79571;10226;91949;10228;400;2803;8775	completed	Reactome_preranked_GSEA_fallback	Retrograde transport at the Trans-Golgi-Network	49	cancer_up	P1 cancer-minus-normal moderated t	20357	0	1	reactome.db_1.95.0__fgsea_1.36.2	VTI1A;NSF;ARFIP2;RAB6A;VPS52;COG2;NAA35;STX16;RGP1;VPS53;GCC1;PLIN3;COG7;STX6;ARL1;GOLGA4;NAPA
R-HSA-400508	0.141880341880342	0.322712857488232	0.152144922367565	-0.464589750138565	-1.30781063320633	22	3952;338557;1803;2864;1045;2626;6934;2641;3670	completed	Reactome_preranked_GSEA_fallback	Incretin synthesis, secretion, and inactivation	24	normal_up	P1 cancer-minus-normal moderated t	20357	0	1	reactome.db_1.95.0__fgsea_1.36.2	LEP;FFAR4;DPP4;FFAR1;CDX2;GATA4;TCF7L2;GCG;ISL1
R-HSA-372708	0.143396226415094	0.325619005829625	0.159646701919906	-0.520980826291026	-1.3163591022784	15	7094;54518;5906;1398;5908;7450	completed	Reactome_preranked_GSEA_fallback	p130Cas linkage to MAPK signaling for integrins	15	normal_up	P1 cancer-minus-normal moderated t	20357	0	1	reactome.db_1.95.0__fgsea_1.36.2	TLN1;APBB1IP;RAP1A;CRK;RAP1B;VWF
R-HSA-442660	0.146048109965636	0.329996307971941	0.150169802128406	-0.470097687133585	-1.31328583778708	21	83733;6582;6531;6534;6580;6530;246213;55117;9152;6540;6536;57030;54716;57084	completed	Reactome_preranked_GSEA_fallback	SLC-mediated transport of neurotransmitters	21	normal_up	P1 cancer-minus-normal moderated t	20357	0	1	reactome.db_1.95.0__fgsea_1.36.2	SLC25A18;SLC22A2;SLC6A3;SLC6A7;SLC22A1;SLC6A2;SLC17A8;SLC6A15;SLC6A5;SLC6A13;SLC6A9;SLC17A7;SLC6A20;SLC17A6
R-HSA-109606	0.145985401459854	0.329996307971941	0.181383128498408	0.374410590338617	1.26110658956507	36	2810;598;79792;140735;10018;1869;5366;7529;90427;5599;207;7533;5414;27113;6774;7157	completed	Reactome_preranked_GSEA_fallback	Intrinsic Pathway for Apoptosis	37	cancer_up	P1 cancer-minus-normal moderated t	20357	0	1	reactome.db_1.95.0__fgsea_1.36.2	SFN;BCL2L1;GSDMD;DYNLL2;BCL2L11;E2F1;PMAIP1;YWHAB;BMF;MAPK8;AKT1;YWHAH;SEPTIN4;BBC3;STAT3;TP53
R-HSA-9821993	0.145985401459854	0.329996307971941	0.181383128498408	0.3900155363056	1.25272044918708	30	6732;3014;8349;85236;8365;8347;3020;3021	completed	Reactome_preranked_GSEA_fallback	Replacement of protamines by nucleosomes in the male pronucleus	42	cancer_up	P1 cancer-minus-normal moderated t	20357	0	1	reactome.db_1.95.0__fgsea_1.36.2	SRPK1;H2AX;H2BC21;H2BC12;H4C8;H2BC4;H3-3A;H3-3B
R-HSA-379716	0.146341463414634	0.330113499154793	0.181383128498408	0.411826755997984	1.25116717964787	24	2193;7407;8565;51520;4141;2058	completed	Reactome_preranked_GSEA_fallback	Cytosolic tRNA aminoacylation	24	cancer_up	P1 cancer-minus-normal moderated t	20357	0	1	reactome.db_1.95.0__fgsea_1.36.2	FARSA;VARS1;YARS1;LARS1;MARS1;EPRS1
R-HSA-194138	0.146814404432133	0.330634746060504	0.193813302725311	0.285038133181841	1.16285570730419	101	5590;10451;3728;5603;5296;7410;57761;10152;5170;9261;3845;6461;64223;8877;3315;5335;26999;9564;5829;253260;5747;63916	completed	Reactome_preranked_GSEA_fallback	Signaling by VEGF	109	cancer_up	P1 cancer-minus-normal moderated t	20357	0	1	reactome.db_1.95.0__fgsea_1.36.2	PRKCZ;VAV3;JUP;MAPK13;PIK3R2;VAV2;TRIB3;ABI2;PDPK1;MAPKAPK2;KRAS;SHB;MLST8;SPHK1;HSPB1;PLCG1;CYFIP2;BCAR1;PXN;RICTOR;PTK2;ELMO2
R-HSA-5625740	0.147286821705426	0.331153100775194	0.186432558434075	0.313314771093476	1.20077267955192	71	2810;4627;5170;3014;8349;8357;85236;10499;8334;8365;7529;5058;8337;8347;367;3020;7533;387;3021;389;5585	completed	Reactome_preranked_GSEA_fallback	RHO GTPases activate PKNs	93	cancer_up	P1 cancer-minus-normal moderated t	20357	0	1	reactome.db_1.95.0__fgsea_1.36.2	SFN;MYH9;PDPK1;H2AX;H2BC21;H3C10;H2BC12;NCOA2;H2AC6;H4C8;YWHAB;PAK1;H2AC18;H2BC4;AR;H3-3A;YWHAH;RHOA;H3-3B;RHOC;PKN1
R-HSA-8853884	0.147699757869249	0.331536238107166	0.179782316298324	0.365405436989897	1.25996977984666	39	51433;11065;4343;51176;10919;29882;595;64682;57690;51434;1499;79813;5970	completed	Reactome_preranked_GSEA_fallback	Transcriptional Regulation by VENTX	41	cancer_up	P1 cancer-minus-normal moderated t	20357	0	1	reactome.db_1.95.0__fgsea_1.36.2	ANAPC5;UBE2C;MOV10;LEF1;EHMT2;ANAPC2;CCND1;ANAPC1;TNRC6C;ANAPC7;CTNNB1;EHMT1;RELA
R-HSA-9682385	0.148148148148148	0.331997571341834	0.147331213699377	-0.425956690131516	-1.27385970101155	28	6776;5290;9846;6711;6777;5781;5292;7311;6654;7316	completed	Reactome_preranked_GSEA_fallback	FLT3 signaling in disease	28	normal_up	P1 cancer-minus-normal moderated t	20357	0	1	reactome.db_1.95.0__fgsea_1.36.2	STAT5A;PIK3CA;GAB2;SPTBN1;STAT5B;PTPN11;PIM1;UBA52;SOS1;UBC
R-HSA-9840310	0.148418491484185	0.332059047232211	0.179782316298324	0.371516430968897	1.24125035581279	35	414;6610;22901;10825;2720;4758;57704;339221;89944;57733;55512;3073;2717;285362;79642;5476;5660;415	completed	Reactome_preranked_GSEA_fallback	Glycosphingolipid catabolism	39	cancer_up	P1 cancer-minus-normal moderated t	20357	0	1	reactome.db_1.95.0__fgsea_1.36.2	ARSD;SMPD2;ARSG;NEU3;GLB1;NEU1;GBA2;ENPP7;GLB1L2;GBA3;SMPD3;HEXA;GLA;SUMF1;ARSJ;CTSA;PSAP;ARSL
R-HSA-1482922	0.149908592321755	0.333211456429007	0.153158808683073	-0.498985297566191	-1.295248200951	16	5320;5321;11145	completed	Reactome_preranked_GSEA_fallback	Acyl chain remodelling of PI	17	normal_up	P1 cancer-minus-normal moderated t	20357	0	1	reactome.db_1.95.0__fgsea_1.36.2	PLA2G2A;PLA2G4A;PLAAT3
R-HSA-110330	0.14987714987715	0.333211456429007	0.179782316298324	0.366723248752337	1.24493041934047	38	3014;8349;25913;85236;8334;8365;4350;8337;65057;8347;7013;55247	completed	Reactome_preranked_GSEA_fallback	Recognition and association of DNA glycosylase with site containing an affected purine	55	cancer_up	P1 cancer-minus-normal moderated t	20357	0	1	reactome.db_1.95.0__fgsea_1.36.2	H2AX;H2BC21;POT1;H2BC12;H2AC6;H4C8;MPG;H2AC18;ACD;H2BC4;TERF1;NEIL3
R-HSA-110331	0.14987714987715	0.333211456429007	0.179782316298324	0.366723248752337	1.24493041934047	38	3014;8349;25913;85236;8334;8365;4350;8337;65057;8347;7013;55247	completed	Reactome_preranked_GSEA_fallback	Cleavage of the damaged purine	55	cancer_up	P1 cancer-minus-normal moderated t	20357	0	1	reactome.db_1.95.0__fgsea_1.36.2	H2AX;H2BC21;POT1;H2BC12;H2AC6;H4C8;MPG;H2AC18;ACD;H2BC4;TERF1;NEIL3
R-HSA-73927	0.14987714987715	0.333211456429007	0.179782316298324	0.366723248752337	1.24493041934047	38	3014;8349;25913;85236;8334;8365;4350;8337;65057;8347;7013;55247	completed	Reactome_preranked_GSEA_fallback	Depurination	55	cancer_up	P1 cancer-minus-normal moderated t	20357	0	1	reactome.db_1.95.0__fgsea_1.36.2	H2AX;H2BC21;POT1;H2BC12;H2AC6;H4C8;MPG;H2AC18;ACD;H2BC4;TERF1;NEIL3
R-HSA-9932298	0.150753768844221	0.334003893047083	0.14551614609036	-0.373567042928177	-1.25053912699113	47	5187;1408;5700;7311;7316;6233;9861;26224;5714;5684;5695;5707;5694;5688;5713;5717;5682;7321;10213;5718	completed	Reactome_preranked_GSEA_fallback	Degradation of CRY and PER proteins	48	normal_up	P1 cancer-minus-normal moderated t	20357	0	1	reactome.db_1.95.0__fgsea_1.36.2	PER1;CRY2;PSMC1;UBA52;UBC;RPS27A;PSMD6;FBXL3;PSMD8;PSMA3;PSMB7;PSMD1;PSMB6;PSMA7;PSMD7;PSMD11;PSMA1;UBE2D1;PSMD14;PSMD12
R-HSA-1500931	0.150735294117647	0.334003893047083	0.222056046145248	0.234525712072327	1.12054261621028	304	7020;5928;2146;5315;1364;3728;5819;84612;5296;7764;10207;1365;5584;81;9743;7750;3609;81607;4343;1366;3014;8349;1001;9069;1488;23193;4301;8357;60436;85236;54751;3065;8334;90701;23607;1009;7841;10009;6185;1650;92359;5046;84552;4193;54971;8289;5589;5829;6184;8365;5747;57690;2885;3703;23512	completed	Reactome_preranked_GSEA_fallback	Cell-Cell communication	335	cancer_up	P1 cancer-minus-normal moderated t	20357	0	1	reactome.db_1.95.0__fgsea_1.36.2	TFAP2A;RBBP4;EZH2;PKM;CLDN4;JUP;NECTIN2;PARD6B;PIK3R2;ZNF217;PATJ;CLDN3;PRKCI;ACTN4;ARHGAP32;ZMYM2;ILF3;NECTIN4;MOV10;CLDN7;H2AX;H2BC21;CDH3;CLDN12;CTBP2;GANAB;AFDN;H3C10;TGIF2;H2BC12;FBLIM1;HDAC1;H2AC6;SEC11C;CD2AP;CDH11;MOGS;ZBTB33;RPN2;DDOST;CRB3;PCSK6;PARD6G;MDM2;BANP;ARID1A;PRKCSH;PXN;RPN1;H4C8;PTK2;TNRC6C;GRB2;STT3A;SUZ12
R-HSA-9694548	0.153086419753086	0.338623197091374	0.178219874951973	0.361072218522057	1.24852623788083	40	11320;11253;23193;11282;7841;6185;10610;25921;1650;253832;5589;6184;3703;4249;201595;7991;6482;6480;84061	completed	Reactome_preranked_GSEA_fallback	Maturation of spike protein	42	cancer_up	P1 cancer-minus-normal moderated t	20357	0	1	reactome.db_1.95.0__fgsea_1.36.2	MGAT4A;MAN1B1;GANAB;MGAT4B;MOGS;RPN2;ST6GALNAC2;ZDHHC5;DDOST;ZDHHC20;PRKCSH;RPN1;STT3A;MGAT5;STT3B;TUSC3;ST3GAL1;ST6GAL1;MAGT1
R-HSA-2424491	0.153658536585366	0.339205955334988	0.176694268938498	0.401775651636207	1.25187692897389	27	10451;5296;7410;3845;5335;2885;6464;4893;27040;567;3265	completed	Reactome_preranked_GSEA_fallback	DAP12 signaling	29	cancer_up	P1 cancer-minus-normal moderated t	20357	0	1	reactome.db_1.95.0__fgsea_1.36.2	VAV3;PIK3R2;VAV2;KRAS;PLCG1;GRB2;SHC1;NRAS;LAT;B2M;HRAS
R-HSA-8964043	0.153846153846154	0.339205955334988	0.14551614609036	-0.401230217279364	-1.24392677777135	34	338;7436;10062;3990;7311;8029;7316;23491;3949;6233	completed	Reactome_preranked_GSEA_fallback	Plasma lipoprotein clearance	37	normal_up	P1 cancer-minus-normal moderated t	20357	0	1	reactome.db_1.95.0__fgsea_1.36.2	APOB;VLDLR;NR1H3;LIPC;UBA52;CUBN;UBC;CES3;LDLR;RPS27A
R-HSA-9820952	0.154285714285714	0.339627329192547	0.191892240384838	0.276821028383518	1.14241096132114	113	6382;6385;7706;3480;9636;10025;3661;9439;5499;51003;90701;55588;23097;219541;4939;1387;3326;2817;5469;9477;7514;23389;5869;9246;1524;23586;7297;2033;60559	completed	Reactome_preranked_GSEA_fallback	Respiratory Syncytial Virus Infection Pathway	123	cancer_up	P1 cancer-minus-normal moderated t	20357	0	1	reactome.db_1.95.0__fgsea_1.36.2	SDC1;SDC4;TRIM25;IGF1R;ISG15;MED16;IRF3;MED23;PPP1CA;MED31;SEC11C;MED29;CDK19;MED19;OAS2;CREBBP;HSP90AB1;GPC1;MED1;MED20;XPO1;MED13L;RAB5B;UBE2L6;CX3CR1;RIGI;TYK2;EP300;SPCS3
R-HSA-5627117	0.155092592592593	0.339762137939221	0.170932335370056	0.459519503400219	1.29414557311052	18	3985;1072;4627	completed	Reactome_preranked_GSEA_fallback	RHO GTPases Activate ROCKs	18	cancer_up	P1 cancer-minus-normal moderated t	20357	0	1	reactome.db_1.95.0__fgsea_1.36.2	LIMK2;CFL1;MYH9
R-HSA-5173105	0.154907975460123	0.339762137939221	0.136490437780413	-0.303338366099499	-1.1862890311409	120	117248;80731;256435;57188;170692;11096;9331;79812;79695;7057;22915;10418;56999;114805;84750;9510;4585;9508;51301;57452	completed	Reactome_preranked_GSEA_fallback	O-linked glycosylation	126	normal_up	P1 cancer-minus-normal moderated t	20357	0	1	reactome.db_1.95.0__fgsea_1.36.2	GALNT15;THSD7B;ST6GALNAC3;ADAMTSL3;ADAMTS18;ADAMTS5;B4GALT6;MMRN2;GALNT12;THBS1;MMRN1;SPON1;ADAMTS9;GALNT13;POFUT3;ADAMTS1;MUC4;ADAMTS3;GCNT4;GALNT16
R-HSA-157118	0.155015197568389	0.339762137939221	0.197822021315103	0.246804136855018	1.12751571307032	202	488;1999;7090;4192;5584;4343;2648;3014;54492;8349;9787;10460;5087;23286;1871;8357;489;85236;3065;8334;3714;55851;6868;23385;1387;9794;5870;3955;595;1869;388677;8365;57690;102;2033;142678;5664;8337;6500;1950;8347;51107;207;3020;59;55534;5709;3021;26960;79885;113878;8650	completed	Reactome_preranked_GSEA_fallback	Signaling by NOTCH	228	cancer_up	P1 cancer-minus-normal moderated t	20357	0	1	reactome.db_1.95.0__fgsea_1.36.2	ATP2A2;ELF3;TLE3;MDK;PRKCI;MOV10;KAT2A;H2AX;NEURL1B;H2BC21;DLGAP5;TACC3;PBX1;WWC1;E2F3;H3C10;ATP2A3;H2BC12;HDAC1;H2AC6;JAG2;PSENEN;ADAM17;NCSTN;CREBBP;MAML1;RAB6A;LFNG;CCND1;E2F1;NOTCH2NLA;H4C8;TNRC6C;ADAM10;EP300;MIB2;PSEN2;H2AC18;SKP1;EGF;H2BC4;APH1A;AKT1;H3-3A;ACTA2;MAML3;PSMD3;H3-3B;NBEA;HDAC11;DTX2;NUMB
R-HSA-163841	0.155778894472362	0.34071959798995	0.142901149386948	-0.348611274718528	-1.21955367506512	57	2159;412;2157;51389;4733;56648;5627;285381;8460;444;2107;410;120526;8459;83475;84864;25870;6194;65094;2147;2158;6228	completed	Reactome_preranked_GSEA_fallback	Gamma carboxylation, hypusinylation, hydroxylation, and arylsulfatase activation	61	normal_up	P1 cancer-minus-normal moderated t	20357	0	1	reactome.db_1.95.0__fgsea_1.36.2	F10;STS;F8;RWDD1;DRG1;EIF5A2;PROS1;DPH3;TPST1;ASPH;ETF1;ARSA;DNAJC24;TPST2;DOHH;RIOX2;SUMF2;RPS6;JMJD4;F2;F9;RPS23
R-HSA-354194	0.156603773584906	0.341976611007294	0.152144922367565	-0.51694848189427	-1.30617060208353	15	7094;54518;5906;6654;5908;7450	completed	Reactome_preranked_GSEA_fallback	GRB2:SOS provides linkage to MAPK signaling for Integrins	15	normal_up	P1 cancer-minus-normal moderated t	20357	0	1	reactome.db_1.95.0__fgsea_1.36.2	TLN1;APBB1IP;RAP1A;SOS1;RAP1B;VWF
R-HSA-9909649	0.157360406091371	0.343080821574009	0.178219874951973	0.306235839908438	1.18987631020525	77	5928;2146;51176;7005;3014;8349;8357;85236;8334;1387;11091;5929;58508;8365;23512;5931;2033;8726;8337;3659;8347;23476;1499;3020;5970	completed	Reactome_preranked_GSEA_fallback	Regulation of PD-L1(CD274) transcription	100	cancer_up	P1 cancer-minus-normal moderated t	20357	0	1	reactome.db_1.95.0__fgsea_1.36.2	RBBP4;EZH2;LEF1;TEAD3;H2AX;H2BC21;H3C10;H2BC12;H2AC6;CREBBP;WDR5;RBBP5;KMT2C;H4C8;SUZ12;RBBP7;EP300;EED;H2AC18;IRF1;H2BC4;BRD4;CTNNB1;H3-3A;RELA
R-HSA-202430	0.158898305084746	0.343392561083851	0.160801401070022	0.487608092798302	1.30914087981164	15	3126;3120;919;3932;26191;917;915;3113;3115;916;3117	completed	Reactome_preranked_GSEA_fallback	Translocation of ZAP-70 to Immunological synapse	19	cancer_up	P1 cancer-minus-normal moderated t	20357	0	1	reactome.db_1.95.0__fgsea_1.36.2	HLA-DRB4;HLA-DQB2;CD247;LCK;PTPN22;CD3G;CD3D;HLA-DPA1;HLA-DPB1;CD3E;HLA-DQA1
R-HSA-500657	0.159010600706714	0.343392561083851	0.14551614609036	-0.485921776983361	-1.2890244250822	17	54331;2791;55970	completed	Reactome_preranked_GSEA_fallback	Presynaptic function of Kainate receptors	21	normal_up	P1 cancer-minus-normal moderated t	20357	0	1	reactome.db_1.95.0__fgsea_1.36.2	GNG2;GNG11;GNG12
R-HSA-5218921	0.157894736842105	0.343392561083851	0.172324344900946	0.435278583610577	1.25375495640018	20	5590;5170;3845;8877;5335	completed	Reactome_preranked_GSEA_fallback	VEGFR2 mediated cell proliferation	21	cancer_up	P1 cancer-minus-normal moderated t	20357	0	1	reactome.db_1.95.0__fgsea_1.36.2	PRKCZ;PDPK1;KRAS;SPHK1;PLCG1
R-HSA-9665686	0.158273381294964	0.343392561083851	0.172324344900946	0.418272010947383	1.24312605808913	22	2065;2064;3845;5335;2066;2885;6464;4893;1950;3265	completed	Reactome_preranked_GSEA_fallback	Signaling by ERBB2 TMD/JMD mutants	22	cancer_up	P1 cancer-minus-normal moderated t	20357	0	1	reactome.db_1.95.0__fgsea_1.36.2	ERBB3;ERBB2;KRAS;PLCG1;ERBB4;GRB2;SHC1;NRAS;EGF;HRAS
R-HSA-2172127	0.158273381294964	0.343392561083851	0.172324344900946	0.37247291158797	1.24231581381243	34	10451;5296;7410;3845;5335;2885;6464;4893;27040;284266;567;3265	completed	Reactome_preranked_GSEA_fallback	DAP12 interactions	44	cancer_up	P1 cancer-minus-normal moderated t	20357	0	1	reactome.db_1.95.0__fgsea_1.36.2	VAV3;PIK3R2;VAV2;KRAS;PLCG1;GRB2;SHC1;NRAS;LAT;SIGLEC15;B2M;HRAS
R-HSA-112043	0.158597662771285	0.343392561083851	0.141225119642531	-0.36503719307315	-1.23694316181499	49	801;5321;5577;5136;111;5568;5153;112;196883	completed	Reactome_preranked_GSEA_fallback	PLC beta mediated events	51	normal_up	P1 cancer-minus-normal moderated t	20357	0	1	reactome.db_1.95.0__fgsea_1.36.2	CALM1;PLA2G4A;PRKAR2B;PDE1A;ADCY5;PRKACG;PDE1B;ADCY6;ADCY4
R-HSA-9920951	0.16043956043956	0.345525372823647	0.163180127180689	0.472848683958378	1.29400465034231	16	1616;64223;253260;79109;8737;54463;30849;57521	completed	Reactome_preranked_GSEA_fallback	Dengue virus modulates apoptosis	16	cancer_up	P1 cancer-minus-normal moderated t	20357	0	1	reactome.db_1.95.0__fgsea_1.36.2	DAXX;MLST8;RICTOR;MAPKAP1;RIPK1;RETREG1;PIK3R4;RPTOR
R-HSA-6804760	0.160756501182033	0.345525372823647	0.169570644405628	0.444144616157083	1.26344214701374	19	10919;4194;4193;11200;2033;26013;79813;387893;91875;56950;7157	completed	Reactome_preranked_GSEA_fallback	Regulation of TP53 Activity through Methylation	19	cancer_up	P1 cancer-minus-normal moderated t	20357	0	1	reactome.db_1.95.0__fgsea_1.36.2	EHMT2;MDM4;MDM2;CHEK2;EP300;L3MBTL1;EHMT1;KMT5A;TTC5;SMYD2;TP53
R-HSA-211733	0.160744500846024	0.345525372823647	0.141225119642531	-0.394308172772583	-1.23871146654709	36	5700;7311;7316;6233;9861;5714;5684;5695;5707;5694;5688;5713;5717;5682;10213;5718	completed	Reactome_preranked_GSEA_fallback	Regulation of activated PAK-2p34 by proteasome mediated degradation	37	normal_up	P1 cancer-minus-normal moderated t	20357	0	1	reactome.db_1.95.0__fgsea_1.36.2	PSMC1;UBA52;UBC;RPS27A;PSMD6;PSMD8;PSMA3;PSMB7;PSMD1;PSMB6;PSMA7;PSMD7;PSMD11;PSMA1;PSMD14;PSMD12
R-HSA-187687	0.161057692307692	0.345629302016665	0.170932335370056	0.371443928044941	1.22539449111756	33	5603;9261;3845;5605;2885;6464;7529;4893;25759;10818;3265;1399;6714;57498;7867	completed	Reactome_preranked_GSEA_fallback	Signalling to ERKs	34	cancer_up	P1 cancer-minus-normal moderated t	20357	0	1	reactome.db_1.95.0__fgsea_1.36.2	MAPK13;MAPKAPK2;KRAS;MAP2K2;GRB2;SHC1;YWHAB;NRAS;SHC2;FRS2;HRAS;CRKL;SRC;KIDINS220;MAPKAPK3
R-HSA-9663891	0.161812297734628	0.346704405961185	0.137250779610133	-0.32779012986008	-1.207617185285	78	7431;123;84617;2034;65018;1459;81631;7332;10133;7311;56993;7416;84749;1783;7316;7280;7417	completed	Reactome_preranked_GSEA_fallback	Selective autophagy	90	normal_up	P1 cancer-minus-normal moderated t	20357	0	1	reactome.db_1.95.0__fgsea_1.36.2	VIM;PLIN2;TUBB6;EPAS1;PINK1;CSNK2A2;MAP1LC3B;UBE2L3;OPTN;UBA52;TOMM22;VDAC1;USP30;DYNC1LI2;UBC;TUBB2A;VDAC2
R-HSA-349425	0.163025210084034	0.348756591838613	0.139599673451922	-0.389677896475303	-1.23919162820022	38	5700;7311;7316;6233;9861;5714;5684;64326;5695;5707;5694;5688;5713;5717;5682;10213;5718	completed	Reactome_preranked_GSEA_fallback	Autodegradation of the E3 ubiquitin ligase COP1	39	normal_up	P1 cancer-minus-normal moderated t	20357	0	1	reactome.db_1.95.0__fgsea_1.36.2	PSMC1;UBA52;UBC;RPS27A;PSMD6;PSMD8;PSMA3;COP1;PSMB7;PSMD1;PSMB6;PSMA7;PSMD7;PSMD11;PSMA1;PSMD14;PSMD12
R-HSA-8964315	0.164150943396226	0.349523893493211	0.148261500475107	-0.51281682727493	-1.29573117535	15	54331;2791;55970	completed	Reactome_preranked_GSEA_fallback	G beta:gamma signalling through BTK	18	normal_up	P1 cancer-minus-normal moderated t	20357	0	1	reactome.db_1.95.0__fgsea_1.36.2	GNG2;GNG11;GNG12
R-HSA-6788467	0.164150943396226	0.349523893493211	0.148261500475107	-0.511137821094349	-1.29148884059015	15	3590;3977;3716;1489;3717;9244;5008	completed	Reactome_preranked_GSEA_fallback	IL-6-type cytokine receptor ligand interactions	17	normal_up	P1 cancer-minus-normal moderated t	20357	0	1	reactome.db_1.95.0__fgsea_1.36.2	IL11RA;LIFR;JAK1;CTF1;JAK2;CRLF1;OSM
R-HSA-5663084	0.16382252559727	0.349523893493211	0.140406238523342	-0.401506831475172	-1.23841888253212	33	2632;8908;3373;2998;7311;7316;6888;7957;138050;6233;2997	completed	Reactome_preranked_GSEA_fallback	Diseases of carbohydrate metabolism	34	normal_up	P1 cancer-minus-normal moderated t	20357	0	1	reactome.db_1.95.0__fgsea_1.36.2	GBE1;GYG2;HYAL1;GYS2;UBA52;UBC;TALDO1;EPM2A;HGSNAT;RPS27A;GYS1
R-HSA-388841	0.164473684210526	0.349666448391586	0.199915231309662	0.242201212560945	1.11743683385886	237	5928;2146;5296;57761;4751;8503;5170;1445;4343;51176;7005;3014;8349;64223;8357;85236;8334;2932;6185;1387;11091;1650;5929;5518;58508;595;6184;253260;8365;57690;2885;3703;23512;91319;5931;79109;5527;2033;3126;8726;5058;142678;10956;201595;8764;8337;6500;3659;8347;23476;79139;1499;207;7415;7991;3020;5970;27248;5709;29126;3120;5777;3021;6714;6774;8945;1493;84061	completed	Reactome_preranked_GSEA_fallback	Regulation of T cell activation by CD28 family	267	cancer_up	P1 cancer-minus-normal moderated t	20357	0	1	reactome.db_1.95.0__fgsea_1.36.2	RBBP4;EZH2;PIK3R2;TRIB3;NEK2;PIK3R3;PDPK1;CSK;MOV10;LEF1;TEAD3;H2AX;H2BC21;MLST8;H3C10;H2BC12;H2AC6;GSK3B;RPN2;CREBBP;WDR5;DDOST;RBBP5;PPP2R1A;KMT2C;CCND1;RPN1;RICTOR;H4C8;TNRC6C;GRB2;STT3A;SUZ12;DERL3;RBBP7;MAPKAP1;PPP2R5C;EP300;HLA-DRB4;EED;PAK1;MIB2;OS9;STT3B;TNFRSF14;H2AC18;SKP1;IRF1;H2BC4;BRD4;DERL1;CTNNB1;AKT1;VCP;TUSC3;H3-3A;RELA;ERLEC1;PSMD3;CD274;HLA-DQB2;PTPN6;H3-3B;SRC;STAT3;BTRC;CTLA4;MAGT1
R-HSA-9843743	0.165820642978003	0.350945822975288	0.13880510939114	-0.418531171020796	-1.25839291824653	29	1149;5468;64641;1346;5465;10891;83401;23090	completed	Reactome_preranked_GSEA_fallback	Transcriptional regulation of brown and beige adipocyte differentiation	30	normal_up	P1 cancer-minus-normal moderated t	20357	0	1	reactome.db_1.95.0__fgsea_1.36.2	CIDEA;PPARG;EBF2;COX7A1;PPARA;PPARGC1A;ELOVL3;ZNF423
R-HSA-9844594	0.165820642978003	0.350945822975288	0.13880510939114	-0.418531171020796	-1.25839291824653	29	1149;5468;64641;1346;5465;10891;83401;23090	completed	Reactome_preranked_GSEA_fallback	Transcriptional regulation of brown and beige adipocyte differentiation by EBF2	30	normal_up	P1 cancer-minus-normal moderated t	20357	0	1	reactome.db_1.95.0__fgsea_1.36.2	CIDEA;PPARG;EBF2;COX7A1;PPARA;PPARGC1A;ELOVL3;ZNF423
R-HSA-3906995	0.165845648604269	0.350945822975288	0.136490437780413	-0.334660039204751	-1.20393241945358	67	80731;57188;170692;11096;79695;7057;10418;56999;9510;4585;9508;4855;92949;81794	completed	Reactome_preranked_GSEA_fallback	Diseases associated with O-glycosylation of proteins	69	normal_up	P1 cancer-minus-normal moderated t	20357	0	1	reactome.db_1.95.0__fgsea_1.36.2	THSD7B;ADAMTSL3;ADAMTS18;ADAMTS5;GALNT12;THBS1;SPON1;ADAMTS9;ADAMTS1;MUC4;ADAMTS3;NOTCH4;ADAMTSL1;ADAMTS10
R-HSA-68616	0.166253101736973	0.351264281413357	0.170932335370056	0.338538147249031	1.19616476520895	45	4999;3014;8349;8357;85236;8334;5001;8365;8337;8347;3020;3021;3837;3012;8367;8353	completed	Reactome_preranked_GSEA_fallback	Assembly of the ORC complex at the origin of replication	68	cancer_up	P1 cancer-minus-normal moderated t	20357	0	1	reactome.db_1.95.0__fgsea_1.36.2	ORC2;H2AX;H2BC21;H3C10;H2BC12;H2AC6;ORC5;H4C8;H2AC18;H2BC4;H3-3A;H3-3B;KPNB1;H2AC8;H4C5;H3C6
R-HSA-6807505	0.167088607594937	0.352484763244257	0.172324344900946	0.303388186328031	1.17093171296162	72	5437;25896;5451;904;80789;905;6621;5430;58490;6882;55656;1025;5433;51585;6908;6829;55174;80237;84524;2960;6878;26512;6618;54973;5431;1022;6667;23379;92105;81556;79035;4686;8178;8812;55726;2957	completed	Reactome_preranked_GSEA_fallback	RNA polymerase II transcribes snRNA genes	74	cancer_up	P1 cancer-minus-normal moderated t	20357	0	1	reactome.db_1.95.0__fgsea_1.36.2	POLR2H;INTS7;POU2F1;CCNT1;INTS5;CCNT2;SNAPC4;POLR2A;RPRD1B;TAF11;INTS8;CDK9;POLR2D;PCF11;TBP;SUPT5H;INTS10;ELL3;ZC3H8;GTF2E1;TAF6;INTS6;SNAPC2;INTS11;POLR2B;CDK7;SP1;ICE1;INTS4;INTS14;NABP2;NCBP1;ELL;CCNK;INTS13;GTF2A1
R-HSA-194068	0.169717138103161	0.356928196595418	0.135740943810425	-0.374860379518223	-1.24034402002268	44	1645;10858;8644;1109;213;6342;9023;570;114883;6579;6718;8648	completed	Reactome_preranked_GSEA_fallback	Bile acid and bile salt metabolism	44	normal_up	P1 cancer-minus-normal moderated t	20357	0	1	reactome.db_1.95.0__fgsea_1.36.2	AKR1C1;CYP46A1;AKR1C3;AKR1C4;ALB;SCP2;CH25H;BAAT;OSBPL9;SLCO1A2;AKR1D1;NCOA1
R-HSA-9013026	0.169620253164557	0.356928196595418	0.170932335370056	0.310273709772169	1.17968082335941	65	3728;5296;7410;85415;29127;9181;9743;80728;81839;57580;23263;7984;9639;55160;1894;50650;392;11113;7037;9826;65124;5099	completed	Reactome_preranked_GSEA_fallback	RHOB GTPase cycle	66	cancer_up	P1 cancer-minus-normal moderated t	20357	0	1	reactome.db_1.95.0__fgsea_1.36.2	JUP;PIK3R2;VAV2;RHPN2;RACGAP1;ARHGEF2;ARHGAP32;ARHGAP39;VANGL1;PREX1;MCF2L;ARHGEF5;ARHGEF10;ARHGEF10L;ECT2;ARHGEF3;ARHGAP1;CIT;TFRC;ARHGEF11;SOWAHC;PCDH7
R-HSA-452723	0.170940170940171	0.35694693224136	0.137250779610133	-0.451425537371148	-1.27075364383047	22	2247;9314;2034;4087	completed	Reactome_preranked_GSEA_fallback	Transcriptional regulation of pluripotent stem cells	25	normal_up	P1 cancer-minus-normal moderated t	20357	0	1	reactome.db_1.95.0__fgsea_1.36.2	FGF2;KLF4;EPAS1;SMAD2
R-HSA-1296041	0.172006745362563	0.35694693224136	0.135740943810425	-0.430912672094371	-1.26706200146471	26	54331;2791;3766;55970	completed	Reactome_preranked_GSEA_fallback	Activation of G protein gated Potassium channels	29	normal_up	P1 cancer-minus-normal moderated t	20357	0	1	reactome.db_1.95.0__fgsea_1.36.2	GNG2;GNG11;KCNJ10;GNG12
R-HSA-1296059	0.172006745362563	0.35694693224136	0.135740943810425	-0.430912672094371	-1.26706200146471	26	54331;2791;3766;55970	completed	Reactome_preranked_GSEA_fallback	G protein gated Potassium channels	29	normal_up	P1 cancer-minus-normal moderated t	20357	0	1	reactome.db_1.95.0__fgsea_1.36.2	GNG2;GNG11;KCNJ10;GNG12
R-HSA-997272	0.172006745362563	0.35694693224136	0.135740943810425	-0.430912672094371	-1.26706200146471	26	54331;2791;3766;55970	completed	Reactome_preranked_GSEA_fallback	Inhibition  of voltage gated Ca2+ channels via Gbeta/gamma subunits	29	normal_up	P1 cancer-minus-normal moderated t	20357	0	1	reactome.db_1.95.0__fgsea_1.36.2	GNG2;GNG11;KCNJ10;GNG12
R-HSA-199220	0.172711571675302	0.35694693224136	0.137250779610133	-0.461790940272831	-1.26228668344091	19	5168;8034;8876;284439;2194;79717;79877;80025;60496	completed	Reactome_preranked_GSEA_fallback	Vitamin B5 (pantothenate) metabolism	20	normal_up	P1 cancer-minus-normal moderated t	20357	0	1	reactome.db_1.95.0__fgsea_1.36.2	ENPP2;SLC25A16;VNN1;SLC25A42;FASN;PPCS;DCAKD;PANK2;AASDHPPT
R-HSA-5654706	0.171232876712329	0.35694693224136	0.137250779610133	-0.452364944040878	-1.25112780092716	20	2247;5781;2246;2250;6654;8817;8074	completed	Reactome_preranked_GSEA_fallback	FRS-mediated FGFR3 signaling	20	normal_up	P1 cancer-minus-normal moderated t	20357	0	1	reactome.db_1.95.0__fgsea_1.36.2	FGF2;PTPN11;FGF1;FGF5;SOS1;FGF18;FGF23
R-HSA-450282	0.170896785109983	0.35694693224136	0.136490437780413	-0.40848030121322	-1.23689956679907	30	5519;3725;5602;2353;1848;1845;4208;6197;1386;5516;4205	completed	Reactome_preranked_GSEA_fallback	MAPK targets/ Nuclear events mediated by MAP kinases	31	normal_up	P1 cancer-minus-normal moderated t	20357	0	1	reactome.db_1.95.0__fgsea_1.36.2	PPP2R1B;JUN;MAPK10;FOS;DUSP6;DUSP3;MEF2C;RPS6KA3;ATF2;PPP2CB;MEF2A
R-HSA-3781860	0.1725768321513	0.35694693224136	0.163180127180689	0.434326878563006	1.23551398349798	19	11253;85365;7841;2720;4758;56052;10195;79053;29929	completed	Reactome_preranked_GSEA_fallback	Diseases associated with N-glycosylation of proteins	20	cancer_up	P1 cancer-minus-normal moderated t	20357	0	1	reactome.db_1.95.0__fgsea_1.36.2	MAN1B1;ALG2;MOGS;GLB1;NEU1;ALG1;ALG3;ALG8;ALG6
R-HSA-5357905	0.172749391727494	0.35694693224136	0.165656695205483	0.361949437846674	1.20928667230612	35	9261;3551;8772;56928;8567;7322;8408;29110;7186;1540;142678;8737;9641;10616;10273;90268	completed	Reactome_preranked_GSEA_fallback	Regulation of TNFR1 signaling	36	cancer_up	P1 cancer-minus-normal moderated t	20357	0	1	reactome.db_1.95.0__fgsea_1.36.2	MAPKAPK2;IKBKB;FADD;SPPL2B;MADD;UBE2D2;ULK1;TBK1;TRAF2;CYLD;MIB2;RIPK1;IKBKE;RBCK1;STUB1;OTULIN
R-HSA-74752	0.172859450726979	0.35694693224136	0.132147260608774	-0.321147176999571	-1.18997792218378	81	152831;5140;2247;9365;5290;9846;5781;2246;8660;2252;2250;529;6654;2260;8817;8074	completed	Reactome_preranked_GSEA_fallback	Signaling by Insulin receptor	82	normal_up	P1 cancer-minus-normal moderated t	20357	0	1	reactome.db_1.95.0__fgsea_1.36.2	KLB;PDE3B;FGF2;KL;PIK3CA;GAB2;PTPN11;FGF1;IRS2;FGF7;FGF5;ATP6V1E1;SOS1;FGFR1;FGF18;FGF23
R-HSA-69052	0.17005076142132	0.35694693224136	0.170932335370056	0.303080154533139	1.17761492606533	77	51433;9134;4171;11065;4999;890;4176;29882;1017;64682;5001;4173;51053;4174;6500;51434	completed	Reactome_preranked_GSEA_fallback	Switching of origins to a post-replicative state	79	cancer_up	P1 cancer-minus-normal moderated t	20357	0	1	reactome.db_1.95.0__fgsea_1.36.2	ANAPC5;CCNE2;MCM2;UBE2C;ORC2;CCNA2;MCM7;ANAPC2;CDK2;ANAPC1;ORC5;MCM4;GMNN;MCM5;SKP1;ANAPC7
R-HSA-2029480	0.172323759791123	0.35694693224136	0.172324344900946	0.298863448390165	1.17669827000066	81	10451;5296;7410;1072;4627;10152;84513;196051;5335;3326;26999;4651;5747;63916;147179;2885;10458;4771;5058	completed	Reactome_preranked_GSEA_fallback	Fcgamma receptor (FCGR) dependent phagocytosis	86	cancer_up	P1 cancer-minus-normal moderated t	20357	0	1	reactome.db_1.95.0__fgsea_1.36.2	VAV3;PIK3R2;VAV2;CFL1;MYH9;ABI2;PLPP5;PLPP4;PLCG1;HSP90AB1;CYFIP2;MYO10;PTK2;ELMO2;WIPF2;GRB2;BAIAP2;NF2;PAK1
R-HSA-8866427	0.173674588665448	0.357624556711819	0.141225119642531	-0.491771439243688	-1.27652272535139	16	7436;10062;7311;7316;6233;1211	completed	Reactome_preranked_GSEA_fallback	VLDLR internalisation and degradation	16	normal_up	P1 cancer-minus-normal moderated t	20357	0	1	reactome.db_1.95.0__fgsea_1.36.2	VLDLR;NR1H3;UBA52;UBC;RPS27A;CLTA
R-HSA-381771	0.174438687392055	0.357624556711819	0.136490437780413	-0.460873437603944	-1.25977872735092	19	3952;338557;1803;2864;1045;6934;2641	completed	Reactome_preranked_GSEA_fallback	Synthesis, secretion, and inactivation of Glucagon-like Peptide-1 (GLP-1)	21	normal_up	P1 cancer-minus-normal moderated t	20357	0	1	reactome.db_1.95.0__fgsea_1.36.2	LEP;FFAR4;DPP4;FFAR1;CDX2;TCF7L2;GCG
R-HSA-1482801	0.174657534246575	0.357624556711819	0.135740943810425	-0.450587616974246	-1.24621216072627	20	5320;5321;11145	completed	Reactome_preranked_GSEA_fallback	Acyl chain remodelling of PS	22	normal_up	P1 cancer-minus-normal moderated t	20357	0	1	reactome.db_1.95.0__fgsea_1.36.2	PLA2G2A;PLA2G4A;PLAAT3
R-HSA-167287	0.174757281553398	0.357624556711819	0.16440575583821	0.376634123588924	1.21948906538761	31	5437;904;7469;905;6749;5430;25920;1025;5433;6829	completed	Reactome_preranked_GSEA_fallback	HIV elongation arrest and recovery	33	cancer_up	P1 cancer-minus-normal moderated t	20357	0	1	reactome.db_1.95.0__fgsea_1.36.2	POLR2H;CCNT1;NELFA;CCNT2;SSRP1;POLR2A;NELFB;CDK9;POLR2D;SUPT5H
R-HSA-167290	0.174757281553398	0.357624556711819	0.16440575583821	0.376634123588924	1.21948906538761	31	5437;904;7469;905;6749;5430;25920;1025;5433;6829	completed	Reactome_preranked_GSEA_fallback	Pausing and recovery of HIV elongation	33	cancer_up	P1 cancer-minus-normal moderated t	20357	0	1	reactome.db_1.95.0__fgsea_1.36.2	POLR2H;CCNT1;NELFA;CCNT2;SSRP1;POLR2A;NELFB;CDK9;POLR2D;SUPT5H
R-HSA-9734767	0.174311926605505	0.357624556711819	0.186432558434075	0.26305942416551	1.12851314566751	140	7020;4072;100133941;3880;2625;4582;1301;3911;7022;2064;6662;2335;3855;1278;1290;85301;1289;7852;91074;93099;2099;960;2813	completed	Reactome_preranked_GSEA_fallback	Developmental Cell Lineages	152	cancer_up	P1 cancer-minus-normal moderated t	20357	0	1	reactome.db_1.95.0__fgsea_1.36.2	TFAP2A;EPCAM;CD24;KRT19;GATA3;MUC1;COL11A1;LAMA5;TFAP2C;ERBB2;SOX9;FN1;KRT7;COL1A2;COL5A2;COL27A1;COL5A1;CXCR4;ANKRD30A;DMKN;ESR1;CD44;GP2
R-HSA-2453902	0.177777777777778	0.36215257380467	0.134273452883202	-0.449376957571095	-1.26498693364222	22	5950;5959;10170;157506	completed	Reactome_preranked_GSEA_fallback	The canonical retinoid cycle in rods (twilight vision)	22	normal_up	P1 cancer-minus-normal moderated t	20357	0	1	reactome.db_1.95.0__fgsea_1.36.2	RBP4;RDH5;DHRS9;RDH10
R-HSA-9638630	0.178147268408551	0.36215257380467	0.160801401070022	0.409345903013783	1.23096532959151	23	4072;3911;2335;1290;1289	completed	Reactome_preranked_GSEA_fallback	Attachment of bacteria to epithelial cells	26	cancer_up	P1 cancer-minus-normal moderated t	20357	0	1	reactome.db_1.95.0__fgsea_1.36.2	EPCAM;LAMA5;FN1;COL5A2;COL5A1
R-HSA-9931953	0.178147268408551	0.36215257380467	0.160801401070022	0.409345903013783	1.23096532959151	23	4072;3911;2335;1290;1289	completed	Reactome_preranked_GSEA_fallback	Biofilm formation	34	cancer_up	P1 cancer-minus-normal moderated t	20357	0	1	reactome.db_1.95.0__fgsea_1.36.2	EPCAM;LAMA5;FN1;COL5A2;COL5A1
R-HSA-168179	0.178294573643411	0.36215257380467	0.126875729929857	-0.30116975910988	-1.16044892078271	110	5519;6285;3725;5602;948;57161;2353;6271;7099;28512;79671;3656;7311;23643;1848;11213;1845;7316;5604;6233;5608;4208;6197;929;2243;1386;841;5516	completed	Reactome_preranked_GSEA_fallback	Toll Like Receptor TLR1:TLR2 Cascade	116	normal_up	P1 cancer-minus-normal moderated t	20357	0	1	reactome.db_1.95.0__fgsea_1.36.2	PPP2R1B;S100B;JUN;MAPK10;CD36;PELI2;FOS;S100A1;TLR4;NKIRAS1;NLRX1;IRAK2;UBA52;LY96;DUSP6;IRAK3;DUSP3;UBC;MAP2K1;RPS27A;MAP2K6;MEF2C;RPS6KA3;CD14;FGA;ATF2;CASP8;PPP2CB
R-HSA-181438	0.178294573643411	0.36215257380467	0.126875729929857	-0.30116975910988	-1.16044892078271	110	5519;6285;3725;5602;948;57161;2353;6271;7099;28512;79671;3656;7311;23643;1848;11213;1845;7316;5604;6233;5608;4208;6197;929;2243;1386;841;5516	completed	Reactome_preranked_GSEA_fallback	Toll Like Receptor 2 (TLR2) Cascade	116	normal_up	P1 cancer-minus-normal moderated t	20357	0	1	reactome.db_1.95.0__fgsea_1.36.2	PPP2R1B;S100B;JUN;MAPK10;CD36;PELI2;FOS;S100A1;TLR4;NKIRAS1;NLRX1;IRAK2;UBA52;LY96;DUSP6;IRAK3;DUSP3;UBC;MAP2K1;RPS27A;MAP2K6;MEF2C;RPS6KA3;CD14;FGA;ATF2;CASP8;PPP2CB
R-HSA-9933937	0.178899082568807	0.362841314349495	0.157402899305283	0.45143115349896	1.25767940785338	17	6599;86;26039;8289;5977	completed	Reactome_preranked_GSEA_fallback	Formation of the canonical BAF (cBAF) complex	18	cancer_up	P1 cancer-minus-normal moderated t	20357	0	1	reactome.db_1.95.0__fgsea_1.36.2	SMARCC1;ACTL6A;SS18L1;ARID1A;DPF2
R-HSA-5689896	0.179361179361179	0.363239603239603	0.163180127180689	0.359265856653639	1.21961450521666	38	983;7706;55611;89122;2099;64127;324;23586;8737;80124;7415;387;79589;64135;7157	completed	Reactome_preranked_GSEA_fallback	Ovarian tumor domain proteases	38	cancer_up	P1 cancer-minus-normal moderated t	20357	0	1	reactome.db_1.95.0__fgsea_1.36.2	CDK1;TRIM25;OTUB1;TRIM4;ESR1;NOD2;APC;RIGI;RIPK1;VCPIP1;VCP;RHOA;RNF128;IFIH1;TP53
R-HSA-166058	0.18	0.363456425406204	0.12563992130984	-0.302769499649648	-1.16593810798909	108	5519;6285;3725;5602;948;57161;2353;6271;7099;28512;79671;3656;7311;23643;1848;11213;1845;7316;5604;6233;5608;4208;6197;929;2243;1386;841;5516	completed	Reactome_preranked_GSEA_fallback	MyD88:MAL(TIRAP) cascade initiated on plasma membrane	113	normal_up	P1 cancer-minus-normal moderated t	20357	0	1	reactome.db_1.95.0__fgsea_1.36.2	PPP2R1B;S100B;JUN;MAPK10;CD36;PELI2;FOS;S100A1;TLR4;NKIRAS1;NLRX1;IRAK2;UBA52;LY96;DUSP6;IRAK3;DUSP3;UBC;MAP2K1;RPS27A;MAP2K6;MEF2C;RPS6KA3;CD14;FGA;ATF2;CASP8;PPP2CB
R-HSA-168188	0.18	0.363456425406204	0.12563992130984	-0.302769499649648	-1.16593810798909	108	5519;6285;3725;5602;948;57161;2353;6271;7099;28512;79671;3656;7311;23643;1848;11213;1845;7316;5604;6233;5608;4208;6197;929;2243;1386;841;5516	completed	Reactome_preranked_GSEA_fallback	Toll Like Receptor TLR6:TLR2 Cascade	113	normal_up	P1 cancer-minus-normal moderated t	20357	0	1	reactome.db_1.95.0__fgsea_1.36.2	PPP2R1B;S100B;JUN;MAPK10;CD36;PELI2;FOS;S100A1;TLR4;NKIRAS1;NLRX1;IRAK2;UBA52;LY96;DUSP6;IRAK3;DUSP3;UBC;MAP2K1;RPS27A;MAP2K6;MEF2C;RPS6KA3;CD14;FGA;ATF2;CASP8;PPP2CB
R-HSA-9856649	0.1825	0.367960914454277	0.163180127180689	0.314408309529727	1.17128484632659	59	6662;51176;3065;6926;6195;3094;2932;4140;1387;7329;7514;51520;4254;7529;4141;2033;2058;1499;4157;7533	completed	Reactome_preranked_GSEA_fallback	Transcriptional and post-translational regulation of MITF-M expression and activity	61	cancer_up	P1 cancer-minus-normal moderated t	20357	0	1	reactome.db_1.95.0__fgsea_1.36.2	SOX9;LEF1;HDAC1;TBX3;RPS6KA1;HINT1;GSK3B;MARK3;CREBBP;UBE2I;XPO1;LARS1;KITLG;YWHAB;MARS1;EP300;EPRS1;CTNNB1;MC1R;YWHAH
R-HSA-5205685	0.184433164128596	0.371310950462136	0.130777137971974	-0.406220886654595	-1.22137972606244	29	65018;81631;7332;10133;7311;56993;7416;7316;7417;6233	completed	Reactome_preranked_GSEA_fallback	PINK1-PRKN Mediated Mitophagy	32	normal_up	P1 cancer-minus-normal moderated t	20357	0	1	reactome.db_1.95.0__fgsea_1.36.2	PINK1;MAP1LC3B;UBE2L3;OPTN;UBA52;TOMM22;VDAC1;UBC;VDAC2;RPS27A
R-HSA-5620920	0.18639798488665	0.374714772558898	0.161978948883402	0.31087978335487	1.16375889198505	61	9727;7203;23265;117177;54536;582;7277;123016;79969;585;55770;149371;4218;378;5310;10576;403;84747	completed	Reactome_preranked_GSEA_fallback	Cargo trafficking to the periciliary membrane	71	cancer_up	P1 cancer-minus-normal moderated t	20357	0	1	reactome.db_1.95.0__fgsea_1.36.2	RAB11FIP3;CCT3;EXOC7;RAB3IP;EXOC6;BBS1;TUBA4A;TTC8;ATAT1;BBS4;EXOC2;EXOC8;RAB8A;ARF4;PKD1;CCT2;ARL3;UNC119B
R-HSA-9824594	0.1875	0.376376651982379	0.154190966581424	0.437341792462013	1.23168644739326	18	4343;3065;3094;25942;57690;23405	completed	Reactome_preranked_GSEA_fallback	Regulation of MITF-M-dependent genes involved in apoptosis	18	cancer_up	P1 cancer-minus-normal moderated t	20357	0	1	reactome.db_1.95.0__fgsea_1.36.2	MOV10;HDAC1;HINT1;SIN3A;TNRC6C;DICER1
R-HSA-2871796	0.189320388349515	0.378363992505536	0.157402899305283	0.373419152367473	1.20907943438356	31	10451;7410;3845;4214;5335;5609;2885;6464;4893;27040;5058;6416;5599;3265	completed	Reactome_preranked_GSEA_fallback	FCERI mediated MAPK activation	32	cancer_up	P1 cancer-minus-normal moderated t	20357	0	1	reactome.db_1.95.0__fgsea_1.36.2	VAV3;VAV2;KRAS;MAP3K1;PLCG1;MAP2K7;GRB2;SHC1;NRAS;LAT;PAK1;MAP2K4;MAPK8;HRAS
R-HSA-399719	0.189320388349515	0.378363992505536	0.157402899305283	0.371308613782449	1.20224580310769	31	818;4646;4905;163;4193;9495;23426	completed	Reactome_preranked_GSEA_fallback	Trafficking of AMPA receptors	31	cancer_up	P1 cancer-minus-normal moderated t	20357	0	1	reactome.db_1.95.0__fgsea_1.36.2	CAMK2G;MYO6;NSF;AP2B1;MDM2;AKAP5;GRIP1
R-HSA-399721	0.189320388349515	0.378363992505536	0.157402899305283	0.371308613782449	1.20224580310769	31	818;4646;4905;163;4193;9495;23426	completed	Reactome_preranked_GSEA_fallback	Glutamate binding, activation of AMPA receptors and synaptic plasticity	31	cancer_up	P1 cancer-minus-normal moderated t	20357	0	1	reactome.db_1.95.0__fgsea_1.36.2	CAMK2G;MYO6;NSF;AP2B1;MDM2;AKAP5;GRIP1
R-HSA-936440	0.18978102189781	0.378730886035484	0.157402899305283	0.357650695693165	1.19492441324351	35	5094;7706;9636;3661;89122;9246;7322;23586;29110;1540;84166;9641;3093;64135	completed	Reactome_preranked_GSEA_fallback	Negative regulators of DDX58/IFIH1 signaling	35	cancer_up	P1 cancer-minus-normal moderated t	20357	0	1	reactome.db_1.95.0__fgsea_1.36.2	PCBP2;TRIM25;ISG15;IRF3;TRIM4;UBE2L6;UBE2D2;RIGI;TBK1;CYLD;NLRC5;IKBKE;UBE2K;IFIH1
R-HSA-264642	0.190366972477064	0.379346430577473	0.152144922367565	0.445350619398845	1.24073914472091	17	8541;9256;6804;22999;10815;6857;6616;5864;8500;8497;6572	completed	Reactome_preranked_GSEA_fallback	Acetylcholine Neurotransmitter Release Cycle	17	cancer_up	P1 cancer-minus-normal moderated t	20357	0	1	reactome.db_1.95.0__fgsea_1.36.2	PPFIA3;TSPOAP1;STX1A;RIMS1;CPLX1;SYT1;SNAP25;RAB3A;PPFIA1;PPFIA4;SLC18A3
R-HSA-202131	0.190812720848057	0.379681207276992	0.131457611642763	-0.473243375841556	-1.25539191566014	17	801;857;114757;80777	completed	Reactome_preranked_GSEA_fallback	Metabolism of nitric oxide: NOS3 activation and regulation	18	normal_up	P1 cancer-minus-normal moderated t	20357	0	1	reactome.db_1.95.0__fgsea_1.36.2	CALM1;CAV1;CYGB;CYB5B
R-HSA-9958863	0.192214111922141	0.381599535727666	0.156312403073186	0.358210010377467	1.2065390675158	36	81539;123096;6533;8140;6506;6509;23657;6541;6542;6520;206358	completed	Reactome_preranked_GSEA_fallback	SLC-mediated transport of amino acids	37	cancer_up	P1 cancer-minus-normal moderated t	20357	0	1	reactome.db_1.95.0__fgsea_1.36.2	SLC38A1;SLC25A29;SLC6A6;SLC7A5;SLC1A2;SLC1A4;SLC7A11;SLC7A1;SLC7A2;SLC3A2;SLC36A1
R-HSA-182971	0.192893401015228	0.381599535727666	0.127505315300183	-0.398278158731916	-1.2060069495099	30	30011;1956;10253;2060;7311;10252;1839;7316;6233;2069;685;998	completed	Reactome_preranked_GSEA_fallback	EGFR downregulation	31	normal_up	P1 cancer-minus-normal moderated t	20357	0	1	reactome.db_1.95.0__fgsea_1.36.2	SH3KBP1;EGFR;SPRY2;EPS15;UBA52;SPRY1;HBEGF;UBC;RPS27A;EREG;BTC;CDC42
R-HSA-9934037	0.192682926829268	0.381599535727666	0.156312403073186	0.392351071863474	1.19199827807605	24	6599;86;26039;6603;8289;5977;9274;53335;57492;64919	completed	Reactome_preranked_GSEA_fallback	Formation of neuronal progenitor and neuronal BAF (npBAF and nBAF)	25	cancer_up	P1 cancer-minus-normal moderated t	20357	0	1	reactome.db_1.95.0__fgsea_1.36.2	SMARCC1;ACTL6A;SS18L1;SMARCD2;ARID1A;DPF2;BCL7C;BCL11A;ARID1B;BCL11B
R-HSA-1655829	0.192592592592593	0.381599535727666	0.157402899305283	0.318220686420243	1.16422606317552	54	6713;3422;9871;6721;4800;23054;9632;10499;1387;1717;5469;3156;2224;10802;10498;8720;6720;3157;9453;85441	completed	Reactome_preranked_GSEA_fallback	Regulation of cholesterol biosynthesis by SREBP (SREBF)	55	cancer_up	P1 cancer-minus-normal moderated t	20357	0	1	reactome.db_1.95.0__fgsea_1.36.2	SQLE;IDI1;SEC24D;SREBF2;NFYA;NCOA6;SEC24C;NCOA2;CREBBP;DHCR7;MED1;HMGCR;FDPS;SEC24A;CARM1;MBTPS1;SREBF1;HMGCS1;GGPS1;HELZ2
R-HSA-9768919	0.19377990430622	0.382799319633819	0.154190966581424	0.419363342587863	1.2079134813866	20	9915;10769;9500;1387;5979;4193;7514;8851;1020	completed	Reactome_preranked_GSEA_fallback	NPAS4 regulates expression of target genes	22	cancer_up	P1 cancer-minus-normal moderated t	20357	0	1	reactome.db_1.95.0__fgsea_1.36.2	ARNT2;PLK2;MAGED1;CREBBP;RET;MDM2;XPO1;CDK5R1;CDK5
R-HSA-5625886	0.197007481296758	0.388613603077443	0.156312403073186	0.335772650851793	1.18353786052533	44	3014;8349;8357;85236;10499;8334;8365;8337;8347;367;3020;3021;5585;3012;8367;8353;8294;23028	completed	Reactome_preranked_GSEA_fallback	Activated PKN1 stimulates transcription of AR (androgen receptor) regulated genes KLK2 and KLK3	66	cancer_up	P1 cancer-minus-normal moderated t	20357	0	1	reactome.db_1.95.0__fgsea_1.36.2	H2AX;H2BC21;H3C10;H2BC12;NCOA2;H2AC6;H4C8;H2AC18;H2BC4;AR;H3-3A;H3-3B;PKN1;H2AC8;H4C5;H3C6;H4C9;KDM1A
R-HSA-389513	0.199312714776632	0.392424162859493	0.126253987849115	-0.441597257390541	-1.23366576779565	21	5519;2534;5781;5525	completed	Reactome_preranked_GSEA_fallback	Co-inhibition by CTLA4	21	normal_up	P1 cancer-minus-normal moderated t	20357	0	1	reactome.db_1.95.0__fgsea_1.36.2	PPP2R1B;FYN;PTPN11;PPP2R5A
R-HSA-202433	0.199513381995134	0.392424162859493	0.153158808683073	0.372633396487866	1.19688943741107	30	51466;55740;5335;3126;27040;5058;7408;3120;919;3702;3932;917;915;3113;3115	completed	Reactome_preranked_GSEA_fallback	Generation of second messenger molecules	34	cancer_up	P1 cancer-minus-normal moderated t	20357	0	1	reactome.db_1.95.0__fgsea_1.36.2	EVL;ENAH;PLCG1;HLA-DRB4;LAT;PAK1;VASP;HLA-DQB2;CD247;ITK;LCK;CD3G;CD3D;HLA-DPA1;HLA-DPB1
R-HSA-674695	0.200507614213198	0.393248075508525	0.156312403073186	0.295173530327436	1.14689381635173	77	5437;6874;54623;904;7469;6873;905;6749;5430;6882;25920;123169;1025;51616;5433;4300;85403;6908;6829;2068;2960;6878;27125;4298;2968;6872;5431;6917;1022;11198	completed	Reactome_preranked_GSEA_fallback	RNA Polymerase II Pre-transcription Events	82	cancer_up	P1 cancer-minus-normal moderated t	20357	0	1	reactome.db_1.95.0__fgsea_1.36.2	POLR2H;TAF4;PAF1;CCNT1;NELFA;TAF2;CCNT2;SSRP1;POLR2A;TAF11;NELFB;LEO1;CDK9;TAF9B;POLR2D;MLLT3;EAF1;TBP;SUPT5H;ERCC2;GTF2E1;TAF6;AFF4;MLLT1;GTF2H4;TAF1;POLR2B;TCEA1;CDK7;SUPT16H
R-HSA-3781865	0.200298953662182	0.393248075508525	0.116234148779716	-0.284941240624625	-1.14080515072187	142	80731;2719;57188;79947;170692;11096;5549;5236;10082;4958;4969;79796;79695;7057;2331;2592;10418;6383;56999;9510;9526;1634;4585;9508;9060;4855	completed	Reactome_preranked_GSEA_fallback	Diseases of glycosylation	145	normal_up	P1 cancer-minus-normal moderated t	20357	0	1	reactome.db_1.95.0__fgsea_1.36.2	THSD7B;GPC3;ADAMTSL3;DHDDS;ADAMTS18;ADAMTS5;PRELP;PGM1;GPC6;OMD;OGN;ALG9;GALNT12;THBS1;FMOD;GALT;SPON1;SDC2;ADAMTS9;ADAMTS1;MPDU1;DCN;MUC4;ADAMTS3;PAPSS2;NOTCH4
R-HSA-199418	0.200920245398773	0.3934928015188	0.11776578836269	-0.290369000772371	-1.13426948142937	119	152831;2247;5519;9365;5290;9846;2534;90865;5781;2246;1956;8660;2252;4915;5525;2250;5156;1839;2260;8817;8074;9173	completed	Reactome_preranked_GSEA_fallback	Negative regulation of the PI3K/AKT network	121	normal_up	P1 cancer-minus-normal moderated t	20357	0	1	reactome.db_1.95.0__fgsea_1.36.2	KLB;FGF2;PPP2R1B;KL;PIK3CA;GAB2;FYN;IL33;PTPN11;FGF1;EGFR;IRS2;FGF7;NTRK2;PPP2R5A;FGF5;PDGFRA;HBEGF;FGFR1;FGF18;FGF23;IL1RL1
R-HSA-5205647	0.201353637901861	0.393777429201494	0.124434168630393	-0.379968197663402	-1.19366271325131	36	65018;1459;81631;7332;10133;7311;56993;7416;7316;7417;6233	completed	Reactome_preranked_GSEA_fallback	Mitophagy	39	normal_up	P1 cancer-minus-normal moderated t	20357	0	1	reactome.db_1.95.0__fgsea_1.36.2	PINK1;CSNK2A2;MAP1LC3B;UBE2L3;OPTN;UBA52;TOMM22;VDAC1;UBC;VDAC2;RPS27A
R-HSA-8854691	0.202702702702703	0.395284728380306	0.12384217120105	-0.423928338019204	-1.22033607455008	24	6776;6777;5781;3716;3588;53833;3717;6775;58985	completed	Reactome_preranked_GSEA_fallback	Interleukin-20 family signaling	25	normal_up	P1 cancer-minus-normal moderated t	20357	0	1	reactome.db_1.95.0__fgsea_1.36.2	STAT5A;STAT5B;PTPN11;JAK1;IL10RB;IL20RB;JAK2;STAT4;IL22RA1
R-HSA-1638091	0.202439024390244	0.395284728380306	0.152144922367565	0.34101203380444	1.18874130840937	41	6382;6385;9394;2817;266722;3425;9953;9955;11046;6448;8509;3340;90161;26035;3423;2239	completed	Reactome_preranked_GSEA_fallback	Heparan sulfate/heparin (HS-GAG) metabolism	41	cancer_up	P1 cancer-minus-normal moderated t	20357	0	1	reactome.db_1.95.0__fgsea_1.36.2	SDC1;SDC4;HS6ST1;GPC1;HS6ST3;IDUA;HS3ST3B1;HS3ST3A1;SLC35D2;SGSH;NDST2;NDST1;HS6ST2;GLCE;IDS;GPC4
R-HSA-1226099	0.203305785123967	0.39589602316875	0.122107920287081	-0.329764012367079	-1.16949021703552	61	2247;6776;5290;5441;9846;6777;2246;2252;5434;2250;6654;2963;2260;8817;8074	completed	Reactome_preranked_GSEA_fallback	Signaling by FGFR in disease	62	normal_up	P1 cancer-minus-normal moderated t	20357	0	1	reactome.db_1.95.0__fgsea_1.36.2	FGF2;STAT5A;PIK3CA;POLR2L;GAB2;STAT5B;FGF1;FGF7;POLR2E;FGF5;SOS1;GTF2F2;FGFR1;FGF18;FGF23
R-HSA-9703465	0.203799654576857	0.396095492889013	0.125033367555272	-0.447749312674242	-1.22390446762467	19	6776;5290;9846;6711;6777;5292;6654	completed	Reactome_preranked_GSEA_fallback	Signaling by FLT3 fusion proteins	19	normal_up	P1 cancer-minus-normal moderated t	20357	0	1	reactome.db_1.95.0__fgsea_1.36.2	STAT5A;PIK3CA;GAB2;SPTBN1;STAT5B;PIM1;SOS1
R-HSA-1989781	0.20398773006135	0.396095492889013	0.116739204791222	-0.292335085599208	-1.13365339076487	113	5468;4199;50486;2180;5465;34;51129;948;123;19;23179;10062;51;400569;10891	completed	Reactome_preranked_GSEA_fallback	PPARA activates gene expression	117	normal_up	P1 cancer-minus-normal moderated t	20357	0	1	reactome.db_1.95.0__fgsea_1.36.2	PPARG;ME1;G0S2;ACSL1;PPARA;ACADM;ANGPTL4;CD36;PLIN2;ABCA1;RGL1;NR1H3;ACOX1;MED11;PPARGC1A
R-HSA-1433557	0.204391891891892	0.396317327966264	0.123257226381337	-0.366203525416632	-1.19004735410015	41	1215;6776;5290;9846;6777;2534;5781;2241;1111;6654	completed	Reactome_preranked_GSEA_fallback	Signaling by SCF-KIT	42	normal_up	P1 cancer-minus-normal moderated t	20357	0	1	reactome.db_1.95.0__fgsea_1.36.2	CMA1;STAT5A;PIK3CA;GAB2;STAT5B;FYN;PTPN11;FER;CHEK1;SOS1
R-HSA-447115	0.205445544554455	0.397796118138726	0.152144922367565	0.316791490413868	1.15176876429723	53	4282;6627;1072;375;3181;5721;5478;5034	completed	Reactome_preranked_GSEA_fallback	Interleukin-12 family signaling	56	cancer_up	P1 cancer-minus-normal moderated t	20357	0	1	reactome.db_1.95.0__fgsea_1.36.2	MIF;SNRPA1;CFL1;ARF1;HNRNPA2B1;PSME2;PPIA;P4HB
R-HSA-202040	0.206185567010309	0.398101228959171	0.12384217120105	-0.437987943818805	-1.22358262863622	21	54331;2791;55970;5173	completed	Reactome_preranked_GSEA_fallback	G-protein activation	24	normal_up	P1 cancer-minus-normal moderated t	20357	0	1	reactome.db_1.95.0__fgsea_1.36.2	GNG2;GNG11;GNG12;PDYN
R-HSA-389948	0.206153846153846	0.398101228959171	0.170932335370056	0.245770975314541	1.10845267795815	186	5928;2146;4751;1445;4343;51176;7005;3014;8349;8357;85236;8334;2932;6185;1387;11091;1650;5929;58508;595;6184;8365;57690;3703;23512;91319;5931;2033;3126;8726;142678;10956;201595;8337;6500;3659;8347;23476;79139;1499;7415;7991;3020;5970;27248;5709;29126;3120;5777;3021	completed	Reactome_preranked_GSEA_fallback	Co-inhibition by PD-1	214	cancer_up	P1 cancer-minus-normal moderated t	20357	0	1	reactome.db_1.95.0__fgsea_1.36.2	RBBP4;EZH2;NEK2;CSK;MOV10;LEF1;TEAD3;H2AX;H2BC21;H3C10;H2BC12;H2AC6;GSK3B;RPN2;CREBBP;WDR5;DDOST;RBBP5;KMT2C;CCND1;RPN1;H4C8;TNRC6C;STT3A;SUZ12;DERL3;RBBP7;EP300;HLA-DRB4;EED;MIB2;OS9;STT3B;H2AC18;SKP1;IRF1;H2BC4;BRD4;DERL1;CTNNB1;VCP;TUSC3;H3-3A;RELA;ERLEC1;PSMD3;CD274;HLA-DQB2;PTPN6;H3-3B
R-HSA-1483257	0.207006369426752	0.399122294790366	0.173747838999571	0.242320495599336	1.10561920798072	207	1040;23446;5296;79837;375;79143;10809;55326;8871;129642;85465;8503;126282;253558;5920;377;8821;55500;1119;54979;79888;284161;57153;137964;10908;80736;8776;22874;9110;8904;254531;3636;200879;55224;27124;55300;154141;84725;9791;79153;2820;126969;55750;204962;9489;8394;27132;51205;5297;8760;51552;283871;23396	completed	Reactome_preranked_GSEA_fallback	Phospholipid metabolism	212	cancer_up	P1 cancer-minus-normal moderated t	20357	0	1	reactome.db_1.95.0__fgsea_1.36.2	CDS1;SLC44A1;PIK3R2;PIP4K2C;ARF1;MBOAT7;STARD10;AGPAT5;SYNJ2;MBOAT2;SELENOI;PIK3R3;TNFAIP8L1;LCLAT1;PLAAT4;ARF3;INPP4B;ETNK1;CHKA;PLAAT2;LPCAT1;GDPD1;SLC44A2;GPAT4;PNPLA6;SLC44A4;MTMR1;PLEKHA6;MTMR4;CPNE1;LPCAT4;INPPL1;LIPH;ETNK2;INPP5J;PI4K2B;MBOAT1;PLEKHA8;PTDSS1;GDPD3;GPD2;SLC44A3;AGK;SLC44A5;PGS1;PIP5K1A;CPNE7;ACP6;PI4KA;CDS2;RAB14;PGP;PIP5K1C
R-HSA-9696273	0.207407407407407	0.399332290036515	0.151148761385484	0.341984402252869	1.18252382004465	40	5296;11180;81839;8502;9231;27289;10963;57216;23592;27316;222584;91544;7037;9928	completed	Reactome_preranked_GSEA_fallback	RND1 GTPase cycle	40	cancer_up	P1 cancer-minus-normal moderated t	20357	0	1	reactome.db_1.95.0__fgsea_1.36.2	PIK3R2;WDR6;VANGL1;PKP4;DLG5;RND1;STIP1;VANGL2;LEMD3;RBMX;FAM83B;UBXN11;TFRC;KIF14
R-HSA-2022928	0.209134615384615	0.402091447581954	0.148261500475107	0.356584088049155	1.17637184006612	33	6382;6385;9394;2817;266722;9953;9955;11046;8509;3340;90161;26035;2239	completed	Reactome_preranked_GSEA_fallback	HS-GAG biosynthesis	33	cancer_up	P1 cancer-minus-normal moderated t	20357	0	1	reactome.db_1.95.0__fgsea_1.36.2	SDC1;SDC4;HS6ST1;GPC1;HS6ST3;HS3ST3B1;HS3ST3A1;SLC35D2;NDST2;NDST1;HS6ST2;GLCE;GPC4
R-HSA-5654741	0.210526315789474	0.404198698994678	0.121543282035469	-0.373429796538424	-1.19102263266241	39	2247;5290;5781;2246;10253;7311;2250;6654;7316;8817;8074	completed	Reactome_preranked_GSEA_fallback	Signaling by FGFR3	40	normal_up	P1 cancer-minus-normal moderated t	20357	0	1	reactome.db_1.95.0__fgsea_1.36.2	FGF2;PIK3CA;PTPN11;FGF1;SPRY2;UBA52;FGF5;SOS1;UBC;FGF18;FGF23
R-HSA-113510	0.211904761904762	0.406274627663127	0.14641623786055	0.403851964063183	1.18210909635377	21	891;983;4999;5518;5001;1869	completed	Reactome_preranked_GSEA_fallback	E2F mediated regulation of DNA replication	22	cancer_up	P1 cancer-minus-normal moderated t	20357	0	1	reactome.db_1.95.0__fgsea_1.36.2	CCNB1;CDK1;ORC2;PPP2R1A;ORC5;E2F1
R-HSA-9927432	0.212280701754386	0.406425377168411	0.123257226381337	-0.451822808655506	-1.21387931853648	18	4311;216;7431;1956	completed	Reactome_preranked_GSEA_fallback	Developmental Lineage of Mammary Gland Myoepithelial Cells	18	normal_up	P1 cancer-minus-normal moderated t	20357	0	1	reactome.db_1.95.0__fgsea_1.36.2	MME;ALDH1A1;VIM;EGFR
R-HSA-432040	0.212730318257956	0.406716566515562	0.119887845115423	-0.372129323348319	-1.20099119769752	40	54331;2791;5577;111;5568;112;55970;196883	completed	Reactome_preranked_GSEA_fallback	Vasopressin regulates renal water homeostasis via Aquaporins	43	normal_up	P1 cancer-minus-normal moderated t	20357	0	1	reactome.db_1.95.0__fgsea_1.36.2	GNG2;GNG11;PRKAR2B;ADCY5;PRKACG;ADCY6;GNG12;ADCY4
R-HSA-174184	0.215	0.409909344490935	0.149207542435322	0.307398057723167	1.14516911890756	59	51433;991;983;11065;890;701	completed	Reactome_preranked_GSEA_fallback	Cdc20:Phospho-APC/C mediated degradation of Cyclin A	60	cancer_up	P1 cancer-minus-normal moderated t	20357	0	1	reactome.db_1.95.0__fgsea_1.36.2	ANAPC5;CDC20;CDK1;UBE2C;CCNA2;BUB1B
R-HSA-9909648	0.214723926380368	0.409909344490935	0.166933848713193	0.246932244794376	1.10124459854144	170	5928;2146;4751;4343;51176;7005;3014;8349;8357;85236;8334;2932;6185;1387;11091;1650;5929;58508;595;6184;8365;57690;3703;23512;91319;5931;2033;8726;142678;10956;201595;8337;6500;3659;8347;23476;79139;1499;7415;7991;3020;5970;27248;5709;29126;3021;6774;8945;84061	completed	Reactome_preranked_GSEA_fallback	Regulation of PD-L1(CD274) expression	194	cancer_up	P1 cancer-minus-normal moderated t	20357	0	1	reactome.db_1.95.0__fgsea_1.36.2	RBBP4;EZH2;NEK2;MOV10;LEF1;TEAD3;H2AX;H2BC21;H3C10;H2BC12;H2AC6;GSK3B;RPN2;CREBBP;WDR5;DDOST;RBBP5;KMT2C;CCND1;RPN1;H4C8;TNRC6C;STT3A;SUZ12;DERL3;RBBP7;EP300;EED;MIB2;OS9;STT3B;H2AC18;SKP1;IRF1;H2BC4;BRD4;DERL1;CTNNB1;VCP;TUSC3;H3-3A;RELA;ERLEC1;PSMD3;CD274;H3-3B;STAT3;BTRC;MAGT1
R-HSA-917977	0.216019417475728	0.411279308759499	0.14641623786055	0.362933517186938	1.17512840168249	31	537;155066;23545;9550;533;527;55240;7037;10312;525;8992;7036;535	completed	Reactome_preranked_GSEA_fallback	Transferrin endocytosis and recycling	31	cancer_up	P1 cancer-minus-normal moderated t	20357	0	1	reactome.db_1.95.0__fgsea_1.36.2	ATP6AP1;ATP6V0E2;ATP6V0A2;ATP6V1G1;ATP6V0B;ATP6V0C;STEAP3;TFRC;TCIRG1;ATP6V1B1;ATP6V0E1;TFR2;ATP6V0A1
R-HSA-451326	0.217905405405405	0.414293030861181	0.118815039412263	-0.405334510777452	-1.20114312989087	27	801;54331;2791;83988;55970	completed	Reactome_preranked_GSEA_fallback	Activation of kainate receptors upon glutamate binding	32	normal_up	P1 cancer-minus-normal moderated t	20357	0	1	reactome.db_1.95.0__fgsea_1.36.2	CALM1;GNG2;GNG11;NCALD;GNG12
R-HSA-2022857	0.218867924528302	0.415510331031265	0.126253987849115	-0.482770972467255	-1.21981449576048	15	5549;4958;4969;2331	completed	Reactome_preranked_GSEA_fallback	Keratan sulfate degradation	15	normal_up	P1 cancer-minus-normal moderated t	20357	0	1	reactome.db_1.95.0__fgsea_1.36.2	PRELP;OMD;OGN;FMOD
R-HSA-399954	0.219378427787934	0.415510331031265	0.12384217120105	-0.469255095703772	-1.21807560555784	16	91584;10371;2534;8829	completed	Reactome_preranked_GSEA_fallback	Sema3A PAK dependent Axon repulsion	16	normal_up	P1 cancer-minus-normal moderated t	20357	0	1	reactome.db_1.95.0__fgsea_1.36.2	PLXNA4;SEMA3A;FYN;NRP1
R-HSA-5654708	0.219761499148211	0.415510331031265	0.118815039412263	-0.417682243464397	-1.21292397102231	25	2247;5290;5781;2246;2250;6654;8817;8074	completed	Reactome_preranked_GSEA_fallback	Downstream signaling of activated FGFR3	25	normal_up	P1 cancer-minus-normal moderated t	20357	0	1	reactome.db_1.95.0__fgsea_1.36.2	FGF2;PIK3CA;PTPN11;FGF1;FGF5;SOS1;FGF18;FGF23
R-HSA-75876	0.219594594594595	0.415510331031265	0.118287526124085	-0.419471333337226	-1.20750597306814	24	2180;201562;9200;83401;51144;51703;2182;60481	completed	Reactome_preranked_GSEA_fallback	Synthesis of very long-chain fatty acyl-CoAs	24	normal_up	P1 cancer-minus-normal moderated t	20357	0	1	reactome.db_1.95.0__fgsea_1.36.2	ACSL1;HACD2;HACD1;ELOVL3;HSD17B12;ACSL5;ACSL4;ELOVL5
R-HSA-383280	0.221105527638191	0.417474110885921	0.117249716749792	-0.344924166287576	-1.18275586639069	52	5468;5465;6096;10062;8013;4306;7068;29982;8431;190;7101;2100;2494;7067;9970	completed	Reactome_preranked_GSEA_fallback	Nuclear Receptor transcription pathway	53	normal_up	P1 cancer-minus-normal moderated t	20357	0	1	reactome.db_1.95.0__fgsea_1.36.2	PPARG;PPARA;RORB;NR1H3;NR4A3;NR3C2;THRB;NRBF2;NR0B2;NR0B1;NR2E1;ESR2;NR5A2;THRA;NR1I3
R-HSA-1839124	0.223350253807107	0.421130754419744	0.117249716749792	-0.391382218523906	-1.18512568441431	30	2247;6776;5290;9846;6777;2246;2250;2260;8074	completed	Reactome_preranked_GSEA_fallback	FGFR1 mutant receptor activation	30	normal_up	P1 cancer-minus-normal moderated t	20357	0	1	reactome.db_1.95.0__fgsea_1.36.2	FGF2;STAT5A;PIK3CA;GAB2;STAT5B;FGF1;FGF5;FGFR1;FGF23
R-HSA-8866652	0.223844282238443	0.421480900578445	0.143758989039275	0.361087841871876	1.15980539583247	30	11065;29089;7317;65264;55236;7874;7322;7320;8078;7327;3093;90268	completed	Reactome_preranked_GSEA_fallback	Synthesis of active ubiquitin: roles of E1 and E2 enzymes	30	cancer_up	P1 cancer-minus-normal moderated t	20357	0	1	reactome.db_1.95.0__fgsea_1.36.2	UBE2C;UBE2T;UBA1;UBE2Z;UBA6;USP7;UBE2D2;UBE2B;USP5;UBE2G2;UBE2K;OTULIN
R-HSA-198933	0.224270353302611	0.421702301189367	0.110564716336619	-0.292375786604216	-1.12245749153756	105	10990;947;339390;3903;2213;9976;3384;8174;11024;945;131450;11026;910;114132;6614;81035;4345;3824;958;926;10870;27181;718;11027;146894;285852;7087;959	completed	Reactome_preranked_GSEA_fallback	Immunoregulatory interactions between a Lymphoid and a non-Lymphoid cell	131	normal_up	P1 cancer-minus-normal moderated t	20357	0	1	reactome.db_1.95.0__fgsea_1.36.2	LILRB5;CD34;CLEC4G;LAIR1;FCGR2B;CLEC2B;ICAM2;MADCAM1;LILRA1;CD33;CD200R1;LILRA3;CD1B;SIGLEC11;SIGLEC1;COLEC12;CD200;KLRD1;CD40;CD8B;HCST;SIGLEC8;C3;LILRA2;CD300LG;TREML4;ICAM5;CD40LG
R-HSA-156590	0.225042301184433	0.422572562800989	0.116739204791222	-0.392497671232259	-1.18011829011988	29	2948;27306;2098;2949;2729;2730;494143;2950;2947;2941;373156	completed	Reactome_preranked_GSEA_fallback	Glutathione conjugation	36	normal_up	P1 cancer-minus-normal moderated t	20357	0	1	reactome.db_1.95.0__fgsea_1.36.2	GSTM4;HPGDS;ESD;GSTM5;GCLC;GCLM;CHAC2;GSTP1;GSTM3;GSTA4;GSTK1
R-HSA-1474228	0.226190476190476	0.424145927232347	0.159646701919906	0.257710508566711	1.09967355135832	135	1300;1301;3911;823;2335;1278;1290;4314;1289;101;92291;388743;1305;80781;6696;1296;6868;960;23385;1307;4312;7076;2201;1509;1277;102;1294;1293;1303	completed	Reactome_preranked_GSEA_fallback	Degradation of the extracellular matrix	138	cancer_up	P1 cancer-minus-normal moderated t	20357	0	1	reactome.db_1.95.0__fgsea_1.36.2	COL10A1;COL11A1;LAMA5;CAPN1;FN1;COL1A2;COL5A2;MMP3;COL5A1;ADAM8;CAPN13;CAPN8;COL13A1;COL18A1;SPP1;COL8A2;ADAM17;CD44;NCSTN;COL16A1;MMP1;TIMP1;FBN2;CTSD;COL1A1;ADAM10;COL7A1;COL6A3;COL12A1
R-HSA-1461957	0.22791519434629	0.426794617358052	0.118815039412263	-0.458885343757546	-1.21730378104864	17	400830;140850;1672	completed	Reactome_preranked_GSEA_fallback	Beta defensins	41	normal_up	P1 cancer-minus-normal moderated t	20357	0	1	reactome.db_1.95.0__fgsea_1.36.2	DEFB132;DEFB127;DEFB1
R-HSA-1482839	0.22972972972973	0.429604022627279	0.115240003147781	-0.401287594577169	-1.18915074961738	27	5320;117245;5321;11145;63874	completed	Reactome_preranked_GSEA_fallback	Acyl chain remodelling of PE	29	normal_up	P1 cancer-minus-normal moderated t	20357	0	1	reactome.db_1.95.0__fgsea_1.36.2	PLA2G2A;PLAAT5;PLA2G4A;PLAAT3;ABHD4
R-HSA-196757	0.23217550274223	0.432993059002222	0.119887845115423	-0.466002865310102	-1.20963358214147	16	10840;4522;6470	completed	Reactome_preranked_GSEA_fallback	Metabolism of folate and pterines	17	normal_up	P1 cancer-minus-normal moderated t	20357	0	1	reactome.db_1.95.0__fgsea_1.36.2	ALDH1L1;MTHFD1;SHMT1
R-HSA-196071	0.232081911262799	0.432993059002222	0.115240003147781	-0.382337997325622	-1.17929399521773	33	3290;412;51170;1585;231;2230;1583;51144;6770	completed	Reactome_preranked_GSEA_fallback	Metabolism of steroid hormones	36	normal_up	P1 cancer-minus-normal moderated t	20357	0	1	reactome.db_1.95.0__fgsea_1.36.2	HSD11B1;STS;HSD17B11;CYP11B2;AKR1B1;FDX1;CYP11A1;HSD17B12;STAR
R-HSA-9735871	0.233050847457627	0.433442868672893	0.130105630751129	0.446576885230748	1.19897939568521	15	2810;5170;7329;7529;2033;7533;6667;4088;7534;10971	completed	Reactome_preranked_GSEA_fallback	SARS-CoV-1 targets host intracellular signalling and regulatory pathways	15	cancer_up	P1 cancer-minus-normal moderated t	20357	0	1	reactome.db_1.95.0__fgsea_1.36.2	SFN;PDPK1;UBE2I;YWHAB;EP300;YWHAH;SP1;SMAD3;YWHAZ;YWHAQ
R-HSA-3000171	0.233009708737864	0.433442868672893	0.11146266692298	-0.309763864768444	-1.14120631586543	78	6445;4921;2247;3910;8082;6443;3908;7402;6640;7057;6641;6645;6383	completed	Reactome_preranked_GSEA_fallback	Non-integrin membrane-ECM interactions	80	normal_up	P1 cancer-minus-normal moderated t	20357	0	1	reactome.db_1.95.0__fgsea_1.36.2	SGCG;DDR2;FGF2;LAMA4;SSPN;SGCB;LAMA2;UTRN;SNTA1;THBS1;SNTB1;SNTB2;SDC2
R-HSA-429914	0.233830845771144	0.434302671425481	0.142056643575821	0.306919474885188	1.13142994311655	56	55571;9125;6499;80153;51013;54512;9775;25804;4849;5073;57819;167227;57472;9924;51690;56915;1973;23658;1981;196513	completed	Reactome_preranked_GSEA_fallback	Deadenylation-dependent mRNA decay	56	cancer_up	P1 cancer-minus-normal moderated t	20357	0	1	reactome.db_1.95.0__fgsea_1.36.2	CNOT11;CNOT9;SKIC2;EDC3;EXOSC1;EXOSC4;EIF4A3;LSM4;CNOT3;PARN;LSM2;DCP2;CNOT6;PAN2;LSM7;EXOSC5;EIF4A1;LSM5;EIF4G1;DCP1B
R-HSA-3371571	0.235154394299287	0.434987898521145	0.138022242496643	0.38242745707564	1.15001747245559	23	818;3306;64223;1387;3326;3281;2033;3305;2288;10728	completed	Reactome_preranked_GSEA_fallback	HSF1-dependent transactivation	24	cancer_up	P1 cancer-minus-normal moderated t	20357	0	1	reactome.db_1.95.0__fgsea_1.36.2	CAMK2G;HSPA2;MLST8;CREBBP;HSP90AB1;HSBP1;EP300;HSPA1L;FKBP4;PTGES3
R-HSA-5687128	0.234910277324633	0.434987898521145	0.11146266692298	-0.309327146905082	-1.13400403498194	74	3725;2308;10435;8555;5700;5596;5568;7311;7316;5566;6233;9861;4609;5897;5714;5684;5063;5695;998;5707	completed	Reactome_preranked_GSEA_fallback	MAPK6/MAPK4 signaling	76	normal_up	P1 cancer-minus-normal moderated t	20357	0	1	reactome.db_1.95.0__fgsea_1.36.2	JUN;FOXO1;CDC42EP2;CDC14B;PSMC1;MAPK4;PRKACG;UBA52;UBC;PRKACA;RPS27A;PSMD6;MYC;RAG2;PSMD8;PSMA3;PAK3;PSMB7;CDC42;PSMD1
R-HSA-2022090	0.234567901234568	0.434987898521145	0.141225119642531	0.301702592854054	1.12814791193472	60	1300;1301;1278;1290;4314;85301;1289;80781;1296;1277;1294;4016;1293;1303;4318;4322;1281;3918;1298	completed	Reactome_preranked_GSEA_fallback	Assembly of collagen fibrils and other multimeric structures	60	cancer_up	P1 cancer-minus-normal moderated t	20357	0	1	reactome.db_1.95.0__fgsea_1.36.2	COL10A1;COL11A1;COL1A2;COL5A2;MMP3;COL27A1;COL5A1;COL18A1;COL8A2;COL1A1;COL7A1;LOXL1;COL6A3;COL12A1;MMP9;MMP13;COL3A1;LAMC2;COL9A2
R-HSA-8875878	0.236585365853659	0.436453704618018	0.139599673451922	0.329006587396577	1.1468912601524	41	1301;3911;2335;1278;1290;3673;85301;1289;3675;5747;1277;2885	completed	Reactome_preranked_GSEA_fallback	MET promotes cell motility	41	cancer_up	P1 cancer-minus-normal moderated t	20357	0	1	reactome.db_1.95.0__fgsea_1.36.2	COL11A1;LAMA5;FN1;COL1A2;COL5A2;ITGA2;COL27A1;COL5A1;ITGA3;PTK2;COL1A1;GRB2
R-HSA-168898	0.236336779911374	0.436453704618018	0.104732821580651	-0.274898398477321	-1.116827044082	163	338;5519;6285;3725;5602;948;5775;57161;5781;2353;6271;7099;7098;28512;79671;3656;10133;7311;23643;1848;11213;1845;7316;5604;1687;5641;8411;6233;5608;4208;6197;929;1520;1514;2243;1386;841;5516	completed	Reactome_preranked_GSEA_fallback	Toll-like Receptor Cascades	173	normal_up	P1 cancer-minus-normal moderated t	20357	0	1	reactome.db_1.95.0__fgsea_1.36.2	APOB;PPP2R1B;S100B;JUN;MAPK10;CD36;PTPN4;PELI2;PTPN11;FOS;S100A1;TLR4;TLR3;NKIRAS1;NLRX1;IRAK2;OPTN;UBA52;LY96;DUSP6;IRAK3;DUSP3;UBC;MAP2K1;GSDME;LGMN;EEA1;RPS27A;MAP2K6;MEF2C;RPS6KA3;CD14;CTSS;CTSL;FGA;ATF2;CASP8;PPP2CB
R-HSA-210993	0.23859649122807	0.438585693239483	0.115240003147781	-0.443216105317221	-1.19075631769858	18	284;5290;5781;7010;6654;51378;9046	completed	Reactome_preranked_GSEA_fallback	Tie2 Signaling	18	normal_up	P1 cancer-minus-normal moderated t	20357	0	1	reactome.db_1.95.0__fgsea_1.36.2	ANGPT1;PIK3CA;PTPN11;TEK;SOS1;ANGPT4;DOK2
R-HSA-428930	0.238831615120275	0.438585693239483	0.11378726182188	-0.424137167527299	-1.18488848304936	21	54331;2791;55970	completed	Reactome_preranked_GSEA_fallback	Thromboxane signalling through TP receptor	24	normal_up	P1 cancer-minus-normal moderated t	20357	0	1	reactome.db_1.95.0__fgsea_1.36.2	GNG2;GNG11;GNG12
R-HSA-5579029	0.238983050847458	0.438585693239483	0.112843355675562	-0.384195548272532	-1.17101692129878	31	4128;2328;113612;56603;1585;2230;2729;2730;1583	completed	Reactome_preranked_GSEA_fallback	Metabolic disorders of biological oxidation enzymes	34	normal_up	P1 cancer-minus-normal moderated t	20357	0	1	reactome.db_1.95.0__fgsea_1.36.2	MAOA;FMO3;CYP2U1;CYP26B1;CYP11B2;FDX1;GCLC;GCLM;CYP11A1
R-HSA-9820841	0.239024390243902	0.438585693239483	0.13880510939114	0.378139153915796	1.14882117742144	24	55571;9125;9775;4849;23405;57472;1973;1981;85456;246175;4850	completed	Reactome_preranked_GSEA_fallback	M-decay: degradation of maternal mRNAs by maternally stored factors	25	cancer_up	P1 cancer-minus-normal moderated t	20357	0	1	reactome.db_1.95.0__fgsea_1.36.2	CNOT11;CNOT9;EIF4A3;CNOT3;DICER1;CNOT6;EIF4A1;EIF4G1;TNKS1BP1;CNOT6L;CNOT4
R-HSA-438066	0.24047619047619	0.440658113111196	0.136490437780413	0.39442418489318	1.15451318372493	21	1741;818	completed	Reactome_preranked_GSEA_fallback	Unblocking of NMDA receptors, glutamate binding and activation	22	cancer_up	P1 cancer-minus-normal moderated t	20357	0	1	reactome.db_1.95.0__fgsea_1.36.2	DLG3;CAMK2G
R-HSA-936964	0.242049469964664	0.44294728974792	0.114750719227023	-0.45333873721527	-1.2025900726948	17	5781;7099;10133;7311;23643;7316;6233;929	completed	Reactome_preranked_GSEA_fallback	Activation of IRF3, IRF7 mediated by TBK1, IKKε (IKBKE)	19	normal_up	P1 cancer-minus-normal moderated t	20357	0	1	reactome.db_1.95.0__fgsea_1.36.2	PTPN11;TLR4;OPTN;UBA52;LY96;UBC;RPS27A;CD14
R-HSA-1614635	0.24283305227656	0.443787142328954	0.11146266692298	-0.397616045860644	-1.16915610867052	26	23743;1036;1491;4357;55256;7263	completed	Reactome_preranked_GSEA_fallback	Sulfur amino acid metabolism	28	normal_up	P1 cancer-minus-normal moderated t	20357	0	1	reactome.db_1.95.0__fgsea_1.36.2	BHMT2;CDO1;CTH;MPST;ADI1;TST
R-HSA-389357	0.24390243902439	0.445146374027158	0.137250779610133	0.369034648765478	1.14986052763545	27	5296;57761;8503;5170;64223	completed	Reactome_preranked_GSEA_fallback	CD28 dependent PI3K/Akt signaling	29	cancer_up	P1 cancer-minus-normal moderated t	20357	0	1	reactome.db_1.95.0__fgsea_1.36.2	PIK3R2;TRIB3;PIK3R3;PDPK1;MLST8
R-HSA-180585	0.244556113902848	0.445744276940257	0.110564716336619	-0.362466053864698	-1.16980445464168	40	5700;7311;7316;6233;9861;5714;5684;5695;5707;5694;5688;5713;5717;5682;10213;5718	completed	Reactome_preranked_GSEA_fallback	Vif-mediated degradation of APOBEC3G	42	normal_up	P1 cancer-minus-normal moderated t	20357	0	1	reactome.db_1.95.0__fgsea_1.36.2	PSMC1;UBA52;UBC;RPS27A;PSMD6;PSMD8;PSMA3;PSMB7;PSMD1;PSMB6;PSMA7;PSMD7;PSMD11;PSMA1;PSMD14;PSMD12
R-HSA-164378	0.245583038869258	0.447019992189448	0.11378726182188	-0.451891103676162	-1.19874987643509	17	5577;111;5568;112;196883;5566	completed	Reactome_preranked_GSEA_fallback	PKA activation in glucagon signalling	17	normal_up	P1 cancer-minus-normal moderated t	20357	0	1	reactome.db_1.95.0__fgsea_1.36.2	PRKAR2B;ADCY5;PRKACG;ADCY6;ADCY4;PRKACA
R-HSA-5663202	0.246963562753036	0.448935093461969	0.179782316298324	0.214691381045319	1.0613588573441	442	54845;2065;57674;1786;891;5296;818;598;5437;4627;9451;6199;2064;8503;55733;54894;5170;2335;7750;1445;7171;10256;2261;4343;57085;399687;2648;2120;4008;3845;54492;8087;1488;56829;64223;8805;11116;11052;3065;1452;5894;3714;2932;200734;1523;55851;6868;4140;2099;10018;23385;1387;80824;5518;9794;5335;5430;2066;4193;8496;1850;26127;57670;324;253260;10342;4296;57448;57690;102;5433;5605;10142;2885;6464;27044;2264;4254;7529;79109;8323;55750;7297;5527;2033;4204;4893;142678;10956;8312;2803;5664;6500;471;1950;5154;51107;22906;4763;5599;1499;1213;207;7415;7249;10818;6469;80853;8878;3265;27248;55534;9965	completed	Reactome_preranked_GSEA_fallback	Diseases of signal transduction by growth factor receptors and second messengers	452	cancer_up	P1 cancer-minus-normal moderated t	20357	0	1	reactome.db_1.95.0__fgsea_1.36.2	ESRP1;ERBB3;RNF213;DNMT1;CCNB1;PIK3R2;CAMK2G;BCL2L1;POLR2H;MYH9;EIF2AK3;RPS6KB2;ERBB2;PIK3R3;HHAT;RNF43;PDPK1;FN1;ZMYM2;CSK;TPM4;CNKSR1;FGFR3;MOV10;AGTRAP;MYO18A;KAT2A;ETV6;LMO7;KRAS;NEURL1B;FXR1;CTBP2;ZC3HAV1;MLST8;TRIM24;CEP43;CPSF6;HDAC1;CSNK1A1;RAF1;JAG2;GSK3B;SPRED2;CUX1;PSENEN;ADAM17;MARK3;ESR1;BCL2L11;NCSTN;CREBBP;DUSP16;PPP2R1A;MAML1;PLCG1;POLR2A;ERBB4;MDM2;PPFIBP1;DUSP8;FGFR1OP2;KIAA1549;APC;RICTOR;TFG;MAP3K11;BIRC6;TNRC6C;ADAM10;POLR2D;MAP2K2;AKAP9;GRB2;SHC1;SND1;FGFR4;KITLG;YWHAB;MAPKAP1;FZD6;AGK;TYK2;PPP2R5C;EP300;MECP2;NRAS;MIB2;OS9;AXIN1;GOLGA4;PSEN2;SKP1;ATIC;EGF;PDGFA;APH1A;TRAK1;NF1;MAPK8;CTNNB1;CLTC;AKT1;VCP;TSC2;FRS2;SHH;KDM7A;SQSTM1;HRAS;ERLEC1;MAML3;FGF19
R-HSA-5083625	0.247706422018349	0.449687488577799	0.131457611642763	0.42178147729883	1.17507592132526	17	4582;2591;4589;200958;727897;118430;140453;94025;143662;56667	completed	Reactome_preranked_GSEA_fallback	Defective GALNT3 causes HFTC	18	cancer_up	P1 cancer-minus-normal moderated t	20357	0	1	reactome.db_1.95.0__fgsea_1.36.2	MUC1;GALNT3;MUC7;MUC20;MUC5B;MUCL1;MUC17;MUC16;MUC15;MUC13
R-HSA-1834941	0.248351648351648	0.450260879703851	0.128142916898415	0.434227838880543	1.18831427871537	16	3661;5591;51428;29110;340061;7520;4361	completed	Reactome_preranked_GSEA_fallback	STING mediated induction of host immune responses	16	cancer_up	P1 cancer-minus-normal moderated t	20357	0	1	reactome.db_1.95.0__fgsea_1.36.2	IRF3;PRKDC;DDX41;TBK1;STING1;XRCC5;MRE11
R-HSA-9607240	0.250420168067227	0.453409761255496	0.109250039480711	-0.3620381183855	-1.15129600485591	38	6776;5290;9846;6777;2534;5781;7311;6654;7316;10019;6233;5295;10000	completed	Reactome_preranked_GSEA_fallback	FLT3 Signaling	38	normal_up	P1 cancer-minus-normal moderated t	20357	0	1	reactome.db_1.95.0__fgsea_1.36.2	STAT5A;PIK3CA;GAB2;STAT5B;FYN;PTPN11;UBA52;SOS1;UBC;SH2B3;RPS27A;PIK3R1;AKT3
R-HSA-1482925	0.254416961130742	0.457112011311958	0.11146266692298	-0.445568622406368	-1.18197797369288	17	5320;5321	completed	Reactome_preranked_GSEA_fallback	Acyl chain remodelling of PG	18	normal_up	P1 cancer-minus-normal moderated t	20357	0	1	reactome.db_1.95.0__fgsea_1.36.2	PLA2G2A;PLA2G4A
R-HSA-111933	0.253807106598985	0.457112011311958	0.108820126769161	-0.366303794720621	-1.15073625679537	36	801;5577;5136;111;5568;5153;112;196883	completed	Reactome_preranked_GSEA_fallback	Calmodulin induced events	37	normal_up	P1 cancer-minus-normal moderated t	20357	0	1	reactome.db_1.95.0__fgsea_1.36.2	CALM1;PRKAR2B;PDE1A;ADCY5;PRKACG;PDE1B;ADCY6;ADCY4
R-HSA-111997	0.253807106598985	0.457112011311958	0.108820126769161	-0.366303794720621	-1.15073625679537	36	801;5577;5136;111;5568;5153;112;196883	completed	Reactome_preranked_GSEA_fallback	CaM pathway	37	normal_up	P1 cancer-minus-normal moderated t	20357	0	1	reactome.db_1.95.0__fgsea_1.36.2	CALM1;PRKAR2B;PDE1A;ADCY5;PRKACG;PDE1B;ADCY6;ADCY4
R-HSA-1638074	0.253807106598985	0.457112011311958	0.108820126769161	-0.366262442667761	-1.15060635012445	36	5549;9331;4958;4969;2331;10402;79411;9469	completed	Reactome_preranked_GSEA_fallback	Keratan sulfate/keratin metabolism	37	normal_up	P1 cancer-minus-normal moderated t	20357	0	1	reactome.db_1.95.0__fgsea_1.36.2	PRELP;B4GALT6;OMD;OGN;FMOD;ST3GAL6;GLB1L;CHST3
R-HSA-1234176	0.254606365159129	0.457112011311958	0.107972360317345	-0.332743011469524	-1.14098630157437	52	2034;5700;112398;126374;7311;7316;6233;9861;8453;5714;5684;5695;5707;5694;5688;54583;5713;5717;64344;5682;7321;10213;5718;7323	completed	Reactome_preranked_GSEA_fallback	Oxygen-dependent proline hydroxylation of Hypoxia-inducible Factor Alpha	53	normal_up	P1 cancer-minus-normal moderated t	20357	0	1	reactome.db_1.95.0__fgsea_1.36.2	EPAS1;PSMC1;EGLN2;WTIP;UBA52;UBC;RPS27A;PSMD6;CUL2;PSMD8;PSMA3;PSMB7;PSMD1;PSMB6;PSMA7;EGLN1;PSMD7;PSMD11;HIF3A;PSMA1;UBE2D1;PSMD14;PSMD12;UBE2D3
R-HSA-167238	0.255474452554745	0.457112011311958	0.133554954557592	0.358485257171883	1.13983596153955	29	5437;904;7469;6749;5430;25920;1025;5433;6829	completed	Reactome_preranked_GSEA_fallback	Pausing and recovery of Tat-mediated HIV elongation	32	cancer_up	P1 cancer-minus-normal moderated t	20357	0	1	reactome.db_1.95.0__fgsea_1.36.2	POLR2H;CCNT1;NELFA;SSRP1;POLR2A;NELFB;CDK9;POLR2D;SUPT5H
R-HSA-167243	0.255474452554745	0.457112011311958	0.133554954557592	0.358485257171883	1.13983596153955	29	5437;904;7469;6749;5430;25920;1025;5433;6829	completed	Reactome_preranked_GSEA_fallback	Tat-mediated HIV elongation arrest and recovery	32	cancer_up	P1 cancer-minus-normal moderated t	20357	0	1	reactome.db_1.95.0__fgsea_1.36.2	POLR2H;CCNT1;NELFA;SSRP1;POLR2A;NELFB;CDK9;POLR2D;SUPT5H
R-HSA-5674400	0.255421686746988	0.457112011311958	0.132846300606183	0.367599975132299	1.1329713659141	25	6199;5170;64223;2932;4193;253260;79109;207;7249	completed	Reactome_preranked_GSEA_fallback	Constitutive Signaling by AKT1 E17K in Cancer	25	cancer_up	P1 cancer-minus-normal moderated t	20357	0	1	reactome.db_1.95.0__fgsea_1.36.2	RPS6KB2;PDPK1;MLST8;GSK3B;MDM2;RICTOR;MAPKAP1;AKT1;TSC2
R-HSA-400206	0.254573170731707	0.457112011311958	0.102080107662747	-0.284575048695004	-1.10561725062288	115	5468;4199;50486;2180;5465;34;51129;948;123;19;23179;10062;51;400569;10891	completed	Reactome_preranked_GSEA_fallback	Regulation of lipid metabolism by PPARalpha	119	normal_up	P1 cancer-minus-normal moderated t	20357	0	1	reactome.db_1.95.0__fgsea_1.36.2	PPARG;ME1;G0S2;ACSL1;PPARA;ACADM;ANGPTL4;CD36;PLIN2;ABCA1;RGL1;NR1H3;ACOX1;MED11;PPARGC1A
R-HSA-1660514	0.256880733944954	0.45848139421342	0.128788713061714	0.415628674197578	1.15793431800204	17	375;377;55300;5297;5288;30849	completed	Reactome_preranked_GSEA_fallback	Synthesis of PIPs at the Golgi membrane	18	cancer_up	P1 cancer-minus-normal moderated t	20357	0	1	reactome.db_1.95.0__fgsea_1.36.2	ARF1;ARF3;PI4K2B;PI4KA;PIK3C2G;PIK3R4
R-HSA-5654738	0.256910569105691	0.45848139421342	0.105520936843198	-0.309721249425797	-1.13080123854497	71	83888;2247;5290;5441;5781;2246;2252;10253;5434;7311;2250;6654;2963;7316;8817;8074	completed	Reactome_preranked_GSEA_fallback	Signaling by FGFR2	73	normal_up	P1 cancer-minus-normal moderated t	20357	0	1	reactome.db_1.95.0__fgsea_1.36.2	FGFBP2;FGF2;PIK3CA;POLR2L;PTPN11;FGF1;FGF7;SPRY2;POLR2E;UBA52;FGF5;SOS1;GTF2F2;UBC;FGF18;FGF23
R-HSA-9711123	0.258064516129032	0.459940278420322	0.0988903007520636	-0.265051971879181	-1.09876580415689	188	847;4199;1346;5465;2878;9588;114548;6648;1350;10628;5700;6347;1459;7086;2876;81631;5226;1728;7311;4688;213;2729;2730;7316;3417;1349;84701;64839;6888;4689;4780;4697;343;2950;6233;4512;9861;468;1329;4609;8648;1536;5714;80205;10935;5684;10000;25828;1535;5580;7295;5695;83667;5707;645;4513;1339;1347;6907;6502;6256;5694;3162;5688;644	completed	Reactome_preranked_GSEA_fallback	Cellular response to chemical stress	198	normal_up	P1 cancer-minus-normal moderated t	20357	0	1	reactome.db_1.95.0__fgsea_1.36.2	CAT;ME1;COX7A1;PPARA;GPX3;PRDX6;NLRP3;SOD2;COX7C;TXNIP;PSMC1;CCL2;CSNK2A2;TKT;GPX1;MAP1LC3B;PGD;NQO1;UBA52;NCF2;ALB;GCLC;GCLM;UBC;IDH1;COX7B;COX4I2;FBXL17;TALDO1;NCF4;NFE2L2;COXFA4;AQP8;GSTP1;RPS27A;MT-CO1;PSMD6;ATF4;COX5B;MYC;NCOA1;CYBB;PSMD8;CHD9;PRDX3;PSMA3;AKT3;TXN2;CYBA;PRKCD;TXN;PSMB7;SESN2;PSMD1;BLVRB;MT-CO2;COX6A2;COX7A2;TBL1X;SKP2;RXRA;PSMB6;HMOX1;PSMA7;BLVRA
R-HSA-201451	0.259322033898305	0.461579713983051	0.107554375265169	-0.377525184562263	-1.15068584559771	31	650;91851;4093;7049;92;11167;64388;6497;94;3623	completed	Reactome_preranked_GSEA_fallback	Signaling by BMP	31	normal_up	P1 cancer-minus-normal moderated t	20357	0	1	reactome.db_1.95.0__fgsea_1.36.2	BMP2;CHRDL1;SMAD9;TGFBR3;ACVR2A;FSTL1;GREM2;SKI;ACVRL1;INHA
R-HSA-9918485	0.260204081632653	0.462547437700698	0.107554375265169	-0.349531212472336	-1.14240108625864	42	30835;7301;2719;4360;10082;6383;5627;945	completed	Reactome_preranked_GSEA_fallback	Dengue Virus Attachment and Entry	44	normal_up	P1 cancer-minus-normal moderated t	20357	0	1	reactome.db_1.95.0__fgsea_1.36.2	CD209;TYRO3;GPC3;MRC1;GPC6;SDC2;PROS1;CD33
R-HSA-9013405	0.260869565217391	0.463128176171654	0.106323255932708	-0.334931436317565	-1.14048617631494	51	9590;1730;27145;857;9341;4162;57584;23344;120;84681;8987;144402;1729;10424;5361;123720;5295	completed	Reactome_preranked_GSEA_fallback	RHOD GTPase cycle	53	normal_up	P1 cancer-minus-normal moderated t	20357	0	1	reactome.db_1.95.0__fgsea_1.36.2	AKAP12;DIAPH2;FILIP1;CAV1;VAMP3;MCAM;ARHGAP21;ESYT1;ADD3;HINT2;STBD1;CPNE8;DIAPH1;PGRMC2;PLXNA1;WHAMM;PIK3R1
R-HSA-6796648	0.261845386533666	0.464257643828173	0.133554954557592	0.301942414515545	1.11906208283277	58	55215;2177;5437;9656;904;7469;905;6749;5430;25920;1025;1643;5433;51755;6829;2068;8621;672;2968;7157;5431;6917;1022;11198	completed	Reactome_preranked_GSEA_fallback	TP53 Regulates Transcription of DNA Repair Genes	62	cancer_up	P1 cancer-minus-normal moderated t	20357	0	1	reactome.db_1.95.0__fgsea_1.36.2	FANCI;FANCD2;POLR2H;MDC1;CCNT1;NELFA;CCNT2;SSRP1;POLR2A;NELFB;CDK9;DDB2;POLR2D;CDK12;SUPT5H;ERCC2;CDK13;BRCA1;GTF2H4;TP53;POLR2B;TCEA1;CDK7;SUPT16H
R-HSA-9013407	0.262773722627737	0.465300102114141	0.131457611642763	0.333433578182766	1.12308597427292	36	3728;10298;1445;81839;55717;399;253959;397;5058;56924;7037;7415;55968;4548	completed	Reactome_preranked_GSEA_fallback	RHOH GTPase cycle	37	cancer_up	P1 cancer-minus-normal moderated t	20357	0	1	reactome.db_1.95.0__fgsea_1.36.2	JUP;PAK4;CSK;VANGL1;WDR11;RHOH;RALGAPA1;ARHGDIB;PAK1;PAK6;TFRC;VCP;NSFL1C;MTR
R-HSA-9687136	0.263157894736842	0.465377544767481	0.130105630751129	0.399011718604693	1.14929366777656	20	51433;11065;29882;64682;51434	completed	Reactome_preranked_GSEA_fallback	Aberrant regulation of mitotic exit in cancer due to RB1 defects	20	cancer_up	P1 cancer-minus-normal moderated t	20357	0	1	reactome.db_1.95.0__fgsea_1.36.2	ANAPC5;UBE2C;ANAPC2;ANAPC1;ANAPC7
R-HSA-9013508	0.265060240963855	0.468136110332804	0.130105630751129	0.362366936947191	1.11684274017541	25	2648;9787;5087;23286;1387;9794	completed	Reactome_preranked_GSEA_fallback	NOTCH3 Intracellular Domain Regulates Transcription	25	cancer_up	P1 cancer-minus-normal moderated t	20357	0	1	reactome.db_1.95.0__fgsea_1.36.2	KAT2A;DLGAP5;PBX1;WWC1;CREBBP;MAML1
R-HSA-166016	0.265765765765766	0.468776518453938	0.0985499803531691	-0.274449403252527	-1.09536759959235	139	5519;6285;3725;5602;948;5775;57161;5781;2353;6271;7099;28512;79671;3656;10133;7311;23643;1848;11213;1845;7316;5604	completed	Reactome_preranked_GSEA_fallback	Toll Like Receptor 4 (TLR4) Cascade	147	normal_up	P1 cancer-minus-normal moderated t	20357	0	1	reactome.db_1.95.0__fgsea_1.36.2	PPP2R1B;S100B;JUN;MAPK10;CD36;PTPN4;PELI2;PTPN11;FOS;S100A1;TLR4;NKIRAS1;NLRX1;IRAK2;OPTN;UBA52;LY96;DUSP6;IRAK3;DUSP3;UBC;MAP2K1
R-HSA-1502540	0.26691042047532	0.47018884637856	0.110564716336619	-0.454884854439339	-1.18077384689727	16	130399;4087;7049;92;10272;3623;8928;3625	completed	Reactome_preranked_GSEA_fallback	Signaling by Activin	17	normal_up	P1 cancer-minus-normal moderated t	20357	0	1	reactome.db_1.95.0__fgsea_1.36.2	ACVR1C;SMAD2;TGFBR3;ACVR2A;FSTL3;INHA;FOXH1;INHBB
R-HSA-210745	0.268835616438356	0.472534895086279	0.105920292736253	-0.415996564584495	-1.15054199910509	20	2308;2645;3375;10000;4760	completed	Reactome_preranked_GSEA_fallback	Regulation of gene expression in beta cells	21	normal_up	P1 cancer-minus-normal moderated t	20357	0	1	reactome.db_1.95.0__fgsea_1.36.2	FOXO1;GCK;IAPP;AKT3;NEUROD1
R-HSA-2219528	0.268933539412674	0.472534895086279	0.0995791200495904	-0.281793536017855	-1.08847865785359	111	152831;2247;9365;2308;5290;9846;2534;5781;2246;1956;8660;2252;4915;2250;5156;1839;2260;8817;8074;2100;5728;940;842;5295;55615;10000;2069;3082;685;2251;3084;942;4233;118788;4916;3667;4303;5294;8822;145957	completed	Reactome_preranked_GSEA_fallback	PI3K/AKT Signaling in Cancer	112	normal_up	P1 cancer-minus-normal moderated t	20357	0	1	reactome.db_1.95.0__fgsea_1.36.2	KLB;FGF2;KL;FOXO1;PIK3CA;GAB2;FYN;PTPN11;FGF1;EGFR;IRS2;FGF7;NTRK2;FGF5;PDGFRA;HBEGF;FGFR1;FGF18;FGF23;ESR2;PTEN;CD28;CASP9;PIK3R1;PRR5;AKT3;EREG;HGF;BTC;FGF6;NRG1;CD86;MET;PIK3AP1;NTRK3;IRS1;FOXO4;PIK3CG;FGF17;NRG4
R-HSA-5655332	0.27008547008547	0.473949727351525	0.105520936843198	-0.408245100348575	-1.14920159782047	22	2247;5290;2246;2250;6654;8817;8074	completed	Reactome_preranked_GSEA_fallback	Signaling by FGFR3 in disease	22	normal_up	P1 cancer-minus-normal moderated t	20357	0	1	reactome.db_1.95.0__fgsea_1.36.2	FGF2;PIK3CA;FGF1;FGF5;SOS1;FGF18;FGF23
R-HSA-9929491	0.27212020033389	0.475875310208144	0.103576326612592	-0.343659816612181	-1.13865960891455	45	5700;1459;7311;7532;7316;6233;9861;5714;5684;5695;5707;5694;5688;5713;5717;5682;10213;5718	completed	Reactome_preranked_GSEA_fallback	SPOP-mediated proteasomal degradation of PD-L1(CD274)	46	normal_up	P1 cancer-minus-normal moderated t	20357	0	1	reactome.db_1.95.0__fgsea_1.36.2	PSMC1;CSNK2A2;UBA52;YWHAG;UBC;RPS27A;PSMD6;PSMD8;PSMA3;PSMB7;PSMD1;PSMB6;PSMA7;PSMD7;PSMD11;PSMA1;PSMD14;PSMD12
R-HSA-5578775	0.27257525083612	0.475875310208144	0.103576326612592	-0.323073187852417	-1.12184240687293	55	845;5348;477;801;5350;1193;492;444;1760;493;486;5566;4842	completed	Reactome_preranked_GSEA_fallback	Ion homeostasis	56	normal_up	P1 cancer-minus-normal moderated t	20357	0	1	reactome.db_1.95.0__fgsea_1.36.2	CASQ2;FXYD1;ATP1A2;CALM1;PLN;CLIC2;ATP2B3;ASPH;DMPK;ATP2B4;FXYD2;PRKACA;NOS1
R-HSA-112382	0.272277227722772	0.475875310208144	0.130105630751129	0.301778473812526	1.10566801441404	55	5437;54623;904;7469;905;6749;5430;25920;123169;1025;5433;4300;85403;6829;2068;27125;4298;2968;5431;6917;1022;11198	completed	Reactome_preranked_GSEA_fallback	Formation of RNA Pol II elongation complex	58	cancer_up	P1 cancer-minus-normal moderated t	20357	0	1	reactome.db_1.95.0__fgsea_1.36.2	POLR2H;PAF1;CCNT1;NELFA;CCNT2;SSRP1;POLR2A;NELFB;LEO1;CDK9;POLR2D;MLLT3;EAF1;SUPT5H;ERCC2;AFF4;MLLT1;GTF2H4;POLR2B;TCEA1;CDK7;SUPT16H
R-HSA-75955	0.272277227722772	0.475875310208144	0.130105630751129	0.301778473812526	1.10566801441404	55	5437;54623;904;7469;905;6749;5430;25920;123169;1025;5433;4300;85403;6829;2068;27125;4298;2968;5431;6917;1022;11198	completed	Reactome_preranked_GSEA_fallback	RNA Polymerase II Transcription Elongation	58	cancer_up	P1 cancer-minus-normal moderated t	20357	0	1	reactome.db_1.95.0__fgsea_1.36.2	POLR2H;PAF1;CCNT1;NELFA;CCNT2;SSRP1;POLR2A;NELFB;LEO1;CDK9;POLR2D;MLLT3;EAF1;SUPT5H;ERCC2;AFF4;MLLT1;GTF2H4;POLR2B;TCEA1;CDK7;SUPT16H
R-HSA-8875360	0.275471698113208	0.479773820356168	0.110564716336619	-0.462000228282424	-1.16733318207481	15	30011;2060;7311;7316;6233	completed	Reactome_preranked_GSEA_fallback	InlB-mediated entry of Listeria monocytogenes into host cell	16	normal_up	P1 cancer-minus-normal moderated t	20357	0	1	reactome.db_1.95.0__fgsea_1.36.2	SH3KBP1;EPS15;UBA52;UBC;RPS27A
R-HSA-199992	0.275510204081633	0.479773820356168	0.131457611642763	0.284745175339981	1.09529162486106	70	10053;7163;375;8673;2580;8905;351;1174;9026	completed	Reactome_preranked_GSEA_fallback	trans-Golgi Network Vesicle Budding	72	cancer_up	P1 cancer-minus-normal moderated t	20357	0	1	reactome.db_1.95.0__fgsea_1.36.2	AP1M2;TPD52;ARF1;VAMP8;GAK;AP1S2;APP;AP1S1;HIP1R
R-HSA-2173791	0.279120879120879	0.485443055672063	0.119887845115423	0.417445628522899	1.14238783547349	16	5590;57530	completed	Reactome_preranked_GSEA_fallback	TGF-beta receptor signaling in EMT (epithelial to mesenchymal transition)	16	cancer_up	P1 cancer-minus-normal moderated t	20357	0	1	reactome.db_1.95.0__fgsea_1.36.2	PRKCZ;CGN
R-HSA-9659787	0.282110091743119	0.489396567782797	0.122107920287081	0.406505187857238	1.13251644240985	17	9134;1871;595;1017;1869	completed	Reactome_preranked_GSEA_fallback	Aberrant regulation of mitotic G1/S transition in cancer due to RB1 defects	17	cancer_up	P1 cancer-minus-normal moderated t	20357	0	1	reactome.db_1.95.0__fgsea_1.36.2	CCNE2;E2F3;CCND1;CDK2;E2F1
R-HSA-9661069	0.282110091743119	0.489396567782797	0.122107920287081	0.406505187857238	1.13251644240985	17	9134;1871;595;1017;1869	completed	Reactome_preranked_GSEA_fallback	Defective binding of RB1 mutants to E2F1,(E2F2, E2F3)	17	cancer_up	P1 cancer-minus-normal moderated t	20357	0	1	reactome.db_1.95.0__fgsea_1.36.2	CCNE2;E2F3;CCND1;CDK2;E2F1
R-HSA-5368287	0.285491419656786	0.494634690330579	0.0965629554309422	-0.284515475471246	-1.08615164993277	101	219402;65008;123263;92259;51023;9553;115416;64968;26589;54948;65080;10240;4536;64960;64976;51318;124995;4538;4512;23107;4508;5018;54534;64981;57129;51258;54516;63931;116541;4513;6150;51250;51253;64963;4706;9801;7818;51081;28957;64979;51073;51642;51069;91574;4528;54471;29088	completed	Reactome_preranked_GSEA_fallback	Mitochondrial translation	112	normal_up	P1 cancer-minus-normal moderated t	20357	0	1	reactome.db_1.95.0__fgsea_1.36.2	MTIF3;MRPL1;MTFMT;KGD4;MRPS18C;MRPL33;MALSU1;MRPS6;MRPL46;MRPL16;MRPL44;MRPS31;MT-ND2;MRPS15;MRPL40;MRPL35;MRPL10;MT-ND4;MT-CO1;MRPS27;MT-ATP6;OXA1L;MRPL50;MRPL34;MRPL47;MRPL51;MTRF1L;MRPS14;MRPL54;MT-CO2;MRPL23;MTRES1;MRPL37;MRPS11;NDUFAB1;MRPL19;DAP3;MRPS7;MRPS28;MRPL36;MRPL4;MRPL48;MRPL2;MTRFR;MTIF2;MIEF1;MRPL15
R-HSA-392851	0.288848263254113	0.49981718464351	0.105520936843198	-0.441451142182586	-1.1459030967619	16	54331;2791;55970	completed	Reactome_preranked_GSEA_fallback	Prostacyclin signalling through prostacyclin receptor	19	normal_up	P1 cancer-minus-normal moderated t	20357	0	1	reactome.db_1.95.0__fgsea_1.36.2	GNG2;GNG11;GNG12
R-HSA-69231	0.291457286432161	0.503058220394904	0.0995791200495904	-0.334526850421748	-1.11984963181544	47	5519;1031;902;1030;1028;7311;894;7316;4331;7029;5934;6233;28227;3717;5516	completed	Reactome_preranked_GSEA_fallback	Cyclin D associated events in G1	47	normal_up	P1 cancer-minus-normal moderated t	20357	0	1	reactome.db_1.95.0__fgsea_1.36.2	PPP2R1B;CDKN2C;CCNH;CDKN2B;CDKN1C;UBA52;CCND2;UBC;MNAT1;TFDP2;RBL2;RPS27A;PPP2R3B;JAK2;PPP2CB
R-HSA-69236	0.291457286432161	0.503058220394904	0.0995791200495904	-0.334526850421748	-1.11984963181544	47	5519;1031;902;1030;1028;7311;894;7316;4331;7029;5934;6233;28227;3717;5516	completed	Reactome_preranked_GSEA_fallback	G1 Phase	47	normal_up	P1 cancer-minus-normal moderated t	20357	0	1	reactome.db_1.95.0__fgsea_1.36.2	PPP2R1B;CDKN2C;CCNH;CDKN2B;CDKN1C;UBA52;CCND2;UBC;MNAT1;TFDP2;RBL2;RPS27A;PPP2R3B;JAK2;PPP2CB
R-HSA-8848021	0.293827160493827	0.505234878484354	0.124434168630393	0.300851271398074	1.1006792023526	54	2065;55620;2064;6421;3845;5753;2066;5770;595;1017;9564;5829;63916;4893;1950;207;387;3265;10657;6774;898	completed	Reactome_preranked_GSEA_fallback	Signaling by PTK6	54	cancer_up	P1 cancer-minus-normal moderated t	20357	0	1	reactome.db_1.95.0__fgsea_1.36.2	ERBB3;STAP2;ERBB2;SFPQ;KRAS;PTK6;ERBB4;PTPN1;CCND1;CDK2;BCAR1;PXN;ELMO2;NRAS;EGF;AKT1;RHOA;HRAS;KHDRBS1;STAT3;CCNE1
R-HSA-9006927	0.293827160493827	0.505234878484354	0.124434168630393	0.300851271398074	1.1006792023526	54	2065;55620;2064;6421;3845;5753;2066;5770;595;1017;9564;5829;63916;4893;1950;207;387;3265;10657;6774;898	completed	Reactome_preranked_GSEA_fallback	Signaling by Non-Receptor Tyrosine Kinases	54	cancer_up	P1 cancer-minus-normal moderated t	20357	0	1	reactome.db_1.95.0__fgsea_1.36.2	ERBB3;STAP2;ERBB2;SFPQ;KRAS;PTK6;ERBB4;PTPN1;CCND1;CDK2;BCAR1;PXN;ELMO2;NRAS;EGF;AKT1;RHOA;HRAS;KHDRBS1;STAT3;CCNE1
R-HSA-6807070	0.293447293447293	0.505234878484354	0.135002033828631	0.254432213361699	1.06722518044006	123	8535;5928;2146;1108;1107;9112;4343;2444;64223;84733;3065;5987;7874;54815;57167;23186;57690;648;23512;5931;23466;23608;8726;6045	completed	Reactome_preranked_GSEA_fallback	PTEN Regulation	126	cancer_up	P1 cancer-minus-normal moderated t	20357	0	1	reactome.db_1.95.0__fgsea_1.36.2	CBX4;RBBP4;EZH2;CHD4;CHD3;MTA1;MOV10;FRK;MLST8;CBX2;HDAC1;TRIM27;USP7;GATAD2A;SALL4;RCOR1;TNRC6C;BMI1;SUZ12;RBBP7;CBX6;MKRN1;EED;RNF2
R-HSA-140837	0.29553264604811	0.507529054205737	0.10027910675413	-0.399378176884815	-1.1157206639798	21	2159;2157;5627;7450;710;3818;3827;2147;2158;2814	completed	Reactome_preranked_GSEA_fallback	Intrinsic Pathway of Fibrin Clot Formation	23	normal_up	P1 cancer-minus-normal moderated t	20357	0	1	reactome.db_1.95.0__fgsea_1.36.2	F10;F8;PROS1;VWF;SERPING1;KLKB1;KNG1;F2;F9;GP5
R-HSA-112315	0.297029702970297	0.509459979875027	0.0886261133285098	-0.251866015634095	-1.07534915294687	252	6854;8536;801;54331;2774;4128;2770;5924;781;2791;6507;217;84617;5577;2752;111;590;3766;6582;5568;83988;7915;112;6812;43;2036;57576;8973;55970;196883;6531;2559;7102	completed	Reactome_preranked_GSEA_fallback	Transmission across Chemical Synapses	271	normal_up	P1 cancer-minus-normal moderated t	20357	0	1	reactome.db_1.95.0__fgsea_1.36.2	SYN2;CAMK1;CALM1;GNG2;GNAL;MAOA;GNAI1;RASGRF2;CACNA2D1;GNG11;SLC1A3;ALDH2;TUBB6;PRKAR2B;GLUL;ADCY5;BCHE;KCNJ10;SLC22A2;PRKACG;NCALD;ALDH5A1;ADCY6;STXBP1;ACHE;EPB41L1;KIF17;CHRNA6;GNG12;ADCY4;SLC6A3;GABRA6;TSPAN7
R-HSA-982772	0.298969072164948	0.511844792139759	0.0995791200495904	-0.398711144913699	-1.11385721375446	21	6776;2690;6777;8660;9021	completed	Reactome_preranked_GSEA_fallback	Growth hormone receptor signaling	24	normal_up	P1 cancer-minus-normal moderated t	20357	0	1	reactome.db_1.95.0__fgsea_1.36.2	STAT5A;GHR;STAT5B;IRS2;SOCS3
R-HSA-428157	0.299168975069252	0.511844792139759	0.131457611642763	0.263593206698763	1.07536792145886	101	8612;414;29956;91012;8706;25865;8879;123099;222;7357;79603;8877;6610;22901;1455;10825;9517;2720;4758;79152;253782;57704;2523	completed	Reactome_preranked_GSEA_fallback	Sphingolipid metabolism	107	cancer_up	P1 cancer-minus-normal moderated t	20357	0	1	reactome.db_1.95.0__fgsea_1.36.2	PLPP2;ARSD;CERS2;CERS5;B3GALNT1;PRKD2;SGPL1;DEGS2;ALDH3B2;UGCG;CERS4;SPHK1;SMPD2;ARSG;CSNK1G2;NEU3;SPTLC2;GLB1;NEU1;FA2H;CERS6;GBA2;FUT1
R-HSA-8853659	0.300675675675676	0.513779560810811	0.0982123351217438	-0.344593669693789	-1.11982205630653	41	5290;9846;5781;2675;1796;8660;5568;9260;6654;53358;64096;9046;85358;5566	completed	Reactome_preranked_GSEA_fallback	RET signaling	41	normal_up	P1 cancer-minus-normal moderated t	20357	0	1	reactome.db_1.95.0__fgsea_1.36.2	PIK3CA;GAB2;PTPN11;GFRA2;DOK1;IRS2;PRKACG;PDLIM7;SOS1;SHC3;GFRA4;DOK2;SHANK3;PRKACA
R-HSA-196807	0.301184433164129	0.514006392178981	0.0982123351217438	-0.367993187621194	-1.10644093756751	29	92014;683;4907;55328;64802;9390;65220;54981;10135;4837;349565;79668	completed	Reactome_preranked_GSEA_fallback	Nicotinate metabolism	29	normal_up	P1 cancer-minus-normal moderated t	20357	0	1	reactome.db_1.95.0__fgsea_1.36.2	SLC25A51;BST1;NT5E;RNLS;NMNAT1;SLC22A13;NADK;NMRK1;NAMPT;NNMT;NMNAT3;PARP8
R-HSA-9629569	0.302245250431779	0.514221575051571	0.0992333343771191	-0.411941882682042	-1.12602631951572	19	51389;4733;444;2107;84864;6194;65094;2158;6228	completed	Reactome_preranked_GSEA_fallback	Protein hydroxylation	20	normal_up	P1 cancer-minus-normal moderated t	20357	0	1	reactome.db_1.95.0__fgsea_1.36.2	RWDD1;DRG1;ASPH;ETF1;RIOX2;RPS6;JMJD4;F9;RPS23
R-HSA-1250196	0.302158273381295	0.514221575051571	0.120433371642259	0.376180873606201	1.11802902009963	22	2065;2064;3845;2066;2885;6464;4893;1950;3265	completed	Reactome_preranked_GSEA_fallback	SHC1 events in ERBB2 signaling	22	cancer_up	P1 cancer-minus-normal moderated t	20357	0	1	reactome.db_1.95.0__fgsea_1.36.2	ERBB3;ERBB2;KRAS;ERBB4;GRB2;SHC1;NRAS;EGF;HRAS
R-HSA-933542	0.302439024390244	0.514221575051571	0.121543282035469	0.35957210928729	1.0924128053963	24	7706;3551;351;4214;89122;23586;7186	completed	Reactome_preranked_GSEA_fallback	TRAF6 mediated NF-kB activation	25	cancer_up	P1 cancer-minus-normal moderated t	20357	0	1	reactome.db_1.95.0__fgsea_1.36.2	TRIM25;IKBKB;APP;MAP3K1;TRIM4;RIGI;TRAF2
R-HSA-1295596	0.30377358490566	0.514570620280096	0.104343952581949	-0.453449375224578	-1.14572779337927	15	5781;10253;7311;7316;6233;5516	completed	Reactome_preranked_GSEA_fallback	Spry regulation of FGF signaling	16	normal_up	P1 cancer-minus-normal moderated t	20357	0	1	reactome.db_1.95.0__fgsea_1.36.2	PTPN11;SPRY2;UBA52;UBC;RPS27A;PPP2CB
R-HSA-2151201	0.303182579564489	0.514570620280096	0.0972150808846466	-0.32247290152672	-1.10576977002754	52	801;55902;5465;6648;10891;7019;84808;23409;506;4208;8648;2551;5442;80205;1386;133522;23410;211;6907;6256	completed	Reactome_preranked_GSEA_fallback	Transcriptional activation of mitochondrial biogenesis	55	normal_up	P1 cancer-minus-normal moderated t	20357	0	1	reactome.db_1.95.0__fgsea_1.36.2	CALM1;ACSS2;PPARA;SOD2;PPARGC1A;TFAM;PERM1;SIRT4;ATP5F1B;MEF2C;NCOA1;GABPA;POLRMT;CHD9;ATF2;PPARGC1B;SIRT3;ALAS1;TBL1X;RXRA
R-HSA-8866654	0.303703703703704	0.514570620280096	0.122107920287081	0.299802134232881	1.08374055572934	52	56852;5111;54623;85236;5194;5591;123169;9810;7322;7320;8347;79139;7415;55829	completed	Reactome_preranked_GSEA_fallback	E3 ubiquitin ligases ubiquitinate target proteins	58	cancer_up	P1 cancer-minus-normal moderated t	20357	0	1	reactome.db_1.95.0__fgsea_1.36.2	RAD18;PCNA;PAF1;H2BC12;PEX13;PRKDC;LEO1;RNF40;UBE2D2;UBE2B;H2BC4;DERL1;VCP;SELENOS
R-HSA-5610780	0.304347826086957	0.514905294877314	0.096887770327544	-0.334545148689358	-1.11305336671424	46	5700;5568;7311;7316;83737;5566;6233;9861;5714;5684;5695;5707;5694;5688;5713;5717;5682;10213;5718	completed	Reactome_preranked_GSEA_fallback	Degradation of GLI1 by the proteasome	47	normal_up	P1 cancer-minus-normal moderated t	20357	0	1	reactome.db_1.95.0__fgsea_1.36.2	PSMC1;PRKACG;UBA52;UBC;ITCH;PRKACA;RPS27A;PSMD6;PSMD8;PSMA3;PSMB7;PSMD1;PSMB6;PSMA7;PSMD7;PSMD11;PSMA1;PSMD14;PSMD12
R-HSA-2426168	0.304878048780488	0.515164762278031	0.120985142145252	0.312633156900941	1.08981476061252	41	6713;3422;6721;4800;23054;10499;1387;1717;5469;3156;2224;10498;6720;3157;9453;85441	completed	Reactome_preranked_GSEA_fallback	Activation of gene expression by SREBF (SREBP)	42	cancer_up	P1 cancer-minus-normal moderated t	20357	0	1	reactome.db_1.95.0__fgsea_1.36.2	SQLE;IDI1;SREBF2;NFYA;NCOA6;NCOA2;CREBBP;DHCR7;MED1;HMGCR;FDPS;CARM1;SREBF1;HMGCS1;GGPS1;HELZ2
R-HSA-1483191	0.306372549019608	0.517050956184943	0.120985142145252	0.347456670011237	1.08926233349889	28	23446;10809;1119;79888;57153;80736	completed	Reactome_preranked_GSEA_fallback	Synthesis of PC	28	cancer_up	P1 cancer-minus-normal moderated t	20357	0	1	reactome.db_1.95.0__fgsea_1.36.2	SLC44A1;STARD10;CHKA;LPCAT1;SLC44A2;SLC44A4
R-HSA-9933946	0.310185185185185	0.522105636704289	0.116234148779716	0.388637179990942	1.09451956295615	18	6599;86;6603;8289;5977;9274;53335;64919	completed	Reactome_preranked_GSEA_fallback	Formation of the embryonic stem cell BAF (esBAF) complex	19	cancer_up	P1 cancer-minus-normal moderated t	20357	0	1	reactome.db_1.95.0__fgsea_1.36.2	SMARCC1;ACTL6A;SMARCD2;ARID1A;DPF2;BCL7C;BCL11A;BCL11B
R-HSA-442742	0.309756097560976	0.522105636704289	0.119887845115423	0.349231738731881	1.08815742020062	27	1741;818;5170;3845;6195	completed	Reactome_preranked_GSEA_fallback	CREB1 phosphorylation through NMDA receptor-mediated activation of RAS signaling	29	cancer_up	P1 cancer-minus-normal moderated t	20357	0	1	reactome.db_1.95.0__fgsea_1.36.2	DLG3;CAMK2G;PDPK1;KRAS;RPS6KA1
R-HSA-9733709	0.310513447432763	0.522105636704289	0.119887845115423	0.347749076412863	1.07234151646894	26	8861;51176;2648;4086;11091	completed	Reactome_preranked_GSEA_fallback	Cardiogenesis	27	cancer_up	P1 cancer-minus-normal moderated t	20357	0	1	reactome.db_1.95.0__fgsea_1.36.2	LDB1;LEF1;KAT2A;SMAD1;WDR5
R-HSA-5260271	0.3125	0.523514093137255	0.0959206777921745	-0.361412835404608	-1.11063629603063	32	948;6271;7099;7098;23643;929;2243;4792;3146;81793;695;51135;114609;1147;51284;7096	completed	Reactome_preranked_GSEA_fallback	Diseases of Immune System	34	normal_up	P1 cancer-minus-normal moderated t	20357	0	1	reactome.db_1.95.0__fgsea_1.36.2	CD36;S100A1;TLR4;TLR3;LY96;CD14;FGA;NFKBIA;HMGB1;TLR10;BTK;IRAK4;TIRAP;CHUK;TLR7;TLR1
R-HSA-5602358	0.3125	0.523514093137255	0.0959206777921745	-0.361412835404608	-1.11063629603063	32	948;6271;7099;7098;23643;929;2243;4792;3146;81793;695;51135;114609;1147;51284;7096	completed	Reactome_preranked_GSEA_fallback	Diseases associated with the TLR signaling cascade	34	normal_up	P1 cancer-minus-normal moderated t	20357	0	1	reactome.db_1.95.0__fgsea_1.36.2	CD36;S100A1;TLR4;TLR3;LY96;CD14;FGA;NFKBIA;HMGB1;TLR10;BTK;IRAK4;TIRAP;CHUK;TLR7;TLR1
R-HSA-9706574	0.31219512195122	0.523514093137255	0.119348440591015	0.332061378848297	1.08651172431319	32	4646;79869;124540;3326;55023;27316;29766;908;10574;6434;10576;5930;2873;10250;23013;5756	completed	Reactome_preranked_GSEA_fallback	RHOBTB GTPase Cycle	34	cancer_up	P1 cancer-minus-normal moderated t	20357	0	1	reactome.db_1.95.0__fgsea_1.36.2	MYO6;CPSF7;MSI2;HSP90AB1;PHIP;RBMX;TMOD3;CCT6A;CCT7;TRA2B;CCT2;RBBP6;GPS1;SRRM1;SPEN;TWF1
R-HSA-9820448	0.312903225806452	0.523547992261223	0.0931454575337804	-0.292823154355537	-1.0826010762045	80	2247;3910;64321;6035;8671;301;1358;3908;2252;1357;342898;11330;50509;1506;5267;10413;2626;343;64714;3915	completed	Reactome_preranked_GSEA_fallback	Developmental Cell Lineages of the Exocrine Pancreas	84	normal_up	P1 cancer-minus-normal moderated t	20357	0	1	reactome.db_1.95.0__fgsea_1.36.2	FGF2;LAMA4;SOX17;RNASE1;SLC4A4;ANXA1;CPA2;LAMA2;FGF7;CPA1;SYCN;CTRC;COL5A3;CTRL;SERPINA4;YAP1;GATA4;AQP8;PDIA2;LAMC1
R-HSA-8854050	0.315878378378378	0.527732888027006	0.0952879846194844	-0.340599371946995	-1.10684183319248	41	5700;7311;7316;6790;6233;9861;5714;5684;5695;5707;5694;5688;5713;5717;5682;10213;5718	completed	Reactome_preranked_GSEA_fallback	FBXL7 down-regulates AURKA during mitotic entry and in early mitosis	42	normal_up	P1 cancer-minus-normal moderated t	20357	0	1	reactome.db_1.95.0__fgsea_1.36.2	PSMC1;UBA52;UBC;AURKA;RPS27A;PSMD6;PSMD8;PSMA3;PSMB7;PSMD1;PSMB6;PSMA7;PSMD7;PSMD11;PSMA1;PSMD14;PSMD12
R-HSA-76071	0.316176470588235	0.527732888027006	0.118815039412263	0.345194072079966	1.08216918228005	28	5437;9533;5451;6621;55718;11128;27297;6908;171568	completed	Reactome_preranked_GSEA_fallback	RNA Polymerase III Transcription Initiation From Type 3 Promoter	28	cancer_up	P1 cancer-minus-normal moderated t	20357	0	1	reactome.db_1.95.0__fgsea_1.36.2	POLR2H;POLR1C;POU2F1;SNAPC4;POLR3E;POLR3A;CRCP;TBP;POLR3H
R-HSA-975138	0.316614420062696	0.527819405153299	0.0908241419007155	-0.280683636521306	-1.06624814941048	96	5519;6285;3725;5602;57161;2353;7099;28512;79671;3656;7311;23643;1848;1845;7316;5604;6233;5608;4208;6197;929;1386;841;5516	completed	Reactome_preranked_GSEA_fallback	TRAF6 mediated induction of NFkB and MAP kinases upon TLR7/8 or 9 activation	102	normal_up	P1 cancer-minus-normal moderated t	20357	0	1	reactome.db_1.95.0__fgsea_1.36.2	PPP2R1B;S100B;JUN;MAPK10;PELI2;FOS;TLR4;NKIRAS1;NLRX1;IRAK2;UBA52;LY96;DUSP6;DUSP3;UBC;MAP2K1;RPS27A;MAP2K6;MEF2C;RPS6KA3;CD14;ATF2;CASP8;PPP2CB
R-HSA-1181150	0.317789291882556	0.529132718640017	0.096240602328129	-0.408778310408074	-1.11737882385205	19	130399;4087;92;8928;7044	completed	Reactome_preranked_GSEA_fallback	Signaling by NODAL	23	normal_up	P1 cancer-minus-normal moderated t	20357	0	1	reactome.db_1.95.0__fgsea_1.36.2	ACVR1C;SMAD2;ACVR2A;FOXH1;LEFTY2
R-HSA-6804115	0.319047619047619	0.530581624377245	0.116234148779716	0.373009739832248	1.09183127908539	21	55571;9125;10769;4849;57472;55835;7157;85456;1263;246175;4850	completed	Reactome_preranked_GSEA_fallback	TP53 regulates transcription of additional cell cycle genes whose exact role in the p53 pathway remain uncertain	21	cancer_up	P1 cancer-minus-normal moderated t	20357	0	1	reactome.db_1.95.0__fgsea_1.36.2	CNOT11;CNOT9;PLK2;CNOT3;CNOT6;CPAP;TP53;TNKS1BP1;PLK3;CNOT6L;CNOT4
R-HSA-525793	0.320945945945946	0.533090046303898	0.0943563635421779	-0.370606533741486	-1.09823239832807	27	663;50937;91653;5608;4208;1002;6929;4205;998;6925;1496;4656;4654;1432	completed	Reactome_preranked_GSEA_fallback	Myogenesis	30	normal_up	P1 cancer-minus-normal moderated t	20357	0	1	reactome.db_1.95.0__fgsea_1.36.2	BNIP2;CDON;BOC;MAP2K6;MEF2C;CDH4;TCF3;MEF2A;CDC42;TCF4;CTNNA2;MYOG;MYOD1;MAPK14
R-HSA-449836	0.323741007194245	0.533840719945154	0.115734447701689	0.370215905969605	1.10030082765396	22	6382;6809;6804;6813;200081;7297;163702	completed	Reactome_preranked_GSEA_fallback	Other interleukin signaling	23	cancer_up	P1 cancer-minus-normal moderated t	20357	0	1	reactome.db_1.95.0__fgsea_1.36.2	SDC1;STX3;STX1A;STXBP2;TXLNA;TYK2;IFNLR1
R-HSA-1482788	0.323679727427598	0.533840719945154	0.0943563635421779	-0.378401439908197	-1.09885489344039	25	5320;5321;11145	completed	Reactome_preranked_GSEA_fallback	Acyl chain remodelling of PC	27	normal_up	P1 cancer-minus-normal moderated t	20357	0	1	reactome.db_1.95.0__fgsea_1.36.2	PLA2G2A;PLA2G4A;PLAAT3
R-HSA-9013507	0.32289156626506	0.533840719945154	0.116234148779716	0.347601024439902	1.07133306336889	25	54492;10460;3714;55851;23385;102;142678;5664;1950;51107	completed	Reactome_preranked_GSEA_fallback	NOTCH3 Activation and Transmission of Signal to the Nucleus	25	cancer_up	P1 cancer-minus-normal moderated t	20357	0	1	reactome.db_1.95.0__fgsea_1.36.2	NEURL1B;TACC3;JAG2;PSENEN;NCSTN;ADAM10;MIB2;PSEN2;EGF;APH1A
R-HSA-3928663	0.323529411764706	0.533840719945154	0.117249716749792	0.340394556128399	1.06712289767455	28	1942;1945;4627;284656;25791;1944	completed	Reactome_preranked_GSEA_fallback	EPHA-mediated growth cone collapse	28	cancer_up	P1 cancer-minus-normal moderated t	20357	0	1	reactome.db_1.95.0__fgsea_1.36.2	EFNA1;EFNA4;MYH9;EPHA10;NGEF;EFNA3
R-HSA-8856828	0.322869955156951	0.533840719945154	0.0870515867946735	-0.266388799928965	-1.06652766158876	142	338;154;8322;274;30011;157;11037;9341;1956;6453;50618;1601;2060;8301;7311;408;8533;127833;1839;3267;7316;9322;51138;3482;3949;185;7018;6233	completed	Reactome_preranked_GSEA_fallback	Clathrin-mediated endocytosis	146	normal_up	P1 cancer-minus-normal moderated t	20357	0	1	reactome.db_1.95.0__fgsea_1.36.2	APOB;ADRB2;FZD4;BIN1;SH3KBP1;GRK3;STON1;VAMP3;EGFR;ITSN1;ITSN2;DAB2;EPS15;PICALM;UBA52;ARRB1;COPS3;SYT2;HBEGF;AGFG1;UBC;TRIP10;COPS4;IGF2R;LDLR;AGTR1;TF;RPS27A
R-HSA-9920588	0.323529411764706	0.533840719945154	0.117249716749792	0.339834736436707	1.06536788602463	28	7706;8241;54623;3326;123169;340061;5371;23352;9641	completed	Reactome_preranked_GSEA_fallback	Dengue virus activates/modulates innate and adaptive immune responses	32	cancer_up	P1 cancer-minus-normal moderated t	20357	0	1	reactome.db_1.95.0__fgsea_1.36.2	TRIM25;RBM10;PAF1;HSP90AB1;LEO1;STING1;PML;UBR4;IKBKE
R-HSA-1614558	0.324528301886792	0.533851009240969	0.10027910675413	-0.445772241226191	-1.12633002534597	15	1036;1491;4357;7263;339896;25828;2326	completed	Reactome_preranked_GSEA_fallback	Degradation of cysteine and homocysteine	15	normal_up	P1 cancer-minus-normal moderated t	20357	0	1	reactome.db_1.95.0__fgsea_1.36.2	CDO1;CTH;MPST;TST;GADL1;TXN2;FMO1
R-HSA-9031628	0.32436974789916	0.533851009240969	0.0934449219410994	-0.344915966638251	-1.09684686290077	38	2354;2353;2152;1958;4664;3727;3400;1960;1959;3726;3397;1386	completed	Reactome_preranked_GSEA_fallback	NGF-stimulated transcription	39	normal_up	P1 cancer-minus-normal moderated t	20357	0	1	reactome.db_1.95.0__fgsea_1.36.2	FOSB;FOS;F3;EGR1;NAB1;JUND;ID4;EGR3;EGR2;JUNB;ID1;ATF2
R-HSA-9734009	0.32541567695962	0.534667344235337	0.114750719227023	0.361374336381438	1.08670753955174	23	823;351;994;10018;993;2801;8851;1020;7001;7157;5052	completed	Reactome_preranked_GSEA_fallback	Defective Intrinsic Pathway for Apoptosis	23	cancer_up	P1 cancer-minus-normal moderated t	20357	0	1	reactome.db_1.95.0__fgsea_1.36.2	CAPN1;APP;CDC25B;BCL2L11;CDC25A;GOLGA2;CDK5R1;CDK5;PRDX2;TP53;PRDX1
R-HSA-186763	0.326565143824027	0.535911826659598	0.0934449219410994	-0.360870227917821	-1.0850244155297	29	6776;5290;6777;5781;1398;6654;5156	completed	Reactome_preranked_GSEA_fallback	Downstream signal transduction	29	normal_up	P1 cancer-minus-normal moderated t	20357	0	1	reactome.db_1.95.0__fgsea_1.36.2	STAT5A;PIK3CA;STAT5B;PTPN11;CRK;SOS1;PDGFRA
R-HSA-5654704	0.328070175438597	0.537092131526421	0.0952879846194844	-0.410514811147454	-1.10290014062735	18	2247;2246;2250;6654;8817;8074	completed	Reactome_preranked_GSEA_fallback	SHC-mediated cascade:FGFR3	18	normal_up	P1 cancer-minus-normal moderated t	20357	0	1	reactome.db_1.95.0__fgsea_1.36.2	FGF2;FGF1;FGF5;SOS1;FGF18;FGF23
R-HSA-912694	0.328070175438597	0.537092131526421	0.0952879846194844	-0.410503761215396	-1.10287045358248	18	5781;9021;3440;3716	completed	Reactome_preranked_GSEA_fallback	Regulation of IFNA/IFNB signaling	26	normal_up	P1 cancer-minus-normal moderated t	20357	0	1	reactome.db_1.95.0__fgsea_1.36.2	PTPN11;SOCS3;IFNA2;JAK1
R-HSA-4641257	0.329391891891892	0.538031990346156	0.0928481214159878	-0.336943936475836	-1.09496280688986	41	5700;7311;7316;6233;9861;5714;5684;5695;81847;5707;5694;5688;5713;5717;5682;10213;5718	completed	Reactome_preranked_GSEA_fallback	Degradation of AXIN	42	normal_up	P1 cancer-minus-normal moderated t	20357	0	1	reactome.db_1.95.0__fgsea_1.36.2	PSMC1;UBA52;UBC;RPS27A;PSMD6;PSMD8;PSMA3;PSMB7;RNF146;PSMD1;PSMB6;PSMA7;PSMD7;PSMD11;PSMA1;PSMD14;PSMD12
R-HSA-72649	0.32943143812709	0.538031990346156	0.0922597260527354	-0.318573623119408	-1.08478564240163	51	6224;6230;1965;26986;51386;51065;8665;6207;6233;1975;8669;1974;6189;8668;6201;6194;6228;8661;6235;10480;6209;6217	completed	Reactome_preranked_GSEA_fallback	Translation initiation complex formation	59	normal_up	P1 cancer-minus-normal moderated t	20357	0	1	reactome.db_1.95.0__fgsea_1.36.2	RPS20;RPS25;EIF2S1;PABPC1;EIF3L;RPS27L;EIF3F;RPS13;RPS27A;EIF4B;EIF3J;EIF4A2;RPS3A;EIF3I;RPS7;RPS6;RPS23;EIF3A;RPS29;EIF3M;RPS15;RPS16
R-HSA-380972	0.333333333333333	0.54310687326182	0.0922597260527354	-0.35870873502531	-1.07852547939994	29	58528;55437;64121;81617;7248;5494;10542	completed	Reactome_preranked_GSEA_fallback	Energy dependent regulation of mTOR by LKB1-AMPK	29	normal_up	P1 cancer-minus-normal moderated t	20357	0	1	reactome.db_1.95.0__fgsea_1.36.2	RRAGD;STRADB;RRAGC;CAB39L;TSC1;PPM1A;LAMTOR5
R-HSA-8868773	0.333333333333333	0.54310687326182	0.130105630751129	0.234317927395306	1.04949516891997	173	6229;6134;1736;1453;6168;55226;6129;51013;9277;54512;4839;51602;54433;57647;6132;23246;26354;25926;6227;10528;11056;116832;51077;54881;54555;27340;10969;8602;8568;10557;55651;10607;56915;10799;2091;51096	completed	Reactome_preranked_GSEA_fallback	rRNA processing in the nucleus and cytosol	196	cancer_up	P1 cancer-minus-normal moderated t	20357	0	1	reactome.db_1.95.0__fgsea_1.36.2	RPS24;RPL10;DKC1;CSNK1D;RPL37A;NAT10;RPL7;EXOSC1;WDR46;EXOSC4;NOP2;NOP58;GAR1;DHX37;RPL8;BOP1;GNL3;NOL11;RPS21;NOP56;DDX52;RPL39L;FCF1;TEX10;DDX49;UTP20;EBNA1BP2;NOP14;RRP1;RPP38;NHP2;TBL3;EXOSC5;RPP40;FBL;UTP18
R-HSA-9833110	0.334239130434783	0.543934394409938	0.122107920287081	0.262792268500257	1.05220354439834	90	6382;6385;7706;9636;10025;3661;9439;51003;55588;23097;219541;4939;1387;2817;5469;9477;23389;9246;1524;23586;7297;2033	completed	Reactome_preranked_GSEA_fallback	RSV-host interactions	100	cancer_up	P1 cancer-minus-normal moderated t	20357	0	1	reactome.db_1.95.0__fgsea_1.36.2	SDC1;SDC4;TRIM25;ISG15;MED16;IRF3;MED23;MED31;MED29;CDK19;MED19;OAS2;CREBBP;GPC1;MED1;MED20;MED13L;UBE2L6;CX3CR1;RIGI;TYK2;EP300
R-HSA-380108	0.336120401337793	0.54440354102934	0.0911073131586733	-0.313108499948724	-1.08217434892941	53	51554;3579;57007;6387;6347;6375;6360;6372;6374;6357;6346;6351;3577;2826;5473;1230;2829;10850;9034;1237	completed	Reactome_preranked_GSEA_fallback	Chemokine receptors bind chemokines	59	normal_up	P1 cancer-minus-normal moderated t	20357	0	1	reactome.db_1.95.0__fgsea_1.36.2	ACKR4;CXCR2;ACKR3;CXCL12;CCL2;XCL1;CCL16;CXCL6;CXCL5;CCL13;CCL1;CCL4;CXCR1;CCR10;PPBP;CCR1;XCR1;CCL27;CCRL2;CCR8
R-HSA-72662	0.33500837520938	0.54440354102934	0.0913924325943768	-0.314512851587586	-1.07847450723513	52	6224;6230;1965;26986;51386;51065;8665;6207;6233;1975;8669;1974;6189;8668;6201;6194;6228;8661;6235;10480;6209;6217	completed	Reactome_preranked_GSEA_fallback	Activation of the mRNA upon binding of the cap-binding complex and eIFs, and subsequent binding to 43S	60	normal_up	P1 cancer-minus-normal moderated t	20357	0	1	reactome.db_1.95.0__fgsea_1.36.2	RPS20;RPS25;EIF2S1;PABPC1;EIF3L;RPS27L;EIF3F;RPS13;RPS27A;EIF4B;EIF3J;EIF4A2;RPS3A;EIF3I;RPS7;RPS6;RPS23;EIF3A;RPS29;EIF3M;RPS15;RPS16
R-HSA-432722	0.335802469135802	0.54440354102934	0.115240003147781	0.294577178401667	1.07772512393811	54	10053;7163;375;8673;2580;8905;1174;9026;64746;7164;164;25977;7037;8775;9829;1213	completed	Reactome_preranked_GSEA_fallback	Golgi Associated Vesicle Biogenesis	56	cancer_up	P1 cancer-minus-normal moderated t	20357	0	1	reactome.db_1.95.0__fgsea_1.36.2	AP1M2;TPD52;ARF1;VAMP8;GAK;AP1S2;AP1S1;HIP1R;ACBD3;TPD52L1;AP1G1;NECAP1;TFRC;NAPA;DNAJC6;CLTC
R-HSA-156580	0.335526315789474	0.54440354102934	0.0902635484340068	-0.291928874755538	-1.07136638364427	77	54988;10249;2948;27306;2098;2949;84836;8460;2729;2730;494143;7366;2950;27430;2947;7363;2941;373156;8459;4837;7360	completed	Reactome_preranked_GSEA_fallback	Phase II - Conjugation of compounds	105	normal_up	P1 cancer-minus-normal moderated t	20357	0	1	reactome.db_1.95.0__fgsea_1.36.2	ACSM5;GLYAT;GSTM4;HPGDS;ESD;GSTM5;ABHD14B;TPST1;GCLC;GCLM;CHAC2;UGT2B15;GSTP1;MAT2B;GSTM3;UGT2B4;GSTA4;GSTK1;TPST2;NNMT;UGP2
R-HSA-2173789	0.341137123745819	0.55032990366528	0.0902635484340068	-0.324784123009616	-1.0805778023906	46	2200;23645;7048;4087;7311;7049;7316;9372;6233;5500;5501;3693;11171;9958;8425;8516;4054;3690	completed	Reactome_preranked_GSEA_fallback	TGF-beta receptor signaling activates SMADs	47	normal_up	P1 cancer-minus-normal moderated t	20357	0	1	reactome.db_1.95.0__fgsea_1.36.2	FBN1;PPP1R15A;TGFBR2;SMAD2;UBA52;TGFBR3;UBC;ZFYVE9;RPS27A;PPP1CB;PPP1CC;ITGB5;STRAP;USP15;LTBP4;ITGA8;LTBP3;ITGB3
R-HSA-198725	0.340531561461794	0.55032990366528	0.0899860794997137	-0.306792327608609	-1.08040567163896	59	5519;2354;2353;2152;1958;1848;1845;4664;3727;3400;4208;1960;6197;1959;3726;3397;1386;5516;4205	completed	Reactome_preranked_GSEA_fallback	Nuclear Events (kinase and transcription factor activation)	61	normal_up	P1 cancer-minus-normal moderated t	20357	0	1	reactome.db_1.95.0__fgsea_1.36.2	PPP2R1B;FOSB;FOS;F3;EGR1;DUSP6;DUSP3;NAB1;JUND;ID4;MEF2C;EGR3;RPS6KA3;EGR2;JUNB;ID1;ATF2;PPP2CB;MEF2A
R-HSA-1660661	0.340632603406326	0.55032990366528	0.11331290842208	0.322158357030308	1.07634317612566	35	29956;91012;25865;123099;79603;8877;1455;9517;79152;253782	completed	Reactome_preranked_GSEA_fallback	Sphingolipid de novo biosynthesis	37	cancer_up	P1 cancer-minus-normal moderated t	20357	0	1	reactome.db_1.95.0__fgsea_1.36.2	CERS2;CERS5;PRKD2;DEGS2;CERS4;SPHK1;CSNK1G2;SPTLC2;FA2H;CERS6
R-HSA-1632852	0.341389728096677	0.55032990366528	0.0845557442441281	-0.266313298265637	-1.05519026887327	131	440738;23710;58528;7431;123;84617;2034;64121;65018;1459;81631;7332;10133;7311;7405;56993;7416;84749;1783;7316;25978;29082;7280;7417;7248;6233;11337;10542;115201;1068;10382;11345;5830;11152;51807;8897;9927;1080;83734;9474;401505;84557;10325;11315;1780;5289;84938	completed	Reactome_preranked_GSEA_fallback	Macroautophagy	145	normal_up	P1 cancer-minus-normal moderated t	20357	0	1	reactome.db_1.95.0__fgsea_1.36.2	MAP1LC3C;GABARAPL1;RRAGD;VIM;PLIN2;TUBB6;EPAS1;RRAGC;PINK1;CSNK2A2;MAP1LC3B;UBE2L3;OPTN;UBA52;UVRAG;TOMM22;VDAC1;USP30;DYNC1LI2;UBC;CHMP2B;CHMP4A;TUBB2A;VDAC2;TSC1;RPS27A;GABARAP;LAMTOR5;ATG4A;CETN1;TUBB4A;GABARAPL2;PEX5;WDR45;TUBA8;MTMR3;MFN2;CFTR;ATG10;ATG5;TOMM5;MAP1LC3A;RRAGB;PARK7;DYNC1I1;PIK3C3;ATG4C
R-HSA-9937080	0.342105263157895	0.55083379827661	0.0928481214159878	-0.406003327507036	-1.09077946725251	18	2247;64321;2252	completed	Reactome_preranked_GSEA_fallback	Developmental Lineage of Multipotent Pancreatic Progenitor Cells	18	normal_up	P1 cancer-minus-normal moderated t	20357	0	1	reactome.db_1.95.0__fgsea_1.36.2	FGF2;SOX17;FGF7
R-HSA-6811436	0.346633416458853	0.557468094469708	0.11378726182188	0.302192423950204	1.06517363460568	44	5050;22931;84516;832;636;7277;2590;140735	completed	Reactome_preranked_GSEA_fallback	COPI-independent Golgi-to-ER retrograde traffic	53	cancer_up	P1 cancer-minus-normal moderated t	20357	0	1	reactome.db_1.95.0__fgsea_1.36.2	PAFAH1B3;RAB18;DCTN5;CAPZB;BICD1;TUBA4A;GALNT2;DYNLL2
R-HSA-6781827	0.347043701799486	0.557472080328904	0.115734447701689	0.270644106592201	1.04746769793643	74	3978;5424;5437;27339;3980;5983;5427;5111;5984;5426;7874;64708;5430;7515;5433	completed	Reactome_preranked_GSEA_fallback	Transcription-Coupled Nucleotide Excision Repair (TC-NER)	77	cancer_up	P1 cancer-minus-normal moderated t	20357	0	1	reactome.db_1.95.0__fgsea_1.36.2	LIG1;POLD1;POLR2H;PRPF19;LIG3;RFC3;POLE2;PCNA;RFC4;POLE;USP7;COPS7B;POLR2A;XRCC1;POLR2D
R-HSA-190861	0.347972972972973	0.558308748889735	0.0897104652742981	-0.362600039600406	-1.07450645055811	27	84617;127534;2701;125111;7280;2703;57369;10382;51807;2700;57165;10052	completed	Reactome_preranked_GSEA_fallback	Gap junction assembly	38	normal_up	P1 cancer-minus-normal moderated t	20357	0	1	reactome.db_1.95.0__fgsea_1.36.2	TUBB6;GJB4;GJA4;GJD3;TUBB2A;GJA8;GJD2;TUBB4A;TUBA8;GJA3;GJC2;GJC1
R-HSA-8862803	0.349282296650718	0.558850444011263	0.110564716336619	0.375565719321725	1.08176096822368	20	823;351;994;10018;993;2801;8851;1020;7001	completed	Reactome_preranked_GSEA_fallback	Deregulated CDK5 triggers multiple neurodegenerative pathways in Alzheimer's disease models	20	cancer_up	P1 cancer-minus-normal moderated t	20357	0	1	reactome.db_1.95.0__fgsea_1.36.2	CAPN1;APP;CDC25B;BCL2L11;CDC25A;GOLGA2;CDK5R1;CDK5;PRDX2
R-HSA-8863678	0.349282296650718	0.558850444011263	0.110564716336619	0.375565719321725	1.08176096822368	20	823;351;994;10018;993;2801;8851;1020;7001	completed	Reactome_preranked_GSEA_fallback	Neurodegenerative Diseases	20	cancer_up	P1 cancer-minus-normal moderated t	20357	0	1	reactome.db_1.95.0__fgsea_1.36.2	CAPN1;APP;CDC25B;BCL2L11;CDC25A;GOLGA2;CDK5R1;CDK5;PRDX2
R-HSA-1912420	0.349537037037037	0.558850444011263	0.108394255853397	0.379375183427888	1.06843498599794	18	488;489;5870;3955	completed	Reactome_preranked_GSEA_fallback	Pre-NOTCH Processing in Golgi	18	cancer_up	P1 cancer-minus-normal moderated t	20357	0	1	reactome.db_1.95.0__fgsea_1.36.2	ATP2A2;ATP2A3;RAB6A;LFNG
R-HSA-168643	0.350617283950617	0.559922695280951	0.112378519110475	0.291697560599886	1.0671899003028	54	5603;598;835;29108;3551;351;64127;3326;257397;1540;3654	completed	Reactome_preranked_GSEA_fallback	Nucleotide-binding domain, leucine rich repeat containing receptor (NLR) signaling pathways	60	cancer_up	P1 cancer-minus-normal moderated t	20357	0	1	reactome.db_1.95.0__fgsea_1.36.2	MAPK13;BCL2L1;CASP2;PYCARD;IKBKB;APP;NOD2;HSP90AB1;TAB3;CYLD;IRAK1
R-HSA-5578749	0.351485148514851	0.560653673301986	0.112378519110475	0.290499956978926	1.05617981101985	53	5437;3014;8349;8357;85236;8334;5430;8365;5433;8337;8347;3020;3021;5431	completed	Reactome_preranked_GSEA_fallback	Transcriptional regulation by small RNAs	76	cancer_up	P1 cancer-minus-normal moderated t	20357	0	1	reactome.db_1.95.0__fgsea_1.36.2	POLR2H;H2AX;H2BC21;H3C10;H2BC12;H2AC6;POLR2A;H4C8;POLR2D;H2AC18;H2BC4;H3-3A;H3-3B;POLR2B
R-HSA-9612973	0.352409638554217	0.560819529573474	0.0826646449123753	-0.262690247403712	-1.05377628187103	146	440738;23710;58528;6035;7431;123;84617;2034;64121;65018;1459;2670;81631;1915;7332;10133;7311;7405;56993;7416;84749;1783;7316;25978;29082;7280;7417	completed	Reactome_preranked_GSEA_fallback	Autophagy	160	normal_up	P1 cancer-minus-normal moderated t	20357	0	1	reactome.db_1.95.0__fgsea_1.36.2	MAP1LC3C;GABARAPL1;RRAGD;RNASE1;VIM;PLIN2;TUBB6;EPAS1;RRAGC;PINK1;CSNK2A2;GFAP;MAP1LC3B;EEF1A1;UBE2L3;OPTN;UBA52;UVRAG;TOMM22;VDAC1;USP30;DYNC1LI2;UBC;CHMP2B;CHMP4A;TUBB2A;VDAC2
R-HSA-9013149	0.35207100591716	0.560819529573474	0.0817515582532145	-0.254544325933658	-1.04708266963365	182	57569;10810;139818;10395;80243;10979;5924;143872;57514;5290;79658;857;9341;5337;55200;4162;9459;22899;57584;23344;57572	completed	Reactome_preranked_GSEA_fallback	RAC1 GTPase cycle	185	normal_up	P1 cancer-minus-normal moderated t	20357	0	1	reactome.db_1.95.0__fgsea_1.36.2	ARHGAP20;WASF3;DOCK11;DLC1;PREX2;FERMT2;RASGRF2;ARHGAP42;ARHGAP31;PIK3CA;ARHGAP10;CAV1;VAMP3;PLD1;PLEKHG6;MCAM;ARHGEF6;ARHGEF15;ARHGAP21;ESYT1;DOCK6
R-HSA-180534	0.352941176470588	0.560868302782407	0.0886261133285098	-0.338297346319639	-1.07579937993279	38	5700;7311;7316;6233;9861;5714;5684;5695;5707;5694;5688;5713;5717;5682;10213;5718	completed	Reactome_preranked_GSEA_fallback	Vpu mediated degradation of CD4	40	normal_up	P1 cancer-minus-normal moderated t	20357	0	1	reactome.db_1.95.0__fgsea_1.36.2	PSMC1;UBA52;UBC;RPS27A;PSMD6;PSMD8;PSMA3;PSMB7;PSMD1;PSMB6;PSMA7;PSMD7;PSMD11;PSMA1;PSMD14;PSMD12
R-HSA-9013423	0.353260869565217	0.560868302782407	0.118287526124085	0.260072756694273	1.0412750516016	91	5296;7410;29127;10152;10298;9743;80728;81839;57580;7112;55971;7074;10811;397;23592;10652;7204;10458;392;5058;23380;7037;116984;27;28964	completed	Reactome_preranked_GSEA_fallback	RAC3 GTPase cycle	93	cancer_up	P1 cancer-minus-normal moderated t	20357	0	1	reactome.db_1.95.0__fgsea_1.36.2	PIK3R2;VAV2;RACGAP1;ABI2;PAK4;ARHGAP32;ARHGAP39;VANGL1;PREX1;TMPO;BAIAP2L1;TIAM1;NOXA1;ARHGDIB;LEMD3;YKT6;TRIO;BAIAP2;ARHGAP1;PAK1;SRGAP2;TFRC;ARAP2;ABL2;GIT1
R-HSA-9772572	0.357021996615905	0.565717596424433	0.0883594442500905	-0.341899599992305	-1.07407095303245	36	2719;23479;10082;6383;85437;8829;81631;7405;25978;29082	completed	Reactome_preranked_GSEA_fallback	Early SARS-CoV-2 Infection Events	44	normal_up	P1 cancer-minus-normal moderated t	20357	0	1	reactome.db_1.95.0__fgsea_1.36.2	GPC3;ISCU;GPC6;SDC2;ZCRB1;NRP1;MAP1LC3B;UVRAG;CHMP2B;CHMP4A
R-HSA-167172	0.357142857142857	0.565717596424433	0.11331290842208	0.279056844761809	1.05988965388364	66	5437;6874;904;7469;6873;905;6749;5430;6882;25920;1025;51616;5433;6908;6829;2068;2960;6878;2968;6872;5431;8731;6917;1022;11198	completed	Reactome_preranked_GSEA_fallback	Transcription of the HIV genome	72	cancer_up	P1 cancer-minus-normal moderated t	20357	0	1	reactome.db_1.95.0__fgsea_1.36.2	POLR2H;TAF4;CCNT1;NELFA;TAF2;CCNT2;SSRP1;POLR2A;TAF11;NELFB;CDK9;TAF9B;POLR2D;TBP;SUPT5H;ERCC2;GTF2E1;TAF6;GTF2H4;TAF1;POLR2B;RNMT;TCEA1;CDK7;SUPT16H
R-HSA-68867	0.357954545454545	0.566347064393939	0.120433371642259	0.252394386735572	1.03687655807537	108	51433;4171;11065;4999;3014;8349;8357;85236;8334;4176;29882;64682;5001;8365;4173;51053;4174;8337;51434;8347;3020;4172;5709;3021	completed	Reactome_preranked_GSEA_fallback	Assembly of the pre-replicative complex	132	cancer_up	P1 cancer-minus-normal moderated t	20357	0	1	reactome.db_1.95.0__fgsea_1.36.2	ANAPC5;MCM2;UBE2C;ORC2;H2AX;H2BC21;H3C10;H2BC12;H2AC6;MCM7;ANAPC2;ANAPC1;ORC5;H4C8;MCM4;GMNN;MCM5;H2AC18;ANAPC7;H2BC4;H3-3A;MCM3;PSMD3;H3-3B
R-HSA-5655302	0.358803986710964	0.566944910130671	0.0870515867946735	-0.338357642881275	-1.07384157986639	37	2247;6776;5290;9846;6777;2246;2250;6654;2260;8074	completed	Reactome_preranked_GSEA_fallback	Signaling by FGFR1 in disease	37	normal_up	P1 cancer-minus-normal moderated t	20357	0	1	reactome.db_1.95.0__fgsea_1.36.2	FGF2;STAT5A;PIK3CA;GAB2;STAT5B;FGF1;FGF5;SOS1;FGFR1;FGF23
R-HSA-2173788	0.359190556492412	0.566944910130671	0.0878312634480124	-0.364266639180239	-1.07109501946941	26	23645;7048;4087;7311;7316;9372;6233;5500;5501;11171;9958	completed	Reactome_preranked_GSEA_fallback	Downregulation of TGF-beta receptor signaling	26	normal_up	P1 cancer-minus-normal moderated t	20357	0	1	reactome.db_1.95.0__fgsea_1.36.2	PPP1R15A;TGFBR2;SMAD2;UBA52;UBC;ZFYVE9;RPS27A;PPP1CB;PPP1CC;STRAP;USP15
R-HSA-162710	0.360091743119266	0.566944910130671	0.105920292736253	0.383312757256085	1.06790273075292	17	93183;284098;5279;8818;9487;23556;54965;84720	completed	Reactome_preranked_GSEA_fallback	Synthesis of glycosylphosphatidylinositol (GPI)	18	cancer_up	P1 cancer-minus-normal moderated t	20357	0	1	reactome.db_1.95.0__fgsea_1.36.2	PIGM;PIGW;PIGC;DPM2;PIGL;PIGN;PIGX;PIGO
R-HSA-9619665	0.359797297297297	0.566944910130671	0.0878312634480124	-0.360327063351772	-1.06777085382785	27	3908;7402;4359;57716;4664;10413;3915;7003;1959;3912	completed	Reactome_preranked_GSEA_fallback	EGR2 and SOX10-mediated initiation of Schwann cell myelination	28	normal_up	P1 cancer-minus-normal moderated t	20357	0	1	reactome.db_1.95.0__fgsea_1.36.2	LAMA2;UTRN;MPZ;PRX;NAB1;YAP1;LAMC1;TEAD1;EGR2;LAMB1
R-HSA-5339562	0.360406091370558	0.566944910130671	0.0878312634480124	-0.352101398531653	-1.05865927581035	29	801;118429;9899;112755;127833;1839;5604;22987;5608	completed	Reactome_preranked_GSEA_fallback	Uptake and actions of bacterial toxins	36	normal_up	P1 cancer-minus-normal moderated t	20357	0	1	reactome.db_1.95.0__fgsea_1.36.2	CALM1;ANTXR2;SV2B;STX1B;SYT2;HBEGF;MAP2K1;SV2C;MAP2K6
R-HSA-2160916	0.361974405850091	0.568757485973649	0.0919686140000427	-0.410810335287365	-1.06636678537097	16	10894;11261;3373	completed	Reactome_preranked_GSEA_fallback	Hyaluronan degradation	16	normal_up	P1 cancer-minus-normal moderated t	20357	0	1	reactome.db_1.95.0__fgsea_1.36.2	LYVE1;CHP1;HYAL1
R-HSA-72702	0.362876254180602	0.569519907537179	0.086794975677172	-0.310166253498427	-1.05615742840858	51	6224;6230;1965;51386;51065;8665;6207;6233;1975;8669;1974;6189;8668;6201;6194;1983;6228;8661;6235;10480;6209;6217	completed	Reactome_preranked_GSEA_fallback	Ribosomal scanning and start codon recognition	59	normal_up	P1 cancer-minus-normal moderated t	20357	0	1	reactome.db_1.95.0__fgsea_1.36.2	RPS20;RPS25;EIF2S1;EIF3L;RPS27L;EIF3F;RPS13;RPS27A;EIF4B;EIF3J;EIF4A2;RPS3A;EIF3I;RPS7;RPS6;EIF5;RPS23;EIF3A;RPS29;EIF3M;RPS15;RPS16
R-HSA-170834	0.365591397849462	0.573123211995659	0.115240003147781	0.256449761916291	1.03113207279683	92	5590;57530;1278;25805;4221;60436;904;5499;3065;905;3696;6498;9110;4052;7043;51592;23370;1025;7514;1874	completed	Reactome_preranked_GSEA_fallback	Signaling by TGF-beta Receptor Complex	94	cancer_up	P1 cancer-minus-normal moderated t	20357	0	1	reactome.db_1.95.0__fgsea_1.36.2	PRKCZ;CGN;COL1A2;BAMBI;MEN1;TGIF2;CCNT1;PPP1CA;HDAC1;CCNT2;ITGB8;SKIL;MTMR4;LTBP1;TGFB3;TRIM33;ARHGEF18;CDK9;XPO1;E2F4
R-HSA-936837	0.366666666666667	0.574150439098893	0.0860347242455604	-0.303973997888805	-1.06038318504971	56	5348;477;801;51076;79895;5350	completed	Reactome_preranked_GSEA_fallback	Ion transport by P-type ATPases	57	normal_up	P1 cancer-minus-normal moderated t	20357	0	1	reactome.db_1.95.0__fgsea_1.36.2	FXYD1;ATP1A2;CALM1;CUTC;ATP8B4;PLN
R-HSA-9035034	0.368421052631579	0.575193403524661	0.086794975677172	-0.334978051622972	-1.06838405672608	39	9590;1730;857;9341;4162;57584;23344;120;85360	completed	Reactome_preranked_GSEA_fallback	RHOF GTPase cycle	41	normal_up	P1 cancer-minus-normal moderated t	20357	0	1	reactome.db_1.95.0__fgsea_1.36.2	AKAP12;DIAPH2;CAV1;VAMP3;MCAM;ARHGAP21;ESYT1;ADD3;SYDE1
R-HSA-450294	0.368595041322314	0.575193403524661	0.0852884689790502	-0.299395065898151	-1.06178839250304	61	5519;3725;5602;2353;3656;7311;1848;1845;7316;5604;6233;5608;4208;6197	completed	Reactome_preranked_GSEA_fallback	MAP kinase activation	63	normal_up	P1 cancer-minus-normal moderated t	20357	0	1	reactome.db_1.95.0__fgsea_1.36.2	PPP2R1B;JUN;MAPK10;FOS;IRAK2;UBA52;DUSP6;DUSP3;UBC;MAP2K1;RPS27A;MAP2K6;MEF2C;RPS6KA3
R-HSA-1799339	0.368131868131868	0.575193403524661	0.116234148779716	0.255164753158948	1.03070198010459	96	6229;29927;6134;6168;6746;6129;55176;6729;90701;6185;6748;6132;1650;6227;6184;116832;58477	completed	Reactome_preranked_GSEA_fallback	SRP-dependent cotranslational protein targeting to membrane	113	cancer_up	P1 cancer-minus-normal moderated t	20357	0	1	reactome.db_1.95.0__fgsea_1.36.2	RPS24;SEC61A1;RPL10;RPL37A;SSR2;RPL7;SEC61A2;SRP54;SEC11C;RPN2;SSR4;RPL8;DDOST;RPS21;RPN1;RPL39L;SRPRB
R-HSA-163125	0.371980676328502	0.579814805634051	0.0833634065110386	-0.279216395095347	-1.03927693383804	83	338328;1368;51299;257194;683;80235;8434;50863;5067;51227;8876	completed	Reactome_preranked_GSEA_fallback	Post-translational modification: synthesis of GPI-anchored proteins	93	normal_up	P1 cancer-minus-normal moderated t	20357	0	1	reactome.db_1.95.0__fgsea_1.36.2	GPIHBP1;CPM;NRN1;NEGR1;BST1;PIGZ;RECK;NTM;CNTN3;PIGP;VNN1
R-HSA-1489509	0.372448979591837	0.579883547952211	0.0862865626267245	-0.328136903502535	-1.07247633866893	42	801;5577;5136;111;5568;5153;112;196883	completed	Reactome_preranked_GSEA_fallback	DAG and IP3 signaling	43	normal_up	P1 cancer-minus-normal moderated t	20357	0	1	reactome.db_1.95.0__fgsea_1.36.2	CALM1;PRKAR2B;PDE1A;ADCY5;PRKACG;PDE1B;ADCY6;ADCY4
R-HSA-9603798	0.374784110535406	0.582855380093174	0.086794975677172	-0.388214729199738	-1.06116911409074	19	225;5824;224;5827	completed	Reactome_preranked_GSEA_fallback	Class I peroxisomal membrane protein import	20	normal_up	P1 cancer-minus-normal moderated t	20357	0	1	reactome.db_1.95.0__fgsea_1.36.2	ABCD2;PEX19;ALDH3A2;PXMP2
R-HSA-167242	0.378571428571429	0.588076298701299	0.105125131597001	0.358716215651908	1.04999291637809	21	5437;7469;5430;25920;5433;6829	completed	Reactome_preranked_GSEA_fallback	Abortive elongation of HIV-1 transcript in the absence of Tat	23	cancer_up	P1 cancer-minus-normal moderated t	20357	0	1	reactome.db_1.95.0__fgsea_1.36.2	POLR2H;NELFA;POLR2A;NELFB;POLR2D;SUPT5H
R-HSA-8978934	0.379426644182125	0.588735780473286	0.0847985102819124	-0.359194600346684	-1.05618112138256	26	801;56997;48;3417;51805;2644;1719	completed	Reactome_preranked_GSEA_fallback	Metabolism of cofactors	27	normal_up	P1 cancer-minus-normal moderated t	20357	0	1	reactome.db_1.95.0__fgsea_1.36.2	CALM1;COQ8A;ACO1;IDH1;COQ3;GCHFR;DHFR
R-HSA-3000157	0.380710659898477	0.590058358368728	0.0847985102819124	-0.348316617952696	-1.05472080924098	30	3679;3910;3908;3672;4811;3915;1282;3912;3339;22795;3691	completed	Reactome_preranked_GSEA_fallback	Laminin interactions	30	normal_up	P1 cancer-minus-normal moderated t	20357	0	1	reactome.db_1.95.0__fgsea_1.36.2	ITGA7;LAMA4;LAMA2;ITGA1;NID1;LAMC1;COL4A1;LAMB1;HSPG2;NID2;ITGB4
R-HSA-912526	0.381756756756757	0.590341048061636	0.0845557442441281	-0.356209292567654	-1.05556850747861	27	5290;9846;3568;1438;3716;1437;6654	completed	Reactome_preranked_GSEA_fallback	Interleukin receptor SHC signaling	27	normal_up	P1 cancer-minus-normal moderated t	20357	0	1	reactome.db_1.95.0__fgsea_1.36.2	PIK3CA;GAB2;IL5RA;CSF2RA;JAK1;CSF2;SOS1
R-HSA-9022699	0.381625441696113	0.590341048061636	0.0870515867946735	-0.397476510271399	-1.05440207540609	17	5775;2289;7222;6515	completed	Reactome_preranked_GSEA_fallback	MECP2 regulates neuronal receptors and channels	17	normal_up	P1 cancer-minus-normal moderated t	20357	0	1	reactome.db_1.95.0__fgsea_1.36.2	PTPN4;FKBP5;TRPC3;SLC2A3
R-HSA-9620244	0.382422802850356	0.590702792651341	0.104343952581949	0.350067878826383	1.05270730369179	23	1741;818	completed	Reactome_preranked_GSEA_fallback	Long-term potentiation	24	cancer_up	P1 cancer-minus-normal moderated t	20357	0	1	reactome.db_1.95.0__fgsea_1.36.2	DLG3;CAMK2G
R-HSA-5619084	0.383973288814691	0.591330616330616	0.0835990603684159	-0.298270984729044	-1.05532674371053	62	19;368;5700;7311;7316;6233;9861;5714;11160;5684;64240;10060;5695;5707;1080;5694;5688;3767;5713;5717	completed	Reactome_preranked_GSEA_fallback	ABC transporter disorders	65	normal_up	P1 cancer-minus-normal moderated t	20357	0	1	reactome.db_1.95.0__fgsea_1.36.2	ABCA1;ABCC6;PSMC1;UBA52;UBC;RPS27A;PSMD6;PSMD8;ERLIN2;PSMA3;ABCG5;ABCC9;PSMB7;PSMD1;CFTR;PSMB6;PSMA7;KCNJ11;PSMD7;PSMD11
R-HSA-456926	0.383838383838384	0.591330616330616	0.0840745577910723	-0.34865202126689	-1.04267351554212	28	54331;2791;408;55970;9002	completed	Reactome_preranked_GSEA_fallback	Thrombin signalling through proteinase activated receptors (PARs)	32	normal_up	P1 cancer-minus-normal moderated t	20357	0	1	reactome.db_1.95.0__fgsea_1.36.2	GNG2;GNG11;ARRB1;GNG12;F2RL3
R-HSA-8951664	0.384126984126984	0.591330616330616	0.123257226381337	0.224864559575974	1.03533468128841	228	51514;50717;146330;899;150726;114907;10072;80344;10238;144699;4008;84261;28991;23113;55208;57542;9655;9820;79754;55832;64708;26043;11091;55175;5929;23014;140459;1643;26263;56995;23363;7322;10116;5931;26094;54876;332;80067;79269;9817;6500;140460;84861;9306;672;79728;28952;222235;80028;7415;8139;149951;201456;8878;89890;56929;5709	completed	Reactome_preranked_GSEA_fallback	Neddylation	234	cancer_up	P1 cancer-minus-normal moderated t	20357	0	1	reactome.db_1.95.0__fgsea_1.36.2	DTL;DCAF8;FBXL16;CCNF;FBXO41;FBXO32;DPP3;DCAF11;DCAF7;FBXL14;LMO7;FBXW9;COMMD5;CUL9;DCUN1D2;KLHL42;SOCS5;CUL7;ASB13;CAND1;COPS7B;UBXN7;WDR5;KLHL11;RBBP5;FBXO21;ASB6;DDB2;FBXO22;TULP4;OBSL1;UBE2D2;FEM1B;RBBP7;DCAF4;DCAF16;BIRC5;DCAF17;DCAF10;KEAP1;SKP1;ASB7;KLHL22;SOCS6;BRCA1;PALB2;CCDC22;FBXL13;FBXL18;VCP;GAN;COMMD7;FBXO15;SQSTM1;KBTBD6;FEM1C;PSMD3
R-HSA-4420332	0.385167464114833	0.591599913983119	0.104343952581949	0.366377781434382	1.05529648524866	20	6382;6385;126792;1462	completed	Reactome_preranked_GSEA_fallback	Defective B3GALT6 causes EDSP2 and SEMDJL1	20	cancer_up	P1 cancer-minus-normal moderated t	20357	0	1	reactome.db_1.95.0__fgsea_1.36.2	SDC1;SDC4;B3GALT6;VCAN
R-HSA-381426	0.384853168469861	0.591599913983119	0.0793434960134973	-0.263535819083779	-1.02793418683373	118	338;3489;2719;2200;91851;3479;5179;3569;3956;57104;6383;3491;1511;813;213;11167;1435;10272;8074;3484;334;3817;3915;7018;147111;2243;718;3912;3698;5265;6694;197	completed	Reactome_preranked_GSEA_fallback	Regulation of Insulin-like Growth Factor (IGF) transport and uptake by Insulin-like Growth Factor Binding Proteins (IGFBPs)	125	normal_up	P1 cancer-minus-normal moderated t	20357	0	1	reactome.db_1.95.0__fgsea_1.36.2	APOB;IGFBP6;GPC3;FBN1;CHRDL1;IGF1;PENK;IL6;LGALS1;PNPLA2;SDC2;CCN1;CTSG;CALU;ALB;FSTL1;CSF1;FSTL3;FGF23;IGFBP1;APLP2;KLK2;LAMC1;TF;NOTUM;FGA;C3;LAMB1;ITIH2;SERPINA1;SPP2;AHSG
R-HSA-72695	0.387687188019967	0.594801780048591	0.0828962134571565	-0.315151707542728	-1.04277901108926	44	6224;6230;1965;51386;51065;8665;6207;6233;8669;6189;8668;6201;6194;6228;8661;6235;10480;6209;6217	completed	Reactome_preranked_GSEA_fallback	Formation of the ternary complex, and subsequently, the 43S complex	52	normal_up	P1 cancer-minus-normal moderated t	20357	0	1	reactome.db_1.95.0__fgsea_1.36.2	RPS20;RPS25;EIF2S1;EIF3L;RPS27L;EIF3F;RPS13;RPS27A;EIF3J;RPS3A;EIF3I;RPS7;RPS6;RPS23;EIF3A;RPS29;EIF3M;RPS15;RPS16
R-HSA-448424	0.388157894736842	0.594856325230116	0.0822054920415869	-0.285324569326217	-1.02999224147971	69	5519;3725;5602;2353;3656;7311;1848;1845;7316;5604;132014;6233;5608;4208;6197	completed	Reactome_preranked_GSEA_fallback	Interleukin-17 signaling	71	normal_up	P1 cancer-minus-normal moderated t	20357	0	1	reactome.db_1.95.0__fgsea_1.36.2	PPP2R1B;JUN;MAPK10;FOS;IRAK2;UBA52;DUSP6;DUSP3;UBC;MAP2K1;IL17RE;RPS27A;MAP2K6;MEF2C;RPS6KA3
R-HSA-1461973	0.38974358974359	0.595989423276333	0.0840745577910723	-0.376223348970243	-1.05906102340189	22	400830;140850;1672;117285;1671;245937;417	completed	Reactome_preranked_GSEA_fallback	Defensins	52	normal_up	P1 cancer-minus-normal moderated t	20357	0	1	reactome.db_1.95.0__fgsea_1.36.2	DEFB132;DEFB127;DEFB1;DEFB118;DEFA6;DEFB124;ART1
R-HSA-1234174	0.391735537190083	0.595989423276333	0.0819778796501272	-0.296927456023473	-1.05303714767441	61	2034;5700;112398;126374;7311;10370;7316;6233;405;9861;8453;25994;5714;5684;2056;5695;5707;5694;5688;54583;5713;5717;64344;5682;7321	completed	Reactome_preranked_GSEA_fallback	Cellular response to hypoxia	62	normal_up	P1 cancer-minus-normal moderated t	20357	0	1	reactome.db_1.95.0__fgsea_1.36.2	EPAS1;PSMC1;EGLN2;WTIP;UBA52;CITED2;UBC;RPS27A;ARNT;PSMD6;CUL2;HIGD1A;PSMD8;PSMA3;EPO;PSMB7;PSMD1;PSMB6;PSMA7;EGLN1;PSMD7;PSMD11;HIF3A;PSMA1;UBE2D1
R-HSA-420092	0.390862944162437	0.595989423276333	0.0833634065110386	-0.346285088771116	-1.04856923337019	30	54331;2791;55970;2692;2641;2642;7432;6344	completed	Reactome_preranked_GSEA_fallback	Glucagon-type ligand receptors	33	normal_up	P1 cancer-minus-normal moderated t	20357	0	1	reactome.db_1.95.0__fgsea_1.36.2	GNG2;GNG11;GNG12;GHRHR;GCG;GCGR;VIP;SCTR
R-HSA-9933387	0.391923990498812	0.595989423276333	0.102821842840815	0.34805495733527	1.04665414290893	23	6097;23054;10499;1387;5469;2033;1374;10498;6720;85441	completed	Reactome_preranked_GSEA_fallback	RORA,B,C and NR1D1 (REV-ERBA) regulate gene expression	24	cancer_up	P1 cancer-minus-normal moderated t	20357	0	1	reactome.db_1.95.0__fgsea_1.36.2	RORC;NCOA6;NCOA2;CREBBP;MED1;EP300;CPT1A;CARM1;SREBF1;HELZ2
R-HSA-9664565	0.390361445783133	0.595989423276333	0.103958471559957	0.337074709253531	1.03889015123199	25	2065;2064;3845;5335;2066;2885;6464;4893;1950	completed	Reactome_preranked_GSEA_fallback	Signaling by ERBB2 KD Mutants	25	cancer_up	P1 cancer-minus-normal moderated t	20357	0	1	reactome.db_1.95.0__fgsea_1.36.2	ERBB3;ERBB2;KRAS;PLCG1;ERBB4;GRB2;SHC1;NRAS;EGF
R-HSA-205043	0.391949152542373	0.595989423276333	0.0959206777921745	0.386544637749936	1.03780350372435	15	55851;23385;5664;51107;5599;23421;8878	completed	Reactome_preranked_GSEA_fallback	NRIF signals cell death from the nucleus	15	cancer_up	P1 cancer-minus-normal moderated t	20357	0	1	reactome.db_1.95.0__fgsea_1.36.2	PSENEN;NCSTN;PSEN2;APH1A;MAPK8;ITGB3BP;SQSTM1
R-HSA-8948751	0.390284757118928	0.595989423276333	0.0828962134571565	-0.299359807563969	-1.03538882186933	54	80243;5700;1459;7311;7316;5728;6233;9861;5714;5684;10000;5695;81847;5707;5694;5688;5713;5717	completed	Reactome_preranked_GSEA_fallback	Regulation of PTEN stability and activity	55	normal_up	P1 cancer-minus-normal moderated t	20357	0	1	reactome.db_1.95.0__fgsea_1.36.2	PREX2;PSMC1;CSNK2A2;UBA52;UBC;PTEN;RPS27A;PSMD6;PSMD8;PSMA3;AKT3;PSMB7;RNF146;PSMD1;PSMB6;PSMA7;PSMD7;PSMD11
R-HSA-9006335	0.393526405451448	0.597722884724588	0.0833634065110386	-0.358810804791644	-1.04196487402436	25	6776;5290;6777;8660;6654	completed	Reactome_preranked_GSEA_fallback	Signaling by Erythropoietin	25	normal_up	P1 cancer-minus-normal moderated t	20357	0	1	reactome.db_1.95.0__fgsea_1.36.2	STAT5A;PIK3CA;STAT5B;IRS2;SOS1
R-HSA-186797	0.394342762063228	0.598298064084831	0.0819778796501272	-0.296479490831344	-1.04227504833525	58	131873;6776;5290;6777;5781;7057;1398;1291;80310;6654;5156;50509;7060;4690	completed	Reactome_preranked_GSEA_fallback	Signaling by PDGF	58	normal_up	P1 cancer-minus-normal moderated t	20357	0	1	reactome.db_1.95.0__fgsea_1.36.2	COL6A6;STAT5A;PIK3CA;STAT5B;PTPN11;THBS1;CRK;COL6A1;PDGFD;SOS1;PDGFRA;COL5A3;THBS4;NCK1
R-HSA-76009	0.395939086294416	0.600054025459498	0.0826646449123753	-0.332186613507841	-1.04355779463626	36	7094;54518;4352;150;5906;1398;6654;5908;7450	completed	Reactome_preranked_GSEA_fallback	Platelet Aggregation (Plug Formation)	39	normal_up	P1 cancer-minus-normal moderated t	20357	0	1	reactome.db_1.95.0__fgsea_1.36.2	TLN1;APBB1IP;MPL;ADRA2A;RAP1A;CRK;SOS1;RAP1B;VWF
R-HSA-5683826	0.396959459459459	0.600269448098541	0.0824344091527096	-0.364815588009775	-1.05017188680215	24	150;51201;221395;1438;29080	completed	Reactome_preranked_GSEA_fallback	Surfactant metabolism	29	normal_up	P1 cancer-minus-normal moderated t	20357	0	1	reactome.db_1.95.0__fgsea_1.36.2	ADRA2A;ZDHHC2;ADGRF5;CSF2RA;CCDC59
R-HSA-983695	0.396610169491525	0.600269448098541	0.0826646449123753	-0.343187104540995	-1.0460243706519	31	801;30011;2534;6654;974;4690	completed	Reactome_preranked_GSEA_fallback	Antigen activates B Cell Receptor (BCR) leading to generation of second messengers	32	normal_up	P1 cancer-minus-normal moderated t	20357	0	1	reactome.db_1.95.0__fgsea_1.36.2	CALM1;SH3KBP1;FYN;SOS1;CD79B;NCK1
R-HSA-1266695	0.398305084745763	0.601638730218185	0.0824344091527096	-0.342259370190321	-1.04319666317847	31	85480;6776;6777;8660;3716;8354;8968;5897;5295;3082	completed	Reactome_preranked_GSEA_fallback	Interleukin-7 signaling	36	normal_up	P1 cancer-minus-normal moderated t	20357	0	1	reactome.db_1.95.0__fgsea_1.36.2	TSLP;STAT5A;STAT5B;IRS2;JAK1;H3C11;H3C7;RAG2;PIK3R1;HGF
R-HSA-72312	0.39938080495356	0.602597748754434	0.118815039412263	0.2259452024391	1.02168684141945	190	6229;6134;1736;1453;6168;55226;6129;51013;9277;54512;4839;29960;51602;54433;57647;6132;26995;23246;26354;25926;6227;10528;11056;116832;51077;54881;54555;27340;10969;8602;8568;10557;55651;10607;56915;10799;2091;51096	completed	Reactome_preranked_GSEA_fallback	rRNA processing	214	cancer_up	P1 cancer-minus-normal moderated t	20357	0	1	reactome.db_1.95.0__fgsea_1.36.2	RPS24;RPL10;DKC1;CSNK1D;RPL37A;NAT10;RPL7;EXOSC1;WDR46;EXOSC4;NOP2;MRM2;NOP58;GAR1;DHX37;RPL8;TRUB2;BOP1;GNL3;NOL11;RPS21;NOP56;DDX52;RPL39L;FCF1;TEX10;DDX49;UTP20;EBNA1BP2;NOP14;RRP1;RPP38;NHP2;TBL3;EXOSC5;RPP40;FBL;UTP18
R-HSA-5696400	0.402469135802469	0.606587991887514	0.103576326612592	0.299453811152288	1.03546027935185	40	5424;5983;5427;5111;5984;5426;1643;9557;142;2068	completed	Reactome_preranked_GSEA_fallback	Dual Incision in GG-NER	41	cancer_up	P1 cancer-minus-normal moderated t	20357	0	1	reactome.db_1.95.0__fgsea_1.36.2	POLD1;RFC3;POLE2;PCNA;RFC4;POLE;DDB2;CHD1L;PARP1;ERCC2
R-HSA-917937	0.402985074626866	0.606696692747715	0.103958471559957	0.279582147122953	1.03065344072433	56	28982;4891;537;55832;155066;23545;9550;533;527;55240;51310;6500;7037;10312;525;8992;7036;535	completed	Reactome_preranked_GSEA_fallback	Iron uptake and transport	58	cancer_up	P1 cancer-minus-normal moderated t	20357	0	1	reactome.db_1.95.0__fgsea_1.36.2	FLVCR1;SLC11A2;ATP6AP1;CAND1;ATP6V0E2;ATP6V0A2;ATP6V1G1;ATP6V0B;ATP6V0C;STEAP3;SLC22A17;SKP1;TFRC;TCIRG1;ATP6V1B1;ATP6V0E1;TFR2;ATP6V0A1
R-HSA-5620922	0.403800475059382	0.607255499896783	0.100990587455923	0.345443816644125	1.03880204609344	23	7203;117177;582;123016;585	completed	Reactome_preranked_GSEA_fallback	BBSome-mediated cargo-targeting to cilium	23	cancer_up	P1 cancer-minus-normal moderated t	20357	0	1	reactome.db_1.95.0__fgsea_1.36.2	CCT3;RAB3IP;BBS1;TTC8;BBS4
R-HSA-1251985	0.405405405405405	0.608999108999109	0.0813027345384498	-0.335876271977839	-1.03216140128622	32	6285;6776;6387;2670;1839;6678;10413	completed	Reactome_preranked_GSEA_fallback	Nuclear signaling by ERBB4	32	normal_up	P1 cancer-minus-normal moderated t	20357	0	1	reactome.db_1.95.0__fgsea_1.36.2	S100B;STAT5A;CXCL12;GFAP;HBEGF;SPARC;YAP1
R-HSA-216083	0.406824146981627	0.609790141363908	0.106729884364606	0.259551413250889	1.02514714018862	83	1300;1311;2335;1278;1290;3673;1289;3371;1305;80781;6696;1296;960;3696;1307;3675;1277;1294;1293	completed	Reactome_preranked_GSEA_fallback	Integrin cell surface interactions	84	cancer_up	P1 cancer-minus-normal moderated t	20357	0	1	reactome.db_1.95.0__fgsea_1.36.2	COL10A1;COMP;FN1;COL1A2;COL5A2;ITGA2;COL5A1;TNC;COL13A1;COL18A1;SPP1;COL8A2;CD44;ITGB8;COL16A1;ITGA3;COL1A1;COL7A1;COL6A3
R-HSA-9009391	0.40650406504065	0.609790141363908	0.0791316651768349	-0.278213205745478	-1.01576445988064	71	801;54331;858;2770;2791;5290;857;2353;1956	completed	Reactome_preranked_GSEA_fallback	Extra-nuclear estrogen signaling	77	normal_up	P1 cancer-minus-normal moderated t	20357	0	1	reactome.db_1.95.0__fgsea_1.36.2	CALM1;GNG2;CAV2;GNAI1;GNG11;PIK3CA;CAV1;FOS;EGFR
R-HSA-9840309	0.407599309153713	0.61028286485556	0.0822054920415869	-0.375413385834723	-1.02617716459457	19	30815;9331	completed	Reactome_preranked_GSEA_fallback	Glycosphingolipid biosynthesis	19	normal_up	P1 cancer-minus-normal moderated t	20357	0	1	reactome.db_1.95.0__fgsea_1.36.2	ST6GALNAC6;B4GALT6
R-HSA-975155	0.408163265306122	0.610458625463314	0.0770736734944102	-0.26850772955356	-1.02201749448477	97	5519;6285;3725;5602;57161;2353;7099;28512;79671;3656;7311;23643;1848;1845;7316;5604	completed	Reactome_preranked_GSEA_fallback	MyD88 dependent cascade initiated on endosome	103	normal_up	P1 cancer-minus-normal moderated t	20357	0	1	reactome.db_1.95.0__fgsea_1.36.2	PPP2R1B;S100B;JUN;MAPK10;PELI2;FOS;TLR4;NKIRAS1;NLRX1;IRAK2;UBA52;LY96;DUSP6;DUSP3;UBC;MAP2K1
R-HSA-211897	0.408710217755444	0.610608598548297	0.080419996876154	-0.295128717551548	-1.0324545940112	57	10858;113612;56603;5740;1585;2230;1562;54905;1583;405;1580;8648;5443;1565;1584;285440	completed	Reactome_preranked_GSEA_fallback	Cytochrome P450 - arranged by substrate type	66	normal_up	P1 cancer-minus-normal moderated t	20357	0	1	reactome.db_1.95.0__fgsea_1.36.2	CYP46A1;CYP2U1;CYP26B1;PTGIS;CYP11B2;FDX1;CYP2C18;CYP2W1;CYP11A1;ARNT;CYP4B1;NCOA1;POMC;CYP2D6;CYP11B1;CYP4V2
R-HSA-211976	0.409638554216867	0.61132740569264	0.0817515582532145	-0.365273680305811	-1.03671724745757	23	10858;1585;2230;1583;405;8648;5443;1584;285440	completed	Reactome_preranked_GSEA_fallback	Endogenous sterols	26	normal_up	P1 cancer-minus-normal moderated t	20357	0	1	reactome.db_1.95.0__fgsea_1.36.2	CYP46A1;CYP11B2;FDX1;CYP11A1;ARNT;NCOA1;POMC;CYP11B1;CYP4V2
R-HSA-9931510	0.411483253588517	0.613410695371322	0.10027910675413	0.357286793018013	1.02911125074653	20	5936;8553;6097;1407;1387;4862	completed	Reactome_preranked_GSEA_fallback	Phosphorylated BMAL1:CLOCK (ARNTL:CLOCK) activates expression of core clock genes	23	cancer_up	P1 cancer-minus-normal moderated t	20357	0	1	reactome.db_1.95.0__fgsea_1.36.2	RBM4;BHLHE40;RORC;CRY1;CREBBP;NPAS2
R-HSA-6781823	0.414023372287145	0.614516775153667	0.0795564677235957	-0.304331384321906	-1.03123909537414	49	902;1161;5441;5434;7311;8533;7316;4331;51138;404672;6233;7507;9318	completed	Reactome_preranked_GSEA_fallback	Formation of TC-NER Pre-Incision Complex	52	normal_up	P1 cancer-minus-normal moderated t	20357	0	1	reactome.db_1.95.0__fgsea_1.36.2	CCNH;ERCC8;POLR2L;POLR2E;UBA52;COPS3;UBC;MNAT1;COPS4;GTF2H5;RPS27A;XPA;COPS2
R-HSA-425410	0.413793103448276	0.614516775153667	0.101713902282311	0.293047732746606	1.02859859703209	43	84679;4891;25800;6548;55630;7779;57181;7922;169026	completed	Reactome_preranked_GSEA_fallback	Metal ion SLC transporters	46	cancer_up	P1 cancer-minus-normal moderated t	20357	0	1	reactome.db_1.95.0__fgsea_1.36.2	SLC9A7;SLC11A2;SLC39A6;SLC9A1;SLC39A4;SLC30A1;SLC39A10;SLC39A7;SLC30A8
R-HSA-9658195	0.41399416909621	0.614516775153667	0.0725351864394589	-0.25060578687357	-1.01650344581761	153	10810;801;54331;3725;2770;2791;114548;5577;2534;3569;10628;4641;111;1398;4907;5568;1511;112;3586;55970;196883	completed	Reactome_preranked_GSEA_fallback	Leishmania infection	166	normal_up	P1 cancer-minus-normal moderated t	20357	0	1	reactome.db_1.95.0__fgsea_1.36.2	WASF3;CALM1;GNG2;JUN;GNAI1;GNG11;NLRP3;PRKAR2B;FYN;IL6;TXNIP;MYO1C;ADCY5;CRK;NT5E;PRKACG;CTSG;ADCY6;IL10;GNG12;ADCY4
R-HSA-9824443	0.41399416909621	0.614516775153667	0.0725351864394589	-0.25060578687357	-1.01650344581761	153	10810;801;54331;3725;2770;2791;114548;5577;2534;3569;10628;4641;111;1398;4907;5568;1511;112;3586;55970;196883	completed	Reactome_preranked_GSEA_fallback	Parasitic Infection Pathways	166	normal_up	P1 cancer-minus-normal moderated t	20357	0	1	reactome.db_1.95.0__fgsea_1.36.2	WASF3;CALM1;GNG2;JUN;GNAI1;GNG11;NLRP3;PRKAR2B;FYN;IL6;TXNIP;MYO1C;ADCY5;CRK;NT5E;PRKACG;CTSG;ADCY6;IL10;GNG12;ADCY4
R-HSA-9619483	0.416095890410959	0.615587751289806	0.0806388495950661	-0.369259637678846	-1.02127939962242	20	801;84617	completed	Reactome_preranked_GSEA_fallback	Activation of AMPK downstream of NMDARs	30	normal_up	P1 cancer-minus-normal moderated t	20357	0	1	reactome.db_1.95.0__fgsea_1.36.2	CALM1;TUBB6
R-HSA-446219	0.415422885572139	0.615587751289806	0.102080107662747	0.268472955491194	1.02050075225286	64	7264;3098;84620;64841;54187;8818;10825;10610;5373;197258;29926;2720;4758;10559;51005;57171	completed	Reactome_preranked_GSEA_fallback	Synthesis of substrates in N-glycan biosythesis	65	cancer_up	P1 cancer-minus-normal moderated t	20357	0	1	reactome.db_1.95.0__fgsea_1.36.2	GFUS;HK1;ST6GAL2;GNPNAT1;NANS;DPM2;NEU3;ST6GALNAC2;PMM2;FCSK;GMPPA;GLB1;NEU1;SLC35A1;AMDHD2;DOLPP1
R-HSA-416482	0.415986949429038	0.615587751289806	0.0780892306943345	-0.276111069586404	-1.0122327449981	74	54331;55701;5924;2791;148;9459;22899;6453;9475;121512;6654;57449;55970	completed	Reactome_preranked_GSEA_fallback	G alpha (12/13) signalling events	78	normal_up	P1 cancer-minus-normal moderated t	20357	0	1	reactome.db_1.95.0__fgsea_1.36.2	GNG2;ARHGEF40;RASGRF2;GNG11;ADRA1A;ARHGEF6;ARHGEF15;ITSN1;ROCK2;FGD4;SOS1;PLEKHG5;GNG12
R-HSA-9013406	0.417085427135678	0.616384625831862	0.0793434960134973	-0.293092352260092	-1.02533073728289	57	23433;10395;10435;857;9341;57584;6453;85360;9322;6510;144402;23580	completed	Reactome_preranked_GSEA_fallback	RHOQ GTPase cycle	58	normal_up	P1 cancer-minus-normal moderated t	20357	0	1	reactome.db_1.95.0__fgsea_1.36.2	RHOQ;DLC1;CDC42EP2;CAV1;VAMP3;ARHGAP21;ITSN1;SYDE1;TRIP10;SLC1A5;CPNE8;CDC42EP4
R-HSA-156827	0.417981072555205	0.617041172983764	0.0760837160951725	-0.267529830403149	-1.00978369247747	94	6224;6230;1965;6135;7311;26986;51386;51065;8665;6176;9045;6124;6207;6161;6166;6233;1975;8669;6164;6125;1974;6133;6189;8668;140801;6201;9349;6167;6138;6194;6169;6173;6228;8661;6137;6235;10480;6209;6217	completed	Reactome_preranked_GSEA_fallback	L13a-mediated translational silencing of Ceruloplasmin expression	112	normal_up	P1 cancer-minus-normal moderated t	20357	0	1	reactome.db_1.95.0__fgsea_1.36.2	RPS20;RPS25;EIF2S1;RPL11;UBA52;PABPC1;EIF3L;RPS27L;EIF3F;RPLP1;RPL14;RPL4;RPS13;RPL32;RPL36AL;RPS27A;EIF4B;EIF3J;RPL34;RPL5;EIF4A2;RPL9;RPS3A;EIF3I;RPL10L;RPS7;RPL23;RPL37;RPL15;RPS6;RPL38;RPL36A;RPS23;EIF3A;RPL13;RPS29;EIF3M;RPS15;RPS16
R-HSA-168138	0.420401854714065	0.618610694719189	0.0747385227439092	-0.264915610895146	-1.0153109546193	103	5519;6285;3725;5602;57161;2353;7099;28512;79671;3656;7311;23643;1848;1845;7316;5604;8411;6233;5608;4208;6197;929;1386;841;5516	completed	Reactome_preranked_GSEA_fallback	Toll Like Receptor 9 (TLR9) Cascade	110	normal_up	P1 cancer-minus-normal moderated t	20357	0	1	reactome.db_1.95.0__fgsea_1.36.2	PPP2R1B;S100B;JUN;MAPK10;PELI2;FOS;TLR4;NKIRAS1;NLRX1;IRAK2;UBA52;LY96;DUSP6;DUSP3;UBC;MAP2K1;EEA1;RPS27A;MAP2K6;MEF2C;RPS6KA3;CD14;ATF2;CASP8;PPP2CB
R-HSA-72613	0.420062695924765	0.618610694719189	0.0755015292281669	-0.265699603366482	-1.01340337475812	102	6224;8891;6230;1965;6135;7311;26986;51386;51065;8665;6176;9045;6124;6207;6161;6166;6233;1975;8669;6164;6125;1974;6133;1967;6189;8668;140801;6201;8892;9349;6167;6138;6194;6169;1983;6173;6228;8661;6137;6235;10480;6209;6217	completed	Reactome_preranked_GSEA_fallback	Eukaryotic Translation Initiation	120	normal_up	P1 cancer-minus-normal moderated t	20357	0	1	reactome.db_1.95.0__fgsea_1.36.2	RPS20;EIF2B3;RPS25;EIF2S1;RPL11;UBA52;PABPC1;EIF3L;RPS27L;EIF3F;RPLP1;RPL14;RPL4;RPS13;RPL32;RPL36AL;RPS27A;EIF4B;EIF3J;RPL34;RPL5;EIF4A2;RPL9;EIF2B1;RPS3A;EIF3I;RPL10L;RPS7;EIF2B2;RPL23;RPL37;RPL15;RPS6;RPL38;EIF5;RPL36A;RPS23;EIF3A;RPL13;RPS29;EIF3M;RPS15;RPS16
R-HSA-72737	0.420062695924765	0.618610694719189	0.0755015292281669	-0.265699603366482	-1.01340337475812	102	6224;8891;6230;1965;6135;7311;26986;51386;51065;8665;6176;9045;6124;6207;6161;6166;6233;1975;8669;6164;6125;1974;6133;1967;6189;8668;140801;6201;8892;9349;6167;6138;6194;6169;1983;6173;6228;8661;6137;6235;10480;6209;6217	completed	Reactome_preranked_GSEA_fallback	Cap-dependent Translation Initiation	120	normal_up	P1 cancer-minus-normal moderated t	20357	0	1	reactome.db_1.95.0__fgsea_1.36.2	RPS20;EIF2B3;RPS25;EIF2S1;RPL11;UBA52;PABPC1;EIF3L;RPS27L;EIF3F;RPLP1;RPL14;RPL4;RPS13;RPL32;RPL36AL;RPS27A;EIF4B;EIF3J;RPL34;RPL5;EIF4A2;RPL9;EIF2B1;RPS3A;EIF3I;RPL10L;RPS7;EIF2B2;RPL23;RPL37;RPL15;RPS6;RPL38;EIF5;RPL36A;RPS23;EIF3A;RPL13;RPS29;EIF3M;RPS15;RPS16
R-HSA-1606322	0.421428571428571	0.619454685099846	0.0985499803531691	0.346866300147328	1.01530720439578	21	3551;3661;1660;29110;8737;4615;11035;5970	completed	Reactome_preranked_GSEA_fallback	ZBP1(DAI) mediated induction of type I IFNs	21	cancer_up	P1 cancer-minus-normal moderated t	20357	0	1	reactome.db_1.95.0__fgsea_1.36.2	IKBKB;IRF3;DHX9;TBK1;RIPK1;MYD88;RIPK3;RELA
R-HSA-1236394	0.422628951747088	0.620551855035735	0.0782955249944794	-0.288147844744045	-1.01298510721993	58	6285;6776;5290;1956;6387;2670;7311;6654;1839;7316;6678;83737;10413	completed	Reactome_preranked_GSEA_fallback	Signaling by ERBB4	58	normal_up	P1 cancer-minus-normal moderated t	20357	0	1	reactome.db_1.95.0__fgsea_1.36.2	S100B;STAT5A;PIK3CA;EGFR;CXCL12;GFAP;UBA52;SOS1;HBEGF;UBC;SPARC;ITCH;YAP1
R-HSA-2644602	0.42643391521197	0.620804219483241	0.100633389423036	0.275180005731963	1.01987496808764	58	2648;54492;3065;3714;55851;6868;23385;1387;9794;102;2033;142678;5664;6500;51107;55534;79885;10013;9612;28514;57534;26508;79718;9611;182	completed	Reactome_preranked_GSEA_fallback	Signaling by NOTCH1 PEST Domain Mutants in Cancer	58	cancer_up	P1 cancer-minus-normal moderated t	20357	0	1	reactome.db_1.95.0__fgsea_1.36.2	KAT2A;NEURL1B;HDAC1;JAG2;PSENEN;ADAM17;NCSTN;CREBBP;MAML1;ADAM10;EP300;MIB2;PSEN2;SKP1;APH1A;MAML3;HDAC11;HDAC6;NCOR2;DLL1;MIB1;HEYL;TBL1XR1;NCOR1;JAG1
R-HSA-2644603	0.42643391521197	0.620804219483241	0.100633389423036	0.275180005731963	1.01987496808764	58	2648;54492;3065;3714;55851;6868;23385;1387;9794;102;2033;142678;5664;6500;51107;55534;79885;10013;9612;28514;57534;26508;79718;9611;182	completed	Reactome_preranked_GSEA_fallback	Signaling by NOTCH1 in Cancer	58	cancer_up	P1 cancer-minus-normal moderated t	20357	0	1	reactome.db_1.95.0__fgsea_1.36.2	KAT2A;NEURL1B;HDAC1;JAG2;PSENEN;ADAM17;NCSTN;CREBBP;MAML1;ADAM10;EP300;MIB2;PSEN2;SKP1;APH1A;MAML3;HDAC11;HDAC6;NCOR2;DLL1;MIB1;HEYL;TBL1XR1;NCOR1;JAG1
R-HSA-2644606	0.42643391521197	0.620804219483241	0.100633389423036	0.275180005731963	1.01987496808764	58	2648;54492;3065;3714;55851;6868;23385;1387;9794;102;2033;142678;5664;6500;51107;55534;79885;10013;9612;28514;57534;26508;79718;9611;182	completed	Reactome_preranked_GSEA_fallback	Constitutive Signaling by NOTCH1 PEST Domain Mutants	58	cancer_up	P1 cancer-minus-normal moderated t	20357	0	1	reactome.db_1.95.0__fgsea_1.36.2	KAT2A;NEURL1B;HDAC1;JAG2;PSENEN;ADAM17;NCSTN;CREBBP;MAML1;ADAM10;EP300;MIB2;PSEN2;SKP1;APH1A;MAML3;HDAC11;HDAC6;NCOR2;DLL1;MIB1;HEYL;TBL1XR1;NCOR1;JAG1
R-HSA-2894858	0.42643391521197	0.620804219483241	0.100633389423036	0.275180005731963	1.01987496808764	58	2648;54492;3065;3714;55851;6868;23385;1387;9794;102;2033;142678;5664;6500;51107;55534;79885;10013;9612;28514;57534;26508;79718;9611;182	completed	Reactome_preranked_GSEA_fallback	Signaling by NOTCH1 HD+PEST Domain Mutants in Cancer	58	cancer_up	P1 cancer-minus-normal moderated t	20357	0	1	reactome.db_1.95.0__fgsea_1.36.2	KAT2A;NEURL1B;HDAC1;JAG2;PSENEN;ADAM17;NCSTN;CREBBP;MAML1;ADAM10;EP300;MIB2;PSEN2;SKP1;APH1A;MAML3;HDAC11;HDAC6;NCOR2;DLL1;MIB1;HEYL;TBL1XR1;NCOR1;JAG1
R-HSA-2894862	0.42643391521197	0.620804219483241	0.100633389423036	0.275180005731963	1.01987496808764	58	2648;54492;3065;3714;55851;6868;23385;1387;9794;102;2033;142678;5664;6500;51107;55534;79885;10013;9612;28514;57534;26508;79718;9611;182	completed	Reactome_preranked_GSEA_fallback	Constitutive Signaling by NOTCH1 HD+PEST Domain Mutants	58	cancer_up	P1 cancer-minus-normal moderated t	20357	0	1	reactome.db_1.95.0__fgsea_1.36.2	KAT2A;NEURL1B;HDAC1;JAG2;PSENEN;ADAM17;NCSTN;CREBBP;MAML1;ADAM10;EP300;MIB2;PSEN2;SKP1;APH1A;MAML3;HDAC11;HDAC6;NCOR2;DLL1;MIB1;HEYL;TBL1XR1;NCOR1;JAG1
R-HSA-9671555	0.425837320574163	0.620804219483241	0.0982123351217438	0.353359816054787	1.01780018005136	20	5296;2120;3845;2885;4893;2803;3265;6774	completed	Reactome_preranked_GSEA_fallback	Signaling by PDGFR in disease	20	cancer_up	P1 cancer-minus-normal moderated t	20357	0	1	reactome.db_1.95.0__fgsea_1.36.2	PIK3R2;ETV6;KRAS;GRB2;NRAS;GOLGA4;HRAS;STAT3
R-HSA-168181	0.423676012461059	0.620804219483241	0.0747385227439092	-0.265244350848014	-1.01135974513758	100	5519;6285;3725;5602;57161;2353;7099;28512;79671;3656;7311;23643;1848;1845;7316;5604	completed	Reactome_preranked_GSEA_fallback	Toll Like Receptor 7/8 (TLR7/8) Cascade	107	normal_up	P1 cancer-minus-normal moderated t	20357	0	1	reactome.db_1.95.0__fgsea_1.36.2	PPP2R1B;S100B;JUN;MAPK10;PELI2;FOS;TLR4;NKIRAS1;NLRX1;IRAK2;UBA52;LY96;DUSP6;DUSP3;UBC;MAP2K1
R-HSA-418360	0.425790754257908	0.620804219483241	0.0992333343771191	0.314856844985917	1.00111552001637	29	488;80228;5025;489	completed	Reactome_preranked_GSEA_fallback	Platelet calcium homeostasis	30	cancer_up	P1 cancer-minus-normal moderated t	20357	0	1	reactome.db_1.95.0__fgsea_1.36.2	ATP2A2;ORAI2;P2RX4;ATP2A3
R-HSA-442982	0.42822966507177	0.622093466687683	0.0978773277424561	0.351667712602861	1.01292632875365	20	1741;818;3845	completed	Reactome_preranked_GSEA_fallback	Ras activation upon Ca2+ influx through NMDA receptor	21	cancer_up	P1 cancer-minus-normal moderated t	20357	0	1	reactome.db_1.95.0__fgsea_1.36.2	DLG3;CAMK2G;KRAS
R-HSA-5620971	0.42822966507177	0.622093466687683	0.0978773277424561	0.351421598004709	1.01221743240797	20	92421;79792	completed	Reactome_preranked_GSEA_fallback	Pyroptosis	22	cancer_up	P1 cancer-minus-normal moderated t	20357	0	1	reactome.db_1.95.0__fgsea_1.36.2	CHMP4C;GSDMD
R-HSA-9841251	0.434628975265018	0.630719542661655	0.0799858801499946	-0.381854703408965	-1.01296147413358	17	847;6648;3313;27429;23410	completed	Reactome_preranked_GSEA_fallback	Mitochondrial unfolded protein response (UPRmt)	18	normal_up	P1 cancer-minus-normal moderated t	20357	0	1	reactome.db_1.95.0__fgsea_1.36.2	CAT;SOD2;HSPA9;HTRA2;SIRT3
R-HSA-1227990	0.43520782396088	0.63088981479801	0.0982123351217438	0.327921778083466	1.01120077850538	26	2065;2064;3845;5335;2066;2885;6464;4893;1950	completed	Reactome_preranked_GSEA_fallback	Signaling by ERBB2 in Cancer	26	cancer_up	P1 cancer-minus-normal moderated t	20357	0	1	reactome.db_1.95.0__fgsea_1.36.2	ERBB3;ERBB2;KRAS;PLCG1;ERBB4;GRB2;SHC1;NRAS;EGF
R-HSA-8939902	0.435940099833611	0.631281903042951	0.0766746872490091	-0.285634443183586	-1.00414923217991	58	650;7291;5700;10891;7311;7316;1750;6233;9861;5714;5684;133522;5695;5707;6502;5694;5688;5713;5717;2908;5682;57154;10213;5718	completed	Reactome_preranked_GSEA_fallback	Regulation of RUNX2 expression and activity	59	normal_up	P1 cancer-minus-normal moderated t	20357	0	1	reactome.db_1.95.0__fgsea_1.36.2	BMP2;TWIST1;PSMC1;PPARGC1A;UBA52;UBC;DLX6;RPS27A;PSMD6;PSMD8;PSMA3;PPARGC1B;PSMB7;PSMD1;SKP2;PSMB6;PSMA7;PSMD7;PSMD11;NR3C1;PSMA1;SMURF1;PSMD14;PSMD12
R-HSA-5696394	0.44	0.635281402826187	0.0988903007520636	0.302191149271214	1.01392351379641	37	86;79913;29844;283899;54891;64708;4798;1643;8607;142	completed	Reactome_preranked_GSEA_fallback	DNA Damage Recognition in GG-NER	38	cancer_up	P1 cancer-minus-normal moderated t	20357	0	1	reactome.db_1.95.0__fgsea_1.36.2	ACTL6A;ACTR5;TFPT;INO80E;INO80D;COPS7B;NFRKB;DDB2;RUVBL1;PARP1
R-HSA-9604323	0.439597315436242	0.635281402826187	0.0766746872490091	-0.30844534808653	-1.01335255501915	43	5700;7311;55294;4855;7316;6233;9861;5714;5684;5695;5707;5694;5688;5713;5717;5682;10213;5718	completed	Reactome_preranked_GSEA_fallback	Negative regulation of NOTCH4 signaling	44	normal_up	P1 cancer-minus-normal moderated t	20357	0	1	reactome.db_1.95.0__fgsea_1.36.2	PSMC1;UBA52;FBXW7;NOTCH4;UBC;RPS27A;PSMD6;PSMD8;PSMA3;PSMB7;PSMD1;PSMB6;PSMA7;PSMD7;PSMD11;PSMA1;PSMD14;PSMD12
R-HSA-9762114	0.440878378378378	0.635281402826187	0.0768736734126542	-0.310106342914498	-1.00774899000552	41	5700;7311;7316;4780;6233;9861;5714;5684;5695;5707;5694;5688;5713;5717;5682;10213;5718	completed	Reactome_preranked_GSEA_fallback	GSK3B and BTRC:CUL1-mediated-degradation of NFE2L2	42	normal_up	P1 cancer-minus-normal moderated t	20357	0	1	reactome.db_1.95.0__fgsea_1.36.2	PSMC1;UBA52;UBC;NFE2L2;RPS27A;PSMD6;PSMD8;PSMA3;PSMB7;PSMD1;PSMB6;PSMA7;PSMD7;PSMD11;PSMA1;PSMD14;PSMD12
R-HSA-622312	0.440191387559809	0.635281402826187	0.096240602328129	0.34964779130039	1.00710824709315	20	598;29108;351;3326	completed	Reactome_preranked_GSEA_fallback	Inflammasomes	24	cancer_up	P1 cancer-minus-normal moderated t	20357	0	1	reactome.db_1.95.0__fgsea_1.36.2	BCL2L1;PYCARD;APP;HSP90AB1
R-HSA-112409	0.441025641025641	0.635281402826187	0.0774767547848578	-0.355899897799896	-1.00185092452196	22	5781;3569;1843;3716;1848;5604;3570;8682	completed	Reactome_preranked_GSEA_fallback	RAF-independent MAPK1/3 activation	23	normal_up	P1 cancer-minus-normal moderated t	20357	0	1	reactome.db_1.95.0__fgsea_1.36.2	PTPN11;IL6;DUSP1;JAK1;DUSP6;MAP2K1;IL6R;PEA15
R-HSA-983712	0.44311377245509	0.637617396785377	0.0704500850658419	-0.246712657244963	-1.01053642668454	178	845;10110;5348;477;801;51076;79895;5350;63982;196527;1183;28962;203859;1193;80036;7222;492;7311;529;286410;444;7316;140803;493	completed	Reactome_preranked_GSEA_fallback	Ion channel transport	184	normal_up	P1 cancer-minus-normal moderated t	20357	0	1	reactome.db_1.95.0__fgsea_1.36.2	CASQ2;SGK2;FXYD1;ATP1A2;CALM1;CUTC;ATP8B4;PLN;ANO3;ANO6;CLCN4;OSTM1;ANO5;CLIC2;TRPM3;TRPC3;ATP2B3;UBA52;ATP6V1E1;ATP11C;ASPH;UBC;TRPM6;ATP2B4
R-HSA-2214320	0.449152542372881	0.644468518351339	0.0880945010398517	0.376672996415618	1.01129990500959	15	1278;1277;1294;3918;1286;1288	completed	Reactome_preranked_GSEA_fallback	Anchoring fibril formation	15	cancer_up	P1 cancer-minus-normal moderated t	20357	0	1	reactome.db_1.95.0__fgsea_1.36.2	COL1A2;COL1A1;COL7A1;LAMC2;COL4A4;COL4A6
R-HSA-9671793	0.448763250883392	0.644468518351339	0.0782955249944794	-0.377620998687604	-1.0017305537408	17	2159;2157;8460;7450;710;3818;8459	completed	Reactome_preranked_GSEA_fallback	Diseases of hemostasis	19	normal_up	P1 cancer-minus-normal moderated t	20357	0	1	reactome.db_1.95.0__fgsea_1.36.2	F10;F8;TPST1;VWF;SERPING1;KLKB1;TPST2
R-HSA-397795	0.44949494949495	0.644468518351339	0.0756946307932749	-0.334256325506613	-0.999621963302433	28	54331;2791;9459;55970	completed	Reactome_preranked_GSEA_fallback	G-protein beta:gamma signalling	32	normal_up	P1 cancer-minus-normal moderated t	20357	0	1	reactome.db_1.95.0__fgsea_1.36.2	GNG2;GNG11;ARHGEF6;GNG12
R-HSA-3560801	0.449760765550239	0.644468518351339	0.0949751525905595	0.345601352096135	0.995453083252965	20	6382;6385;1462;26229;2817	completed	Reactome_preranked_GSEA_fallback	Defective B3GAT3 causes JDSSDHD	20	cancer_up	P1 cancer-minus-normal moderated t	20357	0	1	reactome.db_1.95.0__fgsea_1.36.2	SDC1;SDC4;VCAN;B3GAT3;GPC1
R-HSA-425397	0.453658536585366	0.649373004724812	0.0956031492204301	0.32032138619578	0.998076791369442	27	7355;347734;23443;23169;9197;10999;10559;55315;11046	completed	Reactome_preranked_GSEA_fallback	Transport of vitamins, nucleosides, and related molecules	28	cancer_up	P1 cancer-minus-normal moderated t	20357	0	1	reactome.db_1.95.0__fgsea_1.36.2	SLC35A2;SLC35B2;SLC35A3;SLC35D1;SLC33A1;SLC27A4;SLC35A1;SLC29A3;SLC35D2
R-HSA-1643713	0.456081081081081	0.652157780165102	0.0751181635276302	-0.345998984326789	-0.996005703002902	24	5290;1956;7311;6654;1839;7316;6233;5295;2069;685	completed	Reactome_preranked_GSEA_fallback	Signaling by EGFR in Cancer	25	normal_up	P1 cancer-minus-normal moderated t	20357	0	1	reactome.db_1.95.0__fgsea_1.36.2	PIK3CA;EGFR;UBA52;SOS1;HBEGF;UBC;RPS27A;PIK3R1;EREG;BTC
R-HSA-8876384	0.459649122807018	0.656572989422354	0.0766746872490091	-0.371662014786128	-0.998517172200713	18	30011;2060;7311;7316;6233	completed	Reactome_preranked_GSEA_fallback	Listeria monocytogenes entry into host cells	21	normal_up	P1 cancer-minus-normal moderated t	20357	0	1	reactome.db_1.95.0__fgsea_1.36.2	SH3KBP1;EPS15;UBA52;UBC;RPS27A
R-HSA-9675151	0.460648148148148	0.65731317173123	0.0916795246008379	0.353493899316552	0.995545480740248	18	8085;3065;25942;11091;5929	completed	Reactome_preranked_GSEA_fallback	Disorders of Developmental Biology	19	cancer_up	P1 cancer-minus-normal moderated t	20357	0	1	reactome.db_1.95.0__fgsea_1.36.2	KMT2D;HDAC1;SIN3A;WDR5;RBBP5
R-HSA-8949215	0.462994836488812	0.659972827403761	0.0753093764172773	-0.348054916055445	-0.987847069175589	23	286097;7416;7417;9512;30968;10367;91689	completed	Reactome_preranked_GSEA_fallback	Mitochondrial calcium ion transport	23	normal_up	P1 cancer-minus-normal moderated t	20357	0	1	reactome.db_1.95.0__fgsea_1.36.2	MICU3;VDAC1;VDAC2;PMPCB;STOML2;MICU1;SMDT1
R-HSA-450513	0.465596330275229	0.660924385759334	0.0905428948469474	0.357472011431021	0.995910858557433	17	3842;9261;51013;54512;167227;7529;56915	completed	Reactome_preranked_GSEA_fallback	Tristetraprolin (TTP, ZFP36) binds and destabilizes mRNA	17	cancer_up	P1 cancer-minus-normal moderated t	20357	0	1	reactome.db_1.95.0__fgsea_1.36.2	TNPO1;MAPKAPK2;EXOSC1;EXOSC4;DCP2;YWHAB;EXOSC5
R-HSA-9664407	0.465346534653465	0.660924385759334	0.0949751525905595	0.2710963258463	0.993253536365982	55	10451;7410;4627;10152;26999;4651;5747;63916;147179;2885;10458	completed	Reactome_preranked_GSEA_fallback	Parasite infection	62	cancer_up	P1 cancer-minus-normal moderated t	20357	0	1	reactome.db_1.95.0__fgsea_1.36.2	VAV3;VAV2;MYH9;ABI2;CYFIP2;MYO10;PTK2;ELMO2;WIPF2;GRB2;BAIAP2
R-HSA-9664417	0.465346534653465	0.660924385759334	0.0949751525905595	0.2710963258463	0.993253536365982	55	10451;7410;4627;10152;26999;4651;5747;63916;147179;2885;10458	completed	Reactome_preranked_GSEA_fallback	Leishmania phagocytosis	62	cancer_up	P1 cancer-minus-normal moderated t	20357	0	1	reactome.db_1.95.0__fgsea_1.36.2	VAV3;VAV2;MYH9;ABI2;CYFIP2;MYO10;PTK2;ELMO2;WIPF2;GRB2;BAIAP2
R-HSA-9664422	0.465346534653465	0.660924385759334	0.0949751525905595	0.2710963258463	0.993253536365982	55	10451;7410;4627;10152;26999;4651;5747;63916;147179;2885;10458	completed	Reactome_preranked_GSEA_fallback	FCGR3A-mediated phagocytosis	62	cancer_up	P1 cancer-minus-normal moderated t	20357	0	1	reactome.db_1.95.0__fgsea_1.36.2	VAV3;VAV2;MYH9;ABI2;CYFIP2;MYO10;PTK2;ELMO2;WIPF2;GRB2;BAIAP2
R-HSA-4090294	0.468697123519459	0.663947116944145	0.0738052724171275	-0.32543027320105	-0.985419768713819	30	5468;5465;10062;4306;7068	completed	Reactome_preranked_GSEA_fallback	SUMOylation of intracellular receptors	30	normal_up	P1 cancer-minus-normal moderated t	20357	0	1	reactome.db_1.95.0__fgsea_1.36.2	PPARG;PPARA;NR1H3;NR3C2;THRB
R-HSA-430039	0.468220338983051	0.663947116944145	0.0857844408075645	0.366395334409076	0.983706213107482	15	80153;25804;57819;167227;51690;23658;196513	completed	Reactome_preranked_GSEA_fallback	mRNA decay by 5' to 3' exoribonuclease	15	cancer_up	P1 cancer-minus-normal moderated t	20357	0	1	reactome.db_1.95.0__fgsea_1.36.2	EDC3;LSM4;LSM2;DCP2;LSM7;LSM5;DCP1B
R-HSA-9725371	0.469586374695864	0.664518192763194	0.0934449219410994	0.306168374555884	0.983405397983934	30	1786;891;4343;3065;57690;4204;6500	completed	Reactome_preranked_GSEA_fallback	Nuclear events stimulated by ALK signaling in cancer	32	cancer_up	P1 cancer-minus-normal moderated t	20357	0	1	reactome.db_1.95.0__fgsea_1.36.2	DNMT1;CCNB1;MOV10;HDAC1;TNRC6C;MECP2;SKP1
R-HSA-73780	0.472222222222222	0.667557164196254	0.0902635484340068	0.350994521303994	0.988506478115663	18	5437;9533;55718;11128;27297;171568	completed	Reactome_preranked_GSEA_fallback	RNA Polymerase III Chain Elongation	18	cancer_up	P1 cancer-minus-normal moderated t	20357	0	1	reactome.db_1.95.0__fgsea_1.36.2	POLR2H;POLR1C;POLR3E;POLR3A;CRCP;POLR3H
R-HSA-166166	0.474654377880184	0.66892013872393	0.0683110858318647	-0.258442566804073	-0.992184744881486	105	5519;6285;3725;5602;5781;2353;7099;28512;79671;3656;10133;7311;23643;1848;1845;7316;5604	completed	Reactome_preranked_GSEA_fallback	MyD88-independent TLR4 cascade	111	normal_up	P1 cancer-minus-normal moderated t	20357	0	1	reactome.db_1.95.0__fgsea_1.36.2	PPP2R1B;S100B;JUN;MAPK10;PTPN11;FOS;TLR4;NKIRAS1;NLRX1;IRAK2;OPTN;UBA52;LY96;DUSP6;DUSP3;UBC;MAP2K1
R-HSA-937061	0.474654377880184	0.66892013872393	0.0683110858318647	-0.258442566804073	-0.992184744881486	105	5519;6285;3725;5602;5781;2353;7099;28512;79671;3656;10133;7311;23643;1848;1845;7316;5604	completed	Reactome_preranked_GSEA_fallback	TRIF (TICAM1)-mediated TLR4 signaling	111	normal_up	P1 cancer-minus-normal moderated t	20357	0	1	reactome.db_1.95.0__fgsea_1.36.2	PPP2R1B;S100B;JUN;MAPK10;PTPN11;FOS;TLR4;NKIRAS1;NLRX1;IRAK2;OPTN;UBA52;LY96;DUSP6;DUSP3;UBC;MAP2K1
R-HSA-5676590	0.474123539232053	0.66892013872393	0.0725351864394589	-0.294878019145097	-0.977029241496003	45	5700;7311;7316;6233;9861;5714;5684;5695;5707;5694;5688;5713;5717;5682;1147;10213;5718	completed	Reactome_preranked_GSEA_fallback	NIK-->noncanonical NF-kB signaling	46	normal_up	P1 cancer-minus-normal moderated t	20357	0	1	reactome.db_1.95.0__fgsea_1.36.2	PSMC1;UBA52;UBC;RPS27A;PSMD6;PSMD8;PSMA3;PSMB7;PSMD1;PSMB6;PSMA7;PSMD7;PSMD11;PSMA1;CHUK;PSMD14;PSMD12
R-HSA-70171	0.477157360406091	0.671603965404859	0.0949751525905595	0.25468691094752	0.980567906580502	69	8480;5315;283209;5210;3098;348995;55706;23165;5518;2026;83440;23225;9818;10762;129401;79902;4928	completed	Reactome_preranked_GSEA_fallback	Glycolysis	72	cancer_up	P1 cancer-minus-normal moderated t	20357	0	1	reactome.db_1.95.0__fgsea_1.36.2	RAE1;PKM;PGM2L1;PFKFB4;HK1;NUP43;NDC1;NUP205;PPP2R1A;ENO2;ADPGK;NUP210;NUP58;NUP50;NUP35;NUP85;NUP98
R-HSA-888590	0.477541371158393	0.671603965404859	0.0908241419007155	0.342351631089348	0.973875319169023	19	6804;80331;18;22999;10815;6857;2571;6616;5864	completed	Reactome_preranked_GSEA_fallback	GABA synthesis, release, reuptake and degradation	19	cancer_up	P1 cancer-minus-normal moderated t	20357	0	1	reactome.db_1.95.0__fgsea_1.36.2	STX1A;DNAJC5;ABAT;RIMS1;CPLX1;SYT1;GAD1;SNAP25;RAB3A
R-HSA-72706	0.481832543443918	0.676247522472111	0.0689567351672811	-0.260666806459943	-0.984985696376017	95	6224;6230;1965;6135;7311;51386;51065;8665;6176;9045;6124;6207;6161;6166;6233;1975;8669;6164;6125;1974;6133;6189;8668;140801;6201;9349;6167;6138;6194;6169;1983;6173;6228;8661;6137;6235;10480;6209;6217	completed	Reactome_preranked_GSEA_fallback	GTP hydrolysis and joining of the 60S ribosomal subunit	113	normal_up	P1 cancer-minus-normal moderated t	20357	0	1	reactome.db_1.95.0__fgsea_1.36.2	RPS20;RPS25;EIF2S1;RPL11;UBA52;EIF3L;RPS27L;EIF3F;RPLP1;RPL14;RPL4;RPS13;RPL32;RPL36AL;RPS27A;EIF4B;EIF3J;RPL34;RPL5;EIF4A2;RPL9;RPS3A;EIF3I;RPL10L;RPS7;RPL23;RPL37;RPL15;RPS6;RPL38;EIF5;RPL36A;RPS23;EIF3A;RPL13;RPS29;EIF3M;RPS15;RPS16
R-HSA-9013420	0.481481481481482	0.676247522472111	0.0928481214159878	0.284457094360995	0.983604186760076	40	5296;11180;4646;10298;81839;9231;8027;2885;5058;23380;28964;1213;9146	completed	Reactome_preranked_GSEA_fallback	RHOU GTPase cycle	40	cancer_up	P1 cancer-minus-normal moderated t	20357	0	1	reactome.db_1.95.0__fgsea_1.36.2	PIK3R2;WDR6;MYO6;PAK4;VANGL1;DLG5;STAM;GRB2;PAK1;SRGAP2;GIT1;CLTC;HGS
R-HSA-6794361	0.483950617283951	0.678523583412472	0.0925528864684773	0.269006296144672	0.972418137130611	52	1741;57669;22941;22839;6804;9456;9454;9066;10611;9455;8573;9546;91683	completed	Reactome_preranked_GSEA_fallback	Neurexins and neuroligins	54	cancer_up	P1 cancer-minus-normal moderated t	20357	0	1	reactome.db_1.95.0__fgsea_1.36.2	DLG3;EPB41L5;SHANK2;DLGAP4;STX1A;HOMER1;HOMER3;SYT7;PDLIM5;HOMER2;CASK;APBA3;SYT12
R-HSA-9617324	0.484536082474227	0.678648386006422	0.0728938564822936	-0.346214176921276	-0.967199345659868	21	8536;801	completed	Reactome_preranked_GSEA_fallback	Negative regulation of NMDA receptor-mediated neuronal transmission	22	normal_up	P1 cancer-minus-normal moderated t	20357	0	1	reactome.db_1.95.0__fgsea_1.36.2	CAMK1;CALM1
R-HSA-5368286	0.486312399355878	0.678912129635908	0.0694481442003175	-0.263443912829973	-0.980569861847606	83	219402;65008;123263;92259;51023;9553;64968;26589;54948;65080;10240;64960;64976;51318;124995;23107;5018;54534;64981;57129;51258;63931;116541;6150;51253;64963;9801;7818;51081;28957;64979;51073;51642	completed	Reactome_preranked_GSEA_fallback	Mitochondrial translation initiation	87	normal_up	P1 cancer-minus-normal moderated t	20357	0	1	reactome.db_1.95.0__fgsea_1.36.2	MTIF3;MRPL1;MTFMT;KGD4;MRPS18C;MRPL33;MRPS6;MRPL46;MRPL16;MRPL44;MRPS31;MRPS15;MRPL40;MRPL35;MRPL10;MRPS27;OXA1L;MRPL50;MRPL34;MRPL47;MRPL51;MRPS14;MRPL54;MRPL23;MRPL37;MRPS11;MRPL19;DAP3;MRPS7;MRPS28;MRPL36;MRPL4;MRPL48
R-HSA-450385	0.486238532110092	0.678912129635908	0.0880945010398517	0.351042612661576	0.977998664473055	17	9261;51013;54512;167227;7529;56915;207	completed	Reactome_preranked_GSEA_fallback	Butyrate Response Factor 1 (BRF1) binds and destabilizes mRNA	17	cancer_up	P1 cancer-minus-normal moderated t	20357	0	1	reactome.db_1.95.0__fgsea_1.36.2	MAPKAPK2;EXOSC1;EXOSC4;DCP2;YWHAB;EXOSC5;AKT1
R-HSA-350562	0.48671096345515	0.678912129635908	0.0709609456938284	-0.306634370550452	-0.973161812185729	37	5700;1728;4953;9861;5714;5684;5695;5707;5694;5688;5713;5717;5682;10213;5718	completed	Reactome_preranked_GSEA_fallback	Regulation of ornithine decarboxylase (ODC)	38	normal_up	P1 cancer-minus-normal moderated t	20357	0	1	reactome.db_1.95.0__fgsea_1.36.2	PSMC1;NQO1;ODC1;PSMD6;PSMD8;PSMA3;PSMB7;PSMD1;PSMB6;PSMA7;PSMD7;PSMD11;PSMA1;PSMD14;PSMD12
R-HSA-373753	0.485370051635112	0.678912129635908	0.0728938564822936	-0.341475598770423	-0.96917369610319	23	5290;6711;2534;9863;55243;4690;5295;4868	completed	Reactome_preranked_GSEA_fallback	Nephrin family interactions	23	normal_up	P1 cancer-minus-normal moderated t	20357	0	1	reactome.db_1.95.0__fgsea_1.36.2	PIK3CA;SPTBN1;FYN;MAGI2;KIRREL1;NCK1;PIK3R1;NPHS1
R-HSA-5609975	0.491773308957952	0.685274325530603	0.0753093764172773	-0.373372780314025	-0.969187718244666	16	79947;5236;2592	completed	Reactome_preranked_GSEA_fallback	Diseases associated with glycosylation precursor biosynthesis	16	normal_up	P1 cancer-minus-normal moderated t	20357	0	1	reactome.db_1.95.0__fgsea_1.36.2	DHDDS;PGM1;GALT
R-HSA-3560782	0.494932432432433	0.688974170198712	0.0709609456938284	-0.298608152546644	-0.97038345397296	41	2719;5549;10082;4958;4969;2331;6383;1634;9060;9469;1464;2262	completed	Reactome_preranked_GSEA_fallback	Diseases associated with glycosaminoglycan metabolism	41	normal_up	P1 cancer-minus-normal moderated t	20357	0	1	reactome.db_1.95.0__fgsea_1.36.2	GPC3;PRELP;GPC6;OMD;OGN;FMOD;SDC2;DCN;PAPSS2;CHST3;CSPG4;GPC5
R-HSA-5621575	0.498281786941581	0.692931030263623	0.0714786287425507	-0.344256281484108	-0.961729681758353	21	30835;2534;3384;5568	completed	Reactome_preranked_GSEA_fallback	CD209 (DC-SIGN) signaling	21	normal_up	P1 cancer-minus-normal moderated t	20357	0	1	reactome.db_1.95.0__fgsea_1.36.2	CD209;FYN;ICAM2;PRKACG
R-HSA-1236975	0.504731861198738	0.695414291795143	0.0665892104103933	-0.259302582047007	-0.97331533157689	90	4360;948;9554;9341;6271;7099;5700;7311;4688;23643;7316;4012;4689;6233;9861;929;3693;1536;5714;1520;1514;2243;5684;1535	completed	Reactome_preranked_GSEA_fallback	Antigen processing-Cross presentation	98	normal_up	P1 cancer-minus-normal moderated t	20357	0	1	reactome.db_1.95.0__fgsea_1.36.2	MRC1;CD36;SEC22B;VAMP3;S100A1;TLR4;PSMC1;UBA52;NCF2;LY96;UBC;LNPEP;NCF4;RPS27A;PSMD6;CD14;ITGB5;CYBB;PSMD8;CTSS;CTSL;FGA;PSMA3;CYBA
R-HSA-190828	0.50253807106599	0.695414291795143	0.0702812841717392	-0.30843619626001	-0.968946320130669	36	84617;1601;127534;2701;125111;7280;2703;8218;1211;57369;10382;51807;2700;57165;10052	completed	Reactome_preranked_GSEA_fallback	Gap junction trafficking	49	normal_up	P1 cancer-minus-normal moderated t	20357	0	1	reactome.db_1.95.0__fgsea_1.36.2	TUBB6;DAB2;GJB4;GJA4;GJD3;TUBB2A;GJA8;CLTCL1;CLTA;GJD2;TUBB4A;TUBA8;GJA3;GJC2;GJC1
R-HSA-9753281	0.502439024390244	0.695414291795143	0.0897104652742981	0.318325033130776	0.967100432676835	24	9;124975;10057;6817;2686;1571;4363	completed	Reactome_preranked_GSEA_fallback	Paracetamol ADME	29	cancer_up	P1 cancer-minus-normal moderated t	20357	0	1	reactome.db_1.95.0__fgsea_1.36.2	NAT1;GGT6;ABCC5;SULT1A1;GGT7;CYP2E1;ABCC1
R-HSA-70326	0.503225806451613	0.695414291795143	0.0678338263479455	-0.261259468180061	-0.965906477043595	80	5105;5207;5519;230;5091;5209	completed	Reactome_preranked_GSEA_fallback	Glucose metabolism	83	normal_up	P1 cancer-minus-normal moderated t	20357	0	1	reactome.db_1.95.0__fgsea_1.36.2	PCK1;PFKFB1;PPP2R1B;ALDOC;PC;PFKFB3
R-HSA-5625900	0.501182033096927	0.695414291795143	0.0880945010398517	0.339110713086469	0.964655996788664	19	9055;4627;11113;9928;387;389	completed	Reactome_preranked_GSEA_fallback	RHO GTPases activate CIT	19	cancer_up	P1 cancer-minus-normal moderated t	20357	0	1	reactome.db_1.95.0__fgsea_1.36.2	PRC1;MYH9;CIT;KIF14;RHOA;RHOC
R-HSA-198753	0.505154639175258	0.695414291795143	0.0707899094502623	-0.342280855619265	-0.956211044073248	21	5519;1848;1845;4208;6197;5516;4205	completed	Reactome_preranked_GSEA_fallback	ERK/MAPK targets	22	normal_up	P1 cancer-minus-normal moderated t	20357	0	1	reactome.db_1.95.0__fgsea_1.36.2	PPP2R1B;DUSP6;DUSP3;MEF2C;RPS6KA3;PPP2CB;MEF2A
R-HSA-167160	0.504258943781942	0.695414291795143	0.0704500850658419	-0.328909278704655	-0.95513265089647	25	902;5441;5434;2963;4331;404672	completed	Reactome_preranked_GSEA_fallback	RNA Pol II CTD phosphorylation and interaction with CE during HIV infection	27	normal_up	P1 cancer-minus-normal moderated t	20357	0	1	reactome.db_1.95.0__fgsea_1.36.2	CCNH;POLR2L;POLR2E;GTF2F2;MNAT1;GTF2H5
R-HSA-77075	0.504258943781942	0.695414291795143	0.0704500850658419	-0.328909278704655	-0.95513265089647	25	902;5441;5434;2963;4331;404672	completed	Reactome_preranked_GSEA_fallback	RNA Pol II CTD phosphorylation and interaction with CE	27	normal_up	P1 cancer-minus-normal moderated t	20357	0	1	reactome.db_1.95.0__fgsea_1.36.2	CCNH;POLR2L;POLR2E;GTF2F2;MNAT1;GTF2H5
R-HSA-2691230	0.504237288135593	0.695414291795143	0.0817515582532145	0.355467326333901	0.954366457846198	15	54492;3714;6868;102;142678	completed	Reactome_preranked_GSEA_fallback	Signaling by NOTCH1 HD Domain Mutants in Cancer	15	cancer_up	P1 cancer-minus-normal moderated t	20357	0	1	reactome.db_1.95.0__fgsea_1.36.2	NEURL1B;JAG2;ADAM17;ADAM10;MIB2
R-HSA-2691232	0.504237288135593	0.695414291795143	0.0817515582532145	0.355467326333901	0.954366457846198	15	54492;3714;6868;102;142678	completed	Reactome_preranked_GSEA_fallback	Constitutive Signaling by NOTCH1 HD Domain Mutants	15	cancer_up	P1 cancer-minus-normal moderated t	20357	0	1	reactome.db_1.95.0__fgsea_1.36.2	NEURL1B;JAG2;ADAM17;ADAM10;MIB2
R-HSA-168638	0.506082725060827	0.695991031346228	0.0891647117820678	0.287881479667922	0.961822840884354	35	5603;835;3551;64127;257397;1540;3654	completed	Reactome_preranked_GSEA_fallback	NOD1/2 Signaling Pathway	37	cancer_up	P1 cancer-minus-normal moderated t	20357	0	1	reactome.db_1.95.0__fgsea_1.36.2	MAPK13;CASP2;IKBKB;NOD2;TAB3;CYLD;IRAK1
R-HSA-209776	0.507692307692308	0.697502899110939	0.0702812841717392	-0.339609856495833	-0.955994791823233	22	857;1735;6528	completed	Reactome_preranked_GSEA_fallback	Metabolism of amine-derived hormones	22	normal_up	P1 cancer-minus-normal moderated t	20357	0	1	reactome.db_1.95.0__fgsea_1.36.2	CAV1;DIO3;SLC5A5
R-HSA-168255	0.509090909090909	0.698722161372764	0.101713902282311	0.229812832389293	0.980001118775894	137	8480;6229;5437;3838;6134;348995;9636;6168;55706;6129;8106;23165;6132;5430;23225;6227;9818;116832;10762;7514;5433;129401;79902;4928;142	completed	Reactome_preranked_GSEA_fallback	Influenza Infection	163	cancer_up	P1 cancer-minus-normal moderated t	20357	0	1	reactome.db_1.95.0__fgsea_1.36.2	RAE1;RPS24;POLR2H;KPNA2;RPL10;NUP43;ISG15;RPL37A;NDC1;RPL7;PABPN1;NUP205;RPL8;POLR2A;NUP210;RPS21;NUP58;RPL39L;NUP50;XPO1;POLR2D;NUP35;NUP85;NUP98;PARP1
R-HSA-9931509	0.510791366906475	0.699651100762677	0.0878312634480124	0.288044759259891	0.960721030661695	34	10743;6097;23054;200186;10499;1387;5469;4862;2033;10498;85441	completed	Reactome_preranked_GSEA_fallback	Expression of BMAL (ARNTL), CLOCK, and NPAS2	35	cancer_up	P1 cancer-minus-normal moderated t	20357	0	1	reactome.db_1.95.0__fgsea_1.36.2	RAI1;RORC;NCOA6;CRTC2;NCOA2;CREBBP;MED1;NPAS2;EP300;CARM1;HELZ2
R-HSA-193639	0.510593220338983	0.699651100762677	0.0810802057550866	0.354032107835838	0.950513151810006	15	5584;3551;3654;4615;5970;8878	completed	Reactome_preranked_GSEA_fallback	p75NTR signals via NF-kB	15	cancer_up	P1 cancer-minus-normal moderated t	20357	0	1	reactome.db_1.95.0__fgsea_1.36.2	PRKCI;IKBKB;IRAK1;MYD88;RELA;SQSTM1
R-HSA-2022870	0.511904761904762	0.700474283807617	0.0873098257637931	0.32613345761435	0.954620408410131	21	54480;51363;22856;1462;79586	completed	Reactome_preranked_GSEA_fallback	CS-GAG biosynthesis	21	cancer_up	P1 cancer-minus-normal moderated t	20357	0	1	reactome.db_1.95.0__fgsea_1.36.2	CHPF2;CHST15;CHSY1;VCAN;CHPF
R-HSA-9616222	0.512755102040816	0.700936224489796	0.0911073131586733	0.255446350460818	0.970214309585748	66	4602;51176;3014;8349;8357;85236;8334;2624;1017;1869;8365;2033;8337;8347;5371;688;3020;3021;6774;2672	completed	Reactome_preranked_GSEA_fallback	Transcriptional regulation of granulopoiesis	89	cancer_up	P1 cancer-minus-normal moderated t	20357	0	1	reactome.db_1.95.0__fgsea_1.36.2	MYB;LEF1;H2AX;H2BC21;H3C10;H2BC12;H2AC6;GATA2;CDK2;E2F1;H4C8;EP300;H2AC18;H2BC4;PML;KLF5;H3-3A;H3-3B;STAT3;GFI1
R-HSA-9022692	0.514634146341463	0.702802075972808	0.0883594442500905	0.296786806227486	0.971092590490471	32	818;4343;3065;25942;57690;3064;4204	completed	Reactome_preranked_GSEA_fallback	Regulation of MECP2 expression and activity	33	cancer_up	P1 cancer-minus-normal moderated t	20357	0	1	reactome.db_1.95.0__fgsea_1.36.2	CAMK2G;MOV10;HDAC1;SIN3A;TNRC6C;HTT;MECP2
R-HSA-373755	0.517529215358932	0.702817863607232	0.0681513438679483	-0.274592895106325	-0.971550169728556	62	91584;7094;10371;6237;2534;9475;8829;3672;1808	completed	Reactome_preranked_GSEA_fallback	Semaphorin interactions	63	normal_up	P1 cancer-minus-normal moderated t	20357	0	1	reactome.db_1.95.0__fgsea_1.36.2	PLXNA4;TLN1;SEMA3A;RRAS;FYN;ROCK2;NRP1;ITGA1;DPYSL2
R-HSA-5419276	0.517350157728707	0.702817863607232	0.0653834195468773	-0.256989683293833	-0.964633660152416	90	65008;92259;51023;9553;64968;26589;54948;65080;10240;4536;64960;64976;51318;124995;4538;4512;23107;4508;5018;54534;64981;57129;51258;54516;63931;116541;4513;6150;51253;64963;9801;7818;51081;28957;64979;51073;51642	completed	Reactome_preranked_GSEA_fallback	Mitochondrial translation termination	101	normal_up	P1 cancer-minus-normal moderated t	20357	0	1	reactome.db_1.95.0__fgsea_1.36.2	MRPL1;KGD4;MRPS18C;MRPL33;MRPS6;MRPL46;MRPL16;MRPL44;MRPS31;MT-ND2;MRPS15;MRPL40;MRPL35;MRPL10;MT-ND4;MT-CO1;MRPS27;MT-ATP6;OXA1L;MRPL50;MRPL34;MRPL47;MRPL51;MTRF1L;MRPS14;MRPL54;MT-CO2;MRPL23;MRPL37;MRPS11;MRPL19;DAP3;MRPS7;MRPS28;MRPL36;MRPL4;MRPL48
R-HSA-9646399	0.516239316239316	0.702817863607232	0.0694481442003175	-0.310864754102739	-0.963768368483724	34	7431;84617;7311;1783;7316;7280;6233;1068;10382;51807;1080;11315;1780	completed	Reactome_preranked_GSEA_fallback	Aggrephagy	44	normal_up	P1 cancer-minus-normal moderated t	20357	0	1	reactome.db_1.95.0__fgsea_1.36.2	VIM;TUBB6;UBA52;DYNC1LI2;UBC;TUBB2A;RPS27A;CETN1;TUBB4A;TUBA8;CFTR;PARK7;DYNC1I1
R-HSA-73863	0.516990291262136	0.702817863607232	0.0878312634480124	0.29705355252612	0.961818211499942	31	7343;5437;9533;79101;9013;25885;6908;2068	completed	Reactome_preranked_GSEA_fallback	RNA Polymerase I Transcription Termination	34	cancer_up	P1 cancer-minus-normal moderated t	20357	0	1	reactome.db_1.95.0__fgsea_1.36.2	UBTF;POLR2H;POLR1C;TAF1D;TAF1C;POLR1A;TBP;ERCC2
R-HSA-8849932	0.517730496453901	0.702817863607232	0.0862865626267245	0.336911985377426	0.958401355493114	19	1741;5792	completed	Reactome_preranked_GSEA_fallback	Synaptic adhesion-like molecules	19	cancer_up	P1 cancer-minus-normal moderated t	20357	0	1	reactome.db_1.95.0__fgsea_1.36.2	DLG3;PTPRF
R-HSA-1839117	0.515789473684211	0.702817863607232	0.0707899094502623	-0.355863332719231	-0.95607200773855	18	6776;5290;9846;6777	completed	Reactome_preranked_GSEA_fallback	Signaling by cytosolic FGFR1 fusion mutants	18	normal_up	P1 cancer-minus-normal moderated t	20357	0	1	reactome.db_1.95.0__fgsea_1.36.2	STAT5A;PIK3CA;GAB2;STAT5B
R-HSA-437239	0.5225	0.70858878968254	0.088894528862045	0.284194660666075	0.953540994299976	37	57698;24137;163;7277;6195;27330;9252;7430;1213;26052;6714;8650;79861;3897;1173;80086	completed	Reactome_preranked_GSEA_fallback	Recycling pathway of L1	49	cancer_up	P1 cancer-minus-normal moderated t	20357	0	1	reactome.db_1.95.0__fgsea_1.36.2	SHTN1;KIF4A;AP2B1;TUBA4A;RPS6KA1;RPS6KA6;RPS6KA5;EZR;CLTC;DNM3;SRC;NUMB;TUBAL3;L1CAM;AP2M1;TUBA4B
R-HSA-139853	0.523076923076923	0.708668140580926	0.0817515582532145	0.339532200215227	0.929168803731161	16	80228;5025	completed	Reactome_preranked_GSEA_fallback	Elevation of cytosolic Ca2+ levels	16	cancer_up	P1 cancer-minus-normal moderated t	20357	0	1	reactome.db_1.95.0__fgsea_1.36.2	ORAI2;P2RX4
R-HSA-373760	0.523882896764253	0.709057346412607	0.0636424081651019	-0.253380623584557	-0.974451858924562	106	287;6335;6330;10752;84617;6711;8828;1956;5962;6327;1459;6329;8829;3672;1808;2260;5604;7280;6331;3915;6197;3680;1211;3912;10382;6324;1739;11280;2596;3690;57731;4684;51807	completed	Reactome_preranked_GSEA_fallback	L1CAM interactions	120	normal_up	P1 cancer-minus-normal moderated t	20357	0	1	reactome.db_1.95.0__fgsea_1.36.2	ANK2;SCN9A;SCN4B;CHL1;TUBB6;SPTBN1;NRP2;EGFR;RDX;SCN2B;CSNK2A2;SCN4A;NRP1;ITGA1;DPYSL2;FGFR1;MAP2K1;TUBB2A;SCN5A;LAMC1;RPS6KA3;ITGA9;CLTA;LAMB1;TUBB4A;SCN1B;DLG1;SCN11A;GAP43;ITGB3;SPTBN4;NCAM1;TUBA8
R-HSA-180292	0.528336380255942	0.711902370294467	0.0716527366829457	-0.366935206756024	-0.952477294891193	16	5290;5781;1956;1839;5295;2069;685	completed	Reactome_preranked_GSEA_fallback	GAB1 signalosome	17	normal_up	P1 cancer-minus-normal moderated t	20357	0	1	reactome.db_1.95.0__fgsea_1.36.2	PIK3CA;PTPN11;EGFR;HBEGF;PIK3R1;EREG;BTC
R-HSA-75815	0.527731092436975	0.711902370294467	0.0675188953767744	-0.29739243872302	-0.945720102908044	38	5700;7311;7316;6233;9861;5714;5684;5695;5707;5694;5688;5713;5717;5682;10213;5718	completed	Reactome_preranked_GSEA_fallback	Ubiquitin-dependent degradation of Cyclin D	39	normal_up	P1 cancer-minus-normal moderated t	20357	0	1	reactome.db_1.95.0__fgsea_1.36.2	PSMC1;UBA52;UBC;RPS27A;PSMD6;PSMD8;PSMA3;PSMB7;PSMD1;PSMB6;PSMA7;PSMD7;PSMD11;PSMA1;PSMD14;PSMD12
R-HSA-72086	0.528716216216216	0.711902370294467	0.0676760401641789	-0.318646134317262	-0.944256175886306	27	902;5441;5434;2963;4331;404672	completed	Reactome_preranked_GSEA_fallback	mRNA Capping	29	normal_up	P1 cancer-minus-normal moderated t	20357	0	1	reactome.db_1.95.0__fgsea_1.36.2	CCNH;POLR2L;POLR2E;GTF2F2;MNAT1;GTF2H5
R-HSA-9669938	0.529109589041096	0.711902370294467	0.0683110858318647	-0.338814942720481	-0.937077021089485	20	6776;5290;6777;2534	completed	Reactome_preranked_GSEA_fallback	Signaling by KIT in disease	20	normal_up	P1 cancer-minus-normal moderated t	20357	0	1	reactome.db_1.95.0__fgsea_1.36.2	STAT5A;PIK3CA;STAT5B;FYN
R-HSA-9670439	0.529109589041096	0.711902370294467	0.0683110858318647	-0.338814942720481	-0.937077021089485	20	6776;5290;6777;2534	completed	Reactome_preranked_GSEA_fallback	Signaling by phosphorylated juxtamembrane, extracellular and kinase domain KIT mutants	20	normal_up	P1 cancer-minus-normal moderated t	20357	0	1	reactome.db_1.95.0__fgsea_1.36.2	STAT5A;PIK3CA;STAT5B;FYN
R-HSA-74259	0.528268551236749	0.711902370294467	0.0699458736501659	-0.352768390181481	-0.935803030199299	17	56985;4907;55270	completed	Reactome_preranked_GSEA_fallback	Purine catabolism	18	normal_up	P1 cancer-minus-normal moderated t	20357	0	1	reactome.db_1.95.0__fgsea_1.36.2	ADPRM;NT5E;NUDT15
R-HSA-9707616	0.530782029950083	0.713450378507142	0.0667426134241917	-0.286377759927834	-0.947571312952566	44	338;5465;7099;10891;23643;4780;10424;23411;4208;8648;80205;1386	completed	Reactome_preranked_GSEA_fallback	Heme signaling	48	normal_up	P1 cancer-minus-normal moderated t	20357	0	1	reactome.db_1.95.0__fgsea_1.36.2	APOB;PPARA;TLR4;PPARGC1A;LY96;NFE2L2;PGRMC2;SIRT1;MEF2C;NCOA1;CHD9;ATF2
R-HSA-168142	0.533333333333333	0.714771241830065	0.0642140881844605	-0.254513526917799	-0.958357095045925	92	5519;6285;3725;5602;57161;2353;28512;79671;3656;7311;1848;1845;7316;5604	completed	Reactome_preranked_GSEA_fallback	Toll Like Receptor 10 (TLR10) Cascade	97	normal_up	P1 cancer-minus-normal moderated t	20357	0	1	reactome.db_1.95.0__fgsea_1.36.2	PPP2R1B;S100B;JUN;MAPK10;PELI2;FOS;NKIRAS1;NLRX1;IRAK2;UBA52;DUSP6;DUSP3;UBC;MAP2K1
R-HSA-168176	0.533333333333333	0.714771241830065	0.0642140881844605	-0.254513526917799	-0.958357095045925	92	5519;6285;3725;5602;57161;2353;28512;79671;3656;7311;1848;1845;7316;5604	completed	Reactome_preranked_GSEA_fallback	Toll Like Receptor 5 (TLR5) Cascade	97	normal_up	P1 cancer-minus-normal moderated t	20357	0	1	reactome.db_1.95.0__fgsea_1.36.2	PPP2R1B;S100B;JUN;MAPK10;PELI2;FOS;NKIRAS1;NLRX1;IRAK2;UBA52;DUSP6;DUSP3;UBC;MAP2K1
R-HSA-975871	0.533333333333333	0.714771241830065	0.0642140881844605	-0.254513526917799	-0.958357095045925	92	5519;6285;3725;5602;57161;2353;28512;79671;3656;7311;1848;1845;7316;5604	completed	Reactome_preranked_GSEA_fallback	MyD88 cascade initiated on plasma membrane	97	normal_up	P1 cancer-minus-normal moderated t	20357	0	1	reactome.db_1.95.0__fgsea_1.36.2	PPP2R1B;S100B;JUN;MAPK10;PELI2;FOS;NKIRAS1;NLRX1;IRAK2;UBA52;DUSP6;DUSP3;UBC;MAP2K1
R-HSA-5668541	0.536231884057971	0.71534645701787	0.0646484568421928	-0.257737985592996	-0.959331715851472	83	5700;8742;944;7311;7316;8744;6233;958;1896;9861;7293;5714;5684;7133;8718;5695;959;5707;5694;5688;5713;5717;60401;5682;970;8600;1147;10213;5718;943	completed	Reactome_preranked_GSEA_fallback	TNFR2 non-canonical NF-kB pathway	86	normal_up	P1 cancer-minus-normal moderated t	20357	0	1	reactome.db_1.95.0__fgsea_1.36.2	PSMC1;TNFSF12;TNFSF8;UBA52;UBC;TNFSF9;RPS27A;CD40;EDA;PSMD6;TNFRSF4;PSMD8;PSMA3;TNFRSF1B;TNFRSF25;PSMB7;CD40LG;PSMD1;PSMB6;PSMA7;PSMD7;PSMD11;EDA2R;PSMA1;CD70;TNFSF11;CHUK;PSMD14;PSMD12;TNFRSF8
R-HSA-167152	0.536231884057971	0.71534645701787	0.0855356947987884	0.272933723472366	0.958167319177296	42	5437;904;7469;905;6749;5430;25920;1025;5433;6829;2068;2968;5431;6917;1022;11198	completed	Reactome_preranked_GSEA_fallback	Formation of HIV elongation complex in the absence of HIV Tat	45	cancer_up	P1 cancer-minus-normal moderated t	20357	0	1	reactome.db_1.95.0__fgsea_1.36.2	POLR2H;CCNT1;NELFA;CCNT2;SSRP1;POLR2A;NELFB;CDK9;POLR2D;SUPT5H;ERCC2;GTF2H4;POLR2B;TCEA1;CDK7;SUPT16H
R-HSA-6794362	0.535248041775457	0.71534645701787	0.0899860794997137	0.242728204875617	0.955680128486745	81	1741;57669;22941;22839;8541;84189;5792;6804;9456;8496;9454;9066;10611;79414;9455;8573;9546	completed	Reactome_preranked_GSEA_fallback	Protein-protein interactions at synapses	83	cancer_up	P1 cancer-minus-normal moderated t	20357	0	1	reactome.db_1.95.0__fgsea_1.36.2	DLG3;EPB41L5;SHANK2;DLGAP4;PPFIA3;SLITRK6;PTPRF;STX1A;HOMER1;PPFIBP1;HOMER3;SYT7;PDLIM5;LRFN3;HOMER2;CASK;APBA3
R-HSA-8955332	0.536379018612521	0.71534645701787	0.0670512579829467	-0.30560250588451	-0.95266158638362	35	84617;374969;158135;7280;91978;340351;254173;123624;79739;10382;9654;84871;51807;164395;83887	completed	Reactome_preranked_GSEA_fallback	Carboxyterminal post-translational modifications of tubulin	44	normal_up	P1 cancer-minus-normal moderated t	20357	0	1	reactome.db_1.95.0__fgsea_1.36.2	TUBB6;SVBP;TTLL11;TUBB2A;TPGS1;AGBL3;TTLL10;AGBL1;TTLL7;TUBB4A;TTLL4;AGBL4;TUBA8;TTLL9;TTLL2
R-HSA-354192	0.536256323777403	0.71534645701787	0.0668966276500666	-0.319536084372414	-0.939568633796036	26	7094;54518;5906;1398;6654;5908;7450	completed	Reactome_preranked_GSEA_fallback	Integrin signaling	27	normal_up	P1 cancer-minus-normal moderated t	20357	0	1	reactome.db_1.95.0__fgsea_1.36.2	TLN1;APBB1IP;RAP1A;CRK;SOS1;RAP1B;VWF
R-HSA-420499	0.538983050847458	0.718118743185648	0.0668966276500666	-0.309110520146915	-0.942159926816057	31	259285;80835;2913;2912;2911;846;50836;50834;50840;50837;50832;2914;5726;50839;80834;2918	completed	Reactome_preranked_GSEA_fallback	Class C/3 (Metabotropic glutamate/pheromone receptors)	39	normal_up	P1 cancer-minus-normal moderated t	20357	0	1	reactome.db_1.95.0__fgsea_1.36.2	TAS2R39;TAS1R1;GRM3;GRM2;GRM1;CASR;TAS2R8;TAS2R1;TAS2R14;TAS2R7;TAS2R4;GRM4;TAS2R38;TAS2R10;TAS1R2;GRM8
R-HSA-2559582	0.541009463722397	0.719772758764029	0.0632191170859458	-0.254874108191723	-0.954819342955128	88	1031;3725;1030;2353;3569;7311;246184;7316;119504;8354;27287;1051;8340;8368;6233;8881;10393;6197;8968;8359	completed	Reactome_preranked_GSEA_fallback	Senescence-Associated Secretory Phenotype (SASP)	111	normal_up	P1 cancer-minus-normal moderated t	20357	0	1	reactome.db_1.95.0__fgsea_1.36.2	CDKN2C;JUN;CDKN2B;FOS;IL6;UBA52;CDC26;UBC;ANAPC16;H3C11;VENTX;CEBPB;H2BC13;H4C13;RPS27A;CDC16;ANAPC10;RPS6KA3;H3C7;H4C1
R-HSA-9659379	0.542622950819672	0.719772758764029	0.0649407684612899	-0.262701000855398	-0.953310616538438	70	6711;11078;4641;10518;5962;259236;53405;4354;2036;64072;23136;9132;2059;339768;494513;830;161497	completed	Reactome_preranked_GSEA_fallback	Sensory processing of sound	76	normal_up	P1 cancer-minus-normal moderated t	20357	0	1	reactome.db_1.95.0__fgsea_1.36.2	SPTBN1;TRIOBP;MYO1C;CIB2;RDX;TMIE;CLIC5;MPP1;EPB41L1;CDH23;EPB41L3;KCNQ4;EPS8;ESPNL;PJVK;CAPZA2;STRC
R-HSA-9609523	0.541966426858513	0.719772758764029	0.0845557442441281	0.319191714007189	0.94865428913049	22	27230;351;6804;6449;8266	completed	Reactome_preranked_GSEA_fallback	Insertion of tail-anchored proteins into the endoplasmic reticulum membrane	22	cancer_up	P1 cancer-minus-normal moderated t	20357	0	1	reactome.db_1.95.0__fgsea_1.36.2	SERP1;APP;STX1A;SGTA;UBL4A
R-HSA-4791275	0.542662116040956	0.719772758764029	0.0668966276500666	-0.306422992931739	-0.945139635842384	33	5519;8322;7855;5525	completed	Reactome_preranked_GSEA_fallback	Signaling by WNT in cancer	34	normal_up	P1 cancer-minus-normal moderated t	20357	0	1	reactome.db_1.95.0__fgsea_1.36.2	PPP2R1B;FZD4;FZD5;PPP2R5A
R-HSA-9665348	0.542857142857143	0.719772758764029	0.0797705918628453	0.336907307532175	0.921985483879057	16	2064;3845;5335;2885;6464;4893;1950;3265	completed	Reactome_preranked_GSEA_fallback	Signaling by ERBB2 ECD mutants	16	cancer_up	P1 cancer-minus-normal moderated t	20357	0	1	reactome.db_1.95.0__fgsea_1.36.2	ERBB2;KRAS;PLCG1;GRB2;SHC1;NRAS;EGF;HRAS
R-HSA-416993	0.545871559633028	0.721669653789505	0.0817515582532145	0.337289137759896	0.939681720601987	17	4905;163;23426	completed	Reactome_preranked_GSEA_fallback	Trafficking of GluR2-containing AMPA receptors	17	cancer_up	P1 cancer-minus-normal moderated t	20357	0	1	reactome.db_1.95.0__fgsea_1.36.2	NSF;AP2B1;GRIP1
R-HSA-196299	0.545871559633028	0.721669653789505	0.0817515582532145	0.337149863866028	0.939293705935715	17	23401;1452;2932;5518;324;5527;8312;1499;5528;5529;10023	completed	Reactome_preranked_GSEA_fallback	Beta-catenin phosphorylation cascade	17	cancer_up	P1 cancer-minus-normal moderated t	20357	0	1	reactome.db_1.95.0__fgsea_1.36.2	FRAT2;CSNK1A1;GSK3B;PPP2R1A;APC;PPP2R5C;AXIN1;CTNNB1;PPP2R5D;PPP2R5E;FRAT1
R-HSA-9614657	0.545283018867925	0.721669653789505	0.0716527366829457	-0.367139234891253	-0.927648483905351	15	2308;65018;604;10370	completed	Reactome_preranked_GSEA_fallback	FOXO-mediated transcription of cell death genes	15	normal_up	P1 cancer-minus-normal moderated t	20357	0	1	reactome.db_1.95.0__fgsea_1.36.2	FOXO1;PINK1;BCL6;CITED2
R-HSA-4641258	0.546979865771812	0.722436209188471	0.0656813601934011	-0.288786453139527	-0.948766100572734	43	5700;7311;7316;23072;6233;9861;5714;5684;5695;5707;5694;5688;5713;5717;5682;10213;5718	completed	Reactome_preranked_GSEA_fallback	Degradation of DVL	44	normal_up	P1 cancer-minus-normal moderated t	20357	0	1	reactome.db_1.95.0__fgsea_1.36.2	PSMC1;UBA52;UBC;HECW1;RPS27A;PSMD6;PSMD8;PSMA3;PSMB7;PSMD1;PSMB6;PSMA7;PSMD7;PSMD11;PSMA1;PSMD14;PSMD12
R-HSA-1445148	0.550868486352357	0.726748119937363	0.0855356947987884	0.251686210330905	0.950041858717639	62	2810;11127;23265;4627;54536;57148;7277;9371;55770;149371;4218;7529;9847;51552;79058;207;7533;57186;11336;10890	completed	Reactome_preranked_GSEA_fallback	Translocation of SLC2A4 (GLUT4) to the plasma membrane	74	cancer_up	P1 cancer-minus-normal moderated t	20357	0	1	reactome.db_1.95.0__fgsea_1.36.2	SFN;KIF3A;EXOC7;MYH9;EXOC6;RALGAPB;TUBA4A;KIF3B;EXOC2;EXOC8;RAB8A;YWHAB;C2CD5;RAB14;ASPSCR1;AKT1;YWHAH;RALGAPA2;EXOC3;RAB10
R-HSA-5610783	0.551839464882943	0.726748119937363	0.0650877566917313	-0.283004479619453	-0.941574224195776	46	5700;5568;7311;7316;5566;6233;9861;5714;5684;5695;5707;2736;5694;5688;5713;5717;5682;10213;5718	completed	Reactome_preranked_GSEA_fallback	Degradation of GLI2 by the proteasome	47	normal_up	P1 cancer-minus-normal moderated t	20357	0	1	reactome.db_1.95.0__fgsea_1.36.2	PSMC1;PRKACG;UBA52;UBC;PRKACA;RPS27A;PSMD6;PSMD8;PSMA3;PSMB7;PSMD1;GLI2;PSMB6;PSMA7;PSMD7;PSMD11;PSMA1;PSMD14;PSMD12
R-HSA-9717189	0.551782682512734	0.726748119937363	0.0658311958368866	-0.292948601105492	-0.934334692511695	39	6335;6330;6327;259285;80835;119395;6324;2911;255022;50836;50834;6326;29850	completed	Reactome_preranked_GSEA_fallback	Sensory perception of taste	47	normal_up	P1 cancer-minus-normal moderated t	20357	0	1	reactome.db_1.95.0__fgsea_1.36.2	SCN9A;SCN4B;SCN2B;TAS2R39;TAS1R1;CALHM3;SCN1B;GRM1;CALHM1;TAS2R8;TAS2R1;SCN2A;TRPM5
R-HSA-166520	0.555219364599092	0.730495545146255	0.059989249649033	-0.242187417653343	-0.957812164199359	130	5519;5125;5290;2354;2534;5781;2353;8660;5906;4915;1398;5802;2152;1958;6654;53358;1848;1845;5604;4664;3727;3400;5800;4208;1960;6197;1959;3726;1211;3397;5295;1386	completed	Reactome_preranked_GSEA_fallback	Signaling by NTRKs	133	normal_up	P1 cancer-minus-normal moderated t	20357	0	1	reactome.db_1.95.0__fgsea_1.36.2	PPP2R1B;PCSK5;PIK3CA;FOSB;FYN;PTPN11;FOS;IRS2;RAP1A;NTRK2;CRK;PTPRS;F3;EGR1;SOS1;SHC3;DUSP6;DUSP3;MAP2K1;NAB1;JUND;ID4;PTPRO;MEF2C;EGR3;RPS6KA3;EGR2;JUNB;CLTA;ID1;PIK3R1;ATF2
R-HSA-416700	0.556140350877193	0.73100371120108	0.0670512579829467	-0.345725938076859	-0.928836610444563	18	91584;3672;5361;8482;80031;7305	completed	Reactome_preranked_GSEA_fallback	Other semaphorin interactions	19	normal_up	P1 cancer-minus-normal moderated t	20357	0	1	reactome.db_1.95.0__fgsea_1.36.2	PLXNA4;ITGA1;PLXNA1;SEMA7A;SEMA6D;TYROBP
R-HSA-9707564	0.55685618729097	0.731076004396542	0.0646484568421928	-0.270980744697903	-0.940956112356134	55	1346;5465;114548;1350;10628;213;1349;84701;4780;4697;4512;1329;8648;80205;645;4513;1339;1347;6907;6256;3162;644	completed	Reactome_preranked_GSEA_fallback	Cytoprotection by HMOX1	59	normal_up	P1 cancer-minus-normal moderated t	20357	0	1	reactome.db_1.95.0__fgsea_1.36.2	COX7A1;PPARA;NLRP3;COX7C;TXNIP;ALB;COX7B;COX4I2;NFE2L2;COXFA4;MT-CO1;COX5B;NCOA1;CHD9;BLVRB;MT-CO2;COX6A2;COX7A2;TBL1X;RXRA;HMOX1;BLVRA
R-HSA-390522	0.557264957264957	0.731076004396542	0.0656813601934011	-0.30095214822671	-0.933036495968498	34	7111;7431;7140	completed	Reactome_preranked_GSEA_fallback	Striated Muscle Contraction	36	normal_up	P1 cancer-minus-normal moderated t	20357	0	1	reactome.db_1.95.0__fgsea_1.36.2	TMOD1;VIM;TNNT3
R-HSA-9839373	0.55940594059406	0.732478851333409	0.0845557442441281	0.265213705732564	0.940708639520273	46	3624;3070;4343;55851;23385;7076;57690;2033;5664;51107;83855;4325;7046	completed	Reactome_preranked_GSEA_fallback	Signaling by TGFBR3	46	cancer_up	P1 cancer-minus-normal moderated t	20357	0	1	reactome.db_1.95.0__fgsea_1.36.2	INHBA;HELLS;MOV10;PSENEN;NCSTN;TIMP1;TNRC6C;EP300;PSEN2;APH1A;KLF16;MMP16;TGFBR1
R-HSA-392451	0.558974358974359	0.732478851333409	0.0655321029282414	-0.326671033124581	-0.919572268982263	22	54331;2791;55970	completed	Reactome_preranked_GSEA_fallback	G beta:gamma signalling through PI3Kgamma	25	normal_up	P1 cancer-minus-normal moderated t	20357	0	1	reactome.db_1.95.0__fgsea_1.36.2	GNG2;GNG11;GNG12
R-HSA-6807004	0.560137457044674	0.732734836153176	0.0656813601934011	-0.333205071433587	-0.930856529120112	21	30011;2060;7311;7316;9101;6233	completed	Reactome_preranked_GSEA_fallback	Negative regulation of MET activity	21	normal_up	P1 cancer-minus-normal moderated t	20357	0	1	reactome.db_1.95.0__fgsea_1.36.2	SH3KBP1;EPS15;UBA52;UBC;USP8;RPS27A
R-HSA-927802	0.561797752808989	0.732802984818595	0.0913924325943768	0.235241320744889	0.955697739449417	99	6229;6134;10921;6168;6129;56006;9887;5976;23049;23381;6132;9775;5518;9939;6227;116832	completed	Reactome_preranked_GSEA_fallback	Nonsense-Mediated Decay (NMD)	116	cancer_up	P1 cancer-minus-normal moderated t	20357	0	1	reactome.db_1.95.0__fgsea_1.36.2	RPS24;RPL10;RNPS1;RPL37A;RPL7;SMG9;SMG7;UPF1;SMG1;SMG5;RPL8;EIF4A3;PPP2R1A;RBM8A;RPS21;RPL39L
R-HSA-975957	0.561797752808989	0.732802984818595	0.0913924325943768	0.235241320744889	0.955697739449417	99	6229;6134;10921;6168;6129;56006;9887;5976;23049;23381;6132;9775;5518;9939;6227;116832	completed	Reactome_preranked_GSEA_fallback	Nonsense Mediated Decay (NMD) enhanced by the Exon Junction Complex (EJC)	116	cancer_up	P1 cancer-minus-normal moderated t	20357	0	1	reactome.db_1.95.0__fgsea_1.36.2	RPS24;RPL10;RNPS1;RPL37A;RPL7;SMG9;SMG7;UPF1;SMG1;SMG5;RPL8;EIF4A3;PPP2R1A;RBM8A;RPS21;RPL39L
R-HSA-9909396	0.560862865947612	0.732802984818595	0.0603786357920401	-0.246259928525067	-0.94706707140848	106	28999;5187;1408;5465;6096;5700;10891;1459;79365;7311;7316;1390;6233;23411;5500;4208;5501;9861;26224;8648;5714;10135;80205;1386;5684	completed	Reactome_preranked_GSEA_fallback	Circadian clock	111	normal_up	P1 cancer-minus-normal moderated t	20357	0	1	reactome.db_1.95.0__fgsea_1.36.2	KLF15;PER1;CRY2;PPARA;RORB;PSMC1;PPARGC1A;CSNK2A2;BHLHE41;UBA52;UBC;CREM;RPS27A;SIRT1;PPP1CB;MEF2C;PPP1CC;PSMD6;FBXL3;NCOA1;PSMD8;NAMPT;CHD9;ATF2;PSMA3
R-HSA-9013106	0.565789473684211	0.737306206412122	0.0630790410571939	-0.260937995212084	-0.941959226330882	69	10395;55701;857;9341;4162;57584;284119;9475;64283;90627;23002;114793	completed	Reactome_preranked_GSEA_fallback	RHOC GTPase cycle	70	normal_up	P1 cancer-minus-normal moderated t	20357	0	1	reactome.db_1.95.0__fgsea_1.36.2	DLC1;ARHGEF40;CAV1;VAMP3;MCAM;ARHGAP21;CAVIN1;ROCK2;ARHGEF28;STARD13;DAAM1;FMNL2
R-HSA-3000178	0.569558101472995	0.741510404489128	0.0625237414724762	-0.256383273376494	-0.940631483796073	75	3679;131873;3910;3908;2331;1291;5802;1634;50509;6678;3915;1834;1282;3680;4146;3693;7143;3381;3912;3339;1292;63923;8516;1297;176;256076;3690;4684;63827;4593;8785	completed	Reactome_preranked_GSEA_fallback	ECM proteoglycans	76	normal_up	P1 cancer-minus-normal moderated t	20357	0	1	reactome.db_1.95.0__fgsea_1.36.2	ITGA7;COL6A6;LAMA4;LAMA2;FMOD;COL6A1;PTPRS;DCN;COL5A3;SPARC;LAMC1;DSPP;COL4A1;ITGA9;MATN1;ITGB5;TNR;IBSP;LAMB1;HSPG2;COL6A2;TNN;ITGA8;COL9A1;ACAN;COL6A5;ITGB3;NCAM1;BCAN;MUSK;MATN4
R-HSA-3928662	0.571428571428571	0.74323773277151	0.0822054920415869	0.269043584792126	0.927700444449225	39	3985;2050;1072;2049;7074	completed	Reactome_preranked_GSEA_fallback	EPHB-mediated forward signaling	41	cancer_up	P1 cancer-minus-normal moderated t	20357	0	1	reactome.db_1.95.0__fgsea_1.36.2	LIMK2;EPHB4;CFL1;EPHB3;TIAM1
R-HSA-5362768	0.57312925170068	0.744741147409534	0.0640703750499722	-0.283747754354969	-0.927395698100128	42	5700;7311;7316;6233;9861;5714;5684;5695;5707;5694;5688;5713;5717;5682;10213;5718	completed	Reactome_preranked_GSEA_fallback	Hh mutants are degraded by ERAD	43	normal_up	P1 cancer-minus-normal moderated t	20357	0	1	reactome.db_1.95.0__fgsea_1.36.2	PSMC1;UBA52;UBC;RPS27A;PSMD6;PSMD8;PSMA3;PSMB7;PSMD1;PSMB6;PSMA7;PSMD7;PSMD11;PSMA1;PSMD14;PSMD12
R-HSA-9637690	0.575539568345324	0.747162953397965	0.0813027345384498	0.312455032733296	0.928632523826021	22	57674;6421;5987;80824	completed	Reactome_preranked_GSEA_fallback	Response of Mtb to phagocytosis	43	cancer_up	P1 cancer-minus-normal moderated t	20357	0	1	reactome.db_1.95.0__fgsea_1.36.2	RNF213;SFPQ;TRIM27;DUSP16
R-HSA-392517	0.578389830508475	0.750150757405204	0.0745500777420554	0.337234284733052	0.905413988690089	15	5909;23108;5894;10125;7529	completed	Reactome_preranked_GSEA_fallback	Rap1 signalling	16	cancer_up	P1 cancer-minus-normal moderated t	20357	0	1	reactome.db_1.95.0__fgsea_1.36.2	RAP1GAP;RAP1GAP2;RAF1;RASGRP1;YWHAB
R-HSA-9820960	0.580034423407917	0.751098901098901	0.0640703750499722	-0.31887484474747	-0.905028391460588	23	2719;10082;1956;7099;6383;23643	completed	Reactome_preranked_GSEA_fallback	Respiratory syncytial virus (RSV) attachment and entry	24	normal_up	P1 cancer-minus-normal moderated t	20357	0	1	reactome.db_1.95.0__fgsea_1.36.2	GPC3;GPC6;EGFR;TLR4;SDC2;LY96
R-HSA-110312	0.58021978021978	0.751098901098901	0.0762797180809272	0.329020150319151	0.900401373659704	16	5983;5111;5984	completed	Reactome_preranked_GSEA_fallback	Translesion synthesis by REV1	16	cancer_up	P1 cancer-minus-normal moderated t	20357	0	1	reactome.db_1.95.0__fgsea_1.36.2	RFC3;PCNA;RFC4
R-HSA-9633012	0.581210191082803	0.751669187521468	0.0602484086158019	-0.250083097394682	-0.932842992104406	85	6224;6230;1965;6135;7311;51065;6176;9045;6124;1051;6207;6161;6166;6233;440275;468;6164;6125;1386;6133;6189;140801;6201;9349;6167;6138;6194;6169;6173;6228;6137;6235;440;1649;6209;6217	completed	Reactome_preranked_GSEA_fallback	Response of EIF2AK4 (GCN2) to amino acid deficiency	102	normal_up	P1 cancer-minus-normal moderated t	20357	0	1	reactome.db_1.95.0__fgsea_1.36.2	RPS20;RPS25;EIF2S1;RPL11;UBA52;RPS27L;RPLP1;RPL14;RPL4;CEBPB;RPS13;RPL32;RPL36AL;RPS27A;EIF2AK4;ATF4;RPL34;RPL5;ATF2;RPL9;RPS3A;RPL10L;RPS7;RPL23;RPL37;RPL15;RPS6;RPL38;RPL36A;RPS23;RPL13;RPS29;ASNS;DDIT3;RPS15;RPS16
R-HSA-112316	0.581967213114754	0.751881272937901	0.0530212512043078	-0.216919939722289	-0.960950956994336	384	22871;6854;8536;3745;801;54331;2774;4128;2770;5924;781;2791;6507;217;84617;5577;3764;2752;111;590;3751;50801;5802;3766;6582;5568;139065;83988;7915;3758;112;6812;43;2036;57576;50944;8973;55970;127833;23136;196883;6531;2559;7102;9132;2570;9196;7280;10313;94030;7881;83795;85358;10550;23416;5566;27133	completed	Reactome_preranked_GSEA_fallback	Neuronal System	408	normal_up	P1 cancer-minus-normal moderated t	20357	0	1	reactome.db_1.95.0__fgsea_1.36.2	NLGN1;SYN2;CAMK1;KCNB1;CALM1;GNG2;GNAL;MAOA;GNAI1;RASGRF2;CACNA2D1;GNG11;SLC1A3;ALDH2;TUBB6;PRKAR2B;KCNJ8;GLUL;ADCY5;BCHE;KCND2;KCNK4;PTPRS;KCNJ10;SLC22A2;PRKACG;SLITRK4;NCALD;ALDH5A1;KCNJ1;ADCY6;STXBP1;ACHE;EPB41L1;KIF17;SHANK1;CHRNA6;GNG12;SYT2;EPB41L3;ADCY4;SLC6A3;GABRA6;TSPAN7;KCNQ4;GABRR2;KCNAB3;TUBB2A;RTN3;LRRC4B;KCNAB1;KCNK16;SHANK3;ARL6IP5;KCNH3;PRKACA;KCNH5
R-HSA-937041	0.582474226804124	0.751881272937901	0.0637845390312975	-0.325836586833153	-0.910271602334559	21	7099;7311;23643;7316;6233;929	completed	Reactome_preranked_GSEA_fallback	IKK complex recruitment mediated by RIP1	24	normal_up	P1 cancer-minus-normal moderated t	20357	0	1	reactome.db_1.95.0__fgsea_1.36.2	TLR4;UBA52;LY96;UBC;RPS27A;CD14
R-HSA-195721	0.584507042253521	0.752887041182532	0.102449405629826	0.202080712076659	0.958021400980425	284	6659;9736;7090;23513;6662;2535;54894;4343;51176;57680;3845;9757;23401;7976;3014;8349;51701;8295;1488;4221;8321;90780;8357;163;85236;3065;8334;1452;2932;1455;7483;1387;11091;5929;5518;10681;57216;123169;1857;6423;144165;324;8365;607;7514;57690;59349;8607;8323;4920;5527;2033;283149;8312;8337;6500;7474	completed	Reactome_preranked_GSEA_fallback	Signaling by WNT	318	cancer_up	P1 cancer-minus-normal moderated t	20357	0	1	reactome.db_1.95.0__fgsea_1.36.2	SOX4;USP34;TLE3;SCRIB;SOX9;FZD2;RNF43;MOV10;LEF1;CHD8;KRAS;KMT2B;FRAT2;FZD3;H2AX;H2BC21;NLK;TRRAP;CTBP2;MEN1;FZD1;PYGO2;H3C10;AP2B1;H2BC12;HDAC1;H2AC6;CSNK1A1;GSK3B;CSNK1G2;WNT9A;CREBBP;WDR5;RBBP5;PPP2R1A;GNB5;VANGL2;LEO1;DVL3;SFRP2;PRICKLE1;APC;H4C8;BCL9;XPO1;TNRC6C;KLHL12;RUVBL1;FZD6;ROR2;PPP2R5C;EP300;BCL9L;AXIN1;H2AC18;SKP1;WNT5A
R-HSA-5656121	0.584862385321101	0.752887041182532	0.0780892306943345	0.328701390386738	0.915756404532517	17	5983;5111;5984	completed	Reactome_preranked_GSEA_fallback	Translesion synthesis by POLI	17	cancer_up	P1 cancer-minus-normal moderated t	20357	0	1	reactome.db_1.95.0__fgsea_1.36.2	RFC3;PCNA;RFC4
R-HSA-2730905	0.584905660377359	0.752887041182532	0.0681513438679483	-0.357897891347403	-0.904298437075734	15	5290;9846;2534;6654	completed	Reactome_preranked_GSEA_fallback	Role of LAT2/NTAL/LAB on calcium mobilization	15	normal_up	P1 cancer-minus-normal moderated t	20357	0	1	reactome.db_1.95.0__fgsea_1.36.2	PIK3CA;GAB2;FYN;SOS1
R-HSA-72689	0.586151368760064	0.7535085654829	0.0603786357920401	-0.251372759607506	-0.935648385579712	84	6224;6230;6135;7311;51386;51065;8665;6176;9045;6124;6207;6161;6166;6233;8669;6164;6125;6133;6189;8668;140801;6201;9349;6167;6138;6194;6169;6173;6228;8661;6137;6235;10480;6209;6217	completed	Reactome_preranked_GSEA_fallback	Formation of a pool of free 40S subunits	102	normal_up	P1 cancer-minus-normal moderated t	20357	0	1	reactome.db_1.95.0__fgsea_1.36.2	RPS20;RPS25;RPL11;UBA52;EIF3L;RPS27L;EIF3F;RPLP1;RPL14;RPL4;RPS13;RPL32;RPL36AL;RPS27A;EIF3J;RPL34;RPL5;RPL9;RPS3A;EIF3I;RPL10L;RPS7;RPL23;RPL37;RPL15;RPS6;RPL38;RPL36A;RPS23;EIF3A;RPL13;RPS29;EIF3M;RPS15;RPS16
R-HSA-9662360	0.586490939044481	0.7535085654829	0.0614364107201271	-0.257747379361615	-0.921675073711521	65	6711;11078;4641;10518;5962;259236;53405;2036;64072;23136;9132;2059;339768;494513;830;161497	completed	Reactome_preranked_GSEA_fallback	Sensory processing of sound by inner hair cells of the cochlea	69	normal_up	P1 cancer-minus-normal moderated t	20357	0	1	reactome.db_1.95.0__fgsea_1.36.2	SPTBN1;TRIOBP;MYO1C;CIB2;RDX;TMIE;CLIC5;EPB41L1;CDH23;EPB41L3;KCNQ4;EPS8;ESPNL;PJVK;CAPZA2;STRC
R-HSA-8963743	0.587628865979382	0.754261652388558	0.0633597010643758	-0.324497470155275	-0.906530586336535	21	8544;6518	completed	Reactome_preranked_GSEA_fallback	Digestion and absorption	28	normal_up	P1 cancer-minus-normal moderated t	20357	0	1	reactome.db_1.95.0__fgsea_1.36.2	PIR;SLC2A5
R-HSA-157858	0.594957983193277	0.762028587631789	0.0617054053637523	-0.288085825011686	-0.916124691153122	38	84617;1601;127534;2701;125111;7280;2703;8218;1211;57369;10382;51807;2700;57165;10052	completed	Reactome_preranked_GSEA_fallback	Gap junction trafficking and regulation	52	normal_up	P1 cancer-minus-normal moderated t	20357	0	1	reactome.db_1.95.0__fgsea_1.36.2	TUBB6;DAB2;GJB4;GJA4;GJD3;TUBB2A;GJA8;CLTCL1;CLTA;GJD2;TUBB4A;TUBA8;GJA3;GJC2;GJC1
R-HSA-9830369	0.596989966555184	0.762028587631789	0.0613026075396207	-0.275131710796474	-0.91538101267228	46	2247;2018;7481;2138;57526;9353;7484;2122;3400	completed	Reactome_preranked_GSEA_fallback	Kidney development	46	normal_up	P1 cancer-minus-normal moderated t	20357	0	1	reactome.db_1.95.0__fgsea_1.36.2	FGF2;EMX2;WNT11;EYA1;PCDH19;SLIT2;WNT9B;MECOM;ID4
R-HSA-9759475	0.595121951219512	0.762028587631789	0.080419996876154	0.29337787847538	0.914124576835198	27	3728;3609;4343;1009;57690;8728;1499	completed	Reactome_preranked_GSEA_fallback	Regulation of CDH11 Expression and Function	28	cancer_up	P1 cancer-minus-normal moderated t	20357	0	1	reactome.db_1.95.0__fgsea_1.36.2	JUP;ILF3;MOV10;CDH11;TNRC6C;ADAM19;CTNNB1
R-HSA-9725554	0.597122302158273	0.762028587631789	0.0793434960134973	0.273786014044438	0.91316357315221	34	3880;93099;360;51806;3866;26018;7037;1950;8650;84525;3852;28514;3858;3713;3861;2707	completed	Reactome_preranked_GSEA_fallback	Differentiation of Keratinocytes in Interfollicular Epidermis in Mammalian Skin	39	cancer_up	P1 cancer-minus-normal moderated t	20357	0	1	reactome.db_1.95.0__fgsea_1.36.2	KRT19;DMKN;AQP3;CALML5;KRT15;LRIG1;TFRC;EGF;NUMB;HOPX;KRT5;DLL1;KRT10;IVL;KRT14;GJB3
R-HSA-1236382	0.597582037996546	0.762028587631789	0.0628003977812234	-0.328096290168587	-0.896837815227571	19	5290;1956;7311;6654;7316;6233;5295	completed	Reactome_preranked_GSEA_fallback	Constitutive Signaling by Ligand-Responsive EGFR Cancer Variants	19	normal_up	P1 cancer-minus-normal moderated t	20357	0	1	reactome.db_1.95.0__fgsea_1.36.2	PIK3CA;EGFR;UBA52;SOS1;UBC;RPS27A;PIK3R1
R-HSA-5637815	0.597582037996546	0.762028587631789	0.0628003977812234	-0.328096290168587	-0.896837815227571	19	5290;1956;7311;6654;7316;6233;5295	completed	Reactome_preranked_GSEA_fallback	Signaling by Ligand-Responsive EGFR Variants in Cancer	19	normal_up	P1 cancer-minus-normal moderated t	20357	0	1	reactome.db_1.95.0__fgsea_1.36.2	PIK3CA;EGFR;UBA52;SOS1;UBC;RPS27A;PIK3R1
R-HSA-1963640	0.595604395604396	0.762028587631789	0.0749278818393739	0.323762124290665	0.886012182437845	16	2064;3845;2066;2885;4893;1950;3265	completed	Reactome_preranked_GSEA_fallback	GRB2 events in ERBB2 signaling	16	cancer_up	P1 cancer-minus-normal moderated t	20357	0	1	reactome.db_1.95.0__fgsea_1.36.2	ERBB2;KRAS;ERBB4;GRB2;NRAS;EGF;HRAS
R-HSA-9006925	0.598630136986301	0.762653678714142	0.0518457624865066	-0.217884534188515	-0.947037049637024	299	152831;5468;2247;5519;801;3725;9365;80243;2308;58528;5290;9846;5577;2534;90865;5781;5136;2246;1956;8660;2252;5700;4915;5525;111;64121;1459;5568;5153;112;1958;7311;2250;5156;7101;1839;196883;2260;7316;8817	completed	Reactome_preranked_GSEA_fallback	Intracellular signaling by second messengers	306	normal_up	P1 cancer-minus-normal moderated t	20357	0	1	reactome.db_1.95.0__fgsea_1.36.2	KLB;PPARG;FGF2;PPP2R1B;CALM1;JUN;KL;PREX2;FOXO1;RRAGD;PIK3CA;GAB2;PRKAR2B;FYN;IL33;PTPN11;PDE1A;FGF1;EGFR;IRS2;FGF7;PSMC1;NTRK2;PPP2R5A;ADCY5;RRAGC;CSNK2A2;PRKACG;PDE1B;ADCY6;EGR1;UBA52;FGF5;PDGFRA;NR2E1;HBEGF;ADCY4;FGFR1;UBC;FGF18
R-HSA-168273	0.602816901408451	0.763035198318886	0.0875697115548511	0.226374337306574	0.94797623614528	118	8480;6229;5437;6134;348995;6168;55706;6129;23165;6132;5430;23225;6227;9818;116832;10762;5433;129401;79902;4928;142	completed	Reactome_preranked_GSEA_fallback	Influenza Viral RNA Transcription and Replication	142	cancer_up	P1 cancer-minus-normal moderated t	20357	0	1	reactome.db_1.95.0__fgsea_1.36.2	RAE1;RPS24;POLR2H;RPL10;NUP43;RPL37A;NDC1;RPL7;NUP205;RPL8;POLR2A;NUP210;RPS21;NUP58;RPL39L;NUP50;POLR2D;NUP35;NUP85;NUP98;PARP1
R-HSA-156902	0.602272727272727	0.763035198318886	0.059476028695732	-0.252336738695061	-0.924436056856346	73	6224;6230;1915;6135;7311;51065;6176;9045;6124;6207;6161;6166;6233;6164;6125;6133;6189;140801;6201;9349;6167;6138;6194;6169;6173;6228;6137;6235;6209;6217	completed	Reactome_preranked_GSEA_fallback	Peptide chain elongation	90	normal_up	P1 cancer-minus-normal moderated t	20357	0	1	reactome.db_1.95.0__fgsea_1.36.2	RPS20;RPS25;EEF1A1;RPL11;UBA52;RPS27L;RPLP1;RPL14;RPL4;RPS13;RPL32;RPL36AL;RPS27A;RPL34;RPL5;RPL9;RPS3A;RPL10L;RPS7;RPL23;RPL37;RPL15;RPS6;RPL38;RPL36A;RPS23;RPL13;RPS29;RPS15;RPS16
R-HSA-5607761	0.600334448160535	0.763035198318886	0.0610363728309177	-0.274281572665109	-0.912552548074916	46	5700;7311;7316;6233;9861;5714;5684;5695;5707;5694;5688;5713;5717;5682;1147;10213;5718	completed	Reactome_preranked_GSEA_fallback	Dectin-1 mediated noncanonical NF-kB signaling	47	normal_up	P1 cancer-minus-normal moderated t	20357	0	1	reactome.db_1.95.0__fgsea_1.36.2	PSMC1;UBA52;UBC;RPS27A;PSMD6;PSMD8;PSMA3;PSMB7;PSMD1;PSMB6;PSMA7;PSMD7;PSMD11;PSMA1;CHUK;PSMD14;PSMD12
R-HSA-9694614	0.602836879432624	0.763035198318886	0.0780892306943345	0.320496213400899	0.911704001891567	19	6382;6385	completed	Reactome_preranked_GSEA_fallback	Attachment and Entry	24	cancer_up	P1 cancer-minus-normal moderated t	20357	0	1	reactome.db_1.95.0__fgsea_1.36.2	SDC1;SDC4
R-HSA-2029485	0.600950118764846	0.763035198318886	0.0785029047348687	0.302342565351627	0.909190034314521	23	5296;84513;196051;5335	completed	Reactome_preranked_GSEA_fallback	Role of phospholipids in phagocytosis	25	cancer_up	P1 cancer-minus-normal moderated t	20357	0	1	reactome.db_1.95.0__fgsea_1.36.2	PIK3R2;PLPP5;PLPP4;PLCG1
R-HSA-2032785	0.60188679245283	0.763035198318886	0.0667426134241917	-0.351454742711632	-0.88801857239355	15	8850;6910;10413;2626;7003;28996;25937;1490	completed	Reactome_preranked_GSEA_fallback	YAP1- and WWTR1 (TAZ)-stimulated gene expression	15	normal_up	P1 cancer-minus-normal moderated t	20357	0	1	reactome.db_1.95.0__fgsea_1.36.2	KAT2B;TBX5;YAP1;GATA4;TEAD1;HIPK2;WWTR1;CCN2
R-HSA-445144	0.601027397260274	0.763035198318886	0.0621124188949471	-0.32038715813603	-0.886110397997179	20	1956;1459;8829;2260;5604;3680;3690;4684	completed	Reactome_preranked_GSEA_fallback	Signal transduction by L1	21	normal_up	P1 cancer-minus-normal moderated t	20357	0	1	reactome.db_1.95.0__fgsea_1.36.2	EGFR;CSNK2A2;NRP1;FGFR1;MAP2K1;ITGA9;ITGB3;NCAM1
R-HSA-6814122	0.604060913705584	0.763877214648967	0.0613026075396207	-0.289787901656495	-0.903362363825597	35	54331;2791;1459;55970	completed	Reactome_preranked_GSEA_fallback	Cooperation of PDCL (PhLP1) and TRiC/CCT in G-protein beta folding	38	normal_up	P1 cancer-minus-normal moderated t	20357	0	1	reactome.db_1.95.0__fgsea_1.36.2	GNG2;GNG11;CSNK2A2;GNG12
R-HSA-8957275	0.606583072100314	0.766357726026921	0.0574877409561325	-0.243229850550818	-0.927701615911437	102	338;2719;2200;91851;5179;3569;3956;57104;6383;3491;813;213;11167;1435;10272;8074;3484;334;3915;7018;147111;2243;718;3912;3698;5265;6694;197	completed	Reactome_preranked_GSEA_fallback	Post-translational protein phosphorylation	108	normal_up	P1 cancer-minus-normal moderated t	20357	0	1	reactome.db_1.95.0__fgsea_1.36.2	APOB;GPC3;FBN1;CHRDL1;PENK;IL6;LGALS1;PNPLA2;SDC2;CCN1;CALU;ALB;FSTL1;CSF1;FSTL3;FGF23;IGFBP1;APLP2;LAMC1;TF;NOTUM;FGA;C3;LAMB1;ITIH2;SERPINA1;SPP2;AHSG
R-HSA-3560783	0.61244019138756	0.771618195047737	0.0778840111977068	0.310538146976174	0.894458757178432	20	6382;6385;1462	completed	Reactome_preranked_GSEA_fallback	Defective B4GALT7 causes EDS, progeroid type	20	cancer_up	P1 cancer-minus-normal moderated t	20357	0	1	reactome.db_1.95.0__fgsea_1.36.2	SDC1;SDC4;VCAN
R-HSA-5213460	0.612280701754386	0.771618195047737	0.0623861492893626	-0.331204453695388	-0.889822799659818	18	7332;7311;7316;83737;6233;841	completed	Reactome_preranked_GSEA_fallback	RIPK1-mediated regulated necrosis	18	normal_up	P1 cancer-minus-normal moderated t	20357	0	1	reactome.db_1.95.0__fgsea_1.36.2	UBE2L3;UBA52;UBC;ITCH;RPS27A;CASP8
R-HSA-5675482	0.612280701754386	0.771618195047737	0.0623861492893626	-0.331204453695388	-0.889822799659818	18	7332;7311;7316;83737;6233;841	completed	Reactome_preranked_GSEA_fallback	Regulation of necroptotic cell death	18	normal_up	P1 cancer-minus-normal moderated t	20357	0	1	reactome.db_1.95.0__fgsea_1.36.2	UBE2L3;UBA52;UBC;ITCH;RPS27A;CASP8
R-HSA-177929	0.614740368509213	0.773803023712794	0.059989249649033	-0.264606775279458	-0.907344994457624	52	30011;5290;5781;1956;10253;2060;7311;10252;6654;1839;7316	completed	Reactome_preranked_GSEA_fallback	Signaling by EGFR	53	normal_up	P1 cancer-minus-normal moderated t	20357	0	1	reactome.db_1.95.0__fgsea_1.36.2	SH3KBP1;PIK3CA;PTPN11;EGFR;SPRY2;EPS15;UBA52;SPRY1;SOS1;HBEGF;UBC
R-HSA-1630316	0.618618618618619	0.775827203350139	0.0545680646670941	-0.233460356571326	-0.930029696697715	135	10894;2719;56548;5549;3036;9331;10082;4958;3037;92126;4969;11261;10090;3373;2331;6383	completed	Reactome_preranked_GSEA_fallback	Glycosaminoglycan metabolism	136	normal_up	P1 cancer-minus-normal moderated t	20357	0	1	reactome.db_1.95.0__fgsea_1.36.2	LYVE1;GPC3;CHST7;PRELP;HAS1;B4GALT6;GPC6;OMD;HAS2;DSEL;OGN;CHP1;UST;HYAL1;FMOD;SDC2
R-HSA-8941858	0.617304492512479	0.775827203350139	0.059476028695732	-0.270879403832238	-0.896290104391497	44	5700;7311;7316;6233;9861;5714;5684;5695;5707;5694;5688;5713;5717;5682;57154;10213;5718	completed	Reactome_preranked_GSEA_fallback	Regulation of RUNX3 expression and activity	45	normal_up	P1 cancer-minus-normal moderated t	20357	0	1	reactome.db_1.95.0__fgsea_1.36.2	PSMC1;UBA52;UBC;RPS27A;PSMD6;PSMD8;PSMA3;PSMB7;PSMD1;PSMB6;PSMA7;PSMD7;PSMD11;PSMA1;SMURF1;PSMD14;PSMD12
R-HSA-9615710	0.617747440273038	0.775827203350139	0.060640400949416	-0.289243122017147	-0.892149562268974	33	6035;7431;123;7311;7316;25978;29082;6233;1068;51271;137492;1080	completed	Reactome_preranked_GSEA_fallback	Late endosomal microautophagy	35	normal_up	P1 cancer-minus-normal moderated t	20357	0	1	reactome.db_1.95.0__fgsea_1.36.2	RNASE1;VIM;PLIN2;UBA52;UBC;CHMP2B;CHMP4A;RPS27A;CETN1;UBAP1;VPS37A;CFTR
R-HSA-5083632	0.618055555555556	0.775827203350139	0.0756946307932749	0.314221147381248	0.88494156146182	18	4582;4589;200958;727897;118430;140453;94025;143662;56667;283463	completed	Reactome_preranked_GSEA_fallback	Defective C1GALT1C1 causes TNPS	19	cancer_up	P1 cancer-minus-normal moderated t	20357	0	1	reactome.db_1.95.0__fgsea_1.36.2	MUC1;MUC7;MUC20;MUC5B;MUCL1;MUC17;MUC16;MUC15;MUC13;MUC19
R-HSA-9937383	0.621019108280255	0.777411282984531	0.0571258510018113	-0.245708146509288	-0.916523847321103	85	65008;92259;51023;9553;115416;64968;26589;54948;65080;10240;64960;64976;51318;124995;23107;5018;54534;64981;57129;51258;63931;116541;6150;51250;51253;64963;4706;9801;7818;51081;28957;64979;51073;51642;51069;91574;54471;29088	completed	Reactome_preranked_GSEA_fallback	Mitochondrial ribosome-associated quality control	89	normal_up	P1 cancer-minus-normal moderated t	20357	0	1	reactome.db_1.95.0__fgsea_1.36.2	MRPL1;KGD4;MRPS18C;MRPL33;MALSU1;MRPS6;MRPL46;MRPL16;MRPL44;MRPS31;MRPS15;MRPL40;MRPL35;MRPL10;MRPS27;OXA1L;MRPL50;MRPL34;MRPL47;MRPL51;MRPS14;MRPL54;MRPL23;MTRES1;MRPL37;MRPS11;NDUFAB1;MRPL19;DAP3;MRPS7;MRPS28;MRPL36;MRPL4;MRPL48;MRPL2;MTRFR;MIEF1;MRPL15
R-HSA-5669034	0.620573355817875	0.777411282984531	0.0598603117764473	-0.301599212933337	-0.886826791428879	26	944;8744;1896;7293;7133;8718;60401;970;8600;943;356;4049;4982	completed	Reactome_preranked_GSEA_fallback	TNFs bind their physiological receptors	28	normal_up	P1 cancer-minus-normal moderated t	20357	0	1	reactome.db_1.95.0__fgsea_1.36.2	TNFSF8;TNFSF9;EDA;TNFRSF4;TNFRSF1B;TNFRSF25;EDA2R;CD70;TNFSF11;TNFRSF8;FASLG;LTA;TNFRSF11B
R-HSA-388844	0.62200956937799	0.777938775242189	0.0770736734944102	0.308970891788355	0.88994451266088	20	8541;84189;5792;8496	completed	Reactome_preranked_GSEA_fallback	Receptor-type tyrosine-protein phosphatases	20	cancer_up	P1 cancer-minus-normal moderated t	20357	0	1	reactome.db_1.95.0__fgsea_1.36.2	PPFIA3;SLITRK6;PTPRF;PPFIBP1
R-HSA-6803157	0.623333333333333	0.778881779402803	0.0590954798717342	-0.256018140038363	-0.90987657283988	64	400830;5320;140850;1511;1672	completed	Reactome_preranked_GSEA_fallback	Antimicrobial peptides	98	normal_up	P1 cancer-minus-normal moderated t	20357	0	1	reactome.db_1.95.0__fgsea_1.36.2	DEFB132;PLA2G2A;DEFB127;CTSG;DEFB1
R-HSA-4641262	0.625304136253041	0.780630825806308	0.0776798560117236	0.281030271700304	0.902662420923967	30	2535;23401;8321;1452;2932;1455;5518;1857;324;5527;8312;1499	completed	Reactome_preranked_GSEA_fallback	Disassembly of the destruction complex and recruitment of AXIN to the membrane	31	cancer_up	P1 cancer-minus-normal moderated t	20357	0	1	reactome.db_1.95.0__fgsea_1.36.2	FZD2;FRAT2;FZD1;CSNK1A1;GSK3B;CSNK1G2;PPP2R1A;DVL3;APC;PPP2R5C;AXIN1;CTNNB1
R-HSA-450408	0.626689189189189	0.780933565744414	0.059476028695732	-0.276190164167463	-0.897531976848214	41	5700;7311;26986;7316;6233;9861;5714;5684;5695;5707;5694;5688;5713;5717;5682;10213;5718	completed	Reactome_preranked_GSEA_fallback	AUF1 (hnRNP D0) binds and destabilizes mRNA	43	normal_up	P1 cancer-minus-normal moderated t	20357	0	1	reactome.db_1.95.0__fgsea_1.36.2	PSMC1;UBA52;PABPC1;UBC;RPS27A;PSMD6;PSMD8;PSMA3;PSMB7;PSMD1;PSMB6;PSMA7;PSMD7;PSMD11;PSMA1;PSMD14;PSMD12
R-HSA-450604	0.626146788990826	0.780933565744414	0.0745500777420554	0.318824594688422	0.888239822061265	17	51013;54512;5073;167227;56915;207;8570	completed	Reactome_preranked_GSEA_fallback	KSRP (KHSRP) binds and destabilizes mRNA	17	cancer_up	P1 cancer-minus-normal moderated t	20357	0	1	reactome.db_1.95.0__fgsea_1.36.2	EXOSC1;EXOSC4;PARN;DCP2;EXOSC5;AKT1;KHSRP
R-HSA-162588	0.633251833740831	0.788392765686445	0.077274697304471	0.295037163960484	0.909795658063689	26	92421;79720;5478;51160;155382;128866;93343	completed	Reactome_preranked_GSEA_fallback	Budding and maturation of HIV virion	35	cancer_up	P1 cancer-minus-normal moderated t	20357	0	1	reactome.db_1.95.0__fgsea_1.36.2	CHMP4C;VPS37B;PPIA;VPS28;VPS37D;CHMP4B;MVB12A
R-HSA-9679191	0.635616438356164	0.790616625325639	0.083129129135339	0.229881600176117	0.931398970408913	97	5928;1108;5349;476;1107;481;9112;25855;64426;163;3065;29760;54815;3326;23186;2885;29110;5931;7297;9817;8737;23476;2342	completed	Reactome_preranked_GSEA_fallback	Potential therapeutics for SARS	98	cancer_up	P1 cancer-minus-normal moderated t	20357	0	1	reactome.db_1.95.0__fgsea_1.36.2	RBBP4;CHD4;FXYD3;ATP1A1;CHD3;ATP1B1;MTA1;BRMS1;SUDS3;AP2B1;HDAC1;BLNK;GATAD2A;HSP90AB1;RCOR1;GRB2;TBK1;RBBP7;TYK2;KEAP1;RIPK1;BRD4;FNTB
R-HSA-8986944	0.636363636363636	0.790826446280992	0.0577308549299813	-0.252311583010518	-0.894809369456246	61	5468;801;5775;2289;1392;7222;6515	completed	Reactome_preranked_GSEA_fallback	Transcriptional Regulation by MECP2	62	normal_up	P1 cancer-minus-normal moderated t	20357	0	1	reactome.db_1.95.0__fgsea_1.36.2	PPARG;CALM1;PTPN4;FKBP5;CRH;TRPC3;SLC2A3
R-HSA-9660826	0.63855421686747	0.792108543065183	0.0760837160951725	0.287595837011065	0.886392465539112	25	79792;29108;351;5025;3326	completed	Reactome_preranked_GSEA_fallback	Purinergic signaling in leishmaniasis infection	26	cancer_up	P1 cancer-minus-normal moderated t	20357	0	1	reactome.db_1.95.0__fgsea_1.36.2	GSDMD;PYCARD;APP;P2RX4;HSP90AB1
R-HSA-9664424	0.63855421686747	0.792108543065183	0.0760837160951725	0.287595837011065	0.886392465539112	25	79792;29108;351;5025;3326	completed	Reactome_preranked_GSEA_fallback	Cell recruitment (pro-inflammatory response)	26	cancer_up	P1 cancer-minus-normal moderated t	20357	0	1	reactome.db_1.95.0__fgsea_1.36.2	GSDMD;PYCARD;APP;P2RX4;HSP90AB1
R-HSA-450321	0.639175257731959	0.79216008823172	0.0593487680335629	-0.314022561833114	-0.877267415876172	21	5602;3656;7311;7316;6233	completed	Reactome_preranked_GSEA_fallback	JNK (c-Jun kinases) phosphorylation and  activation mediated by activated human TAK1	22	normal_up	P1 cancer-minus-normal moderated t	20357	0	1	reactome.db_1.95.0__fgsea_1.36.2	MAPK10;IRAK2;UBA52;UBC;RPS27A
R-HSA-9010553	0.642324888226528	0.792471229427494	0.0524827622635459	-0.229965191426257	-0.92115764716396	141	6224;6230;5700;64221;6135;7311;26986;51065;9353;7316;6091;6176;9045;6124;23708;6207;6161;6166;2107;23032;6233;9861;6164;8453;5714;6125;3670;5684;6133;65110;6189;140801;5695;6201;5707;9349;6167;6138;3199;5694;5688;6194;6169;6173;5713;6228;5717;6137;89884;6235;5682;4440;4116;6209;6217	completed	Reactome_preranked_GSEA_fallback	Regulation of expression of SLITs and ROBOs	159	normal_up	P1 cancer-minus-normal moderated t	20357	0	1	reactome.db_1.95.0__fgsea_1.36.2	RPS20;RPS25;PSMC1;ROBO3;RPL11;UBA52;PABPC1;RPS27L;SLIT2;UBC;ROBO1;RPLP1;RPL14;RPL4;GSPT2;RPS13;RPL32;RPL36AL;ETF1;USP33;RPS27A;PSMD6;RPL34;CUL2;PSMD8;RPL5;ISL1;PSMA3;RPL9;UPF3A;RPS3A;RPL10L;PSMB7;RPS7;PSMD1;RPL23;RPL37;RPL15;HOXA2;PSMB6;PSMA7;RPS6;RPL38;RPL36A;PSMD7;RPS23;PSMD11;RPL13;LHX4;RPS29;PSMA1;MSI1;MAGOH;RPS15;RPS16
R-HSA-202733	0.642313546423135	0.792471229427494	0.053457214108991	-0.232869546294783	-0.916600492549971	128	56301;338;284;2995;5290;857;10544;2534;5781;7010;6383;83692;8793;7056;5627;6654;7102;1084;51378;2993;3543;58494;9046;90952;1088;5669	completed	Reactome_preranked_GSEA_fallback	Cell surface interactions at the vascular wall	136	normal_up	P1 cancer-minus-normal moderated t	20357	0	1	reactome.db_1.95.0__fgsea_1.36.2	SLC7A10;APOB;ANGPT1;GYPC;PIK3CA;CAV1;PROCR;FYN;PTPN11;TEK;SDC2;CD99L2;TNFRSF10D;THBD;PROS1;SOS1;TSPAN7;CEACAM3;ANGPT4;GYPA;IGLL1;JAM2;DOK2;ESAM;CEACAM8;PSG1
R-HSA-165159	0.640202702702703	0.792471229427494	0.0584693210386381	-0.27329178618915	-0.888113151509625	41	58528;55437;64121;81617;7248;5494;1975;10542	completed	Reactome_preranked_GSEA_fallback	MTOR signalling	41	normal_up	P1 cancer-minus-normal moderated t	20357	0	1	reactome.db_1.95.0__fgsea_1.36.2	RRAGD;STRADB;RRAGC;CAB39L;TSC1;PPM1A;EIF4B;LAMTOR5
R-HSA-2024096	0.641148325358852	0.792471229427494	0.0755015292281669	0.305634117205189	0.88033343178175	20	6382;6385	completed	Reactome_preranked_GSEA_fallback	HS-GAG degradation	20	cancer_up	P1 cancer-minus-normal moderated t	20357	0	1	reactome.db_1.95.0__fgsea_1.36.2	SDC1;SDC4
R-HSA-9830364	0.642105263157895	0.792471229427494	0.0601186142531851	-0.322195828481885	-0.865619984694239	18	2247;2018;57526;2122;3400	completed	Reactome_preranked_GSEA_fallback	Formation of the nephric duct	18	normal_up	P1 cancer-minus-normal moderated t	20357	0	1	reactome.db_1.95.0__fgsea_1.36.2	FGF2;EMX2;PCDH19;MECOM;ID4
R-HSA-69656	0.645244215938303	0.794803543038837	0.0789209638180035	0.235109497914795	0.90993891440937	74	5928;9134;7465;890;5753;994;595;993;1017;1869;1874	completed	Reactome_preranked_GSEA_fallback	Cyclin A:Cdk2-associated events at S phase entry	75	cancer_up	P1 cancer-minus-normal moderated t	20357	0	1	reactome.db_1.95.0__fgsea_1.36.2	RBBP4;CCNE2;WEE1;CCNA2;PTK6;CDC25B;CCND1;CDC25A;CDK2;E2F1;E2F4
R-HSA-186712	0.645378151260504	0.794803543038837	0.0578529757032509	-0.280265201297435	-0.891254788288056	38	2308;8850;84441;2645;3375;2494;10046;10000;4760;22938;3175	completed	Reactome_preranked_GSEA_fallback	Regulation of beta-cell development	41	normal_up	P1 cancer-minus-normal moderated t	20357	0	1	reactome.db_1.95.0__fgsea_1.36.2	FOXO1;KAT2B;MAML2;GCK;IAPP;NR5A2;MAMLD1;AKT3;NEUROD1;SNW1;ONECUT1
R-HSA-917729	0.647201946472019	0.794901222665993	0.0758886900606117	0.278221204911622	0.893639766486539	30	92421;79720;51160;8027;155382;128866;93343;9146	completed	Reactome_preranked_GSEA_fallback	Endosomal Sorting Complex Required For Transport (ESCRT)	32	cancer_up	P1 cancer-minus-normal moderated t	20357	0	1	reactome.db_1.95.0__fgsea_1.36.2	CHMP4C;VPS37B;VPS28;STAM;VPS37D;CHMP4B;MVB12A;HGS
R-HSA-5678895	0.646566164154104	0.794901222665993	0.057609110864425	-0.265069315902216	-0.887336174792654	47	5700;7311;7316;6233;9861;5714;11160;5684;5695;5707;1080;5694;5688;5713;5717;5682;10213;5718	completed	Reactome_preranked_GSEA_fallback	Defective CFTR causes cystic fibrosis	48	normal_up	P1 cancer-minus-normal moderated t	20357	0	1	reactome.db_1.95.0__fgsea_1.36.2	PSMC1;UBA52;UBC;RPS27A;PSMD6;PSMD8;ERLIN2;PSMA3;PSMB7;PSMD1;CFTR;PSMB6;PSMA7;PSMD7;PSMD11;PSMA1;PSMD14;PSMD12
R-HSA-9820965	0.646788990825688	0.794901222665993	0.0728938564822936	0.309694892827152	0.862804630134958	17	5499;90701;3326;7514;60559	completed	Reactome_preranked_GSEA_fallback	Respiratory syncytial virus (RSV) genome replication, transcription and translation	19	cancer_up	P1 cancer-minus-normal moderated t	20357	0	1	reactome.db_1.95.0__fgsea_1.36.2	PPP1CA;SEC11C;HSP90AB1;XPO1;SPCS3
R-HSA-446193	0.6484375	0.795048240250034	0.0793434960134973	0.235235867119749	0.915850145797951	78	7264;3098;84620;64841;54187;8818;85365;10825;10610;5373;197258;29926;2720;4758;10559;51005;57171;56052;10195	completed	Reactome_preranked_GSEA_fallback	Biosynthesis of the N-glycan precursor (dolichol lipid-linked oligosaccharide, LLO) and transfer to a nascent protein	80	cancer_up	P1 cancer-minus-normal moderated t	20357	0	1	reactome.db_1.95.0__fgsea_1.36.2	GFUS;HK1;ST6GAL2;GNPNAT1;NANS;DPM2;ALG2;NEU3;ST6GALNAC2;PMM2;FCSK;GMPPA;GLB1;NEU1;SLC35A1;AMDHD2;DOLPP1;ALG1;ALG3
R-HSA-9948299	0.648484848484848	0.795048240250034	0.052805004567129	-0.231402026529108	-0.913188930118191	127	6224;6230;5700;6135;7311;51065;7316;6176;9045;6124;9147;6207;6161;6166;6233;9861;6164;8453;5714;6125;5684;6133;6189;140801;5695;6201;9325;5707;9349;6167;6138;5694;5688;6194;6169;6173;5713;6228;5717;6137;6235;5682;7321;6209;6217;22980;10213;5718;7323;6156;6146;7353;25898;6210;6142;6234;6202;6175	completed	Reactome_preranked_GSEA_fallback	Ribosome-associated quality control	145	normal_up	P1 cancer-minus-normal moderated t	20357	0	1	reactome.db_1.95.0__fgsea_1.36.2	RPS20;RPS25;PSMC1;RPL11;UBA52;RPS27L;UBC;RPLP1;RPL14;RPL4;NEMF;RPS13;RPL32;RPL36AL;RPS27A;PSMD6;RPL34;CUL2;PSMD8;RPL5;PSMA3;RPL9;RPS3A;RPL10L;PSMB7;RPS7;TRIP4;PSMD1;RPL23;RPL37;RPL15;PSMB6;PSMA7;RPS6;RPL38;RPL36A;PSMD7;RPS23;PSMD11;RPL13;RPS29;PSMA1;UBE2D1;RPS15;RPS16;TCF25;PSMD14;PSMD12;UBE2D3;RPL30;RPL22;UFD1;RCHY1;RPS15A;RPL18A;RPS28;RPS8;RPLP0
R-HSA-1810476	0.64908256880734	0.795067985268489	0.0727141077934447	0.309479557450801	0.862204709490315	17	3551;1660;8737;4615;11035;5970;4791;28511;8517;4793	completed	Reactome_preranked_GSEA_fallback	RIP-mediated NFkB activation via ZBP1	17	cancer_up	P1 cancer-minus-normal moderated t	20357	0	1	reactome.db_1.95.0__fgsea_1.36.2	IKBKB;DHX9;RIPK1;MYD88;RIPK3;RELA;NFKB2;NKIRAS2;IKBKG;NFKBIB
R-HSA-210991	0.650602409638554	0.79621619872507	0.0751181635276302	0.284185180277942	0.87588055944826	25	481;8140;5478;23657;3675;4312;6520;9123	completed	Reactome_preranked_GSEA_fallback	Basigin interactions	25	cancer_up	P1 cancer-minus-normal moderated t	20357	0	1	reactome.db_1.95.0__fgsea_1.36.2	ATP1B1;SLC7A5;PPIA;SLC7A11;ITGA3;MMP1;SLC3A2;SLC16A3
R-HSA-210500	0.651219512195122	0.796258562764519	0.0756946307932749	0.288853824279062	0.877564216967739	24	8541;9256;6506;6804;22999;10815;6505;6857;6616;5864;8500;8497;27165	completed	Reactome_preranked_GSEA_fallback	Glutamate Neurotransmitter Release Cycle	24	cancer_up	P1 cancer-minus-normal moderated t	20357	0	1	reactome.db_1.95.0__fgsea_1.36.2	PPFIA3;TSPOAP1;SLC1A2;STX1A;RIMS1;CPLX1;SLC1A1;SYT1;SNAP25;RAB3A;PPFIA1;PPFIA4;GLS2
R-HSA-9656223	0.651952461799661	0.7964423729045	0.0578529757032509	-0.27658814419111	-0.882154404151332	39	7094;801;54518;5906;408;5908;5604;7450	completed	Reactome_preranked_GSEA_fallback	Signaling by RAF1 mutants	43	normal_up	P1 cancer-minus-normal moderated t	20357	0	1	reactome.db_1.95.0__fgsea_1.36.2	TLN1;CALM1;APBB1IP;RAP1A;ARRB1;RAP1B;MAP2K1;VWF
R-HSA-5696395	0.653061224489796	0.797084548104956	0.0578529757032509	-0.269153611687359	-0.879696483147155	42	902;5887;2073;7311;7316;4331;404672;6233;7507	completed	Reactome_preranked_GSEA_fallback	Formation of Incision Complex in GG-NER	43	normal_up	P1 cancer-minus-normal moderated t	20357	0	1	reactome.db_1.95.0__fgsea_1.36.2	CCNH;RAD23B;ERCC5;UBA52;UBC;MNAT1;GTF2H5;RPS27A;XPA
R-HSA-9006115	0.654173764906303	0.797612843288317	0.0578529757032509	-0.299469339907156	-0.869640849337613	25	5290;2534;5781;4915;6654	completed	Reactome_preranked_GSEA_fallback	Signaling by NTRK2 (TRKB)	25	normal_up	P1 cancer-minus-normal moderated t	20357	0	1	reactome.db_1.95.0__fgsea_1.36.2	PIK3CA;FYN;PTPN11;NTRK2;SOS1
R-HSA-9648895	0.654661016949153	0.797612843288317	0.0683110858318647	0.321045693964759	0.861950505876074	15	57761;27102;2887	completed	Reactome_preranked_GSEA_fallback	Response of EIF2AK1 (HRI) to heme deficiency	15	cancer_up	P1 cancer-minus-normal moderated t	20357	0	1	reactome.db_1.95.0__fgsea_1.36.2	TRIB3;EIF2AK1;GRB10
R-HSA-5668599	0.65947242206235	0.802759395333244	0.0741758965588009	0.292951059953105	0.870665707580295	22	5590;10811	completed	Reactome_preranked_GSEA_fallback	RHO GTPases Activate NADPH Oxidases	24	cancer_up	P1 cancer-minus-normal moderated t	20357	0	1	reactome.db_1.95.0__fgsea_1.36.2	PRKCZ;NOXA1
R-HSA-112314	0.664714494875549	0.803731480608778	0.0500922874402106	-0.223054114140619	-0.923547561602447	187	8536;801;54331;2774;2770;5924;2791;84617;5577;111;3766;5568;83988;112;2036;57576;8973;55970;196883;2559;7102	completed	Reactome_preranked_GSEA_fallback	Neurotransmitter receptors and postsynaptic signal transmission	206	normal_up	P1 cancer-minus-normal moderated t	20357	0	1	reactome.db_1.95.0__fgsea_1.36.2	CAMK1;CALM1;GNG2;GNAL;GNAI1;RASGRF2;GNG11;TUBB6;PRKAR2B;ADCY5;KCNJ10;PRKACG;NCALD;ADCY6;EPB41L1;KIF17;CHRNA6;GNG12;ADCY4;GABRA6;TSPAN7
R-HSA-168164	0.661442006269593	0.803731480608778	0.053457214108991	-0.237152908158953	-0.904523583840261	102	5519;6285;3725;5602;2353;7098;28512;79671;3656;10133;7311;1848;1845;7316;5604	completed	Reactome_preranked_GSEA_fallback	Toll Like Receptor 3 (TLR3) Cascade	106	normal_up	P1 cancer-minus-normal moderated t	20357	0	1	reactome.db_1.95.0__fgsea_1.36.2	PPP2R1B;S100B;JUN;MAPK10;FOS;TLR3;NKIRAS1;NLRX1;IRAK2;OPTN;UBA52;DUSP6;DUSP3;UBC;MAP2K1
R-HSA-6782135	0.662468513853904	0.803731480608778	0.0764767053228531	0.240891083361003	0.901760600949952	61	5424;5437;27339;5983;5427;5111;5984;5426;7874;5430;5433;2068;2074;2968;91603;5431;6917;54107;1022;1642;5425	completed	Reactome_preranked_GSEA_fallback	Dual incision in TC-NER	64	cancer_up	P1 cancer-minus-normal moderated t	20357	0	1	reactome.db_1.95.0__fgsea_1.36.2	POLD1;POLR2H;PRPF19;RFC3;POLE2;PCNA;RFC4;POLE;USP7;POLR2A;POLR2D;ERCC2;ERCC6;GTF2H4;ZNF830;POLR2B;TCEA1;POLE3;CDK7;DDB1;POLD2
R-HSA-167169	0.664197530864198	0.803731480608778	0.0753093764172773	0.258864122765929	0.895108049692064	40	5437;904;7469;6749;5430;25920;1025;5433;6829;2068;2968;5431;6917;1022;11198	completed	Reactome_preranked_GSEA_fallback	HIV Transcription Elongation	44	cancer_up	P1 cancer-minus-normal moderated t	20357	0	1	reactome.db_1.95.0__fgsea_1.36.2	POLR2H;CCNT1;NELFA;SSRP1;POLR2A;NELFB;CDK9;POLR2D;SUPT5H;ERCC2;GTF2H4;POLR2B;TCEA1;CDK7;SUPT16H
R-HSA-167200	0.664197530864198	0.803731480608778	0.0753093764172773	0.258864122765929	0.895108049692064	40	5437;904;7469;6749;5430;25920;1025;5433;6829;2068;2968;5431;6917;1022;11198	completed	Reactome_preranked_GSEA_fallback	Formation of HIV-1 elongation complex containing HIV-1 Tat	44	cancer_up	P1 cancer-minus-normal moderated t	20357	0	1	reactome.db_1.95.0__fgsea_1.36.2	POLR2H;CCNT1;NELFA;SSRP1;POLR2A;NELFB;CDK9;POLR2D;SUPT5H;ERCC2;GTF2H4;POLR2B;TCEA1;CDK7;SUPT16H
R-HSA-167246	0.664197530864198	0.803731480608778	0.0753093764172773	0.258864122765929	0.895108049692064	40	5437;904;7469;6749;5430;25920;1025;5433;6829;2068;2968;5431;6917;1022;11198	completed	Reactome_preranked_GSEA_fallback	Tat-mediated elongation of the HIV-1 transcript	44	cancer_up	P1 cancer-minus-normal moderated t	20357	0	1	reactome.db_1.95.0__fgsea_1.36.2	POLR2H;CCNT1;NELFA;SSRP1;POLR2A;NELFB;CDK9;POLR2D;SUPT5H;ERCC2;GTF2H4;POLR2B;TCEA1;CDK7;SUPT16H
R-HSA-75105	0.66497461928934	0.803731480608778	0.0567672387487446	-0.279674317030518	-0.87859143514186	36	2180;201562;9200;83401;51144;2194;51703;2182;6319	completed	Reactome_preranked_GSEA_fallback	Fatty acyl-CoA biosynthesis	37	normal_up	P1 cancer-minus-normal moderated t	20357	0	1	reactome.db_1.95.0__fgsea_1.36.2	ACSL1;HACD2;HACD1;ELOVL3;HSD17B12;FASN;ACSL5;ACSL4;SCD
R-HSA-373752	0.664965986394558	0.803731480608778	0.0570059526582387	-0.266586827738256	-0.871307255899306	42	6586;2534;5781;22885;7222;9353;6091;4690	completed	Reactome_preranked_GSEA_fallback	Netrin-1 signaling	42	normal_up	P1 cancer-minus-normal moderated t	20357	0	1	reactome.db_1.95.0__fgsea_1.36.2	SLIT3;FYN;PTPN11;ABLIM3;TRPC3;SLIT2;ROBO1;NCK1
R-HSA-9640148	0.669435215946844	0.808408074381038	0.0555947097758869	-0.275969843503761	-0.875842171673788	37	801;3910;3908;7311;50509;7316;3915;1282;6233	completed	Reactome_preranked_GSEA_fallback	Infection with Enterobacteria	154	normal_up	P1 cancer-minus-normal moderated t	20357	0	1	reactome.db_1.95.0__fgsea_1.36.2	CALM1;LAMA4;LAMA2;UBA52;COL5A3;UBC;LAMC1;COL4A1;RPS27A
R-HSA-912631	0.673504273504274	0.812604008720514	0.0566484183613995	-0.304172792735526	-0.856240182984968	22	5290;2534;1398;7311;7316;6233;5295	completed	Reactome_preranked_GSEA_fallback	Regulation of signaling by CBL	22	normal_up	P1 cancer-minus-normal moderated t	20357	0	1	reactome.db_1.95.0__fgsea_1.36.2	PIK3CA;FYN;CRK;UBA52;UBC;RPS27A;PIK3R1
R-HSA-5655862	0.680212014134276	0.819973389172447	0.0577308549299813	-0.315637013074595	-0.8373031187015	17	7311;5981;51426;7316;6233	completed	Reactome_preranked_GSEA_fallback	Translesion synthesis by POLK	17	normal_up	P1 cancer-minus-normal moderated t	20357	0	1	reactome.db_1.95.0__fgsea_1.36.2	UBA52;RFC1;POLK;UBC;RPS27A
R-HSA-6802946	0.682885906040268	0.820303192932379	0.0551351763385257	-0.262720100717945	-0.863128871837388	43	7094;801;54518;5906;408;5908;5604;7450	completed	Reactome_preranked_GSEA_fallback	Signaling by moderate kinase activity BRAF mutants	47	normal_up	P1 cancer-minus-normal moderated t	20357	0	1	reactome.db_1.95.0__fgsea_1.36.2	TLN1;CALM1;APBB1IP;RAP1A;ARRB1;RAP1B;MAP2K1;VWF
R-HSA-6802949	0.682885906040268	0.820303192932379	0.0551351763385257	-0.262720100717945	-0.863128871837388	43	7094;801;54518;5906;408;5908;5604;7450	completed	Reactome_preranked_GSEA_fallback	Signaling by RAS mutants	47	normal_up	P1 cancer-minus-normal moderated t	20357	0	1	reactome.db_1.95.0__fgsea_1.36.2	TLN1;CALM1;APBB1IP;RAP1A;ARRB1;RAP1B;MAP2K1;VWF
R-HSA-6802955	0.682885906040268	0.820303192932379	0.0551351763385257	-0.262720100717945	-0.863128871837388	43	7094;801;54518;5906;408;5908;5604;7450	completed	Reactome_preranked_GSEA_fallback	Paradoxical activation of RAF signaling by kinase inactive BRAF	47	normal_up	P1 cancer-minus-normal moderated t	20357	0	1	reactome.db_1.95.0__fgsea_1.36.2	TLN1;CALM1;APBB1IP;RAP1A;ARRB1;RAP1B;MAP2K1;VWF
R-HSA-9649948	0.682885906040268	0.820303192932379	0.0551351763385257	-0.262720100717945	-0.863128871837388	43	7094;801;54518;5906;408;5908;5604;7450	completed	Reactome_preranked_GSEA_fallback	Signaling downstream of RAS mutants	47	normal_up	P1 cancer-minus-normal moderated t	20357	0	1	reactome.db_1.95.0__fgsea_1.36.2	TLN1;CALM1;APBB1IP;RAP1A;ARRB1;RAP1B;MAP2K1;VWF
R-HSA-913709	0.685138539042821	0.821565248132927	0.0747385227439092	0.238144079837965	0.891477366248257	61	11226;4582;51809;2591;55568;2590;140687;10610;4589;2650;200958;374378;79623	completed	Reactome_preranked_GSEA_fallback	O-linked glycosylation of mucins	65	cancer_up	P1 cancer-minus-normal moderated t	20357	0	1	reactome.db_1.95.0__fgsea_1.36.2	GALNT6;MUC1;GALNT7;GALNT3;GALNT10;GALNT2;GCNT7;ST6GALNAC2;MUC7;GCNT1;MUC20;GALNT18;GALNT14
R-HSA-391160	0.684905660377359	0.821565248132927	0.0605092988656667	-0.333480483522704	-0.842603120430564	15	5781;8935	completed	Reactome_preranked_GSEA_fallback	Signal regulatory protein family interactions	16	normal_up	P1 cancer-minus-normal moderated t	20357	0	1	reactome.db_1.95.0__fgsea_1.36.2	PTPN11;SKAP2
R-HSA-2024101	0.686602870813397	0.822599583174333	0.072003313661988	0.29794345336861	0.858181623109847	20	1462;2990;2720;3425;89944;8372;10675;3423;3073	completed	Reactome_preranked_GSEA_fallback	CS/DS degradation	20	cancer_up	P1 cancer-minus-normal moderated t	20357	0	1	reactome.db_1.95.0__fgsea_1.36.2	VCAN;GUSB;GLB1;IDUA;GLB1L2;HYAL3;CSPG5;IDS;HEXA
R-HSA-189445	0.689948892674617	0.825884532649913	0.0553642837725362	-0.291767604054705	-0.847275474270584	25	7389;210;213;212;645;211;3162;54658;644;11309	completed	Reactome_preranked_GSEA_fallback	Metabolism of porphyrins	27	normal_up	P1 cancer-minus-normal moderated t	20357	0	1	reactome.db_1.95.0__fgsea_1.36.2	UROD;ALAD;ALB;ALAS2;BLVRB;ALAS1;HMOX1;UGT1A1;BLVRA;SLCO2B1
R-HSA-5626467	0.692439862542955	0.828141112945074	0.0555947097758869	-0.303025960239942	-0.846546819856743	21	801;84617	completed	Reactome_preranked_GSEA_fallback	RHO GTPases activate IQGAPs	33	normal_up	P1 cancer-minus-normal moderated t	20357	0	1	reactome.db_1.95.0__fgsea_1.36.2	CALM1;TUBB6
R-HSA-72764	0.699013157894737	0.833814124644071	0.0531298054705469	-0.239722633467467	-0.879771729024034	77	6224;6230;6135;7311;51065;6176;9045;6124;23708;6207;6161;6166;2107;6233;6164;6125;6133;6189;140801;6201;9349;6167;6138;6194;6169;6173;6228;6137;6235;6209;6217;2935;6156;6146;6210;6142;6234;6202;6175	completed	Reactome_preranked_GSEA_fallback	Eukaryotic Translation Termination	94	normal_up	P1 cancer-minus-normal moderated t	20357	0	1	reactome.db_1.95.0__fgsea_1.36.2	RPS20;RPS25;RPL11;UBA52;RPS27L;RPLP1;RPL14;RPL4;GSPT2;RPS13;RPL32;RPL36AL;ETF1;RPS27A;RPL34;RPL5;RPL9;RPS3A;RPL10L;RPS7;RPL23;RPL37;RPL15;RPS6;RPL38;RPL36A;RPS23;RPL13;RPS29;RPS15;RPS16;GSPT1;RPL30;RPL22;RPS15A;RPL18A;RPS28;RPS8;RPLP0
R-HSA-5387390	0.697829716193656	0.833814124644071	0.0538979025357319	-0.257944490586023	-0.854656141261334	45	5700;7311;7316;50846;6233;9861;5714;5684;5695;3549;5707;5694;5688;5713;5717;5682;10213;5718	completed	Reactome_preranked_GSEA_fallback	Hh mutants abrogate ligand secretion	46	normal_up	P1 cancer-minus-normal moderated t	20357	0	1	reactome.db_1.95.0__fgsea_1.36.2	PSMC1;UBA52;UBC;DHH;RPS27A;PSMD6;PSMD8;PSMA3;PSMB7;IHH;PSMD1;PSMB6;PSMA7;PSMD7;PSMD11;PSMA1;PSMD14;PSMD12
R-HSA-9029569	0.698815566835871	0.833814124644071	0.0544555953940371	-0.271351860857332	-0.845891277901318	35	80820;19;10062;5360;347;1071	completed	Reactome_preranked_GSEA_fallback	NR1H3 & NR1H2 regulate gene expression linked to cholesterol transport and efflux	37	normal_up	P1 cancer-minus-normal moderated t	20357	0	1	reactome.db_1.95.0__fgsea_1.36.2	EEPD1;ABCA1;NR1H3;PLTP;APOD;CETP
R-HSA-69017	0.7	0.8341410353915	0.0732558655828455	0.235710866340716	0.878108362569501	59	51433;9134;11065;890;29882;1017;64682	completed	Reactome_preranked_GSEA_fallback	CDK-mediated phosphorylation and removal of Cdc6	60	cancer_up	P1 cancer-minus-normal moderated t	20357	0	1	reactome.db_1.95.0__fgsea_1.36.2	ANAPC5;CCNE2;UBE2C;CCNA2;ANAPC2;CDK2;ANAPC1
R-HSA-5673000	0.700507614213198	0.8341410353915	0.0543434390269162	-0.271109280495303	-0.845135076665837	35	5519;801;22808;5525	completed	Reactome_preranked_GSEA_fallback	RAF activation	36	normal_up	P1 cancer-minus-normal moderated t	20357	0	1	reactome.db_1.95.0__fgsea_1.36.2	PPP2R1B;CALM1;MRAS;PPP2R5A
R-HSA-6791226	0.704615384615385	0.834554334554335	0.0838361057159929	0.20606572961841	0.911908803256166	163	6229;6134;1453;6168;6129;51013;9277;54512;51602;57647;6132;23246;26354;25926;6227;10528;11056;116832;51077;54881;54555;27340;10969;8602;8568;10557;10607;56915;10799;2091;51096	completed	Reactome_preranked_GSEA_fallback	Major pathway of rRNA processing in the nucleolus and cytosol	186	cancer_up	P1 cancer-minus-normal moderated t	20357	0	1	reactome.db_1.95.0__fgsea_1.36.2	RPS24;RPL10;CSNK1D;RPL37A;RPL7;EXOSC1;WDR46;EXOSC4;NOP58;DHX37;RPL8;BOP1;GNL3;NOL11;RPS21;NOP56;DDX52;RPL39L;FCF1;TEX10;DDX49;UTP20;EBNA1BP2;NOP14;RRP1;RPP38;TBL3;EXOSC5;RPP40;FBL;UTP18
R-HSA-5689603	0.704081632653061	0.834554334554335	0.0739901439101342	0.22833330753734	0.887294501237003	76	580;86;79913;29844;283899;54891;8334;92815;221937;4798;221656;8607	completed	Reactome_preranked_GSEA_fallback	UCH proteinases	87	cancer_up	P1 cancer-minus-normal moderated t	20357	0	1	reactome.db_1.95.0__fgsea_1.36.2	BARD1;ACTL6A;ACTR5;TFPT;INO80E;INO80D;H2AC6;H2AC25;FOXK1;NFRKB;KDM1B;RUVBL1
R-HSA-975956	0.705128205128205	0.834554334554335	0.051530912208539	-0.237120930551521	-0.877023583248228	79	6224;6230;6135;7311;26986;51065;6176;9045;6124;23708;6207;6161;6166;2107;6233;6164;6125;6133;6189;140801;6201;9349;6167;6138;6194;6169;6173;6228;6137;6235;6209;6217;2935;6156;6146;6210;6142;6234;6202;6175	completed	Reactome_preranked_GSEA_fallback	Nonsense Mediated Decay (NMD) independent of the Exon Junction Complex (EJC)	96	normal_up	P1 cancer-minus-normal moderated t	20357	0	1	reactome.db_1.95.0__fgsea_1.36.2	RPS20;RPS25;RPL11;UBA52;PABPC1;RPS27L;RPLP1;RPL14;RPL4;GSPT2;RPS13;RPL32;RPL36AL;ETF1;RPS27A;RPL34;RPL5;RPL9;RPS3A;RPL10L;RPS7;RPL23;RPL37;RPL15;RPS6;RPL38;RPL36A;RPS23;RPL13;RPS29;RPS15;RPS16;GSPT1;RPL30;RPL22;RPS15A;RPL18A;RPS28;RPS8;RPLP0
R-HSA-9683701	0.70316301703163	0.834554334554335	0.0716527366829457	0.274307652583264	0.872185733400991	29	83666;23193;54625;2932;7841;10610;7329;5589;56965	completed	Reactome_preranked_GSEA_fallback	Translation of Structural Proteins	30	cancer_up	P1 cancer-minus-normal moderated t	20357	0	1	reactome.db_1.95.0__fgsea_1.36.2	PARP9;GANAB;PARP14;GSK3B;MOGS;ST6GALNAC2;UBE2I;PRKCSH;PARP6
R-HSA-9764260	0.70316301703163	0.834554334554335	0.0716527366829457	0.270981465779899	0.870385899876509	30	3728;3609;4343;1009;57690;8728;1499;2294;6667;80149;6663;26508	completed	Reactome_preranked_GSEA_fallback	Regulation of Expression and Function of Type II Classical Cadherins	31	cancer_up	P1 cancer-minus-normal moderated t	20357	0	1	reactome.db_1.95.0__fgsea_1.36.2	JUP;ILF3;MOV10;CDH11;TNRC6C;ADAM19;CTNNB1;FOXF1;SP1;ZC3H12A;SOX10;HEYL
R-HSA-112310	0.704013377926421	0.834554334554335	0.0535669384770951	-0.254335106089741	-0.866044930974825	51	6854;4128;6507;6582;7915;6812	completed	Reactome_preranked_GSEA_fallback	Neurotransmitter release cycle	51	normal_up	P1 cancer-minus-normal moderated t	20357	0	1	reactome.db_1.95.0__fgsea_1.36.2	SYN2;MAOA;SLC1A3;SLC22A2;ALDH5A1;STXBP1
R-HSA-8949664	0.703839122486289	0.834554334554335	0.0577308549299813	-0.317699642636833	-0.824673377302357	16	286097;9512;30968;10367;91689;79568	completed	Reactome_preranked_GSEA_fallback	Processing of SMDT1	16	normal_up	P1 cancer-minus-normal moderated t	20357	0	1	reactome.db_1.95.0__fgsea_1.36.2	MICU3;PMPCB;STOML2;MICU1;SMDT1;MAIP1
R-HSA-189200	0.711583924349882	0.841466457254575	0.0696133438850965	0.294142200442744	0.836735693140293	19	55974;81031;66035;91749;11182;125206	completed	Reactome_preranked_GSEA_fallback	Cellular hexose transport	21	cancer_up	P1 cancer-minus-normal moderated t	20357	0	1	reactome.db_1.95.0__fgsea_1.36.2	SLC50A1;SLC2A10;SLC2A11;SLC60A2;SLC2A6;SLC5A10
R-HSA-156842	0.713114754098361	0.842475040059164	0.0520570030732099	-0.2384363467137	-0.874360868962318	76	6224;6230;1915;6135;7311;51065;6176;9045;6124;6207;6161;6166;6233;1933;6164;6125;6133;6189;140801;6201;9349;6167;6138;6194;6169;6173;6228;6137;6235;6209;6217	completed	Reactome_preranked_GSEA_fallback	Eukaryotic Translation Elongation	94	normal_up	P1 cancer-minus-normal moderated t	20357	0	1	reactome.db_1.95.0__fgsea_1.36.2	RPS20;RPS25;EEF1A1;RPL11;UBA52;RPS27L;RPLP1;RPL14;RPL4;RPS13;RPL32;RPL36AL;RPS27A;EEF1B2;RPL34;RPL5;RPL9;RPS3A;RPL10L;RPS7;RPL23;RPL37;RPL15;RPS6;RPL38;RPL36A;RPS23;RPL13;RPS29;RPS15;RPS16
R-HSA-9931295	0.714285714285714	0.842475040059164	0.0697792517076235	0.287409481489714	0.841272032031414	21	6185;1650;6184;3703;142678;201595;7991;29126;84061	completed	Reactome_preranked_GSEA_fallback	PD-L1(CD274) glycosylation and translocation to plasma membrane	21	cancer_up	P1 cancer-minus-normal moderated t	20357	0	1	reactome.db_1.95.0__fgsea_1.36.2	RPN2;DDOST;RPN1;STT3A;MIB2;STT3B;TUSC3;CD274;MAGT1
R-HSA-1963642	0.714285714285714	0.842475040059164	0.0658311958368866	0.298395783614607	0.816594282144235	16	2065;2064;2066;2885;1950	completed	Reactome_preranked_GSEA_fallback	PI3K events in ERBB2 signaling	16	cancer_up	P1 cancer-minus-normal moderated t	20357	0	1	reactome.db_1.95.0__fgsea_1.36.2	ERBB3;ERBB2;ERBB4;GRB2;EGF
R-HSA-5675221	0.717391304347826	0.843953453565816	0.0702812841717392	0.244987709514539	0.860059408820907	42	3845;5894;4140;80824;5518;1850;1846;1847;5605;7529;5527;4893;5774	completed	Reactome_preranked_GSEA_fallback	Negative regulation of MAPK pathway	43	cancer_up	P1 cancer-minus-normal moderated t	20357	0	1	reactome.db_1.95.0__fgsea_1.36.2	KRAS;RAF1;MARK3;DUSP16;PPP2R1A;DUSP8;DUSP4;DUSP5;MAP2K2;YWHAB;PPP2R5C;NRAS;PTPN3
R-HSA-6802948	0.716723549488055	0.843953453565816	0.0536769600638127	-0.273469692970541	-0.843497557266154	33	7094;54518;5906;408;5908;5604;7450	completed	Reactome_preranked_GSEA_fallback	Signaling by high-kinase activity BRAF mutants	36	normal_up	P1 cancer-minus-normal moderated t	20357	0	1	reactome.db_1.95.0__fgsea_1.36.2	TLN1;APBB1IP;RAP1A;ARRB1;RAP1B;MAP2K1;VWF
R-HSA-8935690	0.717314487632509	0.843953453565816	0.0552495663125249	-0.306106994644505	-0.812022451915722	17	8544	completed	Reactome_preranked_GSEA_fallback	Digestion	23	normal_up	P1 cancer-minus-normal moderated t	20357	0	1	reactome.db_1.95.0__fgsea_1.36.2	PIR
R-HSA-389356	0.720987654320988	0.847454964279269	0.0711327399327894	0.24324684454772	0.865572975613465	48	5296;57761;8503;5170;64223;5518;253260;2885;79109;5527;5058	completed	Reactome_preranked_GSEA_fallback	Co-stimulation by CD28	50	cancer_up	P1 cancer-minus-normal moderated t	20357	0	1	reactome.db_1.95.0__fgsea_1.36.2	PIK3R2;TRIB3;PIK3R3;PDPK1;MLST8;PPP2R1A;RICTOR;GRB2;MAPKAP1;PPP2R5C;PAK1
R-HSA-9766229	0.721753794266442	0.8476072642462	0.052805004567129	-0.251869385904986	-0.851970020498232	50	2534;5700;2060;7311;7316;6233;9861;5714;1520;1514;5684;5695;5707;5694;5688;5713;5717	completed	Reactome_preranked_GSEA_fallback	Degradation of CDH1	52	normal_up	P1 cancer-minus-normal moderated t	20357	0	1	reactome.db_1.95.0__fgsea_1.36.2	FYN;PSMC1;EPS15;UBA52;UBC;RPS27A;PSMD6;PSMD8;CTSS;CTSL;PSMA3;PSMB7;PSMD1;PSMB6;PSMA7;PSMD7;PSMD11
R-HSA-167161	0.725457570715474	0.8476072642462	0.0519512476197082	-0.25479630133237	-0.843074077574364	44	902;5441;129685;2961;5434;2963;4331;404672;2958;6883	completed	Reactome_preranked_GSEA_fallback	HIV Transcription Initiation	48	normal_up	P1 cancer-minus-normal moderated t	20357	0	1	reactome.db_1.95.0__fgsea_1.36.2	CCNH;POLR2L;TAF8;GTF2E2;POLR2E;GTF2F2;MNAT1;GTF2H5;GTF2A2;TAF12
R-HSA-167162	0.725457570715474	0.8476072642462	0.0519512476197082	-0.25479630133237	-0.843074077574364	44	902;5441;129685;2961;5434;2963;4331;404672;2958;6883	completed	Reactome_preranked_GSEA_fallback	RNA Polymerase II HIV Promoter Escape	48	normal_up	P1 cancer-minus-normal moderated t	20357	0	1	reactome.db_1.95.0__fgsea_1.36.2	CCNH;POLR2L;TAF8;GTF2E2;POLR2E;GTF2F2;MNAT1;GTF2H5;GTF2A2;TAF12
R-HSA-73776	0.725457570715474	0.8476072642462	0.0519512476197082	-0.25479630133237	-0.843074077574364	44	902;5441;129685;2961;5434;2963;4331;404672;2958;6883	completed	Reactome_preranked_GSEA_fallback	RNA Polymerase II Promoter Escape	48	normal_up	P1 cancer-minus-normal moderated t	20357	0	1	reactome.db_1.95.0__fgsea_1.36.2	CCNH;POLR2L;TAF8;GTF2E2;POLR2E;GTF2F2;MNAT1;GTF2H5;GTF2A2;TAF12
R-HSA-73779	0.725457570715474	0.8476072642462	0.0519512476197082	-0.25479630133237	-0.843074077574364	44	902;5441;129685;2961;5434;2963;4331;404672;2958;6883	completed	Reactome_preranked_GSEA_fallback	RNA Polymerase II Transcription Pre-Initiation And Promoter Opening	48	normal_up	P1 cancer-minus-normal moderated t	20357	0	1	reactome.db_1.95.0__fgsea_1.36.2	CCNH;POLR2L;TAF8;GTF2E2;POLR2E;GTF2F2;MNAT1;GTF2H5;GTF2A2;TAF12
R-HSA-75953	0.725457570715474	0.8476072642462	0.0519512476197082	-0.25479630133237	-0.843074077574364	44	902;5441;129685;2961;5434;2963;4331;404672;2958;6883	completed	Reactome_preranked_GSEA_fallback	RNA Polymerase II Transcription Initiation	48	normal_up	P1 cancer-minus-normal moderated t	20357	0	1	reactome.db_1.95.0__fgsea_1.36.2	CCNH;POLR2L;TAF8;GTF2E2;POLR2E;GTF2F2;MNAT1;GTF2H5;GTF2A2;TAF12
R-HSA-76042	0.725457570715474	0.8476072642462	0.0519512476197082	-0.25479630133237	-0.843074077574364	44	902;5441;129685;2961;5434;2963;4331;404672;2958;6883	completed	Reactome_preranked_GSEA_fallback	RNA Polymerase II Transcription Initiation And Promoter Clearance	48	normal_up	P1 cancer-minus-normal moderated t	20357	0	1	reactome.db_1.95.0__fgsea_1.36.2	CCNH;POLR2L;TAF8;GTF2E2;POLR2E;GTF2F2;MNAT1;GTF2H5;GTF2A2;TAF12
R-HSA-9609736	0.726618705035971	0.848238915272564	0.0692836467392548	0.252150071213551	0.841000811541008	34	1741;818	completed	Reactome_preranked_GSEA_fallback	Assembly and cell surface presentation of NMDA receptors	43	cancer_up	P1 cancer-minus-normal moderated t	20357	0	1	reactome.db_1.95.0__fgsea_1.36.2	DLG3;CAMK2G
R-HSA-9954716	0.729032258064516	0.849769735758747	0.0502948063662358	-0.234801101291084	-0.868086833881631	80	6224;6230;6135;7311;51065;7316;6176;9045;6124;6207;6161;6166;6233;6164;6125;6133;6189;140801;6201;9325;9349;6167;6138;6194;6169;6173;6228;6137;6235;7321;6209;6217;7323;6156;6146;6210;6142;6234;6202;6175	completed	Reactome_preranked_GSEA_fallback	ZNF598 and the Ribosome-associated Quality Trigger (RQT) complex dissociate a ribosome stalled on a no-go mRNA	97	normal_up	P1 cancer-minus-normal moderated t	20357	0	1	reactome.db_1.95.0__fgsea_1.36.2	RPS20;RPS25;RPL11;UBA52;RPS27L;UBC;RPLP1;RPL14;RPL4;RPS13;RPL32;RPL36AL;RPS27A;RPL34;RPL5;RPL9;RPS3A;RPL10L;RPS7;TRIP4;RPL23;RPL37;RPL15;RPS6;RPL38;RPL36A;RPS23;RPL13;RPS29;UBE2D1;RPS15;RPS16;UBE2D3;RPL30;RPL22;RPS15A;RPL18A;RPS28;RPS8;RPLP0
R-HSA-9954714	0.734094616639478	0.849769735758747	0.0504983044100709	-0.235507061220415	-0.863377043892756	74	6224;6230;6135;7311;51065;6176;9045;6124;6207;6161;6166;6233;6164;6125;6133;6189;140801;6201;9349;6167;6138;6194;6169;6173;6228;6137;6235;6209;6217	completed	Reactome_preranked_GSEA_fallback	PELO:HBS1L and ABCE1 dissociate a ribosome on a non-stop mRNA	91	normal_up	P1 cancer-minus-normal moderated t	20357	0	1	reactome.db_1.95.0__fgsea_1.36.2	RPS20;RPS25;RPL11;UBA52;RPS27L;RPLP1;RPL14;RPL4;RPS13;RPL32;RPL36AL;RPS27A;RPL34;RPL5;RPL9;RPS3A;RPL10L;RPS7;RPL23;RPL37;RPL15;RPS6;RPL38;RPL36A;RPS23;RPL13;RPS29;RPS15;RPS16
R-HSA-192823	0.73538961038961	0.849769735758747	0.0501934252649434	-0.23545203058599	-0.862578900953325	73	6224;6230;6135;7311;51065;6176;9045;6124;6207;6161;6166;6233;6164;6125;6133;6189;140801;6201;9349;6167;6138;6194;6169;6173;6228;6137;6235;6209;6217	completed	Reactome_preranked_GSEA_fallback	Viral mRNA Translation	96	normal_up	P1 cancer-minus-normal moderated t	20357	0	1	reactome.db_1.95.0__fgsea_1.36.2	RPS20;RPS25;RPL11;UBA52;RPS27L;RPLP1;RPL14;RPL4;RPS13;RPL32;RPL36AL;RPS27A;RPL34;RPL5;RPL9;RPS3A;RPL10L;RPS7;RPL23;RPL37;RPL15;RPS6;RPL38;RPL36A;RPS23;RPL13;RPS29;RPS15;RPS16
R-HSA-8941326	0.732360097323601	0.849769735758747	0.0696133438850965	0.266875267457758	0.848553799655941	29	860;4086;2737;1277;10432	completed	Reactome_preranked_GSEA_fallback	RUNX2 regulates bone development	32	cancer_up	P1 cancer-minus-normal moderated t	20357	0	1	reactome.db_1.95.0__fgsea_1.36.2	RUNX2;SMAD1;GLI3;COL1A1;RBM14
R-HSA-5674135	0.729235880398671	0.849769735758747	0.0516355964484201	-0.262970591561797	-0.834586602201287	37	7094;54518;5906;408;5908;5604;7450	completed	Reactome_preranked_GSEA_fallback	MAP2K and MAPK activation	40	normal_up	P1 cancer-minus-normal moderated t	20357	0	1	reactome.db_1.95.0__fgsea_1.36.2	TLN1;APBB1IP;RAP1A;ARRB1;RAP1B;MAP2K1;VWF
R-HSA-73980	0.731497418244406	0.849769735758747	0.0531298054705469	-0.287252793216327	-0.815278902269685	23	6741;5441;84265;5434	completed	Reactome_preranked_GSEA_fallback	RNA Polymerase III Transcription Termination	23	normal_up	P1 cancer-minus-normal moderated t	20357	0	1	reactome.db_1.95.0__fgsea_1.36.2	SSB;POLR2L;POLR3GL;POLR2E
R-HSA-4839743	0.735169491525424	0.849769735758747	0.0626618230932492	0.297305429018549	0.798212122945874	15	1452;2932;5518;324;5527;8312;1499	completed	Reactome_preranked_GSEA_fallback	Signaling by CTNNB1 phospho-site mutants	15	cancer_up	P1 cancer-minus-normal moderated t	20357	0	1	reactome.db_1.95.0__fgsea_1.36.2	CSNK1A1;GSK3B;PPP2R1A;APC;PPP2R5C;AXIN1;CTNNB1
R-HSA-5339716	0.735169491525424	0.849769735758747	0.0626618230932492	0.297305429018549	0.798212122945874	15	1452;2932;5518;324;5527;8312;1499	completed	Reactome_preranked_GSEA_fallback	Signaling by GSK3beta mutants	15	cancer_up	P1 cancer-minus-normal moderated t	20357	0	1	reactome.db_1.95.0__fgsea_1.36.2	CSNK1A1;GSK3B;PPP2R1A;APC;PPP2R5C;AXIN1;CTNNB1
R-HSA-5358747	0.735169491525424	0.849769735758747	0.0626618230932492	0.297305429018549	0.798212122945874	15	1452;2932;5518;324;5527;8312;1499	completed	Reactome_preranked_GSEA_fallback	CTNNB1 S33 mutants aren't phosphorylated	15	cancer_up	P1 cancer-minus-normal moderated t	20357	0	1	reactome.db_1.95.0__fgsea_1.36.2	CSNK1A1;GSK3B;PPP2R1A;APC;PPP2R5C;AXIN1;CTNNB1
R-HSA-5358749	0.735169491525424	0.849769735758747	0.0626618230932492	0.297305429018549	0.798212122945874	15	1452;2932;5518;324;5527;8312;1499	completed	Reactome_preranked_GSEA_fallback	CTNNB1 S37 mutants aren't phosphorylated	15	cancer_up	P1 cancer-minus-normal moderated t	20357	0	1	reactome.db_1.95.0__fgsea_1.36.2	CSNK1A1;GSK3B;PPP2R1A;APC;PPP2R5C;AXIN1;CTNNB1
R-HSA-5358751	0.735169491525424	0.849769735758747	0.0626618230932492	0.297305429018549	0.798212122945874	15	1452;2932;5518;324;5527;8312;1499	completed	Reactome_preranked_GSEA_fallback	CTNNB1 S45 mutants aren't phosphorylated	15	cancer_up	P1 cancer-minus-normal moderated t	20357	0	1	reactome.db_1.95.0__fgsea_1.36.2	CSNK1A1;GSK3B;PPP2R1A;APC;PPP2R5C;AXIN1;CTNNB1
R-HSA-5358752	0.735169491525424	0.849769735758747	0.0626618230932492	0.297305429018549	0.798212122945874	15	1452;2932;5518;324;5527;8312;1499	completed	Reactome_preranked_GSEA_fallback	CTNNB1 T41 mutants aren't phosphorylated	15	cancer_up	P1 cancer-minus-normal moderated t	20357	0	1	reactome.db_1.95.0__fgsea_1.36.2	CSNK1A1;GSK3B;PPP2R1A;APC;PPP2R5C;AXIN1;CTNNB1
R-HSA-2173796	0.737226277372263	0.851172568553955	0.0692836467392548	0.250039039925059	0.835389827751793	35	1278;4221;60436;904;3065;905;1025;1874;2033	completed	Reactome_preranked_GSEA_fallback	SMAD2/SMAD3:SMAD4 heterotrimer regulates transcription	36	cancer_up	P1 cancer-minus-normal moderated t	20357	0	1	reactome.db_1.95.0__fgsea_1.36.2	COL1A2;MEN1;TGIF2;CCNT1;HDAC1;CCNT2;CDK9;E2F4;EP300
R-HSA-3858494	0.740181268882175	0.853863117773784	0.0466015072985992	-0.221104464362429	-0.872498044108149	126	801;54331;8322;7481;7855;2791;5532;5700;23002;7311;55970;7316;5534;83439;2780;6934;5148;6233;9861;5714;5530;1211;5684	completed	Reactome_preranked_GSEA_fallback	Beta-catenin independent WNT signaling	133	normal_up	P1 cancer-minus-normal moderated t	20357	0	1	reactome.db_1.95.0__fgsea_1.36.2	CALM1;GNG2;FZD4;WNT11;FZD5;GNG11;PPP3CB;PSMC1;DAAM1;UBA52;GNG12;UBC;PPP3R1;TCF7L1;GNAT2;TCF7L2;PDE6G;RPS27A;PSMD6;PSMD8;PPP3CA;CLTA;PSMA3
R-HSA-9824439	0.743034055727554	0.85643132730149	0.0475434194201301	-0.227486996851101	-0.867494055773354	99	801;3910;30011;4360;118429;9899;3908;2060;1511;112755;7311;50509;127833;1839;7316;5604;3915;22987;1282;6233;5608	completed	Reactome_preranked_GSEA_fallback	Bacterial Infection Pathways	295	normal_up	P1 cancer-minus-normal moderated t	20357	0	1	reactome.db_1.95.0__fgsea_1.36.2	CALM1;LAMA4;SH3KBP1;MRC1;ANTXR2;SV2B;LAMA2;EPS15;CTSG;STX1B;UBA52;COL5A3;SYT2;HBEGF;UBC;MAP2K1;LAMC1;SV2C;COL4A1;RPS27A;MAP2K6
R-HSA-9954709	0.744444444444445	0.857334082186652	0.0486034247259069	-0.229514764440609	-0.86422558982687	92	5700;6135;7311;7316;6176;9045;6124;9147;6161;6166;6233;9861;6164;8453;5714;6125;5684;6133;140801;5695;5707;9349;6167;6138;5694;5688;6169;6173;5713;5717;6137;5682;7321;22980;10213;5718;6156;6146;7353;25898;6142	completed	Reactome_preranked_GSEA_fallback	Ribosome Quality Control (RQC) complex extracts and degrades nascent peptide	103	normal_up	P1 cancer-minus-normal moderated t	20357	0	1	reactome.db_1.95.0__fgsea_1.36.2	PSMC1;RPL11;UBA52;UBC;RPLP1;RPL14;RPL4;NEMF;RPL32;RPL36AL;RPS27A;PSMD6;RPL34;CUL2;PSMD8;RPL5;PSMA3;RPL9;RPL10L;PSMB7;PSMD1;RPL23;RPL37;RPL15;PSMB6;PSMA7;RPL38;RPL36A;PSMD7;PSMD11;RPL13;PSMA1;UBE2D1;TCF25;PSMD14;PSMD12;RPL30;RPL22;UFD1;RCHY1;RPL18A
R-HSA-69541	0.75	0.863005050505051	0.0508054139066364	-0.251205063425507	-0.825297883191193	43	5700;7311;7316;6233;9861;5714;5684;64326;5695;5707;5694;5688;5713;5717;5682;10213;5718	completed	Reactome_preranked_GSEA_fallback	Stabilization of p53	44	normal_up	P1 cancer-minus-normal moderated t	20357	0	1	reactome.db_1.95.0__fgsea_1.36.2	PSMC1;UBA52;UBC;RPS27A;PSMD6;PSMD8;PSMA3;COP1;PSMB7;PSMD1;PSMB6;PSMA7;PSMD7;PSMD11;PSMA1;PSMD14;PSMD12
R-HSA-8854214	0.751207729468599	0.863667759616127	0.0679922591544058	0.239459879758129	0.840653284318656	42	84958;26088;382;5870;26000;55357;4218;5869;23163;8408;57465;7249;51256	completed	Reactome_preranked_GSEA_fallback	TBC/RABGAPs	45	cancer_up	P1 cancer-minus-normal moderated t	20357	0	1	reactome.db_1.95.0__fgsea_1.36.2	SYTL1;GGA1;ARF6;RAB6A;TBC1D10B;TBC1D2;RAB8A;RAB5B;GGA3;ULK1;TBC1D24;TSC2;TBC1D7
R-HSA-114508	0.755501222493888	0.867874093402642	0.0683110858318647	0.267158496420712	0.823827197887999	26	221955;8527;1609;160851;10125;8526	completed	Reactome_preranked_GSEA_fallback	Effects of PIP2 hydrolysis	26	cancer_up	P1 cancer-minus-normal moderated t	20357	0	1	reactome.db_1.95.0__fgsea_1.36.2	DAGLB;DGKD;DGKQ;DGKH;RASGRP1;DGKE
R-HSA-5621481	0.759630200308166	0.87115309045408	0.0463227785794633	-0.220888993702202	-0.862129301373837	121	30835;801;5532;2534;5700;3384;5568;10462;7311;4585;7316;5534;5566;6233;9861;5714;5530;841;5684;5063;2207;5580;4586;50856;5695;4067;5707;64581;4775;4773;4792	completed	Reactome_preranked_GSEA_fallback	C-type lectin receptors (CLRs)	127	normal_up	P1 cancer-minus-normal moderated t	20357	0	1	reactome.db_1.95.0__fgsea_1.36.2	CD209;CALM1;PPP3CB;FYN;PSMC1;ICAM2;PRKACG;CLEC10A;UBA52;MUC4;UBC;PPP3R1;PRKACA;RPS27A;PSMD6;PSMD8;PPP3CA;CASP8;PSMA3;PAK3;FCER1G;PRKCD;MUC5AC;CLEC4A;PSMB7;LYN;PSMD1;CLEC7A;NFATC3;NFATC2;NFKBIA
R-HSA-9818027	0.759259259259259	0.87115309045408	0.0653834195468773	0.283906288638326	0.799565772292204	18	84181;23657;1387;2936;2033;7975;140809	completed	Reactome_preranked_GSEA_fallback	NFE2L2 regulating anti-oxidant/detoxification enzymes	20	cancer_up	P1 cancer-minus-normal moderated t	20357	0	1	reactome.db_1.95.0__fgsea_1.36.2	CHD6;SLC7A11;CREBBP;GSR;EP300;MAFK;SRXN1
R-HSA-5689901	0.760942760942761	0.871926868573977	0.0502948063662358	-0.271084658064896	-0.810701720319841	28	114548;8850;84142;7311;7316;57559;6233	completed	Reactome_preranked_GSEA_fallback	Metalloprotease DUBs	37	normal_up	P1 cancer-minus-normal moderated t	20357	0	1	reactome.db_1.95.0__fgsea_1.36.2	NLRP3;KAT2B;ABRAXAS1;UBA52;UBC;STAMBPL1;RPS27A
R-HSA-5357769	0.76271186440678	0.873222042415467	0.0609039347452418	0.293054180674333	0.786798278344351	15	219699;9500;8772;7186;1613;8737	completed	Reactome_preranked_GSEA_fallback	Caspase activation via extrinsic apoptotic signalling pathway	17	cancer_up	P1 cancer-minus-normal moderated t	20357	0	1	reactome.db_1.95.0__fgsea_1.36.2	UNC5B;MAGED1;FADD;TRAF2;DAPK3;RIPK1
R-HSA-187037	0.763803680981595	0.873632923235347	0.0458620343117985	-0.222447302759567	-0.861614319523689	112	5519;5290;2354;2353;8660;5906;4915;1398;2152;1958;6654;53358;1848;1845;5604;4664;3727;3400;4208;1960;6197;1959;3726;1211;3397;5295;1386;5516	completed	Reactome_preranked_GSEA_fallback	Signaling by NTRK1 (TRKA)	115	normal_up	P1 cancer-minus-normal moderated t	20357	0	1	reactome.db_1.95.0__fgsea_1.36.2	PPP2R1B;PIK3CA;FOSB;FOS;IRS2;RAP1A;NTRK2;CRK;F3;EGR1;SOS1;SHC3;DUSP6;DUSP3;MAP2K1;NAB1;JUND;ID4;MEF2C;EGR3;RPS6KA3;EGR2;JUNB;CLTA;ID1;PIK3R1;ATF2;PPP2CB
R-HSA-9648002	0.764988009592326	0.873632923235347	0.0667426134241917	0.27506096478511	0.817495419100662	22	598;58489;3845;10434	completed	Reactome_preranked_GSEA_fallback	RAS processing	26	cancer_up	P1 cancer-minus-normal moderated t	20357	0	1	reactome.db_1.95.0__fgsea_1.36.2	BCL2L1;ABHD17C;KRAS;LYPLA1
R-HSA-844456	0.764830508474576	0.873632923235347	0.0607719451853533	0.292713969325707	0.785884871469362	15	29108;351;3326	completed	Reactome_preranked_GSEA_fallback	The NLRP3 inflammasome	16	cancer_up	P1 cancer-minus-normal moderated t	20357	0	1	reactome.db_1.95.0__fgsea_1.36.2	PYCARD;APP;HSP90AB1
R-HSA-1793185	0.767441860465116	0.874973330488585	0.0492917662312669	-0.2558481208655	-0.811982102654789	37	56548;92126;10090;3373;29940;1634;79411;9469;1464;55790	completed	Reactome_preranked_GSEA_fallback	Chondroitin sulfate/dermatan sulfate metabolism	37	normal_up	P1 cancer-minus-normal moderated t	20357	0	1	reactome.db_1.95.0__fgsea_1.36.2	CHST7;DSEL;UST;HYAL1;DSE;DCN;GLB1L;CHST3;CSPG4;CSGALNACT1
R-HSA-3134975	0.766949152542373	0.874973330488585	0.060640400949416	0.29171587258731	0.783205159500796	15	3661;51428;29110;340061	completed	Reactome_preranked_GSEA_fallback	Regulation of innate immune responses to cytosolic DNA	15	cancer_up	P1 cancer-minus-normal moderated t	20357	0	1	reactome.db_1.95.0__fgsea_1.36.2	IRF3;DDX41;TBK1;STING1
R-HSA-9912633	0.768518518518519	0.875470679012346	0.0647943366000727	0.281025008904813	0.79145121918961	18	5721;5720;5696;5692;5699;5689	completed	Reactome_preranked_GSEA_fallback	Antigen processing: Ub, ATP-independent proteasomal degradation	19	cancer_up	P1 cancer-minus-normal moderated t	20357	0	1	reactome.db_1.95.0__fgsea_1.36.2	PSME2;PSME1;PSMB8;PSMB4;PSMB10;PSMB1
R-HSA-2028269	0.770175438596491	0.876627664081102	0.0516355964484201	-0.289002722355173	-0.776442492382372	18	51421;26524;10413;154810	completed	Reactome_preranked_GSEA_fallback	Signaling by Hippo	18	normal_up	P1 cancer-minus-normal moderated t	20357	0	1	reactome.db_1.95.0__fgsea_1.36.2	AMOTL2;LATS2;YAP1;AMOTL1
R-HSA-110320	0.773049645390071	0.879167109191537	0.0655321029282414	0.281060502570671	0.799522659716443	19	5983;5111;5984	completed	Reactome_preranked_GSEA_fallback	Translesion Synthesis by POLH	19	cancer_up	P1 cancer-minus-normal moderated t	20357	0	1	reactome.db_1.95.0__fgsea_1.36.2	RFC3;PCNA;RFC4
R-HSA-983705	0.77602523659306	0.879623962207888	0.0464154956843849	-0.225093112410542	-0.849607514267271	94	801;30011;5532;2534;5700;7311;6654;7316;5534;974;4690;6233;9861;5714;5530;5295;5684;5695;4067;5707;4775;4773;4792;118788;2280;5694;5688;7220;5713;5717;10768;695	completed	Reactome_preranked_GSEA_fallback	Signaling by the B Cell Receptor (BCR)	96	normal_up	P1 cancer-minus-normal moderated t	20357	0	1	reactome.db_1.95.0__fgsea_1.36.2	CALM1;SH3KBP1;PPP3CB;FYN;PSMC1;UBA52;SOS1;UBC;PPP3R1;CD79B;NCK1;RPS27A;PSMD6;PSMD8;PPP3CA;PIK3R1;PSMA3;PSMB7;LYN;PSMD1;NFATC3;NFATC2;NFKBIA;PIK3AP1;FKBP1A;PSMB6;PSMA7;TRPC1;PSMD7;PSMD11;AHCYL1;BTK
R-HSA-2122948	0.774271844660194	0.879623962207888	0.0667426134241917	0.251678827917224	0.814901145201626	31	54492;3714;55851;6868;23385;102;142678;5664;51107;113878;8650	completed	Reactome_preranked_GSEA_fallback	Activated NOTCH1 Transmits Signal to the Nucleus	31	cancer_up	P1 cancer-minus-normal moderated t	20357	0	1	reactome.db_1.95.0__fgsea_1.36.2	NEURL1B;JAG2;PSENEN;ADAM17;NCSTN;ADAM10;MIB2;PSEN2;APH1A;DTX2;NUMB
R-HSA-5223345	0.775337837837838	0.879623962207888	0.0495901956956338	-0.270120650012731	-0.800458767703079	27	2039;1446;120;93380	completed	Reactome_preranked_GSEA_fallback	Miscellaneous transport and binding events	28	normal_up	P1 cancer-minus-normal moderated t	20357	0	1	reactome.db_1.95.0__fgsea_1.36.2	DMTN;CSN1S1;ADD3;MMGT1
R-HSA-175474	0.775824175824176	0.879623962207888	0.0618406035753285	0.284773451814308	0.779315208952094	16	79720;5478;51160;155382	completed	Reactome_preranked_GSEA_fallback	Assembly Of The HIV Virion	23	cancer_up	P1 cancer-minus-normal moderated t	20357	0	1	reactome.db_1.95.0__fgsea_1.36.2	VPS37B;PPIA;VPS28;VPS37D
R-HSA-5632684	0.778861788617886	0.882107758940058	0.0476387259290825	-0.229097337502933	-0.836441004535393	71	5700;50937;7311;408;91653;7316;83737;50846;2619;6233;9861;5714;5684;5727;5695;3549;5707;132884;409;2736;79577;5694;5688;22873;5713;5717	completed	Reactome_preranked_GSEA_fallback	Hedgehog 'on' state	72	normal_up	P1 cancer-minus-normal moderated t	20357	0	1	reactome.db_1.95.0__fgsea_1.36.2	PSMC1;CDON;UBA52;ARRB1;BOC;UBC;ITCH;DHH;GAS1;RPS27A;PSMD6;PSMD8;PSMA3;PTCH1;PSMB7;IHH;PSMD1;EVC2;ARRB2;GLI2;CDC73;PSMB6;PSMA7;DZIP1;PSMD7;PSMD11
R-HSA-1257604	0.779944289693593	0.882183986402349	0.0404934829859503	-0.203060445997406	-0.870399413841332	258	152831;5468;2247;5519;3725;9365;80243;2308;58528;5290;9846;2534;90865;5781;2246;1956;8660;2252;5700;4915;5525;64121;1459	completed	Reactome_preranked_GSEA_fallback	PIP3 activates AKT signaling	264	normal_up	P1 cancer-minus-normal moderated t	20357	0	1	reactome.db_1.95.0__fgsea_1.36.2	KLB;PPARG;FGF2;PPP2R1B;JUN;KL;PREX2;FOXO1;RRAGD;PIK3CA;GAB2;FYN;IL33;PTPN11;FGF1;EGFR;IRS2;FGF7;PSMC1;NTRK2;PPP2R5A;RRAGC;CSNK2A2
R-HSA-8934593	0.78021978021978	0.882183986402349	0.0615706755421678	0.281997266265351	0.771717858822045	16	4343;595;57690;5371;6714	completed	Reactome_preranked_GSEA_fallback	Regulation of RUNX1 Expression and Activity	17	cancer_up	P1 cancer-minus-normal moderated t	20357	0	1	reactome.db_1.95.0__fgsea_1.36.2	MOV10;CCND1;TNRC6C;PML;SRC
R-HSA-8956321	0.781411359724613	0.882801098135162	0.0500922874402106	-0.276725098465643	-0.785399271427228	23	7084;132;161823;100	completed	Reactome_preranked_GSEA_fallback	Nucleotide salvage	23	normal_up	P1 cancer-minus-normal moderated t	20357	0	1	reactome.db_1.95.0__fgsea_1.36.2	TK2;ADK;MAPDA;ADA
R-HSA-5635838	0.782456140350877	0.883251481304417	0.0509082865515105	-0.285714751281624	-0.767608940800494	18	50937;408;91653;50846;2619;5727;3549;132884;409	completed	Reactome_preranked_GSEA_fallback	Activation of SMO	18	normal_up	P1 cancer-minus-normal moderated t	20357	0	1	reactome.db_1.95.0__fgsea_1.36.2	CDON;ARRB1;BOC;DHH;GAS1;PTCH1;IHH;EVC2;ARRB2
R-HSA-1660662	0.787654320987654	0.888385690420894	0.0667426134241917	0.229218584752527	0.838607488202954	54	414;8706;7357;6610;22901;10825;2720;4758;57704;2523	completed	Reactome_preranked_GSEA_fallback	Glycosphingolipid metabolism	58	cancer_up	P1 cancer-minus-normal moderated t	20357	0	1	reactome.db_1.95.0__fgsea_1.36.2	ARSD;B3GALNT1;UGCG;SMPD2;ARSG;NEU3;GLB1;NEU1;GBA2;FUT1
R-HSA-9754678	0.789855072463768	0.888668217331663	0.0655321029282414	0.235676892527118	0.827372643555378	42	6229;6628;54960;6636;6227;6637;6634	completed	Reactome_preranked_GSEA_fallback	SARS-CoV-2 modulates host translation machinery	52	cancer_up	P1 cancer-minus-normal moderated t	20357	0	1	reactome.db_1.95.0__fgsea_1.36.2	RPS24;SNRPB;GEMIN8;SNRPF;RPS21;SNRPG;SNRPD3
R-HSA-2173793	0.789731051344743	0.888668217331663	0.066132620475844	0.22912340815847	0.822604495767508	50	1278;4221;60436;904;3065;905;6498;51592;1025;1874;2033;142	completed	Reactome_preranked_GSEA_fallback	Transcriptional activity of SMAD2/SMAD3:SMAD4 heterotrimer	51	cancer_up	P1 cancer-minus-normal moderated t	20357	0	1	reactome.db_1.95.0__fgsea_1.36.2	COL1A2;MEN1;TGIF2;CCNT1;HDAC1;CCNT2;SKIL;TRIM33;CDK9;E2F4;EP300;PARP1
R-HSA-9764561	0.789297658862876	0.888668217331663	0.0483117581055019	-0.235293054322462	-0.817033837243632	55	2534;5700;2060;7311;7316;6233;9861;5714;1520;1514;5684;5695;5707;7414;5694;5688;5713;5717	completed	Reactome_preranked_GSEA_fallback	Regulation of CDH1 Function	59	normal_up	P1 cancer-minus-normal moderated t	20357	0	1	reactome.db_1.95.0__fgsea_1.36.2	FYN;PSMC1;EPS15;UBA52;UBC;RPS27A;PSMD6;PSMD8;CTSS;CTSL;PSMA3;PSMB7;PSMD1;VCL;PSMB6;PSMA7;PSMD7;PSMD11
R-HSA-113418	0.791878172588833	0.889480248092797	0.048701086452153	-0.265114050696205	-0.802779114401686	30	902;5441;5434;2963;4331;404672	completed	Reactome_preranked_GSEA_fallback	Formation of the Early Elongation Complex	33	normal_up	P1 cancer-minus-normal moderated t	20357	0	1	reactome.db_1.95.0__fgsea_1.36.2	CCNH;POLR2L;POLR2E;GTF2F2;MNAT1;GTF2H5
R-HSA-167158	0.791878172588833	0.889480248092797	0.048701086452153	-0.265114050696205	-0.802779114401686	30	902;5441;5434;2963;4331;404672	completed	Reactome_preranked_GSEA_fallback	Formation of the HIV-1 Early Elongation Complex	33	normal_up	P1 cancer-minus-normal moderated t	20357	0	1	reactome.db_1.95.0__fgsea_1.36.2	CCNH;POLR2L;POLR2E;GTF2F2;MNAT1;GTF2H5
R-HSA-9735869	0.795262267343486	0.892548045532467	0.048505983646947	-0.262465609409732	-0.794759496637497	30	6224;6230;1915;51065;6207;6233;6189;6201;6194;6228;6235;6209;6217	completed	Reactome_preranked_GSEA_fallback	SARS-CoV-1 modulates host translation machinery	37	normal_up	P1 cancer-minus-normal moderated t	20357	0	1	reactome.db_1.95.0__fgsea_1.36.2	RPS20;RPS25;EEF1A1;RPS27L;RPS13;RPS27A;RPS3A;RPS7;RPS6;RPS23;RPS29;RPS15;RPS16
R-HSA-181429	0.798611111111111	0.894837204007286	0.0629394692018967	0.274780285306877	0.773864193307643	18	8541;9256;6804;22999;10815;6857;6616;5864;8500;8497;8224	completed	Reactome_preranked_GSEA_fallback	Serotonin Neurotransmitter Release Cycle	18	cancer_up	P1 cancer-minus-normal moderated t	20357	0	1	reactome.db_1.95.0__fgsea_1.36.2	PPFIA3;TSPOAP1;STX1A;RIMS1;CPLX1;SYT1;SNAP25;RAB3A;PPFIA1;PPFIA4;SYN3
R-HSA-9634638	0.798290598290598	0.894837204007286	0.0487989701682839	-0.272571750000212	-0.767283894781613	22	2353;1956;1839;10000;2069;685	completed	Reactome_preranked_GSEA_fallback	Estrogen-dependent nuclear events downstream of ESR-membrane signaling	24	normal_up	P1 cancer-minus-normal moderated t	20357	0	1	reactome.db_1.95.0__fgsea_1.36.2	FOS;EGFR;HBEGF;AKT3;EREG;BTC
R-HSA-69615	0.8	0.895659295659296	0.0672065093710464	0.220294218310506	0.837572944961019	65	9134;890;4194;1452;2932;4193;993;1017;11200	completed	Reactome_preranked_GSEA_fallback	G1/S DNA Damage Checkpoints	67	cancer_up	P1 cancer-minus-normal moderated t	20357	0	1	reactome.db_1.95.0__fgsea_1.36.2	CCNE2;CCNA2;MDM4;CSNK1A1;GSK3B;MDM2;CDC25A;CDK2;CHEK2
R-HSA-5607764	0.801292407108239	0.896372111716009	0.0460457683018055	-0.223409000713051	-0.827819135604687	81	801;5532;5700;7311;7316;5534;6233;9861;5714;5530;841;5684;5580;5695;5707;64581;4775;4773;4792;5694;5688;5713;5717;10768;5682;7321;1147;10213;5718;5336	completed	Reactome_preranked_GSEA_fallback	CLEC7A (Dectin-1) signaling	84	normal_up	P1 cancer-minus-normal moderated t	20357	0	1	reactome.db_1.95.0__fgsea_1.36.2	CALM1;PPP3CB;PSMC1;UBA52;UBC;PPP3R1;RPS27A;PSMD6;PSMD8;PPP3CA;CASP8;PSMA3;PRKCD;PSMB7;PSMD1;CLEC7A;NFATC3;NFATC2;NFKBIA;PSMB6;PSMA7;PSMD7;PSMD11;AHCYL1;PSMA1;UBE2D1;CHUK;PSMD14;PSMD12;PLCG2
R-HSA-446652	0.808669656203288	0.903184765545014	0.042077210988939	-0.212567574619318	-0.848751712901635	136	6285;5775;90865;57161;5781;5700;28512;79671;1511;3656;7311;11213;7316;5604;9173;3596;6233;5608;27178;9861;7850;5714;841;5778;5684;84639;5784;5695;5707;4792;3554;4215;3146;57162;5694;5688;11141;5783	completed	Reactome_preranked_GSEA_fallback	Interleukin-1 family signaling	140	normal_up	P1 cancer-minus-normal moderated t	20357	0	1	reactome.db_1.95.0__fgsea_1.36.2	S100B;PTPN4;IL33;PELI2;PTPN11;PSMC1;NKIRAS1;NLRX1;CTSG;IRAK2;UBA52;IRAK3;UBC;MAP2K1;IL1RL1;IL13;RPS27A;MAP2K6;IL37;PSMD6;IL1R2;PSMD8;CASP8;PTPN7;PSMA3;IL1F10;PTPN14;PSMB7;PSMD1;NFKBIA;IL1R1;MAP3K3;HMGB1;PELI1;PSMB6;PSMA7;IL1RAPL1;PTPN13
R-HSA-5633008	0.808873720136519	0.903184765545014	0.0481183992657975	-0.257700494752859	-0.794858601950203	33	84883;665;8738;604;8793	completed	Reactome_preranked_GSEA_fallback	TP53 Regulates Transcription of Cell Death Genes	33	normal_up	P1 cancer-minus-normal moderated t	20357	0	1	reactome.db_1.95.0__fgsea_1.36.2	AIFM2;BNIP3L;CRADD;BCL6;TNFRSF10D
R-HSA-5610785	0.809364548494983	0.903184765545014	0.0471642455670861	-0.237727025023854	-0.7909332016871	46	5700;5568;7311;7316;5566;6233;9861;5714;5684;5695;5707;5694;5688;5713;5717;5682;10213;5718	completed	Reactome_preranked_GSEA_fallback	GLI3 is processed to GLI3R by the proteasome	47	normal_up	P1 cancer-minus-normal moderated t	20357	0	1	reactome.db_1.95.0__fgsea_1.36.2	PSMC1;PRKACG;UBA52;UBC;PRKACA;RPS27A;PSMD6;PSMD8;PSMA3;PSMB7;PSMD1;PSMB6;PSMA7;PSMD7;PSMD11;PSMA1;PSMD14;PSMD12
R-HSA-69202	0.810126582278481	0.903297747124538	0.0665892104103933	0.217629771798396	0.839945696526935	72	5928;9134;7465;890;5753;595;993;1017;1869;1874	completed	Reactome_preranked_GSEA_fallback	Cyclin E associated events during G1/S transition	73	cancer_up	P1 cancer-minus-normal moderated t	20357	0	1	reactome.db_1.95.0__fgsea_1.36.2	RBBP4;CCNE2;WEE1;CCNA2;PTK6;CCND1;CDC25A;CDK2;E2F1;E2F4
R-HSA-174084	0.811036789297659	0.903575624262347	0.0470699590082662	-0.233879524489765	-0.808340949492203	53	5700;7311;246184;7316;119504;6233;8881;10393;9861;5714;5684;5695;5707;5694;5688;5713;25906;5717;5682;7321	completed	Reactome_preranked_GSEA_fallback	Autodegradation of Cdh1 by Cdh1:APC/C	54	normal_up	P1 cancer-minus-normal moderated t	20357	0	1	reactome.db_1.95.0__fgsea_1.36.2	PSMC1;UBA52;CDC26;UBC;ANAPC16;RPS27A;CDC16;ANAPC10;PSMD6;PSMD8;PSMA3;PSMB7;PSMD1;PSMB6;PSMA7;PSMD7;ANAPC15;PSMD11;PSMA1;UBE2D1
R-HSA-174154	0.814356435643564	0.905797597660498	0.0652353056017703	0.225725076118136	0.820675743694478	53	51433;991;11065	completed	Reactome_preranked_GSEA_fallback	APC/C:Cdc20 mediated degradation of Securin	55	cancer_up	P1 cancer-minus-normal moderated t	20357	0	1	reactome.db_1.95.0__fgsea_1.36.2	ANAPC5;CDC20;UBE2C
R-HSA-4085001	0.814189189189189	0.905797597660498	0.0473534245254193	-0.257298159699574	-0.790687676447116	32	30815;256435	completed	Reactome_preranked_GSEA_fallback	Sialic acid metabolism	33	normal_up	P1 cancer-minus-normal moderated t	20357	0	1	reactome.db_1.95.0__fgsea_1.36.2	ST6GALNAC6;ST6GALNAC3
R-HSA-422475	0.818181818181818	0.90926858897443	0.09754492162472	0.184629724266739	0.918377748865061	500	1741;100133941;3985;10451;1942;784;2050;6229;5296;1945;57698;51466;7410;1072;6712;8861;219699;4627;2064;8503;6134;10298;10921;80728;214;5909;6168;3845;6129;57522;4756;55740;2049;776;1290;24137;3673;1289;1605;7074;163;7277;27289;7852;10507;6195;2932;2887;55851;55558;23385;10154;6132;9775;23767;9939;5335;284656;3326;55715;5979;2817;6227;25791;4651;116832;5747;7204;102;5605;2885;4753;6478;6464;1944;1293;27330;9495;6477;4318;84448;8851;4893;5058;56924;9252;23380;2674;5664;9826;55110;23396;1020;51107;27;28964;8976;7430;64218;5786;1213;7408;10818;288;6334;1281;1981;387;3685;3265	completed	Reactome_preranked_GSEA_fallback	Axon guidance	534	cancer_up	P1 cancer-minus-normal moderated t	20357	0	1	reactome.db_1.95.0__fgsea_1.36.2	DLG3;CD24;LIMK2;VAV3;EFNA1;CACNB3;EPHB4;RPS24;PIK3R2;EFNA4;SHTN1;EVL;VAV2;CFL1;SPTBN2;LDB1;UNC5B;MYH9;ERBB2;PIK3R3;RPL10;PAK4;RNPS1;ARHGAP39;ALCAM;RAP1GAP;RPL37A;KRAS;RPL7;SRGAP1;NEO1;ENAH;EPHB3;CACNA1D;COL5A2;KIF4A;ITGA2;COL5A1;DAG1;TIAM1;AP2B1;TUBA4A;RND1;CXCR4;SEMA4D;RPS6KA1;GSK3B;GRB10;PSENEN;PLXNA3;NCSTN;PLXNC1;RPL8;EIF4A3;FLRT3;RBM8A;PLCG1;EPHA10;HSP90AB1;DOK4;RET;GPC1;RPS21;NGEF;MYO10;RPL39L;PTK2;TRIO;ADAM10;MAP2K2;GRB2;NELL2;SIAH2;SHC1;EFNA3;COL6A3;RPS6KA6;AKAP5;SIAH1;MMP9;ABLIM2;CDK5R1;NRAS;PAK1;PAK6;RPS6KA5;SRGAP2;GFRA1;PSEN2;ARHGEF11;MAGOHB;PIP5K1C;CDK5;APH1A;ABL2;GIT1;WASL;EZR;SEMA4A;PTPRA;CLTC;VASP;FRS2;ANK3;SCN8A;COL3A1;EIF4G1;RHOA;ITGAV;HRAS
R-HSA-5083636	0.818807339449541	0.90926858897443	0.0613026075396207	0.265675526549876	0.740167434884734	17	4582;4589;200958;727897;118430;140453;94025;143662;56667	completed	Reactome_preranked_GSEA_fallback	Defective GALNT12 causes CRCS1	18	cancer_up	P1 cancer-minus-normal moderated t	20357	0	1	reactome.db_1.95.0__fgsea_1.36.2	MUC1;MUC7;MUC20;MUC5B;MUCL1;MUC17;MUC16;MUC15;MUC13
R-HSA-1368108	0.81956155143339	0.909367403254418	0.0469758727821845	-0.261354655485749	-0.768491098816814	26	28999;5465;79365	completed	Reactome_preranked_GSEA_fallback	BMAL1:CLOCK,NPAS2 activates circadian expression	26	normal_up	P1 cancer-minus-normal moderated t	20357	0	1	reactome.db_1.95.0__fgsea_1.36.2	KLF15;PPARA;BHLHE41
R-HSA-5684264	0.820840950639854	0.909598828305057	0.0506004243853618	-0.284292480538735	-0.737956259949417	16	7311;7316;5604;6233	completed	Reactome_preranked_GSEA_fallback	MAP3K8 (TPL2)-dependent MAPK1/3 activation	16	normal_up	P1 cancer-minus-normal moderated t	20357	0	1	reactome.db_1.95.0__fgsea_1.36.2	UBA52;UBC;MAP2K1;RPS27A
R-HSA-881907	0.821100917431193	0.909598828305057	0.0611692626746689	0.264054416897508	0.735651051352377	17	3845;4314;6195;2885;4893;3265	completed	Reactome_preranked_GSEA_fallback	Gastrin-CREB signalling pathway via PKC and MAPK	18	cancer_up	P1 cancer-minus-normal moderated t	20357	0	1	reactome.db_1.95.0__fgsea_1.36.2	KRAS;MMP3;RPS6KA1;GRB2;NRAS;HRAS
R-HSA-9006936	0.824615384615385	0.911010280042538	0.0755015292281669	0.201815547593527	0.881591663970669	156	5590;3624;57530;3070;4343;1278;25805;4086;4221;60436;904;5499;3065;658;905;55851;23385;3696;6498;9110;4052;7043;7076;51592;23370;1025;7514;57690;1874;10589;2033;142;93;9765;5664	completed	Reactome_preranked_GSEA_fallback	Signaling by TGFB family members	158	cancer_up	P1 cancer-minus-normal moderated t	20357	0	1	reactome.db_1.95.0__fgsea_1.36.2	PRKCZ;INHBA;CGN;HELLS;MOV10;COL1A2;BAMBI;SMAD1;MEN1;TGIF2;CCNT1;PPP1CA;HDAC1;BMPR1B;CCNT2;PSENEN;NCSTN;ITGB8;SKIL;MTMR4;LTBP1;TGFB3;TIMP1;TRIM33;ARHGEF18;CDK9;XPO1;TNRC6C;E2F4;DRAP1;EP300;PARP1;ACVR2B;ZFYVE16;PSEN2
R-HSA-8957322	0.825958702064897	0.911010280042538	0.0404934829859503	-0.207206452504803	-0.837010027152318	149	1645;57678;3290;5465;32;412;10858;8644;1109;51170;1585;231;7108;2230;8029;213;6342;9023;1583;5641;10484;51144;91734;2194;6770;570;6319;114883;6579;6718;8648;4801;80205;4047;5443	completed	Reactome_preranked_GSEA_fallback	Metabolism of steroids	154	normal_up	P1 cancer-minus-normal moderated t	20357	0	1	reactome.db_1.95.0__fgsea_1.36.2	AKR1C1;GPAM;HSD11B1;PPARA;ACACB;STS;CYP46A1;AKR1C3;AKR1C4;HSD17B11;CYP11B2;AKR1B1;TM7SF2;FDX1;CUBN;ALB;SCP2;CH25H;CYP11A1;LGMN;SEC23A;HSD17B12;IDI2;FASN;STAR;BAAT;SCD;OSBPL9;SLCO1A2;AKR1D1;NCOA1;NFYB;CHD9;LSS;POMC
R-HSA-9833109	0.824390243902439	0.911010280042538	0.0639271933359996	0.253987355638807	0.791389198126946	27	7706;3661;1387;23586;7297;2033	completed	Reactome_preranked_GSEA_fallback	Evasion by RSV of host interferon responses	35	cancer_up	P1 cancer-minus-normal moderated t	20357	0	1	reactome.db_1.95.0__fgsea_1.36.2	TRIM25;IRF3;CREBBP;RIGI;TYK2;EP300
R-HSA-9034015	0.826373626373626	0.911010280042538	0.0588438169595807	0.271606902596636	0.743283437066845	16	3845;5335;25920;2885;6464;4893;3265;6714	completed	Reactome_preranked_GSEA_fallback	Signaling by NTRK3 (TRKC)	16	cancer_up	P1 cancer-minus-normal moderated t	20357	0	1	reactome.db_1.95.0__fgsea_1.36.2	KRAS;PLCG1;NELFB;GRB2;SHC1;NRAS;HRAS;SRC
R-HSA-5637810	0.826271186440678	0.911010280042538	0.0571258510018113	0.276191791281966	0.741525766237009	15	3845;5335;2885;6464;4893;1950;3265	completed	Reactome_preranked_GSEA_fallback	Constitutive Signaling by EGFRvIII	15	cancer_up	P1 cancer-minus-normal moderated t	20357	0	1	reactome.db_1.95.0__fgsea_1.36.2	KRAS;PLCG1;GRB2;SHC1;NRAS;EGF;HRAS
R-HSA-5637812	0.826271186440678	0.911010280042538	0.0571258510018113	0.276191791281966	0.741525766237009	15	3845;5335;2885;6464;4893;1950;3265	completed	Reactome_preranked_GSEA_fallback	Signaling by EGFRvIII in Cancer	15	cancer_up	P1 cancer-minus-normal moderated t	20357	0	1	reactome.db_1.95.0__fgsea_1.36.2	KRAS;PLCG1;GRB2;SHC1;NRAS;EGF;HRAS
R-HSA-5099900	0.828301886792453	0.912400225016344	0.0516355964484201	-0.290207171925572	-0.733264705786504	15	8322	completed	Reactome_preranked_GSEA_fallback	WNT5A-dependent internalization of FZD4	15	normal_up	P1 cancer-minus-normal moderated t	20357	0	1	reactome.db_1.95.0__fgsea_1.36.2	FZD4
R-HSA-381042	0.829268292682927	0.912729272220258	0.0636424081651019	0.236920276890462	0.775208063827911	32	9451;4800;51013;54512;3309;5073;167227	completed	Reactome_preranked_GSEA_fallback	PERK regulates gene expression	32	cancer_up	P1 cancer-minus-normal moderated t	20357	0	1	reactome.db_1.95.0__fgsea_1.36.2	EIF2AK3;NFYA;EXOSC1;EXOSC4;HSPA5;PARN;DCP2
R-HSA-9759194	0.832528180354267	0.91484406956936	0.0441523058441465	-0.220124121098656	-0.819336108075891	84	4199;5700;6347;7086;5226;1728;7311;2729;2730;7316;3417;6888;4780;6233;9861;468;4609;5714;5684;7295;5695;5707;5694;3162;5688	completed	Reactome_preranked_GSEA_fallback	Nuclear events mediated by NFE2L2	87	normal_up	P1 cancer-minus-normal moderated t	20357	0	1	reactome.db_1.95.0__fgsea_1.36.2	ME1;PSMC1;CCL2;TKT;PGD;NQO1;UBA52;GCLC;GCLM;UBC;IDH1;TALDO1;NFE2L2;RPS27A;PSMD6;ATF4;MYC;PSMD8;PSMA3;TXN;PSMB7;PSMD1;PSMB6;HMOX1;PSMA7
R-HSA-8956319	0.832134292565947	0.91484406956936	0.0626618230932492	0.236471534566194	0.788707897322336	34	57089;955;9583;3704;1890;84618;954;953;7498;51251	completed	Reactome_preranked_GSEA_fallback	Nucleotide catabolism	36	cancer_up	P1 cancer-minus-normal moderated t	20357	0	1	reactome.db_1.95.0__fgsea_1.36.2	ENTPD7;ENTPD6;ENTPD4;ITPA;TYMP;NT5C1A;ENTPD2;ENTPD1;XDH;NT5C3A
R-HSA-8878159	0.834645669291339	0.916063366895364	0.0668966276500666	0.209150059910423	0.826077512358584	83	51176;2648;6097;3845;7005;6046;6696;10018;1387;9794;4193;595	completed	Reactome_preranked_GSEA_fallback	Transcriptional regulation by RUNX3	87	cancer_up	P1 cancer-minus-normal moderated t	20357	0	1	reactome.db_1.95.0__fgsea_1.36.2	LEF1;KAT2A;RORC;KRAS;TEAD3;BRD2;SPP1;BCL2L11;CREBBP;MAML1;MDM2;CCND1
R-HSA-9955298	0.835548172757475	0.916063366895364	0.0454059226590179	-0.238811707443525	-0.75791384237101	37	9194;6567;53919;10864;116085;6576;6579;284111;6566;9376	completed	Reactome_preranked_GSEA_fallback	SLC-mediated transport of organic anions	38	normal_up	P1 cancer-minus-normal moderated t	20357	0	1	reactome.db_1.95.0__fgsea_1.36.2	SLC16A7;SLC16A2;SLCO1C1;SLC22A7;SLC22A12;SLC25A1;SLCO1A2;SLC13A5;SLC16A1;SLC22A8
R-HSA-3928664	0.835648148148148	0.916063366895364	0.0607719451853533	0.264999947380541	0.746319810670487	18	2050;2049	completed	Reactome_preranked_GSEA_fallback	Ephrin signaling	18	cancer_up	P1 cancer-minus-normal moderated t	20357	0	1	reactome.db_1.95.0__fgsea_1.36.2	EPHB4;EPHB3
R-HSA-9013422	0.836930455635492	0.916733920555863	0.0623861492893626	0.258576986165041	0.768504181754471	22	4646;79869;27316;10574;6434;10576;5930;2873;10250	completed	Reactome_preranked_GSEA_fallback	RHOBTB1 GTPase cycle	22	cancer_up	P1 cancer-minus-normal moderated t	20357	0	1	reactome.db_1.95.0__fgsea_1.36.2	MYO6;CPSF7;RBMX;CCT7;TRA2B;CCT2;RBBP6;GPS1;SRRM1
R-HSA-351202	0.841402337228715	0.919422058346645	0.0453152441270267	-0.23221150881036	-0.769394188747555	45	5700;1728;6303;4953;9861;5714;5684;54498;5695;5707;5694;5688;5713;5717;5682;10213;5718	completed	Reactome_preranked_GSEA_fallback	Metabolism of polyamines	46	normal_up	P1 cancer-minus-normal moderated t	20357	0	1	reactome.db_1.95.0__fgsea_1.36.2	PSMC1;NQO1;SAT1;ODC1;PSMD6;PSMD8;PSMA3;SMOX;PSMB7;PSMD1;PSMB6;PSMA7;PSMD7;PSMD11;PSMA1;PSMD14;PSMD12
R-HSA-168927	0.840350877192982	0.919422058346645	0.0476387259290825	-0.271393347478079	-0.729132671881571	18	7098;7311;7316;6233	completed	Reactome_preranked_GSEA_fallback	TICAM1, RIP1-mediated IKK complex recruitment	19	normal_up	P1 cancer-minus-normal moderated t	20357	0	1	reactome.db_1.95.0__fgsea_1.36.2	TLR3;UBA52;UBC;RPS27A
R-HSA-210744	0.841101694915254	0.919422058346645	0.0562940749700968	0.269369152712958	0.723208196880006	15	2648;1387;9794;2033;55534	completed	Reactome_preranked_GSEA_fallback	Regulation of gene expression in late stage (branching morphogenesis) pancreatic bud precursor cells	16	cancer_up	P1 cancer-minus-normal moderated t	20357	0	1	reactome.db_1.95.0__fgsea_1.36.2	KAT2A;CREBBP;MAML1;EP300;MAML3
R-HSA-9860927	0.844282238442822	0.921832124561772	0.0626618230932492	0.241308314640956	0.775076457653555	30	2335;3551;5518;5770;5747;9641;5970;3685;2767;9780;6772;5144;8517;25;5520	completed	Reactome_preranked_GSEA_fallback	Turbulent (oscillatory, disturbed) flow shear stress activates signaling by PIEZO1 and integrins in endothelial cells	30	cancer_up	P1 cancer-minus-normal moderated t	20357	0	1	reactome.db_1.95.0__fgsea_1.36.2	FN1;IKBKB;PPP2R1A;PTPN1;PTK2;IKBKE;RELA;ITGAV;GNA11;PIEZO1;STAT1;PDE4D;IKBKG;ABL1;PPP2R2A
R-HSA-5619115	0.849230769230769	0.925756348914243	0.0739901439101342	0.198952416938121	0.869084638873927	156	8480;7355;4891;3098;348995;55706;81031;23443;23165;6578;6584;55630;23225;9197;9818;10762;10999;10559;21;129401;6520;55315;91319;5002;79902;4928;9187;10956;23279;79139;7415;6505;27248;9631;9688;5709	completed	Reactome_preranked_GSEA_fallback	Disorders of transmembrane transporters	162	cancer_up	P1 cancer-minus-normal moderated t	20357	0	1	reactome.db_1.95.0__fgsea_1.36.2	RAE1;SLC35A2;SLC11A2;HK1;NUP43;NDC1;SLC2A10;SLC35A3;NUP205;SLCO2A1;SLC22A5;SLC39A4;NUP210;SLC33A1;NUP58;NUP50;SLC27A4;SLC35A1;ABCA3;NUP35;SLC3A2;SLC29A3;DERL3;SLC67A1;NUP85;NUP98;SLC24A1;OS9;NUP160;DERL1;VCP;SLC1A1;ERLEC1;NUP155;NUP93;PSMD3
R-HSA-202403	0.848901098901099	0.925756348914243	0.0683110858318647	0.203458823353184	0.821843179764118	96	5296;51466;5170;1445;3551;5795;55740	completed	Reactome_preranked_GSEA_fallback	TCR signaling	102	cancer_up	P1 cancer-minus-normal moderated t	20357	0	1	reactome.db_1.95.0__fgsea_1.36.2	PIK3R2;EVL;PDPK1;CSK;IKBKB;PTPRJ;ENAH
R-HSA-977068	0.851219512195122	0.926590204854536	0.0623861492893626	0.248176440948795	0.753982622922319	24	4582;10610;4589;200958;6482;727897;6480	completed	Reactome_preranked_GSEA_fallback	Termination of O-glycan biosynthesis	25	cancer_up	P1 cancer-minus-normal moderated t	20357	0	1	reactome.db_1.95.0__fgsea_1.36.2	MUC1;ST6GALNAC2;MUC7;MUC20;ST3GAL1;MUC5B;ST6GAL1
R-HSA-2559585	0.851351351351351	0.926590204854536	0.0453152441270267	-0.244918791644816	-0.75264537651567	32	1031;1030;7311;7316;7029;6233;3397	completed	Reactome_preranked_GSEA_fallback	Oncogene Induced Senescence	35	normal_up	P1 cancer-minus-normal moderated t	20357	0	1	reactome.db_1.95.0__fgsea_1.36.2	CDKN2C;CDKN2B;UBA52;UBC;TFDP2;RPS27A;ID1
R-HSA-5389840	0.856682769726248	0.929953662670461	0.042845050912155	-0.215319273877192	-0.801444179790757	83	65008;92259;51023;9553;64968;26589;54948;65080;10240;64960;64976;51318;124995;23107;5018;54534;64981;57129;51258;63931;116541;6150;51253;64963;9801;7818;51081;28957;64979;51073;51642	completed	Reactome_preranked_GSEA_fallback	Mitochondrial translation elongation	87	normal_up	P1 cancer-minus-normal moderated t	20357	0	1	reactome.db_1.95.0__fgsea_1.36.2	MRPL1;KGD4;MRPS18C;MRPL33;MRPS6;MRPL46;MRPL16;MRPL44;MRPS31;MRPS15;MRPL40;MRPL35;MRPL10;MRPS27;OXA1L;MRPL50;MRPL34;MRPL47;MRPL51;MRPS14;MRPL54;MRPL23;MRPL37;MRPS11;MRPL19;DAP3;MRPS7;MRPS28;MRPL36;MRPL4;MRPL48
R-HSA-5601884	0.857843137254902	0.929953662670461	0.062249042949858	0.244049529272071	0.76508521115915	28	5437;4603;5430;11022;5433;56165;5431;54456;113802;91646	completed	Reactome_preranked_GSEA_fallback	PIWI-interacting RNA (piRNA) biogenesis	29	cancer_up	P1 cancer-minus-normal moderated t	20357	0	1	reactome.db_1.95.0__fgsea_1.36.2	POLR2H;MYBL1;POLR2A;TDRKH;POLR2D;TDRD1;POLR2B;MOV10L1;HENMT1;TDRD12
R-HSA-9839394	0.857831325301205	0.929953662670461	0.0614364107201271	0.245735899819757	0.757376923033578	25	3070;4343;57690;2033	completed	Reactome_preranked_GSEA_fallback	TGFBR3 expression	25	cancer_up	P1 cancer-minus-normal moderated t	20357	0	1	reactome.db_1.95.0__fgsea_1.36.2	HELLS;MOV10;TNRC6C;EP300
R-HSA-9856532	0.855504587155963	0.929953662670461	0.059221919380382	0.255265980308573	0.711166618589023	17	784;6696	completed	Reactome_preranked_GSEA_fallback	Mechanical load activates signaling by PIEZO1 and integrins in osteocytes	17	cancer_up	P1 cancer-minus-normal moderated t	20357	0	1	reactome.db_1.95.0__fgsea_1.36.2	CACNB3;SPP1
R-HSA-9706369	0.855932203389831	0.929953662670461	0.0554793308704233	0.261675423206818	0.702551903509447	15	1445;5795;9306;27;84174	completed	Reactome_preranked_GSEA_fallback	Negative regulation of FLT3	15	cancer_up	P1 cancer-minus-normal moderated t	20357	0	1	reactome.db_1.95.0__fgsea_1.36.2	CSK;PTPRJ;SOCS6;ABL2;SLA2
R-HSA-1980143	0.858611825192802	0.93004941762168	0.0645031249656493	0.212000862973569	0.820502092935138	74	7090;2648;54492;3065;3714;55851;6868;23385;1387;9794;102;2033;142678;5664;6500;51107;55534;26960;79885;113878;8650	completed	Reactome_preranked_GSEA_fallback	Signaling by NOTCH1	74	cancer_up	P1 cancer-minus-normal moderated t	20357	0	1	reactome.db_1.95.0__fgsea_1.36.2	TLE3;KAT2A;NEURL1B;HDAC1;JAG2;PSENEN;ADAM17;NCSTN;CREBBP;MAML1;ADAM10;EP300;MIB2;PSEN2;SKP1;APH1A;MAML3;NBEA;HDAC11;DTX2;NUMB
R-HSA-2454202	0.863987635239567	0.934391690959247	0.0405756447890657	-0.208848342642578	-0.804566505749219	109	801;3725;5602;5290;5532;9846;2534;2353;5700;7311;6654;7316;5534	completed	Reactome_preranked_GSEA_fallback	Fc epsilon receptor (FCERI) signaling	113	normal_up	P1 cancer-minus-normal moderated t	20357	0	1	reactome.db_1.95.0__fgsea_1.36.2	CALM1;JUN;MAPK10;PIK3CA;PPP3CB;GAB2;FYN;FOS;PSMC1;UBA52;SOS1;UBC;PPP3R1
R-HSA-1227986	0.863523573200993	0.934391690959247	0.0625237414724762	0.221654993115865	0.789625715456916	49	2065;2064;3845;5753;26469;5335;2066;2885;6464;4893;1950;207;387;3265;6714;10273	completed	Reactome_preranked_GSEA_fallback	Signaling by ERBB2	50	cancer_up	P1 cancer-minus-normal moderated t	20357	0	1	reactome.db_1.95.0__fgsea_1.36.2	ERBB3;ERBB2;KRAS;PTK6;PTPN18;PLCG1;ERBB4;GRB2;SHC1;NRAS;EGF;AKT1;RHOA;HRAS;SRC;STUB1
R-HSA-174113	0.864864864864865	0.934601004166222	0.0445961615888961	-0.230545332725304	-0.749200496903315	41	5700;7311;7316;6233;9861;5714;5684;5695;5707;5694;5688;5713;5717;5682;10213;5718	completed	Reactome_preranked_GSEA_fallback	SCF-beta-TrCP mediated degradation of Emi1	42	normal_up	P1 cancer-minus-normal moderated t	20357	0	1	reactome.db_1.95.0__fgsea_1.36.2	PSMC1;UBA52;UBC;RPS27A;PSMD6;PSMD8;PSMA3;PSMB7;PSMD1;PSMB6;PSMA7;PSMD7;PSMD11;PSMA1;PSMD14;PSMD12
R-HSA-1222556	0.866328257191201	0.935315208051052	0.0445961615888961	-0.237125285573597	-0.739196002573294	35	529;4688;4689;51382;4842;1536;127124;4025;1535;4843;51606;4353;528	completed	Reactome_preranked_GSEA_fallback	ROS and RNS production in phagocytes	36	normal_up	P1 cancer-minus-normal moderated t	20357	0	1	reactome.db_1.95.0__fgsea_1.36.2	ATP6V1E1;NCF2;NCF4;ATP6V1D;NOS1;CYBB;ATP6V1G3;LPO;CYBA;NOS2;ATP6V1H;MPO;ATP6V1C1
R-HSA-5694530	0.866894197952218	0.935315208051052	0.0449543067640062	-0.239377824602618	-0.738343646503251	33	2157;9554;79748;10484;2348;90411	completed	Reactome_preranked_GSEA_fallback	Cargo concentration in the ER	33	normal_up	P1 cancer-minus-normal moderated t	20357	0	1	reactome.db_1.95.0__fgsea_1.36.2	F8;SEC22B;LMAN1L;SEC23A;FOLR1;MCFD2
R-HSA-8964038	0.86873920552677	0.935828600437427	0.0454059226590179	-0.262110563573445	-0.716468525329832	19	338	completed	Reactome_preranked_GSEA_fallback	LDL clearance	19	normal_up	P1 cancer-minus-normal moderated t	20357	0	1	reactome.db_1.95.0__fgsea_1.36.2	APOB
R-HSA-166208	0.868243243243243	0.935828600437427	0.0444181153081573	-0.247963119868079	-0.713795972561985	24	58528;64121;1975;10542;2280;6194;10325	completed	Reactome_preranked_GSEA_fallback	mTORC1-mediated signalling	24	normal_up	P1 cancer-minus-normal moderated t	20357	0	1	reactome.db_1.95.0__fgsea_1.36.2	RRAGD;RRAGC;EIF4B;LAMTOR5;FKBP1A;RPS6;RRAGB
R-HSA-389960	0.869976359338062	0.936423372610339	0.0598603117764473	0.253587658656516	0.721371652956976	19	7203;7277;908;10574;10576;79861;80086	completed	Reactome_preranked_GSEA_fallback	Formation of tubulin folding intermediates by CCT/TriC	26	cancer_up	P1 cancer-minus-normal moderated t	20357	0	1	reactome.db_1.95.0__fgsea_1.36.2	CCT3;TUBA4A;CCT6A;CCT7;CCT2;TUBAL3;TUBA4B
R-HSA-8939236	0.872282608695652	0.938167054356378	0.066436413766281	0.204290473273686	0.817934857167056	91	2625;4602;8861;3014;8349;8357;85236;8334;2624	completed	Reactome_preranked_GSEA_fallback	RUNX1 regulates transcription of genes involved in differentiation of HSCs	115	cancer_up	P1 cancer-minus-normal moderated t	20357	0	1	reactome.db_1.95.0__fgsea_1.36.2	GATA3;MYB;LDB1;H2AX;H2BC21;H3C10;H2BC12;H2AC6;GATA2
R-HSA-5658442	0.874371859296483	0.939674789039537	0.0437125833579551	-0.224483474297763	-0.77641578498352	54	22821;5700;7311;7316;6233;8831;9861;5714;5684;5695;5707;5694;5688;5713;5717	completed	Reactome_preranked_GSEA_fallback	Regulation of RAS by GAPs	55	normal_up	P1 cancer-minus-normal moderated t	20357	0	1	reactome.db_1.95.0__fgsea_1.36.2	RASA3;PSMC1;UBA52;UBC;RPS27A;SYNGAP1;PSMD6;PSMD8;PSMA3;PSMB7;PSMD1;PSMB6;PSMA7;PSMD7;PSMD11
R-HSA-438064	0.880327868852459	0.945332440472358	0.0424170054438747	-0.214053640956951	-0.77677514652977	70	8536;801;5924;84617;5577	completed	Reactome_preranked_GSEA_fallback	Post NMDA receptor activation events	81	normal_up	P1 cancer-minus-normal moderated t	20357	0	1	reactome.db_1.95.0__fgsea_1.36.2	CAMK1;CALM1;RASGRF2;TUBB6;PRKAR2B
R-HSA-1855204	0.883642495784148	0.946660886941168	0.0435378240914002	-0.244386284434301	-0.718597049329833	26	801;5333	completed	Reactome_preranked_GSEA_fallback	Synthesis of IP3 and IP4 in the cytosol	28	normal_up	P1 cancer-minus-normal moderated t	20357	0	1	reactome.db_1.95.0__fgsea_1.36.2	CALM1;PLCD1
R-HSA-196741	0.882556131260795	0.946660886941168	0.0446854397644147	-0.256618933677635	-0.701457379195672	19	6948;8029;4594;326625	completed	Reactome_preranked_GSEA_fallback	Cobalamin (Cbl, vitamin B12) transport and metabolism	22	normal_up	P1 cancer-minus-normal moderated t	20357	0	1	reactome.db_1.95.0__fgsea_1.36.2	TCN2;CUBN;MMUT;MMAB
R-HSA-1660516	0.883516483516484	0.946660886941168	0.0557104226766671	0.249491768908915	0.682762837548009	16	8821;9110;55300	completed	Reactome_preranked_GSEA_fallback	Synthesis of PIPs at the early endosome membrane	16	cancer_up	P1 cancer-minus-normal moderated t	20357	0	1	reactome.db_1.95.0__fgsea_1.36.2	INPP4B;MTMR4;PI4K2B
R-HSA-2408522	0.884735202492212	0.947089288807246	0.0398406946073899	-0.209221798902697	-0.79774933769166	100	11185;6224;3176;6230;1491;6135;7311;9060;51065;6176;9045;6124;6207;6161;6166;6233;6164;6125;6133;4837;3735;6189;140801;6201;9349;6167;6138;1615;6194;6169;6173;6228;6137;7296;6235	completed	Reactome_preranked_GSEA_fallback	Selenoamino acid metabolism	119	normal_up	P1 cancer-minus-normal moderated t	20357	0	1	reactome.db_1.95.0__fgsea_1.36.2	INMT;RPS20;HNMT;RPS25;CTH;RPL11;UBA52;PAPSS2;RPS27L;RPLP1;RPL14;RPL4;RPS13;RPL32;RPL36AL;RPS27A;RPL34;RPL5;RPL9;NNMT;KARS1;RPS3A;RPL10L;RPS7;RPL23;RPL37;RPL15;DARS1;RPS6;RPL38;RPL36A;RPS23;RPL13;TXNRD1;RPS29
R-HSA-1236978	0.886247877758913	0.94796623544322	0.0437125833579551	-0.231272477177175	-0.737623931414306	39	4360;5700;9861;5714;5684;5695;5707;5694;5688;5713;5717;5682;10213;5718	completed	Reactome_preranked_GSEA_fallback	Cross-presentation of soluble exogenous antigens (endosomes)	41	normal_up	P1 cancer-minus-normal moderated t	20357	0	1	reactome.db_1.95.0__fgsea_1.36.2	MRC1;PSMC1;PSMD6;PSMD8;PSMA3;PSMB7;PSMD1;PSMB6;PSMA7;PSMD7;PSMD11;PSMA1;PSMD14;PSMD12
R-HSA-9020702	0.888544891640867	0.948197398027373	0.0393561959521291	-0.206273896452853	-0.787790767320047	98	6285;57161;5700;28512;79671;3656;7311;11213;7316;5604;6233;5608;9861;7850;5714;841;5684;5695;5707;4792;3554;4215;3146;57162;5694;5688	completed	Reactome_preranked_GSEA_fallback	Interleukin-1 signaling	102	normal_up	P1 cancer-minus-normal moderated t	20357	0	1	reactome.db_1.95.0__fgsea_1.36.2	S100B;PELI2;PSMC1;NKIRAS1;NLRX1;IRAK2;UBA52;IRAK3;UBC;MAP2K1;RPS27A;MAP2K6;PSMD6;IL1R2;PSMD8;CASP8;PSMA3;PSMB7;PSMD1;NFKBIA;IL1R1;MAP3K3;HMGB1;PELI1;PSMB6;PSMA7
R-HSA-2142691	0.887719298245614	0.948197398027373	0.0451344222209097	-0.257840569803617	-0.692721414608599	18	22949;4056;1580;4048;1800;241;64174;1579;2678	completed	Reactome_preranked_GSEA_fallback	Synthesis of Leukotrienes (LT) and Eoxins (EX)	20	normal_up	P1 cancer-minus-normal moderated t	20357	0	1	reactome.db_1.95.0__fgsea_1.36.2	PTGR1;LTC4S;CYP4B1;LTA4H;DPEP1;ALOX5AP;DPEP2;CYP4A11;GGT1
R-HSA-429958	0.888482632541134	0.948197398027373	0.0469758727821845	-0.264531138824425	-0.686660475426942	16	9652;22894	completed	Reactome_preranked_GSEA_fallback	mRNA decay by 3' to 5' exoribonuclease	16	normal_up	P1 cancer-minus-normal moderated t	20357	0	1	reactome.db_1.95.0__fgsea_1.36.2	SKIC3;DIS3
R-HSA-2122947	0.889447236180905	0.948315093124958	0.0429311093452583	-0.219197212315619	-0.737881866861507	48	8850;7311;84441;55869;55294;7316;7088;6233;10046;4609;388585;7091;22938;7089;6907;9734	completed	Reactome_preranked_GSEA_fallback	NOTCH1 Intracellular Domain Regulates Transcription	48	normal_up	P1 cancer-minus-normal moderated t	20357	0	1	reactome.db_1.95.0__fgsea_1.36.2	KAT2B;UBA52;MAML2;HDAC8;FBXW7;UBC;TLE1;RPS27A;MAMLD1;MYC;HES5;TLE4;SNW1;TLE2;TBL1X;HDAC9
R-HSA-1187000	0.890736342042755	0.948315093124958	0.0589694466690997	0.239631906980488	0.720609555842917	23	928;79820;57829;5016;117155;157855	completed	Reactome_preranked_GSEA_fallback	Fertilization	26	cancer_up	P1 cancer-minus-normal moderated t	20357	0	1	reactome.db_1.95.0__fgsea_1.36.2	CD9;CATSPERB;ZP4;OVGP1;CATSPER2;KCNU1
R-HSA-111465	0.890459363957597	0.948315093124958	0.0453152441270267	-0.263907358999969	-0.700077765235753	17	7431;2339;660;841;5580;8428	completed	Reactome_preranked_GSEA_fallback	Apoptotic cleavage of cellular proteins	17	normal_up	P1 cancer-minus-normal moderated t	20357	0	1	reactome.db_1.95.0__fgsea_1.36.2	VIM;FNTA;BMX;CASP8;PRKCD;STK24
R-HSA-391251	0.89238845144357	0.948938481651292	0.0636424081651019	0.199534432560028	0.790963851854152	84	9134;7203;10238;6499;84261;8877;7277;10681;10528;1155;83752;6904;908;10564;55135;10574;10576;6903;6774;7157;898;2782;2767;79861	completed	Reactome_preranked_GSEA_fallback	Protein folding	97	cancer_up	P1 cancer-minus-normal moderated t	20357	0	1	reactome.db_1.95.0__fgsea_1.36.2	CCNE2;CCT3;DCAF7;SKIC2;FBXW9;SPHK1;TUBA4A;GNB5;NOP56;TBCB;LONP2;TBCD;CCT6A;ARFGEF2;WRAP53;CCT7;CCT2;TBCC;STAT3;TP53;CCNE1;GNB1;GNA11;TUBAL3
R-HSA-174178	0.895	0.948938481651292	0.0611692626746689	0.210103117289894	0.782710221036204	59	51433;991;11065	completed	Reactome_preranked_GSEA_fallback	APC/C:Cdh1 mediated degradation of Cdc20 and other APC/C:Cdh1 targeted proteins in late mitosis/early G1	61	cancer_up	P1 cancer-minus-normal moderated t	20357	0	1	reactome.db_1.95.0__fgsea_1.36.2	ANAPC5;CDC20;UBE2C
R-HSA-5628897	0.893548387096774	0.948938481651292	0.0409883873374721	-0.210014114981084	-0.776446478069841	80	1346;58528;1350;64121;7532;1349;84701;4697;5728;2821;7248;10542;4512;1329;10000;7295;83667;4513;1339;1347;57103;10325;1340;5571;27244;7296	completed	Reactome_preranked_GSEA_fallback	TP53 Regulates Metabolic Genes	82	normal_up	P1 cancer-minus-normal moderated t	20357	0	1	reactome.db_1.95.0__fgsea_1.36.2	COX7A1;RRAGD;COX7C;RRAGC;YWHAG;COX7B;COX4I2;COXFA4;PTEN;GPI;TSC1;LAMTOR5;MT-CO1;COX5B;AKT3;TXN;SESN2;MT-CO2;COX6A2;COX7A2;TIGAR;RRAGB;COX6B1;PRKAG1;SESN1;TXNRD1
R-HSA-8852276	0.893034825870647	0.948938481651292	0.0610363728309177	0.210171709854805	0.774778354533168	56	891;983;9133;7277;63943;3326	completed	Reactome_preranked_GSEA_fallback	The role of GTSE1 in G2/M progression after G2 checkpoint	66	cancer_up	P1 cancer-minus-normal moderated t	20357	0	1	reactome.db_1.95.0__fgsea_1.36.2	CCNB1;CDK1;CCNB2;TUBA4A;FKBPL;HSP90AB1
R-HSA-212676	0.895486935866983	0.948938481651292	0.0587185879555941	0.234879550386799	0.706318497455335	23	8541;9256;6804;22999;8573;10815;6857;6616;5864;8500;8497;8224	completed	Reactome_preranked_GSEA_fallback	Dopamine Neurotransmitter Release Cycle	23	cancer_up	P1 cancer-minus-normal moderated t	20357	0	1	reactome.db_1.95.0__fgsea_1.36.2	PPFIA3;TSPOAP1;STX1A;RIMS1;CASK;CPLX1;SYT1;SNAP25;RAB3A;PPFIA1;PPFIA4;SYN3
R-HSA-8863795	0.895093062605753	0.948938481651292	0.0431036828790402	-0.234289889953317	-0.70443675106666	29	1956;7311;1839;7316;10193;9101;6233;10000;2069;685;3084;55914;145957	completed	Reactome_preranked_GSEA_fallback	Downregulation of ERBB2 signaling	29	normal_up	P1 cancer-minus-normal moderated t	20357	0	1	reactome.db_1.95.0__fgsea_1.36.2	EGFR;UBA52;HBEGF;UBC;RNF41;USP8;RPS27A;AKT3;EREG;BTC;NRG1;ERBIN;NRG4
R-HSA-5357956	0.897619047619048	0.950461067463391	0.0587185879555941	0.247092610304381	0.723261116137368	21	3551;7186;257397;1540;8737;10616;10454	completed	Reactome_preranked_GSEA_fallback	TNFR1-induced NF-kappa-B signaling pathway	21	cancer_up	P1 cancer-minus-normal moderated t	20357	0	1	reactome.db_1.95.0__fgsea_1.36.2	IKBKB;TRAF2;TAB3;CYLD;RIPK1;RBCK1;TAB1
R-HSA-9635486	0.899755501222494	0.951985890225348	0.0598603117764473	0.240593559203371	0.741909841400974	26	57674;6421;5987;80824;4057	completed	Reactome_preranked_GSEA_fallback	Infection with Mycobacterium tuberculosis	96	cancer_up	P1 cancer-minus-normal moderated t	20357	0	1	reactome.db_1.95.0__fgsea_1.36.2	RNF213;SFPQ;TRIM27;DUSP16;LTF
R-HSA-5358346	0.90133779264214	0.952210095784836	0.0422468188360053	-0.218254729970896	-0.743186441929409	51	5700;7311;7316;50846;6233;2262;147111;9861;5714;5684;5695;3549;5707;5694;5688;5713;5717	completed	Reactome_preranked_GSEA_fallback	Hedgehog ligand biogenesis	52	normal_up	P1 cancer-minus-normal moderated t	20357	0	1	reactome.db_1.95.0__fgsea_1.36.2	PSMC1;UBA52;UBC;DHH;RPS27A;GPC5;NOTUM;PSMD6;PSMD8;PSMA3;PSMB7;IHH;PSMD1;PSMB6;PSMA7;PSMD7;PSMD11
R-HSA-445989	0.901360544217687	0.952210095784836	0.0430173196927508	-0.221231249728139	-0.723067957840205	42	6285;28512;79671;3656;7311;7316	completed	Reactome_preranked_GSEA_fallback	TAK1-dependent IKK and NF-kappa-B activation	45	normal_up	P1 cancer-minus-normal moderated t	20357	0	1	reactome.db_1.95.0__fgsea_1.36.2	S100B;NKIRAS1;NLRX1;IRAK2;UBA52;UBC
R-HSA-6805567	0.904225352112676	0.953762389149713	0.066436413766281	0.192763580619627	0.807226189133827	118	5652;3880;3728;6768;823;3855	completed	Reactome_preranked_GSEA_fallback	Keratinization	211	cancer_up	P1 cancer-minus-normal moderated t	20357	0	1	reactome.db_1.95.0__fgsea_1.36.2	PRSS8;KRT19;JUP;ST14;CAPN1;KRT7
R-HSA-5218859	0.904176904176904	0.953762389149713	0.0598603117764473	0.214881874963154	0.729468294188263	38	92421;79792;8772;7186;128866;8737;3659;11035;10273;7157	completed	Reactome_preranked_GSEA_fallback	Regulated Necrosis	40	cancer_up	P1 cancer-minus-normal moderated t	20357	0	1	reactome.db_1.95.0__fgsea_1.36.2	CHMP4C;GSDMD;FADD;TRAF2;CHMP4B;RIPK1;IRF1;RIPK3;STUB1;TP53
R-HSA-9830674	0.907142857142857	0.95470742760093	0.0582216241124161	0.241935214864695	0.708164980411276	21	255743;3227;5979;5076;2674;26585	completed	Reactome_preranked_GSEA_fallback	Formation of the ureteric bud	21	cancer_up	P1 cancer-minus-normal moderated t	20357	0	1	reactome.db_1.95.0__fgsea_1.36.2	NPNT;HOXC11;RET;PAX2;GFRA1;GREM1
R-HSA-9668328	0.906474820143885	0.95470742760093	0.0585937568945671	0.231417888413544	0.687785938014937	22	92421;7277;221496;6683;128866	completed	Reactome_preranked_GSEA_fallback	Sealing of the nuclear envelope (NE) by ESCRT-III	33	cancer_up	P1 cancer-minus-normal moderated t	20357	0	1	reactome.db_1.95.0__fgsea_1.36.2	CHMP4C;TUBA4A;LEMD2;SPAST;CHMP4B
R-HSA-389957	0.907216494845361	0.95470742760093	0.0431901998334182	-0.240763606368623	-0.672607934802719	21	84617;5201;7280;10382;7411;5204	completed	Reactome_preranked_GSEA_fallback	Prefoldin mediated transfer of substrate  to CCT/TriC	28	normal_up	P1 cancer-minus-normal moderated t	20357	0	1	reactome.db_1.95.0__fgsea_1.36.2	TUBB6;PFDN1;TUBB2A;TUBB4A;VBP1;PFDN5
R-HSA-75153	0.909401709401709	0.956270874424721	0.042845050912155	-0.24204047423876	-0.681338978703991	22	7431;2339;660;841;5580;8428;3146;3836	completed	Reactome_preranked_GSEA_fallback	Apoptotic execution phase	22	normal_up	P1 cancer-minus-normal moderated t	20357	0	1	reactome.db_1.95.0__fgsea_1.36.2	VIM;FNTA;BMX;CASP8;PRKCD;STK24;HMGB1;KPNA1
R-HSA-68949	0.91044776119403	0.956634965067055	0.0601186142531851	0.205213304365298	0.756499656372874	56	4171;4999;890;4176;1017;5001;4173;4174;6500;4172;5709;5692;4175	completed	Reactome_preranked_GSEA_fallback	Orc1 removal from chromatin	58	cancer_up	P1 cancer-minus-normal moderated t	20357	0	1	reactome.db_1.95.0__fgsea_1.36.2	MCM2;ORC2;CCNA2;MCM7;CDK2;ORC5;MCM4;MCM5;SKP1;MCM3;PSMD3;PSMB4;MCM6
R-HSA-419037	0.913265306122449	0.958858428163892	0.0424170054438747	-0.216646735045538	-0.708084018304943	42	131873;2675;1291;50509;64096;8912;1282;5621;1292;1297;256076;4684	completed	Reactome_preranked_GSEA_fallback	NCAM1 interactions	42	normal_up	P1 cancer-minus-normal moderated t	20357	0	1	reactome.db_1.95.0__fgsea_1.36.2	COL6A6;GFRA2;COL6A1;COL5A3;GFRA4;CACNA1H;COL4A1;PRNP;COL6A2;COL9A1;COL6A5;NCAM1
R-HSA-975576	0.914634146341463	0.959558617075043	0.0589694466690997	0.230950960924628	0.701650046308421	24	11320;8703;11282;4249;64377;8704;9486;6480	completed	Reactome_preranked_GSEA_fallback	N-glycan antennae elongation in the medial/trans-Golgi	26	cancer_up	P1 cancer-minus-normal moderated t	20357	0	1	reactome.db_1.95.0__fgsea_1.36.2	MGAT4A;B4GALT3;MGAT4B;MGAT5;CHST8;B4GALT2;CHST10;ST6GAL1
R-HSA-181430	0.91578947368421	0.960033903777849	0.0437125833579551	-0.244010481704655	-0.65556512768536	18	4128;6582;6812	completed	Reactome_preranked_GSEA_fallback	Norepinephrine Neurotransmitter Release Cycle	18	normal_up	P1 cancer-minus-normal moderated t	20357	0	1	reactome.db_1.95.0__fgsea_1.36.2	MAOA;SLC22A2;STXBP1
R-HSA-5576886	0.918981481481481	0.962641904356464	0.0562940749700968	0.239800478603562	0.675350503119548	18	3775;9424;60598	completed	Reactome_preranked_GSEA_fallback	Phase 4 - resting membrane potential	19	cancer_up	P1 cancer-minus-normal moderated t	20357	0	1	reactome.db_1.95.0__fgsea_1.36.2	KCNK1;KCNK6;KCNK15
R-HSA-9711097	0.922962962962963	0.965333106633795	0.0355420211253902	-0.194301013419471	-0.778822383091737	140	58528;6224;6230;1965;64121;57600;6135;7311;529;51065;6176;9045;6124;1051;6207;6161;6166;6233;51382;440275;10542;468;6164;6125;127124;1386;6133;6189;140801;6201;83667;51606;9349;6167;6138;652968;6194;6169;528;10325;6173;6228;6137;27244;6235;440;1649;6209;6217	completed	Reactome_preranked_GSEA_fallback	Cellular response to starvation	157	normal_up	P1 cancer-minus-normal moderated t	20357	0	1	reactome.db_1.95.0__fgsea_1.36.2	RRAGD;RPS20;RPS25;EIF2S1;RRAGC;FNIP2;RPL11;UBA52;ATP6V1E1;RPS27L;RPLP1;RPL14;RPL4;CEBPB;RPS13;RPL32;RPL36AL;RPS27A;ATP6V1D;EIF2AK4;LAMTOR5;ATF4;RPL34;RPL5;ATP6V1G3;ATF2;RPL9;RPS3A;RPL10L;RPS7;SESN2;ATP6V1H;RPL23;RPL37;RPL15;CASTOR1;RPS6;RPL38;ATP6V1C1;RRAGB;RPL36A;RPS23;RPL13;SESN1;RPS29;ASNS;DDIT3;RPS15;RPS16
R-HSA-1168372	0.922570016474465	0.965333106633795	0.0404934829859503	-0.206956786210496	-0.740053736562126	65	801;5532;5700;7311;7316;5534;6233;9861;5714;5530;5684;5695;5707;4775;4773;4792;2280;5694;5688	completed	Reactome_preranked_GSEA_fallback	Downstream signaling events of B Cell Receptor (BCR)	67	normal_up	P1 cancer-minus-normal moderated t	20357	0	1	reactome.db_1.95.0__fgsea_1.36.2	CALM1;PPP3CB;PSMC1;UBA52;UBC;PPP3R1;RPS27A;PSMD6;PSMD8;PPP3CA;PSMA3;PSMB7;PSMD1;NFATC3;NFATC2;NFKBIA;FKBP1A;PSMB6;PSMA7
R-HSA-5610787	0.925867507886435	0.967630644710059	0.0383205781976994	-0.197900180436205	-0.747333772213985	93	84617;5577;5700;111;5568;112;7311;196883;7316;83737;7280;5566;6233;23322;9861;5714;5684;10382;80199;5727;5695;51098;5707;2736;5694;5688	completed	Reactome_preranked_GSEA_fallback	Hedgehog 'off' state	100	normal_up	P1 cancer-minus-normal moderated t	20357	0	1	reactome.db_1.95.0__fgsea_1.36.2	TUBB6;PRKAR2B;PSMC1;ADCY5;PRKACG;ADCY6;UBA52;ADCY4;UBC;ITCH;TUBB2A;PRKACA;RPS27A;RPGRIP1L;PSMD6;PSMD8;PSMA3;TUBB4A;FUZ;PTCH1;PSMB7;IFT52;PSMD1;GLI2;PSMB6;PSMA7
R-HSA-9013695	0.92822966507177	0.969358252217807	0.0573667426768556	0.237945396091146	0.68536617911984	20	2648;1387;9794;2033;59;55534	completed	Reactome_preranked_GSEA_fallback	NOTCH4 Intracellular Domain Regulates Transcription	20	cancer_up	P1 cancer-minus-normal moderated t	20357	0	1	reactome.db_1.95.0__fgsea_1.36.2	KAT2A;CREBBP;MAML1;EP300;ACTA2;MAML3
R-HSA-2408557	0.929276315789474	0.969710476094817	0.0400845633477088	-0.202038392774144	-0.741472190460763	77	6224;6230;6135;7311;51065;6176;9045;6124;6207;6161;6166;6233;6164;6125;6133;6189;140801;6201;9349;6167;6138;6194;6169;6173;6228;6137;6235;6209;6217;6156;6146;6210;6142;6301;6234;6202;6175	completed	Reactome_preranked_GSEA_fallback	Selenocysteine synthesis	94	normal_up	P1 cancer-minus-normal moderated t	20357	0	1	reactome.db_1.95.0__fgsea_1.36.2	RPS20;RPS25;RPL11;UBA52;RPS27L;RPLP1;RPL14;RPL4;RPS13;RPL32;RPL36AL;RPS27A;RPL34;RPL5;RPL9;RPS3A;RPL10L;RPS7;RPL23;RPL37;RPL15;RPS6;RPL38;RPL36A;RPS23;RPL13;RPS29;RPS15;RPS16;RPL30;RPL22;RPS15A;RPL18A;SARS1;RPS28;RPS8;RPLP0
R-HSA-3371497	0.933333333333333	0.971718710332572	0.0585937568945671	0.202636939056019	0.718317401685109	47	3306;84516;832;7277;140735;10963;3326;1778;55466;5241;3305;367;51143;2288;10728;79861	completed	Reactome_preranked_GSEA_fallback	HSP90 chaperone cycle for steroid hormone receptors (SHR) in the presence of ligand	57	cancer_up	P1 cancer-minus-normal moderated t	20357	0	1	reactome.db_1.95.0__fgsea_1.36.2	HSPA2;DCTN5;CAPZB;TUBA4A;DYNLL2;STIP1;HSP90AB1;DYNC1H1;DNAJA4;PGR;HSPA1L;AR;DYNC1LI1;FKBP4;PTGES3;TUBAL3
R-HSA-1592389	0.932318104906937	0.971718710332572	0.0412376090540066	-0.220782070097655	-0.668539574735199	30	1215;1511;3817;4317;7177;3818	completed	Reactome_preranked_GSEA_fallback	Activation of Matrix Metalloproteinases	33	normal_up	P1 cancer-minus-normal moderated t	20357	0	1	reactome.db_1.95.0__fgsea_1.36.2	CMA1;CTSG;KLK2;MMP8;TPSAB1;KLKB1
R-HSA-8940973	0.932853717026379	0.971718710332572	0.0572461135202885	0.2235133857892	0.664293347233404	22	860;2737;1277;367;6714;10013	completed	Reactome_preranked_GSEA_fallback	RUNX2 regulates osteoblast differentiation	24	cancer_up	P1 cancer-minus-normal moderated t	20357	0	1	reactome.db_1.95.0__fgsea_1.36.2	RUNX2;GLI3;COL1A1;AR;SRC;HDAC6
R-HSA-9931269	0.936348408710218	0.9741158863827	0.0405756447890657	-0.204735289517133	-0.708113196401368	54	5700;7311;7316;6233;9861;5714;11160;5684;5695;5707;5694;5688;5713;5717;5571;5682;10213;5718	completed	Reactome_preranked_GSEA_fallback	AMPK-induced ERAD and lysosome mediated degradation of PD-L1(CD274)	55	normal_up	P1 cancer-minus-normal moderated t	20357	0	1	reactome.db_1.95.0__fgsea_1.36.2	PSMC1;UBA52;UBC;RPS27A;PSMD6;PSMD8;ERLIN2;PSMA3;PSMB7;PSMD1;PSMB6;PSMA7;PSMD7;PSMD11;PRKAG1;PSMA1;PSMD14;PSMD12
R-HSA-9008059	0.941580756013746	0.978814367658396	0.041488040200221	-0.221627126354961	-0.619147411862736	21	5775;5781	completed	Reactome_preranked_GSEA_fallback	Interleukin-37 signaling	21	normal_up	P1 cancer-minus-normal moderated t	20357	0	1	reactome.db_1.95.0__fgsea_1.36.2	PTPN4;PTPN11
R-HSA-380994	0.945945945945946	0.981113890825575	0.0404934829859503	-0.219599258184484	-0.6507468110512	27	22894;6347;3484;1051;11340;468;4801;9709	completed	Reactome_preranked_GSEA_fallback	ATF4 activates genes in response to endoplasmic reticulum  stress	27	normal_up	P1 cancer-minus-normal moderated t	20357	0	1	reactome.db_1.95.0__fgsea_1.36.2	DIS3;CCL2;IGFBP1;CEBPB;EXOSC8;ATF4;NFYB;HERPUD1
R-HSA-450302	0.945299145299145	0.981113890825575	0.0410713282497468	-0.227358735658107	-0.640010185238345	22	3656;7311;7316;6233;5608	completed	Reactome_preranked_GSEA_fallback	activated TAK1 mediates p38 MAPK activation	23	normal_up	P1 cancer-minus-normal moderated t	20357	0	1	reactome.db_1.95.0__fgsea_1.36.2	IRAK2;UBA52;UBC;RPS27A;MAP2K6
R-HSA-5423646	0.945155393053016	0.981113890825575	0.0441523058441465	-0.241683820311808	-0.627354222628789	16	1800;4259;8574;64174;2678;1576;1553;95;4257;91703	completed	Reactome_preranked_GSEA_fallback	Aflatoxin activation and detoxification	18	normal_up	P1 cancer-minus-normal moderated t	20357	0	1	reactome.db_1.95.0__fgsea_1.36.2	DPEP1;MGST3;AKR7A2;DPEP2;GGT1;CYP3A4;CYP2A13;ACY1;MGST1;ACY3
R-HSA-2871809	0.947546531302877	0.98202889180518	0.0404934829859503	-0.215202472906665	-0.651644264660389	30	801;5532;6654;5534;5530;2207;4067;4775;4773	completed	Reactome_preranked_GSEA_fallback	FCERI mediated Ca+2 mobilization	31	normal_up	P1 cancer-minus-normal moderated t	20357	0	1	reactome.db_1.95.0__fgsea_1.36.2	CALM1;PPP3CB;SOS1;PPP3R1;PPP3CA;FCER1G;LYN;NFATC3;NFATC2
R-HSA-6798695	0.951251646903821	0.982393100970176	0.0283628487151644	-0.183491320057253	-0.824684051342632	447	4311;230;10555;847;79895;2171;5836;683;9588;5236;948;5337;196527;3579;3903;1727;9535;84418;160364;2357;1675;64114;3240;5906;23593;210;55313;5787;1378;1915;1511;5806;6515;945;728;8804;10875;10394;6518;11026;1084;8987;3417;5908;51646;8876;55;3482;5273;2950;387921;11010;138050;1476;8694;1729;1088;4317;2821;80301;51382;84658;29099;2212;410;23200;3848;2219;9861;5175;929;976;140885;1536;4033;1520;1823;10043;2799;2352;89777;5199;719;718;9798;7276;7133;1535;4048;51125;5265;26578;2207;5580;197;80184;8993;5695;387263;8566;23071;30;23250;968;1075;5707;7414	completed	Reactome_preranked_GSEA_fallback	Neutrophil degranulation	469	normal_up	P1 cancer-minus-normal moderated t	20357	0	1	reactome.db_1.95.0__fgsea_1.36.2	MME;ALDOC;AGPAT2;CAT;ATP8B4;FABP5;PYGL;BST1;PRDX6;PGM1;CD36;PLD1;ANO6;CXCR2;LAIR1;CYB5R3;GMFG;CYSTM1;CLEC12A;FPR1;CFD;TMBIM1;HP;RAP1A;HEBP2;ALAD;CPPED1;PTPRB;CR1;EEF1A1;CTSG;PTX3;SLC2A3;CD33;C5AR1;CREG1;FGL2;PRG3;SLC2A5;LILRA3;CEACAM3;STBD1;IDH1;RAP1B;YPEL5;VNN1;ACP3;IGF2R;SERPINB10;GSTP1;NHLRC3;GLIPR1;HGSNAT;CSTB;DGAT1;DIAPH1;CEACAM8;MMP8;GPI;PLEKHO2;ATP6V1D;ADGRE3;COMMD9;FCGR2A;ARSA;ATP11B;KRT1;FCN1;PSMD6;PECAM1;CD14;ADGRE5;SIRPA;CYBB;IRAG2;CTSS;DSC1;TOM1;GNS;FOLR3;SERPINB12;CFP;C3AR1;C3;IST1;TTR;TNFRSF1B;CYBA;LTA4H;GOLGA7;SERPINA1;OSTF1;FCER1G;PRKCD;AHSG;CEP290;PGLYRP1;PSMB7;C6orf120;PDXK;ERP44;ACAA1;ATP11A;CD68;CTSC;PSMD1;VCL
R-HSA-5357801	0.956268221574344	0.982393100970176	0.0653834195468773	0.182155350844013	0.778074688268542	133	2810;92421;598;51765;219699;79792;9500;140735;22985;10018;8772;1869;5366;324;5747;7529;7186;90427;128866;1613;8737;3659;5599;1499;207;11035;7533;5414;27113;5709;10273;6774;7157	completed	Reactome_preranked_GSEA_fallback	Programmed Cell Death	139	cancer_up	P1 cancer-minus-normal moderated t	20357	0	1	reactome.db_1.95.0__fgsea_1.36.2	SFN;CHMP4C;BCL2L1;STK26;UNC5B;GSDMD;MAGED1;DYNLL2;ACIN1;BCL2L11;FADD;E2F1;PMAIP1;APC;PTK2;YWHAB;TRAF2;BMF;CHMP4B;DAPK3;RIPK1;IRF1;MAPK8;CTNNB1;AKT1;RIPK3;YWHAH;SEPTIN4;BBC3;PSMD3;STUB1;STAT3;TP53
R-HSA-376176	0.955686853766617	0.982393100970176	0.0337507376805299	-0.186983785752417	-0.772249058933844	186	6586;5532;6224;6230;5700;6387;64221;8829;5568;6135;7311;6654;26986;51065;9353;7316;6091;6176;9045;6124;23708;4690;6207;6161;6166;2107;5566;23032;6233;9861;6164;8453;5714;6125;3670;5684;5063;6133;65110;6189;140801;5695;998;6201;6655;5707;9349;6167;6138;3199;57144;5694;5688;6194;6169;6173;5713;5578;6228;5717;6137;89884;6235;5682;4440;4116;6209;6217	completed	Reactome_preranked_GSEA_fallback	Signaling by ROBO receptors	205	normal_up	P1 cancer-minus-normal moderated t	20357	0	1	reactome.db_1.95.0__fgsea_1.36.2	SLIT3;PPP3CB;RPS20;RPS25;PSMC1;CXCL12;ROBO3;NRP1;PRKACG;RPL11;UBA52;SOS1;PABPC1;RPS27L;SLIT2;UBC;ROBO1;RPLP1;RPL14;RPL4;GSPT2;NCK1;RPS13;RPL32;RPL36AL;ETF1;PRKACA;USP33;RPS27A;PSMD6;RPL34;CUL2;PSMD8;RPL5;ISL1;PSMA3;PAK3;RPL9;UPF3A;RPS3A;RPL10L;PSMB7;CDC42;RPS7;SOS2;PSMD1;RPL23;RPL37;RPL15;HOXA2;PAK5;PSMB6;PSMA7;RPS6;RPL38;RPL36A;PSMD7;PRKCA;RPS23;PSMD11;RPL13;LHX4;RPS29;PSMA1;MSI1;MAGOH;RPS15;RPS16
R-HSA-375165	0.952853598014888	0.982393100970176	0.0578529757032509	0.194193170204358	0.733022441430774	62	784;6712;3845;776;1290;1289;5747;2885;1293;4893;9252;2674;5786;1281;3265;1298;6714	completed	Reactome_preranked_GSEA_fallback	NCAM signaling for neurite out-growth	63	cancer_up	P1 cancer-minus-normal moderated t	20357	0	1	reactome.db_1.95.0__fgsea_1.36.2	CACNB3;SPTBN2;KRAS;CACNA1D;COL5A2;COL5A1;PTK2;GRB2;COL6A3;NRAS;RPS6KA5;GFRA1;PTPRA;COL3A1;HRAS;COL9A2;SRC
R-HSA-442755	0.956521739130435	0.982393100970176	0.037770500132479	-0.1899646509079	-0.70707123006068	83	8536;801;5924;84617;5577	completed	Reactome_preranked_GSEA_fallback	Activation of NMDA receptors and postsynaptic events	94	normal_up	P1 cancer-minus-normal moderated t	20357	0	1	reactome.db_1.95.0__fgsea_1.36.2	CAMK1;CALM1;RASGRF2;TUBB6;PRKAR2B
R-HSA-69601	0.953255425709516	0.982393100970176	0.0395979123961192	-0.199829043072413	-0.677128722910497	49	5700;7311;1111;7316;6233;9861;5714;5684;5695;5707;5694;5688;5713;5717;5682;1432;10213;5718	completed	Reactome_preranked_GSEA_fallback	Ubiquitin-Mediated Degradation of Phosphorylated Cdc25A	51	normal_up	P1 cancer-minus-normal moderated t	20357	0	1	reactome.db_1.95.0__fgsea_1.36.2	PSMC1;UBA52;CHEK1;UBC;RPS27A;PSMD6;PSMD8;PSMA3;PSMB7;PSMD1;PSMB6;PSMA7;PSMD7;PSMD11;PSMA1;MAPK14;PSMD14;PSMD12
R-HSA-69613	0.953255425709516	0.982393100970176	0.0395979123961192	-0.199829043072413	-0.677128722910497	49	5700;7311;1111;7316;6233;9861;5714;5684;5695;5707;5694;5688;5713;5717;5682;1432;10213;5718	completed	Reactome_preranked_GSEA_fallback	p53-Independent G1/S DNA Damage Checkpoint	51	normal_up	P1 cancer-minus-normal moderated t	20357	0	1	reactome.db_1.95.0__fgsea_1.36.2	PSMC1;UBA52;CHEK1;UBC;RPS27A;PSMD6;PSMD8;PSMA3;PSMB7;PSMD1;PSMB6;PSMA7;PSMD7;PSMD11;PSMA1;MAPK14;PSMD14;PSMD12
R-HSA-9929356	0.954697986577181	0.982393100970176	0.03975964750879	-0.206102197636524	-0.677118944622377	43	5700;7311;7316;6233;9861;5714;5684;5695;5707;5694;5688;5713;5717;5682;10213;5718	completed	Reactome_preranked_GSEA_fallback	GSK3B-mediated proteasomal degradation of PD-L1(CD274)	44	normal_up	P1 cancer-minus-normal moderated t	20357	0	1	reactome.db_1.95.0__fgsea_1.36.2	PSMC1;UBA52;UBC;RPS27A;PSMD6;PSMD8;PSMA3;PSMB7;PSMD1;PSMB6;PSMA7;PSMD7;PSMD11;PSMA1;PSMD14;PSMD12
R-HSA-5663213	0.954326923076923	0.982393100970176	0.0562940749700968	0.202199604565471	0.667057024851132	33	10152;26999;5747;147179;2885;10458	completed	Reactome_preranked_GSEA_fallback	RHO GTPases Activate WASPs and WAVEs	36	cancer_up	P1 cancer-minus-normal moderated t	20357	0	1	reactome.db_1.95.0__fgsea_1.36.2	ABI2;CYFIP2;PTK2;WIPF2;GRB2;BAIAP2
R-HSA-5621480	0.952782462057336	0.982393100970176	0.0400845633477088	-0.219520570798693	-0.645481536774005	26	2534;10462;4585;2207;4586;50856;4067	completed	Reactome_preranked_GSEA_fallback	Dectin-2 family	29	normal_up	P1 cancer-minus-normal moderated t	20357	0	1	reactome.db_1.95.0__fgsea_1.36.2	FYN;CLEC10A;MUC4;FCER1G;MUC5AC;CLEC4A;LYN
R-HSA-389958	0.955706984667802	0.982393100970176	0.0404114482034376	-0.21644851268116	-0.628553388685014	25	84617;5201;7280;10382;7411;5204;51807	completed	Reactome_preranked_GSEA_fallback	Cooperation of Prefoldin and TriC/CCT  in actin and tubulin folding	33	normal_up	P1 cancer-minus-normal moderated t	20357	0	1	reactome.db_1.95.0__fgsea_1.36.2	TUBB6;PFDN1;TUBB2A;TUBB4A;VBP1;PFDN5;TUBA8
R-HSA-2243919	0.951388888888889	0.982393100970176	0.0546808488785442	0.219295415914327	0.61760205956216	18	1278;1277;4016	completed	Reactome_preranked_GSEA_fallback	Crosslinking of collagen fibrils	18	cancer_up	P1 cancer-minus-normal moderated t	20357	0	1	reactome.db_1.95.0__fgsea_1.36.2	COL1A2;COL1A1;LOXL1
R-HSA-390466	0.963141025641026	0.986530547966778	0.0372254009247509	-0.193804346441242	-0.716811383835424	79	54331;2791;84617;26234;5201;1459;3801;55970;55294	completed	Reactome_preranked_GSEA_fallback	Chaperonin-mediated protein folding	91	normal_up	P1 cancer-minus-normal moderated t	20357	0	1	reactome.db_1.95.0__fgsea_1.36.2	GNG2;GNG11;TUBB6;FBXL5;PFDN1;CSNK2A2;KIFC3;GNG12;FBXW7
R-HSA-8878166	0.962558502340094	0.986530547966778	0.035996889024589	-0.186972032488602	-0.713774817494247	101	650;117581;4094;7291;5700;10891;7311;7316;1750;10413;25925;6233;9861;5714;23314;5684;10000;133522;5695;9464;3549;5707;25937;6502;2736;5694;5688;3678;5713;5717;1026;2908	completed	Reactome_preranked_GSEA_fallback	Transcriptional regulation by RUNX2	106	normal_up	P1 cancer-minus-normal moderated t	20357	0	1	reactome.db_1.95.0__fgsea_1.36.2	BMP2;TWIST2;MAF;TWIST1;PSMC1;PPARGC1A;UBA52;UBC;DLX6;YAP1;ZNF521;RPS27A;PSMD6;PSMD8;SATB2;PSMA3;AKT3;PPARGC1B;PSMB7;HAND2;IHH;PSMD1;WWTR1;SKP2;GLI2;PSMB6;PSMA7;ITGA5;PSMD7;PSMD11;CDKN1A;NR3C1
R-HSA-9758274	0.963157894736842	0.986530547966778	0.0414044273760278	-0.21903837036893	-0.588474381246883	18	79671;7311;7316;6233;841	completed	Reactome_preranked_GSEA_fallback	Regulation of NF-kappa B signaling	18	normal_up	P1 cancer-minus-normal moderated t	20357	0	1	reactome.db_1.95.0__fgsea_1.36.2	NLRX1;UBA52;UBC;RPS27A;CASP8
R-HSA-1433559	0.963436928702011	0.986530547966778	0.0432768714901103	-0.223641428885396	-0.580520427825819	16	2534;6654;10019	completed	Reactome_preranked_GSEA_fallback	Regulation of KIT signaling	16	normal_up	P1 cancer-minus-normal moderated t	20357	0	1	reactome.db_1.95.0__fgsea_1.36.2	FYN;SOS1;SH2B3
R-HSA-4608870	0.966273187183811	0.988694196766669	0.0394366509525593	-0.198982336676637	-0.673074994200099	50	8322;7855;5700;7311;7316;6233;9861;5714;5684;5695;5707;5694;5688;5713;5717;5682;57154;10213;5718	completed	Reactome_preranked_GSEA_fallback	Asymmetric localization of PCP proteins	51	normal_up	P1 cancer-minus-normal moderated t	20357	0	1	reactome.db_1.95.0__fgsea_1.36.2	FZD4;FZD5;PSMC1;UBA52;UBC;RPS27A;PSMD6;PSMD8;PSMA3;PSMB7;PSMD1;PSMB6;PSMA7;PSMD7;PSMD11;PSMA1;SMURF1;PSMD14;PSMD12
R-HSA-5627123	0.967521367521367	0.989205682653087	0.0400031517498194	-0.214172064774618	-0.602889976725618	22	801;4660;5500;5063;998;10398;4629;4628;103910	completed	Reactome_preranked_GSEA_fallback	RHO GTPases activate PAKs	23	normal_up	P1 cancer-minus-normal moderated t	20357	0	1	reactome.db_1.95.0__fgsea_1.36.2	CALM1;PPP1R12B;PPP1CB;PAK3;CDC42;MYL9;MYH11;MYH10;MYL12B
R-HSA-389977	0.968220338983051	0.989205682653087	0.0497903187820785	0.20860498358724	0.56006722566735	15	7277;1155;6904;6903;79861;80086	completed	Reactome_preranked_GSEA_fallback	Post-chaperonin tubulin folding pathway	23	cancer_up	P1 cancer-minus-normal moderated t	20357	0	1	reactome.db_1.95.0__fgsea_1.36.2	TUBA4A;TBCB;TBCD;TBCC;TUBAL3;TUBA4B
R-HSA-9755511	0.970542635658915	0.989406500855376	0.0353157046479879	-0.184399873243771	-0.710518328701556	110	4199;5700;6347;1459;7086;81631;5226;1728;7311;2729;2730;7316;3417;64839;6888;4780;6233;9861;468;4609;5714;5684;10000;5580;7295;5695;83667;5707;6502;5694;3162;5688	completed	Reactome_preranked_GSEA_fallback	KEAP1-NFE2L2 pathway	114	normal_up	P1 cancer-minus-normal moderated t	20357	0	1	reactome.db_1.95.0__fgsea_1.36.2	ME1;PSMC1;CCL2;CSNK2A2;TKT;MAP1LC3B;PGD;NQO1;UBA52;GCLC;GCLM;UBC;IDH1;FBXL17;TALDO1;NFE2L2;RPS27A;PSMD6;ATF4;MYC;PSMD8;PSMA3;AKT3;PRKCD;TXN;PSMB7;SESN2;PSMD1;SKP2;PSMB6;HMOX1;PSMA7
R-HSA-195253	0.970540098199673	0.989406500855376	0.037848772270503	-0.190836447068794	-0.688682138796337	68	5519;5700;5525;7311;7316;54764;83439;6934;7088;6233;9861;1487;5714;5684;5516;5695;7091;5707;7089;5694;5688	completed	Reactome_preranked_GSEA_fallback	Degradation of beta-catenin by the destruction complex	70	normal_up	P1 cancer-minus-normal moderated t	20357	0	1	reactome.db_1.95.0__fgsea_1.36.2	PPP2R1B;PSMC1;PPP2R5A;UBA52;UBC;ZRANB1;TCF7L1;TCF7L2;TLE1;RPS27A;PSMD6;CTBP1;PSMD8;PSMA3;PPP2CB;PSMB7;TLE4;PSMD1;TLE2;PSMB6;PSMA7
R-HSA-350054	0.970588235294118	0.989406500855376	0.0564118388217596	0.203876459759729	0.639144294729451	28	2648;3065;1387;9794;55534;79885;4854;10013;9612;79718;9611	completed	Reactome_preranked_GSEA_fallback	Notch-HLH transcription pathway	28	cancer_up	P1 cancer-minus-normal moderated t	20357	0	1	reactome.db_1.95.0__fgsea_1.36.2	KAT2A;HDAC1;CREBBP;MAML1;MAML3;HDAC11;NOTCH3;HDAC6;NCOR2;TBL1XR1;NCOR1
R-HSA-109581	0.972307692307692	0.99042072681417	0.0348652196832942	-0.18332121615082	-0.705953513020558	108	7431;79658;23604;7099;2339;5700;55075;7311;7532;23643;7316;5534;660;1687;5533;7029;6233;9861;929;842;5714;841;5684;10000	completed	Reactome_preranked_GSEA_fallback	Apoptosis	112	normal_up	P1 cancer-minus-normal moderated t	20357	0	1	reactome.db_1.95.0__fgsea_1.36.2	VIM;ARHGAP10;DAPK2;TLR4;FNTA;PSMC1;UACA;UBA52;YWHAG;LY96;UBC;PPP3R1;BMX;GSDME;PPP3CC;TFDP2;RPS27A;PSMD6;CD14;CASP9;PSMD8;CASP8;PSMA3;AKT3
R-HSA-69563	0.975308641975309	0.99126164578457	0.0565299525056311	0.195362891361066	0.706208076184246	52	9134;890;4194;4193;1017;11200	completed	Reactome_preranked_GSEA_fallback	p53-Dependent G1 DNA Damage Response	53	cancer_up	P1 cancer-minus-normal moderated t	20357	0	1	reactome.db_1.95.0__fgsea_1.36.2	CCNE2;CCNA2;MDM4;MDM2;CDK2;CHEK2
R-HSA-69580	0.975308641975309	0.99126164578457	0.0565299525056311	0.195362891361066	0.706208076184246	52	9134;890;4194;4193;1017;11200	completed	Reactome_preranked_GSEA_fallback	p53-Dependent G1/S DNA damage checkpoint	53	cancer_up	P1 cancer-minus-normal moderated t	20357	0	1	reactome.db_1.95.0__fgsea_1.36.2	CCNE2;CCNA2;MDM4;MDM2;CDK2;CHEK2
R-HSA-8868766	0.974770642201835	0.99126164578457	0.0531298054705469	0.194113351995767	0.540796450803727	17	29960;26995	completed	Reactome_preranked_GSEA_fallback	rRNA processing in the mitochondrion	18	cancer_up	P1 cancer-minus-normal moderated t	20357	0	1	reactome.db_1.95.0__fgsea_1.36.2	MRM2;TRUB2
R-HSA-5358351	0.981566820276498	0.992841357306462	0.0343431191135615	-0.178453464909241	-0.702209010871203	129	84617;5577;5700;111;50937;5568;112;7311;408;91653;196883;7316;83737;7280;50846;2619;5566;6233;2262;147111;23322;9861;5714;5684;10382;80199;5727;5695;51098;3549;5707;132884;409;2736;79577;5694;5688	completed	Reactome_preranked_GSEA_fallback	Signaling by Hedgehog	136	normal_up	P1 cancer-minus-normal moderated t	20357	0	1	reactome.db_1.95.0__fgsea_1.36.2	TUBB6;PRKAR2B;PSMC1;ADCY5;CDON;PRKACG;ADCY6;UBA52;ARRB1;BOC;ADCY4;UBC;ITCH;TUBB2A;DHH;GAS1;PRKACA;RPS27A;GPC5;NOTUM;RPGRIP1L;PSMD6;PSMD8;PSMA3;TUBB4A;FUZ;PTCH1;PSMB7;IFT52;IHH;PSMD1;EVC2;ARRB2;GLI2;CDC73;PSMB6;PSMA7
R-HSA-9758941	0.981481481481481	0.992841357306462	0.034566432206351	-0.179977641892784	-0.692634190931805	107	2247;9839;64321;8850;5700;4487;4087;84441;2260;10413;2626;83439;6934;25925;8928;9861;10046;5714;84667;5684;2627;5695;3549;5707;22938	completed	Reactome_preranked_GSEA_fallback	Gastrulation	115	normal_up	P1 cancer-minus-normal moderated t	20357	0	1	reactome.db_1.95.0__fgsea_1.36.2	FGF2;ZEB2;SOX17;KAT2B;PSMC1;MSX1;SMAD2;MAML2;FGFR1;YAP1;GATA4;TCF7L1;TCF7L2;ZNF521;FOXH1;PSMD6;MAMLD1;PSMD8;HES7;PSMA3;GATA6;PSMB7;IHH;PSMD1;SNW1
R-HSA-450531	0.982278481012658	0.992841357306462	0.0573667426768556	0.173380127922626	0.66916346558873	72	3842;3184;9261;51013;1994;3315;54512;5073;7514;167227;7529	completed	Reactome_preranked_GSEA_fallback	Regulation of mRNA stability by proteins that bind AU-rich elements	75	cancer_up	P1 cancer-minus-normal moderated t	20357	0	1	reactome.db_1.95.0__fgsea_1.36.2	TNPO1;HNRNPD;MAPKAPK2;EXOSC1;ELAVL1;HSPB1;EXOSC4;PARN;XPO1;DCP2;YWHAB
R-HSA-9639288	0.982673267326733	0.992841357306462	0.0562940749700968	0.177253870863625	0.649429805144877	55	55846;64223;155066;11133;9550;533;527;10641;153129;10312;525;8992;84219	completed	Reactome_preranked_GSEA_fallback	Amino acids regulate mTORC1	55	cancer_up	P1 cancer-minus-normal moderated t	20357	0	1	reactome.db_1.95.0__fgsea_1.36.2	ITFG2;MLST8;ATP6V0E2;KPTN;ATP6V1G1;ATP6V0B;ATP6V0C;NPRL2;SLC38A9;TCIRG1;ATP6V1B1;ATP6V0E1;WDR24
R-HSA-2173795	0.979695431472081	0.992841357306462	0.0389556479965885	-0.199297307497567	-0.599224950841423	29	4087;7311;7316;6497;6233;5494;22938;25937;8239;7050;7321;23327	completed	Reactome_preranked_GSEA_fallback	Downregulation of SMAD2/3:SMAD4 transcriptional activity	30	normal_up	P1 cancer-minus-normal moderated t	20357	0	1	reactome.db_1.95.0__fgsea_1.36.2	SMAD2;UBA52;UBC;SKI;RPS27A;PPM1A;SNW1;WWTR1;USP9X;TGIF1;UBE2D1;NEDD4L
R-HSA-3295583	0.978040540540541	0.992841357306462	0.0389556479965885	-0.195406877311854	-0.579056611208294	27	80036;7222;140803;55283;4308;7220;57192;29850	completed	Reactome_preranked_GSEA_fallback	TRP channels	27	normal_up	P1 cancer-minus-normal moderated t	20357	0	1	reactome.db_1.95.0__fgsea_1.36.2	TRPM3;TRPC3;TRPM6;MCOLN3;TRPM1;TRPC1;MCOLN1;TRPM5
R-HSA-211981	0.980952380952381	0.992841357306462	0.0545680646670941	0.197505076691798	0.57811418170272	21	9915;1573;1548;1571;1557;1551	completed	Reactome_preranked_GSEA_fallback	Xenobiotics	25	cancer_up	P1 cancer-minus-normal moderated t	20357	0	1	reactome.db_1.95.0__fgsea_1.36.2	ARNT2;CYP2J2;CYP2A6;CYP2E1;CYP2C19;CYP3A7
R-HSA-5676594	0.982332155477032	0.992841357306462	0.0408229003677776	-0.189363182267437	-0.50233140129955	17	8742;958;959	completed	Reactome_preranked_GSEA_fallback	TNF receptor superfamily (TNFSF) members mediating non-canonical NF-kB pathway	17	normal_up	P1 cancer-minus-normal moderated t	20357	0	1	reactome.db_1.95.0__fgsea_1.36.2	TNFSF12;CD40;CD40LG
R-HSA-1236974	0.983552631578947	0.992995899090414	0.0374584205912161	-0.182704791549613	-0.670518707547876	77	948;9554;9341;6271;7099;5700;7311;23643;7316;6233;9861;929;5714;2243;5684	completed	Reactome_preranked_GSEA_fallback	ER-Phagosome pathway	83	normal_up	P1 cancer-minus-normal moderated t	20357	0	1	reactome.db_1.95.0__fgsea_1.36.2	CD36;SEC22B;VAMP3;S100A1;TLR4;PSMC1;UBA52;LY96;UBC;RPS27A;PSMD6;CD14;PSMD8;FGA;PSMA3
R-HSA-9909615	0.986631016042781	0.994670599803343	0.0597317976364411	0.168459927427531	0.665279526481672	85	4751;2932;6185;1650;595;6184;3703;91319;142678;10956;201595;6500;79139;7415;7991;27248;5709;29126;8945;84061;5692	completed	Reactome_preranked_GSEA_fallback	Regulation of PD-L1(CD274) Post-translational modification	86	cancer_up	P1 cancer-minus-normal moderated t	20357	0	1	reactome.db_1.95.0__fgsea_1.36.2	NEK2;GSK3B;RPN2;DDOST;CCND1;RPN1;STT3A;DERL3;MIB2;OS9;STT3B;SKP1;DERL1;VCP;TUSC3;ERLEC1;PSMD3;CD274;BTRC;MAGT1;PSMB4
R-HSA-9793380	0.986666666666667	0.994670599803343	0.0379271467108098	-0.179271567530258	-0.625371107683121	56	8850;5700;84441;2260;9861;10046;5714;84667;5684;5695;5707;22938;652;5694;5688;5713;5717	completed	Reactome_preranked_GSEA_fallback	Formation of paraxial mesoderm	59	normal_up	P1 cancer-minus-normal moderated t	20357	0	1	reactome.db_1.95.0__fgsea_1.36.2	KAT2B;PSMC1;MAML2;FGFR1;PSMD6;MAMLD1;PSMD8;HES7;PSMA3;PSMB7;PSMD1;SNW1;BMP4;PSMB6;PSMA7;PSMD7;PSMD11
R-HSA-187577	0.987593052109181	0.994863800983967	0.0561766586307176	0.176891156702575	0.630158627179038	49	9134;890;5753;595;1017	completed	Reactome_preranked_GSEA_fallback	SCF(Skp2)-mediated degradation of p27/p21	50	cancer_up	P1 cancer-minus-normal moderated t	20357	0	1	reactome.db_1.95.0__fgsea_1.36.2	CCNE2;CCNA2;PTK6;CCND1;CDK2
R-HSA-2871837	0.988313856427379	0.994863800983967	0.0379271467108098	-0.172572394557764	-0.610586589132752	62	5700;7311;7316;6233;10235;9861;5714;5684;2207;5695;4067;5707;4792;5694;5688;5713;5717;5682;7321;2206;1147;10213;5718	completed	Reactome_preranked_GSEA_fallback	FCERI mediated NF-kB activation	64	normal_up	P1 cancer-minus-normal moderated t	20357	0	1	reactome.db_1.95.0__fgsea_1.36.2	PSMC1;UBA52;UBC;RPS27A;RASGRP2;PSMD6;PSMD8;PSMA3;FCER1G;PSMB7;LYN;PSMD1;NFKBIA;PSMB6;PSMA7;PSMD7;PSMD11;PSMA1;UBE2D1;MS4A2;CHUK;PSMD14;PSMD12
R-HSA-1169091	0.993254637436762	0.997667526345117	0.0381628909049257	-0.172825070695122	-0.584595775678257	50	5700;7311;7316;6233;9861;5714;5684;5695;5707;4792;5694;5688;5713;5717;5682;1147;10213;5718	completed	Reactome_preranked_GSEA_fallback	Activation of NF-kappaB in B cells	51	normal_up	P1 cancer-minus-normal moderated t	20357	0	1	reactome.db_1.95.0__fgsea_1.36.2	PSMC1;UBA52;UBC;RPS27A;PSMD6;PSMD8;PSMA3;PSMB7;PSMD1;NFKBIA;PSMB6;PSMA7;PSMD7;PSMD11;PSMA1;CHUK;PSMD14;PSMD12
R-HSA-9824272	0.993288590604027	0.997667526345117	0.0379271467108098	-0.171881972761983	-0.564693347915962	43	5700;9861;5714;84667;5684;5695;5707;5694;5688;5713;5717;5682;10213;5718;145873	completed	Reactome_preranked_GSEA_fallback	Somitogenesis	45	normal_up	P1 cancer-minus-normal moderated t	20357	0	1	reactome.db_1.95.0__fgsea_1.36.2	PSMC1;PSMD6;PSMD8;HES7;PSMA3;PSMB7;PSMD1;PSMB6;PSMA7;PSMD7;PSMD11;PSMA1;PSMD14;PSMD12;MESP2
R-HSA-159418	0.992982456140351	0.997667526345117	0.0400031517498194	-0.18169522899376	-0.488147292538388	18	213;570;6579;8648	completed	Reactome_preranked_GSEA_fallback	Recycling of bile acids and salts	18	normal_up	P1 cancer-minus-normal moderated t	20357	0	1	reactome.db_1.95.0__fgsea_1.36.2	ALB;BAAT;SLCO1A2;NCOA1
R-HSA-1483249	0.995	0.998652716593245	0.0561766586307176	0.172118701606641	0.577499371321611	37	8821;5335;3636;23007;27124	completed	Reactome_preranked_GSEA_fallback	Inositol phosphate metabolism	39	cancer_up	P1 cancer-minus-normal moderated t	20357	0	1	reactome.db_1.95.0__fgsea_1.36.2	INPP4B;PLCG1;INPPL1;PLCH1;INPP5J
R-HSA-4086400	0.996763754045307	0.99968895948638	0.0360729976388226	-0.169592930098246	-0.624800194493049	78	8322;7481;7855;5700;23002;7311;7316;6233;9861;5714;1211;5684;5695;5707;409;5694;5688;5713;5578;5717;4919;5881;5682	completed	Reactome_preranked_GSEA_fallback	PCP/CE pathway	79	normal_up	P1 cancer-minus-normal moderated t	20357	0	1	reactome.db_1.95.0__fgsea_1.36.2	FZD4;WNT11;FZD5;PSMC1;DAAM1;UBA52;UBC;RPS27A;PSMD6;PSMD8;CLTA;PSMA3;PSMB7;PSMD1;ARRB2;PSMB6;PSMA7;PSMD7;PRKCA;PSMD11;ROR1;RAC3;PSMA1
R-HSA-9907900	0.997555012224939	0.99974904817558	0.0550211117163117	0.142165889846352	0.510407474610858	50	5721;84262;80227;389362;5720;5711;23198;5696;5709;5692;5699	completed	Reactome_preranked_GSEA_fallback	Proteasome assembly	52	cancer_up	P1 cancer-minus-normal moderated t	20357	0	1	reactome.db_1.95.0__fgsea_1.36.2	PSME2;PSMG3;PAAF1;PSMG4;PSME1;PSMD5;PSME4;PSMB8;PSMD3;PSMB4;PSMB10
R-HSA-9013694	0.998373983739837	0.999836802763632	0.0362254755857254	-0.163842435144945	-0.598193468906676	71	8850;5700;7311;84441;55294;4855;7316;6233;9861;10046;5714;5684;388585;5695;5707;22938;5694;5688	completed	Reactome_preranked_GSEA_fallback	Signaling by NOTCH4	72	normal_up	P1 cancer-minus-normal moderated t	20357	0	1	reactome.db_1.95.0__fgsea_1.36.2	KAT2B;PSMC1;UBA52;MAML2;FBXW7;NOTCH4;UBC;RPS27A;PSMD6;MAMLD1;PSMD8;PSMA3;HES5;PSMB7;PSMD1;SNW1;PSMB6;PSMA7
R-HSA-72766	1	1	0.0275885895800029	-0.157903771258104	-0.692632741002895	337	219402;6224;8891;65008;6230;1965;123263;5700;92259;1915;51023;9553;115416;64968;26589;6135;7311;26986;54948;51386;51065;7316;8665;65080;5464;10240;6176;9045;6124;4536;9147;23708;64960;64976;6207;51318;6161;6166;2107;124995;10352;6233;1975;4538;4512;9861;1933;8669;6164;23107;8453;5714;4508;6125;5018;54534;1974;64981;5684;6133;57129;3735;1967;6189;8668;140801;5695;6201;51258;8892;9325;54516;63931;5707;116541;9349;23478;57038;4513;6167;6138;5694;5688;1615;6150;51250;6194;51253;6169;1983;6730;9789;6173;5713;6727;64963;6228;8661;5717;4706;6137;9801;7818;6235;51081;28957;10480;5682;7321	completed	Reactome_preranked_GSEA_fallback	Translation	368	normal_up	P1 cancer-minus-normal moderated t	20357	0	1	reactome.db_1.95.0__fgsea_1.36.2	MTIF3;RPS20;EIF2B3;MRPL1;RPS25;EIF2S1;MTFMT;PSMC1;KGD4;EEF1A1;MRPS18C;MRPL33;MALSU1;MRPS6;MRPL46;RPL11;UBA52;PABPC1;MRPL16;EIF3L;RPS27L;UBC;EIF3F;MRPL44;PPA1;MRPS31;RPLP1;RPL14;RPL4;MT-ND2;NEMF;GSPT2;MRPS15;MRPL40;RPS13;MRPL35;RPL32;RPL36AL;ETF1;MRPL10;WARS2;RPS27A;EIF4B;MT-ND4;MT-CO1;PSMD6;EEF1B2;EIF3J;RPL34;MRPS27;CUL2;PSMD8;MT-ATP6;RPL5;OXA1L;MRPL50;EIF4A2;MRPL34;PSMA3;RPL9;MRPL47;KARS1;EIF2B1;RPS3A;EIF3I;RPL10L;PSMB7;RPS7;MRPL51;EIF2B2;TRIP4;MTRF1L;MRPS14;PSMD1;MRPL54;RPL23;SEC11A;RARS2;MT-CO2;RPL37;RPL15;PSMB6;PSMA7;DARS1;MRPL23;MTRES1;RPS6;MRPL37;RPL38;EIF5;SRP68;SPCS2;RPL36A;PSMD7;SRP14;MRPS11;RPS23;EIF3A;PSMD11;NDUFAB1;RPL13;MRPL19;DAP3;RPS29;MRPS7;MRPS28;EIF3M;PSMA1;UBE2D1
R-HSA-202424	1	1	0.0572461135202885	0.126817873724771	0.490820317206594	74	5296;5170;3551	completed	Reactome_preranked_GSEA_fallback	Downstream TCR signaling	80	cancer_up	P1 cancer-minus-normal moderated t	20357	0	1	reactome.db_1.95.0__fgsea_1.36.2	PIK3R2;PDPK1;IKBKB
