entrez_id	moderated_t	rank
1832	11.8429966667053	1
10653	11.199727309375	2
54845	11.1386832524181	3
286077	10.7969883923699	4
5590	10.7260337318129	5
55227	10.1309740594987	6
7020	9.8048189335831	7
3624	9.77326391774904	8
6382	9.74903023900288	9
5050	9.74262562985894	10
4072	9.6526757465885	11
28982	9.50780928284904	12
79977	9.3610382201532	13
2065	9.35698420828674	14
8535	9.31838064969084	15
79703	9.21231317064869	16
29128	9.15464648423628	17
5652	9.05866574859182	18
6659	9.03690345039255	19
1741	9.00494245744854	20
57111	8.96816562330396	21
89891	8.95231127906467	22
999	8.82558352319613	23
83481	8.77497312131345	24
81539	8.73449281340453	25
80004	8.72464675939843	26
153562	8.697521015114	27
5928	8.65237887251208	28
2146	8.62187454974223	29
10053	8.58216033807503	30
157638	8.56271288029934	31
7421	8.54838117372563	32
100133941	8.51009129612132	33
51599	8.43862269391931	34
51361	8.40526823554623	35
10147	8.39629016702953	36
100506658	8.32429312748571	37
376267	8.31277553980324	38
65108	8.25062047947723	39
1040	8.23043170495285	40
2810	8.22013169588915	41
23423	8.20318928057619	42
51514	8.18379843750307	43
3880	8.17076470360055	44
6241	8.14882103261198	45
5094	8.12524195785002	46
23550	8.05170858124116	47
9768	8.04397837716015	48
23176	7.98374123326265	49
9139	7.96342842002867	50
22931	7.93427607847684	51
163183	7.89240046890529	52
51203	7.86244469134302	53
79056	7.86144890908406	54
9620	7.85358264221678	55
488	7.84592130753358	56
3985	7.83023594182626	57
57669	7.81342540865445	58
200424	7.80192354989816	59
3664	7.7872370388616	60
124583	7.76735762064565	61
55920	7.75214668680145	62
55657	7.71345008060373	63
8480	7.69145336445188	64
10451	7.66951042059799	65
3321	7.62983227293706	66
55620	7.62560994006157	67
1942	7.62381036106385	68
84419	7.60802182399582	69
9584	7.6052674251316	70
5315	7.59950320685814	71
54836	7.59392946113444	72
197335	7.58683856681422	73
63922	7.57494118228157	74
784	7.57346210170174	75
9601	7.54885889340722	76
23446	7.54765922648163	77
9266	7.51605739374449	78
4282	7.51332223642996	79
9618	7.50789453726378	80
147798	7.48129697139079	81
51433	7.46719813206575	82
2130	7.4545675226652	83
55215	7.44831407768087	84
10970	7.44680914558109	85
57648	7.42190631725422	86
6385	7.41375696046523	87
102724362	7.4109072971368	88
11335	7.40746292873422	89
389677	7.39139053763309	90
9134	7.36732281963093	91
90861	7.3511713794373	92
148327	7.34891570597375	93
10529	7.33229899580913	94
11226	7.33196468218371	95
54869	7.3150539146339	96
22889	7.30636319934918	97
1300	7.30263243549967	98
57674	7.30259652611135	99
29896	7.29556494339849	100
79778	7.29514555998443	101
1108	7.2869131803391	102
7227	7.28599967524621	103
9837	7.28587033604438	104
7355	7.28041434094624	105
1364	7.26478836394043	106
92421	7.23710997963331	107
131578	7.2334553273507	108
9170	7.22990695176788	109
2050	7.22465322608	110
1786	7.22350610843278	111
84958	7.19894898105034	112
2625	7.17886319882126	113
27075	7.17316149986676	114
3728	7.1456001227568	115
10723	7.13338857627003	116
6491	7.12043959523795	117
124222	7.09597667921169	118
23067	7.09162389437313	119
780	7.08841270713652	120
10509	7.07743663319427	121
4582	7.06432141621621	122
10797	7.05904561322568	123
5618	7.04374036610474	124
84679	7.03867320027546	125
79956	7.02996485972784	126
5832	7.02845391130472	127
4070	7.01285061959686	128
57106	7.00032203360303	129
79191	6.97238308995509	130
5819	6.93419166471405	131
6713	6.9315175434882	132
2177	6.93073573926425	133
64787	6.92476693438595	134
50717	6.91627943528979	135
338692	6.91456721613535	136
3978	6.9084877509449	137
54897	6.8998632333154	138
347735	6.89569759213877	139
6768	6.88964169601131	140
27332	6.88621736844163	141
91862	6.87585690417345	142
5603	6.87091149850754	143
7162	6.84719356707321	144
991	6.84686906784479	145
891	6.84597155916069	146
6229	6.84398695845231	147
6692	6.84028129448454	148
9727	6.83166559426425	149
80345	6.83149916707425	150
27134	6.82922231780939	151
440335	6.81927279695654	152
6337	6.81141687431919	153
3149	6.7519677165085	154
4171	6.74807399539865	155
4602	6.74597385702124	156
92595	6.74587789196556	157
84612	6.74265781438264	158
100287171	6.74155295558412	159
27068	6.73543095198182	160
55930	6.71562392480902	161
101927204	6.68610289162523	162
57530	6.67921800364926	163
5296	6.67392481975506	164
51430	6.66397900547956	165
2582	6.65640812036432	166
84910	6.65552910708642	167
51804	6.64191467568092	168
1999	6.6397693847159	169
1301	6.62826034404604	170
11130	6.62769167151414	171
55738	6.61289375682845	172
79669	6.60758290059052	173
124220	6.59804899474987	174
10443	6.57812074628763	175
3169	6.55744109240459	176
103	6.5459144620793	177
1311	6.54327494753876	178
146330	6.54211992209537	179
7343	6.54052628147782	180
6652	6.5344682224435	181
79170	6.52215263049035	182
80131	6.51744812001141	183
161291	6.50800768213205	184
57619	6.5059383398992	185
6892	6.50161645861127	186
1534	6.49691285834745	187
128218	6.49302755454938	188
54811	6.4895234534418	189
139886	6.48923685054117	190
3070	6.47972336170157	191
158584	6.45610904272183	192
286827	6.45478210936508	193
22941	6.43993553929019	194
818	6.43105509780725	195
9315	6.42865590069913	196
8870	6.41771663447454	197
79047	6.40288173473698	198
5874	6.3910297385705	199
10848	6.37921532121634	200
9368	6.35338466678244	201
22883	6.32750522399033	202
8575	6.32654505476941	203
9766	6.32452321254747	204
146439	6.31814781938718	205
10565	6.31809946837219	206
132241	6.31074798734801	207
57407	6.30763002667912	208
79837	6.30394325624197	209
10801	6.28270536094887	210
57415	6.27656456328429	211
2188	6.2760328150649	212
10916	6.27545844087884	213
5205	6.26622818177967	214
1382	6.26239766576191	215
100190986	6.24815583506393	216
4820	6.24507653155459	217
4144	6.24390554341677	218
8508	6.23754976924744	219
5349	6.21633994134538	220
284309	6.20141863409993	221
54517	6.18987037145146	222
1945	6.18771620227287	223
11127	6.18143349231811	224
151636	6.17923219226668	225
8840	6.17129528925064	226
57698	6.16054963738825	227
127281	6.15866729641324	228
4293	6.15101113318591	229
7163	6.14645089577723	230
54482	6.13894238187327	231
51466	6.13479033919184	232
1164	6.11576529075273	233
55055	6.11051936466707	234
6627	6.10806781294606	235
92714	6.10276592807911	236
4666	6.10127000261637	237
10743	6.0959323303326	238
399665	6.09253703099552	239
23094	6.08694615872102	240
642852	6.06926793050049	241
4735	6.06628287714528	242
8612	6.06534824460554	243
51809	6.06503716644904	244
580	6.0584445752685	245
7764	6.04923867384247	246
140710	6.04794379869597	247
8481	6.03978329414728	248
983	6.03461285827813	249
89782	6.03368501185149	250
9055	6.03241915369235	251
79874	6.03222252067828	252
140688	6.01854735171143	253
8189	6.01456349251488	254
23366	6.00674047792638	255
7410	6.00671524835778	256
64866	6.00121116678555	257
1072	5.99702960950562	258
899	5.99223390163196	259
9894	5.99182596929333	260
81559	5.98817054007891	261
9555	5.9838023134287	262
6405	5.96495492795226	263
255743	5.96348624428186	264
414	5.96233742527059	265
85415	5.95516122200433	266
7264	5.95388634577878	267
197407	5.94935875936413	268
100128927	5.94899300820628	269
5424	5.94374765901308	270
375	5.94373514909549	271
158431	5.92359818353217	272
79143	5.92211103780776	273
598	5.91911013924173	274
5863	5.91052675681359	275
80303	5.90613518093352	276
57402	5.90513555167901	277
84458	5.90492024184348	278
95681	5.90301088019277	279
6996	5.90149623840359	280
117178	5.8950526783037	281
2521	5.89423189782808	282
57761	5.89181743744363	283
10724	5.88921369295647	284
4832	5.88290344561272	285
9053	5.88279646929206	286
7153	5.87223496092177	287
9736	5.8477877858016	288
3911	5.84122923857563	289
9545	5.82681554464107	290
146223	5.81760718982257	291
64754	5.8030999712549	292
10224	5.80210824618809	293
3835	5.78528778248588	294
3422	5.77363314126356	295
7203	5.77216837438219	296
11180	5.77137851938129	297
7298	5.75761978078141	298
11065	5.75378431045983	299
158405	5.7521587386817	300
284618	5.74950223131402	301
252839	5.74448143996445	302
80010	5.74288250082412	303
55054	5.73419006586265	304
6599	5.73189889742256	305
6687	5.72550728999468	306
7109	5.72168996323277	307
79875	5.71979994193511	308
29841	5.71969170412328	309
29127	5.7177192047016	310
84285	5.71334147261015	311
23213	5.71327789001046	312
7706	5.71131882085718	313
4891	5.70934143079076	314
5738	5.70614946945209	315
81572	5.70570073314377	316
5017	5.7046071680163	317
2975	5.69712148281045	318
123096	5.69258159868673	319
149603	5.69151480076994	320
10127	5.68153365253487	321
10155	5.68066776049252	322
10809	5.67426789952462	323
27346	5.66881919322648	324
9329	5.66800759182379	325
10098	5.66270626847787	326
106614088	5.65481432391959	327
84181	5.65081012148986	328
6712	5.64862376020249	329
149428	5.64530450387969	330
23265	5.64439558090845	331
476	5.64419876093235	332
23133	5.64136061704457	333
28969	5.63904708764951	334
728927	5.6311282383257	335
80228	5.62885414441726	336
55349	5.62320399271139	337
57221	5.6230654886492	338
7090	5.61998454224715	339
26262	5.61699451738942	340
168374	5.61581246293309	341
54910	5.61390452164366	342
638	5.60733915788385	343
56893	5.5926291799825	344
10388	5.59160606296051	345
9993	5.59034560582401	346
8861	5.58901576181603	347
196403	5.58574116921613	348
114327	5.5758889359852	349
57089	5.5728192633369	350
25878	5.5723790572775	351
2317	5.57176456805773	352
80210	5.57164168187463	353
23030	5.56731580678964	354
85379	5.56719533063696	355
10265	5.56211138438229	356
9498	5.56006271415887	357
92565	5.55923058037654	358
7022	5.55347507079958	359
5471	5.54713693304364	360
3842	5.54452447247221	361
4751	5.54426737337367	362
10635	5.53780068118451	363
84058	5.53646373753035	364
26053	5.53500492845635	365
7586	5.52703350743638	366
3192	5.5154396340362	367
9052	5.51521446650204	368
79932	5.51237784329531	369
57535	5.51111220287265	370
7756	5.51039234842224	371
57082	5.49320121743636	372
54480	5.49124717058452	373
203274	5.48786728649185	374
54915	5.48063978018629	375
5437	5.47903288446573	376
83461	5.47889288598997	377
823	5.47160168498059	378
89958	5.46800738301044	379
222484	5.46266980105683	380
7083	5.45948903033745	381
79447	5.45562168014116	382
9814	5.45157175903548	383
1525	5.4496873109674	384
115399	5.44602600165699	385
653583	5.44557478927163	386
100131564	5.43523959877408	387
51363	5.43158206931621	388
79829	5.42851271500848	389
79641	5.42680681216601	390
11123	5.42632417308136	391
23513	5.42339024937891	392
55326	5.42042721511569	393
2161	5.41384775282751	394
152185	5.41355168964472	395
23528	5.41351774527739	396
4678	5.40962362475952	397
339324	5.40765820052769	398
51765	5.40431734790707	399
6574	5.40388608747194	400
22992	5.39916471813916	401
10521	5.39657468922519	402
9133	5.39225421513691	403
1107	5.38942399157504	404
219699	5.38541240805075	405
9394	5.38002349020165	406
80179	5.37016423782833	407
57630	5.36963144967866	408
26005	5.36953859115407	409
51061	5.3635830591375	410
6874	5.35649776680007	411
132299	5.35638493463212	412
56919	5.34096537284737	413
9533	5.34083829858098	414
2971	5.33692729062066	415
23394	5.33669227707091	416
835	5.3361350923675	417
79767	5.32210438598128	418
84914	5.31924056478216	419
146909	5.30799467524458	420
26048	5.30204435362908	421
25800	5.30188672126354	422
55705	5.29731247955604	423
401474	5.29633008517008	424
91147	5.29602337459946	425
56339	5.29307952866189	426
26097	5.28778561707523	427
860	5.28663713885336	428
10953	5.28437144115757	429
63901	5.28093559183294	430
115908	5.27863981972452	431
4627	5.2784320030626	432
6548	5.27805896684394	433
9649	5.27602903062495	434
117177	5.27365102380454	435
2806	5.2730947104264	436
9833	5.2658319049886	437
150223	5.26429283945101	438
26298	5.26155414794643	439
3838	5.25686872868922	440
84309	5.25631449551765	441
9451	5.25426418885407	442
6199	5.2519265693282	443
29927	5.2456226974651	444
25837	5.24544364457284	445
22856	5.24517609739625	446
55119	5.24304266645523	447
83541	5.24023975522809	448
7494	5.24012039042391	449
4646	5.23864393317981	450
400506	5.23857433061167	451
4192	5.2374911681197	452
119391	5.23392023796379	453
101927151	5.231191240578	454
162967	5.22110064209001	455
4001	5.22104296564855	456
10954	5.21810701761281	457
4151	5.21651913230753	458
955	5.21512006929818	459
10051	5.20753952877674	460
124923	5.20680155712082	461
51588	5.19647812891557	462
8871	5.19569968388764	463
6809	5.19425603020547	464
23242	5.19252912204077	465
10551	5.18756349306399	466
7726	5.18532319684128	467
29894	5.18358591879886	468
65010	5.18062971059037	469
8893	5.17952186480035	470
3150	5.17739560384923	471
65979	5.17701620702541	472
129642	5.17558380358932	473
647024	5.17136281853051	474
7840	5.17056089588384	475
9686	5.16976168457308	476
8815	5.16731034382322	477
79711	5.16651733443589	478
54503	5.16545771643176	479
85465	5.16415252548097	480
1122	5.16095575026162	481
100216546	5.16011251315806	482
2064	5.15907072298129	483
84561	5.15718795912205	484
57730	5.15677928568949	485
5936	5.1542430802764	486
8503	5.15387816233674	487
2151	5.15105579807358	488
6662	5.15100621591797	489
10152	5.15087825846899	490
55120	5.14434738067484	491
57649	5.14245354394997	492
10160	5.13793669068489	493
10112	5.13627948214037	494
64105	5.12620664397352	495
10401	5.12591925769397	496
1196	5.12249295994415	497
25827	5.12110960419099	498
57460	5.12100467656711	499
23080	5.11909835713225	500
4645	5.11857574866427	501
11216	5.11542879095028	502
55733	5.11435634028211	503
55686	5.11307226967197	504
54014	5.11181087754491	505
55083	5.10058086316081	506
116841	5.09920734799176	507
10207	5.09753661573894	508
388692	5.09692093307663	509
25896	5.09543514775866	510
987	5.09331841825537	511
1365	5.09062021318187	512
26504	5.08895790106947	513
54795	5.08829460996799	514
22880	5.08315294420063	515
84823	5.08253529088953	516
928	5.07980723320657	517
9289	5.07423685351162	518
5584	5.07393434440551	519
283229	5.07046059717044	520
143187	5.07034315036449	521
150726	5.06780941154721	522
283209	5.06755624392039	523
64855	5.06678063905522	524
80194	5.06515608901857	525
3161	5.06210340886732	526
57655	5.0615243399889	527
6426	5.06023045986346	528
3178	5.0554332920284	529
8085	5.05373858210067	530
6134	5.05345786391339	531
9181	5.04197980173946	532
2535	5.04120056730047	533
200634	5.03889492229736	534
3665	5.03880508462474	535
11320	5.03046111212751	536
8799	5.02847398653424	537
81	5.02723737239423	538
84513	5.02617245981786	539
29956	5.02473013827016	540
22839	5.02074088587316	541
23126	5.01773820197872	542
7465	5.01600573437129	543
10452	5.01500639353317	544
79083	5.01156999108411	545
9725	5.01090063838051	546
481	5.00908146464399	547
10298	5.00723821948692	548
79017	5.00657541170605	549
105369228	5.00630353420731	550
50619	5.00603536251821	551
3226	5.00499963881422	552
10421	5.00256137038766	553
1788	5.00180048610973	554
221908	5.00153842781488	555
5383	5.00074175270475	556
126282	4.99581165742085	557
58516	4.99341517534312	558
26256	4.98882984933156	559
166824	4.98705265671471	560
27339	4.98581274232459	561
84820	4.98489117899285	562
6942	4.98289773787599	563
89765	4.97853659497923	564
10609	4.97495568840343	565
114907	4.96539227564054	566
7168	4.96487443648323	567
3184	4.96315089430812	568
3993	4.95724298559801	569
64770	4.95588305952528	570
360023	4.9531383416319	571
93974	4.9443449911326	572
201266	4.94153342554113	573
253558	4.93948023530308	574
55846	4.93919275471425	575
286676	4.93522204480022	576
9582	4.93444167925579	577
122616	4.93428731839769	578
12	4.93234686129246	579
10615	4.93143590692284	580
8553	4.9313093298757	581
2081	4.92719591143744	582
89941	4.92588256978977	583
400451	4.92545075381452	584
8045	4.92514171526574	585
5920	4.92430322615271	586
63979	4.9144059353163	587
84440	4.91355821478911	588
54894	4.9110184385095	589
440026	4.90831128143419	590
93183	4.90759724245572	591
54469	4.90065008993986	592
57720	4.89748525239325	593
114991	4.8966706378865	594
642826	4.89272883082802	595
5570	4.88916189159507	596
54093	4.884852538307	597
10072	4.88460647396577	598
159195	4.87870258134276	599
4999	4.87461420506257	600
55959	4.87440792609447	601
284889	4.87243574967977	602
10525	4.87122369201757	603
5905	4.86992232778212	604
754	4.86544267729868	605
79724	4.86417158958579	606
10921	4.86393949795716	607
55900	4.8637691406744	608
8673	4.86328417905422	609
400579	4.86063917343121	610
6533	4.85896898719466	611
2937	4.85662151246028	612
80344	4.85610777731719	613
79736	4.8551315612842	614
6653	4.84751734984679	615
55771	4.84548555221524	616
771	4.83645951906984	617
55164	4.83091227894115	618
284129	4.82277524274151	619
5170	4.82237359737027	620
54843	4.81934531465798	621
79258	4.81923972192193	622
123036	4.81849057453573	623
54880	4.81555571878645	624
113451	4.81492007077725	625
9261	4.81409005703511	626
64285	4.81265090700786	627
84722	4.80747971169575	628
9112	4.80588404901387	629
3980	4.80526259453052	630
6286	4.80293439912481	631
146540	4.80115441298319	632
114790	4.8005406899188	633
100506930	4.79852672442526	634
10238	4.7978167154766	635
159	4.79707246768632	636
2618	4.79421453905453	637
27230	4.79261238158239	638
347734	4.78874489383732	639
284098	4.78775351313037	640
9743	4.78756757628328	641
267002	4.78289794953802	642
23361	4.78160157599401	643
79680	4.77855308661545	644
8241	4.7771687049437	645
347862	4.77486703517724	646
9675	4.77134505581943	647
537	4.77115729345157	648
8507	4.77021864663428	649
55435	4.76827500872105	650
65055	4.76724858161651	651
79792	4.76636985006056	652
222171	4.76624026803893	653
57695	4.75863729435681	654
2335	4.75608955166948	655
9831	4.75380577963724	656
55779	4.75338288149741	657
10695	4.75284133145079	658
5423	4.75270006967523	659
92092	4.75001869476579	660
26064	4.74615307494972	661
7750	4.74588472221734	662
22853	4.74517835296096	663
23623	4.74501538589151	664
100505938	4.74388319554691	665
2863	4.74330119309733	666
29108	4.72598390705168	667
56243	4.72380914479879	668
284443	4.72249945936915	669
643641	4.71957073825397	670
170959	4.71858538436632	671
2580	4.71749558769568	672
5210	4.7163939824262	673
23403	4.71386926483399	674
3480	4.71169869694172	675
3098	4.70835454936752	676
10856	4.70814967019594	677
377	4.70688250824035	678
8821	4.70642852996286	679
1445	4.70554944928451	680
53635	4.70538893144128	681
3609	4.70006864965415	682
79720	4.69657962138715	683
259266	4.69645652792844	684
2013	4.69620520070792	685
5796	4.69023473296643	686
3790	4.6898409524364	687
80728	4.68597945248766	688
4707	4.6829088174768	689
91012	4.67992786180182	690
23197	4.67436171891234	691
27315	4.67058512746054	692
221955	4.67046430249589	693
9633	4.66801471165328	694
81610	4.6645223041484	695
2193	4.6643014949816	696
8905	4.663317775326	697
9733	4.66276995911981	698
22913	4.65356983808684	699
59084	4.6521292105124	700
7171	4.63844233824131	701
23192	4.6382923673527	702
58489	4.63765061164493	703
64132	4.63582584963511	704
23306	4.63416704495121	705
7551	4.63324680250657	706
54812	4.62305678421303	707
29998	4.62229232853997	708
81839	4.62063552488313	709
441478	4.62063256790613	710
23039	4.62047785492737	711
54762	4.62036667562921	712
8527	4.61984483981772	713
729830	4.61947868454832	714
10256	4.61875759029587	715
9949	4.61815786077468	716
8541	4.61383853226788	717
126792	4.61348481011313	718
2548	4.60996022777721	719
9645	4.60979802253214	720
144699	4.60669631683196	721
79666	4.60552255189151	722
2261	4.60513839923794	723
56474	4.59572648449112	724
105373869	4.59455105621584	725
80018	4.5936347398022	726
85014	4.59303459835945	727
348995	4.59268197277428	728
25852	4.59240693372902	729
80095	4.58950743200171	730
55165	4.58530356684935	731
9636	4.58378015701397	732
80336	4.57861986772594	733
81607	4.5766541876229	734
84189	4.57428790988003	735
10227	4.57381952709593	736
54454	4.57299638350796	737
4343	4.56817379013407	738
55571	4.56766338185406	739
9871	4.56558869983479	740
57085	4.56201856071625	741
9991	4.56015580688899	742
51155	4.55859233870532	743
55717	4.55716587104264	744
91300	4.55512156067615	745
9919	4.55273094732292	746
79101	4.55185589474377	747
9915	4.55181444950497	748
86	4.54856426712786	749
126695	4.54819797922767	750
214	4.54605415549108	751
1877	4.5450512377034	752
100132341	4.54443257810478	753
51176	4.54373281018664	754
8706	4.53958446597692	755
388228	4.53953909087922	756
3855	4.53832465587599	757
64110	4.53752365428033	758
84620	4.53750557572692	759
9860	4.53607285606951	760
890	4.53469875682187	761
2591	4.53268309617417	762
399687	4.52947712821358	763
8880	4.52848019128608	764
6421	4.52643789348187	765
100132169	4.52628514618817	766
56652	4.52419030628607	767
7342	4.52398077138568	768
80324	4.52268930692479	769
55103	4.52188726338238	770
124454	4.51976355236057	771
3551	4.5196058938197	772
64783	4.51744714505755	773
10691	4.51723969979624	774
64794	4.51570334219198	775
5909	4.51275068685047	776
6721	4.50446137579588	777
64841	4.50400328853203	778
1736	4.50153235981448	779
57680	4.5013444005895	780
81576	4.5005897249526	781
1453	4.50012250966263	782
1366	4.497037644259	783
11004	4.49525907665819	784
25865	4.49461795812875	785
9700	4.49169386473989	786
2778	4.48619255496804	787
100272228	4.48440316508102	788
23086	4.48134247801878	789
92344	4.48005373231886	790
23167	4.47951523674056	791
64215	4.47887649082256	792
3104	4.4714026726057	793
90592	4.47011691451172	794
4256	4.4664580642031	795
2648	4.46455538287034	796
23567	4.46291013564375	797
54101	4.46156462047441	798
7272	4.46153986151566	799
7407	4.46111426876777	800
6732	4.46109395117407	801
221178	4.45647724370189	802
10906	4.45623613307116	803
1207	4.45464887564652	804
440465	4.45439342454973	805
1278	4.45394957293514	806
2120	4.45351047731508	807
9401	4.45174763883075	808
3181	4.44986689312923	809
55653	4.44922040385017	810
378938	4.44670785581086	811
51280	4.4422697634342	812
55592	4.43842180245173	813
6168	4.43620273557103	814
10205	4.43567359532842	815
1789	4.43506963842472	816
25805	4.43315308105814	817
168544	4.43036887550673	818
701	4.42663093974969	819
6097	4.42502978867861	820
441273	4.42390539528296	821
126074	4.42330375630071	822
351	4.42254986941129	823
255488	4.41565358866915	824
4800	4.41419874239257	825
84798	4.41377624582904	826
23640	4.40756131559575	827
221078	4.40749468679296	828
83540	4.40438226723951	829
4008	4.40190003611821	830
7188	4.40188634442508	831
56852	4.40007100574496	832
84962	4.3989606669706	833
80139	4.3965607813462	834
79774	4.39359296417953	835
3845	4.39285634222952	836
57711	4.39229694815857	837
9753	4.38789403196389	838
284023	4.38548200906294	839
7536	4.38528975267415	840
10785	4.38509346291723	841
9120	4.37678318955251	842
642273	4.3762484814464	843
29028	4.37396698748032	844
163486	4.37367032403193	845
1174	4.37100830524961	846
55226	4.36887461465651	847
81628	4.36586199891954	848
1952	4.35563888481428	849
55500	4.35457464219534	850
8879	4.35268887752219	851
200933	4.34973449834536	852
54431	4.34724616647651	853
8603	4.34719144360122	854
55250	4.34718596442245	855
2706	4.34509382458606	856
6239	4.3437925281535	857
4214	4.34232187448098	858
10025	4.34153088024724	859
23108	4.33903944920247	860
8420	4.33834690250686	861
54802	4.33717638824804	862
23753	4.33701016849923	863
9906	4.33666568926707	864
9757	4.33393320829295	865
25855	4.3313860144666	866
91120	4.32934596484215	867
6674	4.32861580424591	868
399	4.32836416800534	869
260425	4.32691785549401	870
22976	4.32679499923295	871
4905	4.32608953908679	872
253143	4.32369579359466	873
81873	4.31898861034503	874
23642	4.31662226905382	875
357	4.31616022876257	876
5074	4.31489104483946	877
100131998	4.31089470948456	878
123099	4.30318880564544	879
57580	4.30244057669123	880
145438	4.30143637758932	881
22974	4.30042365119159	882
191	4.29788708302255	883
23464	4.29676010014113	884
284459	4.29524988216777	885
441242	4.29370370014086	886
1119	4.29351863695577	887
5316	4.29223378783578	888
388685	4.29019614416559	889
4086	4.29006096976764	890
219738	4.28855097842784	891
6894	4.28511743634396	892
80279	4.28404635902485	893
7286	4.27777445658488	894
3832	4.27762698940127	895
25989	4.27635172063662	896
3190	4.276058352122	897
79789	4.27587115163976	898
8797	4.27232345161124	899
29901	4.27133278948775	900
121506	4.2697665872766	901
1609	4.26713222901118	902
27166	4.26644373239234	903
55974	4.26257133645635	904
55841	4.26176501009292	905
1829	4.25847254355509	906
7005	4.25462752437176	907
84629	4.25266624581228	908
7678	4.25230394609409	909
9125	4.2508667388041	910
6522	4.24873230038564	911
57549	4.24647708002202	912
9851	4.24394739255165	913
7112	4.24162197268933	914
56521	4.23885646034952	915
359948	4.23673801085621	916
79692	4.23506476026546	917
9537	4.23356440565897	918
23270	4.23263088581565	919
79363	4.23215105556367	920
222	4.23208301275068	921
6499	4.23002821524577	922
4234	4.22207965821637	923
2444	4.22107755006698	924
8703	4.22084137417013	925
81928	4.21887166707856	926
55193	4.21624960129861	927
23047	4.21482467144536	928
137682	4.21479296606912	929
83463	4.20895162579316	930
11253	4.20893756346154	931
9016	4.2075873583333	932
54906	4.20574215793163	933
51006	4.20542502273265	934
4680	4.20442795081182	935
94104	4.20300610025535	936
56256	4.2007998677184	937
23401	4.19876170759293	938
81603	4.19753001761872	939
3775	4.19635115973289	940
6746	4.19378296455056	941
147015	4.19226681456842	942
8971	4.19195940107173	943
7675	4.18930814033	944
22834	4.1839336581754	945
5721	4.18256337003037	946
23170	4.18099377438935	947
149420	4.18061650109376	948
7976	4.18038349076026	949
27102	4.18033684504598	950
126382	4.18003913237135	951
55096	4.17727990982957	952
64969	4.17581722361926	953
155465	4.17252707180224	954
84866	4.16752982133417	955
128153	4.16352170806009	956
57585	4.1628191108308	957
23326	4.16142634264448	958
3014	4.16057839769619	959
92181	4.15818795700634	960
23020	4.15730450219359	961
55706	4.157152530234	962
10631	4.15575299272451	963
55342	4.15550771477832	964
6461	4.15532559587454	965
79000	4.15256050655919	966
10336	4.15067049826612	967
5339	4.15013467482222	968
100287616	4.14490441154435	969
120227	4.14294464853139	970
9213	4.14184504212809	971
84838	4.14056503722039	972
90333	4.13857525163335	973
7705	4.13822246438538	974
92979	4.13592583711483	975
9319	4.13358545271103	976
55872	4.1327352179147	977
130576	4.12947783681257	978
55269	4.12673094317986	979
6129	4.12480937735872	980
80153	4.12108241428927	981
57130	4.11765274522616	982
84126	4.11595606370489	983
54677	4.11542239285443	984
128869	4.11269306345143	985
2029	4.11085446569024	986
9668	4.10957118134539	987
54790	4.10641382700448	988
5514	4.10504407109874	989
7621	4.10379006618185	990
118932	4.10328949294769	991
23288	4.10319643366496	992
79730	4.10301166112823	993
388796	4.10161565094042	994
286262	4.10020569068729	995
51547	4.09932112235726	996
128710	4.09927688343338	997
23247	4.09578842588725	998
11156	4.09100247983359	999
58487	4.08659900390388	1000
51495	4.08640787635603	1001
9	4.08543528767485	1002
90338	4.08342236292897	1003
92667	4.0834123341954	1004
54492	4.08184849090385	1005
84261	4.07975487938731	1006
79691	4.07791547999295	1007
10126	4.07241512486584	1008
79019	4.0694696359623	1009
23468	4.06918224250939	1010
54979	4.06610740375804	1011
29922	4.065812868313	1012
3227	4.06497195761042	1013
57510	4.06433095723056	1014
7357	4.06363848422087	1015
57522	4.06330845476506	1016
9256	4.06313203314158	1017
5119	4.06296529315284	1018
11039	4.06240652159073	1019
116447	4.05871642093048	1020
56006	4.05825535125782	1021
2063	4.05488505027048	1022
28991	4.05446687893979	1023
85462	4.05431473704499	1024
29089	4.05215378319912	1025
283987	4.0508542252984	1026
148203	4.04865314515494	1027
9643	4.04661322615321	1028
64284	4.0462574210042	1029
7464	4.04517506876594	1030
94241	4.04046505128448	1031
9026	4.04010943280452	1032
79888	4.03916497055933	1033
3251	4.03753907563535	1034
7072	4.03216196965746	1035
58495	4.02993003009179	1036
3661	4.02943491089814	1037
8349	4.0283243886779	1038
64428	4.02236821996843	1039
7064	4.02118932292389	1040
1047	4.01967193144949	1041
88455	4.01711620906545	1042
55223	4.0168101872434	1043
78992	4.01522589654417	1044
57505	4.01412593127729	1045
1001	4.0123868916634	1046
4756	4.01154838679937	1047
83985	4.0109549607007	1048
101241892	4.00967813906489	1049
5831	4.00852133528916	1050
55187	4.00470033129995	1051
54934	4.00468356876224	1052
124152	3.99641359925849	1053
90835	3.99600133770628	1054
30837	3.99509138641996	1055
374618	3.9946291800407	1056
5792	3.99258353587254	1057
5795	3.99153448409519	1058
79609	3.99020166682234	1059
23113	3.99018964521461	1060
9069	3.98877115361963	1061
3833	3.9886933106448	1062
7844	3.98715501469443	1063
79077	3.98544267582451	1064
64426	3.98428121864032	1065
54993	3.98413333040366	1066
54918	3.98321030394583	1067
6046	3.98302457300295	1068
401546	3.98191500522258	1069
9787	3.9805211772282	1070
55311	3.97940141715969	1071
1462	3.97889896491407	1072
339988	3.97734148168867	1073
63893	3.97478255905707	1074
84899	3.97196847759553	1075
51701	3.97099727200253	1076
160851	3.96970699017705	1077
83786	3.96940684869147	1078
11178	3.96816893735377	1079
5983	3.96731048044895	1080
144455	3.96618183642836	1081
55740	3.96598978577267	1082
79682	3.96376705353153	1083
64699	3.96354592418357	1084
116225	3.96312215741712	1085
5451	3.96075294375127	1086
84262	3.96069127053673	1087
644656	3.9576285338503	1088
2049	3.95755835231655	1089
51400	3.95735267218085	1090
26039	3.95686784220297	1091
10330	3.95535049113326	1092
79794	3.9539317339791	1093
196528	3.95264254286386	1094
51013	3.95088103700546	1095
284161	3.95063287533299	1096
101926959	3.95040862799441	1097
8295	3.94962031722742	1098
83695	3.94764076356932	1099
6666	3.94352717017261	1100
5279	3.94235680354892	1101
64761	3.93742231907333	1102
10919	3.93496515826843	1103
80263	3.93400235973048	1104
5261	3.92935101812281	1105
10460	3.92768520395893	1106
1767	3.92362546578738	1107
4194	3.92319165308573	1108
119016	3.92304098503535	1109
26996	3.92125235102843	1110
8407	3.92064237910591	1111
92370	3.92012428748045	1112
440944	3.92001907432988	1113
10769	3.91768909502841	1114
10960	3.91764056420226	1115
839	3.91687672239943	1116
3159	3.91641330539077	1117
2011	3.9146303353951	1118
7593	3.91448611463501	1119
55038	3.9135077787753	1120
100124700	3.91298633528423	1121
5966	3.90395272942391	1122
79913	3.90104867045483	1123
776	3.90036409090069	1124
10483	3.89878413180148	1125
1434	3.8957576537916	1126
8087	3.89284251017498	1127
25970	3.88932651232222	1128
10166	3.8881529632791	1129
57182	3.88814958680424	1130
494150	3.88655602768707	1131
7031	3.88331513936271	1132
54842	3.88212857475594	1133
84952	3.88194831872677	1134
9887	3.87978970036917	1135
4061	3.87977378662849	1136
55037	3.87826440067239	1137
79603	3.87738123131933	1138
57727	3.87533325707529	1139
1841	3.87427009161747	1140
152189	3.8733351098351	1141
57147	3.8723663808926	1142
29844	3.87212549272472	1143
8106	3.87035891409851	1144
5531	3.86991268205173	1145
55208	3.8695279952862	1146
54663	3.8662782190296	1147
55107	3.86287681193431	1148
23054	3.86030170571378	1149
8662	3.86016849033868	1150
5753	3.85987368584207	1151
118813	3.85955140312015	1152
5976	3.85757939210612	1153
80233	3.85581563210703	1154
126375	3.85255816323548	1155
54536	3.852204395902	1156
57153	3.85189692060454	1157
2737	3.85108248235638	1158
9925	3.85001319712226	1159
51574	3.84774867976954	1160
2850	3.8474947155694	1161
1290	3.84672284498792	1162
201254	3.84300598511594	1163
80321	3.84078283743392	1164
3485	3.84003307840313	1165
150962	3.83912296835418	1166
57222	3.83889710611109	1167
23211	3.83862875577946	1168
23215	3.83717034671413	1169
1488	3.83208341929445	1170
80262	3.83201896881698	1171
9656	3.82965217932783	1172
78991	3.82829184854611	1173
79869	3.82557724751255	1174
23576	3.82340952651453	1175
56262	3.81911662632367	1176
9419	3.81776103356433	1177
55611	3.81771974732131	1178
90673	3.81526231027845	1179
26088	3.81055783040887	1180
26586	3.80916287146125	1181
5427	3.80732807403378	1182
7738	3.8042251555034	1183
3306	3.80310528311696	1184
333926	3.80260757234088	1185
199731	3.80132204619296	1186
7994	3.80110183913564	1187
90990	3.80099243848726	1188
23647	3.79931302564119	1189
4221	3.79677119231162	1190
55568	3.79396475574486	1191
8202	3.79260445277457	1192
101928963	3.79142737345487	1193
6764	3.7894352050661	1194
80045	3.78888057406153	1195
55508	3.78887011106282	1196
5993	3.78778950962587	1197
2643	3.78682868216737	1198
57786	3.78635826387329	1199
79042	3.78616571319203	1200
10379	3.78587228882195	1201
55176	3.78169302954889	1202
5087	3.78161962322396	1203
83666	3.7816128762218	1204
26115	3.77948060866361	1205
27301	3.77922207260991	1206
10902	3.77809957504487	1207
126353	3.77803369640352	1208
124975	3.77476041015343	1209
151613	3.77353641292196	1210
57142	3.77321633592386	1211
54840	3.77295684002594	1212
79679	3.77214313604099	1213
24137	3.76868539926001	1214
10212	3.76836019581739	1215
8321	3.76818065936193	1216
1616	3.76788202200524	1217
8140	3.76641227493707	1218
64901	3.76609024306175	1219
23541	3.76352971295558	1220
6676	3.76106912817949	1221
5111	3.76017894685424	1222
9144	3.75871157892477	1223
29899	3.75638167967127	1224
2630	3.75099856945269	1225
163050	3.75041174271702	1226
56829	3.74568084107696	1227
728294	3.74476016937457	1228
23286	3.74339292851558	1229
3673	3.74243172828386	1230
6427	3.74189335674548	1231
57466	3.73976069103948	1232
51451	3.73905485760777	1233
283899	3.73798683984754	1234
25913	3.73737889151023	1235
23193	3.73705963155293	1236
8502	3.73583715195211	1237
54623	3.73510469240995	1238
822	3.73483614896038	1239
100131187	3.73386253352771	1240
121665	3.73326555802538	1241
5255	3.73078260183242	1242
10962	3.73003189179917	1243
51537	3.72567638536608	1244
9277	3.72479035466768	1245
9129	3.72364064861276	1246
9910	3.72363417010404	1247
54892	3.72341061761446	1248
55809	3.7220509085619	1249
4301	3.72110008485472	1250
51278	3.71929164097674	1251
54681	3.71865706573843	1252
55152	3.71410263311368	1253
729799	3.71292500036874	1254
10535	3.71266645060592	1255
5768	3.71208332961423	1256
339500	3.71205112113107	1257
2017	3.71154310935639	1258
9914	3.711448537485	1259
146923	3.71086303318462	1260
23196	3.70792972193777	1261
4237	3.70789522254357	1262
84289	3.70550061938853	1263
113115	3.70268577959619	1264
64223	3.70177021732066	1265
2922	3.70071757295947	1266
790	3.70056000315391	1267
10658	3.69990037079207	1268
283989	3.69835945746384	1269
84516	3.69659068338289	1270
153572	3.69635438813351	1271
9422	3.69510012040106	1272
653238	3.69315018973762	1273
54442	3.69275178909012	1274
101927167	3.69179790818093	1275
54187	3.69088554366645	1276
81031	3.6902927562995	1277
10057	3.68994659977427	1278
57185	3.68831700564993	1279
9898	3.68828308356624	1280
9967	3.68671444714852	1281
165	3.68645328080006	1282
147965	3.68380719239758	1283
4314	3.68176712049974	1284
10614	3.68131390322089	1285
254251	3.68124305057093	1286
57542	3.68119094143969	1287
90321	3.68101275895623	1288
10158	3.67905875664538	1289
200186	3.67683204738123	1290
11083	3.67487566341877	1291
7371	3.67376487826762	1292
26469	3.67212124289674	1293
81566	3.67195311168545	1294
89122	3.66844226579171	1295
85301	3.66796088188409	1296
4931	3.66729833017601	1297
23177	3.66665022718104	1298
284695	3.66513913769734	1299
2189	3.66418161905018	1300
7587	3.66386667533063	1301
440993	3.66312618489067	1302
5025	3.66233511090433	1303
1871	3.66116388405991	1304
51747	3.66106867383789	1305
54606	3.66056787749523	1306
348654	3.66053187940533	1307
89845	3.66017870809324	1308
261726	3.65940192719704	1309
55139	3.65885810207443	1310
1058	3.658608676184	1311
100132101	3.65847075507743	1312
55660	3.65691735289065	1313
7696	3.65606165251812	1314
285368	3.65267922702204	1315
90780	3.65071045800337	1316
1289	3.6497962613534	1317
56654	3.64916474599813	1318
284361	3.64881466876325	1319
2537	3.64830087518015	1320
3300	3.64803256194532	1321
149473	3.6476351227035	1322
79174	3.64591413516478	1323
8930	3.64532669495259	1324
8357	3.64520552525682	1325
390927	3.64477708886463	1326
1994	3.64405099238551	1327
22902	3.64392797798467	1328
56270	3.64345740605889	1329
8877	3.64092106478718	1330
57003	3.63881469086204	1331
23443	3.63710368601357	1332
116238	3.63691033259914	1333
27067	3.63652480932806	1334
3371	3.63637166693705	1335
55040	3.63581019116687	1336
101	3.6350961348164	1337
55552	3.63151301570529	1338
23165	3.63083059844893	1339
92291	3.63031840496416	1340
284996	3.63001654738114	1341
9238	3.62069506338498	1342
55665	3.62019788836436	1343
149134	3.61974069384516	1344
343990	3.61917207049294	1345
56241	3.61734940745362	1346
26136	3.61647846752435	1347
8416	3.61635747718419	1348
25831	3.61577907347967	1349
6506	3.61518969269038	1350
6578	3.61472178210514	1351
2923	3.61413208525235	1352
8187	3.61295143923247	1353
6051	3.61264843135707	1354
9493	3.61190547660081	1355
8818	3.61114942236909	1356
23218	3.60670095750823	1357
5509	3.60657831954902	1358
339287	3.60564309173666	1359
9905	3.6047485635551	1360
57633	3.60474364191052	1361
5538	3.60365876000671	1362
9500	3.59490878965477	1363
509	3.59395980843269	1364
832	3.59341393100846	1365
149563	3.59159749431446	1366
26150	3.58941998742845	1367
51596	3.58848394941274	1368
54625	3.58615260443162	1369
54847	3.58501729841585	1370
85365	3.58500994475885	1371
602	3.58452241278313	1372
56616	3.5832019230153	1373
55502	3.58285194102957	1374
7317	3.58247758966925	1375
6804	3.5821062793459	1376
3315	3.58091620067066	1377
11094	3.58061916366099	1378
552889	3.57830946637482	1379
1660	3.57689059740282	1380
636	3.57661412835027	1381
93134	3.57104635034071	1382
6843	3.5705418695753	1383
90956	3.57039189149083	1384
400960	3.56925906667075	1385
1763	3.56907585088505	1386
55521	3.56853325742754	1387
54732	3.56850148028399	1388
114569	3.56710879971307	1389
151246	3.56587756555655	1390
255758	3.56551360181699	1391
388743	3.56431905491926	1392
26499	3.56320351138781	1393
8805	3.56281910356536	1394
9841	3.56064120106787	1395
1305	3.56032149294512	1396
55971	3.55782986463971	1397
22897	3.55769972020509	1398
124739	3.55543547266458	1399
10308	3.55361178454978	1400
22838	3.55058916166923	1401
29855	3.55024959182519	1402
54964	3.55010845916845	1403
79690	3.54996060021766	1404
60436	3.54901176328975	1405
9825	3.54596276709261	1406
4642	3.54576133907906	1407
9522	3.54229444332598	1408
130557	3.54090321256207	1409
65095	3.54035147728705	1410
5478	3.53951189743365	1411
89846	3.53806327986958	1412
5411	3.53794827638356	1413
54552	3.5368224373851	1414
7033	3.53417005032773	1415
57673	3.53389964433139	1416
9439	3.53320051613402	1417
57148	3.53230800543948	1418
64793	3.53229946390137	1419
80851	3.53197353581161	1420
80003	3.53163058359341	1421
489	3.53105909757386	1422
23383	3.52868493850677	1423
582	3.52693422014073	1424
58497	3.52666535486815	1425
101927279	3.52554895943524	1426
94097	3.52531585451516	1427
57035	3.52356073332353	1428
7011	3.52235798995506	1429
11116	3.52155464286642	1430
54919	3.52133509269143	1431
101929123	3.52007527901803	1432
93210	3.51885780643262	1433
6584	3.51867554193378	1434
6628	3.51777255186498	1435
9948	3.51657230629368	1436
9231	3.51577430682232	1437
51490	3.51507566933954	1438
29761	3.51499645271797	1439
57478	3.51451432832449	1440
80198	3.51420834842501	1441
101926967	3.51415097110137	1442
84627	3.51380373358207	1443
9852	3.51250766600161	1444
51133	3.51244581368171	1445
112476	3.51072515834549	1446
1605	3.50937127626196	1447
1503	3.50838425516746	1448
4957	3.50684107214881	1449
57234	3.50452952914786	1450
137964	3.50389483569704	1451
93517	3.50318949203986	1452
2166	3.50228833121714	1453
9858	3.50114552566909	1454
7074	3.50068176779841	1455
23384	3.49974786121842	1456
2232	3.49689284572602	1457
23049	3.49677005028345	1458
6729	3.49656400344377	1459
2237	3.49647304023504	1460
51111	3.49468122796413	1461
5984	3.49366695830726	1462
387914	3.49319037161892	1463
11052	3.49146912464188	1464
79172	3.49050931587883	1465
255783	3.49035923458612	1466
9013	3.48583653064948	1467
5426	3.48520148373617	1468
54813	3.48453167337199	1469
6320	3.48445729805526	1470
904	3.48269852936236	1471
223082	3.48025594347628	1472
6610	3.4758835751149	1473
767	3.47519103295462	1474
163	3.47374802051757	1475
7277	3.47329665729458	1476
10908	3.47277452378874	1477
64844	3.47259896828173	1478
78994	3.47071986065482	1479
440823	3.46985668763427	1480
22901	3.46945974073308	1481
684	3.46879093968614	1482
113278	3.46774159160106	1483
27289	3.46686485994939	1484
2590	3.46679140010794	1485
641455	3.46532449424516	1486
9456	3.46532321250202	1487
84650	3.46474005453625	1488
28981	3.46306490843417	1489
7852	3.46303014655605	1490
148789	3.46032012895215	1491
284252	3.4601438645522	1492
114803	3.4598324736337	1493
55276	3.45778954571406	1494
26229	3.45749383615111	1495
9878	3.45536981152512	1496
10165	3.4533512510533	1497
994	3.45267859996283	1498
55355	3.45029787116521	1499
23169	3.44867175820161	1500
9655	3.44682067580028	1501
85236	3.44455060205661	1502
6294	3.44421723502084	1503
55630	3.4437409246151	1504
2542	3.44252654062889	1505
80381	3.43873731165005	1506
64149	3.43682114397392	1507
91074	3.43662886172273	1508
55687	3.43486927050972	1509
100996511	3.43413142043385	1510
10507	3.43248610409203	1511
140707	3.42910469106199	1512
5499	3.42898266785216	1513
6310	3.42881056077216	1514
154467	3.42806696646254	1515
56917	3.42720172983409	1516
1718	3.42622718972176	1517
23255	3.42350917569631	1518
430	3.42315249520117	1519
3431	3.41450758652085	1520
54891	3.40985562929629	1521
65059	3.40922206616609	1522
55095	3.40772076974999	1523
8317	3.40751442919854	1524
63941	3.40708574441715	1525
92715	3.40601670660315	1526
57532	3.40419643671656	1527
10947	3.40257287567343	1528
65997	3.40170620501192	1529
6941	3.40053498696046	1530
7469	3.39749749085058	1531
7746	3.39741008975804	1532
9632	3.39720382935352	1533
200420	3.39554978944622	1534
84733	3.39543174991751	1535
27076	3.39439168136843	1536
55734	3.39039432172504	1537
10926	3.3898572667418	1538
9865	3.38908595632387	1539
10403	3.38801482328496	1540
54512	3.38734325378274	1541
30827	3.38658495068475	1542
4839	3.38641265238472	1543
79970	3.38638070706224	1544
10811	3.38635456157425	1545
24141	3.38367908882207	1546
7058	3.38335674884504	1547
9569	3.3823639590009	1548
319089	3.38229878169307	1549
64073	3.38114134961395	1550
10897	3.38061369825648	1551
64772	3.37890350766911	1552
161582	3.37866153576799	1553
200765	3.37793021877475	1554
4036	3.37703951021991	1555
140735	3.37675129373606	1556
26509	3.37630127908205	1557
65993	3.37532648635652	1558
9869	3.37438679156781	1559
100289019	3.37418288320755	1560
80736	3.37406351572947	1561
55359	3.37351767686374	1562
8270	3.37313396163263	1563
8537	3.37243701986241	1564
4603	3.37016589905159	1565
54751	3.37014778612143	1566
3065	3.36983751040395	1567
112399	3.36912453010733	1568
54960	3.36833977869221	1569
5479	3.36726371389986	1570
10140	3.36666258383766	1571
80346	3.36421023282417	1572
730051	3.36349749183034	1573
10499	3.36316297562239	1574
55972	3.36256775579602	1575
79921	3.35724884110674	1576
25911	3.35677753888654	1577
152485	3.3557476093515	1578
55159	3.35558176744754	1579
8334	3.3553722032455	1580
65263	3.35203632227072	1581
1452	3.35153706278076	1582
80789	3.35018134756167	1583
11282	3.34979944699168	1584
4913	3.34926021281427	1585
26151	3.34877476431979	1586
29960	3.34582982041692	1587
5894	3.34494646033473	1588
6611	3.34450977755563	1589
253980	3.34377996032707	1590
25833	3.34338329058496	1591
23212	3.34336839905785	1592
4176	3.34334906711468	1593
3714	3.34311086571758	1594
1936	3.34208583698204	1595
4841	3.34126324132934	1596
7627	3.34069294239829	1597
57509	3.33868804982938	1598
51003	3.33821037414057	1599
6926	3.33772943038472	1600
50810	3.33752373425529	1601
65264	3.3373794225532	1602
56005	3.33729472753573	1603
4486	3.33655894114033	1604
658	3.33503888224814	1605
92170	3.33410046334946	1606
9874	3.33385731381833	1607
6195	3.33101638735392	1608
90701	3.32826604439337	1609
10434	3.32698170852549	1610
1474	3.32572692435577	1611
8776	3.32302235958005	1612
55236	3.32251770655468	1613
548644	3.32031788057098	1614
80781	3.32003022917528	1615
55588	3.31933139767455	1616
51602	3.31929407092369	1617
84295	3.31848102061469	1618
3094	3.31636375043841	1619
29763	3.31606114673072	1620
401261	3.31393344548313	1621
7779	3.31264935510847	1622
117143	3.31260023978647	1623
55061	3.31152029222904	1624
23097	3.31017445148714	1625
634	3.3099288999089	1626
64864	3.3088312576287	1627
94039	3.30865732193212	1628
132949	3.30815913707928	1629
84532	3.30726440908983	1630
84707	3.30562626591544	1631
23607	3.30217040009721	1632
80331	3.3021572424243	1633
2932	3.29956654075955	1634
5883	3.29727957880953	1635
23613	3.29582647831743	1636
9738	3.29489742531712	1637
55632	3.29430350377329	1638
1397	3.29378959580369	1639
7574	3.29265635140681	1640
84067	3.29193704052815	1641
8111	3.29072950147768	1642
55662	3.28953207248601	1643
79903	3.28897888536438	1644
4277	3.28766523232655	1645
80313	3.28732880739251	1646
51330	3.28671087714896	1647
55251	3.28670699777009	1648
60673	3.28507651560179	1649
145837	3.28296231926449	1650
93622	3.28293279085421	1651
55768	3.28285768654077	1652
6509	3.28244068300496	1653
100288152	3.28238657609649	1654
23295	3.28191065357859	1655
81855	3.28006329875969	1656
6873	3.27760790230764	1657
9185	3.275466425428	1658
100505774	3.27434029785392	1659
116987	3.27429958625238	1660
3221	3.2731251922829	1661
4794	3.27161058923958	1662
92815	3.27157253127488	1663
8614	3.26822995790687	1664
9093	3.2680018505123	1665
29760	3.26669565935393	1666
56683	3.26523708919691	1667
2664	3.26522325724042	1668
6636	3.26455887253063	1669
57175	3.26230874828179	1670
57168	3.26008749715517	1671
55337	3.25909101867606	1672
54433	3.25842411239098	1673
10963	3.25805036467372	1674
90806	3.25642722855297	1675
8243	3.25515734309154	1676
1009	3.25488645178128	1677
8565	3.25420007769526	1678
388591	3.2531706719113	1679
2150	3.25177517565389	1680
643224	3.25174259195948	1681
2624	3.25074924108663	1682
5127	3.24980113704441	1683
79090	3.24979297771714	1684
203054	3.24972119168741	1685
550	3.24922589946471	1686
55904	3.24904353845716	1687
23779	3.24768589121701	1688
23362	3.24679037275948	1689
253959	3.2444311574653	1690
80267	3.24363611437536	1691
23184	3.24305847948195	1692
4824	3.24229330134055	1693
283131	3.24226663228707	1694
1407	3.24224633543118	1695
57827	3.24209692102681	1696
7841	3.23961470100773	1697
1104	3.2385994671041	1698
57189	3.23845009996058	1699
57805	3.23834469896422	1700
55144	3.23800218174258	1701
10146	3.23749624601705	1702
1556	3.23682791482077	1703
57568	3.23615180776323	1704
79781	3.23389175377924	1705
25799	3.23377547549296	1706
140687	3.2323515356832	1707
6696	3.23197193514653	1708
56897	3.23068296955615	1709
1455	3.22906502307556	1710
10101	3.22843499541935	1711
55201	3.22794802673001	1712
84264	3.22694752609007	1713
10612	3.22574498488426	1714
55143	3.22510707826772	1715
11177	3.22409186044069	1716
23657	3.22383373762305	1717
1106	3.22371515738222	1718
828	3.22336812888259	1719
1296	3.22048316525625	1720
5034	3.21966534935106	1721
80227	3.21830951665453	1722
63943	3.2180478595603	1723
339229	3.21625743125843	1724
10420	3.21620836097943	1725
114801	3.21579808062805	1726
203328	3.21484804569306	1727
9687	3.21371069370162	1728
80005	3.21230957388986	1729
22928	3.21195702252606	1730
5987	3.21132781249353	1731
27352	3.21096539543771	1732
80154	3.21060802080448	1733
9820	3.2100434385018	1734
10793	3.20941285444099	1735
6399	3.2091436689632	1736
200734	3.20855843345784	1737
10009	3.20793323365116	1738
114825	3.2068934736267	1739
57017	3.20647222028991	1740
905	3.20626459800427	1741
79754	3.20546758632403	1742
22874	3.2041191239517	1743
11243	3.20353065564689	1744
6297	3.20277801770475	1745
2887	3.20100859586371	1746
27037	3.20020632396439	1747
7874	3.19870854559149	1748
22981	3.1985653358744	1749
23256	3.19748727655026	1750
84466	3.19722420391107	1751
54815	3.19709305434981	1752
9695	3.19517654685941	1753
222161	3.19401042945106	1754
84059	3.19150552956507	1755
25942	3.19140459996913	1756
6621	3.19026762147902	1757
6431	3.18903168774596	1758
1523	3.18639680033871	1759
5888	3.18525263653983	1760
55739	3.18414418611142	1761
23152	3.18366898987022	1762
57707	3.18324794036611	1763
79228	3.18244909391373	1764
55851	3.18131271990309	1765
90987	3.18054433642864	1766
79581	3.17907078969913	1767
6868	3.17816421625202	1768
64949	3.17816369413929	1769
79022	3.17690796821087	1770
64782	3.17621278798314	1771
149175	3.175944272497	1772
200539	3.1728176857117	1773
340481	3.17276585091889	1774
23263	3.1725930516396	1775
22929	3.1723620802589	1776
389792	3.1714040495229	1777
5194	3.17120828337136	1778
50804	3.17054489179481	1779
80320	3.17019576680228	1780
58527	3.16932049638339	1781
29882	3.16843297848281	1782
54994	3.16803871168859	1783
79098	3.16713474739697	1784
57181	3.16657599139955	1785
7138	3.16463305644596	1786
5357	3.16214786888394	1787
55892	3.16196079804108	1788
9735	3.16178351154691	1789
93099	3.16099595326926	1790
23381	3.16038511216687	1791
64417	3.15907663517159	1792
55001	3.15882878083525	1793
6449	3.15882038956084	1794
54874	3.15853943977166	1795
219541	3.15625207570876	1796
57486	3.15527883161993	1797
10825	3.15027225201095	1798
57609	3.14924904500665	1799
4140	3.14746694198208	1800
5326	3.14736154655729	1801
25907	3.14728152439635	1802
55832	3.14693639748128	1803
8030	3.14671360051697	1804
2099	3.14664177503456	1805
116028	3.14605761448262	1806
6895	3.14593654144819	1807
25807	3.14526446734434	1808
55249	3.14461940915358	1809
58986	3.14433019214169	1810
170394	3.14246779124252	1811
155066	3.14224555725536	1812
6185	3.14194434010673	1813
5165	3.14083143403637	1814
65266	3.13831875713371	1815
114224	3.13821319011738	1816
197342	3.13807684806761	1817
55718	3.13677181070854	1818
85012	3.13548604451238	1819
1797	3.13505534193609	1820
2976	3.13358730725141	1821
64708	3.13307515475603	1822
79586	3.13133688054187	1823
55204	3.12947060446418	1824
84948	3.12939063007263	1825
25886	3.12890764239703	1826
24148	3.12862904798749	1827
79918	3.12814780918205	1828
105371919	3.1275152398436	1829
960	3.12727486165904	1830
389336	3.12718349002422	1831
10782	3.12668633135483	1832
9583	3.12480308119614	1833
101929520	3.12257344573134	1834
55000	3.12120380276768	1835
92799	3.12030215102335	1836
28978	3.12012549267352	1837
134359	3.1162011700879	1838
79841	3.11614773058858	1839
55558	3.11433218326595	1840
22827	3.11371272177143	1841
7026	3.11299670411524	1842
81831	3.11282706909886	1843
123016	3.11242670725293	1844
9704	3.10923786047104	1845
100129387	3.10684728904034	1846
22985	3.10452994620456	1847
127707	3.10292876568869	1848
196051	3.10265669146553	1849
11176	3.09969090874563	1850
6748	3.09951759304384	1851
6813	3.09750790976982	1852
47	3.09735698387298	1853
6991	3.096691063841	1854
55680	3.0957006697853	1855
382	3.09438056273925	1856
202333	3.09326326550541	1857
84268	3.09320373858629	1858
100302692	3.09319287962267	1859
11138	3.09156335264816	1860
57647	3.09078700354506	1861
10018	3.08913147133843	1862
339855	3.0871117038797	1863
4148	3.08642407156398	1864
253012	3.08577758884868	1865
10610	3.08467432073178	1866
57650	3.083931107771	1867
25921	3.08356707976091	1868
10636	3.08341327807687	1869
199974	3.08341004877926	1870
55731	3.08327629772037	1871
150864	3.08157230892567	1872
10482	3.08140137891647	1873
222068	3.08090091285039	1874
124540	3.08024290395268	1875
23093	3.08010779274411	1876
55504	3.07996481993714	1877
27005	3.07981473434511	1878
152098	3.07954938884068	1879
26043	3.07944752165851	1880
6541	3.07929209062388	1881
23385	3.07881657535895	1882
2813	3.07859586504019	1883
23354	3.07529955740227	1884
55322	3.07486830004158	1885
54855	3.07412015948701	1886
57414	3.07409641100973	1887
90993	3.07089588696029	1888
8505	3.07026336390339	1889
7873	3.06971766399276	1890
79719	3.06854868942317	1891
100500850	3.06837500368997	1892
3696	3.06749984590475	1893
8562	3.06369616363951	1894
23070	3.06353597553022	1895
56111	3.06115946647502	1896
57167	3.06081667578876	1897
113675	3.06047381095277	1898
9807	3.05769385275304	1899
25963	3.05749405128119	1900
64118	3.05667676740803	1901
18	3.05636311085569	1902
55769	3.05615006061212	1903
5591	3.05612262994084	1904
54799	3.05564924377158	1905
129138	3.05470188462527	1906
283373	3.05321114176256	1907
11129	3.05319102340288	1908
80162	3.0527556993002	1909
221937	3.0501459198815	1910
157680	3.04825191508984	1911
160335	3.04769986853191	1912
283870	3.04678486079096	1913
644943	3.04607966735142	1914
158219	3.04510473808959	1915
79969	3.04500326474987	1916
100287482	3.04338989938555	1917
55743	3.04236080328218	1918
23042	3.0422553069998	1919
400793	3.04182241056724	1920
51340	3.04082251536625	1921
8473	3.03929324307551	1922
1186	3.03650636305939	1923
201725	3.03573645969463	1924
4939	3.03456844731135	1925
10154	3.0327406028892	1926
6132	3.03231098601569	1927
9775	3.03135733548861	1928
55015	3.03057614838755	1929
64127	3.02988621083718	1930
3627	3.02882648855462	1931
5999	3.02846221896141	1932
6749	3.02817822819055	1933
147841	3.02695696149122	1934
8974	3.0262510142902	1935
254048	3.02612592189192	1936
55506	3.02457014255091	1937
63897	3.02265441970517	1938
150577	3.02219199226649	1939
85461	3.0219347575947	1940
84775	3.02187443363604	1941
150368	3.0215742259681	1942
64429	3.02141720521494	1943
344148	3.02100978097193	1944
57602	3.02031500901296	1945
8089	3.01899223984969	1946
11232	3.01856947869657	1947
100289230	3.01741325110279	1948
7483	3.01706906700574	1949
256987	3.01673553674043	1950
55839	3.01616562042467	1951
79801	3.01542581207204	1952
3005	3.01226951559615	1953
79949	3.01209724695728	1954
114822	3.01130224176467	1955
64746	3.01129355883058	1956
124411	3.01093754527365	1957
90231	3.01089122717441	1958
100130742	3.01076993086094	1959
4926	3.01016891184577	1960
56704	3.01001559495149	1961
27246	3.0077894378404	1962
22882	3.00711141780092	1963
397	3.00585237656019	1964
1387	3.00508746839597	1965
80824	3.00465182616183	1966
1307	3.00334736287927	1967
11091	3.00130365686649	1968
128240	3.00077193578365	1969
85444	3.00049224199544	1970
283643	3.00026463809674	1971
128439	3.00013799287857	1972
9973	2.99955976471223	1973
55175	2.99871976959035	1974
26528	2.99845329499479	1975
1951	2.9984453867223	1976
5190	2.99820144878285	1977
23767	2.99760460775523	1978
1512	2.99654677534555	1979
23360	2.99573332534944	1980
8772	2.99571400176282	1981
3675	2.99471161404123	1982
2990	2.99392025473742	1983
8631	2.9927244720274	1984
5954	2.99068301066672	1985
23082	2.98778087682503	1986
100505616	2.98631880699372	1987
93664	2.98298666235068	1988
1665	2.9822598378733	1989
6498	2.98196165296848	1990
55898	2.98051752317117	1991
55605	2.98047987614525	1992
91039	2.97959617508679	1993
5885	2.97722669244471	1994
1650	2.97516065058733	1995
1717	2.97502483819677	1996
5929	2.97376375091725	1997
54856	2.97274106164293	1998
128272	2.97211413335488	1999
114908	2.97176382462225	2000
147991	2.96944166101978	2001
27158	2.96874910408426	2002
9517	2.96848421831722	2003
22850	2.96789527094218	2004
5518	2.96778339968651	2005
26995	2.96776787553462	2006
51604	2.9675263332738	2007
155060	2.96734362424011	2008
54499	2.9663668844066	2009
645644	2.96481731733312	2010
53944	2.9637070242218	2011
10866	2.96344820764324	2012
23552	2.962303765755	2013
3182	2.96226311910846	2014
9121	2.95902312579524	2015
7070	2.95844293093339	2016
9110	2.9583531806691	2017
79169	2.95668666580265	2018
144501	2.95651089091844	2019
5355	2.95571247385983	2020
22933	2.95559822747718	2021
10780	2.9553356036937	2022
130574	2.95438724383584	2023
112939	2.95380714765903	2024
55245	2.95365863044695	2025
148304	2.95305603821079	2026
8692	2.9526296167787	2027
9703	2.95201437378266	2028
6715	2.95194633255506	2029
378708	2.94968167556734	2030
92359	2.94836217108139	2031
10603	2.94821323233943	2032
90799	2.94818972870267	2033
374655	2.94715107603279	2034
339230	2.94692196797235	2035
3191	2.94649095897913	2036
23246	2.94575070289808	2037
100310756	2.94545630009261	2038
27433	2.9453236648804	2039
8904	2.94415318863512	2040
26233	2.9407713800625	2041
9794	2.93818770871058	2042
9711	2.93750925117452	2043
65992	2.93718556588935	2044
114781	2.93561138001845	2045
79137	2.93484658006357	2046
64848	2.93110550951768	2047
401097	2.93014479285978	2048
100287569	2.92875654039602	2049
3309	2.92701718811919	2050
1903	2.92648034214003	2051
27237	2.92634532778003	2052
57228	2.9262712173566	2053
4798	2.92541247541397	2054
81552	2.92470143440871	2055
6558	2.92464881780541	2056
5373	2.92442448050348	2057
57621	2.92414187412379	2058
4710	2.92160268102808	2059
116844	2.9215495133862	2060
317	2.9188382051515	2061
158586	2.91844583925877	2062
26354	2.91680393247901	2063
100129917	2.91564755976484	2064
23545	2.91394377591615	2065
100130449	2.91084002542357	2066
64763	2.91073148459477	2067
9939	2.91069158248007	2068
80146	2.90944889412486	2069
374860	2.9089683490468	2070
5335	2.90886035299446	2071
26098	2.90818568647896	2072
56061	2.90757101755721	2073
5046	2.90597598759376	2074
6603	2.90464796185692	2075
25804	2.90418565365398	2076
57524	2.90264609586734	2077
360	2.90219662327886	2078
64928	2.90109034078666	2079
284656	2.90008567927595	2080
653121	2.89771417418946	2081
3249	2.89684644616171	2082
54332	2.89649482838013	2083
284086	2.89628103142594	2084
84905	2.89588105581766	2085
26145	2.8953574562849	2086
148545	2.89287150740303	2087
89876	2.89247172890622	2088
403313	2.8920262699693	2089
23063	2.89019919743063	2090
7172	2.88954271478081	2091
55635	2.88935762116687	2092
5097	2.88899332393415	2093
5430	2.88896297681611	2094
60313	2.88747784633211	2095
55626	2.88625726014754	2096
3326	2.88593819149562	2097
58490	2.88394290842112	2098
10084	2.88284646707582	2099
84552	2.88274385265673	2100
55163	2.88206455173755	2101
26007	2.88063212053413	2102
92292	2.88038842376172	2103
1602	2.87924150910958	2104
30850	2.8787384356246	2105
2026	2.87707412255709	2106
51773	2.87461178599001	2107
10406	2.87390253966442	2108
57666	2.87358285532965	2109
254531	2.87226937942123	2110
51102	2.87163760874095	2111
100506965	2.87113426029385	2112
55715	2.87084075176363	2113
4898	2.87052039852105	2114
23185	2.86767576524587	2115
11098	2.8657293556675	2116
11284	2.86517663801692	2117
79646	2.86461411048989	2118
6890	2.86418692385025	2119
163720	2.8637732821266	2120
54888	2.86376568638458	2121
10681	2.86370538728683	2122
9961	2.86131353701371	2123
54862	2.86036624647257	2124
25788	2.86020275320005	2125
5979	2.85974697972242	2126
57291	2.85971089797136	2127
56899	2.8564314227557	2128
83440	2.85555720646866	2129
80319	2.85520409065557	2130
3597	2.85483134477877	2131
146059	2.85463002420783	2132
100505549	2.8541694019663	2133
84307	2.85210423881136	2134
56928	2.85194835035711	2135
6882	2.85097117100679	2136
25894	2.84996890462814	2137
23225	2.84943150898782	2138
23368	2.84920161179325	2139
100506599	2.84888423625106	2140
94122	2.8481505802185	2141
374819	2.84723775056693	2142
9662	2.84703598602857	2143
83941	2.84623671534098	2144
55339	2.84585932539793	2145
51291	2.84409349909683	2146
2066	2.84408343923749	2147
245938	2.8438684865655	2148
79622	2.84374079119363	2149
9221	2.84325675687882	2150
55002	2.84251609871299	2151
4849	2.84228544213523	2152
9254	2.84095241221211	2153
4670	2.8407382280149	2154
9989	2.8406918804587	2155
138065	2.84049802342561	2156
25948	2.84019942544977	2157
25926	2.83895410121922	2158
53820	2.83861420300849	2159
375593	2.83816916913668	2160
10125	2.83671575526308	2161
11133	2.8344215516484	2162
26205	2.83406873326478	2163
399761	2.83322869789752	2164
57216	2.83295372345336	2165
9197	2.8322210936267	2166
23186	2.83129371655398	2167
8161	2.82841252033759	2168
54961	2.82697976331559	2169
55450	2.82545274352807	2170
84708	2.82445702820854	2171
147429	2.82392280720043	2172
25920	2.82281607800336	2173
54733	2.82179271302239	2174
3636	2.82109645491414	2175
901	2.81977794519918	2176
23309	2.81943353677793	2177
7922	2.81877365113529	2178
25862	2.81786519192262	2179
57157	2.81179737795617	2180
9550	2.81156953100288	2181
22823	2.81149587746031	2182
29775	2.81128090557179	2183
91252	2.81001600436642	2184
80757	2.80883648980002	2185
54902	2.80849533892732	2186
253832	2.808429083057	2187
64062	2.80730091690673	2188
51109	2.80619711858023	2189
392617	2.80605984305598	2190
4193	2.80435591078588	2191
201627	2.80401392581655	2192
11022	2.8018961229094	2193
440498	2.80139336304192	2194
8019	2.80037172607376	2195
9767	2.80011317597393	2196
49856	2.80002168493694	2197
7625	2.79846746386443	2198
7984	2.79713614368838	2199
23007	2.79552488254899	2200
5870	2.79147262029679	2201
23014	2.7899010458689	2202
4312	2.78968667320686	2203
283431	2.78952258557855	2204
101929402	2.78938553735858	2205
493754	2.78852987902162	2206
23592	2.7885269448878	2207
83693	2.78841047147841	2208
2817	2.78819953567251	2209
9816	2.78755179858814	2210
8567	2.78715952654426	2211
221002	2.78666996755423	2212
58508	2.78541899692043	2213
201799	2.78504495807356	2214
64175	2.78476567215153	2215
389362	2.78395284001278	2216
5073	2.78335282944219	2217
7107	2.78167979552477	2218
200879	2.78089229568595	2219
10915	2.78078528933482	2220
55758	2.7788071643175	2221
84869	2.77736682777744	2222
124401	2.7772153205596	2223
54936	2.77687772194331	2224
533	2.77681950614076	2225
729220	2.77664674098504	2226
55132	2.77655157406717	2227
6820	2.77569338779513	2228
5780	2.77506816541262	2229
7755	2.77432631264001	2230
54904	2.7741510431487	2231
254887	2.77351746504412	2232
84287	2.77266119188083	2233
9448	2.77238543947564	2234
10180	2.77190366216929	2235
6227	2.77180236707015	2236
101928649	2.77110441461319	2237
55023	2.76972763810453	2238
7554	2.76963355439833	2239
728431	2.76880880548007	2240
9682	2.76839606199246	2241
23131	2.76681716060571	2242
137886	2.76678141081658	2243
11117	2.76668830207293	2244
10528	2.76552510994404	2245
84894	2.7645226732899	2246
4052	2.76427951145666	2247
319085	2.76386960346035	2248
7164	2.7629908214236	2249
55257	2.76280416163394	2250
23451	2.76279606009085	2251
100379345	2.76247523904435	2252
390637	2.76059446881468	2253
23400	2.76059362190761	2254
80255	2.76049883344572	2255
7718	2.76034863778455	2256
4059	2.76017562940247	2257
103352539	2.7598389299059	2258
57613	2.7586763450982	2259
83642	2.75809647422475	2260
123169	2.7580680433459	2261
9997	2.75745353804875	2262
527	2.7573230236039	2263
10561	2.75614229236446	2264
51160	2.75575323427467	2265
344595	2.75541174827729	2266
9145	2.75487427821538	2267
563	2.75452003405817	2268
10270	2.75288471447671	2269
140576	2.75012832002154	2270
10519	2.74958555006562	2271
11014	2.74900375835604	2272
79676	2.74781657858783	2273
284485	2.74776881919277	2274
7043	2.74693866874645	2275
8496	2.74625704391946	2276
4882	2.74471491614443	2277
64769	2.74431907572422	2278
3281	2.74418392610219	2279
55224	2.7439166643222	2280
27440	2.74334947350399	2281
585	2.74329403211111	2282
147184	2.74327362017153	2283
10317	2.74197473744049	2284
4814	2.74100750234753	2285
9424	2.74096442817532	2286
26047	2.74090758611705	2287
283867	2.74002148511784	2288
92312	2.73893628932852	2289
25791	2.7376175209703	2290
4776	2.73580823312305	2291
440352	2.73542532671937	2292
10652	2.73435901197498	2293
146705	2.73408412012643	2294
1850	2.73372637385571	2295
54058	2.73277748427199	2296
27124	2.73027166591873	2297
55663	2.73003531644538	2298
2936	2.72973290334406	2299
6293	2.72960941248112	2300
55300	2.72819374361119	2301
26127	2.72803125931478	2302
163227	2.72744213832412	2303
440590	2.72712218912303	2304
79962	2.7266670680191	2305
22796	2.72662010934899	2306
27148	2.72626743691096	2307
7789	2.72600317588532	2308
5770	2.72395122137444	2309
56890	2.72295043254706	2310
7349	2.72284004368126	2311
115817	2.72252421145798	2312
54704	2.7223307894373	2313
9639	2.72039912253544	2314
169026	2.71981742236325	2315
3898	2.71932462008016	2316
55027	2.71774376698117	2317
1857	2.71572778334464	2318
118980	2.71509024449537	2319
6428	2.71501543065168	2320
9371	2.71410925699099	2321
83637	2.71397426099745	2322
55341	2.71247555142718	2323
402483	2.71224909462496	2324
154141	2.71179868905713	2325
441733	2.71154172325812	2326
29102	2.71121011714027	2327
9619	2.71055834783555	2328
11059	2.71026821686536	2329
5469	2.70894351694289	2330
55105	2.70880453268289	2331
57692	2.70835088705308	2332
100873942	2.70827626769979	2333
10682	2.70786429565679	2334
4302	2.70672099645516	2335
84450	2.70671265469756	2336
57172	2.70666612614669	2337
23201	2.70622106744014	2338
7076	2.70568393891018	2339
197258	2.7043705390497	2340
51592	2.70411201589506	2341
60560	2.70289742085163	2342
5033	2.70245282414807	2343
29926	2.6993102068461	2344
5128	2.69827579469765	2345
83715	2.69790593696034	2346
5989	2.69726301415134	2347
3955	2.69691827663954	2348
23370	2.69506323862556	2349
7329	2.69428138641619	2350
80196	2.69368121719051	2351
64083	2.69355682988339	2352
55367	2.69317298614913	2353
134549	2.69239260865281	2354
84766	2.69176930892437	2355
24147	2.69086637549873	2356
84250	2.69085545623926	2357
255812	2.69022934186467	2358
114932	2.6888037457693	2359
283208	2.68838508051877	2360
4605	2.68482873181779	2361
51629	2.68339350798063	2362
118881	2.68301764797372	2363
145946	2.68206622903238	2364
81606	2.6817107318118	2365
116228	2.68078208639458	2366
1039	2.68051224512196	2367
55791	2.6804089280171	2368
27153	2.68035715294025	2369
27079	2.68020543484414	2370
22993	2.67960990445111	2371
29115	2.67957069340623	2372
140901	2.6791610148642	2373
55656	2.67838095674854	2374
595	2.67738894155272	2375
581	2.67726850954465	2376
993	2.6767426269858	2377
4179	2.67604802726954	2378
54478	2.67529060443319	2379
57787	2.6751427203447	2380
11056	2.67467610278538	2381
79768	2.6745484933932	2382
133015	2.67407210645431	2383
54971	2.67297366468828	2384
59274	2.6729656888914	2385
8526	2.67293785928424	2386
2000	2.67252754054668	2387
55770	2.67251093791113	2388
9849	2.66984940259241	2389
51364	2.66791000456711	2390
27348	2.66392104296712	2391
641	2.66376706721988	2392
9870	2.66316244495324	2393
55160	2.66294807493517	2394
11128	2.66179466059902	2395
7150	2.66170613896506	2396
8630	2.66052634643741	2397
285958	2.66045659840387	2398
2330	2.66004526582361	2399
140459	2.65749951204469	2400
92140	2.65524459582278	2401
23089	2.65380282890058	2402
6817	2.65212360878851	2403
3704	2.65170254178623	2404
729732	2.6510728942195	2405
6637	2.64923114200756	2406
55765	2.64879840608829	2407
51654	2.64719285456872	2408
2201	2.64612787890111	2409
6423	2.64500929314098	2410
10948	2.64400950199268	2411
1017	2.64397580269688	2412
79733	2.64263098410344	2413
2720	2.64195506714244	2414
89887	2.64165032585282	2415
11230	2.6397717932862	2416
220064	2.63936766511747	2417
84928	2.6385523274204	2418
408050	2.63825477396654	2419
374882	2.63695410914298	2420
64207	2.63583282013256	2421
113452	2.63569831087408	2422
203062	2.63554878367424	2423
57343	2.6346966315565	2424
101928405	2.63430085995642	2425
27020	2.63356822860589	2426
51093	2.63328750863636	2427
1894	2.63252674620642	2428
27297	2.63229805116795	2429
10202	2.63181988364951	2430
10380	2.63152352457113	2431
10538	2.63141360744463	2432
1509	2.63030292531453	2433
26999	2.63023609901796	2434
100499177	2.63014878280655	2435
83640	2.63004772367089	2436
64682	2.62959605758165	2437
64087	2.62943295575149	2438
10560	2.62920226246463	2439
1025	2.62731860555771	2440
5001	2.62729987979203	2441
8266	2.62709525885832	2442
105372481	2.62688477035356	2443
57662	2.62518456657714	2444
1869	2.62394732653825	2445
97	2.62387067431606	2446
144165	2.62342063754653	2447
1201	2.62207303099662	2448
1643	2.62205201246379	2449
57670	2.62056852987324	2450
84725	2.62033150319327	2451
337867	2.62016507508121	2452
100499466	2.6199797543944	2453
142940	2.61954101209831	2454
9477	2.61954093440733	2455
4651	2.61887692289998	2456
27316	2.61772997281006	2457
8289	2.61750020774115	2458
347344	2.61635552749378	2459
7515	2.61625570385786	2460
643836	2.61611630472181	2461
25885	2.61546269854626	2462
81609	2.61478541225894	2463
374900	2.61432639942857	2464
157574	2.6138437407681	2465
1846	2.61102282287795	2466
259232	2.60965321727747	2467
540	2.60846277394144	2468
5366	2.60786023298885	2469
9745	2.60770211659809	2470
1048	2.60696038367288	2471
126731	2.6061392196291	2472
10045	2.60596806171162	2473
126298	2.60511476857288	2474
9818	2.60509653713871	2475
100216479	2.60453619835534	2476
6840	2.60413391615864	2477
145282	2.60346647200769	2478
54985	2.60327977444589	2479
5589	2.60312917811156	2480
83990	2.60188743568047	2481
388677	2.60130905484725	2482
55684	2.60128153045617	2483
1472	2.60013187931532	2484
4599	2.59876499293796	2485
6447	2.59821656067833	2486
5927	2.59690192522077	2487
157285	2.59536812725628	2488
641467	2.59460390041722	2489
442075	2.59209663108135	2490
114823	2.59167143571353	2491
9564	2.59086478595472	2492
79072	2.5907960036109	2493
440570	2.58984670839255	2494
79132	2.58892122207807	2495
5829	2.58884323282809	2496
51428	2.58855048639819	2497
144348	2.58647659461908	2498
162972	2.58573092044965	2499
85438	2.58552482315957	2500
57677	2.58490850027267	2501
6184	2.5840078768589	2502
7158	2.58261089278924	2503
221656	2.58221258024544	2504
6993	2.58170898453028	2505
727957	2.58112123865451	2506
389337	2.58068624373283	2507
642587	2.57914718717968	2508
51806	2.57631892756636	2509
7155	2.57628896132197	2510
9557	2.57626952014244	2511
116832	2.57550074036447	2512
387755	2.5751888891247	2513
8675	2.57445322819314	2514
8027	2.57383644387387	2515
4241	2.57356643712375	2516
9810	2.57349821013147	2517
79925	2.57339142100612	2518
1847	2.57292329424699	2519
84678	2.57234178772749	2520
5420	2.57145287479045	2521
55180	2.57135415621542	2522
1477	2.57067269234394	2523
324	2.57056991972209	2524
101929504	2.57004647762573	2525
26000	2.56950830953297	2526
102723701	2.56916988894738	2527
2286	2.56907697387178	2528
55388	2.56646587153802	2529
9827	2.56611772270255	2530
10245	2.5658670313033	2531
578	2.56548600726552	2532
253260	2.56476529579777	2533
152065	2.56385097750286	2534
284408	2.5605487820712	2535
55356	2.56026531130962	2536
10267	2.55908800189416	2537
130162	2.55877736008023	2538
5609	2.55818439495138	2539
6452	2.55785548994572	2540
89781	2.55678038114213	2541
155382	2.55651350598127	2542
10342	2.55611752916605	2543
164091	2.55604443549402	2544
100506497	2.55554887835137	2545
56882	2.5554347243575	2546
55661	2.55368109172092	2547
23475	2.55279577750524	2548
58477	2.55214561964028	2549
10309	2.55113137050366	2550
284001	2.55012087568404	2551
375444	2.54897355348666	2552
51616	2.54862864011631	2553
26263	2.54847664354299	2554
169792	2.54722927828014	2555
153684	2.54719587469863	2556
1669	2.5464376393264	2557
8365	2.54605432774754	2558
5076	2.54601041818602	2559
150590	2.54586160241193	2560
5747	2.54548981298329	2561
25790	2.54528148162414	2562
29934	2.54517435203133	2563
7059	2.54424968751477	2564
26993	2.5431056792314	2565
4610	2.54251084419079	2566
11200	2.54208157977752	2567
282890	2.53911254892707	2568
256329	2.53867945248584	2569
63916	2.53841849861632	2570
10573	2.53588916451797	2571
25766	2.53577411483553	2572
4296	2.53539448312421	2573
11245	2.53362856146044	2574
55357	2.53294165111707	2575
101928539	2.53220277306595	2576
54487	2.53208536972752	2577
23338	2.5320466200767	2578
79415	2.53058477587267	2579
150275	2.53026634540791	2580
55148	2.53023071674731	2581
55275	2.52984867236292	2582
388886	2.52900715042417	2583
23303	2.52887289216416	2584
57448	2.52862824877914	2585
149076	2.52722270502975	2586
4681	2.52608084138915	2587
26119	2.52595594488443	2588
6253	2.52532685503541	2589
23001	2.52479511268767	2590
149371	2.52435948410731	2591
81931	2.52434751246521	2592
1889	2.523411939724	2593
8427	2.52283752677563	2594
54069	2.52198440313832	2595
55604	2.52186971029887	2596
5327	2.52150480376036	2597
349075	2.51804131147794	2598
80207	2.51661724918917	2599
10762	2.51519245942988	2600
84885	2.51459764446385	2601
440836	2.51321263812478	2602
7707	2.51189348004871	2603
285989	2.51078311202193	2604
11187	2.51058152578312	2605
64921	2.51047425133986	2606
607	2.50968256532598	2607
10103	2.5096719140043	2608
10999	2.50941990775968	2609
23549	2.509208792596	2610
4173	2.50891561832684	2611
8542	2.50856642326421	2612
163786	2.50790573521725	2613
9679	2.50747120693531	2614
1890	2.50726622042952	2615
200081	2.50673643655438	2616
56674	2.50661207002455	2617
29065	2.50601259499364	2618
163081	2.50580295316144	2619
266722	2.5054129255807	2620
22893	2.50423587838657	2621
57405	2.50288916767035	2622
57724	2.50279568249948	2623
3156	2.5026669225317	2624
79696	2.50172042208665	2625
134553	2.50166792533969	2626
4218	2.50155102661981	2627
4758	2.50106539073857	2628
7514	2.50070176140282	2629
202243	2.50064536374474	2630
84975	2.49971759392718	2631
23329	2.49680393682285	2632
222584	2.49664968329708	2633
653319	2.49650887161746	2634
57583	2.49516371685365	2635
1396	2.4949481241832	2636
23158	2.49427642486958	2637
147837	2.4935819059674	2638
51520	2.49322219223115	2639
7204	2.49305357821099	2640
4862	2.49261029665499	2641
147179	2.49207927243795	2642
84132	2.49159112190389	2643
5304	2.49051801508842	2644
55728	2.48868220770964	2645
57690	2.4883656926977	2646
11249	2.48824694064407	2647
23395	2.48729004812934	2648
126823	2.48614667093618	2649
80217	2.48453166563544	2650
100506710	2.48429362726905	2651
114044	2.48256244859742	2652
124093	2.48052252972784	2653
84634	2.48038093376753	2654
648	2.48008136187323	2655
57819	2.47912034899579	2656
136051	2.47882179100378	2657
79152	2.47880523888688	2658
1277	2.47838470991985	2659
102	2.47828770137577	2660
10966	2.47713086360466	2661
7752	2.47655709526096	2662
57209	2.476517769888	2663
56886	2.47620514160904	2664
130872	2.47451445894459	2665
10559	2.4741145282968	2666
196264	2.47405829904967	2667
84898	2.47393949498895	2668
10269	2.47378276172264	2669
5433	2.47319948576838	2670
5605	2.47269284805712	2671
3064	2.47253769476347	2672
10024	2.47113770821052	2673
253782	2.47060169947453	2674
55258	2.47034439956505	2675
127602	2.46993855364066	2676
8455	2.46975809759254	2677
5546	2.46933496992762	2678
7564	2.46925441414841	2679
9416	2.46750759817135	2680
26164	2.46736591381008	2681
84641	2.46719526253812	2682
26012	2.46699449123839	2683
2172	2.46625199530015	2684
59349	2.46448277004902	2685
80127	2.46357774930502	2686
164	2.46326751991329	2687
105371046	2.46312938900694	2688
2203	2.46229845851454	2689
5253	2.46108397032246	2690
115196	2.46098813410743	2691
79805	2.45943771391892	2692
170487	2.4577793558576	2693
4057	2.45749259759504	2694
23389	2.45737893317169	2695
10432	2.4563433510234	2696
91433	2.45632820827741	2697
6542	2.45610331913939	2698
1294	2.45604922379619	2699
10884	2.4560316434857	2700
126017	2.45540037672868	2701
66035	2.45417994617692	2702
57763	2.45405816073342	2703
64225	2.45392312648836	2704
64748	2.45367033420048	2705
2191	2.45317471344437	2706
4350	2.45117674868131	2707
29993	2.45094936714155	2708
6634	2.450547205706	2709
256356	2.45003136396813	2710
80862	2.44902581860209	2711
7596	2.44852398172069	2712
11194	2.44826531337259	2713
2358	2.44779545006935	2714
1874	2.44771068989026	2715
3669	2.44737166399687	2716
51077	2.44658630273104	2717
134353	2.4465210691712	2718
51005	2.44634922996422	2719
22870	2.44448106373972	2720
57560	2.44409596844784	2721
56995	2.44390432741174	2722
55007	2.44328463607981	2723
7572	2.44243323967452	2724
51368	2.44213430293562	2725
55147	2.44209435748068	2726
79570	2.44191132921005	2727
9791	2.44163444776545	2728
80209	2.44123890051431	2729
7771	2.44062958497481	2730
21	2.44049528594424	2731
4300	2.43898999978948	2732
6733	2.43786889195136	2733
57109	2.4365924129835	2734
51441	2.43581294764525	2735
54898	2.43527460662815	2736
28992	2.43514436598232	2737
4016	2.43448565529371	2738
91355	2.43427164618076	2739
283951	2.43334516645142	2740
92285	2.43236171545998	2741
341676	2.43166966197137	2742
1778	2.43165431032289	2743
64222	2.43108945455587	2744
79940	2.43057390006895	2745
128061	2.42989041735179	2746
283417	2.42982893166373	2747
346157	2.42610373479952	2748
8607	2.42587541475022	2749
10142	2.42361176326919	2750
80775	2.4232018114892	2751
9404	2.42319600556961	2752
51735	2.42082890902469	2753
7776	2.42028018177218	2754
4676	2.42000160865565	2755
1155	2.41998027658254	2756
3229	2.41952180176597	2757
57156	2.41942149911408	2758
4830	2.41873868864665	2759
79866	2.41847586100752	2760
8227	2.41742255322323	2761
101929762	2.41675221435369	2762
167227	2.41600205827545	2763
129401	2.41461118975339	2764
5869	2.41448560709719	2765
2885	2.41309655658537	2766
143903	2.41153056688125	2767
5877	2.41060624646786	2768
79957	2.4092882285816	2769
59307	2.40898704200203	2770
55093	2.40776180169615	2771
10279	2.40746167848213	2772
3703	2.40678864043784	2773
23245	2.40567380813435	2774
7552	2.40566033604345	2775
4753	2.40452626511146	2776
10137	2.40415932548853	2777
23363	2.40385319418951	2778
148362	2.40369071646287	2779
6478	2.40321534898478	2780
90522	2.40304820643459	2781
148867	2.40181866330804	2782
146760	2.40157852171117	2783
1234	2.40145880680555	2784
84971	2.40120284976283	2785
4589	2.40117985712423	2786
11237	2.39962641363277	2787
89970	2.39890227086763	2788
100506668	2.39880301725578	2789
23512	2.39807648618828	2790
6464	2.39759516035101	2791
80223	2.39748380672975	2792
27044	2.39694793073917	2793
53917	2.39655924419546	2794
51016	2.39592796970958	2795
221496	2.39558394241046	2796
54977	2.39461037005952	2797
23405	2.39452604259612	2798
10951	2.3928088453264	2799
55654	2.3903449218153	2800
6520	2.3885995230173	2801
26959	2.38697906927407	2802
1944	2.38649598411285	2803
51585	2.38626231162656	2804
9246	2.38525840456393	2805
83657	2.38440412989088	2806
2005	2.38410228986583	2807
159090	2.38392999720595	2808
55219	2.38352246402531	2809
83483	2.38299871088401	2810
1293	2.38164559818173	2811
79862	2.38093024125878	2812
83752	2.38085177636326	2813
347475	2.38081340049631	2814
55315	2.37930480124034	2815
7156	2.37832493482722	2816
54881	2.37817525851478	2817
282997	2.3781116632564	2818
1303	2.3776247167044	2819
7322	2.37742231020766	2820
64327	2.37728200436703	2821
7700	2.37674761642768	2822
346689	2.37536202456317	2823
1524	2.37473779127794	2824
55076	2.37374194584998	2825
9454	2.37330672397388	2826
23036	2.37087596187495	2827
23508	2.37077188087775	2828
113655	2.37006172284914	2829
254394	2.36842082186775	2830
162979	2.36809737135003	2831
57704	2.3679721710018	2832
91010	2.36795111315786	2833
57451	2.36744250526692	2834
256309	2.36619860105049	2835
389170	2.36550883046574	2836
57472	2.36443531161422	2837
10067	2.36397982116286	2838
79573	2.36354301079581	2839
65983	2.36347921229641	2840
642280	2.36195702753128	2841
85403	2.3618310561749	2842
64061	2.36122003376995	2843
9885	2.36083269810684	2844
64780	2.36053895241986	2845
9066	2.35915133516484	2846
10085	2.35851978966644	2847
195814	2.35819313688289	2848
2264	2.35798475256045	2849
331	2.35742864334733	2850
286002	2.35734577642197	2851
150759	2.35701899341671	2852
10458	2.35669952237254	2853
3425	2.35614232271723	2854
79153	2.35560597774182	2855
55778	2.35542676282266	2856
1200	2.35505708345522	2857
7862	2.35384087422907	2858
100272217	2.35259559786639	2859
55857	2.3521459223921	2860
8079	2.3520764563141	2861
113130	2.35199777955636	2862
91319	2.35146218231736	2863
57396	2.35123803033302	2864
57335	2.35071680391131	2865
389831	2.35040055570419	2866
160313	2.35014162901637	2867
57178	2.34974306501507	2868
10912	2.34959854978227	2869
148189	2.34856699922397	2870
1478	2.34781429172193	2871
90678	2.34739683035106	2872
4071	2.34729713629975	2873
7690	2.34639260228344	2874
55696	2.34623791859631	2875
6100	2.34612983027657	2876
55209	2.34426972010156	2877
27330	2.34407353152865	2878
26152	2.34377458170731	2879
64766	2.3435172898826	2880
2820	2.34319797799805	2881
114881	2.34319194437708	2882
149041	2.34317346016115	2883
11240	2.34169454130406	2884
133619	2.34169396816666	2885
23586	2.34156027649422	2886
51755	2.34111468164439	2887
9295	2.34039730008377	2888
55240	2.3399760916827	2889
54555	2.33914462833556	2890
100132356	2.33909729095257	2891
415116	2.33774178549627	2892
56260	2.33685024285947	2893
51246	2.33651277879084	2894
51337	2.33647427767078	2895
84451	2.33633039519868	2896
5496	2.33629821305394	2897
107	2.33614469327246	2898
79798	2.33609812355884	2899
23181	2.3356761979368	2900
55601	2.33447210154183	2901
2622	2.33301864427263	2902
51686	2.33193965041542	2903
79048	2.33182721532405	2904
29994	2.3312771066514	2905
50861	2.33120734616121	2906
57171	2.32957926737799	2907
6726	2.32952400251338	2908
55088	2.32921501452053	2909
23163	2.32855370252431	2910
11100	2.32841783215025	2911
144097	2.32820762416611	2912
388581	2.32791536743841	2913
2523	2.32788432279659	2914
55466	2.32757411666592	2915
126969	2.32736678393075	2916
105375382	2.3270022631951	2917
8408	2.32642091237375	2918
10641	2.32612157248426	2919
1775	2.32589669343753	2920
63035	2.32416007268897	2921
57176	2.3233726222211	2922
53340	2.32250012474966	2923
8038	2.32157244085617	2924
84553	2.32104183133539	2925
388115	2.32093354283998	2926
4254	2.32071830568783	2927
23204	2.32000575798622	2928
90850	2.31763964977523	2929
124602	2.31702313278657	2930
84498	2.31624927536597	2931
342979	2.31567033403909	2932
126006	2.31565651484783	2933
55749	2.3148806513715	2934
84960	2.31209883085988	2935
133690	2.31155951927794	2936
54820	2.31119229346373	2937
85015	2.3111047315187	2938
28951	2.31011396247376	2939
51117	2.3099683892038	2940
7529	2.3097039651222	2941
401022	2.30960014294812	2942
22903	2.30598718622382	2943
6781	2.30574859828663	2944
8310	2.30561431495545	2945
144715	2.30459181749905	2946
60674	2.30433341132639	2947
22848	2.30370533171022	2948
1611	2.30324809917162	2949
10116	2.30323209755938	2950
6908	2.30320870720208	2951
9495	2.30167639651374	2952
26284	2.30147263888287	2953
147923	2.30142114968007	2954
23426	2.30026557184717	2955
7374	2.30014053027943	2956
4288	2.29966367978654	2957
5810	2.29942089913693	2958
51132	2.29856595014442	2959
9578	2.29852372686478	2960
29110	2.29812417196075	2961
339745	2.29745901091608	2962
284802	2.29717304090651	2963
23704	2.29686749299205	2964
9673	2.29598927909051	2965
5820	2.29571384251793	2966
79598	2.29559230705579	2967
79571	2.29550970199439	2968
25930	2.29311141372956	2969
7186	2.29279213824328	2970
92610	2.29231866296369	2971
199920	2.29207465744729	2972
57591	2.2920599580965	2973
51303	2.29197916914286	2974
257397	2.29170716247274	2975
5931	2.29092571454211	2976
6829	2.29083175280947	2977
285965	2.29068590334843	2978
85004	2.29065412343894	2979
3560	2.29052558839072	2980
10589	2.28997932165955	2981
64427	2.2890037432337	2982
57169	2.28797301526687	2983
8458	2.28781866119708	2984
6612	2.28606116647352	2985
138199	2.28552615803511	2986
220988	2.28365623090215	2987
7546	2.28355118279917	2988
730101	2.28351949789096	2989
153396	2.28307026965333	2990
1993	2.28127724732028	2991
4141	2.28088964139194	2992
54549	2.28030628362082	2993
5002	2.2795954966303	2994
84986	2.27893438260823	2995
7159	2.27885263680394	2996
55291	2.27845000893104	2997
654434	2.2781578901928	2998
10611	2.27775323289081	2999
340061	2.27738566052059	3000
388963	2.27641849608237	3001
144108	2.27606621709737	3002
646324	2.27410265012836	3003
10042	2.27363280110945	3004
55174	2.27342256629923	3005
1953	2.27264210512762	3006
6904	2.27263195918896	3007
79109	2.2708582198994	3008
1540	2.27041733277527	3009
5977	2.26919694532132	3010
26156	2.26883154633154	3011
219293	2.26874127865022	3012
23243	2.26833775338299	3013
2140	2.26817513672443	3014
790955	2.26775035741744	3015
55716	2.26716781881144	3016
9953	2.26671495131511	3017
6568	2.26497520162288	3018
9924	2.26452925756975	3019
7009	2.26373048935827	3020
92840	2.26284726489538	3021
283596	2.26258204933071	3022
8721	2.26257503233045	3023
7637	2.26233360122568	3024
387103	2.2619550217295	3025
57092	2.26166290958892	3026
5504	2.26137495680236	3027
6477	2.26128075666072	3028
375035	2.26036808081232	3029
493829	2.2592194664882	3030
8323	2.25878826575125	3031
643866	2.25861667101493	3032
266695	2.25827564996739	3033
26094	2.25780335266856	3034
79807	2.25634693580613	3035
4920	2.25617943347138	3036
105375624	2.256061455376	3037
9955	2.25577723293999	3038
23251	2.25557314289486	3039
9487	2.25510907198435	3040
10664	2.25434944640905	3041
23466	2.25425241555718	3042
100874362	2.25389440662124	3043
503538	2.2538860115063	3044
92335	2.25363483544462	3045
79755	2.25349693341053	3046
23138	2.25290997834834	3047
6670	2.25190645332868	3048
29803	2.25136386757079	3049
55775	2.25128786133941	3050
2623	2.25024882730107	3051
55030	2.24996861769487	3052
7320	2.24905833159677	3053
157378	2.24768918621303	3054
25825	2.24704663230613	3055
55750	2.24665443781208	3056
100289635	2.24609776020764	3057
55719	2.24565851683166	3058
50650	2.24540735098703	3059
27340	2.24536315557595	3060
54876	2.24524889609292	3061
2802	2.24499565864559	3062
3134	2.24488837593947	3063
55184	2.24459825099263	3064
1773	2.2444858484128	3065
124044	2.24414753731234	3066
80237	2.24406930248392	3067
54458	2.24335722082622	3068
414919	2.24314578060491	3069
204962	2.24246543891821	3070
286257	2.24175345171285	3071
7297	2.24118363759223	3072
100507516	2.23967835497605	3073
10226	2.23962712888272	3074
54535	2.23930923929405	3075
400629	2.23886570953544	3076
9730	2.23829659333879	3077
8915	2.23763658390181	3078
10969	2.23725858813857	3079
4249	2.23685027717294	3080
9113	2.23412229139043	3081
159013	2.23266064922044	3082
115	2.23206731195243	3083
286343	2.23057914661403	3084
201475	2.23002185142419	3085
26289	2.22742063414287	3086
26246	2.22708414807403	3087
6001	2.22707741483076	3088
6920	2.22699480135027	3089
5527	2.22644586200749	3090
4925	2.22553998518689	3091
157313	2.22532893547655	3092
8602	2.22365782085391	3093
79820	2.22353293828861	3094
284058	2.22335323996617	3095
25861	2.22260329400175	3096
10807	2.22236876645617	3097
65250	2.22228651402573	3098
54991	2.22195669149653	3099
100506639	2.21830166144056	3100
100508120	2.21817931779092	3101
29766	2.2162267010256	3102
27253	2.21389932664003	3103
2650	2.21366782930204	3104
285955	2.21339445299894	3105
1677	2.21315690613516	3106
105221694	2.21277777149469	3107
9937	2.21220313512122	3108
100129482	2.21198124746711	3109
57121	2.21186452487115	3110
84524	2.21088906187022	3111
55011	2.21020859100614	3112
51729	2.20969861392371	3113
332	2.20962328387808	3114
26130	2.20917934713453	3115
8519	2.20902259825803	3116
22820	2.20815720587433	3117
11283	2.20753767152949	3118
6638	2.20697496678551	3119
7581	2.20634646617301	3120
80067	2.20399946326795	3121
10322	2.20346008302971	3122
64755	2.20296248911683	3123
84364	2.20143988290821	3124
199777	2.19909424250611	3125
10437	2.19907827459889	3126
9847	2.19904658778221	3127
6909	2.19883408857	3128
63925	2.19863018862022	3129
4318	2.19647623972523	3130
9985	2.19645671796183	3131
2033	2.19634221653564	3132
5522	2.19558649263726	3133
60598	2.19524414756154	3134
91949	2.19474457238274	3135
60559	2.1946300041616	3136
80020	2.19422588791502	3137
9489	2.19412391100088	3138
1345	2.19321375752094	3139
22999	2.19136461188926	3140
80725	2.1911839104254	3141
90427	2.19081941983802	3142
353	2.19038662745478	3143
8568	2.18990339281194	3144
201176	2.18981528666219	3145
56965	2.1893915416384	3146
729085	2.18898804098575	3147
9605	2.18888196020605	3148
9797	2.18882987604816	3149
84966	2.18618088770069	3150
283450	2.18577386286904	3151
25977	2.18565171547328	3152
200958	2.18344527078987	3153
8394	2.18281236394901	3154
93474	2.18273774683804	3155
54522	2.18197690658037	3156
4204	2.18166825200534	3157
84337	2.18084361192626	3158
92399	2.18077806799917	3159
7247	2.17937534062797	3160
57482	2.17933139579425	3161
81577	2.17774377271166	3162
2801	2.17697849194534	3163
493753	2.17586922311373	3164
5825	2.17466874533038	3165
55334	2.17425446900982	3166
162989	2.1734699942518	3167
6432	2.17234383925613	3168
10520	2.17218205321315	3169
3866	2.17137302428645	3170
23608	2.17085721867023	3171
51053	2.16977705579761	3172
3308	2.16943302940853	3173
79902	2.16897016099765	3174
85364	2.16862938152399	3175
9960	2.16801209823307	3176
146857	2.166552241863	3177
147700	2.16639082617337	3178
3126	2.16633612113119	3179
50515	2.16627648809234	3180
4928	2.1660846517905	3181
9527	2.16531554699265	3182
100289274	2.1651575757153	3183
79600	2.16429731754171	3184
27086	2.16378639885848	3185
146434	2.16268462108354	3186
84245	2.16167326375312	3187
80222	2.16125678268701	3188
10699	2.15873388306615	3189
9425	2.15865329931017	3190
7292	2.15831335337767	3191
3654	2.15733971603658	3192
206358	2.15703055767059	3193
10984	2.15631637324153	3194
23650	2.15578872216326	3195
8726	2.15477389480449	3196
116113	2.15454239243832	3197
142	2.15422413142145	3198
100506473	2.15312077378756	3199
908	2.15311927750788	3200
100861548	2.15270575711154	3201
101929319	2.15115217512161	3202
79675	2.15077089694854	3203
11046	2.15017264753571	3204
55922	2.15016204667815	3205
3083	2.14810816783421	3206
80764	2.14718568557576	3207
57552	2.14677219538324	3208
91544	2.14655761150711	3209
79414	2.14585039102078	3210
196394	2.14531204575236	3211
494558	2.14432516808847	3212
1	2.14331237695063	3213
2224	2.14263536995265	3214
26271	2.14218247950524	3215
129080	2.14084937606813	3216
54853	2.14062548098046	3217
7503	2.13844415666264	3218
30010	2.13810473853607	3219
57190	2.13545100836744	3220
285103	2.13497037530304	3221
727699	2.13496167979599	3222
1573	2.1329888094321	3223
6780	2.13193822069164	3224
101927391	2.1314543334888	3225
83607	2.13088922498478	3226
10557	2.13057098373348	3227
51491	2.12991337348479	3228
140831	2.12953151911912	3229
55008	2.12924063725597	3230
25844	2.12885663957747	3231
2068	2.1282924588668	3232
3110	2.12742972203918	3233
6002	2.1268535924618	3234
222229	2.12677104646058	3235
9187	2.12659035704518	3236
5634	2.12621635550738	3237
151050	2.12559516001745	3238
9678	2.1255542989073	3239
399717	2.12518562993188	3240
90488	2.12436017648578	3241
284391	2.1238001076349	3242
4524	2.12282028747117	3243
171568	2.12254685052389	3244
400891	2.1222696783474	3245
23438	2.12146728867576	3246
162073	2.12096907796745	3247
84874	2.120523879754	3248
22828	2.12049589659037	3249
8924	2.12040561461151	3250
113277	2.12024924679736	3251
84448	2.11970126999687	3252
79697	2.11950244373383	3253
93	2.11930596158709	3254
2960	2.11877498031834	3255
8556	2.11872191973417	3256
166793	2.11828025838243	3257
355	2.11696661004798	3258
63926	2.11620521416732	3259
284611	2.11620022400738	3260
90324	2.11582965108171	3261
8851	2.11525357838941	3262
51265	2.11453570720758	3263
9413	2.11395398579178	3264
79269	2.11367991044982	3265
283489	2.11271826743603	3266
24149	2.11186426462326	3267
25806	2.11104211082638	3268
7559	2.11053924176591	3269
914	2.11017526351263	3270
84934	2.11009274102023	3271
23174	2.10841492624318	3272
9054	2.10795584569997	3273
4893	2.10795471479219	3274
27132	2.10659499630044	3275
3996	2.10604176419918	3276
55761	2.10585834187315	3277
57634	2.10547175440732	3278
84254	2.10489275528078	3279
29920	2.10479281945332	3280
121441	2.10333006680158	3281
26160	2.10285639156672	3282
4744	2.10136849973942	3283
54955	2.10129003537449	3284
1000	2.09991613561511	3285
27040	2.09884898758675	3286
6045	2.09881165212475	3287
56052	2.09825415086438	3288
4771	2.09818866801858	3289
84283	2.09799306447487	3290
109729141	2.09773509041878	3291
55262	2.09706094811963	3292
9267	2.09672082075039	3293
2104	2.09656823642807	3294
85377	2.0957551744112	3295
150290	2.09548949792796	3296
9455	2.09520701692035	3297
157695	2.09514885086339	3298
392	2.09484134002306	3299
10156	2.09444260707244	3300
51151	2.09417229662991	3301
200895	2.09388173781171	3302
93624	2.09365790711391	3303
5058	2.09308006146984	3304
55651	2.09296871564231	3305
5380	2.09287094110521	3306
100506696	2.0926374658466	3307
255403	2.09261115444918	3308
11108	2.09249564138349	3309
79160	2.09222552697829	3310
56924	2.09218130041091	3311
113251	2.09183158559845	3312
4942	2.09067227752525	3313
57794	2.09064205270389	3314
8635	2.0904815681825	3315
101927360	2.08958288220774	3316
6683	2.08898825001059	3317
8438	2.08824426845	3318
79651	2.08776933516761	3319
51633	2.08768160650125	3320
285547	2.08758356912217	3321
9123	2.08723141252136	3322
100505854	2.087037478442	3323
283149	2.08532311189605	3324
113730	2.08459903427682	3325
100874292	2.08432532007325	3326
2125	2.08401416909514	3327
10195	2.08323692193182	3328
55206	2.0824776966242	3329
6047	2.08209836993993	3330
126626	2.08148465256394	3331
10564	2.08114556304352	3332
29100	2.08104666202429	3333
196294	2.08082972773525	3334
84221	2.08037121544051	3335
79830	2.080265013456	3336
399664	2.08019298534349	3337
10733	2.08002885323836	3338
85302	2.08000006719359	3339
27106	2.07995513886913	3340
10307	2.07976817555439	3341
51734	2.07925619699005	3342
55540	2.0780657293304	3343
83759	2.07780386841128	3344
91661	2.07758664642601	3345
90075	2.07633776832754	3346
142678	2.07563862137016	3347
63939	2.07513589534313	3348
55113	2.07410305902766	3349
55783	2.07337775256086	3350
23682	2.07257957112692	3351
101927612	2.0723567015076	3352
100505702	2.07210060653824	3353
10005	2.07128494428903	3354
64232	2.07096784971498	3355
55905	2.07091278389755	3356
6878	2.06973073173193	3357
9817	2.06950638458688	3358
9252	2.06923890811483	3359
5720	2.06812760315488	3360
80765	2.06618113345825	3361
10956	2.06602557368827	3362
8078	2.06567029692615	3363
836	2.06543509489213	3364
8728	2.06512130199155	3365
27143	2.06391153986254	3366
51690	2.06352284383654	3367
10985	2.06307033940651	3368
3225	2.0627493679687	3369
10206	2.06274768862428	3370
100287902	2.06215505685009	3371
100506603	2.06211340549575	3372
84936	2.06193271831962	3373
100505761	2.06026493425392	3374
8175	2.05913279268889	3375
26093	2.05761734094031	3376
51290	2.05735685321802	3377
23380	2.0564583796771	3378
51310	2.05503574168478	3379
128866	2.05475885364173	3380
57862	2.05416018005851	3381
126231	2.05402087555255	3382
6745	2.05304887430918	3383
1613	2.05185473265787	3384
55425	2.05090978556039	3385
26018	2.0502608208542	3386
84433	2.04985145265952	3387
7701	2.0485284376115	3388
22879	2.04842776003208	3389
285097	2.04840768937122	3390
27232	2.04795694333974	3391
10607	2.04681532650213	3392
388610	2.04664039954103	3393
56915	2.04581848010884	3394
23173	2.04498556593118	3395
2979	2.04481103722128	3396
10228	2.04397765858152	3397
201595	2.04332527097512	3398
4174	2.0431701687219	3399
54033	2.04272479014135	3400
2766	2.04233473133898	3401
400	2.04224321141848	3402
22807	2.04142051550092	3403
11113	2.04100317158199	3404
651430	2.04089044574853	3405
55161	2.04071440991434	3406
121457	2.04038438291438	3407
151188	2.03724588898715	3408
8208	2.03683183853074	3409
113178	2.03633926369642	3410
222236	2.03611158045564	3411
7988	2.03608524432212	3412
23353	2.03585154202877	3413
135398	2.03575685994217	3414
10189	2.03542576151648	3415
2674	2.03497071598196	3416
150737	2.0334886558464	3417
8764	2.03339577488342	3418
9765	2.03292643367806	3419
374378	2.03263845975729	3420
29980	2.032423541628	3421
10799	2.03176040723838	3422
64151	2.03135249703893	3423
163049	2.03082936213644	3424
8312	2.02981359957356	3425
80347	2.02941150537505	3426
222546	2.02936407662112	3427
84700	2.02910496080543	3428
3223	2.02907201345641	3429
51205	2.02872340634198	3430
100506282	2.02858488318381	3431
163859	2.02747623274258	3432
2651	2.02521436558327	3433
84848	2.02486693764791	3434
2803	2.02462181243911	3435
25780	2.02416844489586	3436
381	2.02416750068142	3437
81562	2.02415156397853	3438
84518	2.02344617299519	3439
55199	2.02303483434685	3440
7975	2.02241905305265	3441
5664	2.02205647227861	3442
57684	2.02165951992993	3443
5297	2.02109833316383	3444
8621	2.02035824901763	3445
147381	2.01980014850531	3446
7284	2.0197895595009	3447
64577	2.01944069595541	3448
8760	2.01925573909155	3449
8337	2.01919062325728	3450
5816	2.01896916809287	3451
6278	2.0178697163966	3452
10808	2.01444823156725	3453
4899	2.01408452428201	3454
8985	2.01378399314804	3455
2074	2.01266325484742	3456
28977	2.01262858838303	3457
5711	2.01261771861777	3458
26090	2.01198897836508	3459
79134	2.01189914669945	3460
7767	2.01189419997329	3461
29928	2.01176158779673	3462
254102	2.01097294667692	3463
6500	2.01079659475272	3464
7474	2.00991656573309	3465
4477	2.00962043373673	3466
80164	2.0095603748281	3467
51754	2.00757873268269	3468
26049	2.00726866709996	3469
196074	2.00662018261245	3470
6307	2.00648821918785	3471
642517	2.0062268503595	3472
55171	2.00576595193862	3473
23542	2.00512871704785	3474
23198	2.00456928302017	3475
112479	2.004463502045	3476
23469	2.00437092403819	3477
6448	2.00419468085774	3478
4947	2.00369938728716	3479
8558	2.0031211069089	3480
51434	2.00258403415893	3481
2091	2.00173110269353	3482
55228	2.00142786308964	3483
56992	2.00141745804726	3484
8737	2.00084366483385	3485
219844	2.00069709018034	3486
9731	1.99965844585738	3487
55636	1.99841474472937	3488
11070	1.99825653181636	3489
84865	1.99782509295548	3490
65057	1.9967220899096	3491
64320	1.99595972510628	3492
677824	1.99592139961371	3493
7037	1.99576430949532	3494
84964	1.99560042477216	3495
9050	1.99515736074658	3496
124808	1.99482635961841	3497
80195	1.99428929236635	3498
56257	1.99421393892555	3499
222194	1.99393709123598	3500
92659	1.9937085233325	3501
123775	1.99369561391589	3502
285513	1.99272935955491	3503
340895	1.99146888415579	3504
83696	1.9901846362626	3505
84618	1.99013220785945	3506
51096	1.9896485344187	3507
9928	1.98931877836072	3508
126917	1.98813288667789	3509
54470	1.98723796806928	3510
6493	1.98722023150638	3511
23341	1.98721707527614	3512
144233	1.98603105137414	3513
196996	1.98600919994724	3514
644815	1.9857605372704	3515
57586	1.98465055575743	3516
79149	1.98461413630541	3517
26470	1.98423630555536	3518
23279	1.98383263794235	3519
51163	1.98340600545815	3520
29984	1.98219932470984	3521
10360	1.98208784497173	3522
55287	1.98206680654395	3523
728537	1.98178215666064	3524
3607	1.97994767617913	3525
3659	1.97908419510239	3526
51714	1.97877365979898	3527
140460	1.97841434723709	3528
795	1.97831682576754	3529
471	1.97801794377301	3530
55092	1.97767674107979	3531
285489	1.97757697175129	3532
105369739	1.97735356040511	3533
51552	1.97722673466101	3534
162515	1.97663816697611	3535
114799	1.97583921374872	3536
100505782	1.97544545051973	3537
79623	1.97536795321176	3538
163131	1.97497941101631	3539
25909	1.97446688124642	3540
9358	1.97438580211845	3541
9158	1.97416356246388	3542
10181	1.97346010680048	3543
4319	1.97344784867399	3544
56986	1.97308221952359	3545
10802	1.97296934872099	3546
4322	1.97275473972787	3547
202020	1.97217458298429	3548
886	1.97183804281427	3549
100422781	1.97044935688605	3550
9966	1.96992839750908	3551
26585	1.96978252140846	3552
4238	1.96736314979459	3553
79183	1.96690323768024	3554
83856	1.96678852700699	3555
378	1.96662260441351	3556
1950	1.96573407190202	3557
11316	1.96545573864633	3558
9690	1.96431251085864	3559
254099	1.96353882492968	3560
11236	1.96346331901298	3561
101927482	1.9631062730064	3562
644873	1.96302252437246	3563
344758	1.96262006813352	3564
125170	1.96176436267039	3565
84640	1.96045999783272	3566
80124	1.96033591774941	3567
9543	1.95973505664949	3568
84947	1.95963089911649	3569
1824	1.95939261866228	3570
148103	1.95929134646941	3571
56970	1.95851322310496	3572
9826	1.95845006221888	3573
57139	1.95837305721216	3574
254065	1.95798635428546	3575
105377938	1.95754646493107	3576
6622	1.95735556832812	3577
54453	1.95647777295616	3578
80178	1.95574606327414	3579
389834	1.95527550144649	3580
23590	1.95505894546872	3581
54554	1.95427494508003	3582
3707	1.95411447395563	3583
4938	1.95350413087391	3584
729614	1.95288396066308	3585
64432	1.95072417090909	3586
4430	1.95025846355293	3587
1105	1.94991711289189	3588
114771	1.94974004787215	3589
8347	1.94859426822798	3590
64760	1.9480472813962	3591
8625	1.94680365083703	3592
10585	1.94665707293788	3593
64860	1.94641204388804	3594
317761	1.94612495137466	3595
84861	1.94570023028261	3596
54780	1.94533762399005	3597
116984	1.94528135690859	3598
7520	1.94479003607077	3599
64377	1.9442872883053	3600
54435	1.94405071137924	3601
1912	1.94396289976758	3602
134548	1.9435692662153	3603
199704	1.94353137233299	3604
101928673	1.94337105836934	3605
54925	1.9431129041469	3606
286151	1.94201579564531	3607
5328	1.94106382567272	3608
79832	1.94096331078314	3609
122786	1.94072929340494	3610
2710	1.94045074471328	3611
56980	1.93994286901823	3612
221491	1.93979040182266	3613
4065	1.93978734581037	3614
2058	1.93963604004814	3615
22905	1.93945929225034	3616
90120	1.93904137013395	3617
55110	1.93863617337733	3618
8509	1.93845130535483	3619
221442	1.93827858299947	3620
283871	1.93805851424947	3621
79665	1.9372860486409	3622
9667	1.93687520263948	3623
391059	1.93680605499392	3624
51545	1.93643959104566	3625
1374	1.93599441093241	3626
168620	1.93592730039212	3627
401145	1.9358837064854	3628
23396	1.93567763003903	3629
1020	1.93526483929433	3630
3642	1.93430528248891	3631
8573	1.93369161463409	3632
617	1.93260353286156	3633
9306	1.93255551060151	3634
26013	1.93214885122286	3635
4356	1.93208940934831	3636
10498	1.93117375589309	3637
7561	1.93073348563111	3638
5154	1.93062719680359	3639
2870	1.93025717734665	3640
23357	1.93023316706373	3641
23505	1.92996844147181	3642
83638	1.92945516617409	3643
80746	1.92878368460546	3644
84179	1.92807199682339	3645
406886	1.92770735845173	3646
100506858	1.92737363932259	3647
8775	1.92646145996682	3648
51107	1.92612537859807	3649
11068	1.92571680046648	3650
127845	1.92565322182069	3651
8720	1.92559880326816	3652
27	1.92544912581286	3653
23476	1.92455745294604	3654
5991	1.92428402675628	3655
22906	1.92412061913782	3656
7021	1.92377501411974	3657
84897	1.92320669045961	3658
9175	1.92308680463488	3659
9100	1.92242941564893	3660
26086	1.92136612727655	3661
2168	1.92135005011614	3662
8943	1.92098183029543	3663
85451	1.92067398608453	3664
6720	1.92044829825453	3665
81622	1.92013121083551	3666
55186	1.91979669844366	3667
55135	1.91979510334034	3668
90625	1.91912711330766	3669
56342	1.91912110538173	3670
55607	1.91878586499119	3671
925	1.91854658143671	3672
3487	1.91827836190784	3673
58478	1.91697487277404	3674
4615	1.91696506456731	3675
100874314	1.91519993971826	3676
221960	1.91516381740561	3677
163702	1.9143532838312	3678
84920	1.91433597966782	3679
1388	1.91401729873916	3680
28964	1.91311735261571	3681
90133	1.91268299292287	3682
55316	1.91250698000582	3683
4935	1.91181360285229	3684
25759	1.91136445277772	3685
9829	1.91123115687379	3686
51014	1.91060922062497	3687
100507099	1.90991163874954	3688
58493	1.90923581463027	3689
54753	1.90884726606173	3690
642475	1.90779310125047	3691
566	1.90754218256603	3692
672	1.90726829309824	3693
3608	1.90625483104686	3694
140731	1.90613363429809	3695
63892	1.90604371368438	3696
375791	1.90456675843158	3697
387036	1.90447719257785	3698
91107	1.90361979495133	3699
5241	1.90357092981736	3700
80007	1.9029142483991	3701
54868	1.90269904064262	3702
6650	1.90244783323281	3703
84068	1.90195192890062	3704
284266	1.90191877406333	3705
7739	1.90094902190304	3706
90121	1.90089839629277	3707
84299	1.90069723234966	3708
100131801	1.90055850271531	3709
56987	1.90047083070002	3710
100316868	1.90011501181122	3711
101927129	1.90009200025391	3712
8446	1.89994591184241	3713
26003	1.89958195029872	3714
201255	1.89955725781719	3715
7126	1.89939671230908	3716
91749	1.8988871429171	3717
25880	1.89826908606872	3718
54980	1.89791261785677	3719
115572	1.89773093153964	3720
8795	1.89769933282165	3721
152518	1.89765994390922	3722
2588	1.89693171840118	3723
9708	1.89665224897734	3724
79058	1.89648783231565	3725
79728	1.89630779337363	3726
863	1.89619951770078	3727
90957	1.89508795018883	3728
5774	1.8948924294766	3729
4665	1.89465729155712	3730
1428	1.89412749835586	3731
8833	1.89355203435929	3732
2956	1.8926469319579	3733
7468	1.89264081672028	3734
221079	1.89230617387373	3735
643529	1.89226174669844	3736
51134	1.89090871698859	3737
252983	1.89028102702394	3738
64332	1.89024303519986	3739
79693	1.88954705857501	3740
10620	1.8891397859872	3741
8976	1.88804828094296	3742
57465	1.88774654796216	3743
4361	1.88607759193441	3744
766	1.88486229950804	3745
11322	1.88415678049867	3746
954	1.88376786032276	3747
84876	1.88241779119218	3748
9546	1.88226061202467	3749
79968	1.88186769916348	3750
83743	1.88161483998432	3751
9520	1.8810800964471	3752
4763	1.88055085958146	3753
6373	1.88039327146489	3754
2342	1.88037148092967	3755
1314	1.87997392386187	3756
5575	1.87957492314116	3757
9567	1.87771339723525	3758
1241	1.87723601723582	3759
54829	1.87715679607201	3760
7430	1.87695592423576	3761
65124	1.8765281565242	3762
55181	1.87536419742687	3763
267	1.87523604412705	3764
79872	1.87502718437318	3765
23348	1.87496416946791	3766
28952	1.87491119920991	3767
5371	1.87472020743781	3768
84717	1.87468677873675	3769
79139	1.87456646225588	3770
54	1.87437749090357	3771
10131	1.87407589965556	3772
11276	1.87406692625119	3773
2115	1.87389085342778	3774
51222	1.87336616837153	3775
84080	1.8729218529201	3776
121642	1.87266977601023	3777
6430	1.87247350394134	3778
27125	1.87229113907155	3779
55760	1.87198564930051	3780
1317	1.8719380189997	3781
161145	1.86977289729095	3782
1479	1.86953740119437	3783
11183	1.8692398919059	3784
3157	1.86877320031263	3785
116983	1.86846927683874	3786
54432	1.86838247283044	3787
58500	1.86826626450312	3788
283358	1.86731994566314	3789
261734	1.86701027143355	3790
1973	1.8666716662927	3791
258010	1.86663390410792	3792
79989	1.86579015142195	3793
84222	1.86559482794639	3794
54465	1.86544461752244	3795
51586	1.86506842311315	3796
285429	1.86448265932169	3797
102723757	1.86233692377619	3798
6416	1.86233616787017	3799
85409	1.86158678232185	3800
64100	1.86145845214695	3801
440061	1.86133328339409	3802
4076	1.86127453246904	3803
100506409	1.86103728950235	3804
728215	1.86025133477971	3805
201181	1.86000582738196	3806
8857	1.859646172597	3807
221927	1.85958735328433	3808
9918	1.85934600621979	3809
27107	1.85831163118266	3810
57187	1.85763191877698	3811
100506679	1.8566498052221	3812
811	1.85647573655305	3813
441024	1.85620357059927	3814
51341	1.85540701101744	3815
222235	1.85537686860087	3816
51768	1.85519060539892	3817
285761	1.85491849698047	3818
23310	1.85384916676406	3819
5599	1.85365785351906	3820
57479	1.85339851211097	3821
5639	1.85254060453933	3822
1733	1.85216412554102	3823
23421	1.85104349060159	3824
64599	1.8507785254604	3825
23367	1.85012952886109	3826
149499	1.85004409850622	3827
84168	1.8487362471478	3828
199953	1.84867464687408	3829
7486	1.84851844696552	3830
80895	1.84823967240436	3831
388951	1.84821775254408	3832
50626	1.84729634256242	3833
51124	1.84719092337109	3834
100506492	1.84687795348503	3835
65999	1.84686636299967	3836
1499	1.84662698921311	3837
729993	1.84603502664033	3838
100507458	1.84587973119444	3839
80028	1.84582942979549	3840
51523	1.84572042928971	3841
90060	1.84497288996993	3842
64218	1.84482783412872	3843
55351	1.84405132567695	3844
168451	1.84355972519788	3845
84166	1.84336652203201	3846
101928595	1.84311644399222	3847
5099	1.84305503630693	3848
100505741	1.84255965907438	3849
9693	1.84244491830451	3850
5786	1.84163264197878	3851
222663	1.84114332271304	3852
3927	1.84071104198224	3853
29095	1.84029341422946	3854
23043	1.83997773816173	3855
1469	1.83966093204362	3856
100190939	1.83942414174321	3857
51645	1.8382093047364	3858
55094	1.83713313831722	3859
11266	1.83680792891067	3860
11057	1.83671828702702	3861
7753	1.83670105309943	3862
64319	1.8366476472771	3863
11169	1.83585688382856	3864
1235	1.83571350971451	3865
11196	1.8354425463021	3866
158067	1.83436390198766	3867
51504	1.83318207856921	3868
9453	1.83237545278754	3869
60488	1.83189028073648	3870
3340	1.83164876861281	3871
55640	1.83088329689669	3872
9963	1.83053256497521	3873
148418	1.83011971659332	3874
23352	1.8298308216708	3875
10815	1.82949088143043	3876
9025	1.82771798138769	3877
2899	1.82738764346308	3878
63898	1.82665700477836	3879
400798	1.82644300807613	3880
1213	1.82548503639517	3881
5947	1.82533946025146	3882
27074	1.82516238237603	3883
23135	1.82486896150722	3884
84619	1.82436684076442	3885
54809	1.8239567995303	3886
55818	1.82317464151288	3887
79813	1.82301129000597	3888
10868	1.82265254073691	3889
57446	1.82127694630223	3890
51012	1.82071741649269	3891
644186	1.81892735564327	3892
29799	1.81881954874255	3893
9854	1.81753858753408	3894
5558	1.81731863209432	3895
5932	1.81635425239903	3896
342909	1.81540998892664	3897
282973	1.81523701175494	3898
3305	1.81501194195592	3899
64419	1.81437316601758	3900
6944	1.81429865210564	3901
51760	1.81425846701448	3902
54540	1.81404620047577	3903
100507140	1.81391067392107	3904
10574	1.81374549938845	3905
146722	1.81366708266161	3906
118491	1.81274256914748	3907
2733	1.81229447287161	3908
400242	1.81217827698715	3909
221322	1.81198829204086	3910
143379	1.81191685984638	3911
688	1.81132172935951	3912
171019	1.81123580279436	3913
4668	1.80941585950008	3914
5933	1.80883052040116	3915
26147	1.80870568534111	3916
84901	1.80830692495382	3917
51380	1.80789082024718	3918
253769	1.80711132614722	3919
8445	1.80653983578677	3920
105377993	1.80644804476392	3921
439	1.80594749020523	3922
207	1.80488454318163	3923
1360	1.8040406030406	3924
4825	1.80341075009537	3925
56165	1.80200957176126	3926
100996485	1.80121028913547	3927
101927438	1.80062244850323	3928
6434	1.80012475969386	3929
50511	1.79835589552889	3930
55526	1.79789492122249	3931
375513	1.79699269316052	3932
3015	1.79650059595059	3933
79953	1.79636259158517	3934
93343	1.79627952095474	3935
84449	1.79621825880182	3936
92747	1.79599837473283	3937
7415	1.79585989450185	3938
2686	1.7952356715883	3939
80055	1.79424718614974	3940
5310	1.79365889118098	3941
113828	1.79326980889009	3942
27250	1.79309049675486	3943
7408	1.79264176472721	3944
27349	1.79100269891079	3945
101928333	1.78977416430386	3946
6999	1.78958735954621	3947
55720	1.78943452458886	3948
102723722	1.78927393429281	3949
840	1.78745586201111	3950
105378948	1.78678807585826	3951
367	1.78666738594544	3952
153129	1.78655805960185	3953
130612	1.78579174959626	3954
6838	1.78395177362533	3955
6257	1.78380327179069	3956
54914	1.78315842653929	3957
9143	1.78214717916942	3958
379025	1.781866392964	3959
79637	1.78183261005575	3960
7249	1.78096453827988	3961
1606	1.78069132932046	3962
10818	1.78006532666781	3963
7626	1.77998169638362	3964
55968	1.77952436692624	3965
3111	1.77949425502497	3966
493911	1.77895326747966	3967
51444	1.77887773624048	3968
6240	1.77873906554543	3969
740	1.77838783830977	3970
23658	1.7780419332241	3971
288	1.77787124993942	3972
100128098	1.77745230053326	3973
283554	1.776650390613	3974
1101	1.77655827319371	3975
79007	1.77653391272198	3976
59269	1.77633343387079	3977
90506	1.7760265735101	3978
6388	1.77485771257321	3979
91543	1.77481768404113	3980
4157	1.77442084283684	3981
3213	1.77429383432478	3982
3257	1.77402594089432	3983
51726	1.77375636061743	3984
8139	1.77373640920474	3985
27245	1.77303539565257	3986
346606	1.77251968447996	3987
92960	1.77233319444164	3988
6334	1.77232206997759	3989
64318	1.77105338742369	3990
699	1.77100830667666	3991
54879	1.7700583074721	3992
149951	1.76889346559146	3993
327	1.76845211636572	3994
7327	1.76844876083834	3995
283130	1.76749560927766	3996
493856	1.76745905776048	3997
91746	1.76634460377677	3998
9641	1.76618235776271	3999
26512	1.76429972941358	4000
165679	1.76414983756265	4001
7991	1.76393870219436	4002
51256	1.76358990348857	4003
64801	1.76304051407649	4004
7001	1.7628507279991	4005
55835	1.76193518752703	4006
11035	1.76169783295649	4007
148823	1.76111646307009	4008
54821	1.75929708921115	4009
54434	1.7587961017149	4010
85369	1.75861936921518	4011
339451	1.75845438799701	4012
90362	1.75837038577394	4013
55829	1.75821983930205	4014
8382	1.75804119569669	4015
2175	1.75695199463929	4016
3020	1.7564384349037	4017
50805	1.75610553345329	4018
79446	1.75600044839328	4019
59	1.75473236146019	4020
6787	1.75413441486302	4021
100506776	1.753831444211	4022
4298	1.75373381010771	4023
567	1.75344383689131	4024
10248	1.75186846265198	4025
255027	1.75152238335322	4026
29789	1.75146207130552	4027
51097	1.751381640045	4028
2550	1.75124082104454	4029
644623	1.75067479903529	4030
387893	1.74959788027493	4031
10446	1.74879973441711	4032
10237	1.74864790289599	4033
153745	1.74820126063125	4034
55619	1.74734709520303	4035
284739	1.74660583121231	4036
8927	1.74642237084779	4037
55272	1.74599976725261	4038
7216	1.74517066303593	4039
51761	1.74495588599726	4040
105377320	1.74449124345388	4041
105374809	1.74286497027969	4042
339221	1.74286235843894	4043
284358	1.74249978938336	4044
4172	1.74189493478349	4045
54978	1.74170138727667	4046
3889	1.74150760165415	4047
57210	1.74013531460861	4048
143279	1.73832868802216	4049
100507431	1.73774978942321	4050
6899	1.73738122732023	4051
57537	1.73598810426083	4052
9946	1.73501958166875	4053
6472	1.73389262143235	4054
26226	1.73373161353563	4055
27236	1.73332967270892	4056
10576	1.73267710855349	4057
85441	1.73212740556784	4058
10430	1.73150845881872	4059
129607	1.72947617450122	4060
284352	1.72908423268126	4061
6671	1.72734723517501	4062
441208	1.72644574689485	4063
89944	1.7264244692315	4064
1281	1.72631437964825	4065
5970	1.72556479303036	4066
7533	1.72481091890313	4067
6469	1.72471247193656	4068
11081	1.72447047850463	4069
255520	1.72402404859936	4070
105374937	1.72335230647014	4071
377677	1.7232013533962	4072
91683	1.72311720606377	4073
126133	1.72269904995461	4074
5414	1.72222557697885	4075
6618	1.7220545256546	4076
23154	1.72175295831692	4077
56253	1.72174148757821	4078
11013	1.72086672754135	4079
133022	1.72073370314439	4080
7442	1.7200377457556	4081
5613	1.71994733907736	4082
91775	1.7198695042864	4083
7289	1.71932314708781	4084
26146	1.71930591274954	4085
126328	1.71919787966235	4086
51030	1.71855010291087	4087
54865	1.71850686657218	4088
201456	1.7179590718243	4089
56000	1.71777503684869	4090
9509	1.71722176994328	4091
83855	1.71718138702556	4092
203197	1.71700392864775	4093
23556	1.71630445364401	4094
3918	1.71615572750346	4095
2968	1.71568098311967	4096
4335	1.71408270727836	4097
105378146	1.71388887990693	4098
64108	1.71379246638824	4099
10567	1.71370845784882	4100
84336	1.71357484085991	4101
162427	1.71272396597537	4102
202781	1.71173320646428	4103
55744	1.71141115603113	4104
83394	1.71007484015164	4105
7857	1.70947022652823	4106
23499	1.70934510655474	4107
5445	1.7086869857743	4108
403	1.70866439643987	4109
1981	1.70856057060358	4110
27097	1.70812149121249	4111
84270	1.70799473974031	4112
80853	1.70778882020685	4113
51043	1.70661812863906	4114
786	1.70660096127551	4115
10940	1.70653611530224	4116
56341	1.7063060855854	4117
146723	1.70446593065634	4118
57733	1.70418173837212	4119
9609	1.70414547425165	4120
8878	1.70379862041222	4121
84747	1.70293517433887	4122
54806	1.70274279396636	4123
100128176	1.70187600188984	4124
26502	1.70121419763009	4125
256223	1.70103400815881	4126
871	1.70062979296642	4127
57577	1.70026645613449	4128
57198	1.70000072542653	4129
55034	1.69943049419526	4130
55213	1.69874621861887	4131
10616	1.6985711268248	4132
1825	1.69848098610294	4133
143458	1.69817429755975	4134
6482	1.69759057135155	4135
7553	1.69698062069953	4136
5214	1.69675472311552	4137
387	1.69594233920005	4138
9806	1.69533454058511	4139
9836	1.69500497778264	4140
9146	1.69444067286874	4141
124359	1.69387789018843	4142
3685	1.69336799377417	4143
25912	1.69319682368274	4144
105378753	1.69311663644424	4145
55780	1.69186056184543	4146
10016	1.69151646011555	4147
85028	1.69022410318379	4148
7013	1.68956139141101	4149
54472	1.68888062751193	4150
105369360	1.68832461660165	4151
151126	1.68789474854555	4152
3265	1.68668059264037	4153
9274	1.68447309681121	4154
4117	1.684012653318	4155
11332	1.68396344454882	4156
257177	1.68390955956898	4157
23271	1.68372262132363	4158
730094	1.68318420931577	4159
440193	1.68282613059253	4160
283521	1.68220251117219	4161
57829	1.68120664939531	4162
6505	1.68073112900964	4163
4283	1.6802808245117	4164
51149	1.68026243983395	4165
64798	1.67996124692022	4166
7024	1.67925464806431	4167
89790	1.67915847504999	4168
54819	1.67904386545964	4169
3187	1.67880535355051	4170
55585	1.67878543221181	4171
91603	1.67847154764973	4172
116842	1.67820267806348	4173
5251	1.6775808174742	4174
148398	1.67742388149986	4175
55671	1.67651780461499	4176
105374258	1.67635653210533	4177
84251	1.67619726319161	4178
100128511	1.67538338077385	4179
81614	1.67509879740349	4180
4548	1.67451803035426	4181
9761	1.67446473888266	4182
1548	1.6744072909894	4183
26100	1.67379809042492	4184
100507650	1.6737354947195	4185
84622	1.67320017198207	4186
7741	1.67294965192874	4187
728485	1.67170162694473	4188
388327	1.67159520743083	4189
27334	1.67134281379942	4190
5408	1.67129887304083	4191
171177	1.67117467549493	4192
54463	1.67068421588365	4193
124446	1.67050065225869	4194
6508	1.67024499911955	4195
100506211	1.67022500935415	4196
6273	1.66974015335244	4197
27248	1.66971334748562	4198
10630	1.66936778272097	4199
154288	1.66901066991676	4200
55534	1.6674283176089	4201
55623	1.6672183506959	4202
55005	1.66567118430818	4203
6188	1.66519093016326	4204
90639	1.66488671675412	4205
89890	1.66467990600808	4206
90246	1.66436126259199	4207
440288	1.66391456770231	4208
29121	1.66299275524392	4209
741	1.66277074367875	4210
4325	1.66248148901869	4211
374383	1.66190998317256	4212
151473	1.66181819875088	4213
10911	1.65986587290954	4214
339352	1.65946673161253	4215
100126793	1.65890158007497	4216
84902	1.65883274472688	4217
1571	1.65806392800376	4218
3418	1.65801221353833	4219
79053	1.65792841997554	4220
587	1.65764614009723	4221
10753	1.65718833495688	4222
9965	1.65618525329451	4223
90161	1.65559767273681	4224
9547	1.65519962837766	4225
255231	1.65516492836143	4226
90594	1.6549620230819	4227
10514	1.65491542816612	4228
115992	1.65453155105919	4229
435	1.65423907551098	4230
613126	1.65400954801487	4231
79142	1.65283730368849	4232
80215	1.6526756573025	4233
8638	1.65233912612744	4234
51312	1.65054811012838	4235
140809	1.6504174127365	4236
51339	1.64976554306127	4237
400128	1.64939706198153	4238
79660	1.64934759178012	4239
55112	1.64897775136239	4240
25782	1.64846287874269	4241
79612	1.64830041681021	4242
645369	1.64810351823794	4243
50838	1.64809541388028	4244
5189	1.64765637622988	4245
760	1.64690789481645	4246
146050	1.6467545356684	4247
5696	1.64573677117682	4248
105369343	1.64509078930484	4249
9657	1.64478799932631	4250
150596	1.64474919339705	4251
9631	1.64336631115362	4252
9037	1.64334933367235	4253
9585	1.64176208607415	4254
161253	1.64164872764265	4255
1557	1.64162427596178	4256
9777	1.64133327682038	4257
91875	1.64079302911356	4258
8100	1.6403369495198	4259
7709	1.63766130262261	4260
89869	1.63716381933351	4261
132001	1.63675577759796	4262
23596	1.63666893356564	4263
25814	1.636358199964	4264
58492	1.63575186576772	4265
200035	1.63560066272225	4266
29929	1.63534184617383	4267
51513	1.63460315305813	4268
56910	1.63455586824729	4269
5610	1.63432119803031	4270
9688	1.63371349525127	4271
26060	1.63227798251489	4272
196792	1.63166308620373	4273
56929	1.63079349330098	4274
84671	1.62980635386466	4275
1298	1.62971697422523	4276
100271722	1.62968023016296	4277
101060691	1.62963906430437	4278
644794	1.62895922085907	4279
201895	1.62891622395797	4280
51143	1.62817981502137	4281
100996654	1.62798641275325	4282
149111	1.62692185996188	4283
129530	1.62685836749468	4284
7549	1.62652399144267	4285
7046	1.62590209989484	4286
390916	1.62543781370619	4287
6398	1.62526449574946	4288
1399	1.62517311119066	4289
129049	1.62476628646102	4290
56155	1.6240579049823	4291
6314	1.62265124985328	4292
11122	1.62134280015943	4293
119559	1.6211382401188	4294
10903	1.62101673566212	4295
55069	1.62078364343073	4296
22846	1.62058223974634	4297
4090	1.62049748323976	4298
3676	1.62034695191952	4299
89849	1.62028513364083	4300
23506	1.62016111447571	4301
100288656	1.61998458109398	4302
85406	1.61990718234785	4303
166968	1.61960631196084	4304
9988	1.61932631995467	4305
101927263	1.61879026008444	4306
51684	1.61813607073063	4307
253943	1.6177542946318	4308
63875	1.61698557915864	4309
22907	1.61656943424252	4310
220359	1.61617367424056	4311
283464	1.61547931894493	4312
6664	1.6149311485627	4313
155185	1.61448207027537	4314
51631	1.61424238005947	4315
124056	1.61419946522472	4316
6782	1.61409309278993	4317
26261	1.61408531222137	4318
10844	1.61303438694082	4319
101929774	1.61250061311467	4320
6903	1.61225127901913	4321
54867	1.61187928701385	4322
5429	1.61170372931112	4323
340533	1.61133793394083	4324
55888	1.61051937881713	4325
22801	1.60940996049542	4326
10061	1.60930135800982	4327
22904	1.60731449192515	4328
84542	1.60716868338846	4329
727897	1.60660467199771	4330
100506990	1.60638289000711	4331
3236	1.60437185545004	4332
339479	1.60422195579022	4333
643714	1.60265138693772	4334
8372	1.60236442510091	4335
51427	1.60216018205159	4336
490	1.60168699149338	4337
7748	1.60094655190681	4338
26001	1.60071242160822	4339
196513	1.59975465469126	4340
79175	1.5986771243942	4341
27113	1.59848222440097	4342
84951	1.59845628437147	4343
389812	1.5983224846593	4344
163255	1.59827491573627	4345
23190	1.59813096967102	4346
5709	1.59745472893734	4347
100507117	1.59594675500221	4348
55609	1.5951049205448	4349
5930	1.59502097672717	4350
81037	1.59479871078987	4351
51528	1.59477460214911	4352
3336	1.59378615372382	4353
79993	1.59315308355479	4354
54973	1.59255648044767	4355
106736475	1.59184305768465	4356
29902	1.59154719296657	4357
91179	1.59075644078351	4358
115362	1.59056694413274	4359
29126	1.59043909800222	4360
3120	1.59012911292941	4361
10476	1.59001618852659	4362
116442	1.59000101836647	4363
56916	1.58995368566418	4364
23428	1.58977454594453	4365
55617	1.58971831730459	4366
10865	1.58909395823798	4367
91	1.58909364346391	4368
100507670	1.58903168880074	4369
51091	1.5884712071783	4370
387882	1.58796372399135	4371
79850	1.58688489535604	4372
5777	1.5855530078053	4373
92579	1.5847341594152	4374
1747	1.58460901166629	4375
7694	1.58438788956558	4376
401548	1.58430290209588	4377
9658	1.58332557256052	4378
3093	1.58279517549474	4379
43849	1.58180553718059	4380
147968	1.58100368524132	4381
51634	1.5805104100012	4382
56950	1.5802267589932	4383
8890	1.57987995921454	4384
25798	1.57972872081037	4385
9880	1.57963347983455	4386
79882	1.57892205466384	4387
10312	1.57855556817247	4388
64080	1.57769966411155	4389
253039	1.57670971983431	4390
51237	1.57595127207243	4391
55814	1.57557628982337	4392
84188	1.57522981685536	4393
81579	1.57516883933748	4394
7518	1.57466539271483	4395
105416157	1.573942982656	4396
321	1.57318545772394	4397
8570	1.57226192398665	4398
5303	1.57137641155053	4399
3652	1.56932700161275	4400
55793	1.56915708667673	4401
9739	1.56856408691834	4402
101927237	1.5680864334678	4403
138948	1.56774716254106	4404
3646	1.56692016669409	4405
102723099	1.56687800427063	4406
3021	1.56647590048714	4407
153733	1.56628264067536	4408
8859	1.56602785357827	4409
9764	1.56484581467635	4410
94081	1.56402283760513	4411
219285	1.5639409016621	4412
342892	1.56366070671708	4413
26960	1.56333457960864	4414
10899	1.56294858815303	4415
26052	1.56279070842953	4416
25903	1.56246440691327	4417
54965	1.56215728454977	4418
338667	1.56118656191454	4419
9804	1.56114881128518	4420
60343	1.56031288185476	4421
6282	1.55926425771591	4422
26775	1.55876183836128	4423
23114	1.55849625051629	4424
8620	1.55808847962578	4425
169714	1.55708411853265	4426
105379173	1.55693572282536	4427
9580	1.55669210556985	4428
9684	1.55660955007023	4429
27094	1.55549889192519	4430
6872	1.55532977888258	4431
79811	1.55486216170076	4432
349114	1.55391846434761	4433
57186	1.55291598263994	4434
79589	1.55272912378889	4435
80817	1.55206220742293	4436
30001	1.55165336050194	4437
10230	1.5511740113144	4438
3899	1.55056176097224	4439
631	1.55050768405877	4440
286319	1.54976352150625	4441
4726	1.54930050667565	4442
10961	1.54915531646877	4443
79885	1.5491522765635	4444
60314	1.54765493180906	4445
81889	1.54651135258713	4446
5016	1.54569558418641	4447
953	1.54500727369635	4448
23262	1.54480655872869	4449
84000	1.54474954724785	4450
246330	1.54408045246721	4451
91057	1.54402986911185	4452
166979	1.54353521424772	4453
692205	1.54338536187439	4454
80150	1.54313401748981	4455
64777	1.54263277154463	4456
9902	1.54225730278944	4457
200185	1.54216227633153	4458
79171	1.54201114506446	4459
55192	1.54193533781352	4460
25829	1.54135574968598	4461
11251	1.53987956987364	4462
51706	1.53913497672043	4463
105373942	1.5390184665225	4464
55608	1.53870025027818	4465
653149	1.53845324974719	4466
83479	1.53666952786277	4467
4060	1.53619745649541	4468
100507389	1.53520406739171	4469
10570	1.53496052224405	4470
10657	1.53482713239586	4471
1802	1.53470703579325	4472
84253	1.53466259637815	4473
26751	1.53385382098503	4474
64792	1.53382390428221	4475
146212	1.53241093318388	4476
83596	1.53141978632201	4477
57333	1.53141791523862	4478
3854	1.53122837359509	4479
25836	1.53069759060182	4480
7257	1.53024721705868	4481
57097	1.52910546874208	4482
639	1.52788505759228	4483
10654	1.52728748596327	4484
9909	1.52695319519609	4485
51070	1.52693336049113	4486
284716	1.52686980274301	4487
5270	1.52674187019662	4488
9670	1.52658565664564	4489
128308	1.52591519890091	4490
6714	1.52560699012185	4491
54443	1.52560022700162	4492
10819	1.52506423733015	4493
3433	1.5249634500301	4494
151354	1.52487068312601	4495
100507062	1.52400896487923	4496
3692	1.52335667140553	4497
117155	1.52317050792383	4498
10675	1.5231380315767	4499
11336	1.52235875338049	4500
55785	1.52224678947215	4501
11136	1.52099183147793	4502
11182	1.52093553486403	4503
84074	1.52000112246402	4504
51535	1.51998682587412	4505
10332	1.51969913671863	4506
2010	1.51956401945137	4507
64788	1.51921132601981	4508
728568	1.51911573084811	4509
525	1.51836095978525	4510
9683	1.51789499864354	4511
56848	1.51603482372809	4512
113878	1.51541101339579	4513
113189	1.51475130089565	4514
10002	1.51451613946456	4515
9022	1.51392730542282	4516
158158	1.51239162108963	4517
84460	1.51156658228942	4518
3916	1.51149614058219	4519
54852	1.51083219027005	4520
8650	1.51005814773098	4521
349152	1.50999281939706	4522
6092	1.50982619888396	4523
5801	1.50977404357866	4524
4693	1.50917016895926	4525
130888	1.50859111901901	4526
11270	1.50849166864826	4527
57795	1.50824960073144	4528
338324	1.50719928185877	4529
2660	1.50710400198439	4530
9338	1.50693986812387	4531
22818	1.50660887469636	4532
11062	1.50637366955617	4533
50512	1.50567390323116	4534
8704	1.50531982538123	4535
10273	1.50451741758312	4536
2215	1.50449400282325	4537
84174	1.50241602096593	4538
6141	1.5022414821014	4539
5174	1.50130101415162	4540
2635	1.50107374814146	4541
5507	1.50016730897333	4542
80745	1.49969268753484	4543
127255	1.49865380695229	4544
79624	1.49837272069959	4545
57118	1.49835265466765	4546
1059	1.49824575452037	4547
51078	1.49805550128932	4548
157869	1.49792394795925	4549
84900	1.49756491937993	4550
260293	1.49740168226002	4551
10454	1.4970205661525	4552
56946	1.49697081549571	4553
1362	1.49649930765322	4554
147912	1.49642284082113	4555
55066	1.49631973656514	4556
100507501	1.49550787992177	4557
10879	1.49532352862214	4558
60685	1.49480708285035	4559
10408	1.49300068967732	4560
105376100	1.49282268299903	4561
80155	1.49210105512708	4562
23625	1.49179781057231	4563
9486	1.49159561852344	4564
3872	1.49128993830246	4565
373863	1.49016576016619	4566
80724	1.49015347650351	4567
26056	1.49006352752591	4568
9692	1.48985262172288	4569
503519	1.48938028032161	4570
171023	1.48854334621808	4571
126295	1.48835102125305	4572
692247	1.48829285914573	4573
53335	1.48817572863668	4574
101927994	1.48739074331868	4575
101928419	1.48724386393223	4576
256933	1.48724374159386	4577
641977	1.48723650927951	4578
1746	1.48665127216168	4579
2873	1.48648791366973	4580
23516	1.48561936824834	4581
105370941	1.48555803020273	4582
147339	1.48525896875705	4583
51244	1.48359340213227	4584
11132	1.48354289388655	4585
101927330	1.48351043520883	4586
79751	1.48335987166161	4587
116071	1.48335593953645	4588
2804	1.48286051834613	4589
642938	1.48236700287022	4590
199800	1.4819949990286	4591
84727	1.48165385589319	4592
64135	1.48142336757964	4593
5228	1.48086375208422	4594
338339	1.48060450612366	4595
9019	1.48060328359202	4596
221662	1.48024579474749	4597
8683	1.47929391869751	4598
9644	1.47898677956455	4599
10469	1.47888507071068	4600
157855	1.47848927291589	4601
51141	1.47845932984298	4602
5288	1.4774077956839	4603
30849	1.47597899203593	4604
100873954	1.47583024884497	4605
84918	1.47533911714934	4606
284018	1.47487620901536	4607
6774	1.47471819669184	4608
57498	1.47436094525579	4609
6251	1.47430616487518	4610
3158	1.47411908326435	4611
5723	1.47299347734928	4612
400027	1.4729165889306	4613
404093	1.47240985175231	4614
134121	1.47231761309646	4615
221037	1.47199209415789	4616
6183	1.47181757135259	4617
101930112	1.47160508393687	4618
100507419	1.47147440945163	4619
27294	1.47126056940339	4620
55247	1.47077573514982	4621
268	1.4703963472081	4622
79673	1.46891766802854	4623
6480	1.46835424850753	4624
54439	1.46833035606532	4625
57179	1.46826971036594	4626
9855	1.46807656303279	4627
26035	1.4680382542019	4628
494514	1.46769141836196	4629
4363	1.46730463304868	4630
10788	1.46704540588748	4631
55167	1.46698744391081	4632
51095	1.46681771049489	4633
25809	1.46606213341714	4634
201501	1.46575121706198	4635
91149	1.46532115717982	4636
9889	1.4647217272453	4637
260434	1.46362294320323	4638
80790	1.46330188344964	4639
55102	1.4629482738763	4640
6734	1.46283539978249	4641
219902	1.46253671067239	4642
114880	1.46235991794573	4643
57453	1.46050383164731	4644
60558	1.46043270852656	4645
10459	1.46042492189279	4646
100289092	1.46012130180815	4647
130617	1.45984663862374	4648
8945	1.45940531776491	4649
60490	1.45938596550608	4650
6626	1.45922892551222	4651
139628	1.45880967650039	4652
81890	1.45873329531716	4653
3423	1.45869616912952	4654
8518	1.45764272468783	4655
79990	1.45752786057642	4656
3263	1.45733824889281	4657
55039	1.45730436256728	4658
400500	1.45707034302423	4659
1493	1.45662783029558	4660
5625	1.45653195772496	4661
93185	1.45644037839651	4662
10634	1.45471718521025	4663
131408	1.45435446366416	4664
25988	1.45402297550714	4665
3081	1.4540031903339	4666
10890	1.45390070637742	4667
84461	1.45366420520712	4668
2672	1.45342015366319	4669
127933	1.45294910016999	4670
84915	1.45277529992452	4671
6857	1.45262915734054	4672
102724156	1.45241607149121	4673
7770	1.45232681295475	4674
4488	1.45178779109172	4675
138307	1.45138569030547	4676
55512	1.45113539827294	4677
3892	1.44996879424724	4678
23316	1.44934420129769	4679
84525	1.44915409984645	4680
80167	1.44912919214319	4681
7157	1.44832686712415	4682
56927	1.44726410719612	4683
22872	1.44697450034761	4684
939	1.44606573741301	4685
5955	1.44593483302278	4686
339123	1.44568376339983	4687
8645	1.44563800152957	4688
51611	1.4450822080908	4689
129881	1.44434734800444	4690
118425	1.444156169063	4691
1236	1.4438005149613	4692
10687	1.44368696502532	4693
174	1.44354779283021	4694
84061	1.44243996841585	4695
100170841	1.44234462628119	4696
83959	1.44231460564121	4697
114787	1.44199431376578	4698
145864	1.44162859864943	4699
84812	1.44145770722585	4700
91304	1.44143869210842	4701
5431	1.44065151513453	4702
340544	1.44035505789304	4703
440905	1.44033786587319	4704
101928697	1.44029229831509	4705
105372520	1.44012373626735	4706
26002	1.44005339761359	4707
399671	1.43912697165322	4708
352961	1.43899118061034	4709
5268	1.43871178575273	4710
29999	1.43834207670446	4711
10660	1.43727311661106	4712
9879	1.43631481438283	4713
80307	1.43628919066111	4714
63917	1.43619994265212	4715
25817	1.43588609666627	4716
202018	1.4357167935018	4717
898	1.43569286719571	4718
55173	1.43526424501749	4719
29843	1.43503921308174	4720
100270804	1.43378646593491	4721
84777	1.43375608939144	4722
8578	1.43333594261487	4723
7498	1.43314719971309	4724
59277	1.43286573313057	4725
26073	1.43249680429242	4726
143684	1.43235464895856	4727
80174	1.43232102258552	4728
116966	1.42995605040117	4729
10914	1.42995213852289	4730
8992	1.42989616620687	4731
284900	1.42891727108406	4732
92104	1.42886322350043	4733
7036	1.42818297200746	4734
140880	1.42810047333358	4735
133686	1.42738298651259	4736
6352	1.4273816124716	4737
90268	1.42713610701244	4738
3430	1.42655612141908	4739
57610	1.42648912468417	4740
100506475	1.4258698036616	4741
8731	1.42530946769021	4742
79906	1.42514812001446	4743
55870	1.42492667300706	4744
285878	1.4242112883821	4745
374977	1.42395639455116	4746
54940	1.4239277807477	4747
9562	1.42385067057234	4748
55732	1.42366853232895	4749
161394	1.42330058360784	4750
7768	1.42320437423672	4751
51540	1.42221976411322	4752
283435	1.42168078400722	4753
27098	1.42115526762436	4754
643355	1.42006782126782	4755
6451	1.41999822267139	4756
1594	1.41861902416851	4757
85407	1.41842641219874	4758
2782	1.41813637052125	4759
80314	1.41798927506788	4760
54970	1.41735870535288	4761
79413	1.41735717767678	4762
26122	1.41708299085926	4763
84930	1.41653856882993	4764
7100	1.41572168495837	4765
56133	1.41557415609634	4766
79015	1.41540908900719	4767
114879	1.41518302182698	4768
2001	1.41514828056705	4769
10955	1.41476581511208	4770
284233	1.414708112945	4771
2739	1.41397075388919	4772
7804	1.41366917060263	4773
123811	1.41309312449263	4774
91283	1.41301391282622	4775
10472	1.41300574345993	4776
7358	1.41264437764527	4777
100628315	1.41244150065165	4778
81691	1.41185179217257	4779
535	1.41161048309535	4780
389	1.41116072571072	4781
126204	1.41060647558354	4782
51259	1.40989889403702	4783
9969	1.4097540891129	4784
101927166	1.40971794565402	4785
158787	1.40875273221322	4786
2833	1.40817082492127	4787
2239	1.4074118134504	4788
101928510	1.40713257052195	4789
5158	1.40693390455565	4790
10650	1.4063325835714	4791
60493	1.40615604164326	4792
1917	1.40589408762798	4793
442213	1.40578886951557	4794
79879	1.40494330816824	4795
55852	1.40453939840561	4796
441355	1.4044535957437	4797
729506	1.40436234398821	4798
338657	1.40378095401567	4799
105373098	1.40344097857654	4800
6917	1.40329095174886	4801
105371374	1.40286899104383	4802
11339	1.40258742451052	4803
29119	1.40258058371301	4804
9079	1.40201813849998	4805
440087	1.40149865269408	4806
29946	1.40115004295372	4807
10296	1.40095602082576	4808
55324	1.40048561385319	4809
2294	1.4002509483551	4810
164656	1.39995803146376	4811
129450	1.39983827819033	4812
25876	1.39964732513383	4813
9255	1.39939457361448	4814
57180	1.39923895659775	4815
100128537	1.39874748820356	4816
5585	1.39874524112433	4817
64342	1.39863242773031	4818
10250	1.3979627352924	4819
100506343	1.39787236903251	4820
84219	1.39777165620167	4821
54929	1.39715611325273	4822
26010	1.39702298337967	4823
80306	1.39680896575083	4824
1551	1.39624493170378	4825
9061	1.39605524248326	4826
3073	1.39577646134487	4827
51307	1.3956349000655	4828
100506769	1.39547142046951	4829
101928076	1.39485784500621	4830
7633	1.39472128542422	4831
54107	1.39462603644093	4832
10329	1.39448047759638	4833
100289678	1.39434084952616	4834
2077	1.39426467703136	4835
83882	1.39400771973076	4836
1022	1.39338463493418	4837
11198	1.3931150762316	4838
90379	1.39278816924001	4839
26022	1.39200836042726	4840
26058	1.39118887539014	4841
144124	1.39104422502307	4842
286128	1.39091813460573	4843
2288	1.39068838343474	4844
5250	1.38975470693235	4845
138162	1.38951345428951	4846
101927768	1.38941592182775	4847
3563	1.3888875235453	4848
2767	1.3887887972061	4849
80022	1.38877989433509	4850
285205	1.38850497776901	4851
9214	1.38791509856477	4852
8848	1.38770846944603	4853
121268	1.38678738778045	4854
4854	1.38661662491453	4855
5692	1.38637008475849	4856
23359	1.38452817409239	4857
10736	1.38417938419375	4858
5104	1.38393725067592	4859
10849	1.38378111696788	4860
1655	1.38284230670172	4861
283011	1.38244548668066	4862
3920	1.38212352534177	4863
255967	1.38203095802752	4864
54995	1.3820169664682	4865
286122	1.38192230890582	4866
57475	1.38167925308528	4867
8743	1.38166945952539	4868
140775	1.38113846393575	4869
6019	1.38103952054963	4870
10013	1.38080525357465	4871
4175	1.37930886103081	4872
100652740	1.37919206441754	4873
163590	1.37876452237576	4874
57533	1.37855097644417	4875
93082	1.37844903734274	4876
84303	1.37820860857555	4877
55036	1.37774648812687	4878
100505696	1.37754885310996	4879
283507	1.37705133294904	4880
3718	1.37681711650225	4881
51668	1.37661921537217	4882
126129	1.37624320693779	4883
11093	1.3761593406832	4884
93109	1.37584962259751	4885
102724593	1.37581045016014	4886
101928167	1.37574871565978	4887
138429	1.37541808298273	4888
100130855	1.37530742103417	4889
100128288	1.37503791749636	4890
3998	1.37459577372727	4891
7472	1.37428663621197	4892
28972	1.37422640600572	4893
55248	1.37376383049445	4894
84826	1.37369876529196	4895
56892	1.37363645642711	4896
3683	1.37341807616869	4897
114904	1.37302887098761	4898
7716	1.37285562088436	4899
100134229	1.37244335683351	4900
151648	1.37243942869174	4901
51571	1.37242734232693	4902
78998	1.372184000746	4903
285636	1.37210863192706	4904
59338	1.37122685514461	4905
285268	1.37102610519213	4906
3653	1.37100445653274	4907
6103	1.37083714116832	4908
100131067	1.37079567014629	4909
5216	1.37043058605122	4910
613	1.37013783201991	4911
132864	1.37000927922673	4912
6203	1.36914139720118	4913
93643	1.36910564098395	4914
5052	1.36810315855011	4915
51251	1.367609574093	4916
79684	1.36705907169624	4917
735301	1.36704437692477	4918
85456	1.36686799543272	4919
51027	1.36682462406273	4920
9177	1.36604461969741	4921
2487	1.36577467037142	4922
51150	1.36568442947789	4923
388552	1.36538014949314	4924
7167	1.36537846963803	4925
8444	1.36501402354201	4926
8636	1.36491829450642	4927
58189	1.3646736500575	4928
284340	1.36465411026106	4929
9047	1.36463225525335	4930
57539	1.36447254221572	4931
57578	1.36438860509902	4932
3732	1.36386641594772	4933
55709	1.36351802564755	4934
6891	1.3634998467677	4935
3757	1.36317791127384	4936
115811	1.36315147307792	4937
222008	1.36291573729302	4938
23412	1.36210292284882	4939
153478	1.36175348710754	4940
170960	1.36169124876507	4941
579	1.36115225155225	4942
10492	1.36108976408946	4943
79934	1.36022660957573	4944
9531	1.35985012187133	4945
10651	1.35974878858621	4946
414918	1.35903752875766	4947
3712	1.35847911053296	4948
162655	1.3584760152939	4949
101927992	1.35830361225984	4950
2245	1.35825983008152	4951
58	1.35816181840299	4952
10728	1.35694459873643	4953
10863	1.3567885943948	4954
11285	1.35470929646504	4955
55577	1.35435889588911	4956
167838	1.35418477276106	4957
2886	1.35394527987735	4958
57558	1.35391848961268	4959
80714	1.3536636735729	4960
149478	1.35291986359223	4961
107986876	1.35215816193228	4962
40	1.35205166112536	4963
10293	1.35111063338699	4964
200916	1.35085499501542	4965
10196	1.35007180506553	4966
7867	1.35003198555273	4967
10869	1.34979575815139	4968
25873	1.34905601955631	4969
3760	1.34877879358471	4970
84720	1.34834208393999	4971
140465	1.34832525488166	4972
101929297	1.34805842895757	4973
51174	1.3480346351397	4974
3003	1.34771720685117	4975
10278	1.34767767492502	4976
55255	1.34763739346625	4977
123722	1.34763559654031	4978
83690	1.34738653507027	4979
23144	1.34697787663631	4980
2589	1.34663206665826	4981
5318	1.34656895040344	4982
57622	1.34638910460449	4983
6707	1.34592753020405	4984
101930081	1.34590708876737	4985
4650	1.34583951738732	4986
139341	1.34510085900811	4987
79848	1.34498507919183	4988
79644	1.34487431506279	4989
647190	1.34455606559097	4990
1327	1.34370542422016	4991
64598	1.34370495859352	4992
147081	1.3435695194201	4993
319103	1.34324869308604	4994
116988	1.34294107914006	4995
79861	1.34275956875819	4996
170690	1.34262997296998	4997
100506406	1.3424837530871	4998
271	1.34177826803115	4999
51605	1.34116590350986	5000
338440	1.34097993376515	5001
84656	1.34094582424805	5002
2562	1.3405198322064	5003
102723694	1.34010977001716	5004
57604	1.33996700008946	5005
55669	1.33980606776184	5006
5699	1.33973673082041	5007
6731	1.33955862433519	5008
6596	1.33901313461836	5009
9229	1.33821502336608	5010
6015	1.33821023481388	5011
8677	1.33802253433792	5012
23523	1.33782291133952	5013
8838	1.33744640132073	5014
55314	1.33729921862373	5015
29978	1.33698337701847	5016
9156	1.33684868051391	5017
55859	1.33656388515282	5018
154790	1.33643501927744	5019
923	1.33638295595169	5020
10321	1.33615871532924	5021
130940	1.33591327537825	5022
8292	1.33528704073929	5023
100507277	1.33490485213108	5024
83593	1.33470127643481	5025
118424	1.33433138859001	5026
103091865	1.33404959412136	5027
84687	1.33374753025289	5028
79979	1.33367909987452	5029
147685	1.33365586466543	5030
203100	1.33359643728455	5031
2299	1.33283661419689	5032
538	1.33258346924165	5033
161882	1.33239280784902	5034
1642	1.33211510250369	5035
1263	1.33187930531377	5036
6532	1.33177793211925	5037
148156	1.33032361276313	5038
153090	1.32968417012538	5039
152217	1.32887478399931	5040
441027	1.32868573783243	5041
85439	1.32789667097655	5042
3662	1.32751372961729	5043
266553	1.3274950368428	5044
55065	1.32742386852355	5045
90864	1.32714569661433	5046
154881	1.32709287308433	5047
105369154	1.32685739865859	5048
22876	1.3267884506659	5049
5425	1.3266857170349	5050
283345	1.3262668465106	5051
80823	1.32610149967986	5052
81932	1.32591215323474	5053
102723927	1.32478159748646	5054
112812	1.32403273129738	5055
29070	1.32385208807184	5056
284837	1.32365799523169	5057
84547	1.32359621771856	5058
25823	1.32329230944184	5059
256236	1.32230228665237	5060
55858	1.32224592156439	5061
2805	1.32143091380708	5062
340267	1.32120288410537	5063
101927870	1.32051021184082	5064
1591	1.32031549295319	5065
112840	1.32031112327025	5066
154075	1.32014787933966	5067
121551	1.32003305903443	5068
26033	1.31939253425178	5069
125206	1.3192042294598	5070
147138	1.31895385299183	5071
27173	1.31867266158107	5072
54456	1.31853910695008	5073
9612	1.31785783647943	5074
51094	1.31765017840108	5075
26255	1.31711975617246	5076
23435	1.31711934745516	5077
284029	1.31705575024993	5078
1663	1.3165852182098	5079
101929752	1.31587780098724	5080
23705	1.31583077921106	5081
222256	1.31481328837729	5082
1875	1.31392477344606	5083
84662	1.31390049867767	5084
79803	1.31386345743082	5085
4661	1.313560850835	5086
4261	1.31338049550171	5087
100132708	1.31334911059997	5088
120071	1.31326625923115	5089
28755	1.31287421406232	5090
4285	1.31258878008208	5091
203068	1.31123180000307	5092
7692	1.31027750822831	5093
60468	1.30984168471718	5094
4791	1.30971884283034	5095
5528	1.30906435805448	5096
9202	1.30896972530799	5097
3798	1.30887822044132	5098
2691	1.30875083008167	5099
10439	1.30748665546307	5100
5142	1.30745342435896	5101
3615	1.30731914345052	5102
55188	1.30720023194976	5103
11211	1.30705355267078	5104
23566	1.3062937687183	5105
29118	1.30576816293352	5106
54885	1.30566414108477	5107
25769	1.30541943897701	5108
494470	1.30534166417722	5109
8324	1.30512259691039	5110
10447	1.3050660589118	5111
64065	1.30487508347828	5112
5969	1.30482336423847	5113
5873	1.30482304246011	5114
10463	1.30428307838166	5115
7398	1.30413868380978	5116
3429	1.3039060637525	5117
100131755	1.30325616236849	5118
149465	1.30284747010611	5119
83448	1.30141935742027	5120
23481	1.3009758033587	5121
201299	1.30049253025126	5122
3853	1.30029309731544	5123
154150	1.30022693343393	5124
7802	1.2999242369515	5125
3185	1.29970176349648	5126
388753	1.29933922987201	5127
83732	1.29928653081012	5128
129563	1.29914384292005	5129
51272	1.29859637318157	5130
201853	1.29835039593199	5131
10713	1.29749015964681	5132
55614	1.29686878463827	5133
3852	1.29651778800976	5134
116064	1.29623488871693	5135
107986046	1.29608039745802	5136
84071	1.29596943256847	5137
83648	1.29552930587138	5138
1033	1.2949459011593	5139
28793	1.29425185823852	5140
100996579	1.2940719495349	5141
253639	1.29390482728687	5142
28514	1.2935701635937	5143
257236	1.29304217506417	5144
1087	1.29296805495791	5145
7226	1.29252316031708	5146
51230	1.29250868957385	5147
80128	1.29247636382261	5148
26118	1.29206349880665	5149
51105	1.29147780125236	5150
6667	1.28957713974899	5151
79919	1.28950044320972	5152
6911	1.28943400417255	5153
51710	1.28908942123854	5154
65265	1.28897169654796	5155
8646	1.28880365735243	5156
1632	1.28879806168806	5157
23584	1.28771791195048	5158
80208	1.28734639708935	5159
25851	1.28665589890199	5160
25973	1.2866138386214	5161
1325	1.28628354823629	5162
1633	1.28618657025255	5163
163033	1.28605240648596	5164
221150	1.28585294618676	5165
57492	1.28539234090968	5166
84503	1.2836638262632	5167
101929709	1.28249795173449	5168
126075	1.28234415118532	5169
144110	1.28195004217303	5170
5116	1.28172739749257	5171
105371692	1.28101184750298	5172
1209	1.28099021239523	5173
124245	1.28006023221951	5174
105377283	1.28005168840687	5175
84973	1.27973437360114	5176
163589	1.27868065018949	5177
3897	1.27859561724568	5178
219790	1.27855993917648	5179
203102	1.27844475499008	5180
8725	1.27819898843346	5181
345630	1.27793833685108	5182
1844	1.27720901475757	5183
270	1.27704991629971	5184
54903	1.27680833880918	5185
10263	1.27469099255014	5186
101930105	1.2743390440397	5187
5083	1.27377751478099	5188
158056	1.27309233479878	5189
113540	1.27285640067063	5190
51669	1.2724547514061	5191
3069	1.27232677843776	5192
10001	1.2715516506191	5193
7504	1.27057976912605	5194
105373085	1.27042404800741	5195
26343	1.27012526154581	5196
84911	1.2698602591291	5197
101928604	1.26977114187832	5198
100130967	1.2693619638792	5199
1081	1.26868125321367	5200
440356	1.26864536413752	5201
9637	1.26777876777862	5202
113000	1.26740422280911	5203
388507	1.26604932219214	5204
283635	1.26532995250239	5205
83742	1.26529204842706	5206
84665	1.26506267722932	5207
6583	1.26467678957696	5208
154313	1.26465059705084	5209
147007	1.26369730405913	5210
84539	1.26352165965821	5211
56477	1.26309044040271	5212
11031	1.26294832014383	5213
84632	1.26217771853424	5214
54896	1.26215770090593	5215
1286	1.26182297850227	5216
80772	1.26172758996446	5217
10129	1.26164717669705	5218
219771	1.26139148634998	5219
259307	1.26079789935378	5220
9780	1.26065171870236	5221
401577	1.26048667558939	5222
81551	1.25963401776498	5223
768096	1.25945529109738	5224
972	1.25940678236085	5225
79782	1.25869804729242	5226
124790	1.25869322188369	5227
26503	1.25798932107637	5228
54739	1.25792874777343	5229
284185	1.25792244435988	5230
22994	1.25790597827922	5231
2491	1.25712774466277	5232
58513	1.2570282958166	5233
121536	1.25683484091193	5234
9184	1.25640883374939	5235
7766	1.25626591338624	5236
154007	1.25610810787898	5237
101929268	1.25595985381273	5238
105374629	1.2555763351101	5239
80315	1.25459534613368	5240
79876	1.25454939370121	5241
2584	1.25380573754888	5242
7697	1.25339411900363	5243
55596	1.25285573072576	5244
10159	1.25281833070203	5245
80110	1.25251827085462	5246
126321	1.25091460030392	5247
65986	1.25086290667405	5248
27293	1.25065406045388	5249
283693	1.25064347875886	5250
54939	1.25055133747356	5251
677	1.25052420631122	5252
123264	1.2498426696811	5253
1400	1.24964415008164	5254
1154	1.24961896551133	5255
285150	1.24959477709037	5256
7148	1.24946734360133	5257
55101	1.24930721506486	5258
2319	1.24929792863129	5259
105371453	1.24909434860339	5260
56996	1.24792211139837	5261
90313	1.24759758101731	5262
27202	1.24640091770812	5263
2842	1.24621493269873	5264
64919	1.24611185307797	5265
129303	1.24591488984942	5266
79946	1.24585784277731	5267
246175	1.24584040481947	5268
84942	1.24550174250485	5269
4246	1.24531661212588	5270
150000	1.24505592703265	5271
7629	1.2441997483493	5272
143384	1.24394308352533	5273
27300	1.24307302106344	5274
29106	1.24247582128968	5275
6340	1.24246303002892	5276
51146	1.24234973478778	5277
126410	1.24199784260497	5278
25888	1.24182490298844	5279
5529	1.24165175083122	5280
5208	1.2411433489197	5281
645431	1.24108462905595	5282
128488	1.2410280232642	5283
112869	1.24068798906804	5284
200845	1.23930677113865	5285
79667	1.2390429963257	5286
100507395	1.2389980602581	5287
64005	1.23862470386231	5288
9058	1.23853763607086	5289
374403	1.23807704923407	5290
84317	1.23775765785425	5291
57496	1.23749895295136	5292
79041	1.23745435655457	5293
54059	1.2371111005338	5294
728606	1.23709683741571	5295
283284	1.23675500614967	5296
59348	1.23597299719838	5297
148231	1.2359519158668	5298
245812	1.2357177399368	5299
286101	1.23563989123713	5300
728621	1.23562760360286	5301
171523	1.23550010022038	5302
8564	1.2353537918515	5303
2297	1.2351466909794	5304
150244	1.23511332095449	5305
8939	1.23509820862551	5306
23005	1.2349169790743	5307
147645	1.23458084229281	5308
1861	1.2335076512394	5309
23157	1.2331341210272	5310
53637	1.23310235416962	5311
129880	1.23288236247574	5312
122618	1.23190745044716	5313
2717	1.231772125235	5314
23269	1.23103411643932	5315
10092	1.23077053489258	5316
23522	1.2305242358666	5317
55536	1.23051516951893	5318
9538	1.22989926121684	5319
1182	1.229066367988	5320
100499171	1.22893403148707	5321
84941	1.22876032727923	5322
23379	1.22862615261281	5323
55501	1.22829245597531	5324
23116	1.22763621998895	5325
253018	1.22717691951835	5326
100506714	1.22704906568297	5327
117608	1.22704296212056	5328
101752400	1.22688331254865	5329
285362	1.22661255877062	5330
285966	1.22525534591486	5331
51121	1.22505936725382	5332
23397	1.22427154875445	5333
9592	1.22417879767363	5334
339822	1.22323476975492	5335
84923	1.22321292086751	5336
29952	1.22202176164025	5337
147670	1.22188312380427	5338
87178	1.22125974776564	5339
643376	1.22119786135714	5340
65996	1.22058340464724	5341
54531	1.21993137175505	5342
1948	1.21944301361447	5343
5447	1.21931490295578	5344
10783	1.21897971990247	5345
23130	1.21773954192574	5346
285422	1.21722586250085	5347
9607	1.21623414615857	5348
10927	1.21584462942297	5349
8767	1.21519327526899	5350
5828	1.21458614595646	5351
3837	1.2141392299931	5352
6772	1.21412194109534	5353
101929064	1.21372792416152	5354
2046	1.21354029507259	5355
10130	1.21298555217198	5356
126208	1.21274509249604	5357
10721	1.21189424775482	5358
8823	1.21181396199688	5359
80342	1.21165609704115	5360
89866	1.21149039329077	5361
10217	1.21148748163546	5362
1173	1.21129259136579	5363
57732	1.21086728134731	5364
9400	1.2108605615728	5365
29842	1.21077909042539	5366
55672	1.2106226951426	5367
100874016	1.20982091572282	5368
83716	1.20967240869557	5369
9752	1.20959438581382	5370
160728	1.20916770647869	5371
4867	1.20892097255506	5372
6657	1.208551818525	5373
151295	1.20787336580187	5374
28908	1.20784344449743	5375
393	1.20740185793855	5376
84955	1.20733730907112	5377
91860	1.20729472719371	5378
79585	1.20716053602707	5379
23195	1.20671294031195	5380
29107	1.20665956510497	5381
10440	1.20661785639978	5382
400680	1.20619654480987	5383
79935	1.20599964056047	5384
11044	1.20599769503963	5385
9524	1.20550652682368	5386
100289410	1.20546257931577	5387
23515	1.20481338510978	5388
100506098	1.20481091166842	5389
5365	1.20438727384985	5390
285237	1.20405535744386	5391
100130522	1.20396751054346	5392
27092	1.20343303566934	5393
729515	1.20340537649649	5394
8000	1.20320691135568	5395
54620	1.20291329611104	5396
54935	1.20273587676928	5397
9128	1.20213299959316	5398
643911	1.2021213521351	5399
22984	1.20078675482283	5400
139728	1.20011201905292	5401
23013	1.19955014292103	5402
147409	1.19942273728569	5403
58486	1.1982584044229	5404
102800316	1.19808217182807	5405
400410	1.1976063519011	5406
576	1.19719624492347	5407
54553	1.19687811145439	5408
6494	1.1966683749423	5409
54102	1.19576649029627	5410
140606	1.19548928407791	5411
160857	1.19509418372379	5412
84260	1.19472399497583	5413
7182	1.19462711797794	5414
54474	1.19432264388128	5415
105375061	1.19432106076431	5416
4209	1.1934777948612	5417
5782	1.19345497004213	5418
51079	1.19341503984643	5419
138639	1.1929133711979	5420
90381	1.1928345108691	5421
1062	1.19251079151943	5422
246122	1.19249859767387	5423
6367	1.19246229056037	5424
729440	1.19222907092353	5425
148268	1.19194752447656	5426
572558	1.19191694675049	5427
113802	1.19162920744106	5428
5756	1.19019647147006	5429
79729	1.18990516168958	5430
10972	1.18987205062584	5431
1356	1.18972273831205	5432
100505666	1.18934161582235	5433
140838	1.18931705346766	5434
22809	1.1889381690997	5435
65980	1.18874619292096	5436
54502	1.1885302422577	5437
25830	1.18847852136995	5438
57534	1.18820985106161	5439
5689	1.18769921900729	5440
374	1.18752945562445	5441
8940	1.18648984421239	5442
100287497	1.18595555017271	5443
27314	1.18553946075647	5444
23098	1.18535566398603	5445
54883	1.18526966037889	5446
79939	1.18510437296042	5447
3241	1.1848701002574	5448
85021	1.18440873635993	5449
9881	1.18437032479032	5450
55304	1.18417367872039	5451
2256	1.18344194199691	5452
11143	1.18324992503983	5453
7639	1.1831902436754	5454
100505989	1.18312035613534	5455
6737	1.18137671287902	5456
10663	1.18089712868332	5457
84167	1.1807536436825	5458
63946	1.18053846766016	5459
57823	1.18048292451419	5460
1427	1.18019254024266	5461
375248	1.17999330281506	5462
64375	1.17929615121456	5463
11033	1.17923681855255	5464
7185	1.17905711578055	5465
54752	1.17900865152198	5466
160418	1.17880495636595	5467
57521	1.17840216152934	5468
128646	1.17808769072729	5469
219931	1.17800549079379	5470
56850	1.17774481835213	5471
83868	1.17770130948379	5472
171546	1.17749362732794	5473
4850	1.17749060812458	5474
91646	1.17688538600119	5475
11146	1.17675734651484	5476
11222	1.17667977061815	5477
1731	1.17621445679928	5478
55692	1.17615787611097	5479
2585	1.17584601982785	5480
2861	1.17564500727275	5481
57337	1.17541090812365	5482
9421	1.17535522108124	5483
57512	1.17506785007926	5484
284339	1.1749438587821	5485
360205	1.17458688916326	5486
55668	1.1744488827445	5487
158434	1.17408664883099	5488
53347	1.17405649401469	5489
80727	1.17368298584532	5490
255480	1.17322253244457	5491
401207	1.17312509605611	5492
4908	1.17266476783181	5493
11073	1.17265798469494	5494
650655	1.17250338812499	5495
26020	1.17223868567633	5496
3012	1.17169246314256	5497
116444	1.1714626276609	5498
2765	1.1705304065	5499
100506258	1.17017432411067	5500
2549	1.16939520764527	5501
4504	1.1689727137607	5502
6555	1.16889002148015	5503
115509	1.16872194864756	5504
60680	1.16863226319258	5505
10900	1.16827559275468	5506
9674	1.16741931832427	5507
285266	1.16617409639877	5508
23229	1.16592928229165	5509
51025	1.16456883557551	5510
283150	1.16437702425568	5511
6839	1.16420040576683	5512
63971	1.16371887179016	5513
94234	1.16326944866256	5514
51154	1.16284647767103	5515
6356	1.16270761725732	5516
9441	1.16228122900341	5517
51249	1.16221874455229	5518
80086	1.16214063903611	5519
54875	1.16198168933859	5520
54989	1.16103134036351	5521
25796	1.16033309110408	5522
5480	1.15980107437435	5523
101928314	1.15931558446136	5524
100505718	1.15902528070263	5525
105375650	1.15902353436577	5526
8887	1.1587088933856	5527
1855	1.15861756121473	5528
6363	1.15809159097861	5529
114770	1.15804407222476	5530
10613	1.15764639117008	5531
92105	1.15710107850642	5532
23639	1.15664954504446	5533
54957	1.15657827560071	5534
5564	1.15650436998333	5535
27229	1.15609795965739	5536
1465	1.15527501799166	5537
10023	1.1547787526226	5538
646282	1.15464358355761	5539
653390	1.15239333818816	5540
91523	1.15139979076657	5541
480	1.15085533661226	5542
542767	1.15013215343257	5543
196993	1.14990801189846	5544
54363	1.14965252242338	5545
5872	1.14948789612514	5546
84765	1.14937248949942	5547
123606	1.14925879738616	5548
256006	1.14901470249683	5549
3960	1.14815013937706	5550
83877	1.14809427397784	5551
56063	1.14792413167917	5552
54913	1.14776793579681	5553
157724	1.14768041413848	5554
10758	1.14726322694398	5555
253152	1.14723941680854	5556
30845	1.14699129776133	5557
28511	1.14559160692407	5558
64282	1.14554106950487	5559
282809	1.14478088747563	5560
79659	1.14435417466963	5561
162	1.14428497766786	5562
2571	1.14405635915367	5563
11151	1.14390984905625	5564
307	1.14370107118881	5565
2967	1.14356204083847	5566
7745	1.14315934737014	5567
4125	1.1430537660788	5568
197135	1.14280043423927	5569
7258	1.14262971527106	5570
8367	1.14253267906996	5571
4552	1.14229528085159	5572
6418	1.14220553604928	5573
147694	1.1421664238656	5574
55252	1.14175258540212	5575
55172	1.14078571318205	5576
116068	1.14000479419601	5577
7447	1.1393045836534	5578
81556	1.13873633661462	5579
112858	1.13834938459767	5580
5198	1.13819781548988	5581
864	1.13794487279958	5582
29851	1.13750032125037	5583
219970	1.1372239639861	5584
3858	1.13711958941545	5585
3881	1.13631538895993	5586
644192	1.13595486765776	5587
55230	1.13508475112892	5588
166815	1.13392230964027	5589
2931	1.13373502771993	5590
341019	1.13366082825813	5591
120224	1.13354459053149	5592
7791	1.13278465004185	5593
130367	1.13251771108035	5594
81669	1.1319616685408	5595
124402	1.13195852242661	5596
79039	1.13193900914307	5597
51447	1.13133417115813	5598
253982	1.13128650717084	5599
9908	1.13122042575831	5600
440117	1.13120620658783	5601
101927604	1.13078579540753	5602
220992	1.13014689681235	5603
1742	1.13012537525328	5604
8714	1.12975652209639	5605
5100	1.12952528884218	5606
7511	1.12945168163658	5607
127254	1.12879254821188	5608
79858	1.12742454813107	5609
51114	1.12724758980411	5610
2181	1.12701025095391	5611
92342	1.12666106490274	5612
54958	1.12645804834025	5613
51050	1.12606301335814	5614
286148	1.12593779366994	5615
653308	1.12568802519341	5616
5662	1.12493893634259	5617
143941	1.12431273160369	5618
117246	1.12394730303529	5619
2709	1.12357418052853	5620
56914	1.12356241608559	5621
56675	1.12295821525134	5622
6860	1.1223680704032	5623
4909	1.12229757176904	5624
57758	1.12107153135284	5625
23046	1.12084989578152	5626
10964	1.12067519577587	5627
11274	1.11940391323181	5628
84206	1.11930566742875	5629
8826	1.11925526273692	5630
8330	1.11896971687052	5631
647087	1.11876520628785	5632
54460	1.11805435057746	5633
255101	1.11788982367452	5634
285973	1.11692868891311	5635
730202	1.11684523522187	5636
100147773	1.11644102922697	5637
100129583	1.11643832977164	5638
4713	1.11594055321159	5639
1893	1.1156383482286	5640
282974	1.11563213294356	5641
51090	1.11544983072422	5642
154043	1.11543822762509	5643
55789	1.11535082719743	5644
4150	1.11529616154011	5645
161742	1.11499181172527	5646
204474	1.11440901072429	5647
7453	1.11401265303674	5648
187	1.11376466152381	5649
6773	1.11322691378885	5650
101929247	1.11286289222253	5651
1836	1.112124783885	5652
7403	1.11207403539814	5653
3174	1.11195795808693	5654
22864	1.11103054581957	5655
80723	1.11098835732617	5656
1620	1.11068102474061	5657
51510	1.11027087022106	5658
56649	1.11020492561871	5659
155368	1.10981435288336	5660
1515	1.10956186363628	5661
102723692	1.10954899123251	5662
23178	1.10889291104797	5663
58473	1.10866262801136	5664
80149	1.10854716556395	5665
140730	1.10822824732282	5666
152002	1.10806332630741	5667
3746	1.10780096682024	5668
57541	1.10672552700721	5669
3959	1.10624499899731	5670
103752554	1.10608501578948	5671
10677	1.10555076969865	5672
64216	1.1055507473607	5673
3895	1.10507928787116	5674
146754	1.10486968076537	5675
5144	1.10409066740631	5676
113220	1.10388491878902	5677
105374336	1.10369561260635	5678
55259	1.10340754548279	5679
164832	1.10300642258614	5680
79980	1.10267553810552	5681
140685	1.10237074994326	5682
4782	1.10211394895271	5683
3783	1.10187337267988	5684
6663	1.10171822735503	5685
10598	1.10169941467161	5686
3459	1.10146533894849	5687
8449	1.10142491114429	5688
22847	1.10122550791616	5689
101928378	1.10100129445298	5690
140766	1.10046678987522	5691
2987	1.10019507891639	5692
51561	1.09981743730067	5693
353355	1.09966573659321	5694
79961	1.09888030280832	5695
79050	1.09787418890806	5696
124221	1.09771375085606	5697
284498	1.09710544615934	5698
79709	1.09672806647481	5699
9648	1.09669762290126	5700
8643	1.09650212809204	5701
51177	1.09630977060346	5702
4040	1.0959479410534	5703
6616	1.09590100968942	5704
785	1.09579423015548	5705
84501	1.09569739686104	5706
8608	1.09472130071342	5707
8125	1.09415067550189	5708
27344	1.09411212846279	5709
55572	1.09402351139494	5710
5623	1.09375944166647	5711
135932	1.09370978913868	5712
7422	1.09200253662976	5713
118672	1.09088792311773	5714
79912	1.09074005385025	5715
9824	1.09057932703841	5716
150082	1.09055302333662	5717
2117	1.09047631503234	5718
23140	1.09038270616019	5719
8581	1.08952973801084	5720
23780	1.08952369873133	5721
64412	1.08951685063181	5722
440712	1.08914617105679	5723
286042	1.08911427854161	5724
64147	1.08878000165053	5725
100038246	1.08791092357893	5726
94107	1.08773909092449	5727
255082	1.08689289020616	5728
101927722	1.08647416470731	5729
751580	1.08631259568508	5730
10066	1.0859120856411	5731
1268	1.08565518967515	5732
3823	1.08432873371667	5733
9568	1.08430273772047	5734
8969	1.08355576807554	5735
1352	1.08285413098534	5736
5893	1.08283929914427	5737
79744	1.08269749143327	5738
100130776	1.08226060266075	5739
283755	1.08181098041058	5740
11254	1.08179993343121	5741
9947	1.08179943209752	5742
27077	1.08125282400705	5743
7380	1.08115642454047	5744
56983	1.08100871498329	5745
814	1.08054742927126	5746
84224	1.08053650067701	5747
55755	1.08020867374055	5748
9710	1.08012453646649	5749
3034	1.07992241992906	5750
10536	1.07990871647305	5751
645323	1.07976102320139	5752
1019	1.07975106997088	5753
9180	1.07947558745346	5754
23076	1.07938757890029	5755
254359	1.07902774645287	5756
100505621	1.07878487742575	5757
9462	1.07864379277904	5758
643711	1.07826987323038	5759
6792	1.07813147615688	5760
645676	1.07805828249002	5761
6557	1.07799042850852	5762
1288	1.07718211813922	5763
51651	1.07698855351229	5764
57232	1.07689495054068	5765
84932	1.07620101343624	5766
3795	1.07554417448448	5767
3713	1.07517369770956	5768
55330	1.0751285606252	5769
896	1.07496418895975	5770
55449	1.07485905223795	5771
79035	1.07386288146292	5772
10419	1.07366517168893	5773
26009	1.07363451721641	5774
4591	1.07359654429735	5775
100505890	1.07342472146171	5776
387357	1.07267674447097	5777
550643	1.07255892354103	5778
3957	1.07206703704713	5779
118471	1.07198444591341	5780
641515	1.0718640389157	5781
101928616	1.07177895097698	5782
143282	1.07173302103821	5783
392465	1.07138337800865	5784
345757	1.07127292451397	5785
80741	1.07066264117088	5786
8318	1.07005137026282	5787
85481	1.06944816303143	5788
9409	1.06922835568663	5789
55625	1.06867501756592	5790
54020	1.06840925498575	5791
2218	1.06807865783447	5792
56904	1.06807170931034	5793
4685	1.06798302312147	5794
171017	1.06761602072307	5795
27290	1.06761262674488	5796
92002	1.06752624136743	5797
196743	1.06705501127392	5798
10740	1.0663546786849	5799
8148	1.06631994109976	5800
10007	1.06569708171993	5801
148413	1.06552165349025	5802
79104	1.06450549397204	5803
100507290	1.0637548803073	5804
4088	1.0634603146927	5805
9698	1.06343497646565	5806
6402	1.06304295871937	5807
7490	1.0627806896272	5808
8353	1.06253782707904	5809
8237	1.06253056876942	5810
100190938	1.06230665966628	5811
100506730	1.0622780576392	5812
6041	1.06204730917073	5813
28973	1.0616050408932	5814
79004	1.06103807857666	5815
9444	1.06044584025407	5816
54626	1.05986460062076	5817
220047	1.05982695134229	5818
254559	1.05946785225655	5819
51031	1.05863491194978	5820
11045	1.05813674747794	5821
22891	1.05774630600573	5822
162387	1.05747501843747	5823
147920	1.0559690640067	5824
55658	1.05591422825042	5825
56163	1.05448215812634	5826
644353	1.0543102598894	5827
3882	1.05384688468811	5828
124404	1.05353759719071	5829
9972	1.0535028839575	5830
93436	1.05348405384714	5831
26508	1.05344395616434	5832
5864	1.05302631926014	5833
3781	1.05288781687508	5834
4838	1.05201637459942	5835
9212	1.0518119684037	5836
79683	1.05175358399532	5837
79594	1.0511666539054	5838
79718	1.0504860680208	5839
148213	1.04986425870991	5840
728489	1.04931608631987	5841
80023	1.04913965933041	5842
990	1.04908889692496	5843
25792	1.04905373214633	5844
9721	1.04890755453801	5845
696	1.04845997663494	5846
29959	1.04834708059231	5847
84365	1.0482783974338	5848
84734	1.04817273612646	5849
64090	1.04784986854651	5850
23016	1.04778786633313	5851
64789	1.04765616083517	5852
105372762	1.04755023728452	5853
7066	1.04632289894929	5854
80094	1.04609932249544	5855
79642	1.04544341660883	5856
79071	1.04534231532079	5857
1195	1.04530757279805	5858
79002	1.04505263847501	5859
4712	1.04404221725887	5860
105373223	1.04388363108942	5861
3556	1.04381006661465	5862
79854	1.04360049841129	5863
23600	1.04297949432438	5864
55727	1.04274361277726	5865
285175	1.04196434218031	5866
79760	1.04174623139711	5867
4686	1.0416348559947	5868
84628	1.04147090970375	5869
9342	1.04142234999728	5870
645638	1.04141349389283	5871
646627	1.04131602595577	5872
462	1.04110507107138	5873
137209	1.0408213889413	5874
64418	1.04010191286991	5875
57596	1.03993275282252	5876
29949	1.03993175309929	5877
246705	1.03987649649608	5878
84464	1.03983506279049	5879
8667	1.03978910607304	5880
222183	1.03978211960269	5881
4951	1.03975308325883	5882
9392	1.03946081038363	5883
80308	1.03943661367042	5884
54148	1.03938633586217	5885
6523	1.03913489094688	5886
7534	1.03871168962624	5887
91370	1.03861070295186	5888
92797	1.03857474026583	5889
10199	1.03816916590164	5890
2735	1.03777484211184	5891
199964	1.03744921839027	5892
10554	1.03697483898364	5893
3887	1.03675800749962	5894
7428	1.03638540176453	5895
441461	1.0362327553271	5896
9235	1.03618994744967	5897
1725	1.03597009196921	5898
55729	1.03593294621768	5899
102723165	1.03573169982147	5900
196441	1.03565458318696	5901
59352	1.03550111504879	5902
221122	1.0347649072243	5903
54558	1.03418920977588	5904
11006	1.03366008854097	5905
646903	1.03355373610236	5906
1299	1.03331525946529	5907
79816	1.03310815973574	5908
23281	1.03305516649763	5909
283576	1.03284172436663	5910
10287	1.03257911188504	5911
79070	1.03250960689208	5912
10111	1.03220158597058	5913
25841	1.031356181372	5914
3964	1.03131130009178	5915
80305	1.03130593224078	5916
7448	1.03125122306825	5917
286006	1.03095104960628	5918
101928211	1.0302243509996	5919
2249	1.03005252192129	5920
405754	1.02962087366564	5921
27238	1.02913826920139	5922
56122	1.02889769192224	5923
90288	1.02755348896298	5924
96764	1.0275038392814	5925
57713	1.02745131459989	5926
5029	1.02729267649418	5927
7733	1.02710229545604	5928
676	1.02680958129138	5929
50615	1.02666238646929	5930
283726	1.02664179493859	5931
147660	1.02662148544703	5932
8178	1.02646950323378	5933
317662	1.02594663616433	5934
919	1.02464214382193	5935
63932	1.02437954401595	5936
81490	1.02394091309093	5937
100126791	1.023294133811	5938
9957	1.023142762783	5939
100996681	1.02272864086472	5940
122481	1.02194924454894	5941
162963	1.02183990115665	5942
79933	1.02158417629553	5943
11214	1.02118631508666	5944
22877	1.02117272495706	5945
3455	1.02108084096346	5946
9361	1.02101757999566	5947
26270	1.02099345978922	5948
256369	1.02081370683508	5949
55222	1.02056715768381	5950
9382	1.02043851783901	5951
115426	1.02002268740174	5952
127544	1.01996588817231	5953
5912	1.019765969503	5954
84872	1.01849741774698	5955
387486	1.01798928576541	5956
3001	1.01737396413007	5957
8260	1.01714798085629	5958
143425	1.0168256027168	5959
57119	1.01587665518845	5960
83861	1.01573456484574	5961
54756	1.01536095576266	5962
64840	1.01528327530109	5963
101929265	1.01475061290659	5964
51075	1.0142976697854	5965
2187	1.01422193297057	5966
6752	1.01381269557933	5967
101927164	1.01355699732372	5968
23287	1.0133755019771	5969
5814	1.01337129358993	5970
22926	1.01334180695692	5971
644096	1.01320090019497	5972
10730	1.0126991102948	5973
84626	1.01267666196193	5974
30816	1.01260161755813	5975
9611	1.01218036702539	5976
23765	1.0120970119981	5977
25776	1.01191637290686	5978
64288	1.01168761351187	5979
147906	1.01161603540691	5980
7597	1.01124939325709	5981
8463	1.01123483295228	5982
55753	1.01082685111486	5983
5376	1.01005136947144	5984
347918	1.00974259913871	5985
25778	1.00926072459902	5986
25853	1.00896640749861	5987
9208	1.00835304556497	5988
345895	1.00804529430659	5989
84904	1.00792673544903	5990
7978	1.00751320827566	5991
55644	1.00715532279418	5992
400566	1.0062310084399	5993
128344	1.00601127904588	5994
56957	1.00571322960048	5995
1175	1.00542138139069	5996
100289137	1.0053860592723	5997
142684	1.00534135197558	5998
10923	1.00484012597158	5999
10327	1.00467387611591	6000
6496	1.00444887007516	6001
965	1.00433334120964	6002
79893	1.00418518884726	6003
10539	1.00384068109309	6004
100288413	1.00377738006828	6005
284788	1.00358447868946	6006
256815	1.00215629462558	6007
10971	1.00207570156671	6008
53615	1.00188068035932	6009
10444	1.00148664628692	6010
255631	1.00144491638247	6011
9369	1.00126686269586	6012
90634	1.00090677445763	6013
54344	1.00088347149446	6014
5211	1.00049081281005	6015
8470	1.00047127299612	6016
57403	1.00015497034649	6017
112703	1.00010891934492	6018
117283	0.999913778986861	6019
25917	0.999409503194359	6020
6009	0.999253768531017	6021
147040	0.999177440136174	6022
83661	0.998825732093065	6023
166	0.998769772131477	6024
2982	0.998744573234152	6025
7699	0.998411523047008	6026
9039	0.998112548377545	6027
9904	0.997773460491959	6028
9466	0.997540420289254	6029
1456	0.997514013589328	6030
8530	0.997328423957504	6031
144481	0.996754893724365	6032
54858	0.996636536022789	6033
114798	0.996182540703644	6034
728558	0.995464686864621	6035
100131997	0.995370133398255	6036
55353	0.99531481241652	6037
1909	0.99414037939345	6038
100192386	0.994075031094663	6039
9283	0.993198895282037	6040
730755	0.992616301016045	6041
5948	0.992572771479356	6042
51306	0.992145184753331	6043
182	0.991689969214607	6044
25842	0.991459821482404	6045
202134	0.991415238618249	6046
23015	0.99136161306447	6047
3702	0.989780169269363	6048
7053	0.989577024556239	6049
3212	0.989389586330948	6050
27146	0.989036495534432	6051
51126	0.988763933347039	6052
7039	0.987799007443428	6053
124976	0.987420871108347	6054
23274	0.987131328211755	6055
100132677	0.986956521817498	6056
5476	0.986689355471873	6057
4250	0.986663150623627	6058
5007	0.984838920096429	6059
5122	0.984746554278648	6060
51188	0.984464893777486	6061
58476	0.984212441352837	6062
79898	0.98409575189472	6063
9600	0.984035159643522	6064
285972	0.984015457152456	6065
144193	0.983957149470875	6066
65005	0.983882432903898	6067
3320	0.983804936167787	6068
55833	0.983599262127943	6069
101927934	0.983179242342864	6070
5191	0.981934977248441	6071
728392	0.981822635262746	6072
728450	0.981701449132002	6073
53831	0.981584102063202	6074
8500	0.981347764779076	6075
4253	0.980410821715668	6076
338799	0.980171022618852	6077
100506215	0.979761838616714	6078
137695	0.979632316129777	6079
389840	0.979576421281998	6080
51058	0.978706289709315	6081
3561	0.978278324324261	6082
9119	0.977999400483451	6083
55556	0.977844904910274	6084
6794	0.977608717311317	6085
26279	0.977465642718615	6086
3779	0.977448088488511	6087
101929473	0.97714200301686	6088
28968	0.977015883499944	6089
11118	0.976372554169388	6090
414927	0.976247127270644	6091
10225	0.976192689728522	6092
4864	0.976009859299146	6093
54103	0.975907880596502	6094
100288805	0.975022279104155	6095
66000	0.97449014284975	6096
26019	0.973553770542146	6097
100616668	0.973434120160948	6098
10992	0.972322699339966	6099
100507250	0.971970422901612	6100
6916	0.971899445717553	6101
8812	0.971453070499738	6102
84313	0.970978174433571	6103
83594	0.970764975018045	6104
100128191	0.970763047544147	6105
54602	0.970717887584375	6106
5834	0.970143671327461	6107
151534	0.969272671654047	6108
80328	0.966663215004801	6109
10295	0.966374550149745	6110
2186	0.965557108228903	6111
57688	0.96531856524049	6112
54953	0.964808650907772	6113
3575	0.964253406449261	6114
126789	0.963334248974311	6115
56833	0.962935961384418	6116
83874	0.962817792825742	6117
8517	0.962792896073708	6118
100294362	0.962114171388955	6119
81542	0.962083402662249	6120
55703	0.962062323637521	6121
55131	0.961206488724169	6122
5539	0.961114292732245	6123
6258	0.959977032845112	6124
8294	0.959955131866725	6125
51001	0.958988340859355	6126
9790	0.958502652309238	6127
124817	0.958249002497246	6128
57594	0.958156018625867	6129
475	0.958097849849515	6130
3902	0.958023825121589	6131
91614	0.957911530616376	6132
163154	0.955753543131272	6133
8497	0.955615564963401	6134
26034	0.955577545788681	6135
1798	0.955063612513663	6136
140767	0.954849398530146	6137
57642	0.954188292047157	6138
55690	0.953545108956903	6139
54916	0.953310615448236	6140
56478	0.953110097000518	6141
55610	0.952871964593789	6142
10143	0.952103632941005	6143
100133991	0.95183452893818	6144
105369748	0.951617915172591	6145
51412	0.951204207050981	6146
55726	0.95087833549725	6147
729230	0.950496001384528	6148
28673	0.950165704707352	6149
3932	0.949755212387889	6150
84661	0.94969057945725	6151
9375	0.949276746756495	6152
84439	0.948994015554535	6153
158572	0.948420143670965	6154
10078	0.947981314376907	6155
56902	0.94743309298399	6156
9076	0.946485886573573	6157
101929690	0.94599581957948	6158
1130	0.945446628782311	6159
730092	0.945389644940716	6160
84740	0.945022206160975	6161
118430	0.944864384323354	6162
51406	0.944592531596674	6163
222643	0.944012025010004	6164
10040	0.943984635610181	6165
2121	0.943821740322485	6166
57834	0.94263470291586	6167
3566	0.942329199014897	6168
3396	0.942323115937751	6169
2957	0.941559003383342	6170
147183	0.941410240180929	6171
283953	0.941139720596115	6172
6575	0.941125910601138	6173
3861	0.940941379496293	6174
11165	0.940749060072858	6175
84239	0.940621550193586	6176
400986	0.940544236014639	6177
100507377	0.939569905767301	6178
139231	0.939064296329678	6179
338773	0.938129704622321	6180
2649	0.93772735340462	6181
90271	0.936604615327829	6182
64328	0.936410846460617	6183
100128788	0.936309096164417	6184
154215	0.936235332653831	6185
646762	0.936150530252948	6186
4948	0.935504270690697	6187
101929591	0.935115106560371	6188
58505	0.934845706598194	6189
11102	0.934686593172651	6190
7582	0.934602117950103	6191
158801	0.933722549891626	6192
55759	0.933620084009042	6193
130733	0.933554902307787	6194
140	0.932896683968382	6195
84286	0.932614667511253	6196
127943	0.932236882501833	6197
79923	0.932181509491464	6198
8534	0.932097033149469	6199
5697	0.932019533959668	6200
100506125	0.931571608995334	6201
101927244	0.930933378902573	6202
643160	0.930755370421649	6203
3215	0.930655774758197	6204
23252	0.93054822935659	6205
51569	0.930315150191068	6206
3310	0.930247700031754	6207
10425	0.929387869998679	6208
8941	0.928764254556908	6209
81789	0.928374921052041	6210
2940	0.928043603012472	6211
25984	0.927654696668586	6212
84191	0.927585233835032	6213
9625	0.927535593839195	6214
57643	0.926769609082102	6215
2015	0.926610982193044	6216
10068	0.926546705987287	6217
5307	0.926126041744515	6218
3141	0.925667134046067	6219
3954	0.925217170968021	6220
6814	0.925153880709898	6221
8302	0.92503143150015	6222
79825	0.924895557403669	6223
84134	0.924875659132272	6224
51617	0.924773466375644	6225
1441	0.924562394878583	6226
27436	0.924276982883334	6227
8224	0.923918208697708	6228
51293	0.92383397414103	6229
222487	0.923595017107754	6230
221092	0.923465159727147	6231
23151	0.923354394885234	6232
401024	0.922874417567568	6233
100381270	0.922463094210062	6234
9805	0.922404527070128	6235
10409	0.922402034620796	6236
140828	0.922394645082261	6237
1114	0.921882047220981	6238
84937	0.921320506665305	6239
125336	0.921207781553342	6240
6572	0.920990012511635	6241
286144	0.920574744958992	6242
66005	0.920551226562733	6243
26574	0.920461808698015	6244
7040	0.920421409468778	6245
553	0.920124912486503	6246
79726	0.919986880775738	6247
1762	0.919857495711041	6248
221302	0.918894678998133	6249
25871	0.918869584689483	6250
23028	0.918697617890034	6251
100507257	0.918112032517367	6252
127003	0.91810157418016	6253
23484	0.917684102686934	6254
51010	0.917650640697159	6255
2683	0.917540098350711	6256
705	0.917324158297479	6257
654790	0.917048899559491	6258
55028	0.916924842381719	6259
10478	0.916764014946884	6260
2316	0.916741566837004	6261
87	0.916584587696165	6262
54496	0.915801002742974	6263
5611	0.915787062060262	6264
9044	0.915680054029461	6265
375759	0.915592137627445	6266
148824	0.914642808930031	6267
10584	0.914186677143094	6268
5660	0.913345625104432	6269
81620	0.912937112311417	6270
1720	0.91291177881768	6271
84709	0.912878429906287	6272
5988	0.91270399223595	6273
973	0.912187933631673	6274
27291	0.911839643924045	6275
151278	0.911600091325295	6276
5705	0.911410342378378	6277
28990	0.910555787929344	6278
84033	0.910441827209321	6279
220594	0.91025322749399	6280
387695	0.910059643117545	6281
55125	0.909971718244778	6282
132946	0.909870381430044	6283
23141	0.909828943810625	6284
152940	0.909805382519843	6285
51649	0.909729217429336	6286
10268	0.909483517856767	6287
219988	0.90913904234455	6288
51147	0.908870231277377	6289
2786	0.908728857083625	6290
23562	0.908458595390258	6291
51506	0.908226602457593	6292
23649	0.907884690334367	6293
165140	0.906866771155471	6294
2687	0.906789278745836	6295
84769	0.906771498734101	6296
10200	0.906443337567106	6297
54700	0.905862207565501	6298
28688	0.905085469414601	6299
100144748	0.904895937558277	6300
56259	0.904824230099491	6301
51465	0.904727707012655	6302
389741	0.904715413360837	6303
2707	0.904350216541183	6304
3635	0.904289594954473	6305
57122	0.904234520612568	6306
104413891	0.90399643230414	6307
137196	0.903615378180239	6308
50855	0.903566860922459	6309
57706	0.903433750678532	6310
134957	0.903321399934828	6311
9746	0.903307288964983	6312
646019	0.90256663889606	6313
114088	0.902376704071336	6314
23511	0.902226306353636	6315
285419	0.902142031450662	6316
5342	0.901815640589491	6317
55713	0.901672263562846	6318
6693	0.901613210780198	6319
10800	0.901571134048213	6320
117159	0.900953927724603	6321
139596	0.900817784470444	6322
101927365	0.900570591026083	6323
22943	0.900548246833393	6324
23052	0.89922482990079	6325
516	0.89867564430563	6326
25	0.898157132756202	6327
25797	0.898045000001043	6328
1559	0.897315195012635	6329
26036	0.897199279117208	6330
145788	0.896914651668039	6331
7170	0.89674700044723	6332
6198	0.896416604591569	6333
1184	0.895606873227371	6334
5467	0.895539240374411	6335
148137	0.894947732022161	6336
101930149	0.894858224914354	6337
165215	0.894586000141803	6338
440145	0.894497694715789	6339
10423	0.894346209682671	6340
100130744	0.894246991024624	6341
10465	0.894126616784162	6342
84247	0.89378817526435	6343
5704	0.893778050729447	6344
84959	0.893549395305443	6345
54923	0.893151490076198	6346
340591	0.891807148283385	6347
1495	0.891798482294573	6348
653483	0.891747691043934	6349
2274	0.891435194836302	6350
2332	0.891150452054616	6351
23203	0.890768752007994	6352
5096	0.889876854150697	6353
220164	0.889349036014862	6354
100130700	0.88919987634307	6355
8932	0.888977016439696	6356
105370638	0.888475082875037	6357
27165	0.888441346481054	6358
9724	0.888315964595912	6359
6457	0.887757002812487	6360
101927067	0.887692083087725	6361
8658	0.887185558005047	6362
162417	0.887130632596528	6363
64078	0.88675498806963	6364
100287216	0.886367287904688	6365
10095	0.885868467223306	6366
284325	0.885394247269024	6367
285521	0.885332870976184	6368
103581031	0.885273224225596	6369
114034	0.884936405608479	6370
79670	0.883425491610867	6371
100652929	0.883355671305372	6372
101927851	0.883283597234156	6373
9153	0.883254315150743	6374
348235	0.883086900264362	6375
55702	0.882900164343374	6376
4624	0.882734729897272	6377
84343	0.882699313845899	6378
3754	0.882304525805622	6379
10255	0.881998131117033	6380
10285	0.881761807573936	6381
7433	0.881730208638073	6382
58503	0.881458697042616	6383
50617	0.881439038467286	6384
50945	0.881302526154554	6385
9138	0.881279252655185	6386
256126	0.881190871549118	6387
10939	0.881157523525939	6388
339201	0.880997249937721	6389
124637	0.880381905397418	6390
60412	0.880034050212374	6391
339666	0.879902575854328	6392
113246	0.879864987550889	6393
100506374	0.879448600778949	6394
100130155	0.878785368895523	6395
374918	0.878497930211314	6396
3092	0.878385945838894	6397
147686	0.878123682164862	6398
201305	0.878106301376491	6399
51268	0.877917299438687	6400
100507218	0.877861736117159	6401
201633	0.877852289867464	6402
51021	0.877484671013768	6403
10280	0.87740053780746	6404
25904	0.87720607482277	6405
57657	0.877154978742927	6406
8715	0.87673667495064	6407
23168	0.876624913552252	6408
2048	0.876190851041598	6409
3508	0.876141672414197	6410
387895	0.875885740942822	6411
23641	0.875774223521946	6412
57689	0.875621960476762	6413
8895	0.875082797443319	6414
54097	0.874983729112422	6415
140807	0.874471698892715	6416
140453	0.874407864747233	6417
5446	0.873825034083265	6418
8320	0.873819043346246	6419
64063	0.873608233814826	6420
53827	0.873367696273103	6421
27071	0.873195929785591	6422
126661	0.872776956399829	6423
101927811	0.872753458060701	6424
415	0.872484244923135	6425
54827	0.87206948990545	6426
5880	0.872005993771154	6427
100506834	0.871997688882507	6428
79184	0.871933348067418	6429
92255	0.871737629904385	6430
26057	0.871701919640311	6431
80742	0.871582318515541	6432
197358	0.871385506321793	6433
4126	0.871353526058014	6434
256380	0.87109270345151	6435
9219	0.870934490631029	6436
101928403	0.870038276400911	6437
3301	0.869995380309048	6438
400931	0.869966710869682	6439
1997	0.869907164412544	6440
51460	0.869895608284236	6441
93273	0.869635028329208	6442
4793	0.869542955409975	6443
375790	0.869366478341664	6444
64854	0.869131752357778	6445
130752	0.868220746941563	6446
54464	0.868200937700907	6447
100101467	0.867879254198552	6448
3614	0.867402843559546	6449
199713	0.867066789863555	6450
642819	0.866727876187514	6451
2525	0.866716587273498	6452
2185	0.866624080314527	6453
7306	0.866452022709682	6454
6196	0.865706951913438	6455
9203	0.865492201230474	6456
64374	0.865164864296025	6457
27163	0.864999924084017	6458
9073	0.864891527840295	6459
25859	0.863758072869512	6460
9793	0.86342496652791	6461
23759	0.863012203814246	6462
23526	0.8627400322231	6463
283578	0.862666948062983	6464
56903	0.862428774553653	6465
126299	0.862084491995785	6466
146861	0.862081091955091	6467
375295	0.861911633946036	6468
6364	0.861886188505958	6469
23313	0.861831919248391	6470
50506	0.861783474230906	6471
339665	0.861207936875243	6472
83746	0.86119650827486	6473
84296	0.861141242825361	6474
102723364	0.860778821695105	6475
29062	0.860269035284945	6476
96610	0.859869278198412	6477
57593	0.859781858170859	6478
101928099	0.859465455440336	6479
146852	0.859247417034095	6480
3934	0.859021594819185	6481
94025	0.858960434545173	6482
2896	0.858339839700414	6483
101927272	0.858300703142366	6484
3010	0.858219676865063	6485
91833	0.858192063129456	6486
128602	0.858142012937045	6487
9150	0.858062631766501	6488
25914	0.857852527365551	6489
92270	0.857326866908945	6490
10038	0.857284500738299	6491
9330	0.857031298030782	6492
23432	0.856978025969383	6493
79192	0.856888218384636	6494
85001	0.856885271688786	6495
106146148	0.856578921385445	6496
4247	0.856551224087113	6497
100996301	0.856248337424863	6498
283514	0.855923608300977	6499
1280	0.855846313452861	6500
23062	0.854833608657569	6501
5378	0.854592265657401	6502
10861	0.854304127925502	6503
100287177	0.85415106802463	6504
100129654	0.853945960340705	6505
128209	0.853643082481989	6506
54959	0.85363122048913	6507
100505715	0.853436709934023	6508
101928495	0.853254365853552	6509
6573	0.853078178269486	6510
4952	0.85291935083216	6511
57544	0.852595512970161	6512
7475	0.852368309022984	6513
114659	0.852116164608096	6514
55238	0.851511832273993	6515
1404	0.851282140918164	6516
7110	0.851257734013679	6517
116115	0.851224162920106	6518
55795	0.850748497144621	6519
966	0.850354691090685	6520
10694	0.849464256282756	6521
1627	0.849164052745767	6522
23632	0.848869578161897	6523
257000	0.848643937202143	6524
124460	0.848463375305287	6525
79643	0.848428497985443	6526
4055	0.848085098653832	6527
6885	0.847809899026144	6528
29954	0.847720020020488	6529
346389	0.847620784829594	6530
8504	0.847430148879216	6531
101928820	0.847252478324762	6532
3026	0.847111411663821	6533
10767	0.847028372859307	6534
101928161	0.846691670989211	6535
151871	0.846588517664443	6536
25843	0.846243403225165	6537
100130872	0.845655848637225	6538
54801	0.845250127970326	6539
8894	0.845181493323852	6540
9217	0.844672227672676	6541
3709	0.844619912193778	6542
9321	0.844470036485604	6543
100287765	0.844197086151188	6544
4091	0.844129796995526	6545
101927668	0.843897216310161	6546
150084	0.843639809391296	6547
51168	0.84363540967709	6548
152110	0.843538567011213	6549
1468	0.843421075556564	6550
10874	0.843098767281512	6551
140458	0.843083193625329	6552
7737	0.842715322873214	6553
51347	0.842662390875381	6554
83744	0.842473125595289	6555
79648	0.842426923411858	6556
4326	0.842397564424554	6557
219409	0.842290057723242	6558
9866	0.842215402106775	6559
7113	0.841978342436967	6560
7318	0.841608129436501	6561
81929	0.841485032107718	6562
4902	0.840491608364128	6563
8623	0.840373129337467	6564
121340	0.839866879960277	6565
6338	0.839693690943089	6566
128853	0.839554411810202	6567
64601	0.839358805988051	6568
9108	0.838905890454258	6569
133121	0.83866403022827	6570
55074	0.83856793612799	6571
105375253	0.838460735575847	6572
221806	0.83822979828732	6573
65249	0.838187955761665	6574
51360	0.837886277737422	6575
340348	0.837850776231475	6576
9941	0.837753755869917	6577
143098	0.837585224942378	6578
284349	0.837574090391275	6579
5563	0.83743255182222	6580
7695	0.837182139794571	6581
1558	0.836929066445596	6582
467	0.83648122529055	6583
26548	0.83645197298025	6584
10867	0.83642203804611	6585
126003	0.836309865252656	6586
3352	0.835792500343858	6587
79672	0.835737127734817	6588
989	0.835587012554502	6589
24138	0.834656306202278	6590
84318	0.834000661547327	6591
284370	0.833723525914112	6592
101927821	0.833698618011207	6593
9209	0.833649864564842	6594
10645	0.83300517572793	6595
10745	0.832821660170257	6596
221584	0.831967956797486	6597
1639	0.831631754087758	6598
57693	0.831568818334377	6599
100288966	0.831447397253492	6600
55810	0.831401669988088	6601
650669	0.831367294032517	6602
5978	0.831245748935496	6603
55788	0.831198509639576	6604
80232	0.830750873528534	6605
5520	0.829609225416272	6606
9179	0.829501619779246	6607
4978	0.829273614605397	6608
341640	0.829199787078197	6609
140832	0.828998836408407	6610
2909	0.828563736634505	6611
105370178	0.828273463927708	6612
283981	0.827629418883021	6613
16	0.827120240351542	6614
10301	0.826922259209964	6615
283303	0.826919992685235	6616
65982	0.826366581841089	6617
10794	0.8261912785068	6618
6231	0.82591850062414	6619
4720	0.825649825887572	6620
577	0.825550728457419	6621
55909	0.8251625808923	6622
105378732	0.824742958439556	6623
55218	0.824462492264324	6624
1069	0.823574784216889	6625
3594	0.823469647541524	6626
56971	0.822744346971136	6627
117154	0.822682724277285	6628
23053	0.822560614246751	6629
10229	0.822216134932164	6630
25956	0.822201317053414	6631
27185	0.822142097302111	6632
5581	0.822128539945105	6633
2558	0.822081199797416	6634
149466	0.821664908797898	6635
5422	0.821485219926244	6636
102659288	0.821435869787448	6637
3708	0.820952673846621	6638
81491	0.820582569268885	6639
11047	0.820575583366888	6640
727936	0.820155717557618	6641
28831	0.820150211059163	6642
9278	0.81972951686425	6643
101927720	0.819718824885534	6644
9363	0.819518536295271	6645
78997	0.818885989635696	6646
11021	0.81873348081282	6647
55049	0.818725443299696	6648
83871	0.818519586197264	6649
119369	0.818434498191501	6650
51062	0.818011362785979	6651
645784	0.817779016834767	6652
80039	0.81673390583483	6653
5150	0.81507603791177	6654
101927468	0.815054719218772	6655
1521	0.814928471465771	6656
54491	0.814622062289733	6657
4436	0.814478342993389	6658
54576	0.813974370570429	6659
9640	0.81375793822726	6660
81706	0.813726611496031	6661
105372217	0.813623428178475	6662
746	0.813584335113138	6663
123228	0.813242916878762	6664
6345	0.813240806736994	6665
148254	0.813186454362864	6666
58191	0.813178906096288	6667
54436	0.812578229598667	6668
126070	0.812367237471907	6669
820	0.811557046031548	6670
81796	0.810583798023715	6671
55589	0.810502273825263	6672
57332	0.810369474140481	6673
2907	0.810246793010264	6674
100874365	0.809694381040109	6675
55041	0.809520523553997	6676
9313	0.809177280427108	6677
8273	0.809099190643588	6678
79819	0.80900090417416	6679
100129460	0.808380543913126	6680
105372394	0.808182776249074	6681
6837	0.807917015940211	6682
84890	0.807692006125012	6683
26505	0.806720467829565	6684
4297	0.806698340004957	6685
51744	0.806449281979386	6686
115650	0.806425460756275	6687
23264	0.805582594328226	6688
124045	0.804689359941174	6689
100506012	0.804292899880946	6690
256471	0.80305667792888	6691
10563	0.802953467778417	6692
79847	0.802894099323868	6693
1315	0.802854406131043	6694
431707	0.80225490345577	6695
57826	0.80113889918793	6696
333	0.801050712253454	6697
203414	0.800793696364099	6698
254427	0.800420548780704	6699
56128	0.800420506738391	6700
55824	0.799948155941175	6701
3347	0.799863191354862	6702
4124	0.799189120091827	6703
339788	0.798399560965481	6704
22822	0.797965635745603	6705
286451	0.79752540023156	6706
101928689	0.797509055001169	6707
728411	0.796645138316826	6708
9751	0.796457835543092	6709
64421	0.796281910055594	6710
388969	0.795315725284059	6711
10741	0.795213208409132	6712
8521	0.794415502323389	6713
220042	0.794301161065082	6714
8787	0.79416894569576	6715
414301	0.794060653191187	6716
439949	0.793919626219617	6717
105379524	0.793867902949948	6718
23122	0.79376682419523	6719
4869	0.793730070857581	6720
51555	0.793625042345163	6721
149345	0.793327507686821	6722
105377134	0.792737598669753	6723
29933	0.792693803325731	6724
115098	0.792348558142873	6725
84514	0.792135617133794	6726
100506826	0.791754326671346	6727
221545	0.791707285971066	6728
9570	0.791446969757927	6729
348825	0.791176123099805	6730
100506697	0.79051942674038	6731
100129029	0.790311952162792	6732
4752	0.790097727614547	6733
317702	0.79006671662591	6734
6709	0.789259139201976	6735
389813	0.788931856707463	6736
1027	0.788335827992939	6737
150197	0.787771637567999	6738
3351	0.787720588241393	6739
7004	0.787716981182065	6740
93594	0.787566281814683	6741
55806	0.786885647848452	6742
51018	0.786715816945562	6743
65056	0.78652527600185	6744
100631378	0.785428859023901	6745
23534	0.785033011132645	6746
5089	0.78473455737018	6747
58491	0.784328642720078	6748
80169	0.784246560944727	6749
256130	0.783851114730163	6750
51182	0.783802031152314	6751
8842	0.783508208101811	6752
4595	0.783082129323303	6753
105372274	0.782912163835794	6754
165530	0.782406833175255	6755
9092	0.781654667647012	6756
474	0.781184212756079	6757
101929181	0.780930507147872	6758
9071	0.780812869764669	6759
55108	0.780702842453623	6760
56949	0.780650270909979	6761
100129827	0.780259406592628	6762
3294	0.780090804997625	6763
116092	0.779351207918059	6764
84342	0.779330506226063	6765
352909	0.77913862796205	6766
51332	0.779101057741383	6767
541471	0.779054313855442	6768
10732	0.778153813655411	6769
90417	0.777908409031253	6770
81844	0.777834888956933	6771
100996385	0.777527102429051	6772
84078	0.777432968241646	6773
115703	0.777351582715161	6774
1192	0.776667645511257	6775
441046	0.776599280709558	6776
6819	0.77610694845952	6777
7027	0.776067282907333	6778
1384	0.776018634377899	6779
10232	0.77584805966454	6780
57696	0.775718376956177	6781
51548	0.775621269118206	6782
28410	0.775568657266344	6783
6299	0.775500453660081	6784
619455	0.775313391567988	6785
8348	0.775264185308727	6786
343637	0.774597626534386	6787
3631	0.774512549187065	6788
282616	0.77448238563964	6789
140881	0.774446385770712	6790
2071	0.773594226427656	6791
1628	0.773407534330911	6792
8986	0.773238941392131	6793
101928035	0.772854469246712	6794
10772	0.772642040287126	6795
84939	0.772384234218987	6796
3773	0.772067725467588	6797
2079	0.771153856671986	6798
221786	0.77056942285039	6799
101927292	0.770448737908432	6800
157657	0.770370069943501	6801
200205	0.770183050400791	6802
57113	0.770173088047452	6803
221468	0.769933985173538	6804
100533106	0.769489567680148	6805
6938	0.769382558649082	6806
100132077	0.769356866017641	6807
4084	0.769150163406803	6808
55584	0.768824238386423	6809
9276	0.768805906297559	6810
1635	0.768755898109022	6811
54476	0.768620678902846	6812
284338	0.768574903851442	6813
51166	0.768555919555616	6814
10096	0.76797161093561	6815
5078	0.767955450447796	6816
112885	0.766612958688043	6817
84515	0.766480189216713	6818
2906	0.766422420254696	6819
1116	0.766355913586953	6820
9808	0.766343792319018	6821
997	0.76552866288015	6822
8216	0.765422423242046	6823
347240	0.765395691596345	6824
133957	0.764767803747555	6825
9823	0.764725312793907	6826
8190	0.764587349932298	6827
51365	0.764521573727181	6828
866	0.76380166325069	6829
23008	0.763521088783782	6830
80312	0.763511079746293	6831
340527	0.763502833310189	6832
440184	0.763193419021718	6833
81578	0.763041527668892	6834
50813	0.762959107066433	6835
101928045	0.762444366970525	6836
4074	0.762343248289005	6837
347252	0.762251932566651	6838
376693	0.76137664364101	6839
23315	0.761325610072779	6840
147746	0.761025633910731	6841
9603	0.760637127369909	6842
7184	0.760526386215121	6843
23532	0.760235820624599	6844
5217	0.759633702830159	6845
100131434	0.759324810824695	6846
85315	0.759074332098029	6847
290	0.75879102227608	6848
101927814	0.758512053662182	6849
83698	0.758479402932937	6850
3291	0.758368850202198	6851
29798	0.75813672494801	6852
8498	0.757846419165556	6853
168400	0.757640145976727	6854
26276	0.757574504145497	6855
7260	0.757567895312223	6856
283551	0.757400074244868	6857
55879	0.7571644733299	6858
10494	0.757112490663138	6859
10814	0.75708927787543	6860
101928100	0.75686145181581	6861
283848	0.756855468653913	6862
79364	0.756303362401187	6863
442523	0.756215568346229	6864
9063	0.755886710781734	6865
55130	0.755791028940112	6866
7905	0.755546928504313	6867
55907	0.755368976013745	6868
731275	0.755337342794264	6869
26154	0.755290099680238	6870
55848	0.755233393756925	6871
91151	0.754906667848371	6872
28956	0.754900660987619	6873
388882	0.753836525093404	6874
5521	0.753508991258032	6875
114038	0.752862370216399	6876
2637	0.752234995885017	6877
140689	0.752142755108022	6878
26063	0.752109691592847	6879
100506274	0.751757964358935	6880
9715	0.750441777675626	6881
7681	0.750349200749582	6882
10291	0.749630702164265	6883
1308	0.74944914896634	6884
6923	0.74896403046895	6885
957	0.748712298666353	6886
79025	0.7478591586423	6887
64403	0.747652261734147	6888
8448	0.747554338456058	6889
5110	0.747135400482118	6890
55033	0.74685287566269	6891
7283	0.746061288054445	6892
11077	0.745906243713407	6893
81849	0.745750815130639	6894
80168	0.745654852679331	6895
23048	0.74562486106118	6896
221421	0.745593545415493	6897
144717	0.745530257377667	6898
90550	0.745157519197518	6899
23544	0.744996441119	6900
26071	0.744832005527407	6901
26191	0.744515499252594	6902
3574	0.744455086821466	6903
57699	0.74403027159921	6904
51564	0.743813405020175	6905
25758	0.743738562961497	6906
100302522	0.743555957187432	6907
55196	0.743402635857375	6908
3338	0.743072964014324	6909
2731	0.742920784283032	6910
917	0.742910724673585	6911
5298	0.742712646559401	6912
143662	0.742652698853198	6913
22948	0.742511098371481	6914
57697	0.74156873403205	6915
101060544	0.741507241722246	6916
283033	0.741483331373019	6917
54757	0.7414820191753	6918
329	0.741318374894704	6919
57614	0.741091784038913	6920
27042	0.740645384991365	6921
669	0.739964349468006	6922
165545	0.739927536710895	6923
55764	0.739718158705431	6924
93621	0.739649083606133	6925
9191	0.739438765684086	6926
79753	0.73940844244876	6927
3868	0.73932095264093	6928
79001	0.738174163553118	6929
132660	0.737981483814729	6930
100507156	0.737895178004579	6931
83729	0.737880655357928	6932
79541	0.737593971779093	6933
259294	0.737309249590367	6934
8120	0.737133239365841	6935
100133205	0.736912226709561	6936
80298	0.736751758388336	6937
100507524	0.736664745712605	6938
5432	0.736338160781608	6939
79986	0.736214113926552	6940
83896	0.735703716121235	6941
5914	0.735653259025832	6942
114899	0.735596685643614	6943
102724404	0.735578614496069	6944
51127	0.735396804608534	6945
4521	0.735300604826967	6946
26747	0.734911542157185	6947
158257	0.73489904639167	6948
64395	0.734894867830975	6949
114784	0.734007570539809	6950
4107	0.733944690473967	6951
1777	0.733346167055596	6952
147687	0.732341724728424	6953
2668	0.73210344313269	6954
149297	0.731648258722708	6955
11011	0.730391675740975	6956
26037	0.730291126146407	6957
440107	0.730042886247534	6958
22937	0.730038107116869	6959
83538	0.729275671291235	6960
285755	0.728877490656784	6961
401260	0.728836271456602	6962
10669	0.728721472663906	6963
5329	0.727963689689709	6964
286527	0.727681780273377	6965
79066	0.727641938603164	6966
6779	0.72732798253534	6967
23581	0.726408624204751	6968
84300	0.726302215638928	6969
23585	0.726288789801187	6970
201617	0.725837960624085	6971
1153	0.725589879199358	6972
3975	0.725192459886903	6973
9343	0.725175166682106	6974
2676	0.725091502623804	6975
6698	0.724964858678177	6976
5306	0.724891367820315	6977
85476	0.724783981540332	6978
100507098	0.723752820973394	6979
246176	0.723608819921998	6980
55628	0.723568795324888	6981
55798	0.723327728493087	6982
221424	0.722929349863638	6983
8975	0.722382997102246	6984
440829	0.72193288252609	6985
4659	0.721810879809249	6986
55150	0.721593752616592	6987
100132116	0.721388759791788	6988
2872	0.721292478995329	6989
124751	0.720817340051164	6990
100506443	0.720763227448131	6991
8729	0.720643283961127	6992
7772	0.720640990082272	6993
2843	0.720133841190657	6994
4435	0.719763667787233	6995
1004	0.719574403913165	6996
101928263	0.719455416722334	6997
112942	0.719063343601006	6998
55170	0.719060922500938	6999
56164	0.718577033990762	7000
79089	0.718502282447708	7001
84993	0.718325396009161	7002
84326	0.718273853686602	7003
54617	0.718238907934789	7004
78999	0.718087212230051	7005
89910	0.718039068542809	7006
100129455	0.717809989101708	7007
5901	0.717794515198693	7008
28663	0.717666275658615	7009
5903	0.717519394099819	7010
57019	0.717091685127528	7011
284076	0.716723003183819	7012
51635	0.716184349572144	7013
100507435	0.716115322440928	7014
23040	0.71601158417097	7015
64750	0.715763400229904	7016
81533	0.715414970637089	7017
164633	0.715158877099748	7018
5565	0.71511857214219	7019
146795	0.715081468617566	7020
1785	0.715042012035353	7021
162137	0.714729629581045	7022
8339	0.714628200045737	7023
23099	0.714329677861179	7024
56203	0.714315887130264	7025
57018	0.713989262080022	7026
149986	0.713706252846679	7027
158358	0.713170164820878	7028
161424	0.713064176670354	7029
2974	0.712600703036069	7030
84063	0.712394101558809	7031
9355	0.712076567802277	7032
387338	0.711798245224835	7033
5879	0.711624010180782	7034
2897	0.71117129292446	7035
23614	0.711019036492097	7036
27161	0.710903407483954	7037
55472	0.710781248519347	7038
3071	0.710466344956461	7039
220388	0.710363165645721	7040
92345	0.710191403534767	7041
81558	0.709899760008028	7042
8846	0.709865011644405	7043
915	0.709792394287979	7044
100131017	0.709601686148913	7045
51742	0.709244916746476	7046
100316904	0.709010245480513	7047
105374928	0.708890019372628	7048
105377468	0.707873283275911	7049
2027	0.70784140515303	7050
55722	0.707765428731269	7051
160492	0.707346538327709	7052
81608	0.707258716837253	7053
283337	0.707143041642755	7054
8642	0.705931588537605	7055
9377	0.705682692939715	7056
259234	0.705399386519713	7057
5364	0.705246833648531	7058
116	0.70496537417544	7059
90355	0.704390411815948	7060
60626	0.704209849763255	7061
11079	0.70380554188072	7062
10629	0.703677976884535	7063
23205	0.702639350999029	7064
50853	0.702432438002599	7065
8748	0.702260902848103	7066
23551	0.701071570110735	7067
23677	0.701028928412069	7068
170392	0.700899621203378	7069
5536	0.700800484453462	7070
144406	0.700742161024899	7071
23644	0.70001793145099	7072
53905	0.700016716437503	7073
389903	0.699768713108101	7074
26084	0.699749538869401	7075
101928728	0.699634676701001	7076
27445	0.699316289431719	7077
29888	0.69929649079728	7078
57654	0.698371323899807	7079
285758	0.698194518721593	7080
8809	0.698003684370651	7081
114614	0.697983677392952	7082
9215	0.697890854871544	7083
51335	0.697816520702758	7084
29957	0.697092097359352	7085
399909	0.696711394490168	7086
1123	0.696257988231564	7087
256536	0.695969804808932	7088
283403	0.695862088485799	7089
339344	0.695688525416165	7090
6827	0.694163297958411	7091
26973	0.694076164470355	7092
284486	0.694024080246705	7093
92609	0.693955849140554	7094
1757	0.693831033323451	7095
348180	0.693472271247354	7096
9348	0.693062282130151	7097
221472	0.693019269820363	7098
113235	0.692753611656719	7099
126549	0.692448587206035	7100
51248	0.692279168444294	7101
8807	0.692212353468671	7102
49861	0.691372212596607	7103
645811	0.69129107413886	7104
80351	0.691212133610585	7105
56938	0.690774068713967	7106
10105	0.690395614565347	7107
55748	0.689962973635877	7108
6631	0.689924630820533	7109
4821	0.689916793468655	7110
23462	0.689722961573785	7111
101926907	0.689708468545342	7112
56172	0.689165615053686	7113
83546	0.688685649418562	7114
285704	0.688635538100696	7115
25980	0.688526042046573	7116
25902	0.688382546752252	7117
254100	0.688056538008507	7118
100506421	0.687085900317314	7119
84144	0.68593876078638	7120
27434	0.685768981627846	7121
134147	0.685600339505363	7122
8604	0.685313147798748	7123
154089	0.684512896382044	7124
6433	0.684269717003221	7125
55182	0.684225151922071	7126
113763	0.683952281295896	7127
27327	0.683706510704493	7128
1063	0.683238821606008	7129
84875	0.682365705207482	7130
101927411	0.68223025345058	7131
169436	0.682097763417977	7132
4990	0.681598379475951	7133
7135	0.681449639374854	7134
100506994	0.68097620074731	7135
7783	0.680716029588374	7136
79095	0.680624519371816	7137
8786	0.680534883696464	7138
152578	0.680467852005328	7139
921	0.680336158456052	7140
115948	0.678937274472099	7141
142680	0.678859013431561	7142
101669764	0.678426234370185	7143
951	0.678394666101475	7144
100996732	0.677692918691553	7145
284106	0.677456034127338	7146
100506289	0.676827712544623	7147
10058	0.6767996127834	7148
56667	0.676060937328563	7149
7773	0.674992992164742	7150
64224	0.67480878950437	7151
105377245	0.674657065391781	7152
4034	0.674582594965879	7153
5169	0.674406789737218	7154
10625	0.674263276630151	7155
416	0.673967184956739	7156
7328	0.673934793513615	7157
101927346	0.673787524904152	7158
101929609	0.673369335899267	7159
708	0.673187212376844	7160
1015	0.672663553054783	7161
55362	0.672166431633798	7162
144608	0.671871785149912	7163
402778	0.671566143635491	7164
6901	0.671523398439095	7165
23529	0.671220989537417	7166
167410	0.670832241349688	7167
23060	0.670691848928873	7168
57679	0.670587264129594	7169
79465	0.670188382684286	7170
54974	0.670109700827853	7171
3738	0.670031786768904	7172
388533	0.669720582155915	7173
100506380	0.66955138038089	7174
192670	0.669294718596511	7175
100996570	0.669072110490235	7176
147808	0.66896670820658	7177
91977	0.66859206510081	7178
643008	0.668447978526905	7179
1448	0.668364136616711	7180
100507201	0.668338655130432	7181
22794	0.668144414945327	7182
4772	0.668049294092884	7183
100862671	0.667858363038033	7184
160065	0.667746937804766	7185
63906	0.667636351190357	7186
3113	0.667447978137661	7187
114821	0.667035178980471	7188
9406	0.667003552575133	7189
728613	0.666863078448905	7190
51042	0.666758985897588	7191
257044	0.66664804982618	7192
4818	0.666455159404907	7193
128821	0.665518206879033	7194
6165	0.664707486066459	7195
51573	0.664102499689552	7196
54360	0.664081768285323	7197
6788	0.663854861739415	7198
389124	0.663537352829318	7199
101927331	0.663302514340988	7200
5910	0.663157060480987	7201
10775	0.663059731315378	7202
9423	0.662430882457876	7203
7569	0.662205222146321	7204
347902	0.661873681126288	7205
9575	0.661854272927419	7206
8899	0.661740471204575	7207
9391	0.661714708238555	7208
5003	0.661592340629519	7209
100144604	0.661435726865786	7210
170689	0.660799082678943	7211
81034	0.660078511416699	7212
1610	0.659734616287192	7213
7409	0.659583633179192	7214
196415	0.659249004190569	7215
6856	0.659005619818739	7216
2811	0.658467607365101	7217
6668	0.657810928776457	7218
100996345	0.657090997413867	7219
3720	0.656218436670732	7220
85413	0.656092253017303	7221
3849	0.65607464393652	7222
164781	0.655145765845854	7223
101928144	0.654816796701177	7224
1370	0.654760640725233	7225
551	0.653537720799154	7226
389114	0.653274211943769	7227
5031	0.65292340769432	7228
7337	0.652845471456362	7229
100996455	0.652690363093954	7230
90655	0.652409459539567	7231
3002	0.652297514188689	7232
51104	0.652294444082183	7233
159963	0.65144018915116	7234
65123	0.651204873209752	7235
5630	0.650617987163401	7236
8220	0.650149051042052	7237
136332	0.650070748418775	7238
100642175	0.649984623252922	7239
23404	0.649932778452643	7240
100287896	0.649644461094677	7241
128822	0.649419844267935	7242
2153	0.64880431611254	7243
100131814	0.648794160764828	7244
54938	0.648604755044244	7245
254042	0.648404581808742	7246
643201	0.647684207657431	7247
57125	0.647607848831215	7248
51816	0.647117405124058	7249
79037	0.646785853553069	7250
81926	0.646336204562446	7251
55266	0.646199030790495	7252
150353	0.64611430683082	7253
339448	0.646048027504912	7254
1641	0.645515488360068	7255
10817	0.644619062420474	7256
55638	0.644615465891824	7257
645974	0.644576785819773	7258
65078	0.644485646930953	7259
3778	0.644024170519527	7260
10952	0.643942238936171	7261
60681	0.643620872611085	7262
11144	0.643330501208825	7263
3163	0.643300223616788	7264
84141	0.643055147648992	7265
100130889	0.642986981296744	7266
2965	0.642954247760404	7267
2160	0.642723225046457	7268
4316	0.642641012878723	7269
950	0.6426400644862	7270
143570	0.642622934148982	7271
401612	0.642274309007835	7272
23546	0.642172074551104	7273
6853	0.641828820750452	7274
3759	0.641368805429081	7275
101927523	0.64130172217496	7276
4058	0.640884168034597	7277
84771	0.640333670306733	7278
89848	0.640119656133203	7279
117	0.640117459373874	7280
80034	0.640111164395704	7281
157627	0.639722299005882	7282
775	0.639668455585382	7283
4809	0.639569772402842	7284
9677	0.639119625929806	7285
3115	0.638657799260589	7286
1326	0.638596627135147	7287
728116	0.638365465705567	7288
415117	0.638267162886088	7289
9911	0.638129858524228	7290
54778	0.63756984439324	7291
286467	0.636970464269011	7292
168975	0.636957414906026	7293
84892	0.636869599983793	7294
284114	0.63630115881193	7295
414777	0.635607495529331	7296
23365	0.635161274696274	7297
9094	0.634336392122284	7298
113230	0.634084788870347	7299
26054	0.633873976991172	7300
7288	0.63375988381701	7301
23237	0.633717991798983	7302
2067	0.633423801900716	7303
284998	0.632935508060779	7304
56956	0.632585063488858	7305
55707	0.632319217237036	7306
1463	0.632076709430623	7307
128178	0.632054449279013	7308
57571	0.63184254311853	7309
54807	0.631716397785632	7310
100506555	0.631457119889657	7311
641518	0.63130217822986	7312
22934	0.630933159314567	7313
105371703	0.630676049125442	7314
105372483	0.630150702847302	7315
79959	0.630015165864781	7316
9581	0.62940016395754	7317
105376031	0.62887260447691	7318
51614	0.628460025300498	7319
5817	0.628377514323221	7320
100289211	0.627965389058933	7321
11188	0.627895748238108	7322
54854	0.627503791839452	7323
51385	0.627405575581947	7324
11174	0.627280974811677	7325
374393	0.627069423017926	7326
9622	0.626610600135698	7327
390010	0.626317116844622	7328
1908	0.62590653480516	7329
80213	0.625864807244125	7330
101928079	0.624752432988425	7331
100505648	0.624688283886114	7332
102724965	0.623962522296008	7333
283152	0.623791901648894	7334
101928401	0.623727210838969	7335
148696	0.623014925756741	7336
10188	0.622927185024326	7337
29909	0.622512697882153	7338
55009	0.620957831207321	7339
729121	0.62042869312256	7340
54509	0.620297427014285	7341
81554	0.620154565198399	7342
8314	0.619830645734922	7343
203413	0.619789218327309	7344
80818	0.619489946139576	7345
793	0.618509059255394	7346
4736	0.618500343015307	7347
65260	0.618248012534863	7348
8499	0.618180202622727	7349
64744	0.617477041139467	7350
10622	0.61728579193802	7351
152789	0.617270956268943	7352
201294	0.616380708455143	7353
9857	0.615594160110764	7354
53373	0.615295209319836	7355
4946	0.614782841922889	7356
101927406	0.613673119464995	7357
57506	0.613439263051745	7358
257101	0.613433457234817	7359
79591	0.61342664018845	7360
100093630	0.613223262233935	7361
23199	0.613106891516943	7362
1830	0.613075856533139	7363
9024	0.612994559343506	7364
3841	0.612891822845259	7365
100134713	0.612799673065595	7366
124491	0.612639199994334	7367
50487	0.612630094877614	7368
11060	0.612007003497125	7369
51435	0.611880719443556	7370
167359	0.611652542106702	7371
752	0.611444529186397	7372
7161	0.611422662014987	7373
170679	0.611403137729376	7374
9230	0.611033561550783	7375
5167	0.610559163349383	7376
253970	0.609990424337667	7377
10938	0.609585114417304	7378
51035	0.609370898150149	7379
79677	0.608910188626494	7380
126567	0.608847261603711	7381
10047	0.608617946079546	7382
10608	0.607864033713019	7383
23081	0.60773624764561	7384
353135	0.607608197455237	7385
677819	0.607255809855508	7386
340542	0.607045385867912	7387
6811	0.606864255835647	7388
284749	0.606663662614391	7389
6978	0.606333324970899	7390
9897	0.606242960188219	7391
140846	0.605888892331488	7392
158880	0.605648251918618	7393
353274	0.605563727483483	7394
5550	0.605484609558982	7395
286530	0.60509576856851	7396
64895	0.604707285467206	7397
9388	0.604586790052295	7398
23474	0.604551856150832	7399
80071	0.603981411713322	7400
171586	0.603936483104525	7401
93164	0.603850512831667	7402
10746	0.60378410690434	7403
7189	0.603590209012047	7404
132332	0.603556226178788	7405
1969	0.603474653795069	7406
58529	0.603062240903631	7407
64926	0.602694791653535	7408
55157	0.60262791315085	7409
429	0.60242399635408	7410
51067	0.602400980101998	7411
6565	0.602293787167328	7412
441179	0.602281153679036	7413
4682	0.601886332869338	7414
59286	0.601810413595911	7415
374786	0.601608398012558	7416
130813	0.601430196301644	7417
57211	0.601395548809886	7418
5600	0.601386320700795	7419
83658	0.601268217101497	7420
53836	0.601000451843062	7421
28562	0.60088035639783	7422
7592	0.600830550988187	7423
23217	0.600720472162498	7424
7372	0.600534409180447	7425
55799	0.600351768376309	7426
387032	0.600238245242091	7427
10683	0.600175811629815	7428
6760	0.599466536961451	7429
105369889	0.59935910898003	7430
2530	0.599334962139416	7431
84985	0.599025829432483	7432
4976	0.598778851343988	7433
4085	0.598647029418491	7434
101928373	0.598549981025419	7435
6919	0.597920928024625	7436
23646	0.597856513033615	7437
55801	0.59711056604015	7438
282996	0.596993952593171	7439
55911	0.596758879488161	7440
5890	0.596641281195839	7441
154761	0.596363267477374	7442
101927653	0.5960493077107	7443
285193	0.595928402680091	7444
5526	0.59551723889326	7445
11051	0.594956967609897	7446
2568	0.594689801975526	7447
102724698	0.594654761946334	7448
399693	0.594598266528683	7449
11190	0.594462230862961	7450
386597	0.593499872561106	7451
4600	0.593406119771774	7452
101927138	0.592772169933113	7453
283659	0.592425072367977	7454
133396	0.591335382323853	7455
8468	0.591073208038799	7456
643246	0.590921745168371	7457
64718	0.590921043320214	7458
3695	0.590642135212307	7459
64779	0.590025764697761	7460
362	0.589973880345019	7461
10942	0.589676351802213	7462
51283	0.589463553666387	7463
60509	0.589156978810827	7464
4191	0.589072646365187	7465
80011	0.589035657210105	7466
100499489	0.588637568112416	7467
93649	0.588307413240777	7468
9576	0.588187369662075	7469
57045	0.588024311296062	7470
3567	0.587884717412393	7471
10527	0.58747968232483	7472
4998	0.586467092701954	7473
51228	0.586422547411159	7474
2785	0.585966778274115	7475
80216	0.58582159680624	7476
22888	0.585423330266891	7477
10488	0.585274744020861	7478
5922	0.585206996119986	7479
4534	0.584278641372307	7480
10172	0.583976165242235	7481
91464	0.583798035105234	7482
517	0.583710187903215	7483
11234	0.583612666655471	7484
440918	0.583589803157419	7485
131368	0.583584320891156	7486
10162	0.583530596763782	7487
400643	0.583167280774256	7488
6597	0.582166727775619	7489
441072	0.581975686171995	7490
5583	0.581751509259827	7491
101929459	0.581265532575986	7492
23483	0.581221885381998	7493
91752	0.580823031231206	7494
783	0.580359442134326	7495
107986313	0.579517735419972	7496
353322	0.579396225631866	7497
101928201	0.578739407236381	7498
23294	0.578567484851998	7499
2196	0.578555596611854	7500
84105	0.578235053993105	7501
79915	0.577994335278241	7502
30847	0.577856088921171	7503
92806	0.577684090720106	7504
168433	0.577658974865654	7505
51059	0.577413958384131	7506
396	0.576756072468189	7507
388942	0.57672116073627	7508
1295	0.575849658012082	7509
57617	0.575626561023673	7510
3292	0.575211862369645	7511
11020	0.575037727028731	7512
778	0.574941579315132	7513
643	0.574868159910258	7514
338094	0.574864399369475	7515
51000	0.573114771623162	7516
105375679	0.573110037911326	7517
100630918	0.572660182132393	7518
3589	0.572285822374164	7519
105378597	0.572193613170778	7520
266675	0.571227914017877	7521
100128071	0.570920264536036	7522
5972	0.570663505791105	7523
64856	0.570561879319519	7524
2705	0.570478149061221	7525
56912	0.570361792127092	7526
101929122	0.570169000240966	7527
2760	0.570166163609138	7528
7137	0.570129052077985	7529
65217	0.56939083135451	7530
105377335	0.569174863703516	7531
158293	0.568917945568744	7532
257	0.568873575697729	7533
100506108	0.56787765059751	7534
50632	0.567867915877236	7535
10617	0.567576459534973	7536
29123	0.566428128304854	7537
286826	0.566069875885038	7538
956	0.565965180178837	7539
8697	0.565932555110244	7540
101928781	0.565638925918736	7541
547	0.564381191748822	7542
10945	0.564261894987494	7543
23351	0.564166955596375	7544
642864	0.56356941429131	7545
84190	0.562995444786378	7546
6003	0.562817119169559	7547
6747	0.562280900347493	7548
11012	0.562172546817408	7549
90525	0.562041978341421	7550
647288	0.561952803174613	7551
100506082	0.561447180968119	7552
120939	0.5614318523624	7553
89853	0.561233219902103	7554
3385	0.560810029335524	7555
283585	0.559953604175558	7556
383	0.559754134025326	7557
91450	0.559709931629146	7558
55723	0.559637335261781	7559
2617	0.559277331850743	7560
149699	0.559066633804546	7561
3280	0.558950618164926	7562
80352	0.558755850044039	7563
200931	0.558402883805508	7564
79815	0.558370722098656	7565
157769	0.557907494712779	7566
4014	0.557819119198936	7567
94101	0.557627026513642	7568
79177	0.556614049015652	7569
283050	0.556169524276282	7570
3617	0.556004165200968	7571
8900	0.555711693657542	7572
101927157	0.555240579227389	7573
79657	0.555044779826243	7574
113691	0.554864615528772	7575
10489	0.554589624259067	7576
81858	0.554571733666933	7577
221710	0.553434449929556	7578
6947	0.553209040535403	7579
283463	0.553156966929913	7580
57115	0.553134475523003	7581
84624	0.553132375021667	7582
10102	0.553109795823244	7583
1821	0.553099592450412	7584
1856	0.553037925637753	7585
23231	0.5529471418468	7586
9650	0.552424652389323	7587
9463	0.552138104986027	7588
100288123	0.552039724201711	7589
9028	0.551743427939913	7590
105375075	0.551634687963474	7591
9778	0.551519712027489	7592
80012	0.551495230676252	7593
153643	0.551481131061953	7594
2072	0.551372842406401	7595
55072	0.551359429407848	7596
60491	0.551057475509755	7597
6605	0.550940757021331	7598
158228	0.550793741792377	7599
8269	0.550498782325753	7600
9056	0.550398835714491	7601
115761	0.550392659600936	7602
54785	0.549869735394082	7603
283677	0.549806148935115	7604
116443	0.549779766869539	7605
51329	0.549741827907264	7606
10121	0.549555742049497	7607
643155	0.549256540845887	7608
3096	0.549100793394231	7609
23569	0.549070977110247	7610
1113	0.54867569096647	7611
317762	0.548589303759001	7612
8749	0.548404943444915	7613
81030	0.548381162412332	7614
246744	0.548375094089941	7615
11140	0.548198345041472	7616
3488	0.548189724940859	7617
390999	0.547923708395998	7618
374454	0.547721862532705	7619
84792	0.547601125809504	7620
7180	0.547373973542486	7621
81569	0.547243859387542	7622
80304	0.547241794386537	7623
326624	0.547135785092354	7624
101927761	0.547108757635305	7625
5592	0.546525176443251	7626
57717	0.546414625848828	7627
9020	0.546384033014647	7628
54112	0.546325433422583	7629
56204	0.546020438034019	7630
23683	0.545889320600722	7631
168850	0.545560679671205	7632
57120	0.545481990501219	7633
3228	0.544887959958623	7634
140732	0.544768323780991	7635
220074	0.544475771471568	7636
339559	0.543898754582507	7637
201514	0.543699970731702	7638
389023	0.543302710404963	7639
401387	0.542927734512382	7640
3514	0.542661307207482	7641
139324	0.542353435112085	7642
6484	0.542020638081666	7643
90499	0.541968677194413	7644
7334	0.541795145045499	7645
53942	0.541618634546255	7646
124912	0.541495353173202	7647
11199	0.541193933944886	7648
80349	0.54052507923516	7649
105370829	0.539683477721889	7650
56623	0.53960214956221	7651
9666	0.539534197590868	7652
84940	0.539522064570483	7653
1662	0.53908803004892	7654
163732	0.538850193927747	7655
100133669	0.538824305417798	7656
1758	0.538039340601365	7657
2969	0.537616859956747	7658
282763	0.537529104421333	7659
1545	0.537470055268596	7660
101927499	0.537261785297418	7661
51152	0.537261514731437	7662
55298	0.537167441516276	7663
100874529	0.53712602513731	7664
352990	0.536800810985205	7665
1608	0.536672472023179	7666
844	0.536213714136687	7667
9442	0.536157842415329	7668
116369	0.53606383816693	7669
83932	0.536045693363689	7670
54714	0.535990395764402	7671
7539	0.535864717727395	7672
26140	0.535857316579325	7673
9159	0.535647248150471	7674
10139	0.535586389845048	7675
770	0.535290844162633	7676
23132	0.534772566808057	7677
1907	0.534688338125248	7678
285962	0.534511763461942	7679
57136	0.534228863473341	7680
949	0.534186792764903	7681
196872	0.534008574796226	7682
5693	0.533481893347391	7683
7851	0.5334618234872	7684
9135	0.532933690629169	7685
285908	0.532785450217393	7686
116372	0.532504833560319	7687
93487	0.532254922146927	7688
140870	0.532190072463919	7689
54788	0.532121808505126	7690
64850	0.532121407595284	7691
4355	0.532029860829306	7692
79631	0.531916765374291	7693
60529	0.531603226103485	7694
8942	0.531547479042931	7695
22824	0.531465055622104	7696
54956	0.531428317708135	7697
6697	0.531374531372947	7698
202309	0.531268597108716	7699
400999	0.530327258898212	7700
27127	0.529964562507283	7701
11018	0.529779553608154	7702
7368	0.529681105874211	7703
136306	0.529646964378735	7704
101926928	0.529487709026968	7705
56954	0.529324525319867	7706
101929176	0.529015543045061	7707
170506	0.528515254312757	7708
105373170	0.528434515874018	7709
105379181	0.527979614361951	7710
5547	0.527942739684029	7711
84988	0.52781641108496	7712
10737	0.527140260841922	7713
10210	0.526234665727128	7714
101928418	0.525915034744849	7715
5655	0.525692003929788	7716
150381	0.525090554111244	7717
55633	0.524850256330883	7718
10257	0.523769822681586	7719
8722	0.523593610781783	7720
81563	0.523586858517932	7721
10943	0.52345707951177	7722
148479	0.5231330247628	7723
151649	0.522962463798313	7724
56906	0.52282776805708	7725
54947	0.522721816930752	7726
81697	0.522619035537001	7727
79838	0.522612522604319	7728
285533	0.522551474903489	7729
1938	0.52229992798245	7730
100131827	0.522062654382956	7731
51603	0.522037525725074	7732
159686	0.521752263981836	7733
192111	0.521657655665098	7734
51116	0.521348677579014	7735
125950	0.52112607765108	7736
779	0.520968093507414	7737
717	0.520889744852457	7738
161436	0.519819576945873	7739
554201	0.51962845355286	7740
2762	0.519602141517633	7741
390058	0.519436584603759	7742
79846	0.518896168344273	7743
80325	0.518774181192611	7744
285194	0.518342103055557	7745
23376	0.518243967657416	7746
440119	0.518193807714315	7747
941	0.518128409089566	7748
51231	0.517906256424181	7749
79770	0.517631930645929	7750
101927115	0.517349397401493	7751
344905	0.51603572445048	7752
149840	0.516012393083104	7753
57464	0.515989659294602	7754
887	0.515952478977358	7755
5274	0.515827750905276	7756
11221	0.515675909429047	7757
133482	0.515558798172165	7758
83930	0.515506132459903	7759
55254	0.514042732351398	7760
64843	0.514009921074761	7761
8405	0.513970841600687	7762
202459	0.513666524151165	7763
51527	0.513611584281851	7764
3592	0.51336887919486	7765
105370569	0.513202096810781	7766
4703	0.513125080444716	7767
9843	0.513028857918328	7768
3458	0.512464635216176	7769
55332	0.512371567683562	7770
90410	0.512281243772063	7771
10855	0.512279366749553	7772
389856	0.511886181819862	7773
85352	0.511802509096562	7774
55237	0.511218888610045	7775
80758	0.510931171741559	7776
56884	0.510806409152327	7777
83986	0.510768688937287	7778
11161	0.510725936553918	7779
132851	0.510461818313071	7780
64847	0.510243377833208	7781
60312	0.510196927347994	7782
115352	0.510028632573032	7783
100286844	0.509836221584117	7784
100996492	0.509643135085126	7785
55837	0.509549055888907	7786
6789	0.507913685917586	7787
79157	0.507695464744462	7788
100506462	0.507485939331607	7789
916	0.507047698434369	7790
389895	0.507014213502481	7791
284992	0.506689029393257	7792
8086	0.506534748320354	7793
1421	0.506287134611871	7794
116985	0.505684649596516	7795
80000	0.505464817599691	7796
1005	0.505173106505812	7797
83694	0.50500588944956	7798
1158	0.504999070051043	7799
150142	0.504988476492582	7800
22806	0.504980332757837	7801
162968	0.504977176870113	7802
197187	0.504873992816652	7803
534	0.503983195047832	7804
54477	0.503743130048538	7805
100131825	0.503533069521274	7806
255374	0.503225028451892	7807
10893	0.502651844223589	7808
5594	0.502539762850524	7809
59345	0.502526537595472	7810
83858	0.502384809793843	7811
153657	0.502266875035813	7812
29903	0.501879256357509	7813
101929164	0.501817509968259	7814
8911	0.50173631974507	7815
101928710	0.501646019302815	7816
728978	0.501509364702399	7817
11036	0.50128373118445	7818
27443	0.500992152824742	7819
101927165	0.500885921840907	7820
84705	0.500804005578731	7821
57102	0.50072783193442	7822
142685	0.50060023539921	7823
7923	0.500542937391458	7824
664701	0.500466853754842	7825
9980	0.500418518646451	7826
200014	0.500110942838169	7827
8858	0.499924966728416	7828
6699	0.499869373086337	7829
55800	0.499848413288542	7830
158506	0.499707401743634	7831
8398	0.499592453101738	7832
27159	0.499321287187119	7833
7025	0.499226910747054	7834
645249	0.498828718658274	7835
6742	0.498696939009171	7836
55813	0.498670220425253	7837
79412	0.498390128062596	7838
6855	0.498027287987038	7839
64881	0.497870471105622	7840
55616	0.497605714476311	7841
133746	0.497290072407278	7842
100129196	0.497219328503511	7843
140683	0.497167536121859	7844
6404	0.497121743168603	7845
5027	0.496907736659406	7846
2916	0.496682947780238	7847
8435	0.496398032211977	7848
1406	0.4961551385993	7849
79136	0.496132485568825	7850
51411	0.495899429066174	7851
93323	0.495807700696953	7852
100132815	0.495753175471241	7853
4973	0.495256036832956	7854
80142	0.495162494358737	7855
57508	0.495151537611631	7856
163351	0.494733782971279	7857
56911	0.494696023423204	7858
3117	0.494620800475468	7859
130013	0.494554548495362	7860
23601	0.494533090012459	7861
107075116	0.494427983697882	7862
11061	0.494095440964035	7863
100533178	0.493838831342318	7864
140890	0.493613241480963	7865
84446	0.493543919369997	7866
7097	0.493302939915029	7867
619279	0.493198147450792	7868
2587	0.49311948908639	7869
11277	0.49278521710012	7870
6902	0.492635156964187	7871
56953	0.492632858205563	7872
54627	0.49216245058603	7873
9587	0.492123163090664	7874
80152	0.491910515630295	7875
10647	0.491370821087131	7876
90632	0.490672908451221	7877
105370752	0.490647098814252	7878
285613	0.490642449755728	7879
7805	0.489971289482786	7880
23096	0.489309685783323	7881
8560	0.488874345903246	7882
1261	0.48870150736672	7883
101927869	0.488300758913078	7884
102723932	0.488132691405121	7885
1676	0.487940016099978	7886
10117	0.4879173370177	7887
642696	0.487763524289554	7888
6915	0.487664338411229	7889
1143	0.487090788594021	7890
27299	0.487069037897337	7891
3000	0.486860870090625	7892
65268	0.48679841529304	7893
10190	0.48637594067802	7894
26	0.485787921153677	7895
93100	0.485058143454635	7896
26030	0.484984489589018	7897
285463	0.484331757627365	7898
120379	0.484037335794232	7899
28960	0.483898688620956	7900
8884	0.483897842841108	7901
28983	0.483727667514359	7902
148523	0.483595385173376	7903
8131	0.483423456015563	7904
100302740	0.483233594073984	7905
5406	0.483116880760173	7906
126119	0.483021903271519	7907
414236	0.482538186749837	7908
57636	0.482474755604465	7909
100506305	0.482353054100833	7910
57575	0.482224577085991	7911
126205	0.482181393050326	7912
102800310	0.48209561219838	7913
2016	0.481886077364256	7914
55784	0.481436281017389	7915
9848	0.481181390096019	7916
53632	0.481082637292449	7917
79922	0.480284427311813	7918
924	0.4801764404545	7919
3687	0.480143208326093	7920
10534	0.480062832132379	7921
23	0.479731195907128	7922
2877	0.479222020944846	7923
81605	0.478229545931605	7924
2747	0.478050683959941	7925
51496	0.477985775330142	7926
31	0.477758048449151	7927
89872	0.47736101112359	7928
6725	0.477111403201048	7929
55374	0.476889914761949	7930
427	0.476556698739866	7931
4632	0.47617235157173	7932
57574	0.476149624732463	7933
222894	0.476056916342852	7934
4068	0.47556419136833	7935
26031	0.47548578113766	7936
101928684	0.474939033683444	7937
286076	0.474677021097062	7938
23191	0.474506276425344	7939
23547	0.47432503866131	7940
10234	0.473468508525632	7941
283932	0.473128116128084	7942
284099	0.472688537837357	7943
54514	0.472581927935425	7944
8798	0.472193199719159	7945
8396	0.472087824747433	7946
339965	0.471927874331314	7947
3619	0.471780282158762	7948
84203	0.471287644115345	7949
729238	0.471101854636466	7950
54622	0.470891312729198	7951
2769	0.470639194295037	7952
83987	0.47031590877136	7953
390066	0.469960010339345	7954
285556	0.469743294556117	7955
51438	0.46972231169181	7956
5923	0.469548514779031	7957
166752	0.469352738316453	7958
88	0.469016028781796	7959
79023	0.468965414938235	7960
285759	0.468931485041794	7961
57504	0.468854075735745	7962
5347	0.468769329683472	7963
222662	0.468482144088689	7964
115939	0.46839177324347	7965
100289187	0.468358621219954	7966
328	0.467661362708998	7967
159296	0.467490380343529	7968
5004	0.467423616040501	7969
107987337	0.467061284356084	7970
4795	0.466746113665277	7971
100101266	0.466430748843737	7972
5229	0.46638657511577	7973
344405	0.466043934108284	7974
339476	0.466035321533446	7975
84954	0.465950630666973	7976
1990	0.465882386091751	7977
4005	0.465879734456374	7978
440515	0.465660261698489	7979
11273	0.464483987216175	7980
6336	0.464418894449331	7981
79954	0.464129195777258	7982
5450	0.464120866706396	7983
5971	0.464011700261546	7984
26092	0.464000038334011	7985
221477	0.46336708190388	7986
23137	0.463257976074219	7987
2047	0.462780735487999	7988
85363	0.461677619543291	7989
51213	0.45954351509865	7990
9901	0.459179827680314	7991
50807	0.458607715086178	7992
65267	0.458348664684331	7993
101929410	0.458341626226097	7994
284648	0.458169355678199	7995
405753	0.458046336398556	7996
101927220	0.457787984424818	7997
79230	0.457731734375944	7998
1659	0.457057156578342	7999
389206	0.456915903222126	8000
101929261	0.456884417817886	8001
5917	0.456218267631596	8002
8723	0.456021048645314	8003
2903	0.455826612714102	8004
2849	0.455464898845601	8005
28231	0.455451889631421	8006
8702	0.455333502050075	8007
79064	0.455142772559932	8008
286430	0.455075890499599	8009
2824	0.454897068700293	8010
283314	0.454262846358557	8011
440854	0.454099646816998	8012
2992	0.45383238119525	8013
3565	0.453705711405163	8014
105374947	0.453651832610337	8015
283234	0.453210224098262	8016
100294720	0.453118785623311	8017
1131	0.453099254124657	8018
201158	0.453065782273202	8019
50636	0.452958482939859	8020
23456	0.452951832398928	8021
146325	0.45253295148334	8022
84267	0.452040133786852	8023
9669	0.451956634335976	8024
30848	0.451946453294097	8025
150365	0.451922046941078	8026
338739	0.451837743634918	8027
1603	0.451574862596241	8028
100288198	0.451514878736964	8029
10242	0.451402448514015	8030
4154	0.451324216459551	8031
84929	0.451175042280298	8032
6778	0.451012600497806	8033
196410	0.450665379957865	8034
257169	0.45056612905201	8035
144577	0.450496698192162	8036
285331	0.450387238701432	8037
79033	0.449685106560184	8038
100129129	0.448969495905298	8039
622	0.448889632620546	8040
114026	0.448776210802975	8041
27036	0.448489308454331	8042
58160	0.447804312737244	8043
4643	0.447617043413706	8044
5515	0.447518699406619	8045
5126	0.447282536662778	8046
10481	0.447244654704451	8047
55168	0.447166505964085	8048
56130	0.446909099688712	8049
150135	0.446769423211146	8050
10747	0.44673086494929	8051
140469	0.446693933968177	8052
6223	0.44662028530191	8053
9950	0.446512755415071	8054
1124	0.446510765469088	8055
10678	0.446219338958455	8056
22884	0.446108791085087	8057
100506100	0.446088997171461	8058
478	0.445575992146221	8059
100287704	0.445425262490333	8060
780529	0.445198424863046	8061
56127	0.445184052647334	8062
5155	0.445027082965799	8063
100885778	0.444947460397236	8064
101927358	0.444247109327257	8065
114884	0.443329626403007	8066
4097	0.443177444965976	8067
246704	0.442914110899917	8068
100996325	0.442124875667776	8069
1828	0.441721536735416	8070
101928607	0.441691752249083	8071
7517	0.44134616679527	8072
285577	0.44117623494898	8073
1593	0.441159057054101	8074
1198	0.440931749773268	8075
10587	0.440920141937659	8076
727800	0.440844453275898	8077
28785	0.440807575701291	8078
400456	0.440490838169023	8079
58472	0.439860465848251	8080
64764	0.438870696036855	8081
105378067	0.438866620623789	8082
25847	0.438849016440277	8083
10223	0.438648786685702	8084
100506530	0.438554383709634	8085
80161	0.43839193204827	8086
23112	0.438004065358652	8087
440346	0.437930736168186	8088
139170	0.437823236492582	8089
100505920	0.437503709891421	8090
84759	0.437411575453825	8091
200558	0.436885033775119	8092
7253	0.436766975123446	8093
56963	0.436187662772622	8094
101928460	0.436040933990973	8095
8913	0.43567562976398	8096
4580	0.435289896955645	8097
100131138	0.434685795887871	8098
197196	0.433998690328459	8099
91662	0.433890068533321	8100
389058	0.43337485278324	8101
1822	0.433347336993252	8102
101928376	0.433166774893451	8103
149483	0.433001493293909	8104
55207	0.432871552188506	8105
128854	0.432551161789864	8106
51542	0.432314188310915	8107
161247	0.432121188344457	8108
84844	0.431964611370708	8109
338651	0.431677444552107	8110
80173	0.431194154279669	8111
29924	0.431190045728659	8112
100506753	0.431095436657962	8113
55659	0.430971390746427	8114
138046	0.430899741884761	8115
121214	0.430742784358866	8116
285191	0.430718468630148	8117
41	0.43024955143229	8118
8790	0.429753905221329	8119
56344	0.429523258343561	8120
729658	0.429512906434446	8121
51473	0.429394790319594	8122
440078	0.429231222810572	8123
102606465	0.429160750700529	8124
865	0.428978805326257	8125
83464	0.428552155210225	8126
158763	0.428256896759969	8127
619505	0.428112691897126	8128
51270	0.427777669548941	8129
55643	0.426641769335291	8130
837	0.426286420027653	8131
23413	0.425870928166182	8132
654433	0.42585794325289	8133
2846	0.425652895112345	8134
256764	0.425525953282119	8135
4216	0.425174474649679	8136
7543	0.425149963596896	8137
54886	0.425139172555141	8138
100506649	0.424958683254464	8139
402381	0.424922766012456	8140
100289061	0.424260431441102	8141
387707	0.423845607512854	8142
157310	0.423741972744035	8143
83741	0.422987550722418	8144
101929963	0.422478543514828	8145
51292	0.422465059214192	8146
10184	0.422400237011134	8147
11040	0.422178456577463	8148
26032	0.422058985308054	8149
2895	0.421410643310263	8150
65012	0.420684051078834	8151
931	0.420085331961109	8152
56990	0.420062505998485	8153
57215	0.420007839982075	8154
118	0.419735122003624	8155
101929657	0.419646164343258	8156
84131	0.419117969212971	8157
729967	0.418977241432885	8158
131034	0.418815211975545	8159
100506033	0.41852151422961	8160
100505547	0.418179506305304	8161
145741	0.418047424258507	8162
26873	0.417785904115213	8163
653145	0.417363592051857	8164
414245	0.417194522590812	8165
10672	0.416558009619505	8166
6689	0.41627243262182	8167
7259	0.415933253757085	8168
219681	0.415483066067365	8169
3884	0.414628703535802	8170
8651	0.414599118521725	8171
2566	0.413909864183691	8172
2322	0.413493741133289	8173
84842	0.413113004744693	8174
79783	0.413019812841068	8175
729652	0.412903614642498	8176
101927467	0.412752988863283	8177
100507421	0.412737150459825	8178
54664	0.411996366241376	8179
245932	0.411974889553799	8180
105370549	0.411915578339892	8181
221264	0.411841308417054	8182
10328	0.411665377747185	8183
23633	0.411427842124313	8184
100422212	0.411370950991376	8185
1911	0.411337097786987	8186
60489	0.41109832547304	8187
27030	0.41100188721895	8188
23209	0.410211702928124	8189
170691	0.410068416813626	8190
3814	0.409598494070625	8191
4137	0.408880666109129	8192
11097	0.408624932999531	8193
10361	0.408596771012014	8194
8356	0.40821214031587	8195
81532	0.407986037334645	8196
90853	0.407673568949028	8197
11124	0.407495548255075	8198
1870	0.40740357364115	8199
1447	0.407186391995712	8200
124925	0.406729805641926	8201
84856	0.40660822280899	8202
10666	0.406504013814592	8203
90809	0.406353237066185	8204
80119	0.406238695040799	8205
57728	0.406044194573997	8206
10618	0.405989117955604	8207
105379178	0.405744982167224	8208
100126784	0.405377073910144	8209
339751	0.40534691229984	8210
9326	0.405087750527624	8211
83450	0.404951385173324	8212
138716	0.404805280691626	8213
9211	0.404714610473428	8214
8929	0.404645857234708	8215
284835	0.404445458757341	8216
8995	0.404103216757148	8217
101929239	0.40403821914692	8218
84444	0.403857846114378	8219
84852	0.403852495125638	8220
24140	0.403504204386054	8221
10144	0.403389539122511	8222
100287015	0.403036757676812	8223
3066	0.402777199812507	8224
10299	0.402667278672135	8225
23293	0.402051061789208	8226
100507428	0.40202892516199	8227
84135	0.402012627874275	8228
1381	0.401654624918767	8229
53344	0.401483794387088	8230
349160	0.401455982012672	8231
389084	0.401433810959647	8232
3398	0.400983435641535	8233
55225	0.400695103610699	8234
8996	0.400680022088241	8235
645191	0.400209836154466	8236
9189	0.400055928678566	8237
9258	0.39985487944846	8238
285540	0.398777615536754	8239
3490	0.398513983005723	8240
91975	0.398300979461068	8241
84957	0.39826067970773	8242
100506013	0.397603575724349	8243
55013	0.397383668969615	8244
27351	0.396831371722764	8245
55561	0.396604952720264	8246
56905	0.396536665768706	8247
100862704	0.396242511580404	8248
5968	0.396149386608298	8249
55320	0.396144859748677	8250
84847	0.395279133857068	8251
151987	0.395054053793347	8252
54926	0.395046264689112	8253
84065	0.394999146976404	8254
100506725	0.394986213057701	8255
55109	0.394952364899107	8256
2045	0.394897101185489	8257
23332	0.394650806051137	8258
4695	0.394604628270117	8259
113835	0.393873451910045	8260
162681	0.393669694610113	8261
50939	0.393545016603294	8262
150568	0.393544698089112	8263
757	0.393424857155171	8264
5079	0.39284295113584	8265
140823	0.392815354037396	8266
2295	0.392677881351629	8267
23022	0.392492098480238	8268
101927152	0.392386704286614	8269
81615	0.392044954026183	8270
6785	0.391807677487538	8271
30812	0.391779892704692	8272
51700	0.39126734056752	8273
4118	0.390872792176913	8274
3218	0.39042695282822	8275
26984	0.390414140298253	8276
3274	0.390387785887487	8277
3552	0.390125865100649	8278
29035	0.39005816693978	8279
6783	0.390046217724247	8280
727944	0.389828051887935	8281
85397	0.389553398188025	8282
10761	0.389174577536174	8283
54900	0.38908761902402	8284
162239	0.389009646361953	8285
51324	0.388819880983183	8286
349408	0.388613090652867	8287
245973	0.388566113799415	8288
101929074	0.38850990666359	8289
171389	0.388385913633089	8290
53407	0.388366259734817	8291
7132	0.388083035512778	8292
84689	0.387890500417539	8293
128414	0.38735469134533	8294
952	0.3872963776599	8295
57146	0.387253493798476	8296
56907	0.387226076685059	8297
64983	0.387084729556512	8298
22919	0.386815809312952	8299
646168	0.386353381555737	8300
101928922	0.386259519899212	8301
51026	0.386208037948257	8302
55893	0.386187657772526	8303
152274	0.385580979336027	8304
129446	0.385129655116873	8305
57804	0.385060721769877	8306
9077	0.384753818799194	8307
65998	0.384669829985224	8308
84651	0.383798712085135	8309
404550	0.383646465518253	8310
203562	0.383423600058154	8311
140875	0.383208541792528	8312
147011	0.382797202674508	8313
178	0.382445611554417	8314
23312	0.38207119668691	8315
55285	0.381714682509482	8316
102724009	0.381427210374863	8317
55603	0.380696988940995	8318
1816	0.379171626537489	8319
4633	0.37912389270677	8320
101928173	0.379123479041656	8321
7134	0.379040482576161	8322
100505918	0.379008725771138	8323
100130452	0.378820828884006	8324
100506302	0.378569078933901	8325
101929315	0.377860586895198	8326
105373383	0.377495860146187	8327
388569	0.376530273817226	8328
441054	0.376368715789234	8329
51130	0.37624400091942	8330
4985	0.376139438354293	8331
353174	0.376091069507547	8332
100507600	0.375860832330464	8333
9917	0.375812017617391	8334
25824	0.375537177756063	8335
5553	0.375536623272986	8336
64582	0.375461941717564	8337
105	0.375296838389062	8338
101927502	0.374952944733809	8339
768	0.37490613551197	8340
93953	0.374792844602987	8341
8333	0.374446032116003	8342
256021	0.374264792966049	8343
10093	0.37347420621013	8344
52	0.373099968818199	8345
100506901	0.372909859769618	8346
8048	0.372800644396739	8347
56131	0.372605305822716	8348
1674	0.37253428558683	8349
26286	0.372491986920927	8350
574414	0.371946185285191	8351
100861553	0.371915100416149	8352
8452	0.37184135219639	8353
54542	0.371510905227464	8354
8732	0.371487773440763	8355
1949	0.371119087693649	8356
100288590	0.371072589510525	8357
199223	0.370921065724983	8358
55544	0.370885751217525	8359
56834	0.37054865650519	8360
629	0.37035595979413	8361
283129	0.369975122702586	8362
23510	0.369924078827079	8363
7270	0.369232069632701	8364
90407	0.369209604702002	8365
105371071	0.36919120533609	8366
64410	0.36896350323971	8367
55253	0.368886065412009	8368
2792	0.368574818023216	8369
63905	0.368547839971204	8370
9099	0.368467460489065	8371
266747	0.368388831293928	8372
9900	0.368288246954478	8373
55278	0.368096963693971	8374
10333	0.368048525294715	8375
201965	0.367590864523498	8376
10804	0.367529111595722	8377
29116	0.367267727939532	8378
399694	0.367237904477441	8379
100505746	0.366686582940489	8380
284805	0.366509866699379	8381
4043	0.366122425797627	8382
51264	0.366058226986018	8383
93190	0.365999364914787	8384
728716	0.365607428217059	8385
100506713	0.365265377242001	8386
90874	0.365208522127631	8387
100505758	0.364908702880991	8388
100144596	0.364777731509242	8389
83844	0.364285122022328	8390
4626	0.363991097995191	8391
374897	0.363464534983568	8392
782	0.363443134946115	8393
100130958	0.363128447631774	8394
826	0.3628739762942	8395
65109	0.362773147801852	8396
3166	0.362682322423712	8397
85442	0.362528964097458	8398
2891	0.362493970642261	8399
100505545	0.362483269654057	8400
101926942	0.362244883989616	8401
3171	0.36180054171749	8402
131669	0.361525591390302	8403
5071	0.361417604296528	8404
5900	0.361321563730798	8405
6871	0.360787840801291	8406
57664	0.360319710199522	8407
55282	0.360252210810579	8408
26651	0.360009238392516	8409
25764	0.359889511099709	8410
51260	0.359849251919115	8411
3128	0.359757414064607	8412
128434	0.359727400586013	8413
3004	0.359404761752733	8414
84548	0.359106707983587	8415
57127	0.359051526736062	8416
1581	0.35894000591146	8417
54863	0.358135926669194	8418
7471	0.358054928291416	8419
55741	0.357698773251556	8420
57107	0.357455884966946	8421
11184	0.357050402401444	8422
131601	0.356853008910092	8423
5277	0.356845030085964	8424
29074	0.356715179299733	8425
503637	0.356200684282876	8426
6927	0.35613134501354	8427
5129	0.356037810591891	8428
84083	0.355255148964645	8429
10586	0.354793778267488	8430
399668	0.354364626049631	8431
100216545	0.354032656526854	8432
79595	0.353479788498363	8433
646626	0.353475803954566	8434
759	0.353401743378857	8435
64210	0.353294710707674	8436
65985	0.353264059369376	8437
84072	0.353168889773485	8438
4606	0.353133213199388	8439
5245	0.352824660541073	8440
401494	0.35279836018624	8441
142689	0.352781980022175	8442
63895	0.352709859895317	8443
10718	0.35259452454036	8444
79809	0.352440471728612	8445
5719	0.352420488265772	8446
22917	0.352163604905799	8447
1678	0.351921836020088	8448
92304	0.351764054078247	8449
26538	0.351674510748658	8450
101929454	0.351196560739849	8451
3275	0.351155461333502	8452
3383	0.350502739873915	8453
8688	0.350383955893945	8454
26155	0.350047803912299	8455
58155	0.349887752018989	8456
6836	0.349783568859742	8457
101927552	0.349630182106367	8458
100128993	0.349461594025713	8459
651	0.349410618635546	8460
84879	0.349254403144397	8461
8874	0.34887185124058	8462
3756	0.348812355802491	8463
5218	0.348558456647558	8464
90050	0.348528885601443	8465
9038	0.34849217425083	8466
139420	0.348244664675957	8467
127829	0.348092963445803	8468
8228	0.347254612295911	8469
36	0.347097804866211	8470
51759	0.346822892002217	8471
102723809	0.346279668305895	8472
401551	0.346160646906698	8473
5698	0.345313973329885	8474
6658	0.345144417066279	8475
60592	0.345001233229085	8476
3198	0.344717559940509	8477
6526	0.344674746663064	8478
374890	0.34440105325194	8479
10845	0.344371015311013	8480
5619	0.343987727676709	8481
28656	0.343978782880657	8482
101928580	0.343682854790543	8483
3214	0.343640307766794	8484
889	0.343467949076516	8485
27288	0.343424052004607	8486
6157	0.343358256564628	8487
80271	0.342933109237995	8488
56033	0.342791318168567	8489
140873	0.342385486014182	8490
152992	0.342190603316087	8491
23268	0.341572114846403	8492
10345	0.341562459638512	8493
152	0.341381585445288	8494
342977	0.34138024129566	8495
93661	0.341206837042933	8496
283688	0.341182213907831	8497
50835	0.341112155575505	8498
105369602	0.340858976310591	8499
51225	0.340377216606229	8500
5868	0.340242252926203	8501
22887	0.340205279146166	8502
51263	0.339985832182272	8503
26531	0.339496322301641	8504
402055	0.339482533017406	8505
5054	0.339338674333448	8506
101929109	0.339294055904226	8507
10637	0.339248747321413	8508
3270	0.339067525133799	8509
7832	0.339008586617629	8510
84294	0.338932440938497	8511
105378349	0.338747777666963	8512
3788	0.338722484610121	8513
100507254	0.338688887363079	8514
1510	0.33850321063382	8515
7762	0.338016787255002	8516
1745	0.337890643821224	8517
120425	0.337877263929482	8518
153218	0.337499777860694	8519
2547	0.33743646976839	8520
4761	0.33733929552866	8521
7827	0.337328733630736	8522
5511	0.337107863020376	8523
4189	0.337019517239606	8524
8867	0.336792002735125	8525
89894	0.336640834242049	8526
101929524	0.33657047102356	8527
162962	0.336514879492441	8528
84824	0.33607142748628	8529
79705	0.335824053004339	8530
4201	0.335388901611606	8531
83869	0.335093613955608	8532
165186	0.334977552635359	8533
286083	0.33442975184362	8534
128817	0.334369825610974	8535
633	0.334361092635096	8536
5653	0.334287331107873	8537
2137	0.334157214201475	8538
9681	0.333971933007635	8539
1577	0.333582223020763	8540
6897	0.333515685392487	8541
101929188	0.333050329831631	8542
79441	0.332926322094709	8543
83879	0.332919960798789	8544
200959	0.332443560431823	8545
112770	0.331403434257687	8546
8028	0.331244384713663	8547
8808	0.331238825211305	8548
127703	0.331128280545392	8549
5896	0.330447817415155	8550
57459	0.330385301555395	8551
961	0.330055568149817	8552
5026	0.32955175731353	8553
51194	0.329340771127723	8554
55676	0.32908842986249	8555
100861573	0.329063835448733	8556
102723506	0.328980691185519	8557
79590	0.328764144238424	8558
11218	0.328457512621538	8559
23450	0.32831698425882	8560
100505912	0.327875626211928	8561
105378577	0.327872389429818	8562
100507299	0.327711261190667	8563
100873964	0.327314716570817	8564
284240	0.327152493019142	8565
2796	0.327040548723828	8566
5037	0.326958271471282	8567
23266	0.326797093362332	8568
114041	0.326441650851581	8569
22803	0.326346066977682	8570
10021	0.326310647037109	8571
100131897	0.325936168632915	8572
127002	0.325807822036677	8573
23248	0.325733090665813	8574
353514	0.325656663391886	8575
8632	0.325629840014389	8576
81930	0.325558159963435	8577
7799	0.325117580825242	8578
10648	0.325070551119439	8579
84340	0.324793650846202	8580
9772	0.324438685893592	8581
2006	0.324381514291616	8582
9623	0.323851981405027	8583
2301	0.323669808589147	8584
608	0.323622424085873	8585
23272	0.323352496617902	8586
101927021	0.323206396399518	8587
153469	0.323187632661089	8588
101928999	0.322999394769177	8589
143471	0.322902623259615	8590
56287	0.322863352550686	8591
56252	0.322774295287	8592
25879	0.322745924303258	8593
124961	0.322730720432966	8594
11181	0.32240810933508	8595
10011	0.322380747372425	8596
28409	0.322163151970625	8597
84148	0.322148357747	8598
100507044	0.32212849965522	8599
197370	0.322116236405055	8600
255512	0.322089676414793	8601
3553	0.322046273434225	8602
100996702	0.322007286621987	8603
402643	0.3219996240683	8604
101927348	0.321880341142099	8605
7267	0.321732417970817	8606
9896	0.321505646172115	8607
2355	0.32149279554752	8608
84888	0.321458408190345	8609
8972	0.321255094321388	8610
6049	0.321194742601962	8611
2775	0.321088894055285	8612
10813	0.320263325571555	8613
64784	0.320131926856691	8614
92340	0.320004801367693	8615
100505478	0.319904399701231	8616
105375769	0.319880063824659	8617
29122	0.319680194637811	8618
339105	0.319648485197866	8619
127579	0.319342070632557	8620
27324	0.319224645959479	8621
645188	0.319223681043574	8622
3612	0.319214196925766	8623
1128	0.318705312979287	8624
93550	0.318585779774766	8625
50652	0.318366587919114	8626
79857	0.318019352409225	8627
9310	0.317927484069504	8628
10282	0.317338117286661	8629
100505879	0.317292762718236	8630
10331	0.316955766391515	8631
144245	0.316950412918487	8632
2981	0.316759043019193	8633
2304	0.316753957095268	8634
10978	0.316636463383967	8635
79016	0.316632414065061	8636
343071	0.316213927254886	8637
116179	0.315656334444596	8638
797	0.315526488852435	8639
10781	0.315000523769442	8640
3060	0.314975002178021	8641
3655	0.314786680122267	8642
2915	0.31464465136789	8643
29950	0.313899297703284	8644
158830	0.313855366829222	8645
375057	0.313594649374794	8646
100996246	0.313507594493806	8647
102724511	0.312569948737296	8648
5739	0.312396652505815	8649
55697	0.312295989271349	8650
84455	0.311971738395154	8651
11005	0.311902461426015	8652
114043	0.311754844068095	8653
92689	0.310957421550888	8654
5314	0.310796467724278	8655
627	0.310776230210096	8656
8437	0.310667683019927	8657
254013	0.310622223057906	8658
6624	0.310610668032685	8659
2275	0.310585658900695	8660
7266	0.310169627460936	8661
57523	0.309953304763249	8662
84187	0.309884164782488	8663
219621	0.309780718852343	8664
79873	0.309698776157413	8665
28234	0.309563582768475	8666
26664	0.309456136509749	8667
106481339	0.309344003744897	8668
100131303	0.309339729908222	8669
647323	0.309329919952278	8670
221400	0.309129375275527	8671
79618	0.308532639858926	8672
3547	0.308293242811885	8673
9534	0.308252065912797	8674
4671	0.308073294553209	8675
4185	0.308064975941176	8676
6236	0.30800068825191	8677
118670	0.307981213438524	8678
10578	0.307747255696913	8679
145978	0.307533534161433	8680
27243	0.30725044850937	8681
28299	0.30723159455123	8682
23636	0.307189881005732	8683
11154	0.306905107598876	8684
253128	0.306547806745933	8685
51171	0.306497075362562	8686
1854	0.306282702764954	8687
654780	0.306236670166348	8688
9992	0.30617729142197	8689
146771	0.30612302929666	8690
9750	0.30565391032556	8691
340602	0.305621617170009	8692
84236	0.305168336098849	8693
100874034	0.30515484138793	8694
51738	0.305029245056782	8695
23029	0.304331943784235	8696
245806	0.304167916562721	8697
79802	0.304123698482635	8698
400759	0.303794673887061	8699
84457	0.303431563447022	8700
9480	0.302671599152377	8701
3360	0.302376957222222	8702
285548	0.302317051355271	8703
105374869	0.302115311816883	8704
64834	0.302112719211875	8705
11153	0.301620535105188	8706
29965	0.301486203017525	8707
157570	0.30129486841045	8708
3028	0.301123785734851	8709
8520	0.300974809288896	8710
1813	0.300875131613151	8711
60386	0.300616663144413	8712
54440	0.300553597800606	8713
84536	0.300496549657664	8714
440131	0.300031912763704	8715
6585	0.299993196706981	8716
348262	0.299866901706511	8717
29883	0.299754157981275	8718
51379	0.299634868116661	8719
2244	0.298849621930112	8720
9263	0.298782923064412	8721
155061	0.298550816582808	8722
55853	0.298352170215725	8723
57718	0.297386214137652	8724
6160	0.297191758636967	8725
100499194	0.29715678467902	8726
5444	0.297116016392515	8727
140625	0.296475410365014	8728
150248	0.295484501191227	8729
64431	0.295465124752145	8730
6801	0.295365886981641	8731
114827	0.295307899942177	8732
3593	0.294857757332287	8733
101927447	0.294506602293577	8734
5266	0.293725627639664	8735
11338	0.293707053403531	8736
27151	0.293620412479371	8737
165055	0.293549992000013	8738
26576	0.293300546992353	8739
4045	0.293280629595904	8740
3140	0.293153580189614	8741
26232	0.293149930737091	8742
197322	0.292922172556493	8743
28773	0.292773178290753	8744
497189	0.292657616370007	8745
140679	0.292603398283548	8746
80157	0.292579900359803	8747
11227	0.292512542305909	8748
128826	0.292135448865792	8749
3700	0.292044059284816	8750
6456	0.291801616386885	8751
81619	0.29150883374444	8752
419	0.291421138804313	8753
55863	0.291418583637496	8754
3860	0.291352571547517	8755
101928107	0.291190096106285	8756
114900	0.29108714278759	8757
6279	0.291073622129586	8758
60482	0.290985804263433	8759
57592	0.290556019465547	8760
414771	0.290323018912201	8761
102724612	0.290235208713591	8762
9064	0.290161658640472	8763
101928424	0.290158106226952	8764
153770	0.290053948136933	8765
51195	0.289743730160631	8766
1827	0.289675827541029	8767
23509	0.2896442108101	8768
6602	0.28950615644553	8769
112609	0.28937488995002	8770
1041	0.289362162629114	8771
5452	0.289288167341826	8772
81029	0.289204497013341	8773
2880	0.289103463530454	8774
545	0.28897167409508	8775
7556	0.28897121798674	8776
147699	0.288540255179003	8777
29925	0.288448477902931	8778
285126	0.288419686026924	8779
55390	0.288363561841433	8780
79856	0.288283702875693	8781
26750	0.288160624137061	8782
7080	0.28813826412382	8783
26242	0.288127239361615	8784
441052	0.288125944063393	8785
682	0.287895473811061	8786
221481	0.287807306715277	8787
116511	0.287474229402669	8788
5685	0.287343527472551	8789
79652	0.287342853793049	8790
340578	0.287333482703775	8791
10765	0.287102527560264	8792
145694	0.28704989216081	8793
100506585	0.286841420574791	8794
65988	0.286833943739068	8795
285848	0.286460045088694	8796
64924	0.28644670967951	8797
101927422	0.286405533603086	8798
283455	0.286353044120831	8799
150622	0.286348050262742	8800
92737	0.286293393175807	8801
6642	0.286275862539293	8802
100852407	0.286033016589645	8803
10913	0.285916437955986	8804
11329	0.28560260453364	8805
3007	0.284705867543033	8806
10344	0.284672110878139	8807
646241	0.284671870270061	8808
25897	0.284653733723182	8809
256472	0.284506862705609	8810
282566	0.2840123373011	8811
440307	0.284011198913347	8812
116461	0.283712484886794	8813
84978	0.283569709106451	8814
93010	0.283371321348801	8815
84719	0.28246535881206	8816
23254	0.282382731662094	8817
3780	0.282103103211353	8818
28659	0.281993975039363	8819
114049	0.281854812529752	8820
149837	0.281664139900407	8821
65243	0.28163173749194	8822
1508	0.281369990997922	8823
124590	0.281129126449811	8824
26050	0.281000033686566	8825
79867	0.280747927853399	8826
100129620	0.280564381738051	8827
101929730	0.280046958460092	8828
101928335	0.280025420459955	8829
654841	0.279909249609063	8830
4923	0.279103673650556	8831
50700	0.278637420076313	8832
26059	0.278208641951572	8833
100505583	0.278118520206285	8834
100421577	0.277958784046035	8835
642946	0.277888518420317	8836
9114	0.277549080137253	8837
283335	0.277518698490801	8838
6559	0.277504374599238	8839
29914	0.277402127967604	8840
160287	0.277196863945223	8841
55312	0.27709851749102	8842
6571	0.276981047848944	8843
10643	0.276923167924692	8844
105378011	0.276877348608816	8845
221785	0.276568703629246	8846
3061	0.276552231897571	8847
8506	0.276307312222079	8848
54798	0.275815302990348	8849
51458	0.275628759251817	8850
5053	0.275315055191941	8851
85313	0.275264283324513	8852
2962	0.274766381994565	8853
9122	0.27452797815841	8854
153364	0.274475900681602	8855
127495	0.274423668199919	8856
341947	0.274381605869419	8857
51643	0.274297425264469	8858
116448	0.274281366877986	8859
3421	0.273893245698304	8860
340371	0.273732039076103	8861
80317	0.273691683425019	8862
3765	0.273657242500345	8863
57461	0.273549281717371	8864
5691	0.27346935620537	8865
56901	0.273413312366784	8866
51373	0.273218468003474	8867
10771	0.273169461274407	8868
1460	0.272261475071933	8869
5121	0.27186182809083	8870
64386	0.271827925906973	8871
646982	0.271808996295708	8872
119	0.271767796749565	8873
100130476	0.271503477186912	8874
107984208	0.271470075899682	8875
3304	0.271425616887627	8876
10714	0.271413594927548	8877
101927221	0.271394699827087	8878
9378	0.271157525690582	8879
23457	0.270839073460161	8880
115704	0.270459020930262	8881
57470	0.269829930217585	8882
1212	0.26938423662675	8883
101928778	0.269244802289709	8884
131177	0.269000040935939	8885
6339	0.268978072631534	8886
101927098	0.268907486548853	8887
5351	0.268847360428393	8888
84830	0.268746458074422	8889
100505555	0.26850527839164	8890
64101	0.268054918852172	8891
4900	0.267931349084899	8892
53981	0.267646491390766	8893
29072	0.267513246826914	8894
26085	0.266859713528129	8895
5803	0.266365642885091	8896
2323	0.266339173727574	8897
9782	0.266302377461456	8898
79833	0.266220152085696	8899
100423041	0.266127926272993	8900
50848	0.266063860677402	8901
317781	0.265701422454	8902
101929196	0.265676490662323	8903
2898	0.265630932673698	8904
7169	0.265332266332089	8905
29777	0.26520028546701	8906
8326	0.265066255563214	8907
221044	0.264810812709558	8908
3958	0.26477969960149	8909
4860	0.264677721023714	8910
64975	0.264563706920941	8911
102467079	0.264461980817868	8912
6280	0.264414941702225	8913
92070	0.264359237639141	8914
11267	0.264327756735811	8915
101927640	0.264194315310825	8916
81629	0.264160648844261	8917
53345	0.264126693867987	8918
105376975	0.26411414263163	8919
27022	0.264109906574233	8920
55634	0.263817320481615	8921
389434	0.263289680030252	8922
79080	0.262757901228541	8923
10994	0.262670871778522	8924
5036	0.26166477223146	8925
64978	0.261538261951273	8926
8514	0.261420388034596	8927
28998	0.261267114412071	8928
148046	0.261158343718001	8929
1232	0.261122192059192	8930
8350	0.261083891469681	8931
83851	0.260958655572187	8932
79831	0.26063699335191	8933
128229	0.260185503648737	8934
5708	0.259937185204564	8935
101927865	0.259535773305083	8936
115353	0.259231575539418	8937
90196	0.259080853351011	8938
283483	0.258948993713628	8939
51499	0.258568512715851	8940
57493	0.258452532942193	8941
11278	0.25836887464732	8942
171482	0.258324440481265	8943
339778	0.25830486683818	8944
245934	0.257521548363957	8945
9048	0.257237744361202	8946
140711	0.256663527957143	8947
100128292	0.256610112863644	8948
57507	0.255754771262374	8949
5055	0.255661218198422	8950
56994	0.255658955179264	8951
51112	0.255642297340465	8952
6545	0.255556311184188	8953
6121	0.255262081998561	8954
51313	0.255112934229833	8955
23102	0.254865972175583	8956
203522	0.254424210633401	8957
55471	0.254273688220391	8958
6259	0.254067152911032	8959
149775	0.253813069958009	8960
10120	0.253567215505481	8961
100128079	0.253494978551662	8962
137735	0.253470130662721	8963
51275	0.253448948165475	8964
101930028	0.25309296308327	8965
374491	0.252780403044868	8966
11135	0.252697863996	8967
728192	0.252309065802799	8968
55683	0.251988710001108	8969
23230	0.251903617535215	8970
79849	0.25157671436874	8971
4717	0.251316913013004	8972
101060004	0.250847574582205	8973
55670	0.250716315938744	8974
9802	0.250556826668058	8975
1820	0.250235805714193	8976
53904	0.250074017989936	8977
56242	0.24966840398199	8978
5506	0.249385622639125	8979
27128	0.249208675099158	8980
11250	0.249121924540335	8981
132954	0.249023024513873	8982
80111	0.248908397911848	8983
644165	0.248866909077996	8984
23219	0.248828219635085	8985
105371734	0.248402035090342	8986
10568	0.248328282396125	8987
5021	0.24828794983957	8988
57828	0.248191941468981	8989
126868	0.24815256676141	8990
56604	0.247999260749475	8991
89766	0.247778728512274	8992
10717	0.247614701125281	8993
6396	0.247613574892094	8994
10642	0.247547264895456	8995
2834	0.247083624976933	8996
56288	0.246899226849489	8997
79865	0.246872390491933	8998
284930	0.245692659265003	8999
54726	0.245531138203988	9000
283160	0.245506803029195	9001
1244	0.245472568693462	9002
150160	0.245109410377071	9003
116138	0.24496795531343	9004
2395	0.244857658385413	9005
80006	0.244449436683092	9006
64422	0.244156197374319	9007
7032	0.244135215523479	9008
198437	0.243979878410063	9009
148423	0.243844601691139	9010
102724508	0.243733348014625	9011
57480	0.243457021111979	9012
10513	0.243152336188258	9013
100507034	0.242278631382904	9014
23519	0.242131595452605	9015
7462	0.242092892906732	9016
145858	0.241912580429954	9017
50859	0.241354850583722	9018
400548	0.241152860261731	9019
154865	0.241019431425108	9020
6005	0.240307760639671	9021
7565	0.240229108121032	9022
10426	0.240149140550246	9023
5213	0.239836876981844	9024
5192	0.239701115099647	9025
3054	0.239696030802653	9026
8988	0.239631501324954	9027
286103	0.239291466279363	9028
105379362	0.239210070555645	9029
3763	0.238985368019181	9030
5252	0.238883412166544	9031
647310	0.238499730857262	9032
23507	0.238474627601817	9033
101928535	0.238227038996061	9034
8970	0.238080213849697	9035
2042	0.238029634749151	9036
284348	0.237832055845989	9037
3437	0.237728633912359	9038
5980	0.237681365645808	9039
147276	0.237241467013417	9040
255167	0.237217927249888	9041
6835	0.236596191654736	9042
101926934	0.236504659789842	9043
203245	0.236499119951074	9044
140456	0.236413501738619	9045
971	0.235932190037439	9046
275	0.235921698367064	9047
9136	0.23590782831368	9048
3572	0.235825946042639	9049
583	0.235580061068253	9050
5081	0.235549054121936	9051
5729	0.235537733626572	9052
6702	0.235489858936864	9053
113263	0.235474116609915	9054
9984	0.235148628290375	9055
146547	0.235030962402844	9056
3035	0.234817328912611	9057
100506243	0.234717273876816	9058
283238	0.234708402269738	9059
3699	0.234567711176506	9060
54766	0.234488867013116	9061
26496	0.234410158469371	9062
726	0.234342295253778	9063
54497	0.234009304515028	9064
58498	0.233959790890358	9065
285819	0.233651101351224	9066
105369167	0.233027464584178	9067
340075	0.233005435844613	9068
10993	0.232957544104016	9069
441168	0.232949861013028	9070
101928243	0.232910192143732	9071
100996279	0.232834504790956	9072
6905	0.232624467453298	9073
259296	0.232485982125929	9074
2057	0.232413721940283	9075
342908	0.231814061486236	9076
59350	0.231637789890966	9077
729870	0.231593355153177	9078
126402	0.231317150103123	9079
118490	0.231277558088742	9080
6261	0.230974192591081	9081
28232	0.230496878228797	9082
9015	0.230487540805981	9083
1021	0.230432934473529	9084
100505915	0.23033717403234	9085
125115	0.230201027162813	9086
54832	0.229320765536549	9087
6547	0.229215942700574	9088
23232	0.229208834079269	9089
26099	0.229075858247297	9090
361	0.228904042711778	9091
5459	0.228819085362912	9092
101929372	0.228399141808217	9093
57715	0.228251255378447	9094
57151	0.228163366540671	9095
11247	0.227864724038672	9096
7166	0.227263338398524	9097
284390	0.22704062576157	9098
58525	0.226625993538841	9099
134637	0.226146344809475	9100
94240	0.22577379043845	9101
92483	0.225657069927768	9102
23787	0.225646140074301	9103
63928	0.225489692569703	9104
28974	0.225462554286999	9105
122525	0.224821744911827	9106
56894	0.224798742614865	9107
8290	0.224748161795739	9108
8794	0.224294849352009	9109
101928687	0.224139530408578	9110
3442	0.223874019113776	9111
27164	0.223863698482634	9112
79159	0.223805902789078	9113
7508	0.223717842784754	9114
154743	0.223575499233448	9115
101669762	0.223330708613269	9116
101928098	0.223275439818694	9117
7200	0.222242102033959	9118
758	0.222146863844128	9119
374407	0.221942866764006	9120
3769	0.221913103630479	9121
8766	0.221828671656009	9122
102724587	0.221731318834613	9123
57016	0.221078738764451	9124
113419	0.220873483607145	9125
421	0.220521471469703	9126
6632	0.220520470519107	9127
9551	0.220408684534938	9128
100192379	0.220357999562685	9129
340152	0.220266396387658	9130
340419	0.219991437970179	9131
348938	0.21974550216768	9132
593	0.219742078618853	9133
9701	0.219715276042103	9134
11262	0.219397498331673	9135
8862	0.219280027476063	9136
652276	0.219080141092336	9137
27154	0.218851728830435	9138
254773	0.217733351738252	9139
146512	0.217167384915321	9140
83956	0.217150275012896	9141
158297	0.217148461157709	9142
132430	0.217130201682227	9143
14	0.21697178829587	9144
29109	0.216735661262009	9145
9245	0.216491562276523	9146
5867	0.21639399270614	9147
100131655	0.216024777402142	9148
101928190	0.215616463689209	9149
728039	0.215494432788561	9150
100287227	0.215491494432009	9151
100507217	0.215433089205301	9152
1833	0.215007510634937	9153
118856	0.214649326624987	9154
339416	0.214296174444494	9155
92935	0.214241621539591	9156
56937	0.214197715146293	9157
51477	0.213106047759866	9158
392307	0.212949930668666	9159
978	0.212586300142388	9160
115019	0.212421342529826	9161
51398	0.212366896381919	9162
10827	0.21215592150009	9163
146395	0.211843365924574	9164
148738	0.21184312940471	9165
55321	0.211542843354723	9166
115361	0.211222066608004	9167
220963	0.211140972107835	9168
101926951	0.210762779041573	9169
1810	0.210603326336559	9170
6706	0.210055510982826	9171
23118	0.209840865987022	9172
8784	0.209782761819029	9173
55089	0.209777174544607	9174
79741	0.209648929454873	9175
23189	0.209593629996566	9176
3239	0.209556155880304	9177
163882	0.208514729618674	9178
196541	0.208183938536818	9179
55721	0.207991092971712	9180
83850	0.207078212183593	9181
101927647	0.20660402002853	9182
92196	0.20632373071486	9183
54944	0.205997018640938	9184
10320	0.205795808414783	9185
10211	0.205145670660372	9186
574029	0.205023381720211	9187
10895	0.20479435243377	9188
491	0.204759439372634	9189
11095	0.204725586869915	9190
55010	0.203969390185243	9191
53838	0.203828038817111	9192
9647	0.203344381569432	9193
150992	0.203287065507455	9194
113201	0.202885729436541	9195
5892	0.202775301824469	9196
9788	0.202559975302849	9197
101929272	0.202412953410958	9198
154822	0.202263787862235	9199
8242	0.201644669060263	9200
3276	0.201459801568907	9201
28680	0.201457174169224	9202
25763	0.201324761883223	9203
64184	0.201311972589266	9204
23236	0.201265700634304	9205
8128	0.200287070485322	9206
84623	0.200075533053279	9207
65062	0.19986845541093	9208
10221	0.199558743383082	9209
115548	0.199427754538484	9210
8836	0.198918753882684	9211
22843	0.198841039285588	9212
5409	0.198577218522393	9213
6513	0.198478780178304	9214
221914	0.198316704551044	9215
221301	0.198138331415728	9216
23017	0.198098670082464	9217
114769	0.197889846680858	9218
344018	0.197635492746639	9219
54931	0.19757967420069	9220
883	0.197483343359996	9221
5244	0.197474407763487	9222
101928707	0.196869664339398	9223
125150	0.1967158730646	9224
4069	0.195652169904569	9225
463	0.195115843742986	9226
283624	0.195076374561706	9227
22996	0.194686017244552	9228
3043	0.194209642476078	9229
4166	0.19382127477653	9230
10575	0.193692031799024	9231
27121	0.193643803541055	9232
9411	0.19355664966494	9233
5510	0.193463630135806	9234
10	0.193360502797478	9235
23373	0.193307008339167	9236
387597	0.193295312915417	9237
9732	0.193256669686694	9238
50854	0.193190202989454	9239
56672	0.193087318067723	9240
8572	0.192970777507526	9241
175	0.192838866814066	9242
401324	0.192777915648797	9243
100505874	0.192487502129941	9244
55031	0.192290944760648	9245
81792	0.192258384373686	9246
84292	0.192097534436265	9247
26952	0.192057817795091	9248
26541	0.191439007510352	9249
2638	0.191245831195057	9250
84850	0.19075610948783	9251
8740	0.190481632064185	9252
100507605	0.190450783605946	9253
101929288	0.190263455796313	9254
5588	0.190216377714836	9255
1961	0.189810244714606	9256
390688	0.189748787421114	9257
134492	0.189684253121281	9258
1749	0.189032533578484	9259
101928741	0.188798602730239	9260
5884	0.188591695230239	9261
140700	0.188451856974502	9262
7412	0.188388785343928	9263
401588	0.188374271179872	9264
4715	0.188267038086926	9265
257062	0.188114009377222	9266
79583	0.187902025779568	9267
6419	0.187306566661172	9268
126069	0.187152386926061	9269
100130268	0.187066027366049	9270
55624	0.186307234526254	9271
22955	0.186289341219014	9272
23369	0.186041332594149	9273
1644	0.185630303659511	9274
5133	0.185271697959075	9275
100505676	0.185224435693497	9276
388564	0.185203006559809	9277
56180	0.18512653097181	9278
337879	0.184961196778988	9279
54413	0.184422804346871	9280
10591	0.184293265524333	9281
22845	0.184188657294716	9282
100996263	0.184177933170698	9283
63910	0.183670333608028	9284
91687	0.183669527728241	9285
85865	0.183333662618328	9286
5193	0.183282500321684	9287
127428	0.183069119375489	9288
4848	0.182252365739563	9289
1013	0.182099474095547	9290
646113	0.181799714435659	9291
339766	0.18175957644473	9292
22898	0.181317679289987	9293
170850	0.181041883029646	9294
102723167	0.180814977268821	9295
10385	0.180774667688932	9296
100506083	0.180771166188776	9297
84214	0.180729149283697	9298
259240	0.180677492675819	9299
51083	0.180559726534924	9300
27333	0.180182760973897	9301
56926	0.180075225305986	9302
26659	0.18003470306942	9303
51352	0.179612314139727	9304
79075	0.179563155444298	9305
272	0.179492686205084	9306
2149	0.179292849107764	9307
117532	0.179163788892621	9308
347404	0.178723046497384	9309
111216280	0.178520109391324	9310
11119	0.178056784464397	9311
57799	0.177562034428807	9312
23057	0.177258715216925	9313
101927224	0.177133653284709	9314
8501	0.177096091180941	9315
254187	0.176933922387805	9316
1819	0.176762780900711	9317
56666	0.176757880672096	9318
9506	0.176515882300902	9319
10017	0.176137742607841	9320
100652730	0.17593922384213	9321
4829	0.175767629265503	9322
286183	0.175484709583386	9323
286359	0.175208161330924	9324
57864	0.174213156475109	9325
128864	0.173816522678352	9326
3787	0.173812400965434	9327
54437	0.173758101678324	9328
90507	0.173751773691241	9329
84062	0.173527352462709	9330
554235	0.17332885202702	9331
55127	0.172908517411587	9332
27019	0.172423542748844	9333
100506686	0.172395899830627	9334
553158	0.172294540506731	9335
2831	0.171766362897385	9336
10396	0.171540933352291	9337
1457	0.17135911482627	9338
100874074	0.171293721034976	9339
6690	0.171162237552554	9340
100505576	0.170685912778515	9341
7419	0.170243256287372	9342
441666	0.16996561276802	9343
3507	0.169875309468932	9344
219578	0.169696979575359	9345
9518	0.169639549240414	9346
5106	0.169351805889958	9347
199692	0.169259387790182	9348
3890	0.169211010809629	9349
341032	0.168739044710159	9350
9407	0.168735798423368	9351
7535	0.168171284483985	9352
26260	0.16811542437658	9353
3776	0.16767934382054	9354
51667	0.16767269838759	9355
375189	0.1671009930771	9356
126638	0.167042415251542	9357
5015	0.166947977405827	9358
8341	0.166190433659048	9359
158401	0.165342261787145	9360
100652791	0.165215430968866	9361
7326	0.164575785263673	9362
653505	0.164430862501139	9363
101928519	0.164102958101726	9364
100852405	0.1640317695635	9365
51650	0.164007166473861	9366
57646	0.163991078586055	9367
399949	0.163903962221552	9368
80125	0.163903449389034	9369
101929693	0.163795928847961	9370
105373714	0.163648516651848	9371
729683	0.163505797201607	9372
29093	0.163429598975693	9373
7294	0.163414277246658	9374
100302691	0.163224259601959	9375
79727	0.163137950798148	9376
3730	0.162460271601829	9377
6514	0.162357505910414	9378
51118	0.162323297846911	9379
56660	0.162197382101513	9380
197003	0.161396021207894	9381
4853	0.160873991261029	9382
53832	0.160082399403357	9383
126014	0.160055357424808	9384
283999	0.159930486397732	9385
27345	0.159468744020661	9386
9447	0.159243933684174	9387
9610	0.159091844255717	9388
149992	0.158929556531791	9389
91748	0.158588215229659	9390
92912	0.158301350392186	9391
23620	0.157543357176355	9392
78986	0.157455910811834	9393
83755	0.15743422886341	9394
4110	0.157150685584898	9395
51233	0.157145700504595	9396
145483	0.156835101633916	9397
5438	0.156735547788394	9398
677844	0.156539134994575	9399
10842	0.156331715075066	9400
348158	0.156309999889978	9401
378825	0.156307496157955	9402
8291	0.155856210975081	9403
1029	0.155111172250216	9404
100506581	0.155004770230071	9405
285498	0.154961861396769	9406
81624	0.154589053739216	9407
6629	0.154402309896044	9408
2847	0.154354798265499	9409
375748	0.154301349838245	9410
144742	0.154270017438557	9411
100270680	0.15345834915783	9412
55214	0.153394309255031	9413
55746	0.153146486128941	9414
283254	0.152575488115449	9415
85457	0.152534913725578	9416
50852	0.152521663157828	9417
79155	0.152508629585507	9418
169966	0.152466628121937	9419
101928040	0.152349942193788	9420
10558	0.152318250140302	9421
58485	0.152084712135209	9422
151525	0.152002218395536	9423
105370479	0.151947642999159	9424
6300	0.151677434082305	9425
1984	0.151607205507607	9426
103352670	0.151595072387519	9427
27065	0.151159540721243	9428
254827	0.150920854702323	9429
2524	0.150627101593895	9430
55699	0.150293572548168	9431
203238	0.149863841566455	9432
400684	0.14974120274825	9433
9907	0.149671575865246	9434
203447	0.148976695020152	9435
4901	0.148698911667597	9436
8841	0.14863621736761	9437
9095	0.148458824305153	9438
55220	0.148142784077403	9439
79892	0.148046659961242	9440
54084	0.147659848948271	9441
25789	0.147393315465426	9442
56978	0.14730483601321	9443
25775	0.147230427869031	9444
22930	0.147139547912707	9445
6943	0.146863175522903	9446
29937	0.14664351898696	9447
27302	0.14645120956202	9448
105370027	0.146099807032051	9449
25928	0.145929395652843	9450
201516	0.145912177809926	9451
101927682	0.145524395147117	9452
400952	0.145479948392209	9453
27240	0.145276015781864	9454
3329	0.145269547528088	9455
105370997	0.144919509893638	9456
646023	0.144847325275474	9457
54541	0.1448348523332	9458
5407	0.144780156294561	9459
23244	0.144773667505109	9460
640	0.144616516106793	9461
493869	0.143656211613747	9462
8872	0.143606158137274	9463
51559	0.143402566618571	9464
9241	0.142999048403501	9465
348645	0.142856937290957	9466
54210	0.142768523338262	9467
23333	0.142416280233025	9468
26091	0.142059787749201	9469
29941	0.141994815871143	9470
285093	0.14195811707253	9471
55854	0.141489650934673	9472
126536	0.141456222225841	9473
51200	0.141295893890062	9474
2531	0.141006083071921	9475
154664	0.140960429560039	9476
149647	0.140881061476376	9477
64925	0.1407801083149	9478
152195	0.140754069663234	9479
285367	0.140201781583318	9480
55591	0.14008735449942	9481
55323	0.140027420745591	9482
442028	0.139889236918412	9483
1056	0.139508121720318	9484
8820	0.138996270909042	9485
285370	0.138958547464884	9486
170954	0.138917400948532	9487
3913	0.138874428553354	9488
28763	0.138862255123066	9489
54777	0.138690742995286	9490
56647	0.138599162497003	9491
6928	0.138360107045167	9492
93129	0.138259803003385	9493
9166	0.138225447094058	9494
2830	0.138145891826736	9495
266743	0.138056196556497	9496
100507507	0.13802670872982	9497
26974	0.137580521641377	9498
7221	0.137575075206881	9499
1968	0.137344857671321	9500
55118	0.137339871215222	9501
101927591	0.137283685997322	9502
9124	0.137025299360158	9503
403323	0.136676884870474	9504
55073	0.136365405942889	9505
379	0.136315195054331	9506
105378052	0.136129793924498	9507
84284	0.136121613980074	9508
4887	0.136102263290942	9509
404266	0.136087332859658	9510
122416	0.13599238407554	9511
5683	0.135727143389194	9512
9962	0.134865444610496	9513
59336	0.134764287250036	9514
8001	0.134609980362265	9515
189	0.134104788159032	9516
3797	0.133993762391528	9517
723809	0.133702650318257	9518
885	0.133571283215919	9519
1998	0.133281463661253	9520
122809	0.133214772726361	9521
3850	0.132937444965118	9522
287015	0.13274603141142	9523
55681	0.132697878270333	9524
101928273	0.13248355893367	9525
79635	0.132106014641476	9526
6833	0.131772225259636	9527
10803	0.131731752556798	9528
101927667	0.130921739103575	9529
139221	0.130919718842662	9530
27035	0.130715787762707	9531
57687	0.130695995584811	9532
63027	0.130530635373304	9533
9040	0.130375172868088	9534
100874021	0.130208972807175	9535
84657	0.129865511449808	9536
100505832	0.129756927559677	9537
259249	0.12974549981533	9538
340146	0.129734657401767	9539
1769	0.129644231280632	9540
834	0.129434900594742	9541
54467	0.128726401631452	9542
643401	0.12821267739732	9543
134429	0.128162688180311	9544
6222	0.128004906083847	9545
25818	0.127850404214983	9546
205147	0.127630249138474	9547
10594	0.127597879371658	9548
1838	0.126846035083432	9549
100506571	0.126066091949105	9550
10973	0.125901249866857	9551
81555	0.125758288085683	9552
100505601	0.125560232967758	9553
105370478	0.125520138692542	9554
3216	0.125409398805369	9555
79087	0.124902934153027	9556
146802	0.124836943318786	9557
163742	0.124729347575042	9558
79176	0.124622927784527	9559
7038	0.124538922193701	9560
57191	0.12452466211689	9561
83606	0.124518753602459	9562
4988	0.124498051920038	9563
100289683	0.12411048775021	9564
27341	0.123764364215622	9565
23463	0.123081461042698	9566
439990	0.122911742783742	9567
8440	0.122576210287066	9568
163404	0.122234706939214	9569
56261	0.122128902810228	9570
25946	0.121912763855954	9571
5498	0.121877860363702	9572
3786	0.121679430922815	9573
6208	0.121631973880999	9574
26281	0.121559898803301	9575
91351	0.121416293964671	9576
103695435	0.121406343740246	9577
150291	0.12136023436693	9578
6295	0.121258135227806	9579
64098	0.121220959233359	9580
181	0.121049306856927	9581
59340	0.120850571554296	9582
145942	0.12083937224506	9583
3965	0.120711202425019	9584
199746	0.120694944876952	9585
408263	0.120654746414981	9586
105371074	0.120181235913005	9587
724102	0.11992726193179	9588
84752	0.119836443109421	9589
101929511	0.119806982922824	9590
100507249	0.119758122320401	9591
5332	0.119440429305574	9592
913	0.119353792057479	9593
93663	0.118752340293128	9594
101927455	0.118243747844591	9595
150297	0.117964250701458	9596
84229	0.117437874047437	9597
101928790	0.11729484112212	9598
5030	0.117219634929267	9599
401282	0.117030821330956	9600
1401	0.117004249697409	9601
4103	0.116892787227306	9602
26239	0.116641972777944	9603
7350	0.116636816419606	9604
100505893	0.116280282023757	9605
6242	0.116167006763774	9606
100874253	0.11587378735051	9607
284260	0.115620757179631	9608
11219	0.115258255047632	9609
440556	0.114982699713555	9610
92552	0.114750604873976	9611
118663	0.114714244524764	9612
643988	0.11469481232746	9613
260436	0.114170057681381	9614
56300	0.113136856848951	9615
55284	0.112960634344167	9616
643037	0.112835966178462	9617
84989	0.112674085185333	9618
7780	0.111914248888892	9619
3195	0.111689926477631	9620
5291	0.111510703337406	9621
962	0.111164602845026	9622
5557	0.111110309427961	9623
101928973	0.111076712744437	9624
5147	0.110916416794252	9625
105374584	0.110901878816469	9626
139599	0.110871830314207	9627
80070	0.110640219689624	9628
102724449	0.110636893228142	9629
283248	0.110536855367889	9630
100874323	0.1104542638672	9631
9223	0.110343903123031	9632
28685	0.110264984641364	9633
6954	0.110143127310645	9634
5286	0.109686930763341	9635
6455	0.109561924322125	9636
100131454	0.109510442175523	9637
9929	0.10949829953156	9638
101927007	0.10911735963826	9639
728769	0.108887897195589	9640
220002	0.108762587534807	9641
51388	0.108519918078581	9642
27239	0.107859314588236	9643
9497	0.107783777798155	9644
28563	0.107722925392608	9645
238	0.10760980225081	9646
79086	0.107354760305259	9647
51322	0.107111647524977	9648
675	0.107006627860136	9649
9031	0.106911095060089	9650
117196	0.106876366912845	9651
8477	0.106510006896337	9652
257407	0.106357642920681	9653
101928597	0.106022365748639	9654
420	0.105139543094582	9655
340069	0.104916948212855	9656
55578	0.104898497621231	9657
1351	0.104792345868042	9658
1755	0.104658952820916	9659
4617	0.104390479098141	9660
606495	0.103784373875674	9661
57628	0.103382678713775	9662
200316	0.10333767596559	9663
80258	0.103293806526466	9664
7299	0.103253017495944	9665
100526833	0.103101317734369	9666
2862	0.103013691451595	9667
100128881	0.102899079568195	9668
64645	0.102726576211802	9669
85459	0.102535659866492	9670
55689	0.102419469551297	9671
100130705	0.102335395764292	9672
9118	0.102124402401115	9673
3886	0.102093126434339	9674
91050	0.101212081114011	9675
286256	0.100987430780265	9676
100652768	0.100900795907752	9677
25957	0.100762840853364	9678
23742	0.100569717175601	9679
57325	0.100415146010648	9680
6949	0.100346047543639	9681
80143	0.100308375403339	9682
152559	0.100201935073283	9683
100507351	0.100007174698279	9684
153769	0.0998293248680924	9685
23210	0.0996314592428238	9686
501	0.0996096872363034	9687
283025	0.0991885439807321	9688
57060	0.0991489118548686	9689
150209	0.0990152796866143	9690
56169	0.098915903387196	9691
389421	0.0982589604010005	9692
23019	0.0981182526945881	9693
100132078	0.0978616995371954	9694
751071	0.0977495572950875	9695
84070	0.0976292523392399	9696
374955	0.0972835854813117	9697
349667	0.0972705758252819	9698
105378688	0.0971803806494355	9699
100268168	0.0970848028776408	9700
105379627	0.0969419121747491	9701
125704	0.0967679535964877	9702
101928002	0.0967259963916321	9703
56998	0.0965851998403144	9704
90019	0.0964897679351419	9705
654429	0.0960683401392405	9706
5915	0.0956004364928286	9707
101928140	0.0951776635562286	9708
79073	0.0951118520714413	9709
90273	0.0946468828135312	9710
11172	0.0946098116574771	9711
5741	0.0943451670951655	9712
5913	0.0942297853917905	9713
101927944	0.0937830709340809	9714
84891	0.093506091387619	9715
23161	0.093485479150539	9716
2248	0.0934829896808048	9717
10553	0.0933866021679326	9718
26065	0.0933646446892242	9719
23560	0.0933436300840538	9720
57159	0.0932313478858563	9721
286207	0.0932046129004413	9722
100862697	0.0927529148514	9723
151449	0.0927033612266253	9724
473	0.0927005819338046	9725
4647	0.0923944945559084	9726
57057	0.0923734828169484	9727
342184	0.0919798523687317	9728
54505	0.0919544598718187	9729
51181	0.0918375890014738	9730
414319	0.0917718718596182	9731
7584	0.091751649668593	9732
4858	0.0916000607854369	9733
57611	0.0915960594931761	9734
100131347	0.0913540250622801	9735
105375240	0.0913120467739336	9736
11264	0.0910535926623227	9737
83659	0.0909035611695556	9738
202181	0.0908721129205325	9739
5075	0.090776904858561	9740
101928770	0.0906500255106488	9741
56967	0.0905196285939066	9742
5338	0.0903307061047562	9743
101928877	0.090132400562985	9744
345778	0.0899263215314975	9745
6728	0.089912872100614	9746
79054	0.0897508449074884	9747
100144603	0.0896745949026441	9748
29097	0.0896251939965426	9749
51455	0.089605891912231	9750
9074	0.089413625778117	9751
100505865	0.0894114282865128	9752
285961	0.0894051197724942	9753
10857	0.0893709226032117	9754
50624	0.0890184930363241	9755
1473	0.0883802526970608	9756
9762	0.0882390379331304	9757
554206	0.0881218354261339	9758
80270	0.0880363239180578	9759
5051	0.0879582108000246	9760
347442	0.0877739908697759	9761
9741	0.0876003252367947	9762
389634	0.0867899574063553	9763
10523	0.0865686061151505	9764
3196	0.0863744688838254	9765
138240	0.0862133617161094	9766
100419741	0.0861991196000547	9767
54544	0.0857718912660377	9768
157927	0.0857124351829702	9769
7979	0.0856907570406517	9770
338376	0.0854531069483254	9771
105375038	0.0852640998197068	9772
29071	0.0852559816335352	9773
23277	0.0851382378589864	9774
100506371	0.0851040486785123	9775
9617	0.0850048176240578	9776
80024	0.084966738133968	9777
27338	0.0848518617396679	9778
285941	0.0845937042473988	9779
6723	0.0844906330684169	9780
51297	0.084425838109376	9781
59344	0.0843204519760947	9782
646600	0.0842165401482978	9783
100129935	0.0840340831712638	9784
2742	0.0839247901215228	9785
6442	0.0837172585266261	9786
5317	0.083581205018031	9787
4723	0.0833366333168413	9788
80709	0.0830010800892932	9789
91869	0.0829783883765285	9790
729296	0.0825344970958921	9791
91156	0.0824859767921041	9792
284403	0.0824822152425387	9793
55336	0.0824039996870416	9794
56918	0.0819449132824258	9795
54106	0.0818879801077201	9796
56157	0.0814229623866048	9797
1776	0.0809208975209779	9798
26175	0.0807458375341149	9799
5675	0.0805197599778213	9800
284217	0.0804458416142755	9801
157739	0.080377407141994	9802
134860	0.0803252004735465	9803
6722	0.0801711480408586	9804
4038	0.0796095525067137	9805
65082	0.0796063363885728	9806
108	0.0794617770592778	9807
204851	0.079383473416121	9808
9420	0.0793515085459065	9809
101928022	0.0789454958987108	9810
146378	0.078536259657365	9811
283587	0.0784725278859488	9812
84867	0.0784543118791539	9813
55365	0.0783652317758235	9814
54839	0.0776623083542412	9815
3363	0.0776002968863047	9816
84859	0.0773958431276386	9817
339210	0.0773496288252398	9818
101929526	0.0767436859596642	9819
55631	0.0767289229465887	9820
50833	0.0764513375828271	9821
731	0.0764416095642266	9822
100141515	0.0763399900229502	9823
340357	0.0758585225290667	9824
7356	0.0758582555636805	9825
79074	0.0756341568359709	9826
116828	0.0751931099269814	9827
129831	0.0750796084965757	9828
152225	0.0748445358992067	9829
160298	0.074701298617222	9830
64333	0.0745488878955604	9831
54805	0.0742822866348775	9832
2840	0.0741902022708963	9833
64211	0.0741017652327777	9834
3074	0.0740522749996786	9835
26762	0.0739729911894325	9836
10134	0.0739090174573794	9837
6366	0.073877419142096	9838
6263	0.0737471958126541	9839
100506681	0.0736709175444621	9840
9792	0.0736407959894295	9841
4808	0.0734885896110943	9842
343035	0.0732216125531601	9843
51157	0.0727740679721788	9844
6695	0.0725878765976166	9845
55279	0.0725716780901853	9846
10949	0.0724606969968653	9847
10888	0.0723503579151917	9848
101927498	0.0722804610204529	9849
100507057	0.0722366526836486	9850
140701	0.0720379415267076	9851
202	0.0719646451271899	9852
129285	0.0718271521196615	9853
196	0.0718039620041459	9854
79369	0.071674907394817	9855
101928857	0.0715940584144495	9856
240	0.0712557297739928	9857
283807	0.0710615937278374	9858
266629	0.0707279276977123	9859
84310	0.0703759858970922	9860
151254	0.0700705076540905	9861
90933	0.0700612316936264	9862
653423	0.0695633173096298	9863
100507103	0.069533647612342	9864
3337	0.0693358485910321	9865
22916	0.0686381492480105	9866
3663	0.0680701724977698	9867
347365	0.0675686011522442	9868
114785	0.0674613360948986	9869
9334	0.0669025577575202	9870
84162	0.0668147788739339	9871
222255	0.0667142065643299	9872
100506016	0.0666816965727092	9873
7390	0.0665452668101208	9874
101929538	0.0663316406996526	9875
8192	0.066194237806936	9876
375850	0.0660809746007725	9877
3706	0.0660793157984488	9878
4986	0.0657929502452544	9879
101929054	0.0656606049218388	9880
114795	0.0656163564613468	9881
2515	0.0645406235737734	9882
83445	0.0642326916732777	9883
967	0.0641379517731669	9884
2303	0.0640195347743389	9885
340168	0.0639481065389751	9886
1831	0.0638959353667927	9887
2557	0.0638011665143173	9888
27033	0.0636360284103732	9889
9759	0.0636339689690277	9890
8989	0.0636166916181425	9891
115825	0.0631785484086875	9892
84676	0.0631769149701022	9893
101927516	0.0631592283566921	9894
64711	0.0630661689251416	9895
92597	0.0630376201989281	9896
80117	0.062668065714221	9897
106699570	0.0622442918782122	9898
55052	0.0616737158727783	9899
6744	0.0613799753512146	9900
91522	0.0612638775505025	9901
4258	0.060619956536633	9902
56142	0.0605091615727556	9903
255928	0.0601500244324316	9904
2581	0.0599241755834836	9905
8705	0.0596699643831795	9906
286	0.0594514840933572	9907
100873930	0.0594376185297928	9908
79092	0.0594294093403652	9909
121278	0.0593120361908548	9910
10712	0.0592706103762663	9911
173	0.0591436912737413	9912
8065	0.0589221290151559	9913
9205	0.0584252105669612	9914
56121	0.0581562835237249	9915
8352	0.0578932191016715	9916
2563	0.0577305946733768	9917
284757	0.0576912357934292	9918
203259	0.0576457725722589	9919
101929694	0.0573342986734871	9920
3796	0.0568361002206737	9921
1795	0.0566526740819775	9922
4142	0.0565609622449608	9923
83444	0.0563618918378071	9924
347730	0.0563045176093936	9925
81494	0.0559849261986908	9926
105370612	0.0559288204270704	9927
2853	0.0556264311172413	9928
84332	0.0555340379495096	9929
56936	0.054859225098006	9930
116349	0.0546932458174405	9931
23064	0.0535962251749143	9932
25840	0.053569272822174	9933
27013	0.0535550265216328	9934
83875	0.0535121006978314	9935
200010	0.0531187949607482	9936
79596	0.0530155807724357	9937
89883	0.0528057040905691	9938
79661	0.0528018838705418	9939
100505878	0.0525787411036493	9940
79674	0.0523694825523886	9941
763	0.0521612631434423	9942
100507480	0.0518677703607869	9943
84146	0.0515690389838662	9944
101928435	0.0514717511376726	9945
101929651	0.051324354442282	9946
140545	0.0512261850299663	9947
8328	0.0511340916195559	9948
623	0.0510842175836332	9949
6821	0.0507482123300471	9950
114987	0.0504828360567198	9951
60678	0.0502862998779538	9952
23038	0.0499731718907677	9953
3562	0.0499012023251293	9954
100505811	0.0498350636178569	9955
10244	0.0496689267379052	9956
79628	0.0496364672580619	9957
400709	0.0496246520126029	9958
3749	0.0492253960238759	9959
28658	0.0487873007950224	9960
2734	0.0486855394304199	9961
9513	0.0484432564872136	9962
100127888	0.0481498274810859	9963
64849	0.0476633571270676	9964
114294	0.0476602799688529	9965
9381	0.0463749404470248	9966
5635	0.0461961652174572	9967
105373764	0.0450727836974695	9968
84660	0.044908138996457	9969
22911	0.0445452999438663	9970
100507064	0.0442712355026968	9971
152816	0.043818808641553	9972
203111	0.0432994363693267	9973
4638	0.0432477121315402	9974
105378589	0.0431548466793376	9975
100132249	0.043105958059033	9976
101927253	0.0428742905033356	9977
101927432	0.0428043789664962	9978
202559	0.0427044259241352	9979
23275	0.0423637608991174	9980
23762	0.0421122899350423	9981
101927274	0.041550265010683	9982
100506328	0.0414231954633279	9983
637	0.04098549705193	9984
56977	0.040772712655052	9985
101927359	0.0407564321089125	9986
7466	0.0405896753027913	9987
285905	0.0405877631529419	9988
79814	0.0403451284990685	9989
3170	0.0400226512934175	9990
387496	0.0399849836578961	9991
414157	0.0399398334739382	9992
1117	0.0398520341236668	9993
387837	0.0396704912646696	9994
56171	0.0393154287593501	9995
54429	0.0391222972950199	9996
100505474	0.0390316643215261	9997
6059	0.0390199759291517	9998
5935	0.0388732535918749	9999
135886	0.0386749744203693	10000
2253	0.0386310136384012	10001
84924	0.038422091868088	10002
63891	0.0380529591408534	10003
10363	0.0380405262106449	10004
84560	0.0378608826532147	10005
80852	0.0377665532592294	10006
9479	0.0377607249562193	10007
4778	0.0371500540081036	10008
204801	0.0370519024770211	10009
200894	0.0369186193089203	10010
340024	0.0368539100589219	10011
6322	0.0368169935703051	10012
122651	0.0366051742968799	10013
105372766	0.0365597016989886	10014
4704	0.0365421945100212	10015
54143	0.0362631609321596	10016
26133	0.0361607423465299	10017
23350	0.0359394981141361	10018
124565	0.0359277056058817	10019
22979	0.0353972927519641	10020
3172	0.0353666923590681	10021
148641	0.0353510609721904	10022
7054	0.0353465296335957	10023
114984	0.0347998376630869	10024
54784	0.0347978481723858	10025
9427	0.0346385150049706	10026
390705	0.0345398030900563	10027
23041	0.0344504710335998	10028
4000	0.034413488102075	10029
1519	0.034336737910613	10030
2519	0.0341321029749896	10031
124801	0.0341206688880202	10032
101928153	0.0340157371752891	10033
9502	0.0337873562472344	10034
239	0.0335267584249929	10035
3851	0.0334183975873028	10036
84435	0.0330374981776184	10037
54414	0.0329469578597648	10038
255043	0.0328424640493241	10039
51279	0.0322493430045126	10040
148229	0.0321559465503876	10041
101928622	0.0320458115357865	10042
8994	0.0319187309308284	10043
55156	0.0317964663599585	10044
11197	0.0313849544756395	10045
101929719	0.0310392790102992	10046
100505534	0.0305444907637575	10047
27343	0.0304875965907255	10048
646	0.0304687022822552	10049
105377436	0.0300581978432227	10050
100874068	0.0298711686852879	10051
472	0.0297304747197012	10052
3938	0.0295325986604374	10053
653808	0.0294833654448287	10054
57721	0.0294048697218064	10055
5871	0.0289084959190754	10056
89822	0.0288964015252176	10057
148022	0.0288914267388422	10058
23659	0.0288371482216675	10059
170712	0.028482824179735	10060
2890	0.0284295202580441	10061
8739	0.0281520067577623	10062
6751	0.0279860884462328	10063
3219	0.027520086825465	10064
391	0.0272320469055489	10065
54708	0.027150648129071	10066
84290	0.0270138750362272	10067
117144	0.0269268010257258	10068
80712	0.026886083907466	10069
157773	0.0266672089834368	10070
100996671	0.0266186699450024	10071
57096	0.0262916600644958	10072
7965	0.0262030376884671	10073
55340	0.026184512001106	10074
101929550	0.0261519652940969	10075
54857	0.0259930059874476	10076
5791	0.0259750754131771	10077
4051	0.0255017891131059	10078
859	0.0254874861103155	10079
127700	0.0254455600184359	10080
11054	0.0254004772353384	10081
132243	0.0253835308735044	10082
139629	0.0251696422980657	10083
9536	0.0250931798743978	10084
50484	0.0250842293782895	10085
6143	0.0250465458810294	10086
284276	0.0249652790501557	10087
121273	0.0249477119279401	10088
101927828	0.0246741523141364	10089
391356	0.0246601816162066	10090
100652770	0.0243386112869778	10091
30833	0.0242233482525859	10092
134864	0.0240581466421651	10093
84616	0.0240340816799879	10094
7223	0.0240091551452798	10095
26062	0.0235257224052713	10096
339779	0.0233397838313358	10097
54763	0.0231314010114808	10098
54468	0.022859444314837	10099
25940	0.0228538593243287	10100
27197	0.0228102796162743	10101
10763	0.0225245837882752	10102
374946	0.0224279567563918	10103
2002	0.0224254917028031	10104
148252	0.0222283389665803	10105
3558	0.0216202516946908	10106
1054	0.0216046101423067	10107
105374325	0.0214431912934049	10108
317716	0.0211197499445651	10109
80185	0.0210590053239817	10110
10924	0.0210476523998258	10111
1982	0.0207787742237077	10112
120534	0.0207390570625938	10113
55666	0.0204198767644123	10114
27189	0.0202506902389881	10115
101929269	0.0198323994116612	10116
57551	0.0196255901833507	10117
219938	0.0195475940080454	10118
23619	0.0190110800244511	10119
27439	0.0187884991489123	10120
199720	0.0182071605142744	10121
81688	0.0176576905613989	10122
79100	0.017237332452044	10123
10347	0.0169477586587066	10124
201625	0.0169441776314051	10125
6691	0.0168375413878935	10126
26517	0.0166844124721672	10127
732275	0.0164933608288955	10128
9491	0.0164295861774822	10129
7485	0.0162798876581907	10130
3273	0.0153453395986647	10131
170680	0.0151434268404396	10132
1964	0.0150803851591041	10133
7093	0.0147634176486332	10134
1361	0.0146865238975493	10135
84944	0.0146046904816407	10136
27335	0.0144515041765643	10137
55190	0.0143890072600103	10138
5636	0.0139924146255081	10139
10474	0.0138739969928307	10140
4880	0.0137899874476135	10141
6415	0.0136345176555223	10142
9986	0.0134056685465381	10143
255762	0.0132146954970692	10144
146822	0.0131828876795233	10145
554203	0.0128642205596042	10146
4888	0.0126911257228546	10147
100507403	0.0126412088162441	10148
284067	0.0124325786740188	10149
54108	0.0123371885717479	10150
339168	0.0123326319580604	10151
340581	0.0122986726504148	10152
202299	0.0122843776704998	10153
7652	0.0121751963823347	10154
92369	0.012055312039663	10155
6546	0.0117975885313223	10156
266727	0.0113993253047893	10157
158747	0.011375028040438	10158
22852	0.0113021603775694	10159
100506489	0.0112045265293313	10160
165918	0.0110119365110656	10161
54550	0.0104084083350643	10162
165904	0.00968091249466402	10163
3785	0.00966179442919015	10164
64091	0.00918113574750196	10165
11173	0.00910364525511049	10166
574538	0.00858273204219938	10167
399473	0.00854224390556248	10168
101927479	0.00841212654578514	10169
101928894	0.00826245046929829	10170
54887	0.00811891942710699	10171
92745	0.0079473985427502	10172
146845	0.00780605778161344	10173
100506275	0.00772484918409288	10174
3268	0.00733951685746222	10175
54851	0.00728591986231078	10176
54866	0.00706892686317364	10177
83416	0.00688213987138406	10178
80230	0.00678440938132003	10179
156	0.00675476218692016	10180
220077	0.00646749098421642	10181
27141	0.00629334985361214	10182
136227	0.00620278568892251	10183
3743	0.00602371732899333	10184
51316	0.00579814000368212	10185
9785	0.00560484963488786	10186
8626	0.00543086561461565	10187
339535	0.00504463800413196	10188
1544	0.00498284708219011	10189
388699	0.00489119661737614	10190
101928227	0.00483618850675324	10191
340017	0.00469562256473503	10192
117156	0.00458995511069113	10193
7051	0.00421010176177248	10194
27198	0.00400423612306071	10195
4291	0.00394395839094837	10196
168507	0.00350746654767451	10197
59284	0.00344324180176052	10198
160419	0.003320673928369	10199
1656	0.00317208871707037	10200
57101	0.0031155369639485	10201
168448	0.00295640425652671	10202
100506446	0.00289000794965475	10203
64965	0.00285326376198498	10204
1285	0.00272386374398568	10205
54822	0.00265080381281797	10206
54539	0.00262389402133024	10207
51066	0.00251047987186615	10208
3681	0.00245354887091968	10209
100507267	0.0023756225906875	10210
348793	0.00181436164165202	10211
101927027	0.00162859118586579	10212
10300	0.00119241390333904	10213
254263	0.00111662966553572	10214
1010	0.00104704901703349	10215
829	0.000847779671058775	10216
170384	0.000638440573539662	10217
84961	0.000626929844973472	10218
9287	0.000341553924059417	10219
135138	-2.07836317843941e-14	10220
1572	-2.61275389340796e-14	10221
146664	-3.38446614074718e-14	10222
442186	-4.1350254899078e-14	10223
1630	-4.60424247534659e-14	10224
101929082	-4.96189637687394e-14	10225
339539	-5.47394580515756e-14	10226
105377180	-6.35559699244272e-14	10227
100128025	-6.873685639908e-14	10228
285051	-6.93898723402513e-14	10229
101928309	-7.37321955589881e-14	10230
26821	-7.7842400184403e-14	10231
29943	-8.1040336540271e-14	10232
80739	-8.57398530930005e-14	10233
54346	-9.06925563028392e-14	10234
105374240	-1.009864533957e-13	10235
101928988	-1.03887932403907e-13	10236
2103	-1.08854215900764e-13	10237
255119	-1.09800703844672e-13	10238
255654	-1.11468043070172e-13	10239
10281	-1.13101761943894e-13	10240
222659	-1.20515137826897e-13	10241
9830	-1.31219990469135e-13	10242
9862	-1.36303707548306e-13	10243
728175	-1.41292483730924e-13	10244
6620	-1.42404359501623e-13	10245
84815	-1.44075511646002e-13	10246
256158	-1.46422423121857e-13	10247
50488	-1.47513342144994e-13	10248
374569	-1.47602154266535e-13	10249
101927641	-1.53230553393434e-13	10250
63951	-1.61939943673065e-13	10251
10376	-1.62067981113281e-13	10252
647219	-1.72292506547358e-13	10253
102723831	-1.77478550171048e-13	10254
100288181	-1.78614526828699e-13	10255
497634	-1.78622683426543e-13	10256
1014	-1.79845818149491e-13	10257
84465	-1.85505306650844e-13	10258
100507059	-1.87011156513246e-13	10259
57158	-1.87552211685187e-13	10260
105379385	-1.92429576770495e-13	10261
81285	-1.98123248017567e-13	10262
64799	-1.99610855727958e-13	10263
55486	-2.07524154604587e-13	10264
100861551	-2.10199821702159e-13	10265
24	-2.17306141074765e-13	10266
2204	-2.54753613132578e-13	10267
27233	-7.85295721740496e-06	10268
7545	-0.000117112689738271	10269
50628	-0.000830884442065006	10270
26333	-0.00200060291392607	10271
150185	-0.00228742199102872	10272
3976	-0.00283392513323845	10273
63899	-0.00288519689346981	10274
29075	-0.00339004545088727	10275
10436	-0.00358348858824421	10276
10562	-0.00365855229500949	10277
280636	-0.00366205394138757	10278
55762	-0.00427910524798868	10279
114571	-0.00441564795892723	10280
100689074	-0.00466060370421836	10281
1761	-0.00473389745915278	10282
337882	-0.00497281676262445	10283
100129716	-0.00523616540786954	10284
84645	-0.00548049295117265	10285
7918	-0.00552152219031998	10286
648691	-0.00583016828379901	10287
100507053	-0.00618912715986568	10288
56605	-0.00623116810197565	10289
105378726	-0.00643709254431795	10290
23654	-0.00662796210423037	10291
10048	-0.00683882471425673	10292
4007	-0.00702073534905073	10293
100134040	-0.00725007706794694	10294
206412	-0.00727361857739821	10295
55293	-0.00748870607829214	10296
1537	-0.00750506123693716	10297
28661	-0.00783105606868485	10298
101926888	-0.00791284176408088	10299
4914	-0.00812552942214015	10300
375341	-0.00815803650964649	10301
2266	-0.00843864798645442	10302
9282	-0.00861684917703631	10303
285987	-0.00902449359000489	10304
122704	-0.00926684989376271	10305
346171	-0.00932943871695307	10306
285375	-0.00966668464313115	10307
112724	-0.00968793979865439	10308
254240	-0.00978165839947856	10309
51780	-0.0098521800775295	10310
5663	-0.009892126151482	10311
9672	-0.010529113696103	10312
10592	-0.0105348329511734	10313
100507384	-0.0117941853943319	10314
23160	-0.0119756998849617	10315
774	-0.0119813707645606	10316
6305	-0.012440009269823	10317
100132352	-0.0125000721783263	10318
121391	-0.0125622225067683	10319
5996	-0.0126602828578646	10320
54848	-0.0128108647862335	10321
105377458	-0.0130340621398292	10322
286234	-0.0130595070305858	10323
101928162	-0.013436862744023	10324
262	-0.0136415003875765	10325
117247	-0.0138506631525676	10326
5889	-0.0140120155366719	10327
93166	-0.0140405250669319	10328
284613	-0.0140813727316648	10329
50814	-0.0143311610066623	10330
80335	-0.0155320555591213	10331
101927513	-0.015959023586751	10332
202915	-0.0159962736614478	10333
51366	-0.0163588602592194	10334
79868	-0.0166023528819179	10335
2290	-0.0168033837268649	10336
8073	-0.0168523408781921	10337
3658	-0.0170934709966377	10338
8099	-0.0173902656592886	10339
100289509	-0.0177482646277673	10340
81621	-0.0178359964495823	10341
5891	-0.0182458606378791	10342
8491	-0.0184584471204868	10343
3386	-0.0184770702884484	10344
100507173	-0.018513116294896	10345
105376997	-0.0186308224317966	10346
1809	-0.0187265784142345	10347
27085	-0.0190498542184872	10348
8379	-0.0192812731395983	10349
284950	-0.0193061816173081	10350
116123	-0.0205162046777637	10351
105370361	-0.0205745264188291	10352
338322	-0.0206462974332664	10353
64902	-0.0208088940252543	10354
4123	-0.0211553049210221	10355
7458	-0.021282095685992	10356
57624	-0.021329270567456	10357
11201	-0.0220430036729793	10358
28904	-0.0220500435271537	10359
79716	-0.0220593640019316	10360
83647	-0.0222467340228607	10361
6793	-0.0225325296111696	10362
135458	-0.0227465706967657	10363
100129794	-0.0227916136203901	10364
6738	-0.0234459185919045	10365
101928255	-0.0239770591197836	10366
4082	-0.0240934332174515	10367
51060	-0.0241099029762163	10368
7686	-0.024173512154591	10369
102725140	-0.0245642297624674	10370
9529	-0.0245703649547057	10371
6940	-0.0247024765340784	10372
152877	-0.0247646672110566	10373
162282	-0.0251483003434888	10374
729420	-0.0255543350182331	10375
874	-0.0259779718445585	10376
60494	-0.0259844869080076	10377
10261	-0.0260442707476302	10378
9130	-0.0262538107564804	10379
8091	-0.0262731730247401	10380
29068	-0.0270816884609579	10381
84648	-0.0271337230424554	10382
57553	-0.0276782341543332	10383
83900	-0.0278040570332856	10384
221711	-0.0278146919833791	10385
84258	-0.0279259771450443	10386
727701	-0.0280209971311316	10387
254778	-0.0280579454910466	10388
284800	-0.0281035974892748	10389
5597	-0.0286185563151609	10390
29895	-0.0288660587418531	10391
9659	-0.0292614236964452	10392
140578	-0.0293871023109663	10393
101928303	-0.0295438064118669	10394
8153	-0.0295845330378219	10395
442721	-0.0296022079738798	10396
91807	-0.0297093294268923	10397
9635	-0.0298993148723828	10398
100996539	-0.0303055488155923	10399
7544	-0.030427210499866	10400
124512	-0.0304311449920769	10401
103752589	-0.0306167977226042	10402
84256	-0.0310418318569733	10403
2920	-0.031407509810508	10404
101927650	-0.031454361028338	10405
54946	-0.031575864149033	10406
9446	-0.031616137949789	10407
7461	-0.0323882554985772	10408
100507171	-0.0324822769774857	10409
50865	-0.0326315501063532	10410
131540	-0.0327775465081707	10411
285782	-0.0328565118863659	10412
57708	-0.032898471928377	10413
83999	-0.0333561211383693	10414
1416	-0.0336470120759292	10415
93429	-0.0339125573600556	10416
80063	-0.0339776962773344	10417
127391	-0.0340703533278503	10418
93145	-0.0341810972910648	10419
151484	-0.0341931004381585	10420
85025	-0.0342162457600291	10421
26040	-0.0344858927098606	10422
3576	-0.0345782868032302	10423
6553	-0.0349795735817335	10424
6343	-0.0349901954961346	10425
55229	-0.0350870334622918	10426
400627	-0.0351475378524243	10427
117166	-0.0353639748525379	10428
101927809	-0.0356941529742347	10429
5230	-0.035707458511778	10430
29886	-0.0357910400891706	10431
146177	-0.0358618462369649	10432
2021	-0.0358696469966089	10433
58530	-0.0359145036578192	10434
26095	-0.036283833724033	10435
10838	-0.0366001384236397	10436
550631	-0.0366278227308726	10437
8335	-0.036780845136963	10438
3382	-0.0369443136654304	10439
100874205	-0.0371863604869198	10440
54585	-0.0373395962665798	10441
9760	-0.0383345380514257	10442
3606	-0.0384200460989632	10443
151	-0.0385488675551786	10444
9942	-0.0388649625657637	10445
91373	-0.0396012290469383	10446
63920	-0.0396608382544102	10447
100129603	-0.0396966655173589	10448
84659	-0.0397866192465117	10449
84878	-0.0399540599349757	10450
114960	-0.0403851810857181	10451
147947	-0.0405359839152201	10452
2835	-0.0406141680772775	10453
79626	-0.0409423354714562	10454
4583	-0.0409723538300457	10455
23025	-0.0411064970450382	10456
388407	-0.0415618383380602	10457
5586	-0.0420620509201932	10458
164592	-0.0422704924739405	10459
7443	-0.0425387928342205	10460
100996419	-0.0426214443935508	10461
146853	-0.0426860259769279	10462
91289	-0.0427261541267858	10463
10471	-0.0430554494560493	10464
22997	-0.0431588731259677	10465
1439	-0.0433067121055171	10466
930	-0.0435313416157259	10467
145474	-0.0437233418707757	10468
166378	-0.0437488044807533	10469
143686	-0.0440595654794534	10470
3359	-0.0440861146970964	10471
54438	-0.0442601000476638	10472
55017	-0.0445589320779848	10473
2841	-0.0446100704812426	10474
2035	-0.0446387727037382	10475
91828	-0.0447482967344751	10476
6309	-0.0448998291259197	10477
399670	-0.0449208670195178	10478
5925	-0.0449502395315307	10479
8712	-0.045194648191982	10480
4050	-0.0455173393565209	10481
2019	-0.0457186141649707	10482
101927416	-0.0457802571145325	10483
11260	-0.0463042716322803	10484
3710	-0.0471533146799836	10485
50809	-0.0472004621702272	10486
4879	-0.0473392377606399	10487
10174	-0.0476424855504587	10488
94239	-0.0478927661174343	10489
100996583	-0.0479293138619631	10490
100506025	-0.0479496545927512	10491
164284	-0.0485327481284712	10492
121838	-0.048971849143168	10493
372	-0.0490573616136328	10494
768211	-0.0496850474413333	10495
1233	-0.0497390943361347	10496
5725	-0.0498086853907926	10497
5203	-0.050233904966968	10498
8906	-0.0508168933277162	10499
8717	-0.0508772770485204	10500
84176	-0.0509955167146204	10501
728264	-0.0515380902317499	10502
1793	-0.0516442287408502	10503
100303728	-0.0518498683031784	10504
59272	-0.0521744571475866	10505
389119	-0.0524434797757151	10506
158038	-0.0528014117051236	10507
6898	-0.0533450366706612	10508
105370746	-0.0535088061098402	10509
51512	-0.0536440937058588	10510
128859	-0.0539881092758131	10511
6538	-0.0541665145980207	10512
5149	-0.0544509376867294	10513
29945	-0.0548587490193104	10514
284418	-0.0551643622702781	10515
254122	-0.0552870128087074	10516
101954204	-0.0553565808561317	10517
191585	-0.0556461153175994	10518
5436	-0.0559292185746241	10519
56964	-0.0561858300093209	10520
112495	-0.0564590750589606	10521
155006	-0.0565684459470529	10522
100507032	-0.0567318856655627	10523
105371401	-0.0570124047763376	10524
101929076	-0.057014101422386	10525
10959	-0.057028036954093	10526
23617	-0.057248441220565	10527
411	-0.0580409308664616	10528
57616	-0.0583638878543514	10529
497256	-0.0584299087588058	10530
255411	-0.0585412526518068	10531
388588	-0.0587596719851362	10532
104797538	-0.058960094946953	10533
85453	-0.0589878479189015	10534
10886	-0.0590596078602547	10535
90070	-0.0590712209547219	10536
4089	-0.0591944709175604	10537
102723448	-0.0594289684132173	10538
7205	-0.0599403891763978	10539
121793	-0.060089089796288	10540
661	-0.0601526087534211	10541
57520	-0.0604542296410256	10542
100506860	-0.0616212201667928	10543
55290	-0.0621137369622954	10544
221393	-0.0622513533764599	10545
7634	-0.0623905544841121	10546
3024	-0.0629155447233115	10547
131076	-0.0633157031739015	10548
6036	-0.0633437736722965	10549
56935	-0.0636261732183442	10550
146862	-0.063861255523433	10551
2665	-0.0642256573677845	10552
54665	-0.0642741194363435	10553
146542	-0.0644890006183558	10554
105371708	-0.0645423777845827	10555
79180	-0.0645749197293352	10556
100506922	-0.0648535438068105	10557
151174	-0.0650530419991736	10558
123872	-0.0654757802205138	10559
1371	-0.0658486315886041	10560
84231	-0.0658676973929183	10561
8538	-0.0658875231749134	10562
105375355	-0.0658944127837101	10563
399818	-0.066109593369197	10564
5576	-0.0664124980875841	10565
126526	-0.0666195143083586	10566
6570	-0.0667189132572571	10567
122876	-0.0668900985988185	10568
83468	-0.0669415888036716	10569
869	-0.0670707470781083	10570
105370622	-0.0671639283189866	10571
6900	-0.0672936281063887	10572
29797	-0.0673929090193431	10573
51305	-0.0674415066080357	10574
126248	-0.0678407329317159	10575
56751	-0.0683536134347313	10576
150709	-0.0683701684111391	10577
246243	-0.0683710058562369	10578
150384	-0.0685377934321533	10579
221035	-0.0686839734188134	10580
2267	-0.0687594657333804	10581
134266	-0.0690619101289432	10582
3684	-0.0691361544418579	10583
117194	-0.0698425531075408	10584
90527	-0.0698740615549966	10585
4062	-0.0704617865706696	10586
8674	-0.0704770312066025	10587
112611	-0.0705019232941945	10588
5788	-0.0711885252172892	10589
342945	-0.0712183266352527	10590
8451	-0.0713486194200053	10591
284525	-0.0715996765858322	10592
120935	-0.0719675186573957	10593
285888	-0.0719794642217968	10594
138311	-0.0721747572604671	10595
434	-0.0722006687151929	10596
995	-0.0723080501822732	10597
9615	-0.0731466017071644	10598
100170229	-0.0731715570341773	10599
10690	-0.0737539732570263	10600
51593	-0.0737905909518238	10601
3660	-0.0738575066428872	10602
65009	-0.0741839263489923	10603
3224	-0.0742977710308014	10604
283856	-0.0744790912565844	10605
83655	-0.0748564893703066	10606
4313	-0.0755904562879854	10607
9167	-0.0756502565696953	10608
169044	-0.0757870189391438	10609
8576	-0.0759920836542892	10610
340094	-0.0759984648471661	10611
130106	-0.0760552415318208	10612
9646	-0.0762100125922674	10613
50831	-0.0764417978277655	10614
101929148	-0.0767843430541649	10615
30834	-0.0778715214957094	10616
91298	-0.0779895024500242	10617
100505942	-0.0782822591762846	10618
647107	-0.0785579803304441	10619
725	-0.0786555500787187	10620
11103	-0.0786892351966085	10621
6556	-0.0788541475367433	10622
81875	-0.0789373553958113	10623
4804	-0.0794870400197725	10624
9895	-0.0799586143495762	10625
56475	-0.0801301264074521	10626
9399	-0.0802261058653862	10627
101929705	-0.0804290473604641	10628
100506724	-0.0805238314875244	10629
100506504	-0.0805374242218312	10630
100130548	-0.0806631365357268	10631
100506680	-0.0813806975547045	10632
9412	-0.0814475497539	10633
645212	-0.0814577640603175	10634
11186	-0.0816364703739431	10635
54972	-0.0820581780145799	10636
79731	-0.0821861762902781	10637
3906	-0.0827730246887716	10638
57590	-0.0831635687706861	10639
55957	-0.0832700983327357	10640
389541	-0.0832737680959812	10641
10077	-0.083467566166569	10642
4321	-0.0840673109216394	10643
24144	-0.0841790864767388	10644
160140	-0.0848023927733926	10645
6048	-0.0850403095730413	10646
403312	-0.0850707703491196	10647
6795	-0.0855988543008646	10648
3426	-0.0856849130909847	10649
23670	-0.0857256611805434	10650
54149	-0.0858556268026299	10651
55345	-0.0862663107414323	10652
51626	-0.086393404456549	10653
26519	-0.0865278685542458	10654
646736	-0.0866448742958838	10655
9859	-0.0868168912384519	10656
222234	-0.0869899332477527	10657
23308	-0.0870516082741575	10658
51802	-0.0873675560398125	10659
7104	-0.0874254229586494	10660
101928858	-0.0875113494051591	10661
100379174	-0.0888016864743586	10662
102682016	-0.0888291404590838	10663
100996295	-0.0889780592742048	10664
266919	-0.0891874152611621	10665
100130950	-0.0893195847491746	10666
523	-0.0894473324834239	10667
9783	-0.0896305345730032	10668
838	-0.0897967095478056	10669
327657	-0.0900171882559628	10670
2539	-0.090033187578871	10671
4956	-0.0906385032690751	10672
6588	-0.0907831047853974	10673
161635	-0.0909176688846589	10674
80204	-0.0910059513658562	10675
8515	-0.0910824293698082	10676
10467	-0.0911563146884426	10677
3737	-0.0913424118926866	10678
3044	-0.0915617499189365	10679
652995	-0.0918548587132058	10680
283416	-0.0920067052025599	10681
51530	-0.0921941367654753	10682
113179	-0.09229105684125	10683
386618	-0.0924708523835873	10684
150468	-0.0925793410271451	10685
1142	-0.0932255866991546	10686
10755	-0.0936535067815425	10687
284365	-0.0937719997816999	10688
5620	-0.0939607026141945	10689
55805	-0.0939616927968929	10690
285877	-0.0940394160299267	10691
1414	-0.0943262160533626	10692
2697	-0.0943603901958209	10693
84684	-0.0944530474420731	10694
2996	-0.0947920034780202	10695
92558	-0.0953068337902277	10696
406	-0.0954699793747758	10697
150051	-0.0956171213790778	10698
3604	-0.095625040936141	10699
90007	-0.0957206764372308	10700
1748	-0.0958213865783756	10701
148645	-0.0959436219124113	10702
1132	-0.0960174279232143	10703
833	-0.0961553464948224	10704
116496	-0.0975528604967634	10705
158055	-0.0975970746482972	10706
64747	-0.0976556235972746	10707
441212	-0.0982367425365547	10708
222545	-0.0982518236918382	10709
644660	-0.0983091213910708	10710
22859	-0.098337516943225	10711
25771	-0.0988424886315784	10712
487	-0.0988476561715583	10713
118427	-0.0990054386093973	10714
84447	-0.0993522988295444	10715
55299	-0.0997586701016536	10716
2307	-0.100181978393338	10717
347853	-0.100338174669397	10718
1774	-0.100512084761923	10719
245711	-0.100662658621699	10720
51676	-0.100667812038002	10721
100128139	-0.101229534693512	10722
115677	-0.101787750232777	10723
100506319	-0.10256576665444	10724
5456	-0.102614367120058	10725
105378311	-0.102966567910948	10726
63908	-0.103132380416563	10727
336	-0.103137778157408	10728
5238	-0.103439321444991	10729
7251	-0.103784810390362	10730
160	-0.104306158862417	10731
100507321	-0.10439680024153	10732
5453	-0.104803580126801	10733
2043	-0.104947879884863	10734
1163	-0.104957226086345	10735
55138	-0.105103932150707	10736
54882	-0.105113745224308	10737
57489	-0.105291273555973	10738
80309	-0.105319572184894	10739
2779	-0.105410982648224	10740
526	-0.1056055103719	10741
79572	-0.105837622805805	10742
8450	-0.10608136757621	10743
149708	-0.106207767931708	10744
339488	-0.1063883280582	10745
11314	-0.10649324493155	10746
255738	-0.10661726040879	10747
3483	-0.106626410186027	10748
149773	-0.106690869102202	10749
378832	-0.106985850850874	10750
11015	-0.107878423360338	10751
9410	-0.107981037382446	10752
644890	-0.108530754221194	10753
1716	-0.108561680111757	10754
100129973	-0.108754937869691	10755
140894	-0.108797160453928	10756
84085	-0.109487958452431	10757
26121	-0.109815129922825	10758
56135	-0.110022918389571	10759
26692	-0.110272164527311	10760
79701	-0.110720717274132	10761
5080	-0.110780214538819	10762
56659	-0.110915109775622	10763
22865	-0.111056752236378	10764
144132	-0.111159048704552	10765
79842	-0.111442763257308	10766
132141	-0.111628917085819	10767
2787	-0.111708096179763	10768
153642	-0.112035142304996	10769
125981	-0.112326420228837	10770
23378	-0.112563685740286	10771
1376	-0.112787936234583	10772
1271	-0.113063679496874	10773
11120	-0.113165136033341	10774
101928324	-0.113383599297722	10775
116135	-0.113903489806222	10776
51142	-0.113953287804178	10777
127733	-0.114346733536997	10778
388011	-0.114363471100848	10779
285148	-0.114444492758412	10780
29015	-0.115193391068362	10781
5858	-0.115237298732724	10782
6016	-0.115292384116133	10783
388531	-0.115297198534861	10784
100189589	-0.115644479240292	10785
101929765	-0.115833731433597	10786
5859	-0.116265146579043	10787
3018	-0.116599542607225	10788
123041	-0.116836133913224	10789
347273	-0.117297504491418	10790
79891	-0.117477337432126	10791
10163	-0.117497696744383	10792
83707	-0.11753693333866	10793
8909	-0.117599802545407	10794
100286922	-0.117929359116264	10795
9049	-0.118122805534374	10796
7136	-0.119096573908074	10797
101928957	-0.119522368587545	10798
101926913	-0.119730201688381	10799
284756	-0.119869111895155	10800
55081	-0.120725980978268	10801
119467	-0.120751908327915	10802
750	-0.120826893964177	10803
9507	-0.120958285885522	10804
59271	-0.12140542291245	10805
3633	-0.122116510918152	10806
115950	-0.122350118809626	10807
1140	-0.12265861826558	10808
219623	-0.122696629436211	10809
116969	-0.12293314606429	10810
4223	-0.122972239848219	10811
83597	-0.123658468883775	10812
1415	-0.123693079478157	10813
3046	-0.123854902817068	10814
7152	-0.12385658243829	10815
219743	-0.123931498524408	10816
283352	-0.123983930651804	10817
80035	-0.124399111040539	10818
93107	-0.124533953104621	10819
440792	-0.124756264017895	10820
8364	-0.125124528830083	10821
79094	-0.12519639358179	10822
389289	-0.125216847638833	10823
54209	-0.125226890166035	10824
285600	-0.125244242703028	10825
100506049	-0.126304907361726	10826
144817	-0.126568667125226	10827
100874018	-0.126676388673723	10828
7165	-0.126899555492017	10829
339483	-0.127162794171613	10830
151477	-0.127334770980343	10831
57582	-0.12737037152368	10832
219731	-0.127505086456833	10833
125061	-0.127592341821173	10834
6754	-0.127625300716778	10835
286370	-0.127640978392583	10836
101927553	-0.128105512025265	10837
56126	-0.128151722269604	10838
134701	-0.128246528338266	10839
55124	-0.128580328652789	10840
6503	-0.128657759699256	10841
114815	-0.128875688985045	10842
284004	-0.128982407733984	10843
399716	-0.12944145987931	10844
147004	-0.129524829168938	10845
113829	-0.129715946090725	10846
3376	-0.129763173503385	10847
23304	-0.130122191524175	10848
83758	-0.130753248820042	10849
57476	-0.130915375911667	10850
101928555	-0.131347388903254	10851
89801	-0.1315784732047	10852
414194	-0.13171584934099	10853
105377485	-0.131768715787783	10854
93034	-0.132079516911692	10855
6561	-0.132253972990143	10856
8467	-0.13260445180255	10857
126068	-0.132800136630989	10858
50616	-0.133217496790202	10859
4358	-0.133252242646365	10860
7187	-0.133307542847215	10861
729234	-0.133398051328336	10862
399512	-0.133412318246893	10863
51720	-0.133419776347543	10864
100507008	-0.133519646734209	10865
100874392	-0.134111505697907	10866
100506207	-0.13433111595109	10867
2309	-0.135209653300115	10868
9117	-0.135441321174265	10869
1046	-0.135848222725286	10870
363	-0.135858305740005	10871
105373150	-0.135897324568282	10872
102724929	-0.136162717549751	10873
23615	-0.136482407745624	10874
197131	-0.136677637454776	10875
390064	-0.136736665360987	10876
100129175	-0.136756804568154	10877
647589	-0.1369668999632	10878
3250	-0.137051180919501	10879
4734	-0.13752066352894	10880
104564224	-0.137704672727988	10881
100129597	-0.137837016992802	10882
139081	-0.138150692472663	10883
439936	-0.138158438485046	10884
100287366	-0.138390780205049	10885
4927	-0.138412096307412	10886
5368	-0.138475719426883	10887
23129	-0.138488739741984	10888
23495	-0.139165206640028	10889
51175	-0.139219484826313	10890
4133	-0.139408041945775	10891
2533	-0.139431395129318	10892
6102	-0.139567632627976	10893
8886	-0.139586056232155	10894
10907	-0.139651376168004	10895
390892	-0.139748308313966	10896
158866	-0.140560081454393	10897
7728	-0.141999753009316	10898
57822	-0.142693150321168	10899
101928554	-0.143630399441762	10900
11049	-0.14430254588689	10901
150763	-0.144485836472551	10902
2567	-0.144601149622989	10903
440132	-0.144832219179991	10904
157697	-0.144896377137643	10905
79894	-0.145011261552353	10906
168391	-0.145861732657766	10907
2300	-0.145889297065596	10908
440366	-0.146103671957697	10909
8811	-0.146169793907138	10910
11066	-0.146481226844064	10911
89	-0.146932857769512	10912
199675	-0.147036338060447	10913
51101	-0.147438329357029	10914
5082	-0.147764944464789	10915
51375	-0.147841474495176	10916
100270679	-0.148009783127058	10917
8204	-0.148360435114107	10918
330	-0.148444234605435	10919
5617	-0.148670755239235	10920
5794	-0.148711874722043	10921
3620	-0.148926107026962	10922
3439	-0.149919800140865	10923
729522	-0.150271355972677	10924
7941	-0.150279653662892	10925
55003	-0.150328099027154	10926
10014	-0.150575511317886	10927
105378635	-0.150597425896557	10928
101927111	-0.150820050851528	10929
646522	-0.15137747180632	10930
101927503	-0.151380135047031	10931
22925	-0.15139559918445	10932
1008	-0.15149910393623	10933
260429	-0.15191752517299	10934
731157	-0.152151685629279	10935
55423	-0.152411873694424	10936
101927704	-0.152600999017787	10937
9333	-0.153446211433585	10938
80099	-0.153957090933744	10939
402682	-0.154147692957378	10940
7775	-0.154324618083074	10941
474354	-0.154379085197254	10942
121274	-0.154458373722446	10943
346562	-0.154480822893398	10944
3598	-0.154524892429815	10945
3116	-0.154696124607591	10946
60625	-0.155399841856622	10947
23627	-0.155962787845241	10948
147741	-0.155975707734855	10949
100462953	-0.156124763414912	10950
29034	-0.156345840456582	10951
85414	-0.156443845316701	10952
51529	-0.15645322823369	10953
10384	-0.156832181639428	10954
55183	-0.156914037075479	10955
26526	-0.15698540471749	10956
3145	-0.157371986686397	10957
441631	-0.157389477962104	10958
340206	-0.157493664042398	10959
3671	-0.157888660705554	10960
10461	-0.158099584764708	10961
442191	-0.158319793673526	10962
136371	-0.15872817995915	10963
3984	-0.158802317297025	10964
9086	-0.159290520408745	10965
102723526	-0.159341092159923	10966
2041	-0.160024577299012	10967
29781	-0.160412714239776	10968
3816	-0.160446995769647	10969
140883	-0.161023190539333	10970
101928389	-0.161078219737506	10971
101929248	-0.161439293417287	10972
64077	-0.16177741050969	10973
105369645	-0.162070617826707	10974
3755	-0.162140407485939	10975
4637	-0.162197638860938	10976
656	-0.162257054306397	10977
57094	-0.162668999766213	10978
259286	-0.16280000988856	10979
302	-0.162804776222683	10980
64131	-0.163222172919383	10981
171484	-0.163453892019541	10982
6283	-0.163574829044755	10983
673	-0.163577827148148	10984
400955	-0.163608861650774	10985
100862680	-0.163673364039465	10986
114841040	-0.163757621740368	10987
9126	-0.163822090709708	10988
3748	-0.164326791440977	10989
286436	-0.16460646773651	10990
101929505	-0.164734262621855	10991
7531	-0.165414491238207	10992
54860	-0.165423190178156	10993
55350	-0.165783726712831	10994
55432	-0.165840966329681	10995
55714	-0.165899768888342	10996
6716	-0.165993796134081	10997
100874291	-0.166410132666646	10998
285	-0.166534637520614	10999
101929549	-0.166540865526512	11000
26783	-0.166606243613685	11001
1070	-0.166612136019021	11002
2828	-0.16666600502587	11003
202051	-0.167323950021483	11004
120066	-0.168196627325595	11005
205327	-0.168231571779069	11006
84280	-0.168466014655816	11007
283310	-0.16859440372033	11008
343641	-0.168951591828374	11009
84057	-0.169017305417366	11010
56146	-0.169263348361787	11011
105379143	-0.169534847481882	11012
83902	-0.16957475678689	11013
10847	-0.169731039903969	11014
2538	-0.170501897273457	11015
7711	-0.170579837978859	11016
2696	-0.170814128952181	11017
137902	-0.171331200539114	11018
8751	-0.172075576694693	11019
146	-0.172245440830776	11020
755	-0.172785479131908	11021
2543	-0.173131490198212	11022
57501	-0.173287963568841	11023
145853	-0.173462093892792	11024
7369	-0.173483310345621	11025
84106	-0.173575113395918	11026
101926890	-0.173673459075914	11027
1654	-0.174418658200035	11028
54457	-0.174550104591201	11029
126147	-0.174942502443814	11030
388	-0.175349709750025	11031
388341	-0.176035587656028	11032
10716	-0.176935528934061	11033
79713	-0.17713749082915	11034
70	-0.177375426091906	11035
64116	-0.177416942400044	11036
5921	-0.177511566668262	11037
55233	-0.177599679945327	11038
94233	-0.177694859963906	11039
55622	-0.177896479264431	11040
4159	-0.178296438427907	11041
53343	-0.178476603311724	11042
54921	-0.178696105480837	11043
79698	-0.178787791686714	11044
7225	-0.178992582647798	11045
92906	-0.179265471503882	11046
147166	-0.179395406187352	11047
10473	-0.179444902656859	11048
255626	-0.179526286371365	11049
4292	-0.18001243979885	11050
9828	-0.181146707194273	11051
117531	-0.181314011555969	11052
84851	-0.181379535461581	11053
79852	-0.181383752216303	11054
10673	-0.181502931603532	11055
3689	-0.181606234171531	11056
57612	-0.181853408458298	11057
27034	-0.181895306878848	11058
11189	-0.182064681962871	11059
339976	-0.182188147858679	11060
6361	-0.182201315106096	11061
162466	-0.182228826204233	11062
731223	-0.182342482390888	11063
284422	-0.182487180104605	11064
256714	-0.183066639834003	11065
3516	-0.183342726853551	11066
5982	-0.183714723720527	11067
796	-0.184019185736122	11068
126206	-0.184479385083312	11069
84077	-0.184753945636928	11070
55205	-0.184803632348833	11071
115727	-0.184921703895287	11072
3846	-0.184924356440711	11073
55815	-0.184925707448097	11074
100131496	-0.185346983015926	11075
101927581	-0.185358367477018	11076
5650	-0.185563200880963	11077
51343	-0.185637445444765	11078
2628	-0.18567906975021	11079
79368	-0.186077130855313	11080
440253	-0.186572321085478	11081
105374648	-0.186715706964926	11082
3630	-0.18700041213785	11083
51479	-0.187023482828705	11084
317648	-0.187394789289141	11085
100507642	-0.187402527532457	11086
163747	-0.187973858812634	11087
342357	-0.188018645738407	11088
10106	-0.188867596340349	11089
7757	-0.189145016963975	11090
10194	-0.189524584103382	11091
400946	-0.189629798341515	11092
375704	-0.189638814493514	11093
8545	-0.189783026114181	11094
387751	-0.18990141939116	11095
388381	-0.189918963823733	11096
729258	-0.19048881057706	11097
85495	-0.19051814645478	11098
101927815	-0.190760140209342	11099
101927195	-0.190848277125536	11100
4833	-0.191609149545383	11101
7041	-0.191637240352669	11102
729224	-0.191679379952794	11103
5394	-0.19174508150854	11104
6274	-0.19234564400597	11105
54920	-0.192629577495941	11106
80339	-0.192934653929428	11107
55239	-0.193158672642188	11108
56099	-0.19350846877973	11109
101928817	-0.193816845689922	11110
11126	-0.19408018878106	11111
9501	-0.194553976222172	11112
170261	-0.194579608872855	11113
280664	-0.194745448263525	11114
8554	-0.19474749938088	11115
5000	-0.19494116632158	11116
4691	-0.195428577477144	11117
84922	-0.195561881724714	11118
101927018	-0.196119008783898	11119
513	-0.196206294759541	11120
57205	-0.196522595360203	11121
252884	-0.197094510278102	11122
2173	-0.198132273784518	11123
11318	-0.198176881812504	11124
163071	-0.198500582275875	11125
8649	-0.198537560729231	11126
150465	-0.198790550058806	11127
80008	-0.199696141531761	11128
80705	-0.199741722197643	11129
27006	-0.199790178053683	11130
8399	-0.199810183565173	11131
94086	-0.200318393096786	11132
6232	-0.200559674773892	11133
23533	-0.201357120698221	11134
6441	-0.201726567917977	11135
65977	-0.202031252991	11136
199699	-0.202197805203653	11137
51439	-0.202373491655182	11138
2784	-0.202513941684992	11139
64433	-0.202600612776389	11140
127294	-0.202756501048464	11141
6651	-0.203034060646286	11142
83886	-0.203395702763543	11143
55203	-0.203884203266621	11144
51208	-0.203967481440381	11145
57709	-0.204407923895238	11146
51136	-0.20579797482615	11147
84983	-0.205802917563855	11148
105376944	-0.206301298347824	11149
51582	-0.206478371861144	11150
373	-0.206723529107987	11151
100507530	-0.207171195411439	11152
254050	-0.207341963015053	11153
101928813	-0.207366335749766	11154
101927988	-0.20740244546686	11155
728081	-0.207580178978682	11156
369	-0.207609945393616	11157
105375602	-0.207829875125073	11158
6376	-0.208968708591778	11159
9457	-0.209000116386911	11160
498	-0.209062958450879	11161
1522	-0.209313215288541	11162
7434	-0.209377019513365	11163
23676	-0.209437239712666	11164
6489	-0.209665986421272	11165
50489	-0.20990986795161	11166
160824	-0.209995744339765	11167
8492	-0.210194342816984	11168
55503	-0.210533812446673	11169
23732	-0.210549404065962	11170
339761	-0.211909052658146	11171
56832	-0.212026134393412	11172
554	-0.212256829214292	11173
151171	-0.212425334589188	11174
205564	-0.213941211370342	11175
140690	-0.214003597370203	11176
29881	-0.214206635407355	11177
284021	-0.214874254303512	11178
6205	-0.214922306092261	11179
6604	-0.215237219952254	11180
101926903	-0.21581586637446	11181
55421	-0.216159575841654	11182
4184	-0.21694972863203	11183
128861	-0.217015258844295	11184
101929623	-0.217300414630263	11185
284654	-0.217745265137581	11186
387694	-0.217769102197124	11187
57818	-0.217886933269535	11188
107161151	-0.21802395532819	11189
2972	-0.218087937240149	11190
129807	-0.218119128273431	11191
88745	-0.218209201332095	11192
10486	-0.218290786127095	11193
284904	-0.218350999619702	11194
8813	-0.218574780640393	11195
112936	-0.218691538227283	11196
8110	-0.219253659904812	11197
440279	-0.21973699270454	11198
154091	-0.219921241676138	11199
29988	-0.219925840990893	11200
150379	-0.220568661551698	11201
259287	-0.22075584156608	11202
101927636	-0.220880782508314	11203
80135	-0.221171228666024	11204
4863	-0.221195374441191	11205
146456	-0.22123923708878	11206
25962	-0.22138092010949	11207
83539	-0.221874443305653	11208
7542	-0.221961909910544	11209
101927531	-0.222121361049955	11210
388714	-0.222379112374715	11211
25974	-0.222665728943276	11212
6181	-0.222789426385761	11213
93349	-0.222846739871809	11214
27095	-0.223653818096198	11215
7302	-0.223673342609372	11216
5724	-0.22436715263507	11217
57563	-0.224401652372336	11218
6152	-0.225102722470944	11219
100874058	-0.225526567101286	11220
389043	-0.225678453819618	11221
7073	-0.226048683201291	11222
5145	-0.226127206580272	11223
28642	-0.226404486960416	11224
6354	-0.226435231887192	11225
645027	-0.226793764526512	11226
117195	-0.226824352525285	11227
83417	-0.227314627026608	11228
101927112	-0.227718097524292	11229
10787	-0.228080440399702	11230
285596	-0.22859266447033	11231
23536	-0.22867722341781	11232
92822	-0.229032763475724	11233
203069	-0.229473638989267	11234
104	-0.229555193358077	11235
692159	-0.229556932016196	11236
8869	-0.229648929101828	11237
26780	-0.230362283038604	11238
79065	-0.230508352430909	11239
3904	-0.230514262482178	11240
10445	-0.230652737496709	11241
121643	-0.231630902148812	11242
146310	-0.232006875053436	11243
64167	-0.232066421037131	11244
773	-0.232538902058594	11245
27329	-0.23266973282204	11246
55116	-0.232849476088267	11247
3053	-0.232969957752968	11248
60495	-0.233540742818623	11249
11086	-0.234315883465563	11250
161931	-0.234885849347838	11251
6675	-0.234925020237938	11252
55295	-0.235216132230915	11253
132625	-0.235452238002491	11254
374443	-0.235725915145286	11255
574432	-0.236046567430119	11256
10795	-0.236631888871745	11257
7042	-0.236657136492151	11258
84172	-0.236682211664569	11259
29774	-0.2368343382384	11260
27012	-0.237405022246768	11261
325	-0.237452555296592	11262
57010	-0.238068220011846	11263
26225	-0.23870725583455	11264
133418	-0.238773687540019	11265
22944	-0.238944612033964	11266
1759	-0.239179401022915	11267
84079	-0.239576525644467	11268
51015	-0.239841192027114	11269
57626	-0.240001934677114	11270
27023	-0.240363008094658	11271
440704	-0.240436581268143	11272
10726	-0.240655823636303	11273
220416	-0.24092990487542	11274
54890	-0.241126056473912	11275
347732	-0.241140561614781	11276
134728	-0.241169531998453	11277
26188	-0.241478233027801	11278
5771	-0.241600208249856	11279
105369507	-0.241779601715809	11280
5118	-0.241861244361325	11281
338864	-0.241978532122274	11282
83872	-0.24238784848042	11283
8454	-0.242560727020037	11284
112616	-0.242823764989365	11285
221241	-0.243475849797462	11286
220107	-0.24354262753657	11287
29986	-0.243826123067845	11288
79759	-0.244152791210134	11289
9951	-0.244705370296219	11290
219	-0.245638195486893	11291
121053	-0.245734115340866	11292
84243	-0.245878677187682	11293
101928222	-0.246195517410362	11294
22909	-0.246262668797491	11295
8325	-0.246289620702585	11296
105377105	-0.246554831441186	11297
101559451	-0.246890598977023	11298
102724386	-0.247175639488884	11299
100133985	-0.247352001420126	11300
28965	-0.247567567470956	11301
7376	-0.248059591000061	11302
84316	-0.248290771707918	11303
4063	-0.249266377467568	11304
172	-0.250352857175006	11305
642	-0.250458290020322	11306
118442	-0.250555613741596	11307
100507436	-0.251173623841508	11308
5458	-0.251380561118536	11309
51314	-0.251490595114267	11310
724087	-0.25164806559211	11311
389874	-0.2520323518141	11312
2677	-0.252829890639147	11313
339803	-0.25344141991638	11314
54361	-0.254095723977285	11315
4584	-0.254190581808372	11316
55629	-0.254834534279346	11317
1734	-0.255466145104731	11318
79886	-0.255676009717071	11319
730249	-0.256708014866452	11320
101929007	-0.257237839855092	11321
54581	-0.257263976747625	11322
10590	-0.257627536908115	11323
26070	-0.257777229285033	11324
5690	-0.257978772113176	11325
24142	-0.258311361578198	11326
401014	-0.258553010206733	11327
25850	-0.259067983349696	11328
54758	-0.259565260672986	11329
22863	-0.259683179791734	11330
100128398	-0.259864330150305	11331
28986	-0.260147360125656	11332
100505716	-0.260222289173393	11333
57336	-0.26042474833849	11334
3600	-0.260586376409827	11335
100506469	-0.260751647203309	11336
84076	-0.260766022127521	11337
6665	-0.260921758800347	11338
51517	-0.261482030969712	11339
90233	-0.26154043960412	11340
79027	-0.261684311998958	11341
9577	-0.261720791441951	11342
79097	-0.261746513674715	11343
668	-0.261750665371616	11344
140258	-0.262278469862837	11345
225689	-0.262293930142775	11346
132320	-0.262379517675339	11347
101928487	-0.262786827949847	11348
2773	-0.263077343855237	11349
105377223	-0.263146660953942	11350
2746	-0.263151955684071	11351
10777	-0.263262678520412	11352
375757	-0.26334675575274	11353
56271	-0.263554461538609	11354
92129	-0.26393695277291	11355
221883	-0.2642223578446	11356
9926	-0.264276904479305	11357
100130418	-0.264515321663494	11358
7324	-0.264541308610502	11359
28662	-0.264562260540962	11360
64858	-0.264655935122903	11361
81623	-0.264662638453146	11362
23216	-0.264915512357108	11363
5822	-0.264996010336941	11364
30813	-0.265123634137966	11365
400604	-0.265304479671893	11366
439933	-0.265326625478419	11367
4741	-0.265759444307173	11368
2926	-0.265862680460287	11369
135228	-0.266077857822578	11370
284417	-0.266933099279277	11371
100874239	-0.267153132867129	11372
165829	-0.268279979230206	11373
58511	-0.268397351384479	11374
102723335	-0.268757597472713	11375
101928545	-0.26948214926897	11376
285857	-0.269900071046557	11377
242	-0.269992657707482	11378
4675	-0.270093303074585	11379
11333	-0.270328562505583	11380
27254	-0.270567369543975	11381
55346	-0.270805024103178	11382
55086	-0.270997583370255	11383
4929	-0.27100693568139	11384
9597	-0.271040398290349	11385
8543	-0.271505269551635	11386
105371508	-0.271510402005745	11387
57531	-0.271819874514218	11388
646588	-0.271938485477453	11389
3497	-0.271974879970077	11390
10343	-0.272703741278651	11391
2475	-0.272837680203976	11392
100132234	-0.273147204999579	11393
6192	-0.273507932935249	11394
56097	-0.274192829850782	11395
200523	-0.274805888938887	11396
105372840	-0.275246423024249	11397
55106	-0.275407434735304	11398
100507461	-0.275676856562579	11399
5624	-0.276152092375438	11400
2983	-0.276289615496749	11401
57540	-0.277322062791748	11402
22854	-0.277396153966456	11403
10841	-0.277619097543354	11404
58190	-0.27813979698943	11405
8513	-0.278853754410749	11406
2324	-0.278861392060964	11407
94056	-0.278878712885255	11408
27089	-0.278880908374425	11409
326340	-0.279046898532374	11410
9476	-0.279692584344563	11411
63967	-0.279955811926518	11412
197350	-0.280102919207727	11413
374973	-0.280311801685631	11414
100996624	-0.280354898315268	11415
170425	-0.280487639164508	11416
4885	-0.280661040505538	11417
53918	-0.280809065601672	11418
26206	-0.281438778172059	11419
285601	-0.281476209297596	11420
63977	-0.281491971506149	11421
114786	-0.281614635427457	11422
6525	-0.281854396144313	11423
101930421	-0.282254225926464	11424
26123	-0.282255076708409	11425
55268	-0.282368247838629	11426
79685	-0.282848101482932	11427
130340	-0.282855184179296	11428
390980	-0.283029300565071	11429
84795	-0.283100620395223	11430
3055	-0.283164574696845	11431
125972	-0.28318784304708	11432
221074	-0.28398574125744	11433
440952	-0.284004986896575	11434
2917	-0.284410593318322	11435
2197	-0.284521342293654	11436
57701	-0.284857504349051	11437
6863	-0.284885386019906	11438
57719	-0.285287677785974	11439
84779	-0.286089210056733	11440
1852	-0.286432393880824	11441
5319	-0.286515091906252	11442
253017	-0.286811251439968	11443
127018	-0.287468588520091	11444
57722	-0.287693028581195	11445
11074	-0.288134361180673	11446
55612	-0.288361302901171	11447
55844	-0.288943657248641	11448
101929341	-0.288970672327993	11449
55511	-0.289108256120062	11450
3298	-0.289398063849926	11451
6017	-0.289571720128178	11452
171391	-0.290202675805743	11453
10335	-0.290870316837109	11454
466	-0.290914817063922	11455
286336	-0.290971522063237	11456
3537	-0.291275255162363	11457
219770	-0.291374813278542	11458
81848	-0.291442535714169	11459
166614	-0.291841644268601	11460
644090	-0.29194980188032	11461
9525	-0.292154302051181	11462
85446	-0.292348582750533	11463
55166	-0.293019252402248	11464
10599	-0.293251776632091	11465
101928797	-0.293355819465813	11466
100132618	-0.293752825658279	11467
653857	-0.29400449479764	11468
3312	-0.294121920185466	11469
246721	-0.294314832213397	11470
100129969	-0.294387698600076	11471
337876	-0.294643143306688	11472
105369890	-0.294916380433836	11473
101927084	-0.295154290278147	11474
90589	-0.295527229237862	11475
80021	-0.295729636137686	11476
9982	-0.295869298671349	11477
1312	-0.296047965657218	11478
26017	-0.296118328618013	11479
84925	-0.2961745891381	11480
84277	-0.296195200838973	11481
65989	-0.297056891029951	11482
283887	-0.297102158363521	11483
10056	-0.297383027508872	11484
6594	-0.297617432725106	11485
25819	-0.297658486115598	11486
2694	-0.298006457628029	11487
4718	-0.298319692532101	11488
374907	-0.298656127826649	11489
4588	-0.298671669548266	11490
152815	-0.299346033913869	11491
283232	-0.29974535497209	11492
354	-0.300110273135388	11493
114990	-0.300222433815416	11494
84196	-0.300227020889777	11495
163778	-0.300701708800609	11496
28590	-0.300899745066597	11497
203076	-0.301377056463084	11498
64112	-0.301927907405813	11499
78987	-0.301947646165713	11500
91181	-0.302116919468156	11501
643623	-0.302207821874976	11502
4323	-0.30231418484777	11503
170393	-0.30236900918422	11504
23334	-0.302731959232972	11505
8342	-0.302764031173178	11506
105377399	-0.303736387273	11507
222865	-0.303827911506937	11508
208	-0.304476969160419	11509
170482	-0.304655397606676	11510
5435	-0.305465317993864	11511
169981	-0.305573908658749	11512
3936	-0.305684356133327	11513
441086	-0.306089830537776	11514
366	-0.306346745547331	11515
375743	-0.306532588736228	11516
5582	-0.306898614273444	11517
10882	-0.30689982638635	11518
100129858	-0.307056074735822	11519
2919	-0.307116941531758	11520
51295	-0.307423230806591	11521
50	-0.307674647774076	11522
4851	-0.307713775954065	11523
51122	-0.307893668431449	11524
139538	-0.307972257276581	11525
118461	-0.308352224539489	11526
338588	-0.308552688031042	11527
84330	-0.308680927224105	11528
10411	-0.308971865911195	11529
3456	-0.30897809211385	11530
100506999	-0.309516680699192	11531
29992	-0.310175177152692	11532
7404	-0.310264618339258	11533
3122	-0.310591866781343	11534
22849	-0.311033963299171	11535
54800	-0.311061613026582	11536
79038	-0.311127348741816	11537
7045	-0.311139870057542	11538
130502	-0.312984054238868	11539
1955	-0.313133275698109	11540
3937	-0.313156923222546	11541
285267	-0.313538719267366	11542
90441	-0.313890813220688	11543
245972	-0.314023066847002	11544
100861546	-0.314409824810303	11545
54769	-0.315094027875732	11546
3595	-0.31524788950724	11547
26272	-0.315442102981581	11548
7712	-0.31615394457511	11549
101929180	-0.316700061916002	11550
8605	-0.317298774403169	11551
5449	-0.317616938664919	11552
27112	-0.31779651428229	11553
402665	-0.318568671148863	11554
6554	-0.318649560401282	11555
129025	-0.318654963953808	11556
91445	-0.319231344468093	11557
2139	-0.320052312436339	11558
126520	-0.320133331351858	11559
102724880	-0.320232979100682	11560
80341	-0.320409212362747	11561
10602	-0.320528050971276	11562
283685	-0.320701643998409	11563
101929284	-0.320795377943482	11564
3052	-0.321187026653895	11565
153768	-0.321345000561912	11566
84164	-0.321461323499051	11567
10198	-0.321866187332927	11568
256586	-0.322010830301984	11569
7476	-0.322076164749263	11570
9344	-0.322632274223768	11571
23171	-0.322667682212054	11572
23339	-0.322777101143651	11573
4053	-0.323283529248845	11574
101927709	-0.323354260521076	11575
5606	-0.323892973988337	11576
221391	-0.324009645333504	11577
64170	-0.324703857780581	11578
3747	-0.325911060766377	11579
105274304	-0.326022625158317	11580
51106	-0.326540554884674	11581
101927125	-0.327271160478374	11582
22989	-0.327539542968994	11583
4597	-0.327633899553654	11584
27120	-0.32802219060442	11585
101060091	-0.328196573117351	11586
496	-0.3282140438352	11587
401237	-0.328534509849024	11588
5134	-0.328622249174653	11589
200772	-0.329559656898034	11590
177	-0.329574099698729	11591
196951	-0.329637779059055	11592
6247	-0.330291543067212	11593
5805	-0.330682509712273	11594
1486	-0.330703179751994	11595
9188	-0.331147051537963	11596
89778	-0.331153184251495	11597
196446	-0.331438787159363	11598
80274	-0.331564626291481	11599
374286	-0.331597251360106	11600
56129	-0.331683725604858	11601
8754	-0.331753641673296	11602
5567	-0.332710678111502	11603
642757	-0.33314903392653	11604
139105	-0.333322780993884	11605
222537	-0.333746738496647	11606
738	-0.334686035537731	11607
64241	-0.334705471744971	11608
22986	-0.335044270913445	11609
5275	-0.335382682609462	11610
1636	-0.335411856640273	11611
7314	-0.335415510934339	11612
84735	-0.335578204267814	11613
257218	-0.335782715324772	11614
9883	-0.335845901524762	11615
92305	-0.335922465107827	11616
79966	-0.336007882700935	11617
100132354	-0.336033882985933	11618
339298	-0.336042371285004	11619
26523	-0.3360596014854	11620
5875	-0.336082788397474	11621
933	-0.336624810634221	11622
64376	-0.337417068544295	11623
196968	-0.337471053151722	11624
57555	-0.337981690450661	11625
378925	-0.338222330983061	11626
8819	-0.338449177703867	11627
5916	-0.33850643564315	11628
1977	-0.338808453571129	11629
128025	-0.339037747144473	11630
100506765	-0.339290779966021	11631
100861544	-0.339404262056766	11632
116840	-0.339618456713033	11633
101928101	-0.340401392468879	11634
151888	-0.340754436565039	11635
105371472	-0.341455288802771	11636
10773	-0.341460761062397	11637
26338	-0.341916547974681	11638
64399	-0.342563729905187	11639
387758	-0.342573280461933	11640
10910	-0.34290701702009	11641
85300	-0.343268370479086	11642
29066	-0.343590685172462	11643
414201	-0.344108675612213	11644
3091	-0.344338023180416	11645
996	-0.344503086890449	11646
10930	-0.344560677712236	11647
100133311	-0.344949491843266	11648
135293	-0.34502079424414	11649
100861543	-0.345948915675554	11650
6000	-0.346110926421905	11651
344	-0.346150467140207	11652
23671	-0.346944504578647	11653
51665	-0.347363381637531	11654
404216	-0.347760120435904	11655
6193	-0.347773181165996	11656
80700	-0.347796848849779	11657
5710	-0.347888165283425	11658
219287	-0.348021884290941	11659
162514	-0.348133279949321	11660
55906	-0.348147818326778	11661
221154	-0.348187441892689	11662
80273	-0.348399427710597	11663
105371450	-0.34841672062997	11664
105376196	-0.348978177230492	11665
79973	-0.349255381250166	11666
51409	-0.349630366472761	11667
162333	-0.3497893656111	11668
84311	-0.349876090566604	11669
152006	-0.349882339653566	11670
248	-0.350040886167856	11671
8832	-0.350213924941059	11672
80832	-0.350486079169608	11673
8361	-0.350915643601885	11674
51214	-0.351227758146903	11675
401320	-0.351933399357127	11676
22950	-0.351999999910518	11677
101929450	-0.352570934851176	11678
100505929	-0.352671419520936	11679
151516	-0.352794313830203	11680
1118	-0.353806520281275	11681
8678	-0.354031565861042	11682
4324	-0.354285649390375	11683
255919	-0.354294165877811	11684
55025	-0.354361031659425	11685
101593348	-0.354413975802299	11686
2306	-0.354443414785142	11687
7142	-0.35444466083718	11688
3772	-0.354492220636147	11689
3009	-0.355425436749107	11690
5799	-0.355475519338367	11691
84259	-0.355529366895608	11692
150383	-0.355831483841217	11693
27180	-0.356155253735164	11694
162998	-0.356416190640156	11695
722	-0.356590886737884	11696
9270	-0.356885410288652	11697
121256	-0.357148899923445	11698
60686	-0.358049130171005	11699
400831	-0.358321930917934	11700
101928612	-0.358502048295163	11701
57117	-0.358869779120375	11702
5024	-0.358871894876116	11703
375686	-0.359419302703138	11704
84873	-0.359433312707874	11705
91272	-0.359520938380246	11706
10929	-0.359585412424799	11707
6504	-0.359725975919789	11708
400748	-0.35991399254423	11709
728196	-0.360032144702662	11710
2235	-0.360058160121623	11711
7014	-0.360709394702191	11712
3914	-0.360920785699868	11713
10089	-0.361572101723288	11714
5789	-0.361610606740607	11715
388403	-0.361671189084618	11716
55379	-0.361692949146137	11717
51725	-0.361987391375194	11718
8792	-0.362258858224193	11719
10744	-0.362379412591399	11720
29893	-0.362511783912817	11721
642976	-0.362656746639161	11722
51086	-0.362831891851405	11723
123920	-0.362874939267325	11724
58504	-0.363687805284781	11725
100505515	-0.364303887953508	11726
6318	-0.364357657421046	11727
3768	-0.364675294430585	11728
10220	-0.364728175806632	11729
105372547	-0.364914053989178	11730
27123	-0.365000939919534	11731
115106	-0.365039038117191	11732
101929620	-0.365238071954398	11733
345	-0.366181108754651	11734
93408	-0.366828795703936	11735
8315	-0.367119949279412	11736
80776	-0.367831259189127	11737
4728	-0.368297288170207	11738
84315	-0.368495961323965	11739
11319	-0.368499308634403	11740
80329	-0.369235976254305	11741
5047	-0.369396815732059	11742
148145	-0.369646954745094	11743
7224	-0.370097762391993	11744
10071	-0.370364328543406	11745
105378952	-0.370499025388801	11746
9437	-0.370576063040772	11747
375775	-0.371224983944666	11748
101927433	-0.371318926747155	11749
388662	-0.371539470717512	11750
64710	-0.371913426607487	11751
79003	-0.372175843489078	11752
122060	-0.372276209560659	11753
10533	-0.372314006138836	11754
5152	-0.372468272095994	11755
7455	-0.372499356773651	11756
374654	-0.372609281962451	11757
125228	-0.37277224300859	11758
148870	-0.372825670599011	11759
57817	-0.372952250474494	11760
22927	-0.372993483700747	11761
3038	-0.373356321405009	11762
84654	-0.373965704474468	11763
2918	-0.37460226036344	11764
30832	-0.374808790998347	11765
10076	-0.375169993514045	11766
6990	-0.375820995405726	11767
2022	-0.375828114082679	11768
51191	-0.376189343862261	11769
22832	-0.376355787106853	11770
1267	-0.377226751770426	11771
100506190	-0.377704989969851	11772
26038	-0.378209816839199	11773
1024	-0.378289176452972	11774
56896	-0.378314040628443	11775
388630	-0.378389676022944	11776
135946	-0.378525269574301	11777
9616	-0.379268424629968	11778
729307	-0.379498588175953	11779
5281	-0.379626403878504	11780
100874107	-0.379662229511947	11781
389932	-0.379950605247359	11782
7567	-0.380090780614926	11783
25949	-0.380197729938712	11784
9595	-0.380337750520705	11785
102723390	-0.380344777152161	11786
6633	-0.380604715412965	11787
340554	-0.38070828151115	11788
57214	-0.380843579976005	11789
64863	-0.380974735083343	11790
245936	-0.38113203274554	11791
7252	-0.381448830387206	11792
114792	-0.382207955357241	11793
482	-0.382578986699377	11794
1587	-0.382775410142193	11795
10168	-0.383252166712519	11796
79188	-0.383283160275034	11797
9379	-0.383393766104706	11798
10138	-0.383489328669413	11799
254958	-0.383569136039907	11800
541565	-0.383818510362779	11801
26339	-0.383926640937343	11802
102724064	-0.384111061609872	11803
220972	-0.384183258191584	11804
57599	-0.384213122436821	11805
4163	-0.384336776592602	11806
101929467	-0.384923085753245	11807
3857	-0.385155302135926	11808
5862	-0.385161198960084	11809
199	-0.385172368825204	11810
10246	-0.385184084277576	11811
100128327	-0.385466834197818	11812
284307	-0.385493570965132	11813
121599	-0.385574574228029	11814
5654	-0.386180178102376	11815
11238	-0.386209121303338	11816
10324	-0.386321525770665	11817
221191	-0.386631160954225	11818
9051	-0.386693011876291	11819
3231	-0.386723456188923	11820
3235	-0.387053456609415	11821
255031	-0.38708796113036	11822
353116	-0.38714217516074	11823
56975	-0.387704914602011	11824
101928521	-0.388006764446196	11825
2893	-0.388117701927229	11826
56134	-0.388694856244257	11827
23503	-0.388697032895154	11828
647476	-0.388726433821681	11829
100506791	-0.388768157851741	11830
84301	-0.388972288425321	11831
79102	-0.389032631641299	11832
101928020	-0.389046754259703	11833
284367	-0.389203165822063	11834
22895	-0.389265605432112	11835
29967	-0.389754274787505	11836
55319	-0.3900303227741	11837
203547	-0.390351248425193	11838
5313	-0.390431608726313	11839
100507463	-0.391169037744245	11840
3626	-0.391227510860482	11841
6400	-0.391425064928576	11842
51009	-0.391433799551804	11843
816	-0.39166966109192	11844
57002	-0.391759537142188	11845
100505592	-0.39204779550164	11846
101929475	-0.393109638334113	11847
2693	-0.393564051927241	11848
5330	-0.394169883895822	11849
84197	-0.394256338418125	11850
338323	-0.394266735756148	11851
8756	-0.394396533210233	11852
171024	-0.394488875168384	11853
51475	-0.394574501039976	11854
151009	-0.394617733491508	11855
6950	-0.394758645502927	11856
51372	-0.394800086675199	11857
255057	-0.394847261405034	11858
283171	-0.395247806794807	11859
7849	-0.395286329971005	11860
6609	-0.395410900926599	11861
200232	-0.395415274865972	11862
79158	-0.395758858299279	11863
2101	-0.39582945578355	11864
11257	-0.395909225204176	11865
7846	-0.395966064354267	11866
8358	-0.39619552903709	11867
105372485	-0.396547279868163	11868
259197	-0.39657753385352	11869
101929229	-0.397289524276261	11870
26355	-0.398516840769584	11871
101928087	-0.398841915657726	11872
101929748	-0.399058965630708	11873
6098	-0.399128705066586	11874
57326	-0.399479615244416	11875
79982	-0.399518861799095	11876
105370424	-0.400289412591472	11877
26953	-0.400485265589434	11878
100506470	-0.400485273140726	11879
84807	-0.400549084625026	11880
89857	-0.400563005285352	11881
129804	-0.400712100092786	11882
374739	-0.401130198581047	11883
283796	-0.401147558052248	11884
9398	-0.40161795334599	11885
8490	-0.401758567313876	11886
4716	-0.401951109500064	11887
57471	-0.401973466300453	11888
51032	-0.402082661988642	11889
100507466	-0.402522542411382	11890
114	-0.402679007171925	11891
23424	-0.402837160371251	11892
29800	-0.40308846197195	11893
7351	-0.403141865106321	11894
166863	-0.403161414791455	11895
168741	-0.403204844451982	11896
124626	-0.403380042682572	11897
100507584	-0.403514032225436	11898
10015	-0.403733482396744	11899
3741	-0.403913169634685	11900
28461	-0.404153879258599	11901
79166	-0.404176696753893	11902
105371267	-0.404247821667688	11903
56952	-0.405307074365943	11904
105375282	-0.405334959556695	11905
9149	-0.406009889465983	11906
1876	-0.406276544030496	11907
26525	-0.407071012582899	11908
146956	-0.407180146673289	11909
54949	-0.407348859778436	11910
130749	-0.407583040341198	11911
91750	-0.408510844134749	11912
9478	-0.408665801755269	11913
55129	-0.40876072807505	11914
4790	-0.408965819402426	11915
170591	-0.409002140129062	11916
3119	-0.409071189016848	11917
286189	-0.409357350836448	11918
84100	-0.409494752936388	11919
10175	-0.409857378406486	11920
105373418	-0.40989780905319	11921
100507468	-0.41086894541412	11922
5826	-0.410997865682672	11923
9169	-0.411763647736247	11924
253650	-0.411884443909944	11925
23493	-0.412152950002748	11926
201191	-0.412204612370316	11927
127	-0.412424717031646	11928
2633	-0.412859626269366	11929
285501	-0.41310695061659	11930
3238	-0.413965570206132	11931
401321	-0.414391238748962	11932
105377656	-0.414425972380754	11933
100129361	-0.414429146040083	11934
79400	-0.414900356755992	11935
51566	-0.415291824380228	11936
22978	-0.415451129308749	11937
11224	-0.415561448484847	11938
54511	-0.415573202016943	11939
605	-0.415948801670538	11940
54968	-0.416092378508219	11941
7444	-0.416235777883751	11942
84232	-0.416747376804111	11943
4438	-0.416751353609747	11944
497258	-0.417128850854481	11945
286177	-0.417452975912079	11946
4759	-0.417732601136502	11947
6786	-0.417775672175504	11948
139411	-0.417838386241149	11949
57605	-0.417984547204684	11950
10097	-0.419013404320841	11951
140290	-0.419049436451018	11952
63974	-0.419676907323783	11953
4598	-0.420221586907407	11954
51063	-0.420273348729097	11955
79634	-0.420529917199279	11956
1812	-0.420559235472222	11957
6424	-0.42059391626635	11958
10392	-0.4206963024345	11959
2905	-0.420967292172137	11960
283761	-0.42152044212765	11961
81611	-0.421837535467811	11962
4351	-0.421980640121292	11963
352999	-0.42212407812677	11964
136	-0.422462180243725	11965
389641	-0.422824840499186	11966
9716	-0.422849120554954	11967
59351	-0.423417325766377	11968
3632	-0.423514159294642	11969
105369192	-0.423994056561576	11970
29104	-0.424604640063271	11971
83719	-0.424943520240081	11972
1262	-0.425677253900136	11973
121260	-0.425723500486645	11974
26103	-0.425803135570112	11975
7345	-0.426014318013127	11976
84811	-0.426456064609081	11977
338005	-0.42648681951821	11978
8193	-0.42681321153212	11979
5475	-0.426858429600304	11980
151112	-0.426891014128345	11981
116986	-0.427224073713399	11982
9742	-0.427244797646056	11983
80834	-0.428345487496245	11984
8664	-0.428400272532402	11985
203523	-0.428506035875096	11986
253573	-0.428555216481046	11987
84107	-0.429001511241824	11988
2356	-0.429072394539176	11989
65003	-0.429758698560835	11990
8552	-0.429837454704262	11991
27032	-0.430062591723242	11992
26167	-0.430605527787947	11993
55051	-0.430636095375372	11994
114794	-0.43065783546356	11995
26539	-0.430850202441195	11996
58483	-0.431516100768572	11997
148281	-0.431828002201431	11998
3355	-0.431842126854333	11999
9514	-0.431966761863768	12000
100507562	-0.432028637379756	12001
379034	-0.432087782278494	12002
93979	-0.432612688936884	12003
5455	-0.432789533041804	12004
6171	-0.432822489580403	12005
105375785	-0.432840710372152	12006
7015	-0.43295278844651	12007
55004	-0.433000599935941	12008
26220	-0.43327756371064	12009
144100	-0.433557368648635	12010
7577	-0.43375057904526	12011
100128946	-0.433921087074537	12012
101927051	-0.434254067388212	12013
164684	-0.43441813798438	12014
292	-0.434814900002248	12015
101928658	-0.434815045207476	12016
79884	-0.434879577419981	12017
5702	-0.434981712062569	12018
51334	-0.435464267000268	12019
440072	-0.435509682888933	12020
158035	-0.437173517882667	12021
8225	-0.437369248630686	12022
100874194	-0.437408828574622	12023
101929120	-0.437627618293947	12024
101929052	-0.437664805937418	12025
479	-0.437920215780681	12026
6881	-0.438072042124575	12027
100128590	-0.438416129459026	12028
134187	-0.439230128747344	12029
51162	-0.439440332908645	12030
65061	-0.439524432573371	12031
10920	-0.439932628702181	12032
221718	-0.440013574469605	12033
29930	-0.440335006621655	12034
79734	-0.440788994577213	12035
387856	-0.440861142321618	12036
101929977	-0.441705848284173	12037
6529	-0.441881304297901	12038
56853	-0.442696929370082	12039
4152	-0.442838163006521	12040
113174	-0.443198346307457	12041
257629	-0.443240582622848	12042
10123	-0.443430056521985	12043
10983	-0.443543366038741	12044
197021	-0.443750530245801	12045
440956	-0.443953937700788	12046
6118	-0.444195040018889	12047
55014	-0.444312127587829	12048
23648	-0.444480537487005	12049
3931	-0.444526609143434	12050
317671	-0.444782402756595	12051
1238	-0.44505524283737	12052
23589	-0.445128115232964	12053
105373460	-0.445768308419193	12054
65117	-0.446276298910156	12055
2078	-0.446290001718406	12056
54831	-0.446482415854087	12057
55915	-0.446505515837373	12058
9043	-0.446665186219513	12059
4143	-0.446747470244457	12060
5686	-0.447013891251595	12061
8666	-0.447033873517389	12062
9987	-0.447067350134499	12063
171169	-0.44738848344717	12064
101927305	-0.44742876012234	12065
84787	-0.447688345943767	12066
51123	-0.448285635806349	12067
5457	-0.44841327745772	12068
51702	-0.448522040064471	12069
221	-0.448588757568529	12070
221443	-0.448676428969785	12071
494115	-0.448717681783447	12072
9210	-0.448803640518083	12073
151230	-0.449033720137034	12074
399900	-0.449240939354385	12075
3362	-0.449371297521547	12076
105372069	-0.449425327934527	12077
2952	-0.449692058163959	12078
401233	-0.44993447901782	12079
26168	-0.45087703194663	12080
80078	-0.451156436656852	12081
148014	-0.451395845085456	12082
11000	-0.451661181622189	12083
645485	-0.451712548463153	12084
6850	-0.452203686674206	12085
5300	-0.45229123683396	12086
728095	-0.452597541633632	12087
6870	-0.452647144894311	12088
101928505	-0.45301459273012	12089
100125288	-0.453137531899606	12090
6591	-0.45314088074861	12091
134111	-0.453207413409181	12092
5878	-0.453436229297362	12093
3434	-0.453529272639506	12094
23660	-0.453554436685086	12095
79026	-0.45496989931264	12096
8710	-0.455482447124395	12097
55082	-0.455822296110084	12098
339975	-0.456382822923763	12099
105377143	-0.457242862582301	12100
92249	-0.457931408752718	12101
23480	-0.458282882999588	12102
9786	-0.458468579063065	12103
113	-0.458742765749573	12104
26707	-0.458871069405801	12105
27235	-0.458907474487316	12106
389715	-0.458965650502934	12107
646268	-0.45904867905866	12108
54834	-0.459109990523661	12109
28677	-0.459122695520654	12110
84255	-0.459192991047596	12111
251	-0.45958777976364	12112
345611	-0.459786482515304	12113
101929441	-0.460366825684281	12114
109	-0.460449605651262	12115
83442	-0.460719102376023	12116
103456507	-0.46132301822156	12117
6117	-0.461337910145114	12118
101927766	-0.46148801776821	12119
133308	-0.461618829008467	12120
105369541	-0.461669779040882	12121
91526	-0.461792818919986	12122
56154	-0.461845398101046	12123
10151	-0.461891961967716	12124
1413	-0.462155178055193	12125
84306	-0.462216929358131	12126
57412	-0.462940996800323	12127
124599	-0.463010148109154	12128
26266	-0.46320133144773	12129
137994	-0.463308780228543	12130
109729181	-0.463582631586225	12131
55515	-0.463679768520509	12132
90	-0.463957370538247	12133
100130111	-0.464007426690156	12134
128637	-0.464070058886979	12135
4077	-0.464664250074771	12136
116150	-0.465305219567415	12137
84694	-0.46554455737464	12138
79173	-0.465646891314143	12139
83787	-0.465854438769481	12140
6123	-0.466476086995134	12141
282618	-0.466808484284992	12142
2131	-0.467030562870547	12143
27336	-0.467137078822637	12144
64094	-0.467162300452731	12145
55234	-0.467626957884752	12146
148345	-0.468109694965439	12147
9499	-0.468161614119604	12148
10936	-0.468182143904576	12149
2671	-0.468355126386426	12150
54859	-0.468503355441718	12151
140686	-0.468571102104552	12152
313	-0.468780228576373	12153
92736	-0.469104336015199	12154
84103	-0.469253457662765	12155
152756	-0.469257110964376	12156
9834	-0.469352294547484	12157
105375509	-0.46973705210005	12158
3293	-0.469768167284238	12159
50839	-0.469916599441345	12160
9521	-0.470021533283895	12161
150678	-0.470037751011182	12162
348980	-0.470146400614843	12163
6877	-0.470385088767496	12164
6459	-0.470417059214519	12165
50613	-0.470540191536135	12166
147727	-0.470684741092871	12167
8701	-0.47109846660279	12168
3283	-0.471497230947224	12169
1723	-0.471914669427813	12170
6332	-0.472308880359372	12171
105377924	-0.472445929832698	12172
25972	-0.472969948185567	12173
151790	-0.473227344372337	12174
51234	-0.473738713340224	12175
3744	-0.474167327303922	12176
5362	-0.47467929755738	12177
80868	-0.47487441331309	12178
245935	-0.475173868683325	12179
100533182	-0.476027326364774	12180
5986	-0.476128954548207	12181
201973	-0.476338152351311	12182
79707	-0.476565354040673	12183
403314	-0.476604697174014	12184
286238	-0.476623572168012	12185
55786	-0.476832786702704	12186
29947	-0.477406725927203	12187
3948	-0.477436781002584	12188
84976	-0.47790981792433	12189
84545	-0.478212387830554	12190
2205	-0.47883442003124	12191
91452	-0.479026056728222	12192
4701	-0.479510020191938	12193
54707	-0.479588745101931	12194
105372480	-0.479672307356407	12195
659	-0.479714308225888	12196
11223	-0.479970216643908	12197
50614	-0.480970516654179	12198
138428	-0.481185713391108	12199
348254	-0.481301663675635	12200
83480	-0.482021110843247	12201
51524	-0.482443618151188	12202
100499227	-0.483327645736767	12203
9168	-0.483983302643123	12204
54738	-0.484055497236759	12205
100130717	-0.484094684531033	12206
9744	-0.484215832847588	12207
79036	-0.484559365922559	12208
100506054	-0.484668674767046	12209
196463	-0.485561895398222	12210
1513	-0.485597017512982	12211
1592	-0.48586553420635	12212
55613	-0.487343917562936	12213
765	-0.48735727675607	12214
145389	-0.487980817037025	12215
284958	-0.487983904833699	12216
1412	-0.487991198689391	12217
64753	-0.488249865471663	12218
221756	-0.488322165994148	12219
51199	-0.488385842775448	12220
64593	-0.488626190481808	12221
100996597	-0.488677656153229	12222
57226	-0.488787232927082	12223
284379	-0.489317271848333	12224
121952	-0.490287149619026	12225
105378604	-0.490452622667679	12226
348094	-0.490749688137247	12227
57481	-0.491019740816859	12228
132720	-0.491154231290256	12229
90423	-0.491193617723371	12230
57393	-0.491260941853521	12231
5141	-0.491838425967325	12232
79943	-0.491845163473715	12233
54521	-0.492194249016003	12234
5701	-0.492668701688976	12235
122769	-0.49271403647439	12236
438	-0.492850255705694	12237
100874375	-0.493375681593706	12238
7903	-0.493882052937767	12239
5367	-0.494199231543466	12240
100505806	-0.494397334817552	12241
22802	-0.49441788979669	12242
26015	-0.494681624320357	12243
8773	-0.495137536728093	12244
11311	-0.495698023828563	12245
2595	-0.49591263889726	12246
80115	-0.496355825610286	12247
911	-0.49713554112512	12248
63934	-0.497168413439627	12249
23387	-0.497210283777901	12250
10050	-0.497369867823812	12251
9815	-0.497582820379403	12252
10766	-0.497880978820691	12253
81502	-0.498369279716419	12254
2287	-0.498719903022912	12255
388135	-0.498724192908911	12256
3183	-0.499006430128916	12257
105378367	-0.499194765863359	12258
283777	-0.499306195115348	12259
342667	-0.499677301512326	12260
136259	-0.499736650587959	12261
79645	-0.499961933383726	12262
375346	-0.500248547159549	12263
4943	-0.500384617692624	12264
55114	-0.50129735660745	12265
284323	-0.501385294332147	12266
5616	-0.501455895556881	12267
64407	-0.501958982599089	12268
5569	-0.5020121609646	12269
84572	-0.502077992645268	12270
11331	-0.502594221165025	12271
220	-0.502683038244882	12272
11164	-0.503027297978898	12273
3297	-0.503303198723277	12274
7391	-0.503458546053646	12275
1103	-0.503568479817169	12276
8615	-0.503674672603913	12277
2771	-0.50421938684014	12278
375056	-0.504789853134733	12279
10346	-0.50520921543554	12280
100506779	-0.505386851808813	12281
80778	-0.505672054601171	12282
27122	-0.505676353364943	12283
4604	-0.505725524934043	12284
114817	-0.505784729126326	12285
8847	-0.505918789940459	12286
647979	-0.505959461231186	12287
7454	-0.506521297529448	12288
5493	-0.507248302025994	12289
401134	-0.50759205337691	12290
115350	-0.507599784226633	12291
114758	-0.507673054870153	12292
79663	-0.507870604134991	12293
283194	-0.507952350326713	12294
649	-0.508596254711814	12295
54407	-0.50868707787832	12296
55565	-0.509484950443672	12297
124935	-0.509777045542726	12298
390205	-0.509922958795835	12299
101928651	-0.509977740824268	12300
9403	-0.51066465839304	12301
9098	-0.510672661623524	12302
388698	-0.511727317462148	12303
441150	-0.511986791379266	12304
138255	-0.512055235002564	12305
9689	-0.512204682976021	12306
91782	-0.512570641648277	12307
57595	-0.512683771351756	12308
101928809	-0.513295500500481	12309
23061	-0.513415797341495	12310
79905	-0.513499735132537	12311
4520	-0.513939821614423	12312
572	-0.5139913654281	12313
122402	-0.514076538321003	12314
100131816	-0.514488593828598	12315
3350	-0.515151269007816	12316
3445	-0.516552941989296	12317
78988	-0.516809176120921	12318
643072	-0.516915508130551	12319
8557	-0.517551773398765	12320
81616	-0.518010885569692	12321
64579	-0.51818032831746	12322
10422	-0.518531373468009	12323
9337	-0.518541578516076	12324
4940	-0.51928920234185	12325
256643	-0.519797950472345	12326
116143	-0.520054656755108	12327
6511	-0.520266805300169	12328
100131532	-0.520331215512931	12329
100128988	-0.521026945301554	12330
29916	-0.521108926295576	12331
100505664	-0.521469421851481	12332
3108	-0.521677151167644	12333
3651	-0.522112707597603	12334
22862	-0.522503018314458	12335
338862	-0.523131483724656	12336
1978	-0.523159389239083	12337
51471	-0.52359719374212	12338
10059	-0.523622402131309	12339
55080	-0.523828714301676	12340
8569	-0.524079434278489	12341
5062	-0.524239013821123	12342
55288	-0.524244529329777	12343
3643	-0.524428984466693	12344
78996	-0.524688025117918	12345
113146	-0.524741851596103	12346
140739	-0.524822151056826	12347
51128	-0.52494338270274	12348
101928525	-0.525470810677817	12349
9070	-0.525623928002512	12350
100507073	-0.526528171510453	12351
57663	-0.526583965730686	12352
57462	-0.526608627003042	12353
7384	-0.527095543810423	12354
105369957	-0.527589740757124	12355
5726	-0.528073906457096	12356
285315	-0.52874591067655	12357
55140	-0.52878877807885	12358
9374	-0.5287902831817	12359
100129034	-0.528851013829416	12360
100130348	-0.529195481896732	12361
6769	-0.529242134112066	12362
84073	-0.529577311894431	12363
80323	-0.529910507420731	12364
54849	-0.530642220164383	12365
2999	-0.530658519076559	12366
9868	-0.530923628439832	12367
388780	-0.531582743153224	12368
29942	-0.531711378427515	12369
50651	-0.53223211378478	12370
6869	-0.53249316021516	12371
2859	-0.532514992697539	12372
10456	-0.532687198075219	12373
389432	-0.532718032419381	12374
3784	-0.534116350028243	12375
8288	-0.534141894853996	12376
101928420	-0.534386651855036	12377
51255	-0.534484452841455	12378
55756	-0.535067820051576	12379
101928317	-0.535209775077861	12380
145773	-0.535219062544793	12381
55777	-0.535731815912285	12382
650794	-0.53588171082538	12383
2914	-0.536222023242122	12384
8853	-0.536445578062534	12385
30814	-0.536615407701704	12386
8402	-0.537286662757741	12387
414196	-0.537626340816109	12388
56934	-0.539135033909534	12389
7127	-0.539335356318705	12390
677779	-0.53966455818087	12391
256227	-0.539767805126037	12392
9912	-0.539909892639895	12393
7576	-0.539945847912285	12394
283377	-0.539988796441371	12395
284615	-0.540334278770172	12396
6847	-0.540424081606	12397
3112	-0.540600079501394	12398
22954	-0.540802230917422	12399
5293	-0.541149563579429	12400
10975	-0.541215663264907	12401
101928476	-0.541560717139149	12402
309	-0.541602545283342	12403
55111	-0.541618612368669	12404
5813	-0.541793358590178	12405
23194	-0.541929349778386	12406
284912	-0.542570967795445	12407
79937	-0.542647014817449	12408
101929423	-0.543234581326505	12409
3605	-0.543625145641546	12410
219927	-0.543949508465734	12411
5866	-0.54451763231124	12412
101928557	-0.544521200579068	12413
284131	-0.544720019501963	12414
4810	-0.544787290510303	12415
26471	-0.544789558437632	12416
3752	-0.54479818701608	12417
100507433	-0.54547909800418	12418
3006	-0.546040539959591	12419
6155	-0.546146125646679	12420
83592	-0.546629393460374	12421
1032	-0.54705090194103	12422
221692	-0.547310502525641	12423
6549	-0.547325306915158	12424
285172	-0.547516675647205	12425
22875	-0.547536024400937	12426
399806	-0.547551003783179	12427
6414	-0.547615686974372	12428
63940	-0.547825700426478	12429
1837	-0.547980104813826	12430
101927588	-0.548172351235839	12431
388567	-0.548184780745585	12432
432	-0.54891389687457	12433
2296	-0.549233388253541	12434
79896	-0.549246446622467	12435
55289	-0.550283716101558	12436
27257	-0.551234562160723	12437
1411	-0.551249383434728	12438
6315	-0.551262294001164	12439
39	-0.551356544584486	12440
255104	-0.552435282896015	12441
64109	-0.553500459988654	12442
1337	-0.553730085261621	12443
56948	-0.554107943250005	12444
733	-0.554292319658538	12445
101928716	-0.554537848602073	12446
26253	-0.554887765162549	12447
49854	-0.554984459117121	12448
55035	-0.55511705443588	12449
84933	-0.555619014531434	12450
284649	-0.555742484662185	12451
56100	-0.555792901119732	12452
101928646	-0.556230627542745	12453
23324	-0.556586378001122	12454
3792	-0.556680899200519	12455
2070	-0.556938981162719	12456
1811	-0.556966170871265	12457
7290	-0.557569391616669	12458
84069	-0.558439464870126	12459
112268140	-0.558453217122165	12460
4255	-0.5584870579305	12461
105372969	-0.558508475639207	12462
3067	-0.559664810409487	12463
81696	-0.559665451682543	12464
130132	-0.560095161292534	12465
72	-0.560312910474445	12466
7052	-0.560451770244178	12467
3029	-0.560589013778752	12468
440104	-0.560737890212557	12469
144486	-0.560756923073322	12470
105376230	-0.561121161961232	12471
54039	-0.56132498755031	12472
5706	-0.561509939505257	12473
122664	-0.561633492473873	12474
5023	-0.562226562912682	12475
51350	-0.562230985179166	12476
6119	-0.56299137496716	12477
819	-0.563448427546971	12478
5069	-0.563766183229405	12479
3557	-0.563797757492408	12480
1826	-0.563927686244491	12481
57217	-0.564333085553605	12482
594855	-0.564756433114208	12483
101928937	-0.564832014517874	12484
4648	-0.565122764809957	12485
51192	-0.565221533035561	12486
9940	-0.565291344303092	12487
51463	-0.565314702955595	12488
339456	-0.565848991721306	12489
26658	-0.565917935564249	12490
55757	-0.566132098243493	12491
922	-0.56617598819942	12492
571	-0.566330149199722	12493
23125	-0.566367635915031	12494
55554	-0.567051680221074	12495
10319	-0.567145275148767	12496
100505540	-0.567549309542304	12497
126123	-0.567657700679811	12498
128497	-0.568169522342492	12499
57020	-0.568307882974921	12500
100507050	-0.569221881086142	12501
101928271	-0.569269429510083	12502
4817	-0.569732940980923	12503
8864	-0.570364661348528	12504
101928694	-0.570728435152747	12505
57644	-0.570784214405253	12506
100506195	-0.570788560629207	12507
6473	-0.571177665094496	12508
653479	-0.572369159288596	12509
100292680	-0.572542320822419	12510
11104	-0.572849390759603	12511
51298	-0.573130479929434	12512
57567	-0.573245278564791	12513
644809	-0.57375014004529	12514
154197	-0.574038863291503	12515
105378130	-0.574642850386891	12516
51002	-0.575348012621247	12517
84314	-0.575449749741333	12518
84128	-0.575636395585536	12519
284801	-0.575998461309473	12520
100996404	-0.576048561828796	12521
6810	-0.576074127489603	12522
84858	-0.576516406365417	12523
101928371	-0.576931909929637	12524
51296	-0.57706783421216	12525
55032	-0.577086194319792	12526
101928985	-0.577134479092375	12527
100852409	-0.577526873081655	12528
1607	-0.577952157316984	12529
254268	-0.578142198736513	12530
10549	-0.578199896676031	12531
348013	-0.578234720701477	12532
27160	-0.578243214840738	12533
7884	-0.578359655430588	12534
8624	-0.578548492577808	12535
342918	-0.578675612549356	12536
89978	-0.578741730503791	12537
6543	-0.578868275335241	12538
6535	-0.579426094993366	12539
152586	-0.579638100361574	12540
23555	-0.57984815060404	12541
29018	-0.579899656586951	12542
4145	-0.579965907162632	12543
285389	-0.580136482092851	12544
100506540	-0.580532420684015	12545
104472718	-0.580823940911939	12546
79930	-0.581100212888047	12547
6311	-0.581192983068698	12548
6569	-0.581404587070932	12549
84467	-0.582133466909286	12550
54507	-0.582174492500124	12551
348	-0.582175525223732	12552
100506237	-0.582175645457219	12553
9978	-0.582318026662758	12554
1849	-0.582353443543775	12555
155435	-0.582878947833655	12556
6564	-0.582976924568433	12557
29117	-0.583651306307965	12558
221438	-0.58393713729123	12559
2281	-0.583954030898991	12560
283219	-0.584103870398315	12561
5159	-0.584162532649132	12562
170685	-0.584284178136488	12563
9351	-0.584607024684726	12564
259308	-0.584901073116433	12565
5324	-0.584954245480288	12566
100505851	-0.585442414025694	12567
6656	-0.585759273032748	12568
9083	-0.585969605967825	12569
53336	-0.586230513502643	12570
339977	-0.58665811495048	12571
246	-0.587106032597241	12572
29951	-0.587796028456147	12573
84839	-0.587943867529406	12574
10487	-0.588286830590491	12575
147872	-0.588508104398694	12576
93081	-0.588931731098065	12577
64093	-0.589149011837771	12578
5657	-0.589438320381123	12579
115209	-0.589943953626093	12580
9886	-0.590317435265075	12581
10276	-0.590479861932071	12582
54754	-0.590529675049875	12583
4677	-0.590710516055755	12584
442117	-0.591564349672473	12585
8284	-0.591609277929234	12586
84246	-0.591706131916678	12587
3815	-0.591720121009549	12588
24145	-0.591929794219669	12589
55650	-0.59211490243645	12590
29802	-0.592197306610436	12591
249	-0.592209475983503	12592
6323	-0.592354936811639	12593
84282	-0.592514787447266	12594
85455	-0.593067649393418	12595
9201	-0.593256786411472	12596
23788	-0.593266230397292	12597
728448	-0.593336460932244	12598
283486	-0.593417239246946	12599
100130557	-0.593501587336473	12600
29889	-0.593954387413189	12601
401067	-0.594995801531846	12602
26189	-0.595232258081616	12603
132228	-0.595596074246148	12604
2889	-0.595681828338057	12605
920	-0.595714971036604	12606
407975	-0.596496008675186	12607
2255	-0.596525927274477	12608
51348	-0.596528739180862	12609
105375116	-0.596669920599888	12610
55527	-0.5967442501548	12611
284680	-0.597317659006676	12612
90141	-0.597599304065635	12613
909	-0.597766665611009	12614
63978	-0.598049025172103	12615
10725	-0.598443443567919	12616
7702	-0.598500406316187	12617
200298	-0.59877106707556	12618
105375172	-0.598797949662969	12619
2217	-0.599115813663456	12620
137835	-0.599324375646421	12621
389199	-0.599421052793456	12622
132612	-0.599450820435786	12623
51071	-0.599499442578852	12624
10049	-0.599666126048277	12625
1379	-0.600157591134058	12626
27190	-0.600161898443953	12627
94134	-0.600304406266283	12628
1582	-0.600621125411215	12629
64900	-0.600626832870412	12630
160428	-0.601623903610344	12631
220930	-0.601709650750786	12632
100505783	-0.601988409996789	12633
51204	-0.602119988267333	12634
54825	-0.602168503686424	12635
64064	-0.602180325559692	12636
1144	-0.602275314832518	12637
6476	-0.602607530591413	12638
653190	-0.60266797198809	12639
6037	-0.604015359254447	12640
93668	-0.604086358929067	12641
91647	-0.604213312776697	12642
84680	-0.604722307343513	12643
84249	-0.604753059669716	12644
28676	-0.604864758853131	12645
90459	-0.605023104184592	12646
84691	-0.605405094670164	12647
9354	-0.605533411884805	12648
6440	-0.606353453611792	12649
105376204	-0.606528523348704	12650
170572	-0.606660871661627	12651
9317	-0.606723972995251	12652
54680	-0.607009591517252	12653
8655	-0.607078352692468	12654
4109	-0.607396472764673	12655
83873	-0.607856131590613	12656
1043	-0.607987586704813	12657
81618	-0.608000167910624	12658
269	-0.608419164459462	12659
90480	-0.60848210957564	12660
30061	-0.608551394318217	12661
8863	-0.608942347193473	12662
101929407	-0.609519934507035	12663
101928031	-0.609915078040025	12664
1807	-0.610008964433622	12665
26254	-0.610053064274409	12666
266655	-0.610671329345817	12667
80975	-0.610725268649403	12668
6170	-0.610739479703487	12669
157777	-0.611220683514223	12670
50832	-0.611334859584343	12671
6014	-0.612203293618768	12672
644150	-0.612364489500864	12673
7092	-0.612400890809795	12674
22797	-0.612899811947645	12675
9360	-0.612931821701523	12676
26985	-0.613053406936644	12677
9856	-0.613211946332281	12678
100288122	-0.613371052366401	12679
9140	-0.613440283695122	12680
151903	-0.613444568539196	12681
220082	-0.613541285763056	12682
2132	-0.614127137194035	12683
6608	-0.614303456421018	12684
100874433	-0.614320800512707	12685
135656	-0.61456364895572	12686
96459	-0.614870730018106	12687
5272	-0.614972424248759	12688
57623	-0.615015303873213	12689
22829	-0.615028710871637	12690
101927547	-0.615146264255867	12691
145482	-0.615990852260935	12692
388650	-0.616017857565805	12693
8115	-0.616046124218176	12694
55231	-0.616199635078408	12695
92235	-0.616238643904666	12696
130120	-0.616454516805807	12697
4113	-0.616753232407303	12698
22866	-0.616860007595177	12699
2921	-0.616996363019224	12700
100129427	-0.617243639222142	12701
6182	-0.617709983360577	12702
9436	-0.618135853351963	12703
6495	-0.618149649818299	12704
8395	-0.618311065525058	12705
3705	-0.618397657654294	12706
284369	-0.618452756330677	12707
400655	-0.618455368962995	12708
4064	-0.618642320187642	12709
221336	-0.618773791696811	12710
3299	-0.61960353171001	12711
83700	-0.620080306073331	12712
55821	-0.620124511877014	12713
64398	-0.620292633773746	12714
3761	-0.620765152461889	12715
57456	-0.620816785068475	12716
57084	-0.620946685688973	12717
84909	-0.621223090251178	12718
6625	-0.621245552713979	12719
105371763	-0.621768350248498	12720
10798	-0.62218731571086	12721
84895	-0.622265701708023	12722
115708	-0.622494477381121	12723
10552	-0.622594740205692	12724
4698	-0.622611908040659	12725
5601	-0.622729779331531	12726
57110	-0.622771275089556	12727
27304	-0.622829559474123	12728
100130894	-0.623082876673957	12729
6519	-0.623780684647793	12730
1740	-0.624068742848587	12731
101929147	-0.624586680222231	12732
9873	-0.624695774095478	12733
6615	-0.62495552236411	12734
29785	-0.625137574168958	12735
101927543	-0.625395603958233	12736
4541	-0.62555935894796	12737
10128	-0.626004045190083	12738
6483	-0.626287254069729	12739
6158	-0.626661540937905	12740
79763	-0.627072369867522	12741
9663	-0.627196056817435	12742
84329	-0.627376111932671	12743
91133	-0.62787105296999	12744
101928513	-0.628475390259071	12745
4295	-0.628735755371173	12746
26515	-0.628892147861736	12747
7062	-0.62911033848405	12748
6407	-0.629288251323706	12749
4112	-0.629592111847345	12750
4099	-0.629754353612727	12751
6563	-0.629884739096151	12752
10493	-0.630792357236291	12753
85013	-0.631077560843207	12754
100507513	-0.631195359098474	12755
10898	-0.631247647690907	12756
51087	-0.631456923294677	12757
10297	-0.631604716646781	12758
28970	-0.632089589413665	12759
27156	-0.632417739173428	12760
2874	-0.633094979144726	12761
10623	-0.633619863213075	12762
89870	-0.63383835960939	12763
54567	-0.634815771449462	12764
1133	-0.635212569646078	12765
101929027	-0.636466608075562	12766
125058	-0.63689010028259	12767
57502	-0.63696301209474	12768
441151	-0.637254967923454	12769
164380	-0.637958104213521	12770
23317	-0.637974045416682	12771
3777	-0.637992217225111	12772
10148	-0.638187093005925	12773
400617	-0.638305129739426	12774
23471	-0.638629715794012	12775
101927565	-0.638740183357844	12776
100505768	-0.638838174616472	12777
51266	-0.639061757111803	12778
2702	-0.639199943345968	12779
2984	-0.639471583642731	12780
3925	-0.639576961230025	12781
1670	-0.63958209155815	12782
9892	-0.639761569726779	12783
51716	-0.639914144955712	12784
283788	-0.640063955743785	12785
6750	-0.640305340910241	12786
4982	-0.640701294017295	12787
10254	-0.640919558045809	12788
101929582	-0.641586445984062	12789
27199	-0.641817853269953	12790
26495	-0.641844038381928	12791
10399	-0.642237089336557	12792
26330	-0.642445723086534	12793
283847	-0.642817047547355	12794
286184	-0.643038697472743	12795
388419	-0.643418745737651	12796
51594	-0.643480778944301	12797
8389	-0.64362825950774	12798
55333	-0.643659523125504	12799
93426	-0.644190619021011	12800
1272	-0.644442592181767	12801
653677	-0.644933878155442	12802
114836	-0.645337467321033	12803
374868	-0.645343145183243	12804
574407	-0.645599610942594	12805
100131733	-0.646472721773387	12806
100616434	-0.646516586763522	12807
55507	-0.646707092308679	12808
10026	-0.64701976510094	12809
654254	-0.647256863021878	12810
169355	-0.647334714723414	12811
100505498	-0.647381027187785	12812
91893	-0.647474779146676	12813
255252	-0.64768045790138	12814
27090	-0.647772894547255	12815
389123	-0.647861134405529	12816
26287	-0.647873846563913	12817
166647	-0.648609008026762	12818
9697	-0.650057010246104	12819
2554	-0.650681043084343	12820
104355146	-0.650754958832048	12821
6370	-0.650910510341283	12822
53354	-0.651621304979288	12823
100856811	-0.652322125747781	12824
100652853	-0.65255643931304	12825
4620	-0.652752066461007	12826
26529	-0.65282993969049	12827
441454	-0.652846472051049	12828
115584	-0.653339969535758	12829
25822	-0.65410744472524	12830
5454	-0.654263251866534	12831
805	-0.654628702229041	12832
10987	-0.654728080555256	12833
10980	-0.654861155937589	12834
51108	-0.654912631952246	12835
51281	-0.655664867070375	12836
102723458	-0.656130371256347	12837
23760	-0.656415064898443	12838
91703	-0.657138356897536	12839
51207	-0.657181880372399	12840
100996665	-0.657314913707122	12841
64172	-0.657392795277791	12842
285627	-0.65777432166533	12843
100506175	-0.658255874933308	12844
100130357	-0.658302310958453	12845
197259	-0.659056889567061	12846
81856	-0.659321015946196	12847
114788	-0.659522277642966	12848
101927117	-0.659978324636413	12849
144809	-0.660175261648086	12850
101927839	-0.660783482318471	12851
167153	-0.661471490038012	12852
440757	-0.661581644431875	12853
23558	-0.66164758225859	12854
55364	-0.662449815932978	12855
6921	-0.662713450975032	12856
164045	-0.66300407363432	12857
83443	-0.663356510738379	12858
8313	-0.663638243727364	12859
51028	-0.663714031778468	12860
101929478	-0.663986423677407	12861
27179	-0.664029884922096	12862
105377108	-0.66414140189593	12863
101928326	-0.664214171591621	12864
5629	-0.66429724748718	12865
51422	-0.664519818494196	12866
340273	-0.665214186399989	12867
22924	-0.665235760957253	12868
166785	-0.665309905575217	12869
91663	-0.665363029391586	12870
6822	-0.665415600096656	12871
51004	-0.665524741939402	12872
401074	-0.665838288110751	12873
80333	-0.665904518567766	12874
3460	-0.665994957868584	12875
101928537	-0.666760592829768	12876
128239	-0.667274980685534	12877
55370	-0.667888554092817	12878
8022	-0.667968503146495	12879
4147	-0.669073883830777	12880
25953	-0.669723412543745	12881
26273	-0.670198380056039	12882
80183	-0.670301206159933	12883
59342	-0.670535742379214	12884
50837	-0.671159062852428	12885
101929745	-0.671186204673874	12886
165631	-0.671423275640222	12887
5440	-0.671425783552895	12888
131377	-0.672372031446179	12889
284395	-0.672397603503	12890
115861	-0.672446720558953	12891
11321	-0.672593271102267	12892
54954	-0.672625653249376	12893
26046	-0.673033457758907	12894
100506286	-0.673117872236364	12895
387104	-0.673580608350685	12896
84675	-0.673844484856888	12897
81545	-0.67388278443255	12898
105375591	-0.674059266636767	12899
9867	-0.674241534517362	12900
29890	-0.674409823994057	12901
81492	-0.674468108973548	12902
200403	-0.674597505833686	12903
338785	-0.675117854293486	12904
131831	-0.67566250631767	12905
255426	-0.676044038512296	12906
255926	-0.677144226051108	12907
100129792	-0.677149521117727	12908
91937	-0.677230305170125	12909
10734	-0.677402312991862	12910
10427	-0.677540312926825	12911
7693	-0.677605881677324	12912
131118	-0.678003634718867	12913
641339	-0.67834948208901	12914
348120	-0.678425518309361	12915
27031	-0.678427934855607	12916
285386	-0.678844322769645	12917
6539	-0.68051060357443	12918
54823	-0.681523422509488	12919
100506127	-0.68164172118463	12920
23291	-0.681740550098503	12921
158046	-0.681795952206199	12922
388336	-0.681797137170127	12923
51145	-0.682006348025997	12924
101929110	-0.682151847416533	12925
9247	-0.682333189632658	12926
114876	-0.682536092202273	12927
2321	-0.682629546023325	12928
79710	-0.682830317168303	12929
7525	-0.683318797063644	12930
254128	-0.683462231250811	12931
101929655	-0.683507828390323	12932
11272	-0.683823284916738	12933
51287	-0.683841628086649	12934
25801	-0.684004490331838	12935
101928844	-0.684060887898053	12936
4705	-0.684292157859108	12937
59341	-0.684376204076352	12938
4004	-0.684413812026734	12939
115110	-0.684488898763376	12940
102723657	-0.685027876486384	12941
54982	-0.685373911161825	12942
285598	-0.6858500936782	12943
28667	-0.685905914052521	12944
5269	-0.686004454597585	12945
23149	-0.686143336374981	12946
401172	-0.686437139574371	12947
348327	-0.686747980688882	12948
55830	-0.687136590389951	12949
4158	-0.687138711714403	12950
2572	-0.687655757263393	12951
9383	-0.688036185179539	12952
56955	-0.688329981764223	12953
51661	-0.688479298577137	12954
100506142	-0.68899693633423	12955
2044	-0.689142054321122	12956
79791	-0.689367338243394	12957
3209	-0.689855521878668	12958
728040	-0.690601495607195	12959
26230	-0.690799785617957	12960
55317	-0.691355036337158	12961
4092	-0.691493869139161	12962
3087	-0.691559561250216	12963
80831	-0.691739159285396	12964
10686	-0.691742246840456	12965
55599	-0.691791165196026	12966
7082	-0.691947088858148	12967
116843	-0.692428813549568	12968
1302	-0.692661737798784	12969
2195	-0.692782788887605	12970
51148	-0.692858104461177	12971
259239	-0.693381055531315	12972
56923	-0.693409116687435	12973
339512	-0.693521010902989	12974
10063	-0.693579594667733	12975
192669	-0.693799478816219	12976
105371967	-0.694647789940586	12977
284306	-0.69495820875146	12978
11334	-0.695614407628022	12979
7103	-0.695772914186508	12980
390963	-0.695795041417116	12981
26212	-0.695903599915828	12982
9440	-0.695910248055117	12983
133491	-0.696859898129757	12984
2994	-0.697129569322966	12985
2621	-0.697324439386004	12986
57152	-0.697352318200482	12987
53916	-0.697542154132141	12988
205717	-0.697687476338313	12989
79924	-0.697763035738424	12990
140893	-0.697785226128873	12991
122945	-0.698029474051518	12992
113026	-0.698294866110271	12993
23283	-0.698338857228127	12994
26494	-0.698348270584374	12995
58517	-0.698591120475249	12996
729178	-0.698712795290505	12997
140628	-0.698887774102542	12998
254225	-0.699310157182178	12999
100288570	-0.699322138596783	13000
9154	-0.699541565389029	13001
60561	-0.699995897935213	13002
8392	-0.700279106967217	13003
9935	-0.700644830399784	13004
54716	-0.701546462139276	13005
105377663	-0.701581017574026	13006
9429	-0.701846099380123	13007
6302	-0.702122968064284	13008
94121	-0.702612991355353	13009
963	-0.702698186448136	13010
247	-0.703281711008241	13011
57488	-0.703721586708508	13012
341880	-0.703725797720143	13013
9001	-0.703876031021499	13014
3950	-0.704045022343195	13015
116379	-0.704537771211145	13016
169522	-0.704685982598991	13017
4747	-0.704739153465457	13018
55338	-0.704745357513148	13019
28641	-0.705586310871417	13020
51131	-0.706013986146349	13021
388789	-0.706224688664597	13022
100507283	-0.706494573778695	13023
152641	-0.706676041082335	13024
23415	-0.706920661334333	13025
100506433	-0.707072353316771	13026
552900	-0.707396904553853	13027
111216286	-0.70748203592895	13028
54737	-0.707492170284559	13029
56729	-0.70750667643653	13030
155054	-0.707744948065301	13031
53940	-0.707794690428942	13032
158	-0.707813440586707	13033
101928614	-0.708396754505994	13034
100128108	-0.708589534452024	13035
3416	-0.708856714387155	13036
102724699	-0.709080245799269	13037
105375571	-0.710775339369718	13038
105374693	-0.710941036113784	13039
84529	-0.711101232741497	13040
4257	-0.711277613682751	13041
51056	-0.711505380057422	13042
83878	-0.711589246198106	13043
8896	-0.711836639368869	13044
245928	-0.711896296845646	13045
11341	-0.711993729729131	13046
2740	-0.712008880453487	13047
51302	-0.712263141935364	13048
283461	-0.712533386408521	13049
29979	-0.712555394060426	13050
729438	-0.712671218049488	13051
100132987	-0.712745549131476	13052
222826	-0.713115621869171	13053
101929517	-0.713206426076918	13054
101929072	-0.713264602970508	13055
386758	-0.714445827307633	13056
8991	-0.714951885444163	13057
221830	-0.715035971782701	13058
5861	-0.71530461045982	13059
151963	-0.715491328088735	13060
23390	-0.715965522011233	13061
4240	-0.717099342221852	13062
101929305	-0.717124648719654	13063
6238	-0.717533649686166	13064
105376689	-0.718294206021498	13065
11009	-0.71870013901891	13066
6175	-0.718731737088335	13067
2165	-0.718816532863129	13068
56269	-0.718986597294222	13069
83591	-0.719226375664589	13070
399948	-0.71973517023998	13071
149628	-0.719736407860738	13072
57030	-0.719792907699313	13073
54808	-0.719926973673581	13074
83549	-0.720312649441152	13075
100852408	-0.720636750931328	13076
158234	-0.720873003817351	13077
8788	-0.721025467503581	13078
2123	-0.721692013559917	13079
26190	-0.721728860223816	13080
8464	-0.721943845505453	13081
3109	-0.722319085350858	13082
84002	-0.722802802684639	13083
100499467	-0.722972370632735	13084
340156	-0.723799654899129	13085
7130	-0.724151799194785	13086
84541	-0.72464228802095	13087
388021	-0.724962291391303	13088
161	-0.725302919600464	13089
64097	-0.725424211546629	13090
8647	-0.725799205243491	13091
53371	-0.726023890826883	13092
1135	-0.726094565607317	13093
51657	-0.726501156656287	13094
286053	-0.726829105079508	13095
118487	-0.726920581560631	13096
26238	-0.72738266741387	13097
64393	-0.729014739953778	13098
777	-0.729024411131346	13099
3090	-0.729040208761294	13100
5551	-0.729240704417702	13101
6202	-0.729279649308227	13102
284047	-0.72933389216255	13103
9776	-0.73035541732631	13104
51333	-0.730407312113744	13105
791115	-0.730979035788038	13106
10517	-0.731025062709967	13107
80206	-0.731323134931925	13108
100506413	-0.731641339066558	13109
495	-0.732138268128061	13110
29125	-0.732801911112408	13111
6862	-0.733028892898228	13112
155	-0.733678610906797	13113
256364	-0.733750407580014	13114
6536	-0.734205016875531	13115
9653	-0.735596242124802	13116
827	-0.736219755693569	13117
9288	-0.73635202517588	13118
338579	-0.736632951545232	13119
100127955	-0.73671752023629	13120
2516	-0.736739544286726	13121
51659	-0.736960139626815	13122
51581	-0.737650080327373	13123
151056	-0.737715819125589	13124
51082	-0.738285740690136	13125
54520	-0.73834202142618	13126
7936	-0.738384210979147	13127
117289	-0.738540244700697	13128
100506229	-0.738572073051736	13129
55655	-0.738798923222067	13130
4542	-0.738872134028535	13131
105376717	-0.738971085859418	13132
51193	-0.739332932285567	13133
78995	-0.739515451716945	13134
10464	-0.739895851927465	13135
9747	-0.739959962198291	13136
283933	-0.740398376072507	13137
108570035	-0.740442690349182	13138
84804	-0.740697284281963	13139
283663	-0.741261832547785	13140
8226	-0.74175721688373	13141
100506606	-0.741855398988808	13142
157807	-0.742034340688882	13143
105373113	-0.74209797886245	13144
56731	-0.742177220482082	13145
146336	-0.742614474331967	13146
124842	-0.742920179271784	13147
9227	-0.743313399034275	13148
2134	-0.743405011059993	13149
10566	-0.743436674514849	13150
8689	-0.74422136925529	13151
6406	-0.744551730836387	13152
23139	-0.745243655548337	13153
84223	-0.745319105562281	13154
55567	-0.745389468463419	13155
146880	-0.745562022967767	13156
64089	-0.745729409077063	13157
90390	-0.746390905832509	13158
1781	-0.747313220475446	13159
81857	-0.747848595593309	13160
6234	-0.747906642704436	13161
799	-0.748052569015805	13162
101927829	-0.748148389289328	13163
100128977	-0.748179373769802	13164
26231	-0.748266245666541	13165
55698	-0.748883623792882	13166
105372404	-0.749371614460322	13167
101928846	-0.749467913106645	13168
127396	-0.749492780215085	13169
29906	-0.749582495233549	13170
101927889	-0.749605892187223	13171
6301	-0.749939663598851	13172
54962	-0.750841859488936	13173
56302	-0.751408058335681	13174
339541	-0.752012108190051	13175
100506271	-0.75204330564828	13176
595135	-0.752387178175413	13177
158798	-0.752902917366481	13178
84726	-0.753943076360548	13179
285423	-0.75452295939762	13180
64922	-0.754589521802741	13181
64400	-0.754817467616811	13182
266977	-0.755141951830756	13183
259282	-0.755151127648941	13184
84520	-0.755652890992017	13185
65244	-0.75569452340229	13186
5495	-0.756293078699222	13187
3164	-0.756334982064004	13188
326	-0.756886513565772	13189
80218	-0.757106919884288	13190
284561	-0.757717498742218	13191
149047	-0.758231013041914	13192
56254	-0.758444896698637	13193
63970	-0.758541217363871	13194
140678	-0.758980227226368	13195
7691	-0.758981121041781	13196
9328	-0.759245429019383	13197
101929413	-0.759246409220694	13198
22861	-0.75962173688158	13199
57410	-0.760093208982732	13200
344838	-0.760359801232075	13201
3929	-0.760561118527456	13202
100233209	-0.760626882485334	13203
27152	-0.760802848724469	13204
267004	-0.760897953850547	13205
56776	-0.760918886656622	13206
90187	-0.761597337366436	13207
2556	-0.761851579139713	13208
100505835	-0.762081110001046	13209
4049	-0.762166396052239	13210
101927723	-0.762343656316235	13211
7879	-0.762419516106168	13212
101928134	-0.762921731321121	13213
10039	-0.763012297997469	13214
100506691	-0.763217566874755	13215
6613	-0.763323707575865	13216
55277	-0.764422462730842	13217
115557	-0.76462491490012	13218
4009	-0.764743974304025	13219
7399	-0.764801996032057	13220
553103	-0.765099999213708	13221
10010	-0.766256499224856	13222
116337	-0.766345788391782	13223
100505933	-0.766434856941315	13224
101927787	-0.766789133164986	13225
6524	-0.766797215170527	13226
4013	-0.766886453930072	13227
100129726	-0.767157909334554	13228
2794	-0.767220034937912	13229
130916	-0.76730147767835	13230
1191	-0.767795877249043	13231
51029	-0.767924627938819	13232
4155	-0.768304166588548	13233
6708	-0.768987083296734	13234
84133	-0.769485643624454	13235
112937	-0.76967101933633	13236
22881	-0.769674097657354	13237
100505853	-0.770051768573405	13238
84522	-0.770357860311614	13239
1129	-0.770506089187807	13240
90204	-0.770562053684631	13241
404636	-0.77133984587223	13242
51550	-0.771921599763117	13243
11085	-0.771986107949233	13244
284415	-0.772878510929135	13245
6142	-0.772949079603296	13246
285800	-0.773130050488261	13247
284677	-0.77318884529519	13248
11258	-0.773420713675356	13249
641649	-0.773720090009362	13250
7566	-0.773794849748722	13251
2788	-0.77381016247031	13252
51393	-0.773910526538117	13253
79784	-0.774622150711009	13254
100859921	-0.774773902002254	13255
6210	-0.774958430924498	13256
79845	-0.775373943812977	13257
266811	-0.775595204449867	13258
49	-0.775783336815421	13259
80017	-0.77708905690924	13260
3739	-0.777106424597987	13261
101927295	-0.777883081026488	13262
9296	-0.77817132954311	13263
7439	-0.778516774658261	13264
106146149	-0.779337640998668	13265
8550	-0.779602275456485	13266
101927143	-0.779909175675172	13267
7077	-0.780375825338497	13268
23120	-0.78038219217401	13269
81573	-0.780619364673328	13270
10644	-0.781103791271221	13271
6368	-0.781786669861621	13272
100652856	-0.782020706412309	13273
8036	-0.782063967000539	13274
101927967	-0.782166590396539	13275
23307	-0.782669497344983	13276
51304	-0.782689800501296	13277
10036	-0.783019360299512	13278
6590	-0.783820382851567	13279
375323	-0.783893148716024	13280
138009	-0.783953620093164	13281
10548	-0.78407194393478	13282
50507	-0.784497060195332	13283
136242	-0.784750478964401	13284
102723775	-0.784899896028498	13285
153910	-0.785256423189767	13286
11328	-0.785325056084388	13287
57556	-0.785399501504705	13288
51397	-0.785582062387339	13289
168090	-0.786533821548108	13290
26245	-0.786966639818582	13291
9971	-0.787075883288594	13292
2495	-0.787119416400913	13293
6646	-0.787338296130512	13294
83551	-0.787792233339707	13295
79999	-0.787862983538737	13296
51534	-0.787977947223916	13297
8563	-0.788657094588947	13298
284385	-0.788960953829569	13299
57820	-0.789175753791806	13300
3688	-0.78990609933831	13301
26268	-0.790112389007619	13302
55539	-0.790251577840555	13303
503569	-0.790310358540143	13304
284948	-0.790714421687114	13305
728743	-0.790752763204076	13306
399833	-0.790896269892032	13307
26257	-0.791003725973608	13308
2315	-0.791127111844366	13309
84225	-0.791922688369775	13310
3177	-0.792161226925352	13311
10572	-0.792379878740069	13312
546	-0.792437981058481	13313
105371079	-0.792480798060585	13314
10526	-0.792514087146291	13315
2882	-0.792916390737374	13316
387923	-0.793083682434567	13317
2119	-0.793142903649546	13318
49855	-0.793402547707399	13319
400238	-0.79391930552554	13320
284184	-0.794086453546283	13321
2259	-0.794178150341265	13322
337878	-0.794730898182273	13323
401442	-0.794880617384315	13324
7761	-0.795347457211572	13325
400794	-0.795565290793552	13326
2118	-0.795574444861203	13327
64806	-0.795765682860138	13328
5554	-0.796026695288974	13329
5562	-0.796272375644486	13330
23234	-0.796499934643187	13331
55917	-0.797144608792196	13332
95	-0.797251838108219	13333
9111	-0.797913158103739	13334
5108	-0.798239992427692	13335
1181	-0.798252596374965	13336
246329	-0.798668970272107	13337
84335	-0.798814681896056	13338
105370687	-0.798888928948448	13339
101928483	-0.799452740417899	13340
3233	-0.799507905032116	13341
229	-0.799657865527429	13342
105375026	-0.800462738378805	13343
5283	-0.800563027715024	13344
400713	-0.801149709065485	13345
29880	-0.801821263901655	13346
356	-0.801982775479563	13347
201798	-0.802134219865909	13348
6540	-0.802155634013703	13349
285224	-0.802672609544218	13350
10670	-0.803158188057257	13351
25898	-0.803421540043862	13352
460	-0.803471487658274	13353
55929	-0.804117211855069	13354
79068	-0.804385076380228	13355
387885	-0.805215196576228	13356
56145	-0.805357024112372	13357
100506405	-0.805420873339479	13358
101928784	-0.805595123892817	13359
100507534	-0.806235264383745	13360
101926978	-0.806566410881671	13361
285352	-0.806651588296984	13362
9131	-0.8066708627984	13363
116729	-0.807046856161505	13364
319101	-0.807252076292333	13365
9696	-0.807580907562671	13366
152330	-0.807723605558953	13367
6468	-0.807755778864936	13368
101928478	-0.808427863299745	13369
102724312	-0.808430010297703	13370
150677	-0.808489657435793	13371
5579	-0.808951023697352	13372
6879	-0.809832497469648	13373
105370461	-0.810247483281911	13374
100506655	-0.810413789066119	13375
55531	-0.810414571207399	13376
868	-0.810480217369337	13377
7125	-0.810544432531683	13378
83933	-0.810911200495662	13379
1385	-0.811200503361579	13380
83983	-0.81176461323939	13381
55735	-0.812094840035156	13382
9340	-0.812389886019308	13383
64478	-0.812541761318292	13384
100505738	-0.812629828670073	13385
56891	-0.812779152986872	13386
101929255	-0.812995260129118	13387
100287808	-0.813102594346022	13388
8165	-0.813561731081157	13389
85366	-0.81382539647554	13390
26291	-0.813842393600798	13391
64106	-0.814106284725054	13392
137075	-0.814296155030624	13393
101927273	-0.814463760942486	13394
4601	-0.814615623406312	13395
57143	-0.814637678854803	13396
84445	-0.814829999382921	13397
2	-0.815210030244975	13398
440934	-0.815479561897096	13399
81027	-0.81639709483775	13400
59082	-0.816765492932155	13401
100505839	-0.817008448283331	13402
79613	-0.817053077530273	13403
125113	-0.817139687979242	13404
6462	-0.817298533420874	13405
80774	-0.817822183693005	13406
201163	-0.818080484276177	13407
85395	-0.818533747153801	13408
23074	-0.818838706484824	13409
414899	-0.819640080024927	13410
4618	-0.820288284288925	13411
100130581	-0.820551698870392	13412
100240734	-0.820697678865449	13413
199786	-0.820780961315369	13414
54928	-0.820956324729597	13415
11255	-0.821106297991398	13416
81501	-0.821568320885499	13417
105369308	-0.821908509497449	13418
23439	-0.821955548404452	13419
286059	-0.822059157104557	13420
388948	-0.8220699136391	13421
145508	-0.822199468778423	13422
118812	-0.822208443055419	13423
130074	-0.822255573232242	13424
105371038	-0.822396918688691	13425
83998	-0.822633123010357	13426
1355	-0.822924878422302	13427
5742	-0.823088488878078	13428
9148	-0.823104891527611	13429
9294	-0.823492720964747	13430
84186	-0.82390843790004	13431
83881	-0.824024056563283	13432
4015	-0.824162437196313	13433
55018	-0.824440633827133	13434
7378	-0.824615307110091	13435
64425	-0.824799293437487	13436
105377391	-0.825433518725348	13437
151531	-0.825480662713308	13438
253264	-0.825605842585774	13439
7353	-0.825842680490725	13440
54877	-0.825903308408072	13441
7932	-0.826141224047316	13442
283579	-0.826601040500832	13443
55347	-0.826808215295113	13444
2314	-0.827089101122462	13445
85378	-0.827245352600252	13446
5716	-0.827772742074113	13447
1287	-0.828436305251716	13448
441951	-0.828677107312312	13449
1553	-0.829754154881788	13450
23220	-0.829982600161886	13451
611	-0.830133462550629	13452
79034	-0.830143526998207	13453
27295	-0.830288547965601	13454
4622	-0.830872646759381	13455
5902	-0.831083138798963	13456
57455	-0.831371421474536	13457
9402	-0.831552400381149	13458
6146	-0.83280330377812	13459
101927760	-0.832862201989565	13460
9994	-0.833716081291156	13461
122961	-0.833752602498352	13462
153527	-0.833865847434604	13463
10846	-0.834301325450954	13464
105377443	-0.834305613376303	13465
6156	-0.834989087244985	13466
83447	-0.835107699414694	13467
55916	-0.835322242967636	13468
8618	-0.835527003460402	13469
101927948	-0.835667935361193	13470
440602	-0.836384704020929	13471
165100	-0.836574040507052	13472
3189	-0.836823804618547	13473
23554	-0.83684778385969	13474
147719	-0.837679564238019	13475
29088	-0.838061275902597	13476
23564	-0.839240953684333	13477
84896	-0.839363994380152	13478
10314	-0.83937734143162	13479
56156	-0.83953625788316	13480
54814	-0.839733657431975	13481
912	-0.840355427696284	13482
8780	-0.840622705834479	13483
8493	-0.840687854099289	13484
54841	-0.840793519071587	13485
100533789	-0.84117852617655	13486
10251	-0.841197131011981	13487
8360	-0.841747546338465	13488
22932	-0.84227985739529	13489
10667	-0.842332766073813	13490
4332	-0.842918951764801	13491
26610	-0.843826747060739	13492
94235	-0.84393091395226	13493
26240	-0.844678604656356	13494
390790	-0.844727536673204	13495
23011	-0.845200834262262	13496
3486	-0.845465473614654	13497
116285	-0.846387443648203	13498
1007	-0.847663297240374	13499
100128420	-0.847663764524068	13500
9366	-0.847907187074841	13501
1543	-0.848000498577624	13502
2845	-0.848123755328704	13503
376940	-0.848193502494732	13504
100507392	-0.848565597728751	13505
553115	-0.848995182514491	13506
283902	-0.8498542880355	13507
100507300	-0.850364161223799	13508
105374895	-0.850572400779875	13509
28958	-0.851298812831951	13510
102724859	-0.851391057648849	13511
256710	-0.851497821343735	13512
57824	-0.851505528512954	13513
11001	-0.851651623912872	13514
131405	-0.852058360186952	13515
121601	-0.852244380495868	13516
150350	-0.852621091677631	13517
125988	-0.852911602344101	13518
100505683	-0.853009315527738	13519
57224	-0.853129107960841	13520
4674	-0.853419893444041	13521
113402	-0.85387339552038	13522
101929631	-0.853972741184096	13523
25893	-0.85406992158169	13524
54471	-0.854740030754831	13525
118472	-0.855177104006603	13526
284353	-0.855539991081739	13527
83953	-0.855546964995269	13528
28989	-0.855664012642609	13529
100131211	-0.855964631562597	13530
57050	-0.856240788097938	13531
100133461	-0.85628952469943	13532
58499	-0.856722552999	13533
729013	-0.856898006754069	13534
6013	-0.857481076335984	13535
150696	-0.857507379602972	13536
83550	-0.857541850170828	13537
100128822	-0.857815281640247	13538
10735	-0.858448258662181	13539
1134	-0.858472320130991	13540
729975	-0.858567708053552	13541
23172	-0.858574594236841	13542
101927038	-0.85887467111937	13543
54967	-0.858930808381413	13544
1646	-0.859628275436115	13545
2208	-0.860242704201049	13546
105379477	-0.860512564242158	13547
338817	-0.860539299409555	13548
145873	-0.861180250264086	13549
25999	-0.861220883556587	13550
55154	-0.861469055787866	13551
150771	-0.861843595895848	13552
23318	-0.861851578603132	13553
55811	-0.862079930950919	13554
2263	-0.862204477385094	13555
1258	-0.86229418933398	13556
51704	-0.862300080969409	13557
9813	-0.862494573667927	13558
114134	-0.862616622300033	13559
7128	-0.863044933283731	13560
387590	-0.863091723368756	13561
89932	-0.863309581290704	13562
164237	-0.8634358707046	13563
932	-0.863444764442347	13564
339442	-0.863685204149065	13565
3358	-0.863808530338255	13566
26740	-0.863986511659761	13567
4188	-0.864135314086674	13568
169834	-0.864415995415424	13569
3133	-0.864516339243549	13570
57497	-0.865351779578429	13571
162494	-0.865602021284375	13572
24139	-0.865885267589653	13573
28988	-0.866523290345147	13574
6884	-0.8667160820742	13575
81693	-0.866755340934253	13576
310	-0.866943726528101	13577
64800	-0.867417839401577	13578
100505841	-0.86750099894187	13579
55062	-0.867575839450657	13580
693207	-0.868724959421468	13581
101926987	-0.869305497367564	13582
85291	-0.869519358288523	13583
101929384	-0.869546953180482	13584
152118	-0.869604286181343	13585
943	-0.869782514527517	13586
7323	-0.869787202027985	13587
129684	-0.870072192952951	13588
145264	-0.87019570095683	13589
9651	-0.870712352687893	13590
10079	-0.870713625530657	13591
26219	-0.870814332766702	13592
1141	-0.872543565365732	13593
84818	-0.872575505975081	13594
85445	-0.87274131728705	13595
134285	-0.873692653437557	13596
645687	-0.873767745728697	13597
146057	-0.874767916798545	13598
102723924	-0.875285860811017	13599
80821	-0.876549056135366	13600
3820	-0.877251442211761	13601
66002	-0.877267302798769	13602
93611	-0.877668688738674	13603
7096	-0.877885997635968	13604
9542	-0.87791304787725	13605
158809	-0.878347962316434	13606
6317	-0.878350331087492	13607
5195	-0.87841524049263	13608
84273	-0.878418009056723	13609
337970	-0.878657240686381	13610
85320	-0.878675493788133	13611
282679	-0.879253095136466	13612
135948	-0.879336088531421	13613
11228	-0.879416449831388	13614
26223	-0.879502869414304	13615
8546	-0.879741456160815	13616
54765	-0.880017459022317	13617
3167	-0.880393683803942	13618
56851	-0.880458673544471	13619
93654	-0.880627901983229	13620
1266	-0.880874162030733	13621
1482	-0.881000441979504	13622
100507487	-0.881366566627052	13623
101978719	-0.881793316124653	13624
800	-0.88195824400501	13625
1576	-0.882043108942589	13626
130497	-0.882126624010167	13627
2800	-0.882141929195511	13628
4528	-0.882545399233359	13629
55973	-0.882620300830689	13630
644903	-0.882632072031684	13631
101928725	-0.882650196636526	13632
28985	-0.883314382340608	13633
29997	-0.88342647313165	13634
200159	-0.88348350208202	13635
149643	-0.883902660228161	13636
1564	-0.884239116728011	13637
7528	-0.884378672184215	13638
10094	-0.884523014433317	13639
65083	-0.884955150925603	13640
285847	-0.885150174907316	13641
2220	-0.885488835653852	13642
196475	-0.88567258841129	13643
100128126	-0.886404914980611	13644
10881	-0.886832115833265	13645
105375875	-0.887810650602082	13646
65251	-0.888075064276964	13647
23518	-0.888419825186169	13648
154796	-0.888837403225217	13649
3791	-0.88888292873409	13650
101927310	-0.889097115323615	13651
259230	-0.88929005225492	13652
337880	-0.889453459030552	13653
100506472	-0.889705676972094	13654
9891	-0.889998550706319	13655
10219	-0.89031456864686	13656
54629	-0.890428429158569	13657
257068	-0.890467554288664	13658
9450	-0.890751728502467	13659
10083	-0.89118746039797	13660
91801	-0.891438254522068	13661
4738	-0.89145729191949	13662
121355	-0.891559406996511	13663
53	-0.891574257819774	13664
127247	-0.89165283935959	13665
55363	-0.891672138420813	13666
5336	-0.891745253536809	13667
353149	-0.891865208468841	13668
1145	-0.892321253624156	13669
101929989	-0.892535697973805	13670
284273	-0.892702217347734	13671
79929	-0.893083775819808	13672
51493	-0.893271704724315	13673
1310	-0.89330802732558	13674
134526	-0.893593900813071	13675
26297	-0.893713947608806	13676
28584	-0.893992261604966	13677
5626	-0.894215304336024	13678
55794	-0.894340157758222	13679
100874371	-0.894611420997774	13680
84950	-0.894911057190912	13681
119548	-0.894936924732991	13682
80256	-0.895063027092143	13683
597	-0.895755350882002	13684
5898	-0.896694229233412	13685
322	-0.897872852956695	13686
152687	-0.898153733274152	13687
3207	-0.898159575189122	13688
142679	-0.89930420215466	13689
22983	-0.900021179632855	13690
54828	-0.900237708488892	13691
9097	-0.901996361684569	13692
1471	-0.902306124023296	13693
101928682	-0.902530167570877	13694
79722	-0.902680048358057	13695
619351	-0.902939515751249	13696
91574	-0.903124314047057	13697
55803	-0.90313961974394	13698
2620	-0.903151933687931	13699
3674	-0.903531818945857	13700
25895	-0.903538907656045	13701
2935	-0.903994493089694	13702
56944	-0.90405244343686	13703
81565	-0.904066475128808	13704
101928943	-0.904372171923857	13705
649446	-0.9044233556664	13706
81786	-0.904768136087431	13707
4135	-0.904768568535159	13708
148109	-0.904953515663217	13709
23012	-0.905637501750529	13710
6512	-0.905815888421638	13711
9481	-0.90615716143296	13712
25884	-0.906333637344277	13713
55329	-0.90729490191033	13714
644139	-0.907701699040466	13715
53828	-0.907719636657678	13716
339883	-0.908493616502062	13717
79084	-0.908697765113007	13718
401565	-0.910069644557744	13719
4802	-0.910145985894337	13720
2798	-0.911030623058114	13721
255275	-0.911204690344576	13722
50840	-0.911283730296675	13723
2020	-0.911552195703983	13724
5678	-0.911609561500945	13725
58512	-0.911927531899647	13726
6988	-0.9119612728485	13727
101927539	-0.911992650329294	13728
2827	-0.912903236496349	13729
101927746	-0.913184495137611	13730
64745	-0.913459768279805	13731
58475	-0.913630868030084	13732
51399	-0.913684822161876	13733
101929437	-0.914378384844743	13734
3512	-0.914442065084572	13735
55068	-0.914530854140705	13736
5718	-0.914586688272816	13737
1089	-0.914820713252744	13738
100129550	-0.91515083883226	13739
100302737	-0.915655807584469	13740
440173	-0.916379199489156	13741
2744	-0.916572009832924	13742
100652911	-0.916649218224068	13743
103910	-0.916723139276615	13744
6010	-0.916903890284119	13745
80856	-0.917108689258426	13746
54715	-0.917282275040922	13747
253868	-0.91762407880804	13748
10113	-0.917894075661547	13749
389765	-0.918077116030831	13750
101927362	-0.919356524410707	13751
51284	-0.919469027979097	13752
84698	-0.919570003324985	13753
100128554	-0.919833117315294	13754
84614	-0.919967551665079	13755
170575	-0.920413543517715	13756
147807	-0.920716496571072	13757
163175	-0.920817070618111	13758
27231	-0.921893529343253	13759
100885798	-0.922051774489594	13760
100874238	-0.922325899798441	13761
7174	-0.923463279275646	13762
219537	-0.923827328379324	13763
4807	-0.924771011509879	13764
83446	-0.925105347983818	13765
79006	-0.925259040627396	13766
100287098	-0.92552527447056	13767
55600	-0.926120535063415	13768
339318	-0.926842461678881	13769
100507629	-0.927462079692766	13770
25820	-0.92760622753323	13771
79890	-0.927919914794899	13772
159091	-0.927943420685889	13773
23517	-0.927972223249929	13774
2312	-0.928886724556574	13775
202052	-0.929507294181842	13776
2900	-0.929600491002668	13777
23300	-0.929696607686303	13778
101927257	-0.930063438594337	13779
101928893	-0.930463972291123	13780
29919	-0.930473961370866	13781
100132707	-0.930511375146014	13782
51362	-0.93060949317456	13783
153241	-0.931292568358725	13784
8654	-0.931447018273519	13785
23434	-0.931757990985608	13786
401585	-0.9317635882505	13787
728012	-0.932012845147946	13788
11131	-0.932066240248566	13789
4924	-0.932155389937091	13790
85026	-0.932432905137053	13791
100009676	-0.932514303200419	13792
80762	-0.933364288246426	13793
9350	-0.933636559104887	13794
158960	-0.934114465379401	13795
5093	-0.934248960424795	13796
124997	-0.934600022010012	13797
144453	-0.934856096881686	13798
90529	-0.935160479906145	13799
101929328	-0.935203184040471	13800
51526	-0.935284434349516	13801
162083	-0.935300701925228	13802
440299	-0.935411503893951	13803
51069	-0.93564739348091	13804
101927402	-0.935738593199103	13805
56160	-0.936006072852033	13806
442194	-0.936026313102192	13807
55667	-0.936367970654249	13808
6120	-0.936690220078963	13809
9784	-0.936812922281747	13810
4481	-0.936979582056296	13811
79786	-0.937117045320843	13812
57194	-0.937152062085845	13813
1137	-0.937400056333863	13814
353219	-0.937904663650581	13815
64122	-0.937927918209832	13816
285033	-0.938551588491801	13817
728024	-0.938819486306287	13818
8366	-0.939875939970314	13819
101928571	-0.940857642573646	13820
10946	-0.941403845201999	13821
79587	-0.941561017715027	13822
132112	-0.941632414361274	13823
79823	-0.941754861505905	13824
79958	-0.942352750487069	13825
55274	-0.942656635605082	13826
54952	-0.943211866722764	13827
339894	-0.943540040542695	13828
100506677	-0.944241740672148	13829
81832	-0.944470447115745	13830
55847	-0.945393781316704	13831
102724708	-0.945503441222813	13832
56034	-0.946629951009235	13833
83894	-0.947695724980959	13834
644242	-0.947889327980762	13835
9152	-0.948309985354991	13836
644997	-0.948334171907436	13837
7837	-0.948340992764824	13838
4634	-0.949139091364684	13839
7869	-0.949323551613707	13840
100506046	-0.949718336808721	13841
101928386	-0.950110382268002	13842
2639	-0.950606599119562	13843
219990	-0.950858482956555	13844
100498859	-0.951109401237033	13845
10213	-0.95115312963708	13846
8590	-0.951787437452715	13847
55191	-0.951940433223235	13848
101927228	-0.952301751255111	13849
4299	-0.952592094744764	13850
145226	-0.953377358053798	13851
8424	-0.953631436125958	13852
10044	-0.954212787111473	13853
2155	-0.954989875179572	13854
154092	-0.955130339858553	13855
27255	-0.955201622351383	13856
254028	-0.955220706305418	13857
824	-0.955401379052499	13858
100506915	-0.955534875955222	13859
84154	-0.955792664329278	13860
51691	-0.956186356124469	13861
161725	-0.956385935594551	13862
139285	-0.956421059995065	13863
1618	-0.95643392649356	13864
2113	-0.957075036618148	13865
2977	-0.957477089243321	13866
160365	-0.957723713392473	13867
55198	-0.958019407119417	13868
83714	-0.958214616272704	13869
54566	-0.958307177619852	13870
84631	-0.959609734388032	13871
9629	-0.95995622638277	13872
80072	-0.961042515909602	13873
11325	-0.961236480897407	13874
57468	-0.961695108386056	13875
56062	-0.961738746534654	13876
57095	-0.961904101907467	13877
745	-0.962023942278639	13878
85443	-0.962524545246151	13879
376497	-0.962708526913812	13880
400961	-0.963560217684804	13881
101927943	-0.963739583647419	13882
202151	-0.963819277895493	13883
4683	-0.963980512969887	13884
135927	-0.964856112641475	13885
9685	-0.964888729215223	13886
2488	-0.965512852369155	13887
146227	-0.965783543864615	13888
100874241	-0.965910234101612	13889
55997	-0.966163710250951	13890
291	-0.96623562882122	13891
92856	-0.966362727949189	13892
4041	-0.966567468432261	13893
105375273	-0.966604053632158	13894
2673	-0.96704646958784	13895
27201	-0.967925678055882	13896
5137	-0.968599604054622	13897
4010	-0.968876311408905	13898
4708	-0.969060210970005	13899
89953	-0.969444394611698	13900
28560	-0.970040455567132	13901
1147	-0.970180672046524	13902
26277	-0.970854700765075	13903
8997	-0.971957239567857	13904
1947	-0.972250188407454	13905
2206	-0.972675033722589	13906
28316	-0.972722563930774	13907
54621	-0.973462447232478	13908
5965	-0.973681627613332	13909
9627	-0.973681953879874	13910
2793	-0.973802591688507	13911
130535	-0.9741865191374	13912
3982	-0.974499230032276	13913
158314	-0.974755438580599	13914
645961	-0.974897452093513	13915
4114	-0.975140681019328	13916
101929121	-0.975680601552092	13917
83460	-0.975758393789333	13918
283991	-0.976017241472792	13919
23162	-0.976332666463777	13920
2124	-0.976452338259158	13921
51699	-0.976573715538141	13922
26689	-0.976753553921419	13923
284402	-0.977124281588426	13924
23609	-0.977143502078652	13925
11137	-0.977757897349816	13926
100287814	-0.979024086649652	13927
6834	-0.979320175210414	13928
101928165	-0.980113666008102	13929
126308	-0.980144663611763	13930
101927123	-0.980268257503627	13931
9032	-0.980662458569271	13932
8629	-0.980775547107638	13933
101929125	-0.982546125331154	13934
85417	-0.982969623618198	13935
23629	-0.983252991767821	13936
4878	-0.98362982214564	13937
26267	-0.983849488859578	13938
55090	-0.984275263785318	13939
1991	-0.984510002956221	13940
8707	-0.984769085102314	13941
101927275	-0.98497306337242	13942
2271	-0.985139433076198	13943
89874	-0.985200410679615	13944
100101938	-0.985521113857796	13945
101929684	-0.985662803876061	13946
246269	-0.9863474504134	13947
1363	-0.986839095952814	13948
645321	-0.987100566080685	13949
22980	-0.987161361875753	13950
4784	-0.987212733504911	13951
23207	-0.988721174739103	13952
338645	-0.989225484003759	13953
284297	-0.9894223788656	13954
105376360	-0.989520103889751	13955
25793	-0.98968753587811	13956
283404	-0.989761833519111	13957
27284	-0.98984410998102	13958
7179	-0.9900779778249	13959
8443	-0.99058391864474	13960
5090	-0.990762534124159	13961
84519	-0.991001811297266	13962
574	-0.991046850673103	13963
100505877	-0.991332065544775	13964
101928135	-0.991666292843183	13965
401466	-0.991847504490182	13966
25786	-0.991885394331666	13967
7589	-0.991961226881161	13968
51642	-0.992741362279422	13969
55582	-0.993029676661679	13970
7007	-0.99319729141106	13971
5223	-0.993383523709906	13972
100507560	-0.993503848980819	13973
3059	-0.99354498704972	13974
84099	-0.993662459079503	13975
353345	-0.993913197558357	13976
4745	-0.994143427755091	13977
57154	-0.994246654585006	13978
101928823	-0.99439826873089	13979
2678	-0.994548562104491	13980
339231	-0.994803976180606	13981
84809	-0.995868373088512	13982
105376166	-0.996289995011976	13983
7429	-0.996697064487489	13984
124989	-0.996717257782537	13985
283089	-0.996801155603087	13986
221938	-0.996892976242599	13987
286205	-0.99703935064905	13988
101927877	-0.997144212582064	13989
64145	-0.997702499190255	13990
975	-0.997787123825054	13991
220979	-0.997948268607999	13992
105374888	-0.998072009055969	13993
29063	-0.998193995674606	13994
28959	-0.998312434394666	13995
79777	-0.998596160253044	13996
84926	-0.998667111407664	13997
105374419	-0.998734844694016	13998
66008	-0.99884438529311	13999
101929495	-0.999041322391404	14000
2169	-0.999141244152201	14001
283212	-0.999894875155835	14002
147664	-1.00169118328984	14003
100505501	-1.00181650648791	14004
283600	-1.00202904894014	14005
23105	-1.00207779170272	14006
23588	-1.00235149180592	14007
8888	-1.00245237891765	14008
483	-1.00296114772757	14009
388906	-1.00305101447636	14010
169611	-1.00378959418575	14011
27347	-1.00395519821177	14012
51073	-1.0047041803471	14013
63948	-1.00483656977145	14014
100506895	-1.00535310879206	14015
5202	-1.005423176867	14016
10171	-1.00561473998868	14017
55178	-1.00568499081266	14018
56943	-1.00582298717678	14019
22844	-1.00611858618561	14020
9671	-1.00639971173053	14021
3621	-1.00681665279688	14022
101927597	-1.00730178035434	14023
3697	-1.00767920678375	14024
221527	-1.00779713009323	14025
100505826	-1.00782696870729	14026
6328	-1.00827234194461	14027
80108	-1.00870615872782	14028
26128	-1.00882849316377	14029
83543	-1.00933124057273	14030
105371932	-1.00942850557709	14031
101929660	-1.00947822011458	14032
825	-1.00969260088365	14033
9320	-1.0110687271867	14034
401630	-1.01130134520063	14035
101927131	-1.01158803230384	14036
54619	-1.01172286875019	14037
390616	-1.01199878229356	14038
100996590	-1.01220707053983	14039
25770	-1.01232845499607	14040
4628	-1.01254843083093	14041
55766	-1.01318759623241	14042
3500	-1.01336284239155	14043
8487	-1.01349368920106	14044
54462	-1.01373627813529	14045
219793	-1.01409101844605	14046
30009	-1.0141837697097	14047
100507459	-1.0144011529846	14048
101929172	-1.01443133772171	14049
5644	-1.01484923012188	14050
54584	-1.01485180488244	14051
2867	-1.01515111439529	14052
100131551	-1.01549621006161	14053
84647	-1.01554040740284	14054
51442	-1.01573963221351	14055
101926963	-1.01631666612357	14056
100507006	-1.01636186012979	14057
60506	-1.01640927470125	14058
57511	-1.01654843039362	14059
10368	-1.01655406530023	14060
124930	-1.01668941524297	14061
25998	-1.01670758780261	14062
284661	-1.01720598012641	14063
10086	-1.01759383049299	14064
6217	-1.01815810246635	14065
5077	-1.01829751164693	14066
6595	-1.01843686732928	14067
100128782	-1.0184593313345	14068
285231	-1.02003073219577	14069
90736	-1.02003433452011	14070
152926	-1.0200834191719	14071
9488	-1.0201816754414	14072
100506498	-1.02043099782598	14073
101929004	-1.02058235956702	14074
23150	-1.02068961419701	14075
84643	-1.02078980839909	14076
6550	-1.02181744627127	14077
55146	-1.02203752842543	14078
100652857	-1.02206903769266	14079
105372637	-1.02230051594792	14080
352954	-1.02239017743062	14081
64979	-1.02294238553874	14082
125965	-1.02321468741724	14083
286499	-1.02348900918608	14084
11076	-1.02487842864491	14085
102724382	-1.0252599075225	14086
252969	-1.02637402193162	14087
51692	-1.02647384010798	14088
8999	-1.02648348808858	14089
1794	-1.0269338021622	14090
101928751	-1.02734564740956	14091
221120	-1.02834254889249	14092
27087	-1.02884400756593	14093
200576	-1.03018142538659	14094
101929536	-1.03060204667322	14095
10693	-1.03082706445365	14096
7375	-1.0308601060331	14097
645355	-1.03100821404419	14098
3399	-1.03141092995057	14099
9290	-1.03250202073914	14100
146198	-1.03317685081221	14101
441025	-1.03328546150338	14102
100329135	-1.033609573826	14103
9080	-1.03377644138916	14104
1432	-1.03448050355046	14105
29904	-1.03462644184899	14106
51241	-1.03493861426055	14107
642776	-1.03556821164715	14108
6209	-1.03586631732936	14109
53938	-1.03587151674382	14110
100507527	-1.0364461981381	14111
22890	-1.03660953696765	14112
221294	-1.03689651579991	14113
55327	-1.0380457444259	14114
28660	-1.03831615618839	14115
101928590	-1.03857249220515	14116
6753	-1.0401108836303	14117
60676	-1.04025059582298	14118
127343	-1.0417904136663	14119
4897	-1.04239487057698	14120
101927020	-1.0428489051164	14121
126370	-1.0428849442305	14122
55890	-1.04311553007051	14123
9204	-1.04326573884279	14124
2037	-1.04337578537674	14125
100628307	-1.04341504497313	14126
2529	-1.04424611529671	14127
101928259	-1.04467747881339	14128
57821	-1.04472307745038	14129
7319	-1.0449666775491	14130
388387	-1.04651649033162	14131
101928120	-1.04684169007583	14132
79887	-1.04719356750556	14133
255394	-1.04816968480637	14134
5066	-1.04859980441074	14135
89792	-1.04873199844975	14136
116093	-1.04909879309554	14137
57419	-1.04927750098603	14138
4116	-1.04978490591824	14139
114609	-1.04998259104287	14140
105371485	-1.05065983328522	14141
140564	-1.05134309120866	14142
23382	-1.0514131783006	14143
23527	-1.05147131250069	14144
79714	-1.05160123833233	14145
101927703	-1.05164676522228	14146
135644	-1.05220189480812	14147
50604	-1.05230211413347	14148
6756	-1.05233709510389	14149
1657	-1.05253858834268	14150
635	-1.0532197499136	14151
204219	-1.05327807827967	14152
64762	-1.05357577741652	14153
146562	-1.05384965318091	14154
51450	-1.053907248458	14155
23327	-1.05399887517905	14156
134218	-1.05400339611658	14157
101928551	-1.05449288004086	14158
83860	-1.05462804608968	14159
55823	-1.05464497432884	14160
6397	-1.05510539735891	14161
115024	-1.05533486100851	14162
66004	-1.05562132614766	14163
29801	-1.05588474610702	14164
151300	-1.05612576941674	14165
100129528	-1.05633626522885	14166
23276	-1.05637053108527	14167
8195	-1.05688039447511	14168
167681	-1.05689395041542	14169
124783	-1.05759348330676	14170
23358	-1.05780822956451	14171
54596	-1.05871882699637	14172
137970	-1.05911632927418	14173
4440	-1.05946249532493	14174
55827	-1.05952934676916	14175
285220	-1.06005264385695	14176
11064	-1.0601562838838	14177
26207	-1.06015754836809	14178
2695	-1.06031405438678	14179
79839	-1.0614258598994	14180
94103	-1.06180679110438	14181
79145	-1.06231332903415	14182
55754	-1.06291338120707	14183
202500	-1.06329884474196	14184
63929	-1.06393359274044	14185
55195	-1.06421780516471	14186
5305	-1.06455288354436	14187
51276	-1.06532734197009	14188
1501	-1.06533138207031	14189
51022	-1.06558376276659	14190
5045	-1.06562726128769	14191
51135	-1.06615940091457	14192
6677	-1.06619465618305	14193
5382	-1.06646041853843	14194
23430	-1.06662346495515	14195
5631	-1.0668996044529	14196
23746	-1.06777056022953	14197
167465	-1.06808545791176	14198
100505685	-1.06947447767074	14199
9470	-1.06970058688651	14200
43847	-1.0700931230954	14201
10512	-1.07012832101006	14202
8387	-1.0703135323991	14203
1649	-1.07048592472183	14204
257203	-1.07120774799767	14205
9821	-1.07133732088006	14206
7786	-1.07152762386803	14207
100862679	-1.07153070299128	14208
7781	-1.07221096286409	14209
84081	-1.07244517812216	14210
285708	-1.07251712303632	14211
5899	-1.0725278277177	14212
9516	-1.07334207733242	14213
11107	-1.07365768048516	14214
8277	-1.07395215332515	14215
57231	-1.07398736004626	14216
3909	-1.07440752906104	14217
23408	-1.07483865549423	14218
105375218	-1.07569799151502	14219
101928278	-1.07573136249418	14220
54963	-1.07634827041655	14221
131096	-1.07653816497061	14222
5308	-1.0768426058043	14223
5973	-1.07712852479152	14224
642987	-1.07734308157283	14225
54206	-1.07846263498188	14226
6095	-1.07854504925703	14227
284294	-1.07948371938068	14228
4621	-1.07965792787384	14229
440	-1.07968619593345	14230
100874014	-1.07980300732984	14231
26259	-1.08082734995792	14232
131965	-1.08083076364003	14233
55787	-1.08088380129961	14234
402415	-1.08090697427055	14235
374470	-1.08092542697913	14236
57570	-1.08128079841593	14237
9415	-1.08167620838896	14238
57700	-1.08178935320221	14239
8600	-1.08188106395852	14240
7321	-1.08225684181955	14241
100506742	-1.08246283059927	14242
23386	-1.08274328769549	14243
101927972	-1.08294313242989	14244
22918	-1.08304944244295	14245
970	-1.08366902887638	14246
5049	-1.08445673956854	14247
4478	-1.08575640579498	14248
100507246	-1.0863633650325	14249
84075	-1.08675204565824	14250
105369746	-1.08695062335673	14251
8735	-1.0870201679073	14252
642236	-1.08736180379451	14253
3284	-1.08761289556838	14254
54872	-1.08770193821983	14255
400620	-1.08865711967738	14256
8774	-1.08922310608059	14257
161003	-1.08944635990679	14258
440603	-1.08959188645716	14259
29086	-1.08971694797319	14260
105371414	-1.09008086869819	14261
1440	-1.09045313593565	14262
93653	-1.09056225356288	14263
57528	-1.09056443936326	14264
339978	-1.09096060915613	14265
5682	-1.09109499298795	14266
9923	-1.09110480994206	14267
9956	-1.09204814421822	14268
58526	-1.09253049856796	14269
92749	-1.0927158009061	14270
5881	-1.0927399127016	14271
387723	-1.09281290814201	14272
10480	-1.0928228561241	14273
2517	-1.09334969446579	14274
57126	-1.09360092164505	14275
151556	-1.09382994894607	14276
6262	-1.09427682259868	14277
388815	-1.09455292655713	14278
54838	-1.09567897245916	14279
2055	-1.09605359680274	14280
374987	-1.09633862745949	14281
132671	-1.0969350904775	14282
79853	-1.09763475848488	14283
118611	-1.09779027638079	14284
55808	-1.09839707074827	14285
10438	-1.09891567186182	14286
7273	-1.09911620765731	14287
4803	-1.09929558214846	14288
94032	-1.09931087809305	14289
7580	-1.0995852414259	14290
163126	-1.09972340825908	14291
4149	-1.10018818790491	14292
55958	-1.10058642676413	14293
9604	-1.10060991257593	14294
100505591	-1.10114709097718	14295
144568	-1.10159789263571	14296
8882	-1.10187161935997	14297
116151	-1.10191077707717	14298
163479	-1.10264068525368	14299
79992	-1.10359290442632	14300
135935	-1.10408783500283	14301
51321	-1.10429965579597	14302
654342	-1.10480715348286	14303
58488	-1.10489686691792	14304
441061	-1.1055527958226	14305
51008	-1.10568898938978	14306
596	-1.10607418955477	14307
51715	-1.10614873871064	14308
28957	-1.10622259644976	14309
26537	-1.10642443333767	14310
348761	-1.1065212270116	14311
116931	-1.10659382950521	14312
55016	-1.10746542480166	14313
196913	-1.10770677808144	14314
9183	-1.10781625337446	14315
25959	-1.10790794608483	14316
92283	-1.10804048291939	14317
50485	-1.1083721756778	14318
22995	-1.10842982721724	14319
57409	-1.10844628280409	14320
26137	-1.10859369723962	14321
1044	-1.10862027508645	14322
130589	-1.10881953041225	14323
90342	-1.10944261337354	14324
94031	-1.10958876683864	14325
10457	-1.10970647961658	14326
4160	-1.11003749611146	14327
105376301	-1.11007302626831	14328
284576	-1.1103577112849	14329
4846	-1.11037586434409	14330
100420872	-1.11039006583621	14331
388394	-1.11057299473942	14332
169841	-1.11065796051487	14333
8856	-1.11118550854787	14334
126364	-1.11131421680092	14335
201780	-1.11179046155652	14336
51081	-1.11199996494834	14337
100507495	-1.1120091267476	14338
94160	-1.11211174742361	14339
64857	-1.11222187133569	14340
284898	-1.11254240061256	14341
55145	-1.11277089100531	14342
64795	-1.11281045350878	14343
4629	-1.11306766679012	14344
1612	-1.11317643747489	14345
59339	-1.11415924366913	14346
55711	-1.11472250356626	14347
2593	-1.11578299380503	14348
353189	-1.11585023458008	14349
6235	-1.11596304495843	14350
51206	-1.11600755930339	14351
105376387	-1.11636308815163	14352
1237	-1.11691702442093	14353
285768	-1.11708041118558	14354
4267	-1.11720757340865	14355
170082	-1.11723177793382	14356
7920	-1.11773691059476	14357
170961	-1.11788117659609	14358
680	-1.11836812356751	14359
100506428	-1.11890629830861	14360
9712	-1.11896272186732	14361
64423	-1.11909107330162	14362
100505619	-1.11910234996555	14363
11235	-1.11920418302547	14364
101928869	-1.11922639481266	14365
26157	-1.12002604177354	14366
6439	-1.12033318641593	14367
6844	-1.12073002964128	14368
89884	-1.12139389010605	14369
101928496	-1.12234294956847	14370
51377	-1.12276292745681	14371
84893	-1.12333514738083	14372
51187	-1.12403389605169	14373
51728	-1.12421728658801	14374
7296	-1.12514840002153	14375
9034	-1.12521682649024	14376
89882	-1.12575668668863	14377
27244	-1.12578186139495	14378
100507194	-1.12661614099565	14379
101928565	-1.12667762833112	14380
29850	-1.12673200439767	14381
400622	-1.12682683173462	14382
91754	-1.12712069723314	14383
146850	-1.12725574960408	14384
55876	-1.12774472496372	14385
25874	-1.12795006877646	14386
222950	-1.12800053889342	14387
403150	-1.12822121682655	14388
2986	-1.12827671561382	14389
10141	-1.12856496618087	14390
4236	-1.1293667413123	14391
81627	-1.12942866769387	14392
55867	-1.12943277202856	14393
8875	-1.13036351615993	14394
219539	-1.13040505409654	14395
440574	-1.13048285746618	14396
84276	-1.13080937712715	14397
157922	-1.13085670108583	14398
196500	-1.13087209555184	14399
1579	-1.13094102550775	14400
9665	-1.13131198179026	14401
81790	-1.13144350492597	14402
283140	-1.13144772383025	14403
145407	-1.1319743185509	14404
127687	-1.132516350676	14405
8825	-1.13275476304833	14406
8483	-1.13281193824428	14407
27285	-1.13309743620411	14408
10417	-1.13366216095297	14409
114042	-1.13427473518098	14410
4669	-1.13445307873624	14411
100505681	-1.13639117358351	14412
23616	-1.13660828118179	14413
133688	-1.13661644435094	14414
23548	-1.13668522568571	14415
100506451	-1.13688961502039	14416
259173	-1.13741776669445	14417
388695	-1.13743723620496	14418
7818	-1.13748766218729	14419
255189	-1.13774183495943	14420
101929279	-1.13796124164749	14421
60401	-1.13849107973786	14422
101927610	-1.1386352942274	14423
28513	-1.13895716425221	14424
60467	-1.13957257191337	14425
25794	-1.13988915342211	14426
101928205	-1.13999909157282	14427
84699	-1.14066287082313	14428
64324	-1.14089999070501	14429
149095	-1.14108234035802	14430
26138	-1.14310917947335	14431
101410535	-1.14440829283842	14432
7571	-1.14543046821209	14433
219833	-1.1454463072771	14434
100616497	-1.14605235903852	14435
101926996	-1.14710293676774	14436
3762	-1.14727099901906	14437
79009	-1.14769145779299	14438
26077	-1.14769761170688	14439
26584	-1.14776508549671	14440
8479	-1.14807626539834	14441
5341	-1.14832281461807	14442
51741	-1.14872719936654	14443
254295	-1.14874099903547	14444
55048	-1.14939760040791	14445
7917	-1.14943218400291	14446
4654	-1.14974679848077	14447
157848	-1.15000638908455	14448
283387	-1.1501694285722	14449
5607	-1.15035609784032	14450
105374676	-1.15039767924745	14451
440482	-1.15083622544029	14452
79828	-1.15115867064489	14453
219855	-1.1513807275268	14454
340385	-1.1518294082593	14455
283738	-1.1521069807473	14456
2268	-1.15215515648414	14457
130540	-1.15235475338028	14458
9801	-1.15270933095108	14459
23399	-1.15288403019848	14460
100271715	-1.15308878872959	14461
51068	-1.15339113115856	14462
2222	-1.15373978162046	14463
695	-1.1539229055317	14464
101927490	-1.15397743005839	14465
84970	-1.15405299196322	14466
100507423	-1.15475683750772	14467
150147	-1.15497516980434	14468
399972	-1.15518925334249	14469
58510	-1.15526835573769	14470
152273	-1.15534680349366	14471
10768	-1.15542453063725	14472
100506070	-1.15562113599371	14473
64595	-1.15572898176287	14474
50862	-1.15611451466499	14475
2908	-1.15621971813951	14476
29113	-1.15638578719373	14477
148808	-1.15676870721601	14478
4495	-1.15704240947001	14479
11163	-1.15783273286067	14480
25839	-1.15810175452818	14481
100129845	-1.15940245123009	14482
23520	-1.15976963184739	14483
320	-1.16017802403441	14484
4035	-1.16022690211818	14485
55267	-1.16038562100635	14486
285796	-1.16132860621102	14487
3638	-1.16138780526926	14488
101927069	-1.16142947690559	14489
114791	-1.16213805407858	14490
105375547	-1.1621544838982	14491
166929	-1.16223710815115	14492
87769	-1.16264898007776	14493
25941	-1.16320824041335	14494
22998	-1.16326411676852	14495
100128731	-1.16353731681489	14496
80332	-1.16399370033173	14497
9921	-1.16438360646082	14498
148113	-1.16521031807702	14499
245911	-1.16549889926686	14500
9630	-1.16566780692125	14501
1604	-1.16754148543088	14502
147945	-1.16761414907543	14503
353500	-1.16778647937775	14504
100144602	-1.16802184411634	14505
101927049	-1.16963596282157	14506
149954	-1.16967963573673	14507
23305	-1.17010271440253	14508
7913	-1.17040433901429	14509
11055	-1.17088271398992	14510
6137	-1.1712104165597	14511
79568	-1.17126132740382	14512
10998	-1.17216143772022	14513
100874063	-1.17292916397383	14514
441178	-1.17336964975186	14515
200407	-1.1736213729446	14516
132989	-1.17371576050406	14517
2892	-1.17392976680164	14518
64092	-1.1743546362846	14519
100132057	-1.17457125456912	14520
84527	-1.1748357587708	14521
27177	-1.17490762828347	14522
284424	-1.17493697011697	14523
55117	-1.17495700313923	14524
101929680	-1.17507428940667	14525
145258	-1.1751266578639	14526
57467	-1.17521659950514	14527
51429	-1.17534026683591	14528
6710	-1.17540724441034	14529
79057	-1.1755601507146	14530
57408	-1.17556861178243	14531
338872	-1.17572824116856	14532
100507261	-1.17592218847428	14533
161779	-1.1764124987779	14534
339669	-1.17663131900958	14535
284186	-1.17665324420888	14536
10850	-1.17701589204225	14537
100289518	-1.17726763934262	14538
100507027	-1.17761040187322	14539
642597	-1.17764595560578	14540
2741	-1.17770074589959	14541
390035	-1.17903143112814	14542
105377085	-1.17911813081099	14543
8708	-1.17962341203644	14544
80833	-1.18017828019892	14545
147323	-1.1805180416166	14546
4656	-1.18066634950642	14547
643365	-1.18095688012132	14548
375449	-1.18129561010453	14549
89885	-1.1828960215157	14550
100130370	-1.18373320444381	14551
84696	-1.18379464514509	14552
9748	-1.18400375922138	14553
10164	-1.18419588196	14554
610	-1.18425118943604	14555
1804	-1.18431185565102	14556
5571	-1.18514335697922	14557
4796	-1.1851556466173	14558
84919	-1.1856900684601	14559
1026	-1.18577573755469	14560
51300	-1.18696701649522	14561
10369	-1.18743814564454	14562
51311	-1.18927154749532	14563
64518	-1.18938399136227	14564
100874182	-1.18953377811577	14565
573	-1.18954936063324	14566
9938	-1.18984765311617	14567
2888	-1.19068505733757	14568
9722	-1.19089636415513	14569
1188	-1.19125121728576	14570
10055	-1.19127050734634	14571
84549	-1.19128455976387	14572
105369921	-1.19135919121642	14573
286178	-1.19188561870385	14574
8419	-1.19231594287252	14575
56888	-1.1930695132604	14576
1538	-1.19357079423463	14577
284751	-1.19379697879186	14578
100861532	-1.19380023722137	14579
199857	-1.19383979220695	14580
4919	-1.19388972922684	14581
100874069	-1.19398687546249	14582
84816	-1.19402351797742	14583
101929607	-1.19409140685584	14584
11155	-1.19503787299154	14585
100128164	-1.1951387539327	14586
54537	-1.19533574443466	14587
54878	-1.19544725167018	14588
9218	-1.19560818902873	14589
1264	-1.1973309793974	14590
4706	-1.19830329877383	14591
23059	-1.19832503379607	14592
150159	-1.19987545275567	14593
64344	-1.2006574625931	14594
6326	-1.20079858055028	14595
267012	-1.20082680005245	14596
652972	-1.20094040535721	14597
83867	-1.20165619402193	14598
10748	-1.20193016557787	14599
5717	-1.20214648838455	14600
64130	-1.20254243610212	14601
2814	-1.20286931392632	14602
101927546	-1.20307486415969	14603
50834	-1.20354673834788	14604
23085	-1.20362970694691	14605
101410533	-1.20365544487831	14606
8383	-1.20391863163022	14607
149069	-1.20415286670651	14608
219525	-1.20441496547579	14609
81570	-1.20448654248744	14610
5967	-1.20450048992984	14611
8661	-1.20483846140658	14612
23335	-1.20488048748179	14613
10468	-1.20630154061679	14614
143879	-1.20659515427496	14615
152100	-1.2067460464364	14616
51252	-1.207024662469	14617
101929926	-1.20765622604709	14618
84837	-1.20801399555319	14619
283237	-1.20868001333359	14620
101928730	-1.20869836350178	14621
115294	-1.20889509491126	14622
9774	-1.20890812881463	14623
64430	-1.21065653152373	14624
6228	-1.211122943814	14625
646405	-1.21114361860902	14626
10052	-1.21115828129459	14627
23253	-1.21159085312907	14628
100287898	-1.21209053769782	14629
54089	-1.21274946721786	14630
84791	-1.212751486011	14631
25906	-1.21280290508216	14632
2158	-1.21396006581529	14633
606553	-1.21477009577139	14634
90113	-1.2151461243064	14635
100505797	-1.21541718072501	14636
146513	-1.21568958556978	14637
84692	-1.21578922400304	14638
5578	-1.21585239779381	14639
340205	-1.21612460303677	14640
54205	-1.21645857465271	14641
64852	-1.21647817599799	14642
388503	-1.21684790362976	14643
101929212	-1.2174421353659	14644
23347	-1.2175839082933	14645
10944	-1.21763948462658	14646
123876	-1.2176850821824	14647
6249	-1.21789049488676	14648
158248	-1.21795874400374	14649
259291	-1.21816248721417	14650
101929622	-1.21818665084785	14651
143	-1.21839445998261	14652
101927990	-1.21923280131965	14653
101928306	-1.22011394305338	14654
51719	-1.22086636431551	14655
53349	-1.22088923781537	14656
1340	-1.22132291005997	14657
23473	-1.22154613429799	14658
5715	-1.22170529516681	14659
51294	-1.22265273327439	14660
374291	-1.2228551476808	14661
9091	-1.22330869984775	14662
149018	-1.22337879828381	14663
139212	-1.22390713524667	14664
57192	-1.22407788816162	14665
90167	-1.22468169801886	14666
117145	-1.22490579379963	14667
7547	-1.22514924943848	14668
129531	-1.22541226685866	14669
9540	-1.22551522364552	14670
9075	-1.22595280491081	14671
101927040	-1.22614476321584	14672
100505570	-1.22658649595195	14673
102723166	-1.22694982190149	14674
401562	-1.22703552757071	14675
132724	-1.22789146477429	14676
892	-1.22790235275022	14677
348807	-1.22798183881058	14678
79983	-1.2281387235731	14679
817	-1.22859189674958	14680
84938	-1.2286148358943	14681
148066	-1.22889457765892	14682
200197	-1.22977803498793	14683
50836	-1.23006666436071	14684
284257	-1.23045527661916	14685
6635	-1.23065252392244	14686
3859	-1.23158252924073	14687
64963	-1.23178751843434	14688
84630	-1.23191401807625	14689
7268	-1.23195094985375	14690
1369	-1.23203658707767	14691
5573	-1.23208621779659	14692
203074	-1.23218187135497	14693
259	-1.23220008254568	14694
29094	-1.23224623838208	14695
1284	-1.23229185111467	14696
100169890	-1.23256277414552	14697
55509	-1.23281606643486	14698
9324	-1.23301747084868	14699
100129961	-1.2332275449129	14700
54742	-1.23339963690988	14701
101929628	-1.2337357312104	14702
2254	-1.23414431629135	14703
127540	-1.23442062353125	14704
100506119	-1.23461489854975	14705
283860	-1.23476461379159	14706
10606	-1.23501951865915	14707
50964	-1.23506552573888	14708
4248	-1.23620414777029	14709
2829	-1.23645227032775	14710
100507336	-1.23661824948923	14711
153222	-1.2366660044261	14712
100506797	-1.23705541011606	14713
51359	-1.23743229082598	14714
10204	-1.23758236898522	14715
57458	-1.23777153136821	14716
7173	-1.23821855753461	14717
64768	-1.23835865747741	14718
100506840	-1.23860396656336	14719
57710	-1.23934867013789	14720
7373	-1.23950165837003	14721
7050	-1.23976119767833	14722
207063	-1.24020223153823	14723
84969	-1.2403184973354	14724
55246	-1.24046205302107	14725
285638	-1.24066650051368	14726
9528	-1.24081443529794	14727
160622	-1.24203636424893	14728
283459	-1.24225906805875	14729
78990	-1.2425733862744	14730
55366	-1.24257869777031	14731
105378044	-1.24274650615976	14732
64220	-1.24276114852163	14733
100506392	-1.24311311665181	14734
8698	-1.2433502038376	14735
151647	-1.24364393279449	14736
102724542	-1.24404931553409	14737
9127	-1.24498392458879	14738
1638	-1.2451763839217	14739
55679	-1.24646958400795	14740
100506907	-1.24659071056934	14741
8404	-1.24685341660163	14742
56255	-1.24703923370692	14743
135152	-1.24783290283109	14744
388456	-1.24816822910315	14745
6050	-1.2486517517998	14746
10905	-1.24893209697653	14747
1180	-1.24937721600588	14748
138724	-1.2495982101103	14749
147657	-1.25033689156507	14750
220136	-1.25077700208677	14751
5393	-1.25156335835925	14752
6727	-1.25181268715174	14753
94005	-1.25205294906223	14754
101929144	-1.25215108148375	14755
7477	-1.25273430186973	14756
199990	-1.25337201835672	14757
15	-1.25351232789463	14758
84278	-1.25381839134002	14759
55100	-1.25382427903456	14760
100507540	-1.25402124474357	14761
5289	-1.25411514251959	14762
4515	-1.25448083427183	14763
1146	-1.25460996141385	14764
10450	-1.25500103956301	14765
152742	-1.255061132629	14766
867	-1.25623268792554	14767
105375206	-1.25688670133802	14768
222696	-1.2571356391382	14769
51209	-1.25751837226622	14770
9770	-1.25802166409432	14771
677766	-1.25820128235436	14772
101928578	-1.25820807038063	14773
338661	-1.25886149450171	14774
81894	-1.2589515327346	14775
9812	-1.25903559483331	14776
112752	-1.25914083384074	14777
100861554	-1.25923154614032	14778
100507043	-1.25944339145762	14779
3475	-1.26036752760496	14780
5713	-1.261191297006	14781
101929154	-1.26122533033137	14782
26507	-1.26178499888096	14783
55057	-1.26259988809305	14784
6173	-1.26307460703216	14785
81793	-1.26315945883216	14786
84931	-1.26380527118695	14787
22973	-1.2644246319863	14788
102724827	-1.26448023701347	14789
164312	-1.26518836235428	14790
753	-1.26522798221126	14791
85460	-1.26558767955417	14792
116224	-1.26625597154976	14793
9262	-1.26658171225815	14794
100287114	-1.26727754776905	14795
136541	-1.26796011343076	14796
1588	-1.26828569664341	14797
145501	-1.26833726687913	14798
1992	-1.26975138432241	14799
30012	-1.26980594042579	14800
55737	-1.26987688598506	14801
23143	-1.27025673396798	14802
283432	-1.27034659459128	14803
79664	-1.27065662013234	14804
6284	-1.27077871580048	14805
51374	-1.27085059291606	14806
56123	-1.27137995410072	14807
118421	-1.2719446256555	14808
65981	-1.27200914104401	14809
3678	-1.27242717494816	14810
7441	-1.27244225819463	14811
128346	-1.2729970807984	14812
9844	-1.27347548567893	14813
92675	-1.27433910361607	14814
1780	-1.2749303131858	14815
64411	-1.2759815817243	14816
100507391	-1.27612067402608	14817
58480	-1.27635895264271	14818
8061	-1.27662438466716	14819
23539	-1.27675536401494	14820
55422	-1.27685591132998	14821
283547	-1.27727622236039	14822
84991	-1.27740814544018	14823
102724201	-1.2775649112147	14824
9789	-1.27825320581414	14825
5428	-1.27927474595613	14826
358	-1.27931863139976	14827
293	-1.27980316321982	14828
199899	-1.28028189287585	14829
64174	-1.28052320130843	14830
159162	-1.28067918147158	14831
79607	-1.28077634598725	14832
51531	-1.28093386113891	14833
283159	-1.28129243881521	14834
151258	-1.28143708975071	14835
100506851	-1.28194238525745	14836
100507274	-1.28198877698525	14837
135295	-1.28221463537353	14838
23553	-1.28253844018811	14839
85452	-1.28299890792191	14840
5918	-1.28468765300388	14841
257019	-1.28529204796304	14842
4886	-1.2860645820561	14843
3155	-1.28630472137278	14844
100169989	-1.28631442532736	14845
283446	-1.28637108763363	14846
100288079	-1.2864594978336	14847
105376072	-1.28649169649539	14848
318	-1.28652056183964	14849
7006	-1.28678366303882	14850
374920	-1.28682120373958	14851
254528	-1.28713687553686	14852
26228	-1.28713831361422	14853
8239	-1.28729283783944	14854
100131561	-1.2880462055669	14855
392459	-1.28850282506031	14856
399947	-1.2888733542455	14857
28786	-1.28897384918226	14858
2555	-1.28916264501499	14859
255877	-1.28933081892843	14860
8852	-1.28946558517101	14861
54165	-1.2895385763359	14862
101928583	-1.29030575558128	14863
79689	-1.2903315574188	14864
57597	-1.29064561777304	14865
23406	-1.29099399960415	14866
283349	-1.29108012161329	14867
9414	-1.29132409633348	14868
3101	-1.29280888285747	14869
398	-1.29301322843091	14870
256646	-1.29306604274775	14871
258	-1.29328396871201	14872
54551	-1.29353289795886	14873
55301	-1.29356171548333	14874
22873	-1.2943029806234	14875
79944	-1.2949987921029	14876
6876	-1.29534626838843	14877
101928327	-1.29546818593661	14878
101928446	-1.29585552359774	14879
114796	-1.29598026072203	14880
5340	-1.29609375199676	14881
3836	-1.29647059615113	14882
55845	-1.29680713730366	14883
22798	-1.2970591947678	14884
2147	-1.29735281411992	14885
83548	-1.29744764037749	14886
6875	-1.29746576008531	14887
257144	-1.29754877783397	14888
8653	-1.2975895200276	14889
653275	-1.29774745208203	14890
282706	-1.29775643167271	14891
100505609	-1.29898044652592	14892
129787	-1.29930983906688	14893
2904	-1.2993558646839	14894
4799	-1.29971939749584	14895
11166	-1.29991819146029	14896
6730	-1.30018286522199	14897
11315	-1.3005848639917	14898
105378789	-1.30109253035165	14899
3736	-1.30157332122759	14900
6039	-1.30182992067929	14901
11309	-1.30225440154225	14902
54661	-1.30230568418965	14903
54329	-1.30239365618832	14904
441869	-1.30258308900338	14905
6619	-1.30320078207499	14906
10325	-1.30331773724729	14907
105371622	-1.30339255248515	14908
57165	-1.30347962454213	14909
5783	-1.30355403606333	14910
124773	-1.30383260481182	14911
285441	-1.30396267689063	14912
10928	-1.30482257385223	14913
4026	-1.30506126430875	14914
84153	-1.30516428995353	14915
10398	-1.30558792506868	14916
10006	-1.30621044566276	14917
105371743	-1.30677337492201	14918
26280	-1.30690822983712	14919
401647	-1.30708297075533	14920
54475	-1.30746382118163	14921
5008	-1.3078302168453	14922
2359	-1.30791674024074	14923
80740	-1.30807145326025	14924
9107	-1.30812827750402	14925
10326	-1.3082522366478	14926
58484	-1.31011357938507	14927
253430	-1.31032827542619	14928
79998	-1.31045327657747	14929
387119	-1.31107143338118	14930
64236	-1.31110409810761	14931
3799	-1.31130148274279	14932
10577	-1.31153578139552	14933
91582	-1.31167993007761	14934
201931	-1.31184398940076	14935
145173	-1.31228317886022	14936
241	-1.31286383316211	14937
23467	-1.31294282267671	14938
10124	-1.31319396585404	14939
101929497	-1.31384730342824	14940
1983	-1.31390513505387	14941
10540	-1.31431307153052	14942
135250	-1.3145932626339	14943
1230	-1.31704641998703	14944
613212	-1.3171211851009	14945
54583	-1.31716619946793	14946
528	-1.31799407087256	14947
7727	-1.31844390021222	14948
101928323	-1.31867429131776	14949
4644	-1.31870510010013	14950
157556	-1.31928303827056	14951
100130264	-1.31950785049336	14952
54055	-1.31968253404259	14953
729059	-1.32013663252428	14954
146849	-1.32039689859634	14955
5284	-1.32047372661693	14956
5649	-1.32067220788603	14957
7866	-1.32153187497353	14958
285593	-1.32314930055602	14959
1496	-1.32352297127118	14960
4739	-1.32355501099931	14961
5010	-1.32392393178424	14962
26247	-1.32416946962841	14963
101928861	-1.32421476126244	14964
9356	-1.32484450476742	14965
80221	-1.32556451115648	14966
90249	-1.32592087436945	14967
6647	-1.32616717624868	14968
131870	-1.32649472817368	14969
400581	-1.32652102085354	14970
84557	-1.32680796858286	14971
120103	-1.32711952582417	14972
7175	-1.32731007471795	14973
139735	-1.32758270737954	14974
50674	-1.32777196661847	14975
339807	-1.32806127230848	14976
554279	-1.32817689826708	14977
6169	-1.32823654522711	14978
4857	-1.32827489376707	14979
4836	-1.32842433533964	14980
143501	-1.32886163932239	14981
57105	-1.3291704207338	14982
81892	-1.33001299892104	14983
102723786	-1.33022924796156	14984
105372147	-1.33026806918299	14985
10455	-1.33050556835699	14986
6936	-1.33088337294366	14987
145820	-1.33134840103934	14988
131920	-1.33135569857069	14989
145957	-1.33143294976495	14990
7075	-1.33153440581875	14991
2781	-1.33190769747284	14992
101927886	-1.33321003175181	14993
23066	-1.33360012520538	14994
221416	-1.3346328824967	14995
641384	-1.33474857651297	14996
7512	-1.33502336990146	14997
2646	-1.33523779919991	14998
9265	-1.33553023383962	14999
79750	-1.33590935025296	15000
11141	-1.33649109778052	15001
64434	-1.33690510043251	15002
55897	-1.33711586649734	15003
1121	-1.33763974389683	15004
5197	-1.33772946835703	15005
3827	-1.33870968206563	15006
10600	-1.3388042691447	15007
79747	-1.33963952808625	15008
55781	-1.33989273782531	15009
26476	-1.34015848268934	15010
201140	-1.34029537689885	15011
10475	-1.34035885097083	15012
115701	-1.34061259073734	15013
51253	-1.34076123025286	15014
4353	-1.34078386846072	15015
11147	-1.34251118793182	15016
9719	-1.34286219202247	15017
113510	-1.3428889501883	15018
10621	-1.34347004116742	15019
100130934	-1.34371137794454	15020
83893	-1.34378563709624	15021
29105	-1.34419756673599	15022
55344	-1.34560803951413	15023
65094	-1.34605798379908	15024
101926975	-1.34644209463306	15025
8528	-1.34755023345032	15026
54386	-1.34798383954854	15027
80059	-1.34802087740539	15028
146556	-1.34865827323119	15029
101927075	-1.34866791452784	15030
285349	-1.34868211384412	15031
6194	-1.34889895105271	15032
105373618	-1.34939036055044	15033
84248	-1.34990587339921	15034
9705	-1.34999934286129	15035
375616	-1.35014301392796	15036
101927950	-1.35015183521327	15037
10501	-1.35022769011456	15038
57223	-1.35037380557073	15039
881	-1.35065687398296	15040
433	-1.35086528551915	15041
81543	-1.35162368319934	15042
646576	-1.35201635991985	15043
81704	-1.35262911091125	15044
101927350	-1.35284003005829	15045
387718	-1.35289153522869	15046
64600	-1.35293072469929	15047
9352	-1.35386627856294	15048
149373	-1.35503654809396	15049
150372	-1.35574202452018	15050
186	-1.35637557324595	15051
59347	-1.35646764428413	15052
374659	-1.35712928489154	15053
79694	-1.35731717401563	15054
51538	-1.35817371258314	15055
93432	-1.35827423500302	15056
132204	-1.35831827339542	15057
92591	-1.35838828701476	15058
56650	-1.35854353264541	15059
140902	-1.35858665230231	15060
100188953	-1.358640383743	15061
192134	-1.35864975134079	15062
51250	-1.35871928058309	15063
57639	-1.3588662843792	15064
390059	-1.35926243079343	15065
387521	-1.35950020378066	15066
5818	-1.35958741532072	15067
11281	-1.35963437664101	15068
27000	-1.36034178965839	15069
375484	-1.36209279782691	15070
101928068	-1.36267984434134	15071
56895	-1.36341789586923	15072
27136	-1.36352798503237	15073
652968	-1.36362461880312	15074
100303755	-1.36378436549487	15075
54830	-1.36411353691119	15076
9628	-1.36418756528866	15077
7220	-1.36438329395284	15078
101927797	-1.36520455927626	15079
55840	-1.36522454093325	15080
11041	-1.36584503830358	15081
120065	-1.36596966270716	15082
80133	-1.36625594954841	15083
57589	-1.36650352342018	15084
101927774	-1.36672173923976	15085
440101	-1.36679355238799	15086
85509	-1.36763198372336	15087
2768	-1.36778909996463	15088
3767	-1.36858528353593	15089
641365	-1.36873774425991	15090
8822	-1.36903001621566	15091
8574	-1.36931639928711	15092
644	-1.37044635928096	15093
9734	-1.37049624768538	15094
111216283	-1.37055951692519	15095
51639	-1.37084949992942	15096
228	-1.37106172148075	15097
4967	-1.37117163887967	15098
5294	-1.37147132878371	15099
4066	-1.37206882187562	15100
149086	-1.37208684677224	15101
10989	-1.37229434874069	15102
100506122	-1.37266992874629	15103
6150	-1.37274111211285	15104
101928907	-1.37276101585535	15105
100506161	-1.37355648580447	15106
84946	-1.37398835596364	15107
1615	-1.3743476763903	15108
5028	-1.37464670654109	15109
283665	-1.37505672572921	15110
9057	-1.37542709738671	15111
255022	-1.37550946050066	15112
727837	-1.37611138492451	15113
319	-1.37642653414786	15114
102723648	-1.37671370492121	15115
93463	-1.37688929690058	15116
23766	-1.37717147085738	15117
8796	-1.37718378071114	15118
7955	-1.37740908902044	15119
1490	-1.37754275709304	15120
60484	-1.37814704982048	15121
23583	-1.37826046492117	15122
5598	-1.37924188690933	15123
29	-1.37964699379728	15124
117584	-1.37964838882515	15125
23492	-1.37967261221961	15126
11215	-1.38042978095811	15127
5688	-1.38060541746985	15128
54658	-1.38115874495421	15129
3162	-1.38214207091581	15130
3988	-1.38216234143764	15131
2832	-1.3823841416249	15132
219899	-1.38264008331325	15133
30000	-1.38339388835924	15134
2902	-1.38431467437546	15135
7078	-1.38521442014075	15136
100505573	-1.38546281168498	15137
90843	-1.38578676914809	15138
5593	-1.3865549919567	15139
84304	-1.38658503659051	15140
283914	-1.3866688438242	15141
375196	-1.3866818774752	15142
9931	-1.38682146702656	15143
5886	-1.3870508451105	15144
102723847	-1.38707359844706	15145
166348	-1.38715455712	15146
401505	-1.38716309922564	15147
116437	-1.38748839689143	15148
105371672	-1.38872269082577	15149
23023	-1.38876701330548	15150
339122	-1.39007129490548	15151
54207	-1.39038171973409	15152
55954	-1.39076043125483	15153
105372876	-1.39094783635339	15154
101929111	-1.39117547943955	15155
348378	-1.39213217036947	15156
100652824	-1.3924256583749	15157
5473	-1.39370720377851	15158
4303	-1.39380785256355	15159
284427	-1.39390999087536	15160
80759	-1.39414623833311	15161
26108	-1.3942279520458	15162
5694	-1.39438199239552	15163
26608	-1.39497596639162	15164
3667	-1.39562025336146	15165
4018	-1.39590016544701	15166
83903	-1.39591088192563	15167
84266	-1.39660251545045	15168
1380	-1.39676734435636	15169
283471	-1.39754849480284	15170
390595	-1.39857170356478	15171
92241	-1.39890378951367	15172
401262	-1.39890642093374	15173
57162	-1.39895487291387	15174
3782	-1.39902698349134	15175
27091	-1.40093042203455	15176
10109	-1.40103069076393	15177
105370834	-1.40185490836312	15178
90332	-1.40226325436281	15179
57053	-1.40260317411832	15180
83887	-1.40301314173585	15181
25870	-1.40306020056484	15182
7105	-1.40306814061959	15183
2280	-1.4031945665123	15184
387601	-1.40348384472804	15185
91608	-1.40418583414203	15186
104472717	-1.40429006116221	15187
8907	-1.40486709698473	15188
253044	-1.40494158752812	15189
128611	-1.40496668436714	15190
285692	-1.40569737901833	15191
3142	-1.4060392772456	15192
83706	-1.40605652710311	15193
84443	-1.40611778304156	15194
57103	-1.40629349644478	15195
101929528	-1.40643779303256	15196
201626	-1.4072052100384	15197
400360	-1.40782536281733	15198
101928276	-1.40839447681945	15199
9532	-1.40854665525146	15200
101928978	-1.40865027815771	15201
26184	-1.4088018375622	15202
160762	-1.40922021264874	15203
6815	-1.40996751142146	15204
66036	-1.41042623038521	15205
256051	-1.4109091634375	15206
101927837	-1.41148899735789	15207
60528	-1.41151062300245	15208
11275	-1.41172848365494	15209
5256	-1.41220929898191	15210
164395	-1.41230080096385	15211
51315	-1.4125458208041	15212
2954	-1.41281855712076	15213
8633	-1.41311355863947	15214
7541	-1.41330978539797	15215
9244	-1.41390550762463	15216
84530	-1.41407832896167	15217
5985	-1.41410119381995	15218
9474	-1.41442543891812	15219
64084	-1.41453009690304	15220
79577	-1.41458580226465	15221
101927495	-1.41482046044988	15222
84312	-1.41522459628539	15223
23431	-1.41537328381845	15224
5680	-1.41585508429942	15225
170302	-1.41680157345349	15226
57212	-1.41686682320833	15227
2736	-1.41701891057618	15228
57380	-1.41707835534365	15229
9726	-1.41743619597417	15230
2700	-1.41748111388602	15231
54212	-1.4176165172766	15232
81137	-1.41765475214152	15233
28987	-1.41766638608479	15234
256979	-1.4178554134182	15235
57144	-1.41842984431486	15236
254312	-1.41847649503942	15237
2959	-1.41864360750933	15238
9758	-1.41892698449136	15239
51024	-1.42033378058016	15240
7798	-1.4207751460212	15241
56931	-1.42210932554029	15242
23164	-1.42250662985158	15243
101928516	-1.42288381814843	15244
2040	-1.42310033615806	15245
101928553	-1.42462340505932	15246
8332	-1.42477545178173	15247
690	-1.42484144285293	15248
10075	-1.42506066491824	15249
124538	-1.42524217468616	15250
101927176	-1.42568531981512	15251
123591	-1.42622217571193	15252
83854	-1.42639018618852	15253
101927770	-1.42673500929295	15254
8854	-1.42723506372922	15255
122553	-1.42776682618241	15256
706	-1.42825907599696	15257
23770	-1.4283036139976	15258
91607	-1.42843875740078	15259
323	-1.42871444871599	15260
8309	-1.42892917696764	15261
647070	-1.42958421763421	15262
117854	-1.42961870286388	15263
8785	-1.42972885268036	15264
100874167	-1.42981139748529	15265
6256	-1.43041147096661	15266
140691	-1.43058761966971	15267
101060553	-1.43154684691843	15268
63877	-1.43231033708749	15269
285084	-1.43235067160762	15270
55006	-1.43305715783981	15271
2346	-1.43323008287749	15272
54942	-1.43349781573255	15273
115795	-1.43367348268355	15274
55647	-1.43372713810771	15275
9913	-1.43381501799239	15276
23127	-1.43386446413057	15277
29091	-1.43405110224421	15278
57338	-1.43428248246132	15279
55677	-1.43507541743497	15280
399967	-1.43514803102182	15281
6502	-1.43573487687859	15282
9819	-1.43613983456606	15283
54718	-1.43627537980714	15284
102723409	-1.43642012526979	15285
4649	-1.43662424286311	15286
23148	-1.43689979220229	15287
6975	-1.4377978774212	15288
83734	-1.43801850338937	15289
3364	-1.43822118066373	15290
26511	-1.43824738347649	15291
105369779	-1.43849843185604	15292
79020	-1.43869571522819	15293
100130933	-1.43937040877303	15294
4547	-1.43958399325444	15295
9242	-1.43981721182013	15296
25943	-1.44007177297949	15297
4916	-1.44074144530399	15298
2826	-1.4410179805822	15299
7336	-1.44136688380408	15300
101926906	-1.44145279283476	15301
105372991	-1.44216766282188	15302
54587	-1.44275423037884	15303
57348	-1.4428548837216	15304
6925	-1.4429487736615	15305
7305	-1.44300364463463	15306
400941	-1.44336068828889	15307
84886	-1.44421315059676	15308
200172	-1.44422910155695	15309
149998	-1.44429437609537	15310
120114	-1.44436676043349	15311
126859	-1.44470839411411	15312
51172	-1.44473450701928	15313
5798	-1.44553244534886	15314
6907	-1.44592441387351	15315
50508	-1.44633526562322	15316
91689	-1.44693895544008	15317
283742	-1.44707267192521	15318
105378739	-1.44828519539039	15319
7089	-1.4484121602503	15320
283197	-1.44926792979943	15321
4593	-1.44957870886036	15322
5178	-1.45003070310064	15323
79582	-1.45024392840877	15324
1080	-1.45029536000552	15325
341405	-1.45121621692063	15326
3146	-1.45132944677521	15327
118788	-1.45187827579561	15328
114783	-1.45325188354156	15329
55280	-1.45344550256482	15330
3199	-1.45450867457828	15331
105375771	-1.45590552574364	15332
873	-1.45650253721231	15333
118460	-1.45682162436678	15334
80829	-1.45691100734696	15335
10236	-1.45826285529573	15336
55914	-1.4604154062898	15337
4607	-1.46082451904147	15338
3750	-1.46121446000727	15339
4129	-1.4628199508123	15340
1756	-1.46313638806791	15341
6450	-1.46356315582707	15342
63827	-1.46380695417729	15343
417	-1.46423996993018	15344
101243545	-1.46438538402458	15345
22858	-1.46450526486468	15346
105369860	-1.46645739879757	15347
29081	-1.46769511200317	15348
5287	-1.46829755536848	15349
79629	-1.46835683749514	15350
126326	-1.46907557348729	15351
4781	-1.46917037638174	15352
6517	-1.46960480770241	15353
100288730	-1.47046398079903	15354
27328	-1.47062395055888	15355
105370737	-1.47090032460511	15356
26341	-1.47155938380964	15357
101928833	-1.47246836322442	15358
2135	-1.47253464544331	15359
101929340	-1.47256334988848	15360
22869	-1.47396100685707	15361
3983	-1.47445338066885	15362
101060019	-1.47457242009088	15363
10917	-1.47536147815592	15364
101927150	-1.47539774381326	15365
10991	-1.4755009322422	15366
9141	-1.47586817826584	15367
1347	-1.47642140959679	15368
10950	-1.47671102886775	15369
23261	-1.4771280537517	15370
117157	-1.47732633565128	15371
79024	-1.47823796808117	15372
119385	-1.47829889362393	15373
105378231	-1.47919072541637	15374
2658	-1.47962582440983	15375
152579	-1.48180314774599	15376
79723	-1.48258515768878	15377
79147	-1.4827630782302	15378
57404	-1.48295374287325	15379
26235	-1.48310567122607	15380
27283	-1.48341472641217	15381
58985	-1.483471323324	15382
79602	-1.48419552405608	15383
102060282	-1.48450228785589	15384
2901	-1.48487226883663	15385
2114	-1.48547231600799	15386
401312	-1.48555534431235	15387
284312	-1.48566261387369	15388
112744	-1.48651950498072	15389
8778	-1.48652766524554	15390
90134	-1.48677507716137	15391
105376081	-1.48731387991732	15392
51308	-1.4874183502554	15393
2561	-1.48779092830065	15394
441263	-1.48961129234972	15395
286464	-1.48979769945325	15396
7456	-1.4898759486126	15397
84124	-1.48993542033044	15398
9927	-1.49057777249272	15399
9717	-1.49064073518828	15400
100630923	-1.4909958338259	15401
101930370	-1.49199130408081	15402
338707	-1.49236741966177	15403
94059	-1.49308446277196	15404
100133308	-1.49353159093089	15405
105375582	-1.49358441625762	15406
100144597	-1.49508468026108	15407
138241	-1.49519195501389	15408
10806	-1.49542408926474	15409
113622	-1.4958329503137	15410
4046	-1.49687277045113	15411
84789	-1.49691752547512	15412
6276	-1.49719730386115	15413
815	-1.49742577602774	15414
158160	-1.49816754217996	15415
6138	-1.49856684314666	15416
284406	-1.49868561980729	15417
115749	-1.49891108180519	15418
140825	-1.49894160903043	15419
1647	-1.49921444590708	15420
728637	-1.4992523308963	15421
105371184	-1.49996812266701	15422
158399	-1.50003618936012	15423
101928850	-1.50007843295471	15424
92922	-1.50022685009704	15425
8897	-1.50026316145548	15426
4233	-1.50099400777317	15427
388566	-1.50188319632751	15428
1306	-1.50192392397413	15429
100127950	-1.50196214265395	15430
51196	-1.50249504716172	15431
8428	-1.50262073120539	15432
27063	-1.50266287911501	15433
105370697	-1.50280158984044	15434
23078	-1.50334169763245	15435
122970	-1.50336347038843	15436
205428	-1.50352205552315	15437
10302	-1.50362942505609	15438
652	-1.50369523875594	15439
22841	-1.50464192615897	15440
60485	-1.50524175113712	15441
2569	-1.50534300731263	15442
3641	-1.50556598239291	15443
5537	-1.50567686076996	15444
541472	-1.50624471245623	15445
6458	-1.50637676311577	15446
400120	-1.50653254269555	15447
51807	-1.50665998801588	15448
126755	-1.50780889414621	15449
643677	-1.50797097158697	15450
3050	-1.5084475797003	15451
79567	-1.50850656748449	15452
54932	-1.50884974001469	15453
100506898	-1.50956913701918	15454
148709	-1.50967642806253	15455
6167	-1.51022103240809	15456
81698	-1.5102784988958	15457
2634	-1.51028736954285	15458
9943	-1.51097447225302	15459
2669	-1.51097604873937	15460
84152	-1.51121819129353	15461
4684	-1.51167174344885	15462
83852	-1.51169602937174	15463
94015	-1.51178384244335	15464
942	-1.51187438665204	15465
1339	-1.51215930425314	15466
59353	-1.51285980531851	15467
8549	-1.51326114722699	15468
4513	-1.51335274371278	15469
116519	-1.5134187592586	15470
4215	-1.51400047476552	15471
100505635	-1.51423680401629	15472
100507443	-1.51495331192044	15473
10880	-1.51522819732274	15474
10982	-1.51551875542865	15475
10876	-1.51559498079501	15476
211	-1.51619762400476	15477
27183	-1.51627668857309	15478
283731	-1.51720126949317	15479
100507533	-1.51733277335267	15480
8548	-1.51922710857188	15481
5271	-1.51950630919106	15482
6755	-1.51976717919733	15483
3175	-1.51981170903691	15484
54933	-1.51988271431744	15485
102723904	-1.52001837871219	15486
116441	-1.52008485246489	15487
245937	-1.52018610092855	15488
403341	-1.52076475659191	15489
57645	-1.52134981061554	15490
79165	-1.52149321275523	15491
643827	-1.52181769845855	15492
150538	-1.52247126741016	15493
285735	-1.52292300362606	15494
373861	-1.52303620213071	15495
644714	-1.52398227847965	15496
23504	-1.52438799713546	15497
83605	-1.52453974106457	15498
3554	-1.52473375020397	15499
125488	-1.525806882756	15500
26153	-1.52656164499728	15501
89796	-1.52685026731255	15502
253512	-1.52692948277829	15503
285780	-1.52711182219819	15504
131474	-1.5273817015856	15505
26045	-1.52780432189455	15506
57038	-1.52805190477496	15507
84817	-1.528866201493	15508
219557	-1.53001391573026	15509
57091	-1.5302621315737	15510
2116	-1.53081182724539	15511
409	-1.53081274367438	15512
101927900	-1.5316149090735	15513
2329	-1.53170922028174	15514
163087	-1.53174933643849	15515
137362	-1.53184195224766	15516
29974	-1.53283573802789	15517
100505711	-1.53298650212226	15518
9771	-1.53331729173863	15519
3628	-1.53350392134054	15520
8439	-1.53370161284285	15521
3939	-1.53380006623496	15522
9364	-1.53414790012828	15523
20	-1.53519326450011	15524
342371	-1.53539052826439	15525
671	-1.53548037934065	15526
105377486	-1.53621083441709	15527
8835	-1.53752642169227	15528
6487	-1.53773705750845	15529
220004	-1.53824070621563	15530
283143	-1.53826555516547	15531
1136	-1.53904178409058	15532
100289098	-1.54015474893398	15533
196374	-1.54074519000161	15534
140462	-1.54205971876714	15535
100127938	-1.54225419164059	15536
10367	-1.54238814942219	15537
3495	-1.54255715430536	15538
4792	-1.54267914025612	15539
79470	-1.54364893506271	15540
101928433	-1.54370264589005	15541
84666	-1.54397238700999	15542
57037	-1.54421891231332	15543
3577	-1.54459518422609	15544
100312850	-1.54483025812725	15545
56158	-1.54502602715929	15546
713	-1.54504380407187	15547
4773	-1.54544527380867	15548
146712	-1.54776044868448	15549
100861541	-1.54788190185897	15550
120400	-1.54806961908547	15551
162461	-1.54820741311653	15552
101929378	-1.54830160073907	15553
100506325	-1.54891497277535	15554
345462	-1.54908377995448	15555
51622	-1.54908428025306	15556
4289	-1.54911457032098	15557
101928196	-1.54950463525459	15558
273	-1.54955610850473	15559
5612	-1.54957204949471	15560
23478	-1.55005377684162	15561
388722	-1.55083477329941	15562
27101	-1.55178676462242	15563
101929243	-1.55269700071815	15564
23241	-1.55391311830284	15565
64002	-1.55414124273432	15566
2053	-1.55418707567453	15567
5949	-1.55485653204519	15568
388962	-1.55493122878531	15569
148266	-1.55493195888775	15570
23092	-1.55539439666454	15571
1359	-1.55569703993608	15572
317705	-1.55687194760942	15573
80726	-1.55708846717158	15574
101928989	-1.55732683669511	15575
54461	-1.55746360451812	15576
51161	-1.55767333012749	15577
846	-1.5581261597651	15578
2257	-1.55814237890066	15579
100421171	-1.55817987430526	15580
148223	-1.55837875510924	15581
4775	-1.55865227598409	15582
646074	-1.55883027813228	15583
11019	-1.55904086429585	15584
284933	-1.55904278387479	15585
80316	-1.55921830657037	15586
4437	-1.55969027141831	15587
223075	-1.5602405924009	15588
101927701	-1.56078348374715	15589
441108	-1.56128959125369	15590
59343	-1.56187901677392	15591
55860	-1.56201369576265	15592
6886	-1.56211225292038	15593
100507206	-1.56224152374606	15594
1497	-1.56272279926667	15595
414332	-1.56291660724555	15596
9389	-1.5634126413306	15597
25937	-1.56352387006242	15598
347088	-1.56365840344015	15599
245802	-1.5637817844133	15600
11279	-1.56429114462415	15601
2492	-1.56587286527244	15602
26135	-1.56623222154721	15603
402160	-1.56627402932857	15604
1060	-1.56760752769943	15605
100130249	-1.56789780264351	15606
51277	-1.56808474643012	15607
100505876	-1.56867723861524	15608
79088	-1.56878517776013	15609
6446	-1.56892987552599	15610
151011	-1.56907407059748	15611
9349	-1.56943832174568	15612
5754	-1.56984855996564	15613
375612	-1.57030433789099	15614
101929241	-1.57164090817686	15615
51808	-1.57253486326351	15616
1429	-1.57271968592174	15617
4320	-1.5729124117164	15618
727	-1.57301341417787	15619
730227	-1.57366934557177	15620
57731	-1.57389774051253	15621
53822	-1.57408451006626	15622
285326	-1.57427044742352	15623
100506071	-1.57476749631346	15624
57798	-1.57492636660306	15625
132884	-1.57564485245152	15626
340037	-1.57582644387855	15627
101928559	-1.57631900923823	15628
105378419	-1.57733479481238	15629
5876	-1.57778713664201	15630
8547	-1.57799113263209	15631
3295	-1.57818716206664	15632
51606	-1.57819872371911	15633
5146	-1.5787281831844	15634
10081	-1.57889771642363	15635
64581	-1.57894848736362	15636
283687	-1.57967416088997	15637
645	-1.5798486224696	15638
22938	-1.58121620477068	15639
284100	-1.58156596945429	15640
101927715	-1.58173315324078	15641
29114	-1.58191532216718	15642
101929002	-1.58195936872408	15643
286135	-1.58228849149187	15644
7414	-1.5826114632381	15645
115560	-1.58265878718898	15646
23769	-1.58269333207119	15647
51156	-1.58291839168044	15648
101928837	-1.58293276671742	15649
790952	-1.58299893336705	15650
711	-1.58310690051863	15651
154214	-1.58347264210273	15652
116541	-1.58467169386628	15653
129852	-1.58481954977013	15654
84767	-1.58535149826729	15655
101928886	-1.58552186041868	15656
58524	-1.58603354267163	15657
1179	-1.5862808463725	15658
57661	-1.58733582305297	15659
9563	-1.58740504858416	15660
11101	-1.58752562161722	15661
4714	-1.5878230045792	15662
147948	-1.58828937984396	15663
257240	-1.59197583089251	15664
101928417	-1.59208373304061	15665
27319	-1.59263029313019	15666
56981	-1.59292414478139	15667
26301	-1.59367437987043	15668
23321	-1.59388566097772	15669
2054	-1.59399898494543	15670
5707	-1.59405127919891	15671
1555	-1.59431183457756	15672
100874195	-1.59576635874395	15673
7091	-1.59613900328952	15674
23239	-1.59677292130044	15675
338963	-1.59679699333939	15676
80031	-1.5978783121797	15677
25900	-1.59801023190179	15678
11075	-1.5982887321793	15679
105376037	-1.59857856958973	15680
100113403	-1.59889366121608	15681
284578	-1.59902263458914	15682
101927248	-1.59904426070853	15683
148581	-1.59931384898263	15684
79836	-1.59948970419622	15685
30062	-1.59990406756927	15686
133874	-1.60080119793465	15687
105371807	-1.60312488246484	15688
101928307	-1.60321180868313	15689
54660	-1.60338598480288	15690
25939	-1.60370717468995	15691
728434	-1.60400580007425	15692
23731	-1.60454598628792	15693
10003	-1.60460251212351	15694
55646	-1.60590600063293	15695
93035	-1.60627475112104	15696
221833	-1.60636122185758	15697
79140	-1.60655417778465	15698
8844	-1.60674769577644	15699
84871	-1.6068535868529	15700
119032	-1.60696924576287	15701
3559	-1.60770805157494	15702
57565	-1.60863502333884	15703
715	-1.60901103282738	15704
6953	-1.6091368590823	15705
728084	-1.61070075670351	15706
51533	-1.61185886031829	15707
148756	-1.61201962674014	15708
50640	-1.61215056154314	15709
667	-1.61295243277018	15710
730102	-1.6133180179171	15711
137492	-1.61376069034385	15712
23626	-1.61398103495843	15713
1075	-1.61458711695794	15714
5860	-1.614618193441	15715
7942	-1.61464201890931	15716
3690	-1.61573768175595	15717
8476	-1.61628478807784	15718
4017	-1.61646914513236	15719
9832	-1.61789060082076	15720
3549	-1.61804902946838	15721
139189	-1.61895228863065	15722
79444	-1.61913899225016	15723
161835	-1.61918446172449	15724
282966	-1.6193002662334	15725
101927081	-1.61997672571715	15726
80013	-1.62005513642949	15727
63931	-1.62097662211768	15728
4259	-1.62105852723492	15729
56900	-1.62106842106171	15730
128486	-1.62160748533961	15731
57579	-1.62182034797623	15732
4067	-1.62198882729632	15733
54997	-1.6223691754083	15734
81847	-1.622875149163	15735
102724323	-1.62395574922062	15736
100289495	-1.62395585867166	15737
100506272	-1.62432409518274	15738
79863	-1.62436867717557	15739
60496	-1.62452342889009	15740
968	-1.62468381262809	15741
84064	-1.62469306557599	15742
51309	-1.62474979446179	15743
3248	-1.62560382412852	15744
441459	-1.62611376480086	15745
136853	-1.62643182432164	15746
23349	-1.62713274145143	15747
791114	-1.62739263704457	15748
254170	-1.62750587645322	15749
4287	-1.62751402030958	15750
51384	-1.628440326373	15751
100874114	-1.6288953203669	15752
25821	-1.62943878381431	15753
57835	-1.62951800584979	15754
286967	-1.63044527783284	15755
404220	-1.63078995627232	15756
100505483	-1.63156369660846	15757
10579	-1.63166771225556	15758
105370474	-1.63201726229703	15759
83667	-1.63214074784628	15760
51522	-1.6322580986724	15761
7275	-1.63274467032504	15762
283948	-1.63318782804107	15763
136647	-1.63323550609277	15764
102724714	-1.63467249321855	15765
23250	-1.63473547627512	15766
969	-1.63654350756445	15767
5204	-1.63660424448115	15768
143689	-1.6377648768925	15769
1586	-1.63865060985522	15770
3084	-1.63876258947846	15771
5257	-1.63891709046861	15772
6252	-1.63938678891505	15773
54516	-1.64002595730303	15774
3008	-1.6403954784324	15775
394	-1.64052994119771	15776
55151	-1.64058118264729	15777
55179	-1.64092891147636	15778
283316	-1.64112838955929	15779
84366	-1.64118844458663	15780
246213	-1.64134361278665	15781
6344	-1.64157410244438	15782
9325	-1.64166346456348	15783
55197	-1.64178127778323	15784
2615	-1.64232979671745	15785
153443	-1.64251721832828	15786
116173	-1.64266800865703	15787
1527	-1.64287893199682	15788
389376	-1.64312544555475	15789
10233	-1.64336504449623	15790
56139	-1.64361306165067	15791
30	-1.6437686309024	15792
79605	-1.64419760219739	15793
285500	-1.64439979925279	15794
4308	-1.64505768138777	15795
9654	-1.6450789781169	15796
134510	-1.64531661149066	15797
81851	-1.64536570104024	15798
4694	-1.64601136277471	15799
101927059	-1.64613526226139	15800
8892	-1.64637622375157	15801
22878	-1.64771890575787	15802
100506790	-1.64890504045947	15803
388272	-1.64903853923155	15804
25983	-1.64933317161147	15805
1800	-1.64985385813303	15806
5937	-1.65128317953151	15807
51098	-1.65142388247478	15808
4884	-1.6520625712816	15809
7980	-1.65308089356581	15810
5224	-1.65348542730214	15811
23221	-1.65381311899397	15812
54768	-1.65471180684066	15813
8883	-1.65499640744821	15814
2565	-1.65574353069451	15815
30968	-1.65580793450326	15816
256076	-1.65657182078074	15817
28996	-1.65684875383079	15818
136895	-1.65692592461071	15819
105370333	-1.65698000762629	15820
176	-1.65712038401884	15821
26521	-1.65812784658586	15822
2596	-1.65834471390072	15823
8672	-1.65855219246128	15824
56098	-1.65876621729414	15825
101927769	-1.65910778584084	15826
6655	-1.65938942895043	15827
729956	-1.6597493408288	15828
144423	-1.66012270372206	15829
222389	-1.66020406450591	15830
81033	-1.66022858685838	15831
60526	-1.66035389789836	15832
399876	-1.66096169379425	15833
11280	-1.66114046222042	15834
55071	-1.66119723712213	15835
101928602	-1.66170753303688	15836
1203	-1.66213136045871	15837
101928773	-1.66239965851451	15838
151195	-1.6629289934685	15839
54797	-1.66297375973343	15840
9464	-1.66314564463208	15841
84517	-1.66316673315814	15842
348110	-1.66321832124949	15843
340719	-1.66543562327314	15844
9589	-1.66630026964	15845
101930164	-1.66632378722636	15846
8482	-1.66717975638575	15847
100287290	-1.66738274106257	15848
643977	-1.66761024282067	15849
959	-1.66806376997131	15850
101927096	-1.66807756694159	15851
105374423	-1.6686326523423	15852
163259	-1.66869815400941	15853
60682	-1.66931790774233	15854
10877	-1.66939168191115	15855
147949	-1.6695649881554	15856
4843	-1.67045442474287	15857
8800	-1.67074126724007	15858
23091	-1.67075579161083	15859
147646	-1.67096346586323	15860
3930	-1.671020064719	15861
9435	-1.67157749631331	15862
101929145	-1.6716418519937	15863
54741	-1.67214154291883	15864
102723742	-1.67284663313024	15865
4054	-1.67348205705772	15866
5764	-1.67397840874989	15867
23071	-1.67446864601395	15868
101927657	-1.67465773910097	15869
4200	-1.67522576447165	15870
7181	-1.67534434372716	15871
100130964	-1.67570483067755	15872
114131	-1.67598442865171	15873
339263	-1.67599010194799	15874
3645	-1.67663948831215	15875
2911	-1.67838870177985	15876
51258	-1.6784675908165	15877
101929592	-1.67924538833503	15878
4336	-1.68094359934514	15879
118426	-1.68098082449502	15880
2251	-1.68102904943572	15881
8566	-1.68239944188044	15882
7139	-1.68261307318409	15883
102724434	-1.68291899812385	15884
6201	-1.68381525320915	15885
27249	-1.68418154353828	15886
2776	-1.68468109852685	15887
55652	-1.6853569441728	15888
3443	-1.68565587261467	15889
6992	-1.68568682526695	15890
53947	-1.6861486731986	15891
4245	-1.68659477883172	15892
100289373	-1.68685660694499	15893
220382	-1.68807371803586	15894
11152	-1.68823108395545	15895
58158	-1.68856758952652	15896
998	-1.68884481947909	15897
163933	-1.68927208715145	15898
80219	-1.68932525310715	15899
1297	-1.68936564576187	15900
100129461	-1.6895257053448	15901
5322	-1.69062398252559	15902
7803	-1.69075308795375	15903
26278	-1.69145055133134	15904
26211	-1.69172232428484	15905
9968	-1.69180369097245	15906
5830	-1.69183856403864	15907
387263	-1.69216194269577	15908
5695	-1.69243528958834	15909
105369213	-1.69355459562363	15910
81537	-1.69362627340039	15911
7262	-1.69369426303145	15912
8993	-1.69448329067319	15913
162517	-1.69450518869983	15914
85293	-1.69468786684895	15915
9755	-1.69504293591649	15916
29101	-1.69515891091612	15917
30818	-1.69519334449596	15918
2627	-1.69522844969623	15919
26249	-1.69523654789062	15920
7411	-1.69578593229085	15921
80025	-1.69581321397485	15922
102546226	-1.695932563152	15923
8516	-1.69617050430316	15924
101927813	-1.69618462884459	15925
57047	-1.69666902815208	15926
23392	-1.69683841128349	15927
657	-1.69725593472585	15928
84240	-1.69727526043599	15929
122830	-1.69763448794957	15930
143241	-1.69794229751857	15931
6775	-1.6980509250998	15932
285834	-1.69814414541221	15933
79752	-1.69853941744052	15934
83452	-1.69876193564114	15935
50856	-1.6988924560183	15936
11252	-1.69917939256508	15937
26074	-1.69924397666901	15938
5833	-1.69963019053957	15939
11345	-1.69986122145824	15940
10449	-1.70001862565953	15941
90580	-1.70026741656599	15942
83940	-1.70042977706551	15943
140597	-1.70102897159807	15944
10742	-1.70104328970063	15945
105375527	-1.70142678142599	15946
11202	-1.70220510705341	15947
79917	-1.70232210007096	15948
7341	-1.70232357184406	15949
112268068	-1.70319578120419	15950
54826	-1.70410302863626	15951
101927043	-1.70510258633451	15952
64326	-1.70565533943011	15953
5163	-1.70571376150397	15954
27309	-1.70615244478838	15955
140801	-1.70678141087189	15956
51778	-1.70795613718033	15957
55850	-1.70827024293262	15958
105378470	-1.70854163134833	15959
3420	-1.70861467324569	15960
5757	-1.70869801075433	15961
105378997	-1.70904469386834	15962
132203	-1.70938670598847	15963
25950	-1.70960470645623	15964
55884	-1.70961604992855	15965
64781	-1.71014611102603	15966
11148	-1.71039600470597	15967
5092	-1.71137689133215	15968
2023	-1.71169197004338	15969
306	-1.71170467123517	15970
493861	-1.71242551369112	15971
4586	-1.71518205327393	15972
284612	-1.71526028918175	15973
120863	-1.71613331553405	15974
150572	-1.71698460781423	15975
112268198	-1.7172535175183	15976
253962	-1.71793235290228	15977
63923	-1.71875887472623	15978
646383	-1.72053717973569	15979
29923	-1.72169488210813	15980
5784	-1.72186289044116	15981
100885848	-1.72234005705339	15982
9103	-1.7223595616662	15983
11016	-1.72356890447903	15984
102724100	-1.72446792059265	15985
2712	-1.72450652490272	15986
3467	-1.72454672574592	15987
79668	-1.72469200014249	15988
51647	-1.7247564518067	15989
147650	-1.72547695198312	15990
54930	-1.72642801492618	15991
100133319	-1.72718685955224	15992
2056	-1.72775513479815	15993
5523	-1.72784338576602	15994
56889	-1.72846791850704	15995
8668	-1.72871885655477	15996
151658	-1.72970810242526	15997
6845	-1.72974946197056	15998
79656	-1.72977008706091	15999
7295	-1.73014357988849	16000
6369	-1.73024174871198	16001
83889	-1.73024223693576	16002
400568	-1.73030252105997	16003
55361	-1.73109037608322	16004
22920	-1.73128374889839	16005
6351	-1.73156054885331	16006
54578	-1.73213354617807	16007
4205	-1.73289539223115	16008
23410	-1.73307947737947	16009
80184	-1.73320126372102	16010
1739	-1.73373216906342	16011
59283	-1.73410453392037	16012
100996286	-1.7342528441605	16013
220213	-1.73565869274291	16014
27342	-1.73598524656029	16015
55576	-1.73620626790963	16016
9626	-1.73644319136708	16017
1417	-1.73667970981403	16018
25849	-1.73698305685417	16019
105372695	-1.73748000478131	16020
3809	-1.73806007264234	16021
285440	-1.73822116643107	16022
85450	-1.73824220555547	16023
23035	-1.73896454505186	16024
6189	-1.73908111512941	16025
261729	-1.73913435966861	16026
101928298	-1.7394902383571	16027
9720	-1.74002922659869	16028
1967	-1.74013380113407	16029
100506115	-1.74017285042101	16030
3217	-1.74058295761481	16031
60677	-1.74141012839939	16032
648987	-1.74181186067605	16033
4987	-1.74253328666986	16034
197	-1.7428177063262	16035
51271	-1.74309594092788	16036
84864	-1.74325358430833	16037
83863	-1.74325829749399	16038
7087	-1.74347967395586	16039
3735	-1.74385180468423	16040
29968	-1.74417066783789	16041
7287	-1.74429892903084	16042
11248	-1.74494598462117	16043
407	-1.74514966489412	16044
183	-1.74549763537051	16045
10060	-1.74673407430109	16046
26102	-1.74689631045777	16047
641638	-1.74702512455449	16048
133522	-1.7472502243468	16049
101929073	-1.74734090290302	16050
100170765	-1.74744922856435	16051
101929153	-1.74773167782967	16052
100130417	-1.74810906127201	16053
10497	-1.74840780324206	16054
100874243	-1.74868285243688	16055
84636	-1.74872162189866	16056
3691	-1.75004465908732	16057
54508	-1.75046442144979	16058
1584	-1.75123425008169	16059
752014	-1.75146613347227	16060
51186	-1.75170185010072	16061
57000	-1.75186992537016	16062
56961	-1.75315017308835	16063
51663	-1.75481324431942	16064
7732	-1.75500769285227	16065
140733	-1.75505037374745	16066
8050	-1.7554720124628	16067
130814	-1.75578809325016	16068
105372793	-1.75586492423663	16069
28670	-1.75642503334151	16070
283214	-1.756425925132	16071
160777	-1.75710059225594	16072
134829	-1.75867206065076	16073
64405	-1.75874770504564	16074
101927494	-1.75880971702931	16075
645261	-1.75928057812085	16076
29966	-1.75949969785598	16077
79843	-1.76025212387695	16078
5580	-1.76039898059879	16079
5727	-1.7604067368291	16080
79178	-1.76067755360332	16081
2326	-1.76126224369627	16082
5098	-1.76162593265649	16083
4774	-1.76205675480083	16084
9085	-1.76206135677904	16085
8425	-1.76231040582916	16086
2207	-1.76441306237829	16087
100507388	-1.76456480905058	16088
80199	-1.76464969236753	16089
685	-1.76471200915024	16090
6324	-1.76515452999862	16091
100506113	-1.76520792379526	16092
84322	-1.76559927364724	16093
375607	-1.76623656870989	16094
2745	-1.76629703971527	16095
23031	-1.76657513569053	16096
23543	-1.76692179010181	16097
246778	-1.76731062709067	16098
57477	-1.76738982216863	16099
221981	-1.76775647154454	16100
643749	-1.76784701634785	16101
192666	-1.76817787024752	16102
65125	-1.7688839769516	16103
388585	-1.76889836846138	16104
101928132	-1.76899986785408	16105
4161	-1.76929345925551	16106
105374042	-1.76963588136208	16107
134	-1.77026030564634	16108
349565	-1.77044357874231	16109
119395	-1.7705847117737	16110
1208	-1.77117092510306	16111
200132	-1.77211164642951	16112
64943	-1.77267695298959	16113
6403	-1.77273508121516	16114
140612	-1.77356217669479	16115
55079	-1.77362588310627	16116
285401	-1.77383940019766	16117
55763	-1.77385582234391	16118
10382	-1.77393664671694	16119
84274	-1.77397545308442	16120
101928617	-1.77406792256266	16121
79647	-1.77420764860204	16122
64409	-1.7754843793251	16123
79576	-1.77574710593516	16124
64240	-1.77638298260896	16125
4722	-1.7764131022124	16126
65110	-1.77642724640586	16127
101927752	-1.77689378991991	16128
26578	-1.77693976855723	16129
23635	-1.77795280365391	16130
54498	-1.77825783864079	16131
285852	-1.77877517216846	16132
3361	-1.77908102402733	16133
2527	-1.78026424787693	16134
201477	-1.78035789339755	16135
4507	-1.78073000987702	16136
80896	-1.78118280030843	16137
57620	-1.78122525728579	16138
105370078	-1.78218423212647	16139
9709	-1.78267589168781	16140
50649	-1.78281330305733	16141
54556	-1.78296570368146	16142
1996	-1.78406726961814	16143
286554	-1.78448043346046	16144
197320	-1.78530649058536	16145
1138	-1.78543985518016	16146
6694	-1.78619486567691	16147
100128325	-1.78676744324644	16148
64689	-1.78714280192396	16149
105373334	-1.78744669672787	16150
9890	-1.78770220567774	16151
171558	-1.7878781164829	16152
84669	-1.78788874761723	16153
9376	-1.78818361065769	16154
6566	-1.7885549317506	16155
27258	-1.7888534825156	16156
255061	-1.78926101983181	16157
101929151	-1.78949171530162	16158
285154	-1.78978817868248	16159
101926948	-1.79132550541791	16160
7432	-1.79184805187356	16161
728361	-1.79206348576806	16162
83598	-1.79245776340615	16163
8718	-1.79348445566373	16164
284013	-1.79373401529683	16165
51608	-1.79435535146224	16166
10933	-1.79507723645538	16167
56311	-1.79512430994708	16168
55975	-1.79572759064136	16169
84868	-1.79629169147491	16170
23598	-1.79740205199866	16171
10201	-1.79821921440739	16172
141	-1.7983674724391	16173
101927417	-1.79915957954486	16174
283897	-1.79952276421744	16175
9312	-1.79982733459526	16176
100130992	-1.7999807872337	16177
9087	-1.80005590399141	16178
100506365	-1.80038158587954	16179
7348	-1.80062711483974	16180
9958	-1.80184240483013	16181
2302	-1.80215300834706	16182
3203	-1.80262058319372	16183
100996342	-1.80331785860584	16184
5265	-1.80353733477145	16185
9271	-1.80385245595228	16186
442421	-1.80468699772228	16187
54221	-1.80490522531243	16188
3082	-1.80502404825312	16189
27018	-1.80512149932764	16190
4995	-1.80598239677233	16191
9975	-1.80600277758339	16192
64420	-1.80642345665568	16193
84639	-1.80670492114894	16194
4327	-1.80775718221399	16195
283177	-1.80873294084226	16196
131	-1.80874310550492	16197
101927735	-1.80889825070826	16198
2069	-1.80938216512674	16199
10495	-1.80947377071567	16200
3454	-1.80996858848552	16201
285943	-1.81008375166253	16202
83544	-1.81024783933436	16203
101928399	-1.81041556157057	16204
57129	-1.81049079799541	16205
113091	-1.81108955718376	16206
51125	-1.81128166503396	16207
4544	-1.811552295644	16208
64897	-1.81174316817467	16209
55751	-1.81187799992189	16210
147744	-1.81193275931069	16211
1621	-1.81222535545985	16212
1068	-1.81424732321342	16213
55843	-1.81437442272664	16214
3237	-1.81477289884182	16215
3077	-1.81501040406534	16216
60672	-1.8153770815787	16217
89797	-1.81549692687375	16218
26248	-1.81560438176192	16219
100132686	-1.81649485252886	16220
22795	-1.81716397613579	16221
5345	-1.81729191534942	16222
124872	-1.81752508784161	16223
2925	-1.81846684738568	16224
157753	-1.81897831144762	16225
84226	-1.81905157386711	16226
79901	-1.81926021783408	16227
100505812	-1.81995439552348	16228
100505518	-1.82105768292232	16229
148930	-1.82228524163689	16230
5162	-1.82250927845086	16231
90199	-1.82268648380504	16232
101927126	-1.8232138611032	16233
101928845	-1.8238146068817	16234
4048	-1.82502554650508	16235
83942	-1.82520880982506	16236
1565	-1.82568137279809	16237
158427	-1.82578405862707	16238
730098	-1.82672251368444	16239
1535	-1.8271830417613	16240
359	-1.82727178871746	16241
400745	-1.82783475920114	16242
4760	-1.82945890067215	16243
101929486	-1.83037317007301	16244
1292	-1.83103336685648	16245
101928760	-1.83196877605865	16246
102725022	-1.8324317793216	16247
255220	-1.83259214536754	16248
374355	-1.83260585244174	16249
4868	-1.83327713680946	16250
5334	-1.83353501706387	16251
1006	-1.83395982913959	16252
283692	-1.83555244081304	16253
2560	-1.83602438874434	16254
201243	-1.83668834379883	16255
29935	-1.83727765045938	16256
8816	-1.83761995834921	16257
100616104	-1.83762104852121	16258
3698	-1.8376574540289	16259
114112	-1.83807877568056	16260
64446	-1.83899784350704	16261
105376489	-1.83908110524977	16262
105374374	-1.83932300713348	16263
285740	-1.84092457967549	16264
25961	-1.84138337731253	16265
100132923	-1.8416158593104	16266
7133	-1.84210733026785	16267
744	-1.84230087657432	16268
127262	-1.84320517398211	16269
83639	-1.84358477687303	16270
8495	-1.8441984263881	16271
7360	-1.84454640357019	16272
100131691	-1.8448954929515	16273
146894	-1.84516170031207	16274
57184	-1.84561995596035	16275
646658	-1.8467108054301	16276
5621	-1.84693761278161	16277
8824	-1.84698062094517	16278
4837	-1.84896627566398	16279
57369	-1.84902878238926	16280
9014	-1.84918734636166	16281
282991	-1.84973857554168	16282
7710	-1.84976206862807	16283
79739	-1.85003633014881	16284
105377844	-1.85024801780314	16285
101928449	-1.85050772730961	16286
28516	-1.85072652370695	16287
101929084	-1.85137640531941	16288
55586	-1.85296230614894	16289
100996280	-1.85362685894137	16290
440699	-1.85419247769206	16291
768239	-1.85453452906633	16292
7754	-1.85491568118993	16293
63950	-1.85542854039675	16294
25828	-1.85547002119495	16295
126433	-1.85567538579834	16296
138151	-1.85588381248185	16297
6929	-1.85601155218611	16298
3613	-1.85647921963426	16299
91694	-1.85665589677523	16300
284359	-1.85681478310972	16301
23208	-1.85733614613163	16302
6346	-1.85735394169238	16303
3339	-1.85785029967663	16304
81854	-1.85795692698455	16305
283994	-1.85803844055323	16306
5516	-1.85872545897654	16307
101929208	-1.85886169936762	16308
57282	-1.85894517716826	16309
54545	-1.85991608373852	16310
253738	-1.85994125473853	16311
10640	-1.86114674002085	16312
93556	-1.86173246697345	16313
80737	-1.86402023695707	16314
105374775	-1.86423084402079	16315
101928001	-1.86448246527106	16316
79639	-1.86471624979923	16317
7276	-1.86489813988268	16318
101928388	-1.86502781577843	16319
219995	-1.86647065349773	16320
100506495	-1.8667976350649	16321
7044	-1.86832259203727	16322
6133	-1.86867845043703	16323
130026	-1.86933486595313	16324
257106	-1.86956747373349	16325
153163	-1.87019141364724	16326
8587	-1.87024187221313	16327
10595	-1.87084630373153	16328
54088	-1.87130337027063	16329
6866	-1.87133139680262	16330
55602	-1.87283836048011	16331
100507291	-1.87317394082667	16332
10541	-1.87337711382545	16333
6717	-1.87416601224336	16334
79625	-1.87489067819254	16335
25936	-1.87503042824068	16336
30817	-1.87581112474579	16337
286828	-1.87658965404062	16338
83451	-1.87675480857117	16339
100861523	-1.87790205874528	16340
56265	-1.87864431249361	16341
101055625	-1.87869970820727	16342
4702	-1.87902441593104	16343
91948	-1.8791235201352	16344
5063	-1.87915383146546	16345
7769	-1.87963246352255	16346
23345	-1.88015388140413	16347
90668	-1.88027847069004	16348
100131176	-1.88031166746595	16349
100874305	-1.88060145495717	16350
101928277	-1.88080268538187	16351
51198	-1.88214874463178	16352
55454	-1.88217089444647	16353
101928185	-1.8826268822851	16354
5535	-1.88280372678406	16355
55593	-1.88298031612969	16356
1671	-1.8831424306336	16357
60684	-1.88352439695552	16358
55308	-1.88390729111658	16359
51319	-1.88439672334935	16360
340526	-1.88463866924259	16361
60481	-1.88482013271861	16362
9933	-1.88515571387573	16363
136991	-1.88519323540353	16364
56925	-1.88538294567147	16365
29995	-1.88562257866748	16366
23591	-1.88595516012472	16367
83475	-1.8862520105019	16368
767579	-1.88671613029386	16369
729991	-1.8870655156251	16370
283537	-1.88746742466987	16371
10000	-1.88785530048782	16372
84432	-1.8885108848448	16373
337	-1.88940631281036	16374
125476	-1.88947544163138	16375
101929480	-1.88998077086316	16376
57705	-1.89025649369236	16377
117285	-1.89058947447517	16378
90637	-1.89062175458849	16379
105370629	-1.89119219893574	16380
171483	-1.89211172703325	16381
338004	-1.89230611018591	16382
221946	-1.8926710033422	16383
284207	-1.89328515528952	16384
5684	-1.89471821363635	16385
100507398	-1.89488716359114	16386
4779	-1.89507235952863	16387
55816	-1.89517217442318	16388
55211	-1.8953630852446	16389
10404	-1.89536558090609	16390
378828	-1.89608491421669	16391
5778	-1.89650121685869	16392
100507178	-1.89698509640087	16393
105374989	-1.89753648937825	16394
11027	-1.8989484427232	16395
56479	-1.89929809407498	16396
140680	-1.89951383472762	16397
5443	-1.90011671920605	16398
84456	-1.90143110024578	16399
2912	-1.90199462514619	16400
49860	-1.90206515984688	16401
53841	-1.90256358363929	16402
284071	-1.9030686998774	16403
84217	-1.90335960952693	16404
56942	-1.9050077790546	16405
11344	-1.9058160246233	16406
84667	-1.90603570510077	16407
2520	-1.9060568187177	16408
51390	-1.90665769191352	16409
51666	-1.90764829106152	16410
841	-1.90790290031902	16411
101928739	-1.90826452000705	16412
79725	-1.90835995929329	16413
3912	-1.90863065323082	16414
8447	-1.90882603663981	16415
284759	-1.90917196204474	16416
9798	-1.90933945727721	16417
105370431	-1.91009338183492	16418
28955	-1.91090527475459	16419
2642	-1.91096078684307	16420
2004	-1.91109680552551	16421
55216	-1.91135406197429	16422
6530	-1.91231294115097	16423
23314	-1.91232376964825	16424
23429	-1.91275112808573	16425
8936	-1.9143601733889	16426
100128239	-1.91447161243561	16427
55128	-1.91468693308099	16428
85479	-1.91472510056858	16429
11171	-1.91574397108745	16430
100287932	-1.91579887712009	16431
58538	-1.91585086678329	16432
57213	-1.91585243816276	16433
147172	-1.9159463349667	16434
104355292	-1.91661784336905	16435
105373554	-1.91679083931457	16436
107985280	-1.91693663200993	16437
4025	-1.91706210800315	16438
10428	-1.91782462834337	16439
5356	-1.9178550960798	16440
51351	-1.91825191841437	16441
718	-1.9183285140071	16442
5013	-1.91836645568327	16443
140862	-1.91845439129613	16444
6560	-1.91871466779834	16445
105374177	-1.91889385576231	16446
2631	-1.91908860923154	16447
10935	-1.92007307260497	16448
3492	-1.92018964372254	16449
394261	-1.92123884423172	16450
23355	-1.92222731611123	16451
23240	-1.92233660539391	16452
53346	-1.92428046091241	16453
79156	-1.92481243017464	16454
64981	-1.92482513605898	16455
4047	-1.92510818702395	16456
203427	-1.92554311917133	16457
8459	-1.92556476707976	16458
400657	-1.92695726108816	16459
1386	-1.92696729776656	16460
80205	-1.92700049078988	16461
65975	-1.92770372336903	16462
719	-1.92786137865161	16463
1240	-1.92825289395876	16464
10260	-1.92862462268505	16465
115201	-1.92962730372803	16466
102723665	-1.92993329784446	16467
55615	-1.93037105033174	16468
101928280	-1.93045859535508	16469
339366	-1.93076281112456	16470
3717	-1.93111738254962	16471
3222	-1.93245510883252	16472
83897	-1.93323406714649	16473
101927377	-1.93369805299879	16474
1791	-1.93378823270385	16475
728224	-1.93430336150145	16476
9990	-1.93622738188726	16477
54850	-1.93636992202192	16478
101927003	-1.93687864520906	16479
79931	-1.93700948170786	16480
400541	-1.93707931253781	16481
400958	-1.93724912680536	16482
503542	-1.93783188246191	16483
7023	-1.93911826066941	16484
105379448	-1.93958233596184	16485
5295	-1.94001367876057	16486
2243	-1.94012284085144	16487
8789	-1.94083382089931	16488
101929662	-1.94123308839368	16489
374875	-1.94154871523178	16490
64927	-1.94167784093686	16491
1974	-1.94177047991406	16492
10135	-1.94213263264969	16493
338069	-1.94251238554604	16494
23336	-1.94285211899919	16495
100508631	-1.94322470272175	16496
3670	-1.94342906912444	16497
10362	-1.94352786221354	16498
256281	-1.94395986676473	16499
3397	-1.94396627500246	16500
5199	-1.94397610561782	16501
80816	-1.94410455712737	16502
732253	-1.94419194496681	16503
4725	-1.94466725868492	16504
57447	-1.94495347883433	16505
27072	-1.94548714460616	16506
4801	-1.94549625709646	16507
8390	-1.94607774255929	16508
5744	-1.94618719804358	16509
89777	-1.94640283830747	16510
1211	-1.94706356092302	16511
162394	-1.94763553557909	16512
23398	-1.94794098545917	16513
3200	-1.94813466717209	16514
283518	-1.94843968115263	16515
105376606	-1.94882217546174	16516
84690	-1.94900619039862	16517
100506827	-1.95001857309148	16518
122042	-1.9504037713695	16519
100507066	-1.95104305300414	16520
101927465	-1.95120307954175	16521
2352	-1.95141781168749	16522
100507316	-1.95189350780944	16523
118738	-1.95198515714039	16524
55530	-1.95208849024324	16525
221823	-1.95213847332231	16526
28227	-1.95254818051981	16527
23741	-1.95284076053298	16528
9699	-1.95339042356076	16529
2799	-1.9534753201717	16530
130	-1.95365746432746	16531
4696	-1.95393227946237	16532
642968	-1.95494093498207	16533
284688	-1.95566813681661	16534
9519	-1.9557887138191	16535
10020	-1.95664890946318	16536
286437	-1.95810159756685	16537
492307	-1.95871951328839	16538
5530	-1.95878408338759	16539
79029	-1.95890543312772	16540
54981	-1.95926506191855	16541
133923	-1.95932704552459	16542
51286	-1.95953301000241	16543
56107	-1.95968114091591	16544
575	-1.96039733805872	16545
373156	-1.96065501772103	16546
3381	-1.96182496164202	16547
51371	-1.96239003255612	16548
401176	-1.96240598017826	16549
8745	-1.96309387294732	16550
9240	-1.96317712526403	16551
102724938	-1.96406253285329	16552
6832	-1.96427711001375	16553
3611	-1.96443845521971	16554
102724316	-1.96544955105144	16555
127124	-1.96663694024152	16556
11317	-1.96745178840869	16557
374354	-1.96748026216982	16558
387066	-1.96753075660618	16559
2242	-1.96770758235463	16560
51567	-1.96887753437583	16561
28671	-1.96919733090843	16562
401	-1.96980601327316	16563
731656	-1.96982137579602	16564
100421494	-1.96983942225933	16565
353324	-1.97043040436819	16566
90317	-1.97076010284763	16567
283080	-1.97183030369774	16568
5731	-1.97189459100347	16569
10043	-1.97222697882237	16570
51224	-1.97330471086618	16571
101928012	-1.97430270724945	16572
131375	-1.97472999976712	16573
100996756	-1.97583424147656	16574
843	-1.97733341660866	16575
642361	-1.97772356698831	16576
662	-1.97828756521747	16577
317703	-1.97906358447039	16578
619207	-1.97908261694675	16579
51218	-1.97994319119889	16580
6401	-1.98031636188997	16581
2318	-1.98047373790164	16582
9840	-1.98053651513035	16583
57631	-1.98155786611455	16584
643332	-1.98238606505231	16585
6362	-1.98240522523634	16586
51507	-1.98246122007742	16587
101929198	-1.98308916507273	16588
9781	-1.98309093665817	16589
54534	-1.98316728638004	16590
192683	-1.98335542197121	16591
8218	-1.98396327831626	16592
7143	-1.98444282860213	16593
246126	-1.98536586747099	16594
1823	-1.98554528585175	16595
3581	-1.9857235858247	16596
10311	-1.98588569104016	16597
101928708	-1.98708760564284	16598
89886	-1.98722285631212	16599
105374366	-1.98750482478011	16600
53826	-1.98774269935567	16601
105376236	-1.98891617067044	16602
105371561	-1.98912070332689	16603
162540	-1.9891727508691	16604
101928961	-1.98971411494246	16605
27429	-1.98977408935107	16606
1514	-1.98984112867814	16607
23595	-1.98988933540787	16608
123624	-1.99139168774441	16609
5442	-1.99156175725796	16610
79630	-1.99167970148235	16611
3356	-1.99195462499112	16612
160760	-1.99214247104321	16613
142686	-1.99228823553904	16614
85440	-1.99261786606054	16615
10605	-1.99282223276247	16616
10397	-1.99407614083052	16617
389161	-1.99480999998707	16618
5018	-1.99509839931889	16619
101928618	-1.99537281302231	16620
100505996	-1.99541393362308	16621
54529	-1.99559287046557	16622
27175	-1.99577705411929	16623
11160	-1.99594616121139	16624
100533184	-1.99628175829946	16625
9875	-1.99656232291837	16626
100359394	-1.99688999037903	16627
9530	-1.99706169359297	16628
2838	-1.99901386878511	16629
641364	-1.99988004042084	16630
6736	-2.00117456652409	16631
153328	-2.00186371439456	16632
80145	-2.00198616317373	16633
10218	-2.00198687044111	16634
101928214	-2.00277233765286	16635
414260	-2.00286904647243	16636
101927651	-2.00293410615658	16637
254173	-2.00309515369141	16638
2941	-2.00402265773976	16639
6125	-2.00513668406851	16640
7347	-2.00514822078311	16641
4508	-2.00552505915344	16642
79818	-2.00605220078598	16643
102723661	-2.00607841908048	16644
8409	-2.00622494200476	16645
91137	-2.0066525845234	16646
84163	-2.00702016347462	16647
4750	-2.00818074949715	16648
105374690	-2.00827132375286	16649
348487	-2.00889893979277	16650
3726	-2.0091946702022	16651
120526	-2.00972736771899	16652
1520	-2.00995922493934	16653
5926	-2.0113549202518	16654
5714	-2.01144010793839	16655
101927907	-2.01194746677937	16656
9728	-2.01222349401044	16657
284111	-2.01234623392747	16658
100309464	-2.0124021271437	16659
80144	-2.01372046600368	16660
133383	-2.01436416361122	16661
100996490	-2.01449212981762	16662
387509	-2.01471146321456	16663
4856	-2.01538367484642	16664
107984773	-2.01564142748333	16665
27181	-2.0159665586285	16666
123720	-2.01602725096221	16667
23119	-2.01648327307504	16668
105378696	-2.0167480085595	16669
100526820	-2.01682632400549	16670
4033	-2.01850692872975	16671
79150	-2.01955063820842	16672
8369	-2.02005422939004	16673
3770	-2.02017931090253	16674
29985	-2.02183120427317	16675
79927	-2.02240006656213	16676
2551	-2.02371989092127	16677
29944	-2.02384291386113	16678
1489	-2.02414219603661	16679
7293	-2.02419013107308	16680
7579	-2.02473463451325	16681
9380	-2.02509293990038	16682
8525	-2.02534932124787	16683
340547	-2.02576097712219	16684
286411	-2.02715902766575	16685
101927193	-2.02755801156573	16686
10318	-2.02768746646942	16687
101928504	-2.02769411418855	16688
101060264	-2.02793539179314	16689
257313	-2.02802378048927	16690
28648	-2.02825843206615	16691
729083	-2.02843078829487	16692
140771	-2.028580221145	16693
8021	-2.02999868043978	16694
79738	-2.03156442686332	16695
6018	-2.03176756957975	16696
842	-2.03380387121629	16697
388939	-2.03388680241068	16698
11030	-2.03417606271789	16699
731779	-2.03440034731	16700
655	-2.03540159545031	16701
81833	-2.03563036571257	16702
11168	-2.03582827828194	16703
101410538	-2.03631791105546	16704
143884	-2.03639590723526	16705
25994	-2.03643155848089	16706
401463	-2.0369288847608	16707
100506675	-2.03727107068769	16708
122773	-2.03742168862316	16709
2528	-2.03896165645839	16710
10988	-2.03937958540018	16711
8453	-2.03965831698732	16712
80129	-2.04019130515567	16713
1420	-2.04094223531018	16714
339789	-2.04174716324427	16715
10870	-2.04223619942305	16716
90293	-2.04252316097758	16717
27292	-2.04277709457325	16718
105372779	-2.0429356231438	16719
1536	-2.04299750481953	16720
101929557	-2.04306189324687	16721
167	-2.04383133954289	16722
121227	-2.04385734204148	16723
5897	-2.04405301061568	16724
127670	-2.04547101801732	16725
64137	-2.04623957870782	16726
8648	-2.04657070645501	16727
1120	-2.04660676273154	16728
1995	-2.04716891628907	16729
100129098	-2.04758868284752	16730
8687	-2.04797657541705	16731
166012	-2.04845754982575	16732
1487	-2.04956496317489	16733
113444	-2.05030906098303	16734
64776	-2.05223351634419	16735
339834	-2.05252499574297	16736
79339	-2.05279013843858	16737
10277	-2.05335310665227	16738
3693	-2.05562129748518	16739
23557	-2.05580351835933	16740
5681	-2.05588660990468	16741
79742	-2.05589813573478	16742
158062	-2.05701371964499	16743
100506068	-2.05733749436291	16744
100505624	-2.05885227560987	16745
7644	-2.05949988942808	16746
645832	-2.05972437789315	16747
400654	-2.06016921986257	16748
441204	-2.06025453815344	16749
56979	-2.06030832201386	16750
3625	-2.06075546867814	16751
113746	-2.06148127741093	16752
100507143	-2.06250930065958	16753
101929621	-2.06267665395277	16754
4146	-2.06326942025221	16755
54495	-2.06333406982702	16756
54969	-2.06352092608903	16757
100874038	-2.06409310829661	16758
6718	-2.06439413312228	16759
105378568	-2.06637769472339	16760
27039	-2.06700653960177	16761
27010	-2.06712123009778	16762
28966	-2.06746197009154	16763
80054	-2.06764220941485	16764
404203	-2.06872503393121	16765
338758	-2.06898069285915	16766
101928104	-2.06940920533803	16767
26027	-2.0694204310255	16768
56159	-2.07006343496556	16769
283748	-2.07024697613492	16770
1906	-2.0703680951462	16771
55070	-2.07107491538162	16772
29090	-2.07403849779627	16773
8761	-2.07449445512539	16774
2641	-2.07518073682406	16775
6490	-2.07567350916417	16776
283854	-2.075857535695	16777
140885	-2.07598369286676	16778
100507477	-2.07610554537489	16779
6579	-2.07667358450655	16780
976	-2.07951380869637	16781
4609	-2.08130585523685	16782
5361	-2.08242826316028	16783
390502	-2.08330870234736	16784
55283	-2.08465689589489	16785
1329	-2.08472610047979	16786
23299	-2.08542129915465	16787
79963	-2.08578726789277	16788
79154	-2.08611608168239	16789
8763	-2.08628390772686	16790
64231	-2.08632843400116	16791
1959	-2.08633263553226	16792
23107	-2.0868814995479	16793
51274	-2.08731839445173	16794
100507362	-2.08766141783959	16795
79871	-2.08775701238279	16796
2258	-2.08777192907945	16797
101927798	-2.08791538399138	16798
79135	-2.08836848965768	16799
10904	-2.08895150921517	16800
9970	-2.09014961775815	16801
2854	-2.09110910931287	16802
2689	-2.09226085050242	16803
140876	-2.09242517821622	16804
1002	-2.09294012267479	16805
9318	-2.09298459341054	16806
101927286	-2.09405877605319	16807
57573	-2.09415259936355	16808
6357	-2.09518081266694	16809
2894	-2.09567396905729	16810
2934	-2.09633622168196	16811
375387	-2.09647850854389	16812
221409	-2.09660448356501	16813
5048	-2.09672835324243	16814
54072	-2.09680794629811	16815
90416	-2.09704889290302	16816
4284	-2.09789462420878	16817
84066	-2.09798009793311	16818
257160	-2.1001465486879	16819
5992	-2.10076646409575	16820
5225	-2.10091857301484	16821
5651	-2.10121658477171	16822
56673	-2.10238520631798	16823
101926915	-2.10370153317266	16824
131566	-2.10395710698272	16825
101927528	-2.10398263375445	16826
339685	-2.10410926439154	16827
7850	-2.10453462325773	16828
55384	-2.10570568604335	16829
81872	-2.10601869328563	16830
929	-2.10607539111447	16831
223117	-2.1061180436176	16832
8418	-2.10658333051741	16833
51696	-2.10665520951554	16834
554202	-2.10666488354571	16835
105377730	-2.10741609919823	16836
26224	-2.10838717999388	16837
414243	-2.1087791145187	16838
51247	-2.11030424277835	16839
100505641	-2.11192110357048	16840
200162	-2.11280813661675	16841
101929529	-2.11313692096989	16842
83992	-2.11360384993413	16843
100240728	-2.11364382691901	16844
6598	-2.11396588473518	16845
100505978	-2.11437278945834	16846
400954	-2.11452042621133	16847
101929488	-2.11455280720758	16848
8539	-2.11486492207049	16849
8801	-2.11505023447059	16850
317701	-2.1153933376217	16851
144535	-2.11565461479213	16852
201161	-2.11620154047896	16853
5175	-2.1162539211758	16854
51317	-2.11663151476143	16855
105376292	-2.11691722112211	16856
54455	-2.11773916823245	16857
115273	-2.11847999128267	16858
6164	-2.11923334087594	16859
79085	-2.11953887488642	16860
6580	-2.11994352934163	16861
558	-2.12010867423773	16862
100289255	-2.12039401573423	16863
100505817	-2.12044198443124	16864
399726	-2.12172878756006	16865
23587	-2.12230035865681	16866
6374	-2.12233805559684	16867
56606	-2.12240118149063	16868
3839	-2.12276944610408	16869
84376	-2.12278855813382	16870
55133	-2.12301865291422	16871
730	-2.1232759780116	16872
58157	-2.12367044447209	16873
8669	-2.12401897312401	16874
100506436	-2.12466105297517	16875
79632	-2.12584814544433	16876
100422526	-2.1275228099079	16877
57140	-2.12813473255913	16878
10046	-2.12911299925346	16879
468	-2.12921966258808	16880
90025	-2.12945941430559	16881
728591	-2.12946977558625	16882
1933	-2.12965624310552	16883
145748	-2.12969250575598	16884
101927592	-2.1308778596521	16885
10665	-2.13130735906741	16886
9861	-2.13170182513031	16887
146691	-2.13239560993511	16888
8928	-2.13270995916097	16889
167826	-2.1332887866269	16890
79650	-2.13336676880604	16891
678	-2.13363276249423	16892
714	-2.13374450730062	16893
84984	-2.13425255686552	16894
146225	-2.13567390950539	16895
404037	-2.13583021586637	16896
2532	-2.1363599043501	16897
220441	-2.13834289279384	16898
940	-2.13856899484238	16899
3211	-2.13930742134652	16900
53829	-2.13938141804535	16901
3680	-2.14015233000616	16902
3578	-2.14028011025425	16903
84034	-2.14074493610311	16904
65065	-2.14158767502269	16905
101928462	-2.14211140098921	16906
100507244	-2.14281029093512	16907
79762	-2.14306389672085	16908
105372482	-2.14396076443768	16909
23322	-2.14436597302962	16910
27004	-2.14602769957188	16911
101929210	-2.14613409148627	16912
2350	-2.14811810707952	16913
100874035	-2.14822992046673	16914
101928052	-2.14834570633479	16915
101928429	-2.1487421857373	16916
79091	-2.14899337346867	16917
23075	-2.14905547775432	16918
5243	-2.15059602489906	16919
340107	-2.15071072792784	16920
101928881	-2.15086133953387	16921
55352	-2.15141987916064	16922
57513	-2.15283500815789	16923
2219	-2.15283705882627	16924
7067	-2.15333465050809	16925
203	-2.15333857361253	16926
2086	-2.15384479451608	16927
5375	-2.15438276952398	16928
3848	-2.15489239901903	16929
83641	-2.15516719513927	16930
63973	-2.15528755336608	16931
401124	-2.15560560490937	16932
101059948	-2.15818925863047	16933
2703	-2.15821614336584	16934
10749	-2.15880563621386	16935
256957	-2.15888350742973	16936
114883	-2.15932158167732	16937
4512	-2.15969421653385	16938
57863	-2.16061346310336	16939
730091	-2.16290796583457	16940
112574	-2.16318876160678	16941
23331	-2.16397720481214	16942
10022	-2.16422647646926	16943
2583	-2.16450129439353	16944
4842	-2.16528252218384	16945
100133612	-2.16599170971808	16946
8359	-2.1665983674009	16947
359787	-2.1677826505618	16948
90827	-2.16871773492169	16949
83866	-2.16898606945086	16950
80311	-2.16986068527765	16951
79574	-2.171318938934	16952
81887	-2.17165760077267	16953
90586	-2.17273914465542	16954
105370832	-2.1732267899029	16955
101929584	-2.17336431044355	16956
6444	-2.17341558221317	16957
57134	-2.17415003971707	16958
5501	-2.17417366228839	16959
23568	-2.1743414279256	16960
100506236	-2.17568376766984	16961
103344929	-2.17645876838591	16962
27241	-2.17661817693058	16963
154791	-2.17677502722785	16964
83989	-2.17689357284548	16965
340596	-2.17794608677092	16966
8968	-2.17868413600461	16967
10542	-2.18051582639973	16968
91612	-2.1813620626382	16969
3818	-2.18197553588778	16970
222029	-2.18217699230578	16971
80052	-2.18306721781959	16972
147111	-2.1849941064851	16973
56676	-2.1851837988058	16974
54984	-2.18569689284155	16975
116933	-2.18674419884478	16976
6197	-2.1868716457776	16977
100506885	-2.18743310495403	16978
26080	-2.18872740859592	16979
105370469	-2.18876021066349	16980
8559	-2.18950328166435	16981
84328	-2.18959318275577	16982
7177	-2.19022447206896	16983
23200	-2.19039303231188	16984
7363	-2.19132781256714	16985
4538	-2.19206059309294	16986
150946	-2.19262078281336	16987
4992	-2.19277710864508	16988
339896	-2.19363161863064	16989
56655	-2.19390972312026	16990
340351	-2.19396118604716	16991
79877	-2.1941610013083	16992
4994	-2.19439915661568	16993
101928304	-2.19542692443306	16994
79370	-2.19556699298938	16995
5865	-2.19571036179536	16996
339	-2.19672602739173	16997
253559	-2.19718376009085	16998
23325	-2.19885868723438	16999
283045	-2.19947908798322	17000
619208	-2.19964557351842	17001
11269	-2.19998876604698	17002
100689073	-2.20032563891399	17003
84570	-2.20037671619272	17004
1896	-2.20105157607362	17005
25816	-2.20163565126774	17006
114882	-2.20244567376309	17007
10235	-2.20252225241109	17008
26468	-2.20270708840394	17009
401081	-2.20407729543561	17010
65220	-2.20419761830935	17011
150967	-2.20444408117	17012
51619	-2.20447238990781	17013
728190	-2.2046376753873	17014
3834	-2.20470946514853	17015
131616	-2.20531439030545	17016
114800	-2.2061220937445	17017
105378515	-2.20710487731642	17018
140699	-2.20730982679188	17019
161497	-2.20760068596638	17020
101927449	-2.20784479289789	17021
84319	-2.20850856921414	17022
157567	-2.2086619999363	17023
410	-2.20876260182881	17024
1719	-2.20910900849402	17025
100507086	-2.21020879656133	17026
101928940	-2.21082906737699	17027
101928236	-2.21107965424509	17028
154386	-2.21126160055193	17029
27178	-2.21147064037335	17030
90871	-2.21175231804879	17031
441058	-2.21231326390681	17032
56913	-2.21265391417673	17033
148753	-2.2131547443057	17034
4342	-2.21317281355373	17035
51440	-2.21328431244041	17036
653240	-2.21384580439065	17037
102724814	-2.21390470025985	17038
1418	-2.21425584032371	17039
51164	-2.21451377553369	17040
101929225	-2.21566362673713	17041
51327	-2.21573357923616	17042
2212	-2.21591495495666	17043
285346	-2.21704660354829	17044
440275	-2.21786202542683	17045
10816	-2.21856027625262	17046
100048912	-2.21892088317436	17047
100033431	-2.21908257583177	17048
246777	-2.2207307068059	17049
2262	-2.22085884882981	17050
642345	-2.22182160411431	17051
1975	-2.22184437532648	17052
127731	-2.22196685944427	17053
202374	-2.223208145048	17054
6906	-2.2240000600247	17055
101928200	-2.22578854982844	17056
54734	-2.22599703907609	17057
926	-2.22811106631117	17058
222553	-2.22822637524044	17059
100128124	-2.22933789217738	17060
220108	-2.23043712902099	17061
6527	-2.23110283920284	17062
100128594	-2.23137642510648	17063
3891	-2.23162289521588	17064
440560	-2.23171545054034	17065
100128653	-2.23185958827218	17066
6319	-2.23253224862843	17067
10197	-2.23277953020425	17068
1960	-2.23340961150495	17069
4208	-2.23361106999355	17070
101927690	-2.23374913988346	17071
2743	-2.23398426113147	17072
5669	-2.23545709608902	17073
10393	-2.23560859038541	17074
105370059	-2.23710282864062	17075
105377348	-2.23793485496822	17076
55270	-2.23826035396509	17077
91768	-2.23898996260123	17078
84793	-2.23906107655837	17079
80032	-2.23929271491208	17080
2182	-2.24024330132114	17081
11337	-2.24044811155569	17082
53833	-2.24154176848272	17083
100506314	-2.24183037881304	17084
9556	-2.24197661486389	17085
114819	-2.24212395908293	17086
29099	-2.24261128043133	17087
5608	-2.24312637689291	17088
2526	-2.24314284079067	17089
5396	-2.24316397418955	17090
1580	-2.24379798739134	17091
8831	-2.24446715309537	17092
441394	-2.24461241368387	17093
105373225	-2.24573921717687	17094
55776	-2.24580389457154	17095
6372	-2.24599151077924	17096
442240	-2.2460022998327	17097
8881	-2.24635294134615	17098
84658	-2.24783566259674	17099
405	-2.2484570893124	17100
101929050	-2.24885980064285	17101
84298	-2.24888576332015	17102
55343	-2.25011330981384	17103
5500	-2.25084909350859	17104
689	-2.25207321329532	17105
23259	-2.25266261319626	17106
2822	-2.25328733525824	17107
100507410	-2.25341852193994	17108
23411	-2.25346256413322	17109
5132	-2.25346926853717	17110
83892	-2.25459349449982	17111
134430	-2.25574195636669	17112
105373958	-2.25589927750799	17113
100131117	-2.2576538679796	17114
9162	-2.25806225580165	17115
246312	-2.2589521895465	17116
145497	-2.25976594469635	17117
3888	-2.25979095204285	17118
161514	-2.26110281047617	17119
90737	-2.26178862497476	17120
219670	-2.26183450403219	17121
116449	-2.26254576077962	17122
90523	-2.26274175417797	17123
2997	-2.26293640202068	17124
101927066	-2.26424514460422	17125
51382	-2.26518046492532	17126
10878	-2.26522038037419	17127
90693	-2.26558547649393	17128
79717	-2.26590156221374	17129
958	-2.26601365896715	17130
283888	-2.26669887896989	17131
119392	-2.26734908806063	17132
122258	-2.26769706632229	17133
105371264	-2.26906534014674	17134
442184	-2.26911118819798	17135
140856	-2.26914144543035	17136
101927616	-2.26923158129673	17137
100128830	-2.2692538163543	17138
80350	-2.27016734726906	17139
2644	-2.27066856891149	17140
245	-2.27088752478749	17141
4211	-2.27189505715683	17142
4731	-2.27204076446194	17143
10247	-2.27241912863581	17144
10424	-2.27302864146613	17145
125919	-2.27335152486265	17146
285672	-2.27376850195263	17147
64693	-2.27386760269578	17148
65084	-2.27434619786174	17149
7507	-2.27612166817845	17150
9332	-2.27718259237873	17151
23155	-2.28041098789098	17152
81888	-2.2815901793676	17153
80301	-2.28323740595	17154
101928933	-2.28344320102195	17155
284274	-2.28366094121848	17156
100505975	-2.28576931406059	17157
127841	-2.28593929853889	17158
101929260	-2.28614718634357	17159
2947	-2.29011916878723	17160
5494	-2.29072723947994	17161
6233	-2.29157590532096	17162
23032	-2.29336670127703	17163
64785	-2.2935018480831	17164
23498	-2.29396556448337	17165
25996	-2.29411498440555	17166
7018	-2.29445575640598	17167
51449	-2.29457316276556	17168
55177	-2.29549982267108	17169
7248	-2.2971418804211	17170
2913	-2.29730165593801	17171
8531	-2.29774832338558	17172
23729	-2.29826430303637	17173
84504	-2.29896573848445	17174
9706	-2.29920261609583	17175
1282	-2.30069337347994	17176
22987	-2.30179488056172	17177
25925	-2.30180027485392	17178
2821	-2.30218639167417	17179
4317	-2.30221766842811	17180
27133	-2.30234113157692	17181
2928	-2.30383956067906	17182
7480	-2.30397305220874	17183
85289	-2.30471585114238	17184
27296	-2.30471973420183	17185
6429	-2.3054773443664	17186
642924	-2.30567415067202	17187
10633	-2.30585979732475	17188
340184	-2.30590282988364	17189
830	-2.30601813222279	17190
10352	-2.30702384614689	17191
100507114	-2.30748692302375	17192
1653	-2.30804587142949	17193
5566	-2.30833011261836	17194
1088	-2.30934960294063	17195
780776	-2.30936426450902	17196
7003	-2.31058071579124	17197
120376	-2.31114717873226	17198
4892	-2.31207888234288	17199
105370890	-2.31215887414217	17200
442319	-2.312723583197	17201
55831	-2.31400707827779	17202
79740	-2.31460599860262	17203
10243	-2.31534017531161	17204
9033	-2.31572335804009	17205
400073	-2.31573579269821	17206
284632	-2.31637508364773	17207
100506733	-2.31647873578697	17208
51474	-2.31684426249276	17209
1834	-2.31689662017863	17210
100130460	-2.31740533263078	17211
152404	-2.31791970080983	17212
221061	-2.31799865258815	17213
170589	-2.31887019351526	17214
1729	-2.32085911213873	17215
7201	-2.32110794881631	17216
3915	-2.32168700911613	17217
221262	-2.32182721674194	17218
29780	-2.32225086663703	17219
93058	-2.32227216555521	17220
340074	-2.32346268783634	17221
23418	-2.32470052580425	17222
79345	-2.32474295060444	17223
101926984	-2.32639332907885	17224
90952	-2.32652335699682	17225
201651	-2.32664738633913	17226
165721	-2.32671610882063	17227
8682	-2.32673712725728	17228
101929224	-2.32678506911935	17229
83656	-2.3270166653023	17230
128653	-2.32717908224022	17231
132321	-2.32782563106616	17232
25924	-2.32865992385004	17233
374986	-2.32903100387201	17234
10274	-2.32978416431108	17235
1859	-2.32987940852939	17236
977	-2.33055470286392	17237
284723	-2.33148746184401	17238
55802	-2.33245751177424	17239
105377276	-2.33283850814673	17240
54793	-2.33290254087321	17241
286046	-2.33522174438178	17242
100131980	-2.33709920974359	17243
221687	-2.33891131823759	17244
6101	-2.3396197575065	17245
5068	-2.33981490992264	17246
440028	-2.34020256192923	17247
27043	-2.34033074667362	17248
23416	-2.34082126524863	17249
64067	-2.34137240675621	17250
2176	-2.34190902623954	17251
103689912	-2.34287281782344	17252
60487	-2.34299762971438	17253
100506731	-2.34305002794227	17254
222223	-2.34331756603568	17255
5009	-2.34338707225236	17256
101928464	-2.34346893915061	17257
100653233	-2.34398289270188	17258
4709	-2.34568329612972	17259
51110	-2.34571352056109	17260
8755	-2.34633933403247	17261
83862	-2.34694942316103	17262
9512	-2.34704325231282	17263
55790	-2.34755973558216	17264
8694	-2.34774883847079	17265
196477	-2.34779912665369	17266
400499	-2.34852648698936	17267
124995	-2.34867968784477	17268
81870	-2.34908799944889	17269
8287	-2.34941321273012	17270
8837	-2.35067840286739	17271
9903	-2.35111099936878	17272
3601	-2.35139344596086	17273
100507240	-2.35184383685799	17274
4640	-2.35191650249078	17275
283875	-2.3523138599339	17276
53630	-2.35235546420192	17277
549	-2.35347678983862	17278
3242	-2.35424139761965	17279
7401	-2.3543392342605	17280
3623	-2.35455116581113	17281
9779	-2.35489256233005	17282
400710	-2.35524724796603	17283
664	-2.35551124144503	17284
8910	-2.35577891273545	17285
10550	-2.3572761259837	17286
2494	-2.35750641903079	17287
84272	-2.35776938585485	17288
151835	-2.35861917870504	17289
6576	-2.35885148299104	17290
91978	-2.35969901509625	17291
1016	-2.3602411915729	17292
85358	-2.36217905337123	17293
26149	-2.3622669809301	17294
101928748	-2.36306927230117	17295
22908	-2.36420727560801	17296
51232	-2.36458111149882	17297
101929472	-2.36573297679093	17298
6331	-2.36587463679358	17299
10169	-2.3665828664297	17300
185	-2.36666811962077	17301
22953	-2.36733526696996	17302
4673	-2.36757602339797	17303
1476	-2.36818268543505	17304
643236	-2.36850755436092	17305
169200	-2.36867385264401	17306
645591	-2.36868805796053	17307
3587	-2.36982717219987	17308
25875	-2.36983988168726	17309
9559	-2.36993220452487	17310
10294	-2.36994821505844	17311
65072	-2.37057113611574	17312
2107	-2.37134114857134	17313
127253	-2.37197574811827	17314
731424	-2.37207196226921	17315
570	-2.37210078558819	17316
338694	-2.37229901387257	17317
11212	-2.37277435456636	17318
4056	-2.37289303035773	17319
90411	-2.37386535262332	17320
6391	-2.37549189664786	17321
100129195	-2.37587692496617	17322
54937	-2.37601381686115	17323
101929718	-2.37680186926357	17324
5800	-2.37745523280309	17325
58515	-2.37832326361281	17326
339742	-2.37879329931826	17327
5728	-2.37885310472597	17328
138050	-2.37892032950831	17329
375287	-2.37912372337906	17330
3949	-2.37953813288886	17331
4224	-2.38248210812393	17332
28652	-2.38333938923513	17333
326625	-2.38354425767192	17334
5148	-2.38422912910294	17335
83795	-2.38465906374974	17336
54976	-2.3848491960435	17337
439931	-2.38686081738163	17338
342538	-2.38732972823795	17339
105371600	-2.38753115881846	17340
153339	-2.38759788778878	17341
79870	-2.38813189615329	17342
25813	-2.3886616666061	17343
4811	-2.38994285682544	17344
84271	-2.39028122454317	17345
23580	-2.39090482833871	17346
79840	-2.39204203317996	17347
58533	-2.39213588295998	17348
8411	-2.39272996694488	17349
9468	-2.39348735594349	17350
168537	-2.39377736878748	17351
55693	-2.3943457082796	17352
51805	-2.39545702748194	17353
102724470	-2.39589891277143	17354
1464	-2.39610371424306	17355
101927256	-2.39635410217374	17356
101929586	-2.39748531706175	17357
25981	-2.39766709734966	17358
10153	-2.39775609732339	17359
2014	-2.39866678376371	17360
51285	-2.39873251513662	17361
64714	-2.39878761545384	17362
51185	-2.39921905183182	17363
6770	-2.39982447637574	17364
56951	-2.40019087400112	17365
11231	-2.40099855853784	17366
8912	-2.40109732805645	17367
81850	-2.40119131573986	17368
79735	-2.40239716880159	17369
55691	-2.40331837866668	17370
167691	-2.40350639174653	17371
101927603	-2.40404074644449	17372
3375	-2.40502377407276	17373
374768	-2.40502625927464	17374
100506233	-2.40524885646348	17375
9046	-2.40552654961495	17376
344752	-2.40600432079854	17377
55149	-2.40604985635352	17378
9372	-2.40621477650625	17379
101927460	-2.40635606733554	17380
157273	-2.40717819274245	17381
3400	-2.40758710147642	17382
2764	-2.40766440909946	17383
144360	-2.40814221912809	17384
147	-2.40873221819454	17385
120892	-2.40905031462869	17386
389332	-2.41111209506493	17387
252995	-2.4113578769435	17388
100169752	-2.4116219314228	17389
11010	-2.41197155995498	17390
7881	-2.41212822118172	17391
51703	-2.4121326826552	17392
148811	-2.41217323393521	17393
81493	-2.41242277099188	17394
3981	-2.41249905107916	17395
399821	-2.41592968745134	17396
101929570	-2.4165198044635	17397
389320	-2.41707657728381	17398
54951	-2.41715728464018	17399
29911	-2.41754284588608	17400
6883	-2.41775178992735	17401
101928865	-2.41876154602435	17402
161142	-2.41879381324484	17403
400043	-2.41914687222305	17404
2100	-2.41939554478891	17405
3234	-2.42028252739325	17406
2619	-2.42043521177816	17407
8690	-2.42125170579677	17408
101929717	-2.42139806495563	17409
100422737	-2.42188043530985	17410
9293	-2.42192714385792	17411
101927843	-2.42300626313526	17412
83478	-2.42339290986811	17413
339874	-2.4238027597104	17414
100421589	-2.42440522554459	17415
4835	-2.42463992409219	17416
3824	-2.42505198930104	17417
128876	-2.42733200661883	17418
54901	-2.42828820003767	17419
4993	-2.42900941269374	17420
100128262	-2.4290702456913	17421
22982	-2.42969447835636	17422
27430	-2.43030366676317	17423
22936	-2.43039418006348	17424
2958	-2.43075526674571	17425
2128	-2.43146635357294	17426
54796	-2.43270281310598	17427
112802	-2.43285212160765	17428
100302650	-2.43334043332979	17429
2868	-2.43361381019701	17430
5911	-2.43370219599534	17431
158471	-2.4339734325273	17432
84967	-2.43462350256937	17433
8609	-2.43468818562446	17434
100507506	-2.43469811360512	17435
79616	-2.43540350994863	17436
84101	-2.43570367718556	17437
8777	-2.4359815682076	17438
220070	-2.43617103506851	17439
7809	-2.43634302690726	17440
506	-2.43729749402984	17441
285000	-2.43823266830954	17442
9362	-2.43876507586009	17443
80069	-2.43896192695086	17444
26173	-2.439194760491	17445
101927278	-2.4393916810623	17446
123207	-2.43940652091414	17447
7957	-2.43978914703185	17448
64759	-2.44030419786427	17449
102546294	-2.44084494067868	17450
101928626	-2.44174661344266	17451
2823	-2.44212785481805	17452
2194	-2.44299166954514	17453
7570	-2.44299432938656	17454
51046	-2.44447437372462	17455
486	-2.44462604281555	17456
7088	-2.44527713143943	17457
728327	-2.44575821924788	17458
283165	-2.44601879243832	17459
8368	-2.44766611187734	17460
3800	-2.44870040244967	17461
441476	-2.44900818380645	17462
151877	-2.44966906167545	17463
1012	-2.45002781684416	17464
2334	-2.4520882580568	17465
8747	-2.45252357310687	17466
10569	-2.45307585574292	17467
7379	-2.45319210145482	17468
401288	-2.45392904213508	17469
57545	-2.45399852709559	17470
6166	-2.4542435042536	17471
100861545	-2.45463766746327	17472
441601	-2.4547246790645	17473
139135	-2.4547481025937	17474
2192	-2.45486447749353	17475
9253	-2.4550146127229	17476
285016	-2.45506478463468	17477
101927219	-2.45526485159132	17478
147929	-2.45578560440882	17479
387921	-2.45692394880442	17480
101929312	-2.45711839157149	17481
126272	-2.4576484610872	17482
50846	-2.45857683290125	17483
5130	-2.45954493383883	17484
3817	-2.45988278210014	17485
100505658	-2.45993595684689	17486
84109	-2.45995461219953	17487
1269	-2.46011328290698	17488
6296	-2.46094620317724	17489
1946	-2.46183387311538	17490
1185	-2.46314003340104	17491
9853	-2.46337851860827	17492
79834	-2.46345503763996	17493
64743	-2.46534587570382	17494
100861552	-2.46575632636988	17495
6934	-2.46599592648584	17496
5934	-2.46653137629549	17497
57562	-2.46724345182536	17498
334	-2.46741499517192	17499
80835	-2.46798542198826	17500
170626	-2.46867812105223	17501
710	-2.46924372916182	17502
57554	-2.47157855069484	17503
2950	-2.47187013144074	17504
92346	-2.4726301545928	17505
101928731	-2.47270144569361	17506
57561	-2.47305809428185	17507
286514	-2.47455566478274	17508
11179	-2.47459046655098	17509
283876	-2.47510421314653	17510
2122	-2.47554307497051	17511
132200	-2.47701163742374	17512
152007	-2.47723489071644	17513
4968	-2.47726531169392	17514
1071	-2.47728131498539	17515
90139	-2.47819693268698	17516
100505985	-2.48002150375527	17517
10692	-2.48132948118926	17518
862	-2.48201864548281	17519
81617	-2.48245359988698	17520
7029	-2.48246360357437	17521
10656	-2.48262752681606	17522
100861547	-2.48632440194714	17523
10626	-2.48651558173744	17524
4345	-2.48801005300414	17525
63976	-2.48829720295824	17526
5232	-2.48834779234367	17527
100506457	-2.48847986590442	17528
101927620	-2.48849517686412	17529
5533	-2.48884321084232	17530
7047	-2.4888815764532	17531
342527	-2.48934118595848	17532
29958	-2.49124471330463	17533
80122	-2.4912567968499	17534
26520	-2.49182297084033	17535
64115	-2.49255252105184	17536
84230	-2.49296132281493	17537
4719	-2.49395729720174	17538
10466	-2.49445267404797	17539
9472	-2.49473759754216	17540
140834	-2.49497395804153	17541
6161	-2.49528646407236	17542
101927363	-2.49595784559483	17543
343	-2.49623175630386	17544
624	-2.49728027085657	17545
5352	-2.5001957891561	17546
80014	-2.50054980856918	17547
100996425	-2.50122625952818	17548
11007	-2.50315834313705	17549
441161	-2.50391748662008	17550
101928283	-2.50533591432047	17551
94026	-2.50768935018226	17552
404672	-2.50775076653987	17553
729082	-2.50873979008612	17554
101929681	-2.50912308207261	17555
283601	-2.50915546422509	17556
4168	-2.50951705845116	17557
6672	-2.51082591122879	17558
128989	-2.51334882919949	17559
100652999	-2.51395394015014	17560
51318	-2.51413604259246	17561
387978	-2.51429608020084	17562
6004	-2.51511402331657	17563
57659	-2.51519369700277	17564
646450	-2.5159383895413	17565
23491	-2.51598537428924	17566
57559	-2.51625675519807	17567
101927974	-2.51630164000374	17568
54776	-2.51653341396255	17569
6207	-2.51727396147624	17570
58494	-2.51778862503032	17571
105371798	-2.51798863534544	17572
100874143	-2.51804966541516	17573
2780	-2.51949868554662	17574
9469	-2.52031186470898	17575
55967	-2.52076974777787	17576
154810	-2.52118896802558	17577
94	-2.52263731866513	17578
93587	-2.523099498324	17579
284451	-2.52414203090291	17580
105369609	-2.52440739269739	17581
138804	-2.52488823014975	17582
54494	-2.52563663519605	17583
10505	-2.52619867812152	17584
100131213	-2.52664049224221	17585
5273	-2.52678454732149	17586
400550	-2.52687188208396	17587
3543	-2.5280958980155	17588
7265	-2.52815711274484	17589
9515	-2.52842867462619	17590
10485	-2.52880450053013	17591
25979	-2.52917315947444	17592
91392	-2.53002170507834	17593
144402	-2.53123555110029	17594
6497	-2.5318681106564	17595
11340	-2.53267433641192	17596
91734	-2.53374051755023	17597
112464	-2.53406692232936	17598
101927606	-2.53432342354103	17599
285555	-2.53434656654944	17600
56547	-2.53443592666589	17601
283375	-2.53448167263405	17602
101927410	-2.53461026872799	17603
127795	-2.53577603617735	17604
283078	-2.53592648937259	17605
101927884	-2.53740992742134	17606
8898	-2.53901006957613	17607
613266	-2.53978849820343	17608
51011	-2.54021955569151	17609
4690	-2.54082885656429	17610
101929741	-2.54155982504212	17611
101927159	-2.54179639569615	17612
284551	-2.54237491109973	17613
2993	-2.54306658270772	17614
83439	-2.54470012686854	17615
54532	-2.54578047998731	17616
414926	-2.54580243000353	17617
6360	-2.54624521161332	17618
26777	-2.54652132088433	17619
1768	-2.54683030315523	17620
7388	-2.54719979364299	17621
25777	-2.54800652867489	17622
10208	-2.54807605443256	17623
285382	-2.54814596928299	17624
3482	-2.54862605911456	17625
101927314	-2.54931666328469	17626
2348	-2.55024523066185	17627
494513	-2.55149557525155	17628
4991	-2.55296836254227	17629
81035	-2.55404884138964	17630
56267	-2.55418441167059	17631
79411	-2.55426511793583	17632
7060	-2.55538370253497	17633
4543	-2.55643565062943	17634
55243	-2.55648916829909	17635
257364	-2.55654904816379	17636
96597	-2.55688527906909	17637
3727	-2.55706505374312	17638
284798	-2.55832537781477	17639
201229	-2.55861946143942	17640
53339	-2.55884845587761	17641
132014	-2.55998478849907	17642
2626	-2.56021633265061	17643
105377690	-2.5606430913543	17644
165324	-2.56105956770542	17645
7479	-2.56124878268522	17646
23224	-2.5625461181717	17647
29079	-2.5637339608724	17648
4697	-2.56413020288367	17649
343099	-2.56422214613461	17650
203190	-2.56446151373393	17651
10632	-2.56481589099424	17652
102546299	-2.56488353515996	17653
54764	-2.56507171795826	17654
8170	-2.56672300290305	17655
57608	-2.56905523625129	17656
91947	-2.56920038825397	17657
342574	-2.56931852687284	17658
347736	-2.57041245032671	17659
9443	-2.57046300125997	17660
8925	-2.5717911270592	17661
7417	-2.57233150330327	17662
11112	-2.57351993450969	17663
55297	-2.57422117890458	17664
94030	-2.57485255854693	17665
400752	-2.57542376228945	17666
116085	-2.57585448337561	17667
101928092	-2.57699212154456	17668
56245	-2.57750838175553	17669
10864	-2.57763762451412	17670
10313	-2.57796472225436	17671
10981	-2.57815651618733	17672
100505824	-2.57822592045988	17673
442524	-2.57864267685461	17674
212	-2.57889353931313	17675
105370475	-2.5792183367913	17676
28954	-2.57996492183744	17677
90011	-2.58006942772089	17678
55064	-2.58054546783425	17679
7280	-2.58220038490564	17680
83853	-2.58232355650341	17681
4953	-2.58287518649976	17682
100505633	-2.58301307027403	17683
110175910	-2.58326970236728	17684
80318	-2.58383661929768	17685
85478	-2.58393278770142	17686
747	-2.5840579956234	17687
84216	-2.58486480905655	17688
23142	-2.58492164313837	17689
64096	-2.58562548799189	17690
100505776	-2.58592433503428	17691
100506144	-2.58641216784981	17692
130271	-2.58643134833805	17693
10019	-2.58822017289295	17694
3354	-2.58858153113106	17695
64756	-2.5888195849848	17696
388121	-2.58893855332741	17697
94120	-2.58983283164538	17698
168455	-2.59113715253461	17699
54328	-2.59151925155665	17700
8340	-2.59162210441586	17701
1939	-2.59290263956444	17702
339942	-2.59471067184608	17703
26082	-2.59556151108072	17704
64976	-2.5957248854401	17705
161357	-2.59672117635509	17706
56941	-2.59761887784884	17707
342926	-2.59875427704814	17708
9196	-2.60072755162035	17709
64773	-2.60090871136295	17710
3596	-2.60110288798503	17711
79780	-2.60126956340298	17712
100505875	-2.60134296895101	17713
10531	-2.6017945376206	17714
64960	-2.60195391480564	17715
1051	-2.60199028962989	17716
125997	-2.6029641473919	17717
23708	-2.60393276858542	17718
6093	-2.60452707351352	17719
128954	-2.60457546861083	17720
9147	-2.6046373439424	17721
105376323	-2.60550219725552	17722
7124	-2.60575525604617	17723
129293	-2.60655655213051	17724
23095	-2.60657045760371	17725
105371809	-2.60676904958864	17726
114625	-2.60697795241534	17727
101928661	-2.60785552128925	17728
5412	-2.60802130367892	17729
126820	-2.60934830930238	17730
84060	-2.61073289469016	17731
51557	-2.61102391680426	17732
79012	-2.61157957159915	17733
151121	-2.61194815706451	17734
54922	-2.61294732505686	17735
9573	-2.6136043885356	17736
83895	-2.61428972939539	17737
51144	-2.61435748410088	17738
23624	-2.61562784740639	17739
6790	-2.61780964589743	17740
100128285	-2.61915476481833	17741
159989	-2.62048379994713	17742
27287	-2.62125982368648	17743
101929093	-2.62273479240503	17744
101927089	-2.62292711304149	17745
27442	-2.62592961256561	17746
4536	-2.62608435095731	17747
4780	-2.62664222205933	17748
81853	-2.6267997389962	17749
100130331	-2.62828726373084	17750
85477	-2.63081939828006	17751
7386	-2.63113186527874	17752
340485	-2.6312357087643	17753
58509	-2.6318190538637	17754
7352	-2.63193814849241	17755
6124	-2.63330695908557	17756
79991	-2.63360206485729	17757
105372550	-2.63363490281426	17758
152048	-2.63375304708621	17759
101928461	-2.63419175250707	17760
221188	-2.63460225377003	17761
518	-2.63461307209066	17762
4660	-2.63473420686881	17763
9101	-2.63487301563504	17764
712	-2.63557413132188	17765
101929460	-2.63557850823718	17766
3394	-2.63607806737085	17767
8471	-2.63688403290524	17768
100049716	-2.63747123674871	17769
100288432	-2.63763655264667	17770
79627	-2.6377932146141	17771
199221	-2.63827920665256	17772
10413	-2.63870869035324	17773
101060200	-2.63908412894888	17774
339768	-2.63948363344858	17775
51138	-2.63993966508431	17776
79908	-2.64039869665754	17777
114915	-2.64105287722085	17778
101929512	-2.64184549572603	17779
50999	-2.64221121527712	17780
81794	-2.64236374519098	17781
84945	-2.64401713143253	17782
2661	-2.64453251705573	17783
51378	-2.64454135899354	17784
6865	-2.64466786541592	17785
100505536	-2.64470174450732	17786
80201	-2.64479426310284	17787
10286	-2.64567392352424	17788
100996724	-2.6460016537471	17789
119587	-2.64605536196923	17790
123283	-2.64721130963152	17791
7366	-2.64755319288314	17792
7743	-2.64819925820419	17793
254439	-2.64837808861145	17794
200150	-2.64863049780823	17795
2030	-2.64954184725133	17796
28378	-2.64964217280119	17797
150280	-2.65047971082112	17798
51601	-2.65071780946263	17799
54676	-2.6509886935627	17800
100133190	-2.65211733343944	17801
101928069	-2.65260822130551	17802
101929760	-2.65355120754206	17803
105375483	-2.65359640656252	17804
1390	-2.65386406986664	17805
1690	-2.65457284989704	17806
641372	-2.6565398514927	17807
29082	-2.65658181355041	17808
23328	-2.65689017789901	17809
3097	-2.6570336362356	17810
101928343	-2.65978212461576	17811
64180	-2.65991468752797	17812
10484	-2.66086271867058	17813
4664	-2.66140867794972	17814
1750	-2.66167588220661	17815
100861555	-2.66193234059197	17816
339568	-2.66218701869735	17817
3476	-2.66242140153417	17818
439916	-2.66251525316518	17819
100128893	-2.66276545509043	17820
79654	-2.66320260323361	17821
149233	-2.66418132662276	17822
389247	-2.6643734052149	17823
51320	-2.66771968469218	17824
79899	-2.6686864485086	17825
83604	-2.66878709895688	17826
101930452	-2.6698722033159	17827
37	-2.67061801917204	17828
4689	-2.67074006223211	17829
9922	-2.67094794506126	17830
55505	-2.67095673902374	17831
647946	-2.67245721704351	17832
8354	-2.67368524266313	17833
5641	-2.67423811492894	17834
9308	-2.67471563124035	17835
105374768	-2.67474996402944	17836
6303	-2.67636120153978	17837
105370291	-2.67676773982926	17838
253461	-2.67823092683335	17839
23223	-2.67874673006593	17840
9173	-2.67900189052082	17841
26497	-2.67906027848642	17842
29098	-2.68123249126949	17843
3933	-2.6820937493273	17844
10390	-2.68218857052973	17845
6888	-2.68229146134936	17846
101927396	-2.68247991787041	17847
102724551	-2.68255656207009	17848
11105	-2.68301312426545	17849
9045	-2.68396530594607	17850
84288	-2.68536030459652	17851
100130691	-2.68684711739197	17852
1943	-2.68703229176266	17853
101929025	-2.68752778985418	17854
112950	-2.68796781323219	17855
157983	-2.68997369502189	17856
100507462	-2.69169170575611	17857
135892	-2.69202988274991	17858
101928284	-2.69224362415858	17859
25934	-2.69267935904866	17860
125111	-2.6937782971438	17861
134145	-2.69594857131501	17862
105377441	-2.69608219917365	17863
101927124	-2.69612924050355	17864
645158	-2.69652876658477	17865
6521	-2.69751715167283	17866
23033	-2.69766765502694	17867
57128	-2.69798729560467	17868
9390	-2.69858505298071	17869
101927379	-2.69885280182589	17870
56105	-2.69899981951769	17871
79608	-2.70005527659344	17872
4153	-2.70127276217537	17873
63904	-2.70213734619533	17874
55153	-2.7029718045525	17875
101927876	-2.7032436433122	17876
64839	-2.70526989120177	17877
286442	-2.70764996198711	17878
53919	-2.7087138194233	17879
84916	-2.70944586752064	17880
84701	-2.71009332436308	17881
29767	-2.71051337587629	17882
117579	-2.71135912556906	17883
80380	-2.71152573930519	17884
199745	-2.71202575087295	17885
196383	-2.71240749593125	17886
145447	-2.71243991170003	17887
57587	-2.71247219368212	17888
6614	-2.71262400253278	17889
2570	-2.71271751583777	17890
3484	-2.71287901686249	17891
93627	-2.71307672261893	17892
59067	-2.71362874092523	17893
339622	-2.71414109859984	17894
130560	-2.7142390840562	17895
10627	-2.71428431213505	17896
6510	-2.71453663324126	17897
55	-2.71803160323884	17898
285954	-2.71931740117482	17899
441009	-2.71979121710062	17900
102723704	-2.72134498338563	17901
8522	-2.72164318146389	17902
9882	-2.72319761790939	17903
8074	-2.72376146248619	17904
100847004	-2.72390201696629	17905
56940	-2.72402093912487	17906
4115	-2.72436027024071	17907
101929406	-2.72555599946783	17908
131890	-2.72578614379828	17909
26051	-2.72665505947684	17910
26227	-2.72672612087706	17911
89927	-2.72689656043302	17912
54504	-2.72845443623033	17913
493	-2.72922365838583	17914
158131	-2.73097908870533	17915
6176	-2.73152440902447	17916
5995	-2.73280034671631	17917
10240	-2.73424733797944	17918
9397	-2.73427178049501	17919
378805	-2.73429518612299	17920
140836	-2.73441851885521	17921
283849	-2.73444222168059	17922
25938	-2.73454410149854	17923
101928909	-2.73480864632475	17924
6945	-2.73491626972084	17925
9694	-2.7368641750537	17926
26353	-2.73698879769952	17927
205860	-2.73758758800858	17928
347	-2.73819093208013	17929
114132	-2.7384135428075	17930
202865	-2.73880113256539	17931
3640	-2.74068390468225	17932
9445	-2.74101271649215	17933
284080	-2.7416750635117	17934
1583	-2.74292792960576	17935
101927659	-2.74436122153206	17936
83697	-2.74498028974217	17937
6887	-2.74508378160543	17938
100506465	-2.74510192162828	17939
55063	-2.74783524641225	17940
11063	-2.74830558537017	17941
100507634	-2.74846691798587	17942
140803	-2.74846735645029	17943
94137	-2.74892570328005	17944
101928491	-2.74898052607328	17945
25901	-2.74909524671109	17946
207147	-2.74922964902903	17947
22990	-2.74938766490582	17948
203430	-2.75007041031708	17949
100506311	-2.7504526377184	17950
55122	-2.75049195964147	17951
3831	-2.751519727696	17952
6422	-2.75157657748366	17953
1176	-2.75158690619219	17954
7484	-2.75216415531619	17955
84233	-2.75231160880144	17956
284439	-2.75234342739275	17957
7114	-2.75411595459696	17958
30008	-2.75445908130852	17959
92949	-2.75490214111486	17960
105682749	-2.75588945654083	17961
6830	-2.75662343232574	17962
105369816	-2.75699486017885	17963
9002	-2.75820807543833	17964
117286	-2.75850082117155	17965
105373876	-2.75946121670805	17966
128674	-2.76025729710255	17967
92154	-2.76028206400815	17968
105370809	-2.76204303198788	17969
389073	-2.76315690873987	17970
100506939	-2.76342152135959	17971
7450	-2.76379338679794	17972
11072	-2.76606342415097	17973
100506660	-2.76795940623095	17974
282980	-2.7687364062084	17975
6272	-2.76933662003585	17976
81626	-2.76947903825357	17977
90624	-2.77095494000642	17978
193629	-2.77140250994585	17979
100506047	-2.77190142830401	17980
101927901	-2.77195953380668	17981
1045	-2.77247572729932	17982
84171	-2.77267674026989	17983
9552	-2.77336496443414	17984
2645	-2.77362551218046	17985
114814	-2.77417465280521	17986
26166	-2.77433924308829	17987
105369199	-2.77570497332199	17988
28976	-2.77608536533656	17989
5552	-2.77616021351801	17990
3313	-2.77707250078379	17991
51562	-2.77764057113716	17992
10100	-2.77925858181128	17993
154872	-2.78014542687167	17994
3550	-2.78030377208498	17995
285971	-2.78159593555265	17996
339505	-2.78298628695818	17997
10193	-2.78426516319578	17998
26579	-2.78571047323519	17999
255798	-2.78629602755626	18000
5464	-2.7865331225612	18001
101927282	-2.78811191338012	18002
4331	-2.78827714235501	18003
101927320	-2.78963454268307	18004
54546	-2.78964138875411	18005
339593	-2.78964317517837	18006
642394	-2.78997365697903	18007
974	-2.79141621402534	18008
119504	-2.79196392214796	18009
1687	-2.79209495598448	18010
105369705	-2.79304262225474	18011
57379	-2.79311649779672	18012
266917	-2.79338836957201	18013
80148	-2.79365716450512	18014
142910	-2.79385084131628	18015
8744	-2.79393536403616	18016
79971	-2.79438258285952	18017
286023	-2.79572681913042	18018
9718	-2.79594629601127	18019
83737	-2.79611445080781	18020
101056700	-2.79778613002776	18021
8685	-2.79822677381175	18022
246119	-2.79831614500461	18023
2272	-2.80034084966331	18024
333929	-2.8004109024479	18025
23072	-2.8006883640647	18026
25978	-2.80098187743703	18027
100294145	-2.8010695098336	18028
8876	-2.80241149203449	18029
85449	-2.80606348800938	18030
104502416	-2.80763642498398	18031
149830	-2.80768942972931	18032
63894	-2.80897653257477	18033
219347	-2.80984074514834	18034
1353	-2.81006094463598	18035
65080	-2.81054208180501	18036
3570	-2.81057348748187	18037
101927211	-2.81104598262351	18038
285766	-2.81198189927493	18039
218	-2.81300687786448	18040
116835	-2.81389567912762	18041
84305	-2.81442175512314	18042
64111	-2.81456607188124	18043
353497	-2.8147524844052	18044
28971	-2.81527559769919	18045
143888	-2.81529664628543	18046
170370	-2.81686467593774	18047
5604	-2.81764623351577	18048
10272	-2.81785993477172	18049
492311	-2.81857018050265	18050
4729	-2.81952920378132	18051
2059	-2.82047696225444	18052
151760	-2.82111962721758	18053
51646	-2.82396383226646	18054
100130275	-2.82428284436601	18055
1760	-2.82443573358991	18056
79187	-2.82487851713067	18057
27252	-2.8259776253311	18058
54996	-2.82634269655969	18059
7782	-2.82790283847788	18060
910	-2.82812271674109	18061
9322	-2.83027561837701	18062
10776	-2.83032137162506	18063
84881	-2.83053662782505	18064
100506126	-2.83109984341226	18065
170062	-2.83239807388027	18066
8817	-2.83448288710176	18067
23409	-2.83455225444663	18068
497049	-2.83655291340871	18069
56651	-2.83896549351622	18070
51227	-2.83936013309296	18071
1349	-2.84216603470111	18072
84808	-2.84225139748806	18073
114971	-2.84299237934049	18074
83449	-2.84443905727357	18075
4594	-2.84461609871126	18076
54466	-2.84465294489673	18077
133558	-2.84574227498703	18078
6534	-2.8465763199657	18079
5908	-2.8470383533301	18080
101926892	-2.84745697762473	18081
402779	-2.84759927630819	18082
9132	-2.84843073060978	18083
101927079	-2.84929724613454	18084
100128252	-2.85061859398507	18085
10885	-2.85069559241839	18086
79161	-2.85094715346972	18087
3417	-2.85154671220926	18088
404744	-2.85157922911298	18089
8987	-2.8531927742514	18090
84269	-2.8538613535081	18091
10824	-2.8549230154883	18092
5267	-2.85541433469064	18093
64388	-2.85553575472241	18094
387316	-2.85567380936733	18095
57691	-2.85609333535069	18096
6091	-2.85647430764645	18097
100130613	-2.85887891895014	18098
286190	-2.86166910993981	18099
338321	-2.86242007820397	18100
5173	-2.86278444071271	18101
161829	-2.86317465313239	18102
8665	-2.86368049060447	18103
101928230	-2.86565199680012	18104
64859	-2.86656349338995	18105
101927034	-2.86766655016159	18106
84695	-2.86819354916694	18107
1084	-2.86940553429033	18108
151242	-2.86961100372291	18109
27242	-2.87028010236645	18110
1435	-2.87039443658863	18111
92211	-2.87075335298396	18112
100128081	-2.87327744100659	18113
83608	-2.87501501585473	18114
283571	-2.87632927114	18115
100505852	-2.87658791916076	18116
285590	-2.87696952431869	18117
84140	-2.87825831284077	18118
220980	-2.87832378927818	18119
4131	-2.87895110882948	18120
101927808	-2.88001802902902	18121
139322	-2.88021529703622	18122
9023	-2.88058258146891	18123
660	-2.88177360560995	18124
116255	-2.88232534779823	18125
5994	-2.88330194092501	18126
54870	-2.88377456683579	18127
642426	-2.88382915670394	18128
92106	-2.88518031097467	18129
5534	-2.88557039846302	18130
169693	-2.88589791251138	18131
134288	-2.88631341494788	18132
9496	-2.8877199170673	18133
105376023	-2.88877405555604	18134
253724	-2.89025524336416	18135
80212	-2.89054974537221	18136
105369341	-2.89088022817554	18137
3428	-2.89209596399209	18138
64940	-2.89218671092514	18139
54662	-2.8925435839588	18140
6678	-2.89268461965087	18141
29083	-2.89562633786197	18142
1954	-2.89647577685787	18143
1259	-2.89655932609791	18144
283297	-2.89725270243491	18145
161502	-2.89738207114084	18146
339400	-2.89856832103448	18147
10266	-2.8993212064287	18148
100506172	-2.89988226985041	18149
3588	-2.90193730028692	18150
6924	-2.90231755024436	18151
3992	-2.9027939608231	18152
4012	-2.90413250867686	18153
474344	-2.90421218643833	18154
7316	-2.90719417246253	18155
1436	-2.90926098447204	18156
55773	-2.91301581550799	18157
283629	-2.91379718180628	18158
346653	-2.91387224499046	18159
107984974	-2.91390975961249	18160
11026	-2.914178934262	18161
9353	-2.91495311522558	18162
7102	-2.91524206519401	18163
23630	-2.91649239880788	18164
101927074	-2.91655412349574	18165
10241	-2.91731357315293	18166
644135	-2.91783419560081	18167
105377750	-2.9180134845934	18168
146779	-2.91913024146068	18169
2260	-2.92153369916796	18170
339862	-2.92288061091583	18171
285527	-2.92297622820809	18172
2559	-2.92487404265288	18173
55296	-2.92546477866579	18174
5067	-2.92672685825989	18175
359845	-2.92676953290071	18176
3267	-2.92721824770415	18177
10149	-2.92741670430076	18178
51065	-2.92805764448128	18179
1845	-2.92839010789438	18180
101929902	-2.92844051070529	18181
1395	-2.92889698164915	18182
1783	-2.92913642140191	18183
137868	-2.92914133887332	18184
54675	-2.92975290989241	18185
6094	-2.92976114445968	18186
4855	-2.92980830210111	18187
149620	-2.93017735327322	18188
24146	-2.93026959526188	18189
440073	-2.93144060563178	18190
105370792	-2.93282875221439	18191
4225	-2.93377428994695	18192
84749	-2.93515477521281	18193
503693	-2.93557358579491	18194
401398	-2.93838515574523	18195
55294	-2.93843982370679	18196
135112	-2.93857961495091	18197
399979	-2.94047148658737	18198
51693	-2.9405891386985	18199
729291	-2.94098053398442	18200
84437	-2.94172414686366	18201
100507266	-2.9422361077855	18202
374899	-2.94342492396697	18203
6531	-2.94653367147565	18204
494143	-2.94718587325886	18205
5961	-2.94731871887968	18206
100129250	-2.94746689412791	18207
6601	-2.94799133186536	18208
101928700	-2.94886488587193	18209
8456	-2.94906345302749	18210
6861	-2.95077480881078	18211
132789	-2.95197571984597	18212
101927914	-2.95310257815384	18213
101927623	-2.95343625158111	18214
100379661	-2.9539694465887	18215
200728	-2.95443305190821	18216
26994	-2.95474642976241	18217
115004	-2.95485678764137	18218
80176	-2.95518804823327	18219
91368	-2.95628033572956	18220
169270	-2.9562809249692	18221
10661	-2.95828451571589	18222
80326	-2.9591901727922	18223
101929174	-2.95991320139067	18224
50943	-2.9602630233803	18225
54943	-2.96089074645059	18226
196883	-2.96104785633863	18227
23136	-2.96171523929939	18228
4037	-2.96179109702523	18229
283	-2.96265532851872	18230
653	-2.96266530148738	18231
6518	-2.96433701406358	18232
25864	-2.96467321568655	18233
84968	-2.96469669512434	18234
694	-2.96529026359003	18235
25923	-2.96657441145551	18236
9248	-2.96746415898791	18237
284346	-2.967848805507	18238
285456	-2.96841736208934	18239
101927058	-2.96851831339826	18240
116154	-2.9697469645438	18241
55966	-2.97027179844538	18242
9060	-2.97055023146916	18243
444	-2.97089181894382	18244
79096	-2.97127464554961	18245
6277	-2.9722525146085	18246
3099	-2.97286027653036	18247
11167	-2.97467091415181	18248
7416	-2.9748327539138	18249
8914	-2.9769338220502	18250
55869	-2.97763647252678	18251
1506	-2.97824298934687	18252
54905	-2.97869546811852	18253
7381	-2.98024390879835	18254
51386	-2.98032828180601	18255
440584	-2.98054532034945	18256
219854	-2.98056336167271	18257
164153	-2.98074463127619	18258
105377782	-2.98113975582934	18259
23597	-2.98117910672138	18260
114818	-2.98132148829662	18261
6355	-2.98276835368107	18262
10114	-2.98284202456759	18263
894	-2.9834746538151	18264
9737	-2.98401864605544	18265
285095	-2.98412966932998	18266
122622	-2.98535263922522	18267
8834	-2.98550779525572	18268
30844	-2.98553215756839	18269
440503	-2.98610596496857	18270
155051	-2.98623008580731	18271
5358	-2.98818146789968	18272
3269	-2.99015881166186	18273
55621	-2.99054981414978	18274
92	-2.99300463336587	18275
101927526	-2.99344635847688	18276
132160	-2.99410963332631	18277
28566	-2.99420190371701	18278
149461	-2.99445987763858	18279
348801	-2.99497935355262	18280
29915	-2.9952855692729	18281
30811	-2.99642744568395	18282
51637	-2.99646778024819	18283
57001	-2.99659075981492	18284
144776	-2.99667878771626	18285
100129271	-2.9979234046073	18286
1839	-3.00048108686323	18287
89795	-3.00178083719521	18288
131450	-3.00190869747617	18289
810	-3.00377651427637	18290
8634	-3.00388465858907	18291
57452	-3.00394215549202	18292
51301	-3.00399586167617	18293
26083	-3.00436973719534	18294
145845	-3.0054507759426	18295
150356	-3.00564643345308	18296
6342	-3.0057945039697	18297
57519	-3.00593404467801	18298
79443	-3.00671554541754	18299
100874178	-3.00701729735905	18300
23524	-3.00725621201392	18301
1550	-3.0075476578941	18302
121006	-3.00776351110815	18303
11213	-3.00825728106731	18304
2730	-3.00908110717747	18305
54948	-3.0105959306991	18306
286410	-3.01066027049568	18307
647135	-3.01103917806164	18308
6939	-3.01205718634578	18309
63935	-3.01338473603421	18310
6617	-3.01452088117242	18311
127833	-3.01539514636346	18312
1562	-3.0163206623144	18313
64343	-3.01804232080376	18314
23786	-3.01988616256571	18315
7101	-3.02056683953608	18316
2692	-3.02069881304044	18317
9508	-3.02099793039567	18318
84668	-3.02294775571239	18319
91653	-3.02461989577864	18320
55970	-3.02493716517974	18321
161198	-3.02654513178618	18322
51103	-3.02674028006045	18323
101928370	-3.02688946235893	18324
400512	-3.0274796660407	18325
116039	-3.02852728462924	18326
8973	-3.02878320008023	18327
5648	-3.02911720387647	18328
7263	-3.02981621733274	18329
57716	-3.0307833955992	18330
1848	-3.0309633843503	18331
130827	-3.03105840626106	18332
10394	-3.0330917284489	18333
23764	-3.03344933292136	18334
113791	-3.03380915563924	18335
50509	-3.03445110185413	18336
26493	-3.03642060678162	18337
23643	-3.03682836540298	18338
7071	-3.03709559194113	18339
10875	-3.03823259367113	18340
29080	-3.03935556813674	18341
8804	-3.04140457818291	18342
55303	-3.04232534361494	18343
390063	-3.04253915625116	18344
1053	-3.04395999541448	18345
10370	-3.04577624232842	18346
4974	-3.04595361183004	18347
100131366	-3.04625223444882	18348
7049	-3.04778044865388	18349
2170	-3.048579734853	18350
219527	-3.05153376864494	18351
23621	-3.05235740792348	18352
91316	-3.05252597621925	18353
11330	-3.05334366600493	18354
988	-3.05669560463665	18355
30851	-3.05680239500938	18356
445	-3.0578347756551	18357
53358	-3.05786370088507	18358
2729	-3.05945249184372	18359
220202	-3.06026104671149	18360
50944	-3.0609198515589	18361
102724094	-3.06170934426995	18362
92400	-3.06191018878286	18363
100507135	-3.06194590343745	18364
8460	-3.06212208848015	18365
64771	-3.06263573822333	18366
155038	-3.06312357044577	18367
100507564	-3.06359818672305	18368
728	-3.06437314116711	18369
100505964	-3.06516165681259	18370
2963	-3.06620692290423	18371
5827	-3.06658441114484	18372
153830	-3.07036430649775	18373
9027	-3.07245990367735	18374
10107	-3.0739020711358	18375
57381	-3.07408565144726	18376
114926	-3.07482540378169	18377
115111	-3.07486459127203	18378
255330	-3.07590793750278	18379
27115	-3.07609635709377	18380
220001	-3.07618469298499	18381
157506	-3.07830261907935	18382
152024	-3.07959465233969	18383
51575	-3.0804299665637	18384
105376139	-3.0808605634922	18385
26716	-3.08229197193541	18386
51762	-3.08424931027829	18387
64072	-3.08540051794334	18388
100507470	-3.08559063000647	18389
101929552	-3.08652709288521	18390
213	-3.09025743212205	18391
51092	-3.09055264409239	18392
5260	-3.09111226774853	18393
5359	-3.09200064671255	18394
100874251	-3.09221861715115	18395
26986	-3.09265299221991	18396
81871	-3.09294568813152	18397
56993	-3.09414192098308	18398
3801	-3.09472951773084	18399
100506411	-3.09524197919888	18400
10215	-3.09646259412561	18401
54557	-3.09721586957702	18402
84693	-3.09724567860979	18403
65991	-3.0975719520593	18404
81550	-3.09912653877909	18405
149685	-3.09924144397153	18406
5746	-3.09995381944783	18407
101927342	-3.10003859702254	18408
100313865	-3.10050670584484	18409
4170	-3.10054505474915	18410
4121	-3.10190301820553	18411
813	-3.10409743008801	18412
100127983	-3.10422563129353	18413
5156	-3.10447318951308	18414
8412	-3.10459654188393	18415
3208	-3.10591299294894	18416
84441	-3.1060728302285	18417
85569	-3.10674632558193	18418
51426	-3.11078240653359	18419
5939	-3.11106800026454	18420
105369477	-3.11248520369419	18421
574036	-3.11314779979069	18422
6688	-3.11328954187083	18423
51454	-3.11494943159063	18424
115123	-3.11542849610868	18425
23166	-3.11831953537555	18426
116159	-3.1193128309093	18427
57449	-3.11942103830233	18428
285381	-3.12035315129556	18429
25929	-3.12112548027279	18430
9702	-3.12155225689471	18431
57576	-3.12170458538781	18432
101928847	-3.12213591016318	18433
586	-3.12328605052353	18434
101927196	-3.12512226073808	18435
130507	-3.12522685650201	18436
344887	-3.12653774655997	18437
10873	-3.12660002044647	18438
101928251	-3.126812778312	18439
9541	-3.12691991255732	18440
196472	-3.12759296856207	18441
6654	-3.12970753449174	18442
56670	-3.13229722777961	18443
945	-3.13230317703101	18444
8034	-3.13337810317371	18445
100505495	-3.13484713210117	18446
642636	-3.13704389615641	18447
100507058	-3.14262534900072	18448
25915	-3.14366586075553	18449
124857	-3.14476690268414	18450
27109	-3.14513846312417	18451
5627	-3.14591190321143	18452
11024	-3.14634702909662	18453
599	-3.14701096818683	18454
102725116	-3.14729621640737	18455
4636	-3.15156300177909	18456
285668	-3.15271998173797	18457
100	-3.15560395050274	18458
163688	-3.15572769607628	18459
246184	-3.15636664435086	18460
101928475	-3.15810287123434	18461
84108	-3.15860079927775	18462
64168	-3.15897958742613	18463
93973	-3.15912151631565	18464
4134	-3.15940621333142	18465
5981	-3.15978435635003	18466
8029	-3.15994876905046	18467
107984784	-3.15998601258379	18468
8092	-3.16042290118499	18469
100505659	-3.16231994284325	18470
103283057	-3.16598122898627	18471
4922	-3.16612099159311	18472
57529	-3.16799791316995	18473
144811	-3.16828578598411	18474
27069	-3.170793786516	18475
284440	-3.17160654897304	18476
341567	-3.17167660270171	18477
84281	-3.17190437003386	18478
4688	-3.17290117457462	18479
285492	-3.17318008209696	18480
222611	-3.17327010316058	18481
1806	-3.17681563678709	18482
102157402	-3.17722610803478	18483
152405	-3.17802711698812	18484
101929034	-3.17860323789081	18485
29887	-3.17962706005271	18486
219333	-3.18046531718011	18487
5734	-3.18438226864295	18488
10252	-3.18958107943957	18489
4359	-3.19020178172638	18490
4330	-3.19113535483023	18491
8533	-3.19179690676957	18492
23087	-3.19263185129629	18493
28674	-3.19467652557794	18494
100874110	-3.19495155753237	18495
1437	-3.19495415276283	18496
164127	-3.19898009640316	18497
105374953	-3.19917069733574	18498
64802	-3.19937972078924	18499
7763	-3.20116437913648	18500
4585	-3.20290590844553	18501
408	-3.20444508655751	18502
147463	-3.20652757695285	18503
101928191	-3.20775053017837	18504
5481	-3.20929682072094	18505
1672	-3.20981092134999	18506
124936	-3.21225389854164	18507
100996549	-3.2128248611393	18508
136319	-3.21296391059009	18509
1634	-3.2129784961239	18510
7405	-3.21299125185249	18511
107161159	-3.213191404245	18512
101928043	-3.21350297589255	18513
1111	-3.21368268674344	18514
2864	-3.21397819475357	18515
10087	-3.21498500930356	18516
2036	-3.21514519438888	18517
55328	-3.21599256369647	18518
158833	-3.21775191302924	18519
43	-3.21800269280573	18520
26269	-3.21833847095347	18521
55745	-3.21875121090488	18522
9796	-3.21983912592566	18523
529	-3.22044606310401	18524
140461	-3.22234299922395	18525
7532	-3.22596638005823	18526
100874051	-3.22657485873612	18527
2250	-3.22696101789671	18528
101927790	-3.22696516602269	18529
10402	-3.22707202141062	18530
2701	-3.22962957346779	18531
9473	-3.23010305976475	18532
83473	-3.23032746272828	18533
7311	-3.23140683363471	18534
2051	-3.23161361219232	18535
6812	-3.23164185447074	18536
22837	-3.2328113607174	18537
57062	-3.23312984888875	18538
7871	-3.23334329676467	18539
386678	-3.23349380445436	18540
1728	-3.23453061271213	18541
83884	-3.23492960274261	18542
10462	-3.23544138212974	18543
23090	-3.23587852935719	18544
221935	-3.23598166356751	18545
101928123	-3.23625324844813	18546
2647	-3.23643205126337	18547
7008	-3.2376325919007	18548
348932	-3.2386669835088	18549
79772	-3.23883137166138	18550
10289	-3.23897291849315	18551
732	-3.2395731225881	18552
56947	-3.23970970937874	18553
56969	-3.24008785226914	18554
57606	-3.24009553620375	18555
100885775	-3.24059326390706	18556
5311	-3.24117093914503	18557
3586	-3.24133303325896	18558
80310	-3.242279591635	18559
4093	-3.24242505832477	18560
55142	-3.24292578320377	18561
9452	-3.24346979691605	18562
23051	-3.24419188154237	18563
101928443	-3.24654605744759	18564
3042	-3.24662560434698	18565
55891	-3.24733708164881	18566
1808	-3.2488618771033	18567
5434	-3.24923444998562	18568
83937	-3.24934180867656	18569
79133	-3.25052650279178	18570
84836	-3.25059140096314	18571
5157	-3.25127339740257	18572
100506622	-3.25469738604964	18573
10179	-3.25596340105982	18574
152302	-3.25760597464997	18575
143678	-3.25918335830032	18576
3148	-3.2594067102431	18577
57683	-3.25998846206584	18578
6135	-3.26149344841716	18579
114793	-3.26317546075892	18580
107984035	-3.26619922469926	18581
114885	-3.26704839586043	18582
645166	-3.26782496453317	18583
101928995	-3.26856279489357	18584
84889	-3.27092206577786	18585
391712	-3.27142807746979	18586
10284	-3.27145188459679	18587
84279	-3.27577017985571	18588
26589	-3.27585657642278	18589
1466	-3.27622001143794	18590
1958	-3.27853928673268	18591
55704	-3.27858016285236	18592
522	-3.27913927241582	18593
439927	-3.27933899776716	18594
23002	-3.28063654217905	18595
492	-3.28432892405457	18596
81797	-3.28585078141436	18597
101929897	-3.2865646352655	18598
104326055	-3.28717885989607	18599
6515	-3.28722257227981	18600
85285	-3.28770045579256	18601
2073	-3.28844864452673	18602
84102	-3.28986142383964	18603
190	-3.29457993728733	18604
343450	-3.29500045722076	18605
83401	-3.29575745151111	18606
112	-3.29638836559601	18607
8403	-3.29696791169363	18608
64968	-3.29775352155211	18609
100859930	-3.29902859268248	18610
3716	-3.30126029483817	18611
4087	-3.30759838118073	18612
23538	-3.30955494183093	18613
282808	-3.309612484665	18614
105374621	-3.31001026874689	18615
50863	-3.31042863410406	18616
7035	-3.31050739584344	18617
5226	-3.31183595362111	18618
10133	-3.31203498417515	18619
118924	-3.31389494608511	18620
136263	-3.31909037015803	18621
7993	-3.31951655757043	18622
414300	-3.31960730494699	18623
7424	-3.31970882866358	18624
22836	-3.31971505653033	18625
9863	-3.32088100630213	18626
22868	-3.321767201244	18627
10479	-3.32193497378093	18628
9467	-3.32218522497409	18629
219749	-3.32241076241163	18630
25890	-3.32355390788742	18631
131583	-3.32410283171639	18632
29940	-3.32489794300572	18633
139378	-3.32635316914131	18634
5153	-3.32692058936223	18635
79748	-3.3275779064293	18636
115286	-3.32774811264599	18637
3603	-3.32802823107236	18638
9260	-3.32807777623251	18639
25987	-3.32809992473902	18640
101929019	-3.32968824506382	18641
6375	-3.33294529720517	18642
84333	-3.33341991967379	18643
204	-3.33444687231471	18644
101928896	-3.33513141502376	18645
102724165	-3.3360828332036	18646
2961	-3.33816610206181	18647
23175	-3.33844120429016	18648
84681	-3.33852795224937	18649
9172	-3.3386321098692	18650
6528	-3.3403875160846	18651
100874180	-3.34158864106187	18652
101928000	-3.34303096069374	18653
101929083	-3.34359785777118	18654
22921	-3.34433389896496	18655
5806	-3.34615129349074	18656
254956	-3.34745414609529	18657
353132	-3.34862312546862	18658
7478	-3.34935810065232	18659
100506874	-3.34965002708731	18660
255025	-3.35143987972157	18661
2230	-3.3526766085727	18662
51705	-3.35305973833381	18663
10283	-3.35365713926596	18664
26648	-3.3546963074922	18665
1178	-3.35618188960532	18666
85359	-3.35664272251052	18667
8934	-3.35734261771618	18668
200261	-3.35806346082603	18669
101927586	-3.36190750811707	18670
196385	-3.36237770211056	18671
26524	-3.36451383057944	18672
101928009	-3.36541601939327	18673
115416	-3.36561457678553	18674
400084	-3.36627784237534	18675
63874	-3.36747972069211	18676
285045	-3.36877126520218	18677
29948	-3.36913069712934	18678
101929947	-3.37040991745788	18679
9553	-3.37109365041806	18680
414235	-3.37189580460494	18681
54861	-3.37193585830349	18682
56681	-3.37347235459925	18683
644246	-3.37356039836675	18684
284521	-3.37429526130251	18685
166379	-3.37454692795771	18686
3032	-3.3747134341695	18687
64853	-3.3747386315727	18688
3672	-3.37769638944514	18689
55998	-3.37773260825197	18690
7141	-3.37924429657654	18691
158521	-3.37962860480301	18692
115207	-3.38090070440359	18693
4281	-3.38213502517575	18694
8031	-3.38221500265179	18695
64081	-3.38319457414564	18696
3758	-3.38431070098809	18697
85360	-3.38586602719213	18698
666	-3.38643734190302	18699
168002	-3.38673216549625	18700
160897	-3.3868123933493	18701
50514	-3.38740033251189	18702
26998	-3.38843710521424	18703
283592	-3.3901130877523	18704
11149	-3.39011824201647	18705
79785	-3.39024966397245	18706
11342	-3.39253824197923	18707
10668	-3.3927632443041	18708
314	-3.39380580666157	18709
80854	-3.3963591846463	18710
51621	-3.39667314373401	18711
55510	-3.39676089925091	18712
101927599	-3.39680069147932	18713
9526	-3.39712151470329	18714
7108	-3.39782822626102	18715
224	-3.39802197020651	18716
203286	-3.39959965829323	18717
100505967	-3.40022702229717	18718
101927849	-3.40190927445199	18719
100506929	-3.40207181680774	18720
728723	-3.40499456574796	18721
400940	-3.40512407863237	18722
2313	-3.4054816534836	18723
5151	-3.40641493764049	18724
5301	-3.40763351137015	18725
26285	-3.40845682099076	18726
90627	-3.40936622523549	18727
100874012	-3.40973584273777	18728
1596	-3.41111252669434	18729
9842	-3.41180718875386	18730
11191	-3.41268274326557	18731
7222	-3.41381409000035	18732
100505622	-3.41430816785648	18733
23761	-3.41506515897954	18734
439941	-3.41622825842549	18735
57515	-3.4174817547037	18736
112755	-3.41846539189319	18737
3656	-3.41985686587897	18738
205	-3.42246139900704	18739
25992	-3.42260174823036	18740
345557	-3.4227009792806	18741
8301	-3.4231636144968	18742
5638	-3.42425086142791	18743
8540	-3.42704367718138	18744
4487	-3.42902308571158	18745
23145	-3.42910699791718	18746
102725228	-3.42947112561424	18747
440900	-3.43144175915439	18748
10073	-3.43208556443521	18749
25932	-3.43369328187069	18750
6390	-3.43375529895517	18751
146206	-3.43381219458178	18752
606	-3.43986849050454	18753
84324	-3.44122239635086	18754
4613	-3.44158566095507	18755
121512	-3.44159610435075	18756
10477	-3.4416507660699	18757
79955	-3.44199582808785	18758
7915	-3.44206469343465	18759
128387	-3.44266622767579	18760
402573	-3.44284060031065	18761
144920	-3.44391373214128	18762
84159	-3.44441403233214	18763
4711	-3.44638319325099	18764
344558	-3.44683313290578	18765
5354	-3.44715948861335	18766
80036	-3.44872788110609	18767
8174	-3.44925827265167	18768
1600	-3.44928075732896	18769
9228	-3.4494082773176	18770
66037	-3.45296254108077	18771
91409	-3.45435830946052	18772
548645	-3.45556738909454	18773
4852	-3.45574739480652	18774
7056	-3.45794335693097	18775
1814	-3.45918319765461	18776
285311	-3.45924140171022	18777
8601	-3.46074857051271	18778
6341	-3.46098381227292	18779
257358	-3.46111216548556	18780
57469	-3.46353209586542	18781
26492	-3.47020998122699	18782
126669	-3.47226275123298	18783
390	-3.47366117049974	18784
1511	-3.47429732930728	18785
83988	-3.47436085480914	18786
101926943	-3.47462063786931	18787
51727	-3.47506413024099	18788
1438	-3.47520446708607	18789
64778	-3.47528991702967	18790
7106	-3.47569037195139	18791
79366	-3.47841909897002	18792
100506526	-3.47885679759136	18793
91404	-3.47981879027627	18794
139065	-3.48360887846777	18795
151651	-3.4858515814156	18796
90203	-3.48614241986625	18797
399474	-3.49116531490136	18798
105375773	-3.49141701428907	18799
11162	-3.49601233618297	18800
55553	-3.49697782876404	18801
55212	-3.50460172121217	18802
57132	-3.50586167304296	18803
56648	-3.5066247797367	18804
5957	-3.50771768123959	18805
440957	-3.50951025996545	18806
55573	-3.51173087033409	18807
22949	-3.51210980530889	18808
285203	-3.51762873457907	18809
11142	-3.51899696754917	18810
100134368	-3.51934907742632	18811
7332	-3.5235731015161	18812
23258	-3.52411286061435	18813
112487	-3.52478395279477	18814
83891	-3.52534193269687	18815
51023	-3.52573277317148	18816
8431	-3.52620111127611	18817
84706	-3.52852279090942	18818
100507203	-3.5296603337816	18819
1419	-3.52967283662948	18820
101928663	-3.53038766352498	18821
2152	-3.5321642193077	18822
285512	-3.53349906283382	18823
10150	-3.53380600867072	18824
9510	-3.53413729821687	18825
2012	-3.53485260533135	18826
101928526	-3.53659920281763	18827
1475	-3.53697912783983	18828
84125	-3.53741524267136	18829
5276	-3.53915313866437	18830
93380	-3.54066370326102	18831
81689	-3.54219394008919	18832
1392	-3.54238292097692	18833
6007	-3.54243465431155	18834
106456574	-3.54518187013005	18835
101928795	-3.54525984724031	18836
1318	-3.54601848759052	18837
340090	-3.54705976119901	18838
10778	-3.5483609166969	18839
9200	-3.54877330162406	18840
102723678	-3.54943050461998	18841
7325	-3.55060540990961	18842
165082	-3.55084737804223	18843
5264	-3.55211308978624	18844
5568	-3.5521302562396	18845
10412	-3.55271014967253	18846
1915	-3.55330774084389	18847
101928834	-3.55489406807932	18848
284454	-3.55512548529955	18849
231	-3.55553194365719	18850
101927249	-3.55714312064003	18851
23582	-3.55764045944749	18852
158381	-3.55950581254799	18853
6011	-3.55956067570289	18854
57547	-3.559610749629	18855
100507567	-3.56012029637823	18856
153020	-3.56069608568407	18857
101927044	-3.56155438061012	18858
85464	-3.56315340485807	18859
4733	-3.56340529915137	18860
8793	-3.56831036003432	18861
158135	-3.56904020225752	18862
1431	-3.57022470912198	18863
55256	-3.57152114310263	18864
10365	-3.57265129770171	18865
29078	-3.57399596182661	18866
388182	-3.57440854855901	18867
105372127	-3.57492661614477	18868
83482	-3.5764210499021	18869
2060	-3.57702621920095	18870
101928851	-3.57827667454919	18871
4357	-3.57918661036637	18872
51367	-3.58426146049478	18873
25976	-3.5868860614539	18874
101929464	-3.58813073386753	18875
55819	-3.58955630749827	18876
6582	-3.59125879156905	18877
2202	-3.59161012251961	18878
4616	-3.59277039079547	18879
154661	-3.59392625933633	18880
100506527	-3.59540966337476	18881
3766	-3.59649907346478	18882
201164	-3.59908733772539	18883
101929715	-3.59930773719471	18884
118987	-3.60030828254136	18885
84569	-3.60039240171674	18886
221143	-3.60215530306761	18887
9275	-3.60716196520212	18888
219736	-3.60937392721067	18889
3384	-3.60950961749102	18890
11034	-3.61169832985382	18891
387763	-3.61228731371556	18892
401497	-3.6161573726405	18893
140850	-3.61941493814793	18894
201562	-3.62400048649367	18895
100996251	-3.62734918737319	18896
3622	-3.62776055403343	18897
57495	-3.62849817197296	18898
254863	-3.63111186475189	18899
126374	-3.63163394166147	18900
7385	-3.63454484071119	18901
27286	-3.63611975322594	18902
6948	-3.63674403153379	18903
5802	-3.63711135464732	18904
4815	-3.63756482529532	18905
10892	-3.63843187849521	18906
342898	-3.64094258153042	18907
150684	-3.6419886419156	18908
5793	-3.64257380982548	18909
112398	-3.64610297410645	18910
4354	-3.64663728724161	18911
8123	-3.64787197778675	18912
23284	-3.6489239139607	18913
734	-3.64940859167708	18914
51019	-3.649520452603	18915
81631	-3.65364614338272	18916
130951	-3.6565779436508	18917
55937	-3.65681180237957	18918
85290	-3.65730524083858	18919
50801	-3.65740069392009	18920
170371	-3.66019460141647	18921
10161	-3.66040739612586	18922
92521	-3.66168617692116	18923
2653	-3.66303647542204	18924
221184	-3.66349106648418	18925
6910	-3.66404750337001	18926
223	-3.66411111344693	18927
127534	-3.66587775947483	18928
100506963	-3.66591855102636	18929
153918	-3.66715156438566	18930
123970	-3.66840447564004	18931
7095	-3.67131878310665	18932
93377	-3.67147969743386	18933
139716	-3.67186960628876	18934
107105282	-3.67483566596907	18935
64786	-3.67583184085393	18936
4608	-3.67620006522634	18937
3062	-3.67701943365723	18938
124535	-3.67824462494167	18939
3030	-3.67825222187629	18940
101927380	-3.67880323734402	18941
3440	-3.68138506456561	18942
26958	-3.68215385490553	18943
81846	-3.68355596573855	18944
339468	-3.68379115213446	18945
84193	-3.68817465327164	18946
6867	-3.68898391506186	18947
112483	-3.69108318069496	18948
23024	-3.69115705785941	18949
900	-3.69552710119933	18950
283104	-3.69824654162034	18951
79078	-3.69899593756645	18952
259285	-3.70066462707643	18953
2876	-3.70213962502956	18954
101060391	-3.70245094288905	18955
84912	-3.70367359408177	18956
51179	-3.70457554253184	18957
348808	-3.71044176630598	18958
312	-3.71159064670879	18959
8829	-3.7128333110503	18960
151887	-3.72004293789998	18961
253827	-3.72053070022851	18962
7812	-3.72075618856072	18963
514	-3.72187967046747	18964
353299	-3.72218474894852	18965
7086	-3.72317928153948	18966
101928014	-3.72421777931563	18967
944	-3.72426968151702	18968
9367	-3.72673852475221	18969
84138	-3.72874271592467	18970
105372602	-3.72973765718366	18971
2184	-3.73342723080848	18972
81602	-3.73404575265885	18973
55331	-3.73625706820074	18974
11080	-3.73675438938636	18975
23417	-3.73939238561418	18976
2178	-3.74074901626575	18977
56984	-3.74122326617166	18978
57658	-3.74141678674709	18979
79640	-3.74168399693035	18980
2670	-3.74291890984411	18981
53405	-3.7436299122991	18982
101928902	-3.74492530069936	18983
3751	-3.74928360953154	18984
100302640	-3.74969410501949	18985
285043	-3.75046026871784	18986
55325	-3.75250165791871	18987
55137	-3.75270507068733	18988
5463	-3.7536575044137	18989
7178	-3.75428733175408	18990
4122	-3.75941525014467	18991
27303	-3.7624602386536	18992
105371693	-3.76365507023846	18993
23530	-3.76759185716867	18994
222642	-3.7685312036216	18995
399959	-3.77052117777497	18996
144404	-3.77189123829939	18997
55532	-3.77248506303199	18998
9182	-3.7734943706854	18999
27130	-3.77406075026609	19000
151194	-3.77523685000775	19001
85437	-3.7753598036317	19002
51084	-3.77595104583817	19003
2978	-3.77660116723052	19004
91624	-3.77805551457237	19005
5997	-3.77962281203458	19006
81553	-3.78207268013665	19007
1378	-3.78317453751637	19008
5732	-3.78488232907988	19009
100506563	-3.78499493872827	19010
7555	-3.78504623317753	19011
4907	-3.78588082101775	19012
105372640	-3.78669542647241	19013
10522	-3.78760411312993	19014
60675	-3.78812725822682	19015
8303	-3.78841809781332	19016
84750	-3.78913493239913	19017
9373	-3.78985852059093	19018
350	-3.79040461854874	19019
81472	-3.79089557330858	19020
1601	-3.79116594547727	19021
5787	-3.79127579712001	19022
1316	-3.79322260573397	19023
221458	-3.79415081767934	19024
4329	-3.79469054981805	19025
401106	-3.7966861164069	19026
144363	-3.79673583367109	19027
23440	-3.79850023331379	19028
114805	-3.79919173844369	19029
166336	-3.79930246690531	19030
285286	-3.80135940732435	19031
2052	-3.80164993565084	19032
54586	-3.80172424217854	19033
79671	-3.80395835346873	19034
317719	-3.8096878681053	19035
101927247	-3.81253267873103	19036
29103	-3.8143636111549	19037
79365	-3.81718938661346	19038
126668	-3.82073983638718	19039
101929116	-3.82122314555909	19040
100288797	-3.82299331806617	19041
5360	-3.82360515575861	19042
83939	-3.82391542213143	19043
26258	-3.82454463320056	19044
285282	-3.8247746311228	19045
105374428	-3.82563589039013	19046
29124	-3.82616395496727	19047
716	-3.82730441113897	19048
23768	-3.83258651974631	19049
3977	-3.83292503422347	19050
1152	-3.83344429722704	19051
282775	-3.83919391815033	19052
29087	-3.84145904100835	19053
219654	-3.84240722935066	19054
3840	-3.84440040065065	19055
441094	-3.84828354450382	19056
670	-3.85495562850138	19057
590	-3.85577258232486	19058
338653	-3.8563102592898	19059
101927550	-3.85689146606724	19060
5309	-3.85796758145811	19061
254158	-3.85887778140532	19062
221395	-3.86023971155245	19063
6304	-3.86264945429425	19064
4130	-3.86304617267728	19065
146279	-3.863311259916	19066
604	-3.86469070332743	19067
120	-3.86489314141456	19068
105377776	-3.86584586201641	19069
3491	-3.86787273786863	19070
26275	-3.87297110295558	19071
55313	-3.87319823400363	19072
92259	-3.87427360359382	19073
2145	-3.87496861365205	19074
92162	-3.87556007072517	19075
539	-3.87721758915924	19076
57600	-3.87758608230695	19077
100874187	-3.87787206767282	19078
58531	-3.87789439430478	19079
400761	-3.87889067562803	19080
1291	-3.87899179966234	19081
57685	-3.87935636812314	19082
125144	-3.88059063305101	19083
26532	-3.88079833279789	19084
90378	-3.88188299243216	19085
54908	-3.88248360367826	19086
84417	-3.88852769534766	19087
23461	-3.89135566548178	19088
28526	-3.89499805525797	19089
6281	-3.89611941736753	19090
338382	-3.89831664654618	19091
6329	-3.8984382906267	19092
29092	-3.89977598291844	19093
5372	-3.90362590809222	19094
145376	-3.90367940986045	19095
641700	-3.903788190494	19096
11017	-3.9057356372811	19097
145270	-3.90625522242991	19098
85416	-3.9073397367705	19099
687	-3.90963164978214	19100
5161	-3.91016943338324	19101
54067	-3.91061438695552	19102
50937	-3.91104435058005	19103
3990	-3.91200631914208	19104
63933	-3.91463871334305	19105
7019	-3.91654518090911	19106
51020	-3.91900163484549	19107
22885	-3.91910749528912	19108
388125	-3.92169797430416	19109
161823	-3.92258034836152	19110
29982	-3.92268321506362	19111
84293	-3.92312727962385	19112
146713	-3.92313488304078	19113
8462	-3.92316578697058	19114
7068	-3.92370543426306	19115
3201	-3.92568031676327	19116
729582	-3.92606965357549	19117
170622	-3.92965762811364	19118
1398	-3.9300545554999	19119
64283	-3.93160066990432	19120
85007	-3.93180515368466	19121
284865	-3.93395740332443	19122
4222	-3.93693589118326	19123
7274	-3.93796749595389	19124
10231	-3.94050670091225	19125
28672	-3.94105721014304	19126
1735	-3.94531936725323	19127
80114	-3.94633688893802	19128
57526	-3.94868255057933	19129
83692	-3.94969880865011	19130
56999	-3.95076697934314	19131
128553	-3.95102441378111	19132
6383	-3.95162975485684	19133
1459	-3.95938391310893	19134
11170	-3.96215274347681	19135
10069	-3.96379070327683	19136
59285	-3.96757997502606	19137
1891	-3.96913254813044	19138
10418	-3.97119782974158	19139
10253	-3.97428485225757	19140
200504	-3.97438549014587	19141
22900	-3.97441808861005	19142
654	-3.98040481045795	19143
50618	-3.98101091678725	19144
57104	-3.98258425031525	19145
219972	-3.98393075796175	19146
64651	-3.98459600560821	19147
255130	-3.98545045131192	19148
6275	-3.9883658994102	19149
5596	-3.98985260347185	19150
113177	-3.99102488929728	19151
55260	-3.99247802446064	19152
22915	-3.99467863922045	19153
7048	-3.99666326738304	19154
84981	-3.99735923669032	19155
129685	-3.99794363422162	19156
3568	-3.998614471868	19157
55286	-4.00263171230466	19158
29058	-4.01400819016316	19159
160518	-4.01543185021162	19160
308	-4.01639949180141	19161
3956	-4.01780510028632	19162
80019	-4.01842710912393	19163
64221	-4.01855119539686	19164
285889	-4.01893270754516	19165
51421	-4.02009962209483	19166
4212	-4.02214985870072	19167
8434	-4.02294330888897	19168
257396	-4.02338367800898	19169
92017	-4.02553369991275	19170
107984399	-4.02575601580096	19171
5325	-4.02966509135078	19172
7016	-4.02972681734581	19173
65018	-4.03150902980444	19174
2998	-4.03326084091529	19175
130355	-4.03410561210344	19176
8742	-4.03478687956061	19177
407738	-4.0362116677265	19178
100134259	-4.04415661473372	19179
3202	-4.04551354648539	19180
102800447	-4.04823799807452	19181
8417	-4.04899167412149	19182
63826	-4.05300947310009	19183
64121	-4.0533575501597	19184
259236	-4.05413127046089	19185
2298	-4.05528718545364	19186
9749	-4.05799560082979	19187
1357	-4.06155887089278	19188
222658	-4.06324365909487	19189
51201	-4.06456307050978	19190
6645	-4.06704954113128	19191
221223	-4.06789143257583	19192
57572	-4.06815776464969	19193
6327	-4.06845856765748	19194
30820	-4.07062075587987	19195
28512	-4.07083460840106	19196
79611	-4.07377481771321	19197
11145	-4.07737299834827	19198
389458	-4.07989230940869	19199
85003	-4.08471232491211	19200
55075	-4.08569421690138	19201
79817	-4.08607765919944	19202
111	-4.08644909167974	19203
831	-4.08717514980513	19204
11193	-4.08898777203962	19205
8738	-4.09268546669962	19206
55244	-4.09297530972485	19207
619434	-4.09576449771593	19208
2636	-4.09671797014946	19209
84327	-4.09711385215829	19210
1585	-4.0973929422323	19211
729723	-4.09993764431233	19212
115290	-4.10177802513667	19213
83943	-4.10498811585437	19214
5962	-4.10720262379711	19215
5525	-4.11221462408794	19216
64066	-4.11289087287152	19217
414328	-4.11345083303517	19218
7813	-4.11489129787056	19219
56	-4.11673498948004	19220
686	-4.11736079900923	19221
55520	-4.12086558382879	19222
210	-4.12446091291406	19223
205251	-4.12459828654555	19224
10518	-4.12477322196297	19225
1003	-4.12531957848898	19226
28	-4.12557257023766	19227
5333	-4.1300058616771	19228
123355	-4.13030420408197	19229
102723886	-4.13230032809628	19230
4242	-4.13370143215922	19231
79800	-4.136211006637	19232
91942	-4.15003193297663	19233
9021	-4.15018210273243	19234
645513	-4.15369999904497	19235
4915	-4.15872718984899	19236
2592	-4.15925477888219	19237
4306	-4.15947496412819	19238
2331	-4.15964459306012	19239
342035	-4.16187524024392	19240
6347	-4.16397447248225	19241
3357	-4.16403839612129	19242
91408	-4.16542095736481	19243
79699	-4.16892513169331	19244
122509	-4.16934094218193	19245
266812	-4.16977782750842	19246
60385	-4.17055287014259	19247
84334	-4.17487949516253	19248
83857	-4.17697095411994	19249
10170	-4.17714359006572	19250
163051	-4.17813544032306	19251
7030	-4.17863484982008	19252
349136	-4.18290959030104	19253
101929081	-4.18290998540735	19254
23111	-4.18354454374227	19255
9729	-4.18419635798474	19256
100132464	-4.18668015600611	19257
2879	-4.19063326164428	19258
23593	-4.19298826521812	19259
401152	-4.19995618934182	19260
79810	-4.20230050212038	19261
401264	-4.20323302888423	19262
4700	-4.20499037581193	19263
10891	-4.20816333037387	19264
28571	-4.21026643258865	19265
2241	-4.21174108769436	19266
220323	-4.2145956398742	19267
100506299	-4.21578287094496	19268
5095	-4.2173124592606	19269
57463	-4.21851322799566	19270
30836	-4.21955108543009	19271
100128496	-4.22038652420902	19272
9475	-4.22067901881828	19273
200312	-4.22076627766916	19274
102724030	-4.22274973718766	19275
56656	-4.2291629045445	19276
6387	-4.2304148667968	19277
339327	-4.23159087317973	19278
100505687	-4.23398529053114	19279
154442	-4.23503052746731	19280
83938	-4.23593592464444	19281
5700	-4.24087976201295	19282
8013	-4.24230407073957	19283
6641	-4.24647198177248	19284
48	-4.24921976968428	19285
1491	-4.24976258636019	19286
7389	-4.2526374186665	19287
128338	-4.25520004247739	19288
4641	-4.2573617246412	19289
200373	-4.26066012213741	19290
7098	-4.26549881738714	19291
1880	-4.26632079604731	19292
395	-4.26671336615826	19293
1193	-4.26888311016512	19294
2483	-4.26904951557935	19295
5184	-4.26930147262083	19296
220965	-4.27405979252995	19297
55026	-4.27466863424426	19298
84056	-4.27539326892336	19299
10400	-4.27759551953458	19300
123803	-4.27869196390357	19301
286114	-4.2802586774776	19302
11326	-4.28258575795433	19303
6386	-4.28446973337134	19304
101927609	-4.28574729491356	19305
78989	-4.28706226761374	19306
2199	-4.28775215657503	19307
51170	-4.28795913603932	19308
105372733	-4.28817980387162	19309
284697	-4.29180632199367	19310
25966	-4.29361210818992	19311
63876	-4.2936477677832	19312
4217	-4.2947102506948	19313
5188	-4.30246881450259	19314
2339	-4.31418266595808	19315
203859	-4.31669955285722	19316
2869	-4.31821694025897	19317
400569	-4.31832825195436	19318
10556	-4.31838084679108	19319
10628	-4.31897852367924	19320
6453	-4.32042237935634	19321
51074	-4.32992299396842	19322
127435	-4.33013148142663	19323
735	-4.33029360930959	19324
7057	-4.33108581501108	19325
7140	-4.33153324365039	19326
10791	-4.33211201091444	19327
135114	-4.33349855138458	19328
2852	-4.33495042454429	19329
3373	-4.33502760117592	19330
5906	-4.33729903094475	19331
55020	-4.34018987260358	19332
9976	-4.34278075752612	19333
10090	-4.34340155463164	19334
79695	-4.34935897950625	19335
11244	-4.35432011897518	19336
2213	-4.35489192978941	19337
100306951	-4.36112439318184	19338
51115	-4.36384759721336	19339
1629	-4.36465673893011	19340
51167	-4.36530119914806	19341
122046	-4.36579528832127	19342
51752	-4.3672728588981	19343
101929645	-4.37515930673829	19344
55796	-4.37630505470718	19345
163115	-4.37663102879002	19346
83876	-4.37786247643245	19347
125875	-4.37814127496193	19348
339345	-4.37823178827961	19349
79812	-4.37892243208635	19350
285343	-4.37917648503979	19351
729815	-4.3826779334178	19352
105369974	-4.39113298766196	19353
100128998	-4.39154954511687	19354
100506542	-4.39556169685772	19355
54510	-4.39876739201575	19356
10957	-4.39883822295475	19357
148534	-4.40175819601777	19358
4340	-4.40785677552714	19359
730112	-4.41004149673175	19360
2252	-4.41150260034831	19361
115827	-4.41469488527833	19362
25834	-4.42053474034559	19363
90826	-4.42082828842533	19364
100996694	-4.42377110510935	19365
10099	-4.42892518487845	19366
100130519	-4.4354086330367	19367
1843	-4.4376074843966	19368
101927450	-4.43873103407603	19369
2752	-4.43884505781381	19370
1102	-4.43906793792655	19371
22	-4.43952613831827	19372
26061	-4.44102224112046	19373
54899	-4.44259303370671	19374
163782	-4.44337113261564	19375
3240	-4.44452968705938	19376
8660	-4.44740414390166	19377
25891	-4.44858718458087	19378
92482	-4.4499910499083	19379
55856	-4.45043966023724	19380
100505530	-4.45604053915632	19381
83595	-4.45693485003775	19382
57124	-4.45911353586072	19383
195827	-4.4591988714058	19384
23344	-4.46014544423189	19385
123263	-4.4615067456966	19386
375033	-4.46176890879556	19387
5292	-4.47144359058673	19388
79960	-4.47220419260237	19389
64219	-4.47740678487777	19390
1965	-4.47749338291018	19391
283480	-4.48010874825943	19392
7099	-4.48234199255766	19393
162993	-4.48353547636232	19394
441549	-4.4837051882286	19395
51560	-4.48645244251794	19396
64123	-4.48694553701444	19397
27131	-4.48761320702529	19398
6271	-4.48956598046739	19399
7010	-4.49199477668044	19400
8935	-4.49404863125215	19401
284119	-4.49610675382823	19402
54927	-4.49658585763643	19403
83699	-4.50454731224207	19404
114898	-4.50481436344851	19405
123688	-4.50650492593182	19406
64114	-4.5071317532101	19407
1956	-4.51338209187905	19408
56181	-4.51387123744167	19409
317649	-4.51618725071024	19410
140706	-4.52222465745405	19411
10316	-4.52367821622165	19412
55664	-4.52463363189974	19413
22826	-4.52603133189729	19414
7291	-4.52667859211868	19415
6230	-4.52818337139833	19416
51678	-4.53117307307083	19417
23065	-4.53138207970746	19418
663	-4.53202229351892	19419
1389	-4.54082823939802	19420
8828	-4.5448471820534	19421
79796	-4.5608194410615	19422
2246	-4.56107192640997	19423
3569	-4.56306063119557	19424
51267	-4.56463543555371	19425
3987	-4.56924305959126	19426
201283	-4.56926896707632	19427
1675	-4.57014038111253	19428
1539	-4.57174075686013	19429
2949	-4.57361044138563	19430
4232	-4.57435402523035	19431
541468	-4.57446146356176	19432
5136	-4.57462613013129	19433
60492	-4.57582803365438	19434
1028	-4.57683094499541	19435
4139	-4.57736296725169	19436
5168	-4.57752936553601	19437
1738	-4.58383683989619	19438
80254	-4.5852468799268	19439
3843	-4.59086356727013	19440
1350	-4.59360938356724	19441
57061	-4.59370838123899	19442
84275	-4.59460097027559	19443
2353	-4.59680342301581	19444
4904	-4.59835421244217	19445
2357	-4.59886928770736	19446
23603	-4.60161286581678	19447
116254	-4.60222020613081	19448
51	-4.60409720944084	19449
84142	-4.6085124573428	19450
192668	-4.60960413738838	19451
4482	-4.61397073500134	19452
6425	-4.61723921709936	19453
51503	-4.62395206132097	19454
50808	-4.62547480546548	19455
92999	-4.6255703261126	19456
339487	-4.62950464825186	19457
51501	-4.6331770834021	19458
28962	-4.63364116565156	19459
101928047	-4.63544398609483	19460
665	-4.64426494688274	19461
122953	-4.64655050535917	19462
22800	-4.64752614583427	19463
821	-4.64860550005055	19464
147525	-4.65003661567691	19465
1796	-4.65861352575425	19466
5201	-4.65869512741039	19467
11092	-4.66124554910787	19468
10062	-4.66242796067939	19469
100506385	-4.66342630531199	19470
160364	-4.66671863395853	19471
26872	-4.66744115409068	19472
92691	-4.67060126113683	19473
768206	-4.67100142662686	19474
132	-4.67400128707513	19475
100507475	-4.68200296647049	19476
57584	-4.68328841358627	19477
2138	-4.68632874677966	19478
9465	-4.68783083261513	19479
9754	-4.68852332080252	19480
221749	-4.69654386080406	19481
29796	-4.70265476214424	19482
1666	-4.7041955927741	19483
6767	-4.70426274634605	19484
56244	-4.70799925795923	19485
203228	-4.7114943741541	19486
5824	-4.71352058189465	19487
6640	-4.72069716118257	19488
8544	-4.72323572470107	19489
55752	-4.72679128794563	19490
64150	-4.73820192108617	19491
90135	-4.73888050140165	19492
729678	-4.74339648051997	19493
4724	-4.74417240330092	19494
1892	-4.74430315718417	19495
2675	-4.74622180698529	19496
84803	-4.7463832691707	19497
7402	-4.74690154352792	19498
5781	-4.75202044925632	19499
57494	-4.7536446019912	19500
29931	-4.75596328059581	19501
368	-4.7577283098064	19502
100506795	-4.75782097542846	19503
64208	-4.76034047710609	19504
90024	-4.76274045527488	19505
57536	-4.76286617037858	19506
1109	-4.76307711236248	19507
1737	-4.76313900870629	19508
22899	-4.76443099249716	19509
388284	-4.76448464251831	19510
57161	-4.76921981590441	19511
114826	-4.7730851730162	19512
9459	-4.77692900786638	19513
54941	-4.77938219683345	19514
101926944	-4.78151518188521	19515
389203	-4.78347021044627	19516
56985	-4.78353693592731	19517
1902	-4.78514046532781	19518
3908	-4.78536346940207	19519
5990	-4.78721312302924	19520
100506844	-4.79119412569572	19521
152206	-4.79189838937862	19522
643338	-4.79312726671763	19523
6567	-4.79347121755538	19524
23179	-4.79438069034875	19525
85463	-4.79558102868442	19526
84418	-4.79621573524235	19527
11078	-4.79780787445596	19528
55812	-4.79890530629362	19529
8613	-4.7994807614745	19530
134466	-4.8057685770367	19531
128077	-4.80807096963716	19532
4162	-4.80980664160243	19533
51088	-4.81094007503809	19534
2289	-4.81671883626331	19535
136288	-4.81775675752222	19536
90865	-4.81921361782792	19537
148932	-4.82052833046324	19538
221476	-4.82588635377458	19539
55084	-4.82701890725572	19540
56920	-4.8372248065282	19541
53834	-4.83878794403567	19542
374969	-4.84222160669862	19543
158376	-4.84299473354484	19544
23645	-4.84701886980001	19545
10974	-4.84713644597487	19546
10178	-4.84775640965587	19547
51389	-4.84821607336524	19548
1030	-4.85168336413981	19549
4286	-4.85687393881406	19550
100287387	-4.85878697861507	19551
1528	-4.86195661389112	19552
1393	-4.86319726498209	19553
7122	-4.87001536032453	19554
9920	-4.87013602328217	19555
26011	-4.87717702463503	19556
8850	-4.88097494175315	19557
51184	-4.88837357028456	19558
91369	-4.8885653097445	19559
101926962	-4.89281917252377	19560
151742	-4.89326212163739	19561
338811	-4.9000927610282	19562
57007	-4.9044385312541	19563
55200	-4.91485377733248	19564
116236	-4.91489272994254	19565
60437	-4.91723837625779	19566
9535	-4.9221043265603	19567
83931	-4.92271998304113	19568
11259	-4.92763629373032	19569
1727	-4.93324703318674	19570
9945	-4.93412122258676	19571
53342	-4.93594933652629	19572
5160	-4.93644463857522	19573
54538	-4.93994723280531	19574
10157	-4.94065459279405	19575
4619	-4.94093351168437	19576
3903	-4.94688050568628	19577
65008	-4.95311404217593	19578
5797	-4.95469913662522	19579
84987	-4.96036853271425	19580
54893	-4.96066504815195	19581
10054	-4.96376342416549	19582
101928409	-4.96561681220593	19583
6935	-4.96637483626364	19584
2534	-4.966988276223	19585
8814	-4.98191258089333	19586
282969	-4.98236702972994	19587
100652772	-4.98249079660267	19588
54884	-4.98326406778331	19589
5733	-4.98474914988116	19590
100507557	-4.98709666647833	19591
1183	-4.98772425512391	19592
339804	-4.98924867325953	19593
6470	-4.9935475180543	19594
55024	-4.99413198737985	19595
7436	-4.99690050090486	19596
80777	-4.99741169824867	19597
200942	-4.99762631930944	19598
140886	-4.99863775827364	19599
25975	-5.00815719512893	19600
51763	-5.01167059963734	19601
3579	-5.01262663250984	19602
5737	-5.01313999894708	19603
83733	-5.01394281486054	19604
196527	-5.01775463369484	19605
11099	-5.02095418450067	19606
57703	-5.02167400479618	19607
6474	-5.02402085919134	19608
57099	-5.02443567129427	19609
254428	-5.03945659514072	19610
4094	-5.04596151464318	19611
440508	-5.05051021886645	19612
53353	-5.05163659328821	19613
1787	-5.05293996421058	19614
51338	-5.05367493780566	19615
90326	-5.05508035282829	19616
5337	-5.0593221097185	19617
8891	-5.06353337941579	19618
114757	-5.08586376430557	19619
3953	-5.08969674227013	19620
22894	-5.09810164754116	19621
3764	-5.10229209903442	19622
9899	-5.10604127749772	19623
79804	-5.10742395193311	19624
6038	-5.11177917434045	19625
148	-5.11367353988927	19626
100272147	-5.11720910070871	19627
9341	-5.11960051250425	19628
100885781	-5.12028910983673	19629
23500	-5.12095739484562	19630
23604	-5.12280326341922	19631
285830	-5.13794133158512	19632
23077	-5.13999197027175	19633
25960	-5.14179064955049	19634
2098	-5.1420116261111	19635
171425	-5.14270519185555	19636
101927017	-5.14410764486014	19637
128	-5.15020631783227	19638
5587	-5.15151947639738	19639
23371	-5.15269020167199	19640
6777	-5.1552116376816	19641
8611	-5.15547030894819	19642
10544	-5.15915091809581	19643
3176	-5.16344963885146	19644
2354	-5.17848539924896	19645
857	-5.18111402197804	19646
5740	-5.18133867749718	19647
84265	-5.18801554606669	19648
10671	-5.19809563863756	19649
5176	-5.20131161491827	19650
26234	-5.20207848726968	19651
254228	-5.20727423848854	19652
1803	-5.21155262524926	19653
118429	-5.21427550771034	19654
6237	-5.21703049691382	19655
8406	-5.22222031786936	19656
145581	-5.22597300424274	19657
114789	-5.22782386058888	19658
56603	-5.23677011087912	19659
79018	-5.2380205003105	19660
11261	-5.23810025918743	19661
1052	-5.25217188727589	19662
6711	-5.25228362071935	19663
6096	-5.25248701519093	19664
3075	-5.2546072126452	19665
5743	-5.2553272379197	19666
4969	-5.25945265879101	19667
5179	-5.26079262307159	19668
8200	-5.26106129004603	19669
100505538	-5.26622293845855	19670
2034	-5.27174443984102	19671
594	-5.27211499538171	19672
92126	-5.27231285793803	19673
25802	-5.27749368211089	19674
6443	-5.2800904045522	19675
5775	-5.28250610237403	19676
84215	-5.28790687945759	19677
101928982	-5.29603858643695	19678
3045	-5.29924635427835	19679
3204	-5.30042984297475	19680
3037	-5.31188111734837	19681
105374118	-5.31207658739236	19682
81575	-5.31520183446445	19683
57088	-5.31592464716151	19684
98	-5.32844429728462	19685
116535	-5.3291738871343	19686
93589	-5.32960203568815	19687
5019	-5.3411755914242	19688
84833	-5.35125683665494	19689
57149	-5.35220959289333	19690
7482	-5.36153852665563	19691
79633	-5.36884978226497	19692
5577	-5.38107716490527	19693
7084	-5.39001921099478	19694
9652	-5.39102403958092	19695
150	-5.39119839010984	19696
153579	-5.39454326514332	19697
4958	-5.40925896986853	19698
101927574	-5.4096805567687	19699
147495	-5.41232276976388	19700
23233	-5.41656226118334	19701
115265	-5.41995341816178	19702
3344	-5.42169137408019	19703
1358	-5.42246921469221	19704
1979	-5.42435609522822	19705
6224	-5.42847021337963	19706
2109	-5.43182427915795	19707
3419	-5.43224623813358	19708
113612	-5.44248797129408	19709
23187	-5.4490566686068	19710
6392	-5.44941742909191	19711
11157	-5.45004515519663	19712
6648	-5.4558870170329	19713
9482	-5.46631423252503	19714
643733	-5.47905608492124	19715
27247	-5.48431593925971	19716
79658	-5.48452764054635	19717
4783	-5.48984378562811	19718
55700	-5.49054719084742	19719
3590	-5.4916036551903	19720
9370	-5.49212657861023	19721
644128	-5.49511655552281	19722
199870	-5.49549905924746	19723
23180	-5.49973834160698	19724
55281	-5.50135254522593	19725
19	-5.51866712607963	19726
79822	-5.52180283969995	19727
84617	-5.52647060557241	19728
10082	-5.52934630354211	19729
10826	-5.53099775278439	19730
2108	-5.53534808034603	19731
64397	-5.53589475438225	19732
9554	-5.54267919110545	19733
728819	-5.54363150184943	19734
5887	-5.55387823652533	19735
2167	-5.55696394129222	19736
375190	-5.55707259854106	19737
38	-5.55848327331068	19738
114548	-5.55882190730027	19739
1910	-5.56868470139427	19740
9846	-5.57956326036407	19741
256691	-5.58278516404743	19742
401093	-5.586823253388	19743
100289361	-5.5870610270472	19744
11037	-5.59124672247193	19745
100288798	-5.59315649858035	19746
5164	-5.59335558019436	19747
400916	-5.59557355436966	19748
51673	-5.59904545082632	19749
100507297	-5.59980495422691	19750
5998	-5.60419010336096	19751
4239	-5.60549175509626	19752
301	-5.60628117533488	19753
2564	-5.61207912090917	19754
123	-5.61454587969475	19755
9331	-5.62082702125669	19756
79442	-5.62130811168773	19757
51100	-5.62195818824247	19758
10491	-5.62503363282051	19759
140609	-5.62518296761406	19760
5441	-5.62577553329142	19761
115752	-5.63383785304085	19762
948	-5.63792574172007	19763
217	-5.64590162075287	19764
11043	-5.65064379999307	19765
387640	-5.65151368772171	19766
2328	-5.65330142082101	19767
4352	-5.65981360976907	19768
6643	-5.670722185979	19769
11346	-5.67541338507444	19770
1161	-5.68296165405904	19771
79745	-5.68539199360367	19772
761	-5.69717407716529	19773
285550	-5.70008502147242	19774
105371215	-5.70221898076081	19775
339390	-5.71177012433275	19776
131544	-5.7138558417105	19777
79621	-5.71459247596066	19778
100506388	-5.72022270265651	19779
116362	-5.72833149819619	19780
4522	-5.72904194243751	19781
54518	-5.74028309975137	19782
9811	-5.75160885729866	19783
3036	-5.75213188210669	19784
3682	-5.76273286467434	19785
5236	-5.76731238327123	19786
8644	-5.77830225503375	19787
10351	-5.78193682118546	19788
100506022	-5.78697088749306	19789
3479	-5.78971013893939	19790
10580	-5.79187363869439	19791
11343	-5.79401431790217	19792
5532	-5.79711367946843	19793
311	-5.81891837790076	19794
8082	-5.81980639203369	19795
5290	-5.82093268446151	19796
902	-5.82582489826204	19797
6741	-5.83416463450979	19798
220929	-5.85101926192214	19799
63982	-5.86851048552844	19800
3033	-5.87185932827687	19801
56922	-5.8802881074329	19802
8671	-5.89334770805482	19803
30846	-5.90728318747957	19804
23673	-5.90749107959135	19805
79746	-5.91469041463746	19806
55217	-5.91821966995985	19807
8555	-5.91893430666161	19808
147372	-5.92354791293742	19809
2110	-5.92928066097136	19810
5919	-5.93648927100549	19811
207107	-5.94361034875006	19812
54987	-5.94402469170858	19813
56997	-5.94420760893746	19814
10209	-5.94423650054529	19815
1770	-5.94453306677082	19816
283298	-5.94937470298055	19817
6507	-5.95064025450341	19818
2791	-5.96791405316261	19819
2157	-5.99474527289372	19820
51733	-5.99544267534533	19821
91419	-5.99574517136077	19822
84674	-6.00469677639317	19823
64506	-6.00668718057702	19824
5549	-6.01662142031504	19825
10752	-6.03138314607647	19826
9249	-6.03358059663903	19827
10216	-6.03417594804125	19828
80235	-6.03629620412008	19829
80224	-6.03655188245233	19830
161753	-6.04737536919635	19831
57538	-6.05248752565159	19832
100132891	-6.05916727582757	19833
101929335	-6.06375549854949	19834
100129662	-6.06447671830864	19835
56849	-6.06771110617844	19836
7538	-6.07258133368248	19837
4692	-6.0790440328013	19838
4338	-6.08034619925143	19839
9588	-6.08705848517474	19840
3206	-6.09352438416166	19841
11067	-6.09955464155015	19842
159371	-6.10111911843141	19843
5166	-6.10678616759065	19844
57514	-6.10717005235943	19845
5350	-6.11186668832399	19846
100506783	-6.11209387724624	19847
5125	-6.12035284301037	19848
2690	-6.12215516403535	19849
56548	-6.12669715997525	19850
94274	-6.13176822643781	19851
51655	-6.1369654941235	19852
7431	-6.13954110869849	19853
11096	-6.14717705392535	19854
23479	-6.15062543458822	19855
10004	-6.15135168000671	19856
1842	-6.1536733896128	19857
4360	-6.15726792919367	19858
55742	-6.16318026674138	19859
644538	-6.17387544660202	19860
54986	-6.17666184143448	19861
123879	-6.17909133595742	19862
51776	-6.18486518918501	19863
10858	-6.18546873388456	19864
51226	-6.18934430995044	19865
157	-6.19181469863476	19866
552	-6.19446417846305	19867
788	-6.207855461715	19868
389136	-6.20957233427752	19869
79758	-6.20977131729608	19870
51660	-6.21232447607222	19871
51129	-6.2142141478561	19872
8622	-6.22153729782043	19873
8803	-6.22854250542447	19874
781	-6.22946675289929	19875
6035	-6.22985378901883	19876
135154	-6.24599226746348	19877
91851	-6.25137819383032	19878
119710	-6.25425011275155	19879
170692	-6.25617300318629	19880
285753	-6.25813266814444	19881
1446	-6.26772873007917	19882
152503	-6.26817378849708	19883
6330	-6.27422836667336	19884
80830	-6.27467212455437	19885
412	-6.28145396926486	19886
2162	-6.28353522284126	19887
57406	-6.29009798820362	19888
8659	-6.29300664248323	19889
55437	-6.30949848441787	19890
401431	-6.31220189103446	19891
34	-6.31789732724066	19892
5209	-6.31812309351799	19893
100286925	-6.31908751445465	19894
133	-6.32134697881678	19895
2028	-6.32535571623654	19896
2878	-6.32950973612574	19897
2273	-6.33050781617401	19898
100873985	-6.34874309767022	19899
256949	-6.3511960059413	19900
11185	-6.35857441890596	19901
9314	-6.36515140613718	19902
7704	-6.36897024780161	19903
64321	-6.36930247695969	19904
2200	-6.3724467429517	19905
7855	-6.37744440306996	19906
79981	-6.38885990977573	19907
51257	-6.39298910517474	19908
23514	-6.39815417715301	19909
23037	-6.39958432741989	19910
151393	-6.4054915470882	19911
32	-6.4087091218791	19912
151827	-6.41822392381904	19913
54749	-6.42148400372087	19914
6623	-6.4264243899575	19915
152137	-6.42766425326697	19916
168667	-6.43125307760855	19917
683	-6.44171831615942	19918
143872	-6.4506816847267	19919
5924	-6.45970768738334	19920
646962	-6.4654521764918	19921
58528	-6.466540305345	19922
1373	-6.47505306074751	19923
256302	-6.47630216324286	19924
80343	-6.49578541518382	19925
90102	-6.51583696435588	19926
9934	-6.5220333516155	19927
9638	-6.53250084816185	19928
81544	-6.54276938146845	19929
5836	-6.5465914343829	19930
10979	-6.55854343668057	19931
55885	-6.56248343408091	19932
303	-6.56330780711179	19933
137392	-6.57513879358105	19934
85458	-6.58396584498974	19935
9839	-6.5870951890023	19936
161176	-6.59815099096099	19937
114804	-6.60068039565773	19938
10516	-6.63512410774873	19939
219402	-6.64054305975679	19940
79947	-6.64305465346296	19941
10203	-6.65330530489028	19942
389072	-6.65434037322363	19943
27145	-6.66336541530146	19944
4190	-6.67172893115472	19945
3995	-6.67199492866604	19946
5465	-6.67443082730156	19947
2159	-6.67536341835433	19948
22808	-6.68657604458997	19949
2180	-6.69461263241258	19950
6776	-6.70777995376508	19951
84688	-6.72361040315525	19952
1112	-6.72936137502345	19953
64805	-6.74623720817521	19954
102724532	-6.75260570156911	19955
2039	-6.76356110747415	19956
2681	-6.77588565017014	19957
55701	-6.77835569928907	19958
221895	-6.77837618417552	19959
729970	-6.78022896305578	19960
23228	-6.7807341470353	19961
8639	-6.78912922491393	19962
101929398	-6.79443189818525	19963
3131	-6.79785546826913	19964
2171	-6.80233252107474	19965
8727	-6.81458476220794	19966
100874032	-6.83327232379685	19967
5959	-6.83404980859856	19968
947	-6.83658645219929	19969
57188	-6.84971504800816	19970
222698	-6.85112552271716	19971
5602	-6.85163502827579	19972
10490	-6.85869977519475	19973
142891	-6.86202889844999	19974
8908	-6.8877125299571	19975
51099	-6.88886158013209	19976
643837	-6.88900462937718	19977
27306	-6.89937364631247	19978
654466	-6.90187287821239	19979
1050	-6.90961827645099	19980
23301	-6.91000533313614	19981
10435	-6.91635642424002	19982
400236	-6.93881747710599	19983
23452	-6.94684499926325	19984
3290	-6.95682228495666	19985
4889	-6.96295308714268	19986
5745	-6.97150026922434	19987
30011	-6.99739201815872	19988
4023	-6.99827041364948	19989
2770	-7.0021484991555	19990
2948	-7.01226638232389	19991
56898	-7.01488220890548	19992
10008	-7.01586982651911	19993
858	-7.0190963145776	19994
4128	-7.0353816337602	19995
339983	-7.05308883840812	19996
3910	-7.05732521322526	19997
274	-7.06206186718648	19998
23414	-7.06733750248551	19999
57546	-7.06787028454792	20000
2632	-7.06894635592759	20001
643783	-7.07142590257703	20002
51751	-7.08864759551266	20003
5091	-7.09032128325531	20004
5837	-7.09062194835598	20005
7069	-7.0909481312592	20006
390940	-7.09329088337532	20007
1346	-7.09401543508591	20008
8076	-7.09464375097877	20009
9586	-7.10200292747494	20010
50486	-7.10425284129881	20011
1840	-7.10456049172754	20012
339290	-7.12148980205389	20013
23034	-7.12572650829604	20014
151306	-7.12808072486103	20015
114897	-7.13419667617433	20016
80760	-7.13825047707738	20017
2308	-7.14266852862998	20018
64838	-7.14960823957514	20019
1408	-7.15603990879464	20020
2009	-7.17147978179235	20021
348751	-7.17806635468738	20022
1805	-7.17915426241295	20023
6581	-7.18304794861674	20024
55902	-7.1958006801431	20025
2327	-7.20826433905205	20026
339929	-7.20907318124848	20027
6335	-7.21091711556034	20028
92014	-7.21993448168802	20029
305	-7.2265933872488	20030
285025	-7.22959616485769	20031
445815	-7.2342069363185	20032
79895	-7.23539413240803	20033
100873979	-7.25105576634666	20034
57678	-7.25389082279027	20035
9068	-7.25928671696363	20036
727910	-7.26703848152183	20037
651746	-7.26727518791117	20038
259283	-7.26827457432055	20039
131873	-7.2691949025771	20040
493812	-7.27149136996157	20041
80243	-7.28215877249947	20042
148741	-7.2857124158956	20043
23612	-7.28747826279529	20044
79776	-7.3046362653903	20045
7481	-7.3180000605278	20046
84263	-7.3214381035887	20047
55862	-7.32317549123603	20048
101928111	-7.3244148312661	20049
23710	-7.32829599267597	20050
5187	-7.32931406342873	20051
1410	-7.33250376010791	20052
2719	-7.33275922873923	20053
100507602	-7.33712088534701	20054
55529	-7.3440053695939	20055
5212	-7.3468893367085	20056
35	-7.36131118457058	20057
222166	-7.37008558312131	20058
84649	-7.38401161260795	20059
154807	-7.39765592236959	20060
794	-7.39777447316449	20061
4826	-7.39878601638634	20062
439921	-7.39977108113131	20063
4199	-7.41520931283695	20064
100862662	-7.41524865469258	20065
80177	-7.41721987402384	20066
80820	-7.42179905888398	20067
9365	-7.42367007393758	20068
8322	-7.43262490764779	20069
26577	-7.43650574050697	20070
1962	-7.44792986583749	20071
1645	-7.45232289853655	20072
51076	-7.45398301200703	20073
79712	-7.45583048202688	20074
9104	-7.46044402192896	20075
28984	-7.46390233541889	20076
112817	-7.46808668540883	20077
144571	-7.4704435372887	20078
7423	-7.50237674835405	20079
1215	-7.50949250802916	20080
1730	-7.52743730655479	20081
55022	-7.52751964861695	20082
2018	-7.53438252747119	20083
5346	-7.53643836561665	20084
2662	-7.54930800330337	20085
1879	-7.55027334906455	20086
57484	-7.55807626898059	20087
338557	-7.56540468505916	20088
3973	-7.58851048864604	20089
54674	-7.60056586469337	20090
5321	-7.60861361416247	20091
3725	-7.61156029151352	20092
154	-7.61320839977168	20093
85027	-7.65165618743281	20094
256435	-7.6520094592946	20095
4337	-7.65749583153436	20096
847	-7.66835331606093	20097
2774	-7.68763953623882	20098
203260	-7.69131091670138	20099
2995	-7.71256682544543	20100
10555	-7.71782981804281	20101
83890	-7.72210492665792	20102
1901	-7.72795253958643	20103
6586	-7.75619447660196	20104
10395	-7.756214486377	20105
196047	-7.76113137094629	20106
25927	-7.80259695817857	20107
145567	-7.80396819903379	20108
729359	-7.81080203603564	20109
100505894	-7.82008313057852	20110
10186	-7.82156477148196	20111
100132735	-7.82637910026209	20112
55012	-7.83941298547317	20113
117245	-7.8463602789388	20114
196740	-7.85240570794232	20115
124	-7.86530408120513	20116
3679	-7.87359496933253	20117
143503	-7.88064716980043	20118
221091	-7.89297589796233	20119
3489	-7.89518695329222	20120
100506476	-7.90082429821751	20121
653140	-7.90573418621126	20122
5239	-7.92530421446483	20123
10990	-7.9312838339833	20124
197257	-7.93377286553375	20125
79974	-7.94846037025769	20126
91461	-7.95085401531854	20127
54331	-7.95354251933146	20128
10371	-7.95708021394747	20129
6492	-7.95816129961244	20130
729	-7.96258865673614	20131
1038	-7.99314649136497	20132
53616	-7.99314874498615	20133
54810	-8.00000413993707	20134
23433	-8.0079653330909	20135
230	-8.03581094058145	20136
257194	-8.04217561409604	20137
1073	-8.04442645530762	20138
1031	-8.05319693179226	20139
13	-8.06340935200143	20140
415056	-8.06515924581835	20141
801	-8.06612660943569	20142
7145	-8.08048544463174	20143
100288911	-8.08815819328616	20144
8802	-8.08987403344664	20145
7499	-8.10190599247935	20146
5139	-8.10781627184816	20147
64757	-8.12651380408552	20148
22821	-8.13363185804675	20149
139818	-8.16088200081431	20150
85016	-8.16965494617186	20151
4653	-8.17373769190292	20152
80731	-8.1793302086865	20153
117248	-8.19188468441184	20154
3745	-8.22681728621025	20155
8843	-8.25135691395531	20156
384	-8.25658247071216	20157
55273	-8.25734345219277	20158
9590	-8.26575873213864	20159
25854	-8.2689048032679	20160
83547	-8.27635508480139	20161
9096	-8.28676431484289	20162
28999	-8.28821678635295	20163
112849	-8.28908033294172	20164
53844	-8.29611148974165	20165
51554	-8.3057761823908	20166
137872	-8.31190713340533	20167
6291	-8.32315711580809	20168
100506755	-8.33145976596994	20169
114036	-8.3353042949464	20170
51299	-8.33829774335093	20171
283927	-8.36676236141254	20172
6660	-8.37253453709487	20173
114780	-8.38566304871106	20174
404201	-8.38728510372733	20175
8536	-8.3934468333445	20176
23235	-8.4207550856903	20177
26112	-8.42153248567935	20178
10350	-8.43722098511938	20179
286097	-8.45093792537669	20180
114905	-8.46387091047635	20181
140738	-8.46778607060812	20182
221303	-8.47369826823834	20183
6285	-8.48506188061248	20184
84870	-8.48576153747343	20185
3952	-8.49287914942863	20186
63924	-8.50700681215943	20187
216	-8.50841038647384	20188
83643	-8.52174224543911	20189
117581	-8.53843350713438	20190
128977	-8.53845667390344	20191
90768	-8.57028319897855	20192
388335	-8.57821532726666	20193
100113407	-8.59014629721014	20194
515	-8.60396454700081	20195
8839	-8.61225082821682	20196
85329	-8.6590238565525	20197
10391	-8.68999355146491	20198
5502	-8.70242507343089	20199
5138	-8.71516192989055	20200
83636	-8.72188578149473	20201
93986	-8.75726973626497	20202
287	-8.76055018804088	20203
115330	-8.76056448955376	20204
84883	-8.79318302486167	20205
6854	-8.80049871931915	20206
285671	-8.80393902300753	20207
79864	-8.82364133307742	20208
83660	-8.84523732003319	20209
5519	-8.85721273787831	20210
26575	-8.85761651924682	20211
7111	-8.8683679626081	20212
7094	-8.90355062088942	20213
10810	-8.91032321572849	20214
440738	-8.92029888582147	20215
79827	-8.94572268770475	20216
401491	-8.96718683427003	20217
134265	-8.9951053734773	20218
79987	-9.00307498107396	20219
2857	-9.01509982822413	20220
158326	-9.02413843073021	20221
55908	-9.03464551830988	20222
84814	-9.05830339539369	20223
477	-9.05923190954271	20224
225	-9.08686491415003	20225
2247	-9.10845834001637	20226
23026	-9.12730983980651	20227
1036	-9.14967152476181	20228
148898	-9.15851003739557	20229
153	-9.165842774723	20230
100505881	-9.17857677050174	20231
5950	-9.18218391988216	20232
9194	-9.21033969549191	20233
285195	-9.21668158815418	20234
60370	-9.31305476471506	20235
1160	-9.31492888374279	20236
253635	-9.33870267678032	20237
5064	-9.38250024076971	20238
83888	-9.41169713839133	20239
79649	-9.42281250784873	20240
375061	-9.44215843363192	20241
283383	-9.47119326889794	20242
23531	-9.47569981571532	20243
100192378	-9.48552611619568	20244
7079	-9.50069675093514	20245
117583	-9.5417070823955	20246
7301	-9.55205480885939	20247
30815	-9.58175864924447	20248
5348	-9.6211418400642	20249
4499	-9.65668971676251	20250
259217	-9.7026652421566	20251
10110	-9.70829712416618	20252
100506368	-9.73991623998456	20253
316	-9.74119907002679	20254
101929726	-9.80002827394023	20255
64641	-9.8580382354054	20256
158800	-9.8818501142617	20257
5320	-9.92251910852809	20258
4828	-9.92310365698106	20259
100507632	-9.95555319904279	20260
91584	-9.97569176534085	20261
30835	-9.97800995282683	20262
339524	-10.0371213125421	20263
100820829	-10.0890228970287	20264
4921	-10.1053676881787	20265
6913	-10.110784192991	20266
5140	-10.1458825300132	20267
4883	-10.160220947916	20268
1368	-10.1940459112678	20269
2038	-10.2293717656211	20270
55825	-10.2574958390391	20271
84302	-10.2720389474336	20272
105378828	-10.3154619743709	20273
101926960	-10.3240035076647	20274
79148	-10.3268196917512	20275
4881	-10.3353244152032	20276
84173	-10.3527711505728	20277
222962	-10.3532235843979	20278
64102	-10.4275872319125	20279
51085	-10.4446827535268	20280
10659	-10.4811954666345	20281
728730	-10.4960633389209	20282
126393	-10.5118456327201	20283
125	-10.5611082011117	20284
29969	-10.5635901971376	20285
133584	-10.5884642504696	20286
22871	-10.6186928665081	20287
4311	-10.6295783037063	20288
8436	-10.6364860185685	20289
8736	-10.6734130426993	20290
348093	-10.7257719123693	20291
400830	-10.7304143581965	20292
3991	-10.735698415742	20293
5468	-10.7411778777518	20294
201134	-10.8111714036698	20295
80763	-10.8207572677971	20296
27147	-10.8621319970665	20297
845	-10.8725759504192	20298
650	-10.8770888934633	20299
84913	-10.8805074818267	20300
6445	-10.9051820918522	20301
23460	-10.9063522850065	20302
50940	-10.9211634391642	20303
283481	-10.9229366719683	20304
116328	-10.9725990598633	20305
283392	-11.001091415927	20306
84935	-11.0920436891937	20307
10655	-11.1291580812241	20308
23743	-11.1840990417882	20309
286753	-11.1950934887014	20310
85480	-11.2310875081094	20311
29953	-11.2699292363808	20312
364	-11.3105349971426	20313
100128750	-11.324506648998	20314
286133	-11.3557439886166	20315
3316	-11.4036895479512	20316
401265	-11.4275780523948	20317
57569	-11.4332992699045	20318
5101	-11.6646250453036	20319
762	-11.6951282852466	20320
219348	-11.7038962665244	20321
5207	-11.7319039728946	20322
101930114	-11.7863469248588	20323
338328	-11.8252203396199	20324
55335	-11.8307989978851	20325
284	-11.8430438848701	20326
338	-11.9404238336136	20327
54873	-12.0304140139236	20328
152078	-12.0766768711183	20329
400258	-12.1271091342278	20330
152831	-12.1365393787619	20331
56301	-12.1596838644389	20332
5105	-12.2698661439851	20333
80704	-12.320395066859	20334
25945	-12.4558239166523	20335
102723493	-12.4791520092089	20336
374387	-12.5248361694107	20337
374864	-12.5391590410025	20338
220296	-12.5897105237192	20339
10840	-12.7438465783665	20340
10249	-12.8014873346928	20341
27129	-12.8339999800159	20342
285313	-13.0982977002654	20343
130399	-13.2096396121249	20344
443	-13.2483465225201	20345
2819	-13.3033379425806	20346
126	-13.4101042586349	20347
33	-13.4612415906561	20348
30819	-13.6528056926273	20349
206338	-13.6601209163926	20350
56246	-13.6803207663419	20351
92293	-13.796973743696	20352
54988	-14.3715575647433	20353
1149	-14.4194096732556	20354
8676	-14.5150873878104	20355
10894	-14.574035182233	20356
284825	-15.6918868895324	20357
