entrez_id	constituent_probe_count_modelled	constituent_same_direction_count	constituent_same_direction_fraction	any_opposite_direction_probe	any_material_opposite_treat_probe	material_opposite_probe_ids
1	1	1	1	FALSE	FALSE	
10	1	1	1	FALSE	FALSE	
100	2	2	1	FALSE	FALSE	
1000	2	1	0.5	TRUE	FALSE	
10000	6	4	0.666666666666667	TRUE	FALSE	
100009676	2	2	1	FALSE	FALSE	
10001	3	1	0.333333333333333	TRUE	FALSE	
10002	2	2	1	FALSE	FALSE	
10003	4	4	1	FALSE	FALSE	
100033431	1	1	1	FALSE	FALSE	
100038246	1	1	1	FALSE	FALSE	
10004	2	2	1	FALSE	FALSE	
100048912	1	1	1	FALSE	FALSE	
100049716	2	2	1	FALSE	FALSE	
10005	2	2	1	FALSE	FALSE	
10006	3	2	0.666666666666667	TRUE	FALSE	
10007	1	1	1	FALSE	FALSE	
10008	3	3	1	FALSE	FALSE	
10009	2	2	1	FALSE	FALSE	
100093630	1	1	1	FALSE	FALSE	
1001	1	1	1	FALSE	FALSE	
10010	4	3	0.75	TRUE	FALSE	
100101266	1	1	1	FALSE	FALSE	
100101467	5	2	0.4	TRUE	FALSE	
100101938	1	1	1	FALSE	FALSE	
10011	2	2	1	FALSE	FALSE	
100113403	1	1	1	FALSE	FALSE	
100113407	1	1	1	FALSE	FALSE	
100124700	1	1	1	FALSE	FALSE	
100125288	1	1	1	FALSE	FALSE	
100126784	3	2	0.666666666666667	TRUE	FALSE	
100126791	1	1	1	FALSE	FALSE	
100126793	2	2	1	FALSE	FALSE	
100127888	1	1	1	FALSE	FALSE	
100127938	1	1	1	FALSE	FALSE	
100127950	1	1	1	FALSE	FALSE	
100127955	1	1	1	FALSE	FALSE	
100127983	2	2	1	FALSE	FALSE	
100128025	2	1	0.5	TRUE	FALSE	
100128071	2	1	0.5	TRUE	FALSE	
100128079	1	1	1	FALSE	FALSE	
100128081	1	1	1	FALSE	FALSE	
100128098	1	1	1	FALSE	FALSE	
100128108	1	1	1	FALSE	FALSE	
100128124	1	1	1	FALSE	FALSE	
100128126	1	1	1	FALSE	FALSE	
100128139	1	1	1	FALSE	FALSE	
100128164	1	1	1	FALSE	FALSE	
100128176	2	1	0.5	TRUE	FALSE	
100128191	1	1	1	FALSE	FALSE	
100128239	1	1	1	FALSE	FALSE	
100128252	1	1	1	FALSE	FALSE	
100128262	1	1	1	FALSE	FALSE	
100128285	1	1	1	FALSE	FALSE	
100128288	1	1	1	FALSE	FALSE	
100128292	2	1	0.5	TRUE	FALSE	
100128325	1	1	1	FALSE	FALSE	
100128327	1	1	1	FALSE	FALSE	
100128398	2	1	0.5	TRUE	FALSE	
100128420	1	1	1	FALSE	FALSE	
100128496	1	1	1	FALSE	FALSE	
100128511	1	1	1	FALSE	FALSE	
100128537	1	1	1	FALSE	FALSE	
100128554	1	1	1	FALSE	FALSE	
100128590	2	1	0.5	TRUE	FALSE	
100128594	1	1	1	FALSE	FALSE	
100128653	1	1	1	FALSE	FALSE	
100128731	1	1	1	FALSE	FALSE	
100128750	1	1	1	FALSE	FALSE	
100128782	4	3	0.75	TRUE	FALSE	
100128788	1	1	1	FALSE	FALSE	
100128822	1	1	1	FALSE	FALSE	
100128830	1	1	1	FALSE	FALSE	
100128881	1	1	1	FALSE	FALSE	
100128893	1	1	1	FALSE	FALSE	
100128927	1	1	1	FALSE	FALSE	
100128946	1	1	1	FALSE	FALSE	
100128977	3	2	0.666666666666667	TRUE	FALSE	
100128988	2	2	1	FALSE	FALSE	
100128993	1	1	1	FALSE	FALSE	
100128998	2	2	1	FALSE	FALSE	
100129029	1	1	1	FALSE	FALSE	
100129034	2	2	1	FALSE	FALSE	
100129098	1	1	1	FALSE	FALSE	
100129129	2	2	1	FALSE	FALSE	
100129175	1	1	1	FALSE	FALSE	
100129195	1	1	1	FALSE	FALSE	
100129196	2	2	1	FALSE	FALSE	
100129250	2	2	1	FALSE	FALSE	
100129271	2	2	1	FALSE	FALSE	
100129361	3	3	1	FALSE	FALSE	
100129387	2	2	1	FALSE	FALSE	
100129427	1	1	1	FALSE	FALSE	
100129455	1	1	1	FALSE	FALSE	
100129460	1	1	1	FALSE	FALSE	
100129461	2	1	0.5	TRUE	FALSE	
100129482	2	2	1	FALSE	FALSE	
100129528	1	1	1	FALSE	FALSE	
100129550	1	1	1	FALSE	FALSE	
100129583	1	1	1	FALSE	FALSE	
100129597	1	1	1	FALSE	FALSE	
100129603	1	1	1	FALSE	FALSE	
100129620	1	1	1	FALSE	FALSE	
100129654	1	1	1	FALSE	FALSE	
100129662	1	1	1	FALSE	FALSE	
100129716	1	1	1	FALSE	FALSE	
100129726	1	1	1	FALSE	FALSE	
100129792	1	1	1	FALSE	FALSE	
100129794	1	1	1	FALSE	FALSE	
100129827	1	1	1	FALSE	FALSE	
100129845	1	1	1	FALSE	FALSE	
100129858	2	2	1	FALSE	FALSE	
100129917	1	1	1	FALSE	FALSE	
100129935	1	1	1	FALSE	FALSE	
100129961	1	1	1	FALSE	FALSE	
100129969	1	1	1	FALSE	FALSE	
100129973	1	1	1	FALSE	FALSE	
10013	3	2	0.666666666666667	TRUE	FALSE	
100130111	2	2	1	FALSE	FALSE	
100130155	3	1	0.333333333333333	TRUE	FALSE	
100130249	1	1	1	FALSE	FALSE	
100130264	1	1	1	FALSE	FALSE	
100130268	1	1	1	FALSE	FALSE	
100130275	2	1	0.5	TRUE	FALSE	
100130331	1	1	1	FALSE	FALSE	
100130348	1	1	1	FALSE	FALSE	
100130357	1	1	1	FALSE	FALSE	
100130370	2	2	1	FALSE	FALSE	
100130417	2	1	0.5	TRUE	FALSE	
100130418	1	1	1	FALSE	FALSE	
100130449	1	1	1	FALSE	FALSE	
100130452	1	1	1	FALSE	FALSE	
100130460	1	1	1	FALSE	FALSE	
100130476	1	1	1	FALSE	FALSE	
100130519	2	2	1	FALSE	FALSE	
100130522	2	2	1	FALSE	FALSE	
100130548	1	1	1	FALSE	FALSE	
100130557	1	1	1	FALSE	FALSE	
100130581	1	1	1	FALSE	FALSE	
100130613	1	1	1	FALSE	FALSE	
100130691	1	1	1	FALSE	FALSE	
100130700	1	1	1	FALSE	FALSE	
100130705	1	1	1	FALSE	FALSE	
100130717	1	1	1	FALSE	FALSE	
100130742	1	1	1	FALSE	FALSE	
100130744	1	1	1	FALSE	FALSE	
100130776	1	1	1	FALSE	FALSE	
100130855	1	1	1	FALSE	FALSE	
100130872	1	1	1	FALSE	FALSE	
100130889	1	1	1	FALSE	FALSE	
100130894	1	1	1	FALSE	FALSE	
100130933	1	1	1	FALSE	FALSE	
100130934	1	1	1	FALSE	FALSE	
100130950	2	2	1	FALSE	FALSE	
100130958	1	1	1	FALSE	FALSE	
100130964	1	1	1	FALSE	FALSE	
100130967	1	1	1	FALSE	FALSE	
100130992	1	1	1	FALSE	FALSE	
100131017	1	1	1	FALSE	FALSE	
100131067	2	2	1	FALSE	FALSE	
100131117	1	1	1	FALSE	FALSE	
100131138	1	1	1	FALSE	FALSE	
100131176	1	1	1	FALSE	FALSE	
100131187	1	1	1	FALSE	FALSE	
100131211	1	1	1	FALSE	FALSE	
100131213	4	3	0.75	TRUE	FALSE	
100131303	1	1	1	FALSE	FALSE	
100131347	1	1	1	FALSE	FALSE	
100131366	1	1	1	FALSE	FALSE	
100131434	1	1	1	FALSE	FALSE	
100131454	1	1	1	FALSE	FALSE	
100131496	1	1	1	FALSE	FALSE	
100131532	1	1	1	FALSE	FALSE	
100131551	1	1	1	FALSE	FALSE	
100131561	1	1	1	FALSE	FALSE	
100131564	1	1	1	FALSE	FALSE	
100131655	1	1	1	FALSE	FALSE	
100131691	1	1	1	FALSE	FALSE	
100131733	1	1	1	FALSE	FALSE	
100131755	4	2	0.5	TRUE	FALSE	
100131801	1	1	1	FALSE	FALSE	
100131814	1	1	1	FALSE	FALSE	
100131816	1	1	1	FALSE	FALSE	
100131825	1	1	1	FALSE	FALSE	
100131827	3	3	1	FALSE	FALSE	
100131897	1	1	1	FALSE	FALSE	
100131980	1	1	1	FALSE	FALSE	
100131997	1	1	1	FALSE	FALSE	
100131998	2	2	1	FALSE	FALSE	
100132057	1	1	1	FALSE	FALSE	
100132077	1	1	1	FALSE	FALSE	
100132078	1	1	1	FALSE	FALSE	
100132101	3	2	0.666666666666667	TRUE	FALSE	
100132116	1	1	1	FALSE	FALSE	
100132169	1	1	1	FALSE	FALSE	
100132234	1	1	1	FALSE	FALSE	
100132249	1	1	1	FALSE	FALSE	
100132341	4	3	0.75	TRUE	FALSE	
100132352	1	1	1	FALSE	FALSE	
100132354	1	1	1	FALSE	FALSE	
100132356	1	1	1	FALSE	FALSE	
100132464	1	1	1	FALSE	FALSE	
100132618	1	1	1	FALSE	FALSE	
100132677	1	1	1	FALSE	FALSE	
100132686	1	1	1	FALSE	FALSE	
100132707	2	2	1	FALSE	FALSE	
100132708	1	1	1	FALSE	FALSE	
100132735	1	1	1	FALSE	FALSE	
100132815	4	1	0.25	TRUE	FALSE	
100132891	1	1	1	FALSE	FALSE	
100132923	1	1	1	FALSE	FALSE	
100132987	1	1	1	FALSE	FALSE	
100133190	1	1	1	FALSE	FALSE	
100133205	1	1	1	FALSE	FALSE	
100133308	2	1	0.5	TRUE	FALSE	
100133311	1	1	1	FALSE	FALSE	
100133319	1	1	1	FALSE	FALSE	
100133461	1	1	1	FALSE	FALSE	
100133612	2	2	1	FALSE	FALSE	
100133669	1	1	1	FALSE	FALSE	
100133941	3	3	1	FALSE	FALSE	
100133985	1	1	1	FALSE	FALSE	
100133991	1	1	1	FALSE	FALSE	
100134040	1	1	1	FALSE	FALSE	
100134229	1	1	1	FALSE	FALSE	
100134259	1	1	1	FALSE	FALSE	
100134368	1	1	1	FALSE	FALSE	
100134713	1	1	1	FALSE	FALSE	
10014	2	1	0.5	TRUE	FALSE	
100141515	1	1	1	FALSE	FALSE	
100144596	1	1	1	FALSE	FALSE	
100144597	2	2	1	FALSE	FALSE	
100144602	1	1	1	FALSE	FALSE	
100144603	1	1	1	FALSE	FALSE	
100144604	1	1	1	FALSE	FALSE	
100144748	1	1	1	FALSE	FALSE	
100147773	1	1	1	FALSE	FALSE	
10015	2	2	1	FALSE	FALSE	
10016	3	3	1	FALSE	FALSE	
100169752	1	1	1	FALSE	FALSE	
100169890	1	1	1	FALSE	FALSE	
100169989	1	1	1	FALSE	FALSE	
10017	2	1	0.5	TRUE	FALSE	
100170229	1	1	1	FALSE	FALSE	
100170765	1	1	1	FALSE	FALSE	
100170841	1	1	1	FALSE	FALSE	
10018	7	5	0.714285714285714	TRUE	FALSE	
100188953	1	1	1	FALSE	FALSE	
100189589	1	1	1	FALSE	FALSE	
10019	1	1	1	FALSE	FALSE	
100190938	1	1	1	FALSE	FALSE	
100190939	5	3	0.6	TRUE	FALSE	
100190986	2	2	1	FALSE	FALSE	
100192378	2	2	1	FALSE	FALSE	
100192379	1	1	1	FALSE	FALSE	
100192386	1	1	1	FALSE	FALSE	
1002	4	3	0.75	TRUE	FALSE	
10020	1	1	1	FALSE	FALSE	
10021	2	2	1	FALSE	FALSE	
100216479	1	1	1	FALSE	FALSE	
100216545	1	1	1	FALSE	FALSE	
100216546	3	1	0.333333333333333	TRUE	FALSE	
10022	1	1	1	FALSE	FALSE	
10023	1	1	1	FALSE	FALSE	
100233209	1	1	1	FALSE	FALSE	
10024	2	2	1	FALSE	FALSE	
100240728	1	1	1	FALSE	FALSE	
100240734	1	1	1	FALSE	FALSE	
10025	3	2	0.666666666666667	TRUE	FALSE	
10026	3	2	0.666666666666667	TRUE	FALSE	
100268168	1	1	1	FALSE	FALSE	
100270679	1	1	1	FALSE	FALSE	
100270680	1	1	1	FALSE	FALSE	
100270804	1	1	1	FALSE	FALSE	
100271715	1	1	1	FALSE	FALSE	
100271722	1	1	1	FALSE	FALSE	
100272147	1	1	1	FALSE	FALSE	
100272217	2	2	1	FALSE	FALSE	
100272228	3	2	0.666666666666667	TRUE	FALSE	
100286844	2	1	0.5	TRUE	TRUE	244543_s_at
100286922	1	1	1	FALSE	FALSE	
100286925	1	1	1	FALSE	FALSE	
100287015	2	2	1	FALSE	FALSE	
100287098	1	1	1	FALSE	FALSE	
100287114	1	1	1	FALSE	FALSE	
100287171	2	1	0.5	TRUE	FALSE	
100287177	2	2	1	FALSE	FALSE	
100287216	1	1	1	FALSE	FALSE	
100287227	1	1	1	FALSE	FALSE	
100287290	3	2	0.666666666666667	TRUE	FALSE	
100287366	1	1	1	FALSE	FALSE	
100287387	1	1	1	FALSE	FALSE	
100287482	1	1	1	FALSE	FALSE	
100287497	2	2	1	FALSE	FALSE	
100287569	2	2	1	FALSE	FALSE	
100287616	1	1	1	FALSE	FALSE	
100287704	1	1	1	FALSE	FALSE	
100287765	3	3	1	FALSE	FALSE	
100287808	1	1	1	FALSE	FALSE	
100287814	1	1	1	FALSE	FALSE	
100287896	1	1	1	FALSE	FALSE	
100287898	1	1	1	FALSE	FALSE	
100287902	1	1	1	FALSE	FALSE	
100287932	4	3	0.75	TRUE	FALSE	
100288079	1	1	1	FALSE	FALSE	
100288122	1	1	1	FALSE	FALSE	
100288123	1	1	1	FALSE	FALSE	
100288152	1	1	1	FALSE	FALSE	
100288181	1	1	1	FALSE	FALSE	
100288198	2	1	0.5	TRUE	TRUE	1559404_a_at
100288413	1	1	1	FALSE	FALSE	
100288432	2	2	1	FALSE	FALSE	
100288570	1	1	1	FALSE	FALSE	
100288590	1	1	1	FALSE	FALSE	
100288656	1	1	1	FALSE	FALSE	
100288730	1	1	1	FALSE	FALSE	
100288797	2	2	1	FALSE	FALSE	
100288798	1	1	1	FALSE	FALSE	
100288805	1	1	1	FALSE	FALSE	
100288911	2	2	1	FALSE	FALSE	
100288966	1	1	1	FALSE	FALSE	
100289019	1	1	1	FALSE	FALSE	
100289061	1	1	1	FALSE	FALSE	
100289092	1	1	1	FALSE	FALSE	
100289098	1	1	1	FALSE	FALSE	
100289137	1	1	1	FALSE	FALSE	
100289187	1	1	1	FALSE	FALSE	
100289211	1	1	1	FALSE	FALSE	
100289230	1	1	1	FALSE	FALSE	
100289255	2	2	1	FALSE	FALSE	
100289274	2	1	0.5	TRUE	FALSE	
100289361	1	1	1	FALSE	FALSE	
100289373	2	2	1	FALSE	FALSE	
100289410	1	1	1	FALSE	FALSE	
100289495	1	1	1	FALSE	FALSE	
100289509	1	1	1	FALSE	FALSE	
100289518	1	1	1	FALSE	FALSE	
100289635	2	1	0.5	TRUE	FALSE	
100289678	2	2	1	FALSE	FALSE	
100289683	1	1	1	FALSE	FALSE	
100292680	2	2	1	FALSE	FALSE	
100294145	1	1	1	FALSE	FALSE	
100294362	1	1	1	FALSE	FALSE	
100294720	1	1	1	FALSE	FALSE	
1003	1	1	1	FALSE	FALSE	
100302522	1	1	1	FALSE	FALSE	
100302640	1	1	1	FALSE	FALSE	
100302650	1	1	1	FALSE	FALSE	
100302691	2	1	0.5	TRUE	FALSE	
100302692	1	1	1	FALSE	FALSE	
100302737	1	1	1	FALSE	FALSE	
100302740	1	1	1	FALSE	FALSE	
100303728	2	1	0.5	TRUE	FALSE	
100303755	2	2	1	FALSE	FALSE	
100306951	1	1	1	FALSE	FALSE	
100309464	1	1	1	FALSE	FALSE	
100310756	1	1	1	FALSE	FALSE	
100312850	1	1	1	FALSE	FALSE	
100313865	1	1	1	FALSE	FALSE	
100316868	3	3	1	FALSE	FALSE	
100316904	1	1	1	FALSE	FALSE	
100329135	1	1	1	FALSE	FALSE	
100359394	1	1	1	FALSE	FALSE	
10036	4	2	0.5	TRUE	FALSE	
100379174	1	1	1	FALSE	FALSE	
100379345	1	1	1	FALSE	FALSE	
100379661	1	1	1	FALSE	FALSE	
10038	1	1	1	FALSE	FALSE	
100381270	2	1	0.5	TRUE	FALSE	
10039	1	1	1	FALSE	FALSE	
1004	6	3	0.5	TRUE	FALSE	
10040	2	2	1	FALSE	FALSE	
100419741	1	1	1	FALSE	FALSE	
10042	2	2	1	FALSE	FALSE	
100420872	1	1	1	FALSE	FALSE	
100421171	1	1	1	FALSE	FALSE	
100421494	1	1	1	FALSE	FALSE	
100421577	1	1	1	FALSE	FALSE	
100421589	1	1	1	FALSE	FALSE	
100422212	1	1	1	FALSE	FALSE	
100422526	1	1	1	FALSE	FALSE	
100422737	2	1	0.5	TRUE	FALSE	
100422781	1	1	1	FALSE	FALSE	
100423041	1	1	1	FALSE	FALSE	
10043	1	1	1	FALSE	FALSE	
10044	3	2	0.666666666666667	TRUE	FALSE	
10045	1	1	1	FALSE	FALSE	
10046	1	1	1	FALSE	FALSE	
100462953	1	1	1	FALSE	FALSE	
10047	1	1	1	FALSE	FALSE	
10048	4	3	0.75	TRUE	FALSE	
10049	1	1	1	FALSE	FALSE	
100498859	1	1	1	FALSE	FALSE	
100499171	1	1	1	FALSE	FALSE	
100499177	1	1	1	FALSE	FALSE	
100499194	1	1	1	FALSE	FALSE	
100499227	1	1	1	FALSE	FALSE	
100499466	3	2	0.666666666666667	TRUE	FALSE	
100499467	1	1	1	FALSE	FALSE	
100499489	2	2	1	FALSE	FALSE	
1005	2	2	1	FALSE	FALSE	
10050	2	2	1	FALSE	FALSE	
100500850	1	1	1	FALSE	FALSE	
100505474	1	1	1	FALSE	FALSE	
100505478	1	1	1	FALSE	FALSE	
100505483	3	2	0.666666666666667	TRUE	FALSE	
100505495	1	1	1	FALSE	FALSE	
100505498	2	1	0.5	TRUE	FALSE	
100505501	1	1	1	FALSE	FALSE	
100505515	1	1	1	FALSE	FALSE	
100505518	1	1	1	FALSE	FALSE	
100505530	1	1	1	FALSE	FALSE	
100505534	1	1	1	FALSE	FALSE	
100505536	1	1	1	FALSE	FALSE	
100505538	2	2	1	FALSE	FALSE	
100505540	1	1	1	FALSE	FALSE	
100505545	1	1	1	FALSE	FALSE	
100505547	1	1	1	FALSE	FALSE	
100505549	2	2	1	FALSE	FALSE	
100505555	1	1	1	FALSE	FALSE	
100505570	1	1	1	FALSE	FALSE	
100505573	2	2	1	FALSE	FALSE	
100505576	1	1	1	FALSE	FALSE	
100505583	1	1	1	FALSE	FALSE	
100505591	1	1	1	FALSE	FALSE	
100505592	1	1	1	FALSE	FALSE	
100505601	1	1	1	FALSE	FALSE	
100505609	2	2	1	FALSE	FALSE	
100505616	1	1	1	FALSE	FALSE	
100505619	1	1	1	FALSE	FALSE	
100505621	1	1	1	FALSE	FALSE	
100505622	1	1	1	FALSE	FALSE	
100505624	2	2	1	FALSE	FALSE	
100505633	2	1	0.5	TRUE	FALSE	
100505635	1	1	1	FALSE	FALSE	
100505641	2	1	0.5	TRUE	FALSE	
100505648	2	2	1	FALSE	FALSE	
100505658	1	1	1	FALSE	FALSE	
100505659	1	1	1	FALSE	FALSE	
100505664	1	1	1	FALSE	FALSE	
100505666	1	1	1	FALSE	FALSE	
100505676	1	1	1	FALSE	FALSE	
100505681	2	2	1	FALSE	FALSE	
100505683	1	1	1	FALSE	FALSE	
100505685	1	1	1	FALSE	FALSE	
100505687	2	2	1	FALSE	FALSE	
100505696	1	1	1	FALSE	FALSE	
100505702	1	1	1	FALSE	FALSE	
100505711	1	1	1	FALSE	FALSE	
100505715	1	1	1	FALSE	FALSE	
100505716	1	1	1	FALSE	FALSE	
100505718	1	1	1	FALSE	FALSE	
100505738	2	1	0.5	TRUE	FALSE	
100505741	1	1	1	FALSE	FALSE	
100505746	2	2	1	FALSE	FALSE	
100505758	1	1	1	FALSE	FALSE	
100505761	1	1	1	FALSE	FALSE	
100505768	1	1	1	FALSE	FALSE	
100505774	1	1	1	FALSE	FALSE	
100505776	1	1	1	FALSE	FALSE	
100505782	1	1	1	FALSE	FALSE	
100505783	3	3	1	FALSE	FALSE	
100505797	1	1	1	FALSE	FALSE	
100505806	1	1	1	FALSE	FALSE	
100505811	1	1	1	FALSE	FALSE	
100505812	2	2	1	FALSE	FALSE	
100505817	1	1	1	FALSE	FALSE	
100505824	1	1	1	FALSE	FALSE	
100505826	1	1	1	FALSE	FALSE	
100505832	1	1	1	FALSE	FALSE	
100505835	1	1	1	FALSE	FALSE	
100505839	1	1	1	FALSE	FALSE	
100505841	1	1	1	FALSE	FALSE	
100505851	2	1	0.5	TRUE	FALSE	
100505852	1	1	1	FALSE	FALSE	
100505853	1	1	1	FALSE	FALSE	
100505854	2	1	0.5	TRUE	FALSE	
100505865	1	1	1	FALSE	FALSE	
100505874	1	1	1	FALSE	FALSE	
100505875	1	1	1	FALSE	FALSE	
100505876	2	2	1	FALSE	FALSE	
100505877	1	1	1	FALSE	FALSE	
100505878	1	1	1	FALSE	FALSE	
100505879	3	2	0.666666666666667	TRUE	FALSE	
100505881	3	3	1	FALSE	FALSE	
100505890	1	1	1	FALSE	FALSE	
100505893	1	1	1	FALSE	FALSE	
100505894	1	1	1	FALSE	FALSE	
100505912	1	1	1	FALSE	FALSE	
100505915	1	1	1	FALSE	FALSE	
100505918	1	1	1	FALSE	FALSE	
100505920	1	1	1	FALSE	FALSE	
100505929	1	1	1	FALSE	FALSE	
100505933	3	3	1	FALSE	FALSE	
100505938	1	1	1	FALSE	FALSE	
100505942	1	1	1	FALSE	FALSE	
100505964	1	1	1	FALSE	FALSE	
100505967	1	1	1	FALSE	FALSE	
100505975	1	1	1	FALSE	FALSE	
100505978	1	1	1	FALSE	FALSE	
100505985	1	1	1	FALSE	FALSE	
100505989	1	1	1	FALSE	FALSE	
100505996	1	1	1	FALSE	FALSE	
100506012	2	1	0.5	TRUE	FALSE	
100506013	1	1	1	FALSE	FALSE	
100506016	1	1	1	FALSE	FALSE	
100506022	1	1	1	FALSE	FALSE	
100506025	2	2	1	FALSE	FALSE	
100506033	2	1	0.5	TRUE	FALSE	
100506046	1	1	1	FALSE	FALSE	
100506047	1	1	1	FALSE	FALSE	
100506049	1	1	1	FALSE	FALSE	
100506054	1	1	1	FALSE	FALSE	
100506068	1	1	1	FALSE	FALSE	
100506070	2	2	1	FALSE	FALSE	
100506071	1	1	1	FALSE	FALSE	
100506082	1	1	1	FALSE	FALSE	
100506083	1	1	1	FALSE	FALSE	
100506098	1	1	1	FALSE	FALSE	
100506100	1	1	1	FALSE	FALSE	
100506108	1	1	1	FALSE	FALSE	
100506113	1	1	1	FALSE	FALSE	
100506115	1	1	1	FALSE	FALSE	
100506119	1	1	1	FALSE	FALSE	
100506122	1	1	1	FALSE	FALSE	
100506125	1	1	1	FALSE	FALSE	
100506126	1	1	1	FALSE	FALSE	
100506127	2	2	1	FALSE	FALSE	
100506142	2	2	1	FALSE	FALSE	
100506144	1	1	1	FALSE	FALSE	
100506161	1	1	1	FALSE	FALSE	
100506172	2	2	1	FALSE	FALSE	
100506175	1	1	1	FALSE	FALSE	
100506190	1	1	1	FALSE	FALSE	
100506195	4	3	0.75	TRUE	FALSE	
100506207	2	2	1	FALSE	FALSE	
100506211	2	2	1	FALSE	FALSE	
100506215	2	2	1	FALSE	FALSE	
100506229	1	1	1	FALSE	FALSE	
100506233	2	1	0.5	TRUE	FALSE	
100506236	1	1	1	FALSE	FALSE	
100506237	1	1	1	FALSE	FALSE	
100506243	1	1	1	FALSE	FALSE	
100506258	2	1	0.5	TRUE	FALSE	
100506271	1	1	1	FALSE	FALSE	
100506272	1	1	1	FALSE	FALSE	
100506274	2	1	0.5	TRUE	FALSE	
100506275	1	1	1	FALSE	FALSE	
100506282	1	1	1	FALSE	FALSE	
100506286	1	1	1	FALSE	FALSE	
100506289	1	1	1	FALSE	FALSE	
100506299	2	2	1	FALSE	FALSE	
100506302	1	1	1	FALSE	FALSE	
100506305	1	1	1	FALSE	FALSE	
100506311	2	2	1	FALSE	FALSE	
100506314	2	2	1	FALSE	FALSE	
100506319	1	1	1	FALSE	FALSE	
100506325	1	1	1	FALSE	FALSE	
100506328	1	1	1	FALSE	FALSE	
100506343	1	1	1	FALSE	FALSE	
100506365	2	2	1	FALSE	FALSE	
100506368	1	1	1	FALSE	FALSE	
100506371	1	1	1	FALSE	FALSE	
100506374	1	1	1	FALSE	FALSE	
100506380	2	1	0.5	TRUE	FALSE	
100506385	1	1	1	FALSE	FALSE	
100506388	1	1	1	FALSE	FALSE	
100506392	2	1	0.5	TRUE	FALSE	
100506405	1	1	1	FALSE	FALSE	
100506406	1	1	1	FALSE	FALSE	
100506409	1	1	1	FALSE	FALSE	
100506411	2	2	1	FALSE	FALSE	
100506413	1	1	1	FALSE	FALSE	
100506421	1	1	1	FALSE	FALSE	
100506428	2	1	0.5	TRUE	FALSE	
100506433	1	1	1	FALSE	FALSE	
100506436	2	2	1	FALSE	FALSE	
100506443	1	1	1	FALSE	FALSE	
100506446	1	1	1	FALSE	FALSE	
100506451	2	2	1	FALSE	FALSE	
100506457	2	1	0.5	TRUE	FALSE	
100506462	1	1	1	FALSE	FALSE	
100506465	2	1	0.5	TRUE	FALSE	
100506469	2	2	1	FALSE	FALSE	
100506470	1	1	1	FALSE	FALSE	
100506472	2	2	1	FALSE	FALSE	
100506473	1	1	1	FALSE	FALSE	
100506475	2	1	0.5	TRUE	FALSE	
100506476	1	1	1	FALSE	FALSE	
100506489	1	1	1	FALSE	FALSE	
100506492	1	1	1	FALSE	FALSE	
100506495	1	1	1	FALSE	FALSE	
100506497	2	2	1	FALSE	FALSE	
100506498	1	1	1	FALSE	FALSE	
100506504	1	1	1	FALSE	FALSE	
100506526	1	1	1	FALSE	FALSE	
100506527	1	1	1	FALSE	FALSE	
100506530	1	1	1	FALSE	FALSE	
100506540	2	1	0.5	TRUE	FALSE	
100506542	1	1	1	FALSE	FALSE	
100506555	1	1	1	FALSE	FALSE	
100506563	1	1	1	FALSE	FALSE	
100506571	1	1	1	FALSE	FALSE	
100506581	1	1	1	FALSE	FALSE	
100506585	1	1	1	FALSE	FALSE	
100506599	2	2	1	FALSE	FALSE	
100506603	1	1	1	FALSE	FALSE	
100506606	1	1	1	FALSE	FALSE	
100506622	1	1	1	FALSE	FALSE	
100506639	1	1	1	FALSE	FALSE	
100506649	1	1	1	FALSE	FALSE	
100506655	2	1	0.5	TRUE	FALSE	
100506658	4	4	1	FALSE	FALSE	
100506660	1	1	1	FALSE	FALSE	
100506668	2	2	1	FALSE	FALSE	
100506675	2	2	1	FALSE	FALSE	
100506677	1	1	1	FALSE	FALSE	
100506679	1	1	1	FALSE	FALSE	
100506680	2	2	1	FALSE	FALSE	
100506681	1	1	1	FALSE	FALSE	
100506686	1	1	1	FALSE	FALSE	
100506691	1	1	1	FALSE	FALSE	
100506696	1	1	1	FALSE	FALSE	
100506697	1	1	1	FALSE	FALSE	
100506710	3	3	1	FALSE	FALSE	
100506713	2	1	0.5	TRUE	FALSE	
100506714	1	1	1	FALSE	FALSE	
100506724	1	1	1	FALSE	FALSE	
100506725	1	1	1	FALSE	FALSE	
100506730	2	2	1	FALSE	FALSE	
100506731	1	1	1	FALSE	FALSE	
100506733	3	3	1	FALSE	FALSE	
100506742	1	1	1	FALSE	FALSE	
100506753	1	1	1	FALSE	FALSE	
100506755	1	1	1	FALSE	FALSE	
100506765	1	1	1	FALSE	FALSE	
100506769	1	1	1	FALSE	FALSE	
100506776	1	1	1	FALSE	FALSE	
100506779	2	1	0.5	TRUE	FALSE	
100506783	1	1	1	FALSE	FALSE	
100506790	1	1	1	FALSE	FALSE	
100506791	1	1	1	FALSE	FALSE	
100506795	1	1	1	FALSE	FALSE	
100506797	1	1	1	FALSE	FALSE	
100506826	1	1	1	FALSE	FALSE	
100506827	1	1	1	FALSE	FALSE	
100506834	2	1	0.5	TRUE	FALSE	
100506840	1	1	1	FALSE	FALSE	
100506844	2	1	0.5	TRUE	FALSE	
100506851	1	1	1	FALSE	FALSE	
100506858	1	1	1	FALSE	FALSE	
100506860	2	2	1	FALSE	FALSE	
100506874	1	1	1	FALSE	FALSE	
100506885	1	1	1	FALSE	FALSE	
100506895	1	1	1	FALSE	FALSE	
100506898	1	1	1	FALSE	FALSE	
100506901	1	1	1	FALSE	FALSE	
100506907	3	2	0.666666666666667	TRUE	FALSE	
100506915	1	1	1	FALSE	FALSE	
100506922	1	1	1	FALSE	FALSE	
100506929	1	1	1	FALSE	FALSE	
100506930	3	3	1	FALSE	FALSE	
100506939	1	1	1	FALSE	FALSE	
100506963	1	1	1	FALSE	FALSE	
100506965	2	2	1	FALSE	FALSE	
100506990	2	2	1	FALSE	FALSE	
100506994	1	1	1	FALSE	FALSE	
100506999	1	1	1	FALSE	FALSE	
100507006	1	1	1	FALSE	FALSE	
100507008	1	1	1	FALSE	FALSE	
100507027	1	1	1	FALSE	FALSE	
100507032	2	2	1	FALSE	FALSE	
100507034	1	1	1	FALSE	FALSE	
100507043	1	1	1	FALSE	FALSE	
100507044	1	1	1	FALSE	FALSE	
100507050	1	1	1	FALSE	FALSE	
100507053	2	2	1	FALSE	FALSE	
100507057	1	1	1	FALSE	FALSE	
100507058	1	1	1	FALSE	FALSE	
100507059	1	1	1	FALSE	FALSE	
100507062	2	1	0.5	TRUE	FALSE	
100507064	3	2	0.666666666666667	TRUE	FALSE	
100507066	1	1	1	FALSE	FALSE	
100507073	1	1	1	FALSE	FALSE	
100507086	1	1	1	FALSE	FALSE	
100507098	5	1	0.2	TRUE	FALSE	
100507099	1	1	1	FALSE	FALSE	
100507103	1	1	1	FALSE	FALSE	
100507114	1	1	1	FALSE	FALSE	
100507117	1	1	1	FALSE	FALSE	
100507135	1	1	1	FALSE	FALSE	
100507140	1	1	1	FALSE	FALSE	
100507143	1	1	1	FALSE	FALSE	
100507156	1	1	1	FALSE	FALSE	
100507171	2	2	1	FALSE	FALSE	
100507173	1	1	1	FALSE	FALSE	
100507178	1	1	1	FALSE	FALSE	
100507194	1	1	1	FALSE	FALSE	
100507201	1	1	1	FALSE	FALSE	
100507203	2	1	0.5	TRUE	FALSE	
100507206	1	1	1	FALSE	FALSE	
100507217	1	1	1	FALSE	FALSE	
100507218	1	1	1	FALSE	FALSE	
100507240	2	2	1	FALSE	FALSE	
100507244	2	2	1	FALSE	FALSE	
100507246	2	2	1	FALSE	FALSE	
100507249	1	1	1	FALSE	FALSE	
100507250	1	1	1	FALSE	FALSE	
100507254	2	2	1	FALSE	FALSE	
100507257	1	1	1	FALSE	FALSE	
100507261	1	1	1	FALSE	FALSE	
100507266	1	1	1	FALSE	FALSE	
100507267	2	2	1	FALSE	FALSE	
100507274	3	2	0.666666666666667	TRUE	FALSE	
100507277	1	1	1	FALSE	FALSE	
100507283	2	2	1	FALSE	FALSE	
100507290	2	2	1	FALSE	FALSE	
100507291	1	1	1	FALSE	FALSE	
100507297	1	1	1	FALSE	FALSE	
100507299	1	1	1	FALSE	FALSE	
100507300	2	2	1	FALSE	FALSE	
100507316	3	2	0.666666666666667	TRUE	FALSE	
100507321	2	1	0.5	TRUE	FALSE	
100507336	1	1	1	FALSE	FALSE	
100507351	2	2	1	FALSE	FALSE	
100507362	1	1	1	FALSE	FALSE	
100507377	1	1	1	FALSE	FALSE	
100507384	1	1	1	FALSE	FALSE	
100507388	1	1	1	FALSE	FALSE	
100507389	2	1	0.5	TRUE	FALSE	
100507391	1	1	1	FALSE	FALSE	
100507392	1	1	1	FALSE	FALSE	
100507395	1	1	1	FALSE	FALSE	
100507398	2	1	0.5	TRUE	FALSE	
100507403	1	1	1	FALSE	FALSE	
100507410	1	1	1	FALSE	FALSE	
100507419	3	2	0.666666666666667	TRUE	FALSE	
100507421	3	2	0.666666666666667	TRUE	FALSE	
100507423	1	1	1	FALSE	FALSE	
100507428	3	1	0.333333333333333	TRUE	FALSE	
100507431	1	1	1	FALSE	FALSE	
100507433	1	1	1	FALSE	FALSE	
100507435	1	1	1	FALSE	FALSE	
100507436	1	1	1	FALSE	FALSE	
100507443	1	1	1	FALSE	FALSE	
100507458	1	1	1	FALSE	FALSE	
100507459	1	1	1	FALSE	FALSE	
100507461	1	1	1	FALSE	FALSE	
100507462	1	1	1	FALSE	FALSE	
100507463	2	2	1	FALSE	FALSE	
100507466	1	1	1	FALSE	FALSE	
100507468	1	1	1	FALSE	FALSE	
100507470	1	1	1	FALSE	FALSE	
100507475	1	1	1	FALSE	FALSE	
100507477	2	2	1	FALSE	FALSE	
100507480	1	1	1	FALSE	FALSE	
100507487	1	1	1	FALSE	FALSE	
100507495	2	2	1	FALSE	FALSE	
100507501	1	1	1	FALSE	FALSE	
100507506	1	1	1	FALSE	FALSE	
100507507	2	2	1	FALSE	FALSE	
100507513	1	1	1	FALSE	FALSE	
100507516	2	2	1	FALSE	FALSE	
100507524	1	1	1	FALSE	FALSE	
100507527	1	1	1	FALSE	FALSE	
100507530	2	1	0.5	TRUE	FALSE	
100507533	1	1	1	FALSE	FALSE	
100507534	1	1	1	FALSE	FALSE	
100507540	1	1	1	FALSE	FALSE	
100507557	1	1	1	FALSE	FALSE	
100507560	1	1	1	FALSE	FALSE	
100507562	1	1	1	FALSE	FALSE	
100507564	1	1	1	FALSE	FALSE	
100507567	2	2	1	FALSE	FALSE	
100507584	3	1	0.333333333333333	TRUE	FALSE	
100507600	1	1	1	FALSE	FALSE	
100507602	2	1	0.5	TRUE	FALSE	
100507605	1	1	1	FALSE	FALSE	
100507629	1	1	1	FALSE	FALSE	
100507632	1	1	1	FALSE	FALSE	
100507634	2	2	1	FALSE	FALSE	
100507642	1	1	1	FALSE	FALSE	
100507650	1	1	1	FALSE	FALSE	
100507670	1	1	1	FALSE	FALSE	
100508120	3	3	1	FALSE	FALSE	
100508631	1	1	1	FALSE	FALSE	
10051	2	2	1	FALSE	FALSE	
10052	4	3	0.75	TRUE	FALSE	
100526820	1	1	1	FALSE	FALSE	
100526833	2	1	0.5	TRUE	FALSE	
10053	2	2	1	FALSE	FALSE	
100533106	1	1	1	FALSE	FALSE	
100533178	1	1	1	FALSE	FALSE	
100533182	1	1	1	FALSE	FALSE	
100533184	1	1	1	FALSE	FALSE	
100533789	1	1	1	FALSE	FALSE	
10054	2	2	1	FALSE	FALSE	
10055	3	1	0.333333333333333	TRUE	FALSE	
10056	2	1	0.5	TRUE	FALSE	
10057	3	3	1	FALSE	FALSE	
10058	2	2	1	FALSE	FALSE	
10059	3	2	0.666666666666667	TRUE	FALSE	
1006	3	2	0.666666666666667	TRUE	FALSE	
10060	5	5	1	FALSE	FALSE	
10061	3	3	1	FALSE	FALSE	
100616104	1	1	1	FALSE	FALSE	
100616434	1	1	1	FALSE	FALSE	
100616497	1	1	1	FALSE	FALSE	
100616668	2	2	1	FALSE	FALSE	
10062	1	1	1	FALSE	FALSE	
100628307	1	1	1	FALSE	FALSE	
100628315	2	2	1	FALSE	FALSE	
10063	2	1	0.5	TRUE	FALSE	
100630918	1	1	1	FALSE	FALSE	
100630923	2	1	0.5	TRUE	FALSE	
100631378	2	2	1	FALSE	FALSE	
100642175	2	2	1	FALSE	FALSE	
100652730	1	1	1	FALSE	FALSE	
100652740	1	1	1	FALSE	FALSE	
100652768	1	1	1	FALSE	FALSE	
100652770	3	2	0.666666666666667	TRUE	FALSE	
100652772	1	1	1	FALSE	FALSE	
100652791	1	1	1	FALSE	FALSE	
100652824	1	1	1	FALSE	FALSE	
100652853	1	1	1	FALSE	FALSE	
100652856	2	2	1	FALSE	FALSE	
100652857	1	1	1	FALSE	FALSE	
100652911	1	1	1	FALSE	FALSE	
100652929	1	1	1	FALSE	FALSE	
100652999	1	1	1	FALSE	FALSE	
100653233	1	1	1	FALSE	FALSE	
10066	2	1	0.5	TRUE	FALSE	
10067	1	1	1	FALSE	FALSE	
10068	2	2	1	FALSE	FALSE	
100689073	2	2	1	FALSE	FALSE	
100689074	1	1	1	FALSE	FALSE	
10069	2	2	1	FALSE	FALSE	
1007	1	1	1	FALSE	FALSE	
10071	2	2	1	FALSE	FALSE	
10072	1	1	1	FALSE	FALSE	
10073	1	1	1	FALSE	FALSE	
10075	4	3	0.75	TRUE	FALSE	
10076	1	1	1	FALSE	FALSE	
10077	1	1	1	FALSE	FALSE	
10078	1	1	1	FALSE	FALSE	
10079	2	1	0.5	TRUE	FALSE	
1008	1	1	1	FALSE	FALSE	
10081	1	1	1	FALSE	FALSE	
10082	2	2	1	FALSE	FALSE	
100820829	1	1	1	FALSE	FALSE	
10083	2	2	1	FALSE	FALSE	
10084	3	2	0.666666666666667	TRUE	FALSE	
100847004	1	1	1	FALSE	FALSE	
10085	3	3	1	FALSE	FALSE	
100852405	1	1	1	FALSE	FALSE	
100852407	1	1	1	FALSE	FALSE	
100852408	1	1	1	FALSE	FALSE	
100852409	1	1	1	FALSE	FALSE	
100856811	1	1	1	FALSE	FALSE	
100859921	1	1	1	FALSE	FALSE	
100859930	1	1	1	FALSE	FALSE	
10086	2	2	1	FALSE	FALSE	
100861523	1	1	1	FALSE	FALSE	
100861532	1	1	1	FALSE	FALSE	
100861541	1	1	1	FALSE	FALSE	
100861543	1	1	1	FALSE	FALSE	
100861544	1	1	1	FALSE	FALSE	
100861545	1	1	1	FALSE	FALSE	
100861546	1	1	1	FALSE	FALSE	
100861547	1	1	1	FALSE	FALSE	
100861548	1	1	1	FALSE	FALSE	
100861551	1	1	1	FALSE	FALSE	
100861552	1	1	1	FALSE	FALSE	
100861553	1	1	1	FALSE	FALSE	
100861554	1	1	1	FALSE	FALSE	
100861555	1	1	1	FALSE	FALSE	
100861573	1	1	1	FALSE	FALSE	
100862662	1	1	1	FALSE	FALSE	
100862671	2	2	1	FALSE	FALSE	
100862679	1	1	1	FALSE	FALSE	
100862680	1	1	1	FALSE	FALSE	
100862697	1	1	1	FALSE	FALSE	
100862704	2	1	0.5	TRUE	FALSE	
10087	3	3	1	FALSE	FALSE	
100873930	1	1	1	FALSE	FALSE	
100873942	1	1	1	FALSE	FALSE	
100873954	1	1	1	FALSE	FALSE	
100873964	1	1	1	FALSE	FALSE	
100873979	1	1	1	FALSE	FALSE	
100873985	1	1	1	FALSE	FALSE	
100874012	1	1	1	FALSE	FALSE	
100874014	1	1	1	FALSE	FALSE	
100874016	1	1	1	FALSE	FALSE	
100874018	1	1	1	FALSE	FALSE	
100874021	1	1	1	FALSE	FALSE	
100874032	1	1	1	FALSE	FALSE	
100874034	1	1	1	FALSE	FALSE	
100874035	1	1	1	FALSE	FALSE	
100874038	1	1	1	FALSE	FALSE	
100874051	1	1	1	FALSE	FALSE	
100874058	1	1	1	FALSE	FALSE	
100874063	1	1	1	FALSE	FALSE	
100874068	2	1	0.5	TRUE	FALSE	
100874069	1	1	1	FALSE	FALSE	
100874074	1	1	1	FALSE	FALSE	
100874107	1	1	1	FALSE	FALSE	
100874110	1	1	1	FALSE	FALSE	
100874114	1	1	1	FALSE	FALSE	
100874143	1	1	1	FALSE	FALSE	
100874167	1	1	1	FALSE	FALSE	
100874178	1	1	1	FALSE	FALSE	
100874180	1	1	1	FALSE	FALSE	
100874182	2	1	0.5	TRUE	FALSE	
100874187	1	1	1	FALSE	FALSE	
100874194	1	1	1	FALSE	FALSE	
100874195	3	3	1	FALSE	FALSE	
100874205	3	2	0.666666666666667	TRUE	FALSE	
100874238	1	1	1	FALSE	FALSE	
100874239	1	1	1	FALSE	FALSE	
100874241	2	2	1	FALSE	FALSE	
100874243	1	1	1	FALSE	FALSE	
100874251	1	1	1	FALSE	FALSE	
100874253	1	1	1	FALSE	FALSE	
100874291	1	1	1	FALSE	FALSE	
100874292	1	1	1	FALSE	FALSE	
100874305	1	1	1	FALSE	FALSE	
100874314	1	1	1	FALSE	FALSE	
100874323	1	1	1	FALSE	FALSE	
100874362	2	1	0.5	TRUE	FALSE	
100874365	1	1	1	FALSE	FALSE	
100874371	1	1	1	FALSE	FALSE	
100874375	1	1	1	FALSE	FALSE	
100874392	2	2	1	FALSE	FALSE	
100874433	1	1	1	FALSE	FALSE	
100874529	1	1	1	FALSE	FALSE	
100885775	1	1	1	FALSE	FALSE	
100885778	1	1	1	FALSE	FALSE	
100885781	1	1	1	FALSE	FALSE	
100885798	1	1	1	FALSE	FALSE	
100885848	1	1	1	FALSE	FALSE	
10089	1	1	1	FALSE	FALSE	
1009	5	4	0.8	TRUE	FALSE	
10090	2	2	1	FALSE	FALSE	
10092	4	2	0.5	TRUE	FALSE	
10093	2	2	1	FALSE	FALSE	
10094	1	1	1	FALSE	FALSE	
10095	1	1	1	FALSE	FALSE	
10096	5	2	0.4	TRUE	FALSE	
10097	6	4	0.666666666666667	TRUE	FALSE	
10098	3	3	1	FALSE	FALSE	
10099	5	5	1	FALSE	FALSE	
100996246	1	1	1	FALSE	FALSE	
100996251	1	1	1	FALSE	FALSE	
100996263	1	1	1	FALSE	FALSE	
100996279	1	1	1	FALSE	FALSE	
100996280	1	1	1	FALSE	FALSE	
100996286	1	1	1	FALSE	FALSE	
100996295	1	1	1	FALSE	FALSE	
100996301	1	1	1	FALSE	FALSE	
100996325	1	1	1	FALSE	FALSE	
100996342	1	1	1	FALSE	FALSE	
100996345	1	1	1	FALSE	FALSE	
100996385	1	1	1	FALSE	FALSE	
100996404	1	1	1	FALSE	FALSE	
100996419	2	2	1	FALSE	FALSE	
100996425	1	1	1	FALSE	FALSE	
100996455	1	1	1	FALSE	FALSE	
100996485	1	1	1	FALSE	FALSE	
100996490	2	2	1	FALSE	FALSE	
100996492	3	1	0.333333333333333	TRUE	FALSE	
100996511	2	2	1	FALSE	FALSE	
100996539	1	1	1	FALSE	FALSE	
100996549	1	1	1	FALSE	FALSE	
100996570	3	3	1	FALSE	FALSE	
100996579	2	1	0.5	TRUE	FALSE	
100996583	1	1	1	FALSE	FALSE	
100996590	2	2	1	FALSE	FALSE	
100996597	1	1	1	FALSE	FALSE	
100996624	1	1	1	FALSE	FALSE	
100996654	1	1	1	FALSE	FALSE	
100996665	1	1	1	FALSE	FALSE	
100996671	1	1	1	FALSE	FALSE	
100996681	1	1	1	FALSE	FALSE	
100996694	1	1	1	FALSE	FALSE	
100996702	1	1	1	FALSE	FALSE	
100996724	1	1	1	FALSE	FALSE	
100996732	1	1	1	FALSE	FALSE	
100996756	1	1	1	FALSE	FALSE	
101	2	1	0.5	TRUE	FALSE	
1010	1	1	1	FALSE	FALSE	
10100	3	3	1	FALSE	FALSE	
10101	1	1	1	FALSE	FALSE	
10102	3	2	0.666666666666667	TRUE	FALSE	
10103	1	1	1	FALSE	FALSE	
10105	2	2	1	FALSE	FALSE	
101055625	1	1	1	FALSE	FALSE	
101056700	1	1	1	FALSE	FALSE	
101059948	1	1	1	FALSE	FALSE	
10106	2	2	1	FALSE	FALSE	
101060004	1	1	1	FALSE	FALSE	
101060019	1	1	1	FALSE	FALSE	
101060091	1	1	1	FALSE	FALSE	
101060200	1	1	1	FALSE	FALSE	
101060264	1	1	1	FALSE	FALSE	
101060391	1	1	1	FALSE	FALSE	
101060544	1	1	1	FALSE	FALSE	
101060553	1	1	1	FALSE	FALSE	
101060691	2	1	0.5	TRUE	FALSE	
10107	4	4	1	FALSE	FALSE	
10109	2	2	1	FALSE	FALSE	
10110	2	2	1	FALSE	FALSE	
10111	3	2	0.666666666666667	TRUE	FALSE	
10112	1	1	1	FALSE	FALSE	
10113	1	1	1	FALSE	FALSE	
10114	4	4	1	FALSE	FALSE	
10116	3	1	0.333333333333333	TRUE	FALSE	
10117	2	2	1	FALSE	FALSE	
1012	1	1	1	FALSE	FALSE	
10120	1	1	1	FALSE	FALSE	
10121	2	1	0.5	TRUE	TRUE	200720_s_at
10123	4	3	0.75	TRUE	FALSE	
10124	1	1	1	FALSE	FALSE	
101241892	1	1	1	FALSE	FALSE	
101243545	1	1	1	FALSE	FALSE	
10125	1	1	1	FALSE	FALSE	
10126	1	1	1	FALSE	FALSE	
10127	2	2	1	FALSE	FALSE	
10128	4	2	0.5	TRUE	TRUE	1557360_at
10129	4	3	0.75	TRUE	FALSE	
1013	2	2	1	FALSE	FALSE	
10130	2	2	1	FALSE	FALSE	
10131	2	2	1	FALSE	FALSE	
10133	2	2	1	FALSE	FALSE	
10134	1	1	1	FALSE	FALSE	
10135	4	4	1	FALSE	FALSE	
10137	2	2	1	FALSE	FALSE	
10138	2	1	0.5	TRUE	FALSE	
10139	2	1	0.5	TRUE	FALSE	
1014	1	1	1	FALSE	FALSE	
10140	1	1	1	FALSE	FALSE	
10141	1	1	1	FALSE	FALSE	
101410533	1	1	1	FALSE	FALSE	
101410535	1	1	1	FALSE	FALSE	
101410538	4	4	1	FALSE	FALSE	
10142	3	2	0.666666666666667	TRUE	FALSE	
10143	1	1	1	FALSE	FALSE	
10144	4	2	0.5	TRUE	TRUE	202972_s_at;217047_s_at
10146	6	4	0.666666666666667	TRUE	FALSE	
10147	4	4	1	FALSE	FALSE	
10148	1	1	1	FALSE	FALSE	
10149	1	1	1	FALSE	FALSE	
1015	1	1	1	FALSE	FALSE	
10150	5	4	0.8	TRUE	FALSE	
10151	1	1	1	FALSE	FALSE	
10152	5	4	0.8	TRUE	FALSE	
10153	1	1	1	FALSE	FALSE	
10154	4	4	1	FALSE	FALSE	
10155	1	1	1	FALSE	FALSE	
101559451	1	1	1	FALSE	FALSE	
10156	2	2	1	FALSE	FALSE	
10157	2	2	1	FALSE	FALSE	
10158	2	2	1	FALSE	FALSE	
10159	3	2	0.666666666666667	TRUE	FALSE	
101593348	1	1	1	FALSE	FALSE	
1016	1	1	1	FALSE	FALSE	
10160	5	4	0.8	TRUE	FALSE	
10161	2	1	0.5	TRUE	FALSE	
10162	1	1	1	FALSE	FALSE	
10163	3	3	1	FALSE	FALSE	
10164	1	1	1	FALSE	FALSE	
10165	3	1	0.333333333333333	TRUE	FALSE	
10166	2	2	1	FALSE	FALSE	
101669762	1	1	1	FALSE	FALSE	
101669764	1	1	1	FALSE	FALSE	
10168	2	2	1	FALSE	FALSE	
10169	1	1	1	FALSE	FALSE	
1017	3	1	0.333333333333333	TRUE	FALSE	
10170	1	1	1	FALSE	FALSE	
10171	3	3	1	FALSE	FALSE	
10172	1	1	1	FALSE	FALSE	
10174	2	2	1	FALSE	FALSE	
10175	2	2	1	FALSE	FALSE	
101752400	1	1	1	FALSE	FALSE	
10178	2	1	0.5	TRUE	FALSE	
10179	2	2	1	FALSE	FALSE	
10180	3	2	0.666666666666667	TRUE	FALSE	
10181	4	4	1	FALSE	FALSE	
10184	1	1	1	FALSE	FALSE	
10186	2	2	1	FALSE	FALSE	
10188	5	3	0.6	TRUE	FALSE	
10189	2	2	1	FALSE	FALSE	
1019	1	1	1	FALSE	FALSE	
10190	1	1	1	FALSE	FALSE	
101926888	1	1	1	FALSE	FALSE	
101926890	1	1	1	FALSE	FALSE	
101926892	1	1	1	FALSE	FALSE	
101926903	1	1	1	FALSE	FALSE	
101926906	1	1	1	FALSE	FALSE	
101926907	1	1	1	FALSE	FALSE	
101926913	2	1	0.5	TRUE	FALSE	
101926915	1	1	1	FALSE	FALSE	
101926928	1	1	1	FALSE	FALSE	
101926934	1	1	1	FALSE	FALSE	
101926942	1	1	1	FALSE	FALSE	
101926943	1	1	1	FALSE	FALSE	
101926944	1	1	1	FALSE	FALSE	
101926948	1	1	1	FALSE	FALSE	
101926951	1	1	1	FALSE	FALSE	
101926959	1	1	1	FALSE	FALSE	
101926960	1	1	1	FALSE	FALSE	
101926962	1	1	1	FALSE	FALSE	
101926963	1	1	1	FALSE	FALSE	
101926967	1	1	1	FALSE	FALSE	
101926975	1	1	1	FALSE	FALSE	
101926978	1	1	1	FALSE	FALSE	
101926984	2	2	1	FALSE	FALSE	
101926987	1	1	1	FALSE	FALSE	
101926996	1	1	1	FALSE	FALSE	
101927003	1	1	1	FALSE	FALSE	
101927007	1	1	1	FALSE	FALSE	
101927017	1	1	1	FALSE	FALSE	
101927018	1	1	1	FALSE	FALSE	
101927020	1	1	1	FALSE	FALSE	
101927021	1	1	1	FALSE	FALSE	
101927027	4	3	0.75	TRUE	FALSE	
101927034	1	1	1	FALSE	FALSE	
101927038	1	1	1	FALSE	FALSE	
101927040	1	1	1	FALSE	FALSE	
101927043	2	1	0.5	TRUE	FALSE	
101927044	1	1	1	FALSE	FALSE	
101927049	2	2	1	FALSE	FALSE	
101927051	3	3	1	FALSE	FALSE	
101927058	1	1	1	FALSE	FALSE	
101927059	1	1	1	FALSE	FALSE	
101927066	1	1	1	FALSE	FALSE	
101927067	2	1	0.5	TRUE	FALSE	
101927069	1	1	1	FALSE	FALSE	
101927074	1	1	1	FALSE	FALSE	
101927075	1	1	1	FALSE	FALSE	
101927079	1	1	1	FALSE	FALSE	
101927081	1	1	1	FALSE	FALSE	
101927084	1	1	1	FALSE	FALSE	
101927089	1	1	1	FALSE	FALSE	
101927096	1	1	1	FALSE	FALSE	
101927098	1	1	1	FALSE	FALSE	
101927111	2	1	0.5	TRUE	FALSE	
101927112	1	1	1	FALSE	FALSE	
101927115	2	1	0.5	TRUE	FALSE	
101927117	1	1	1	FALSE	FALSE	
101927123	1	1	1	FALSE	FALSE	
101927124	1	1	1	FALSE	FALSE	
101927125	1	1	1	FALSE	FALSE	
101927126	1	1	1	FALSE	FALSE	
101927129	1	1	1	FALSE	FALSE	
101927131	1	1	1	FALSE	FALSE	
101927138	1	1	1	FALSE	FALSE	
101927143	1	1	1	FALSE	FALSE	
101927150	1	1	1	FALSE	FALSE	
101927151	2	1	0.5	TRUE	FALSE	
101927152	1	1	1	FALSE	FALSE	
101927157	1	1	1	FALSE	FALSE	
101927159	1	1	1	FALSE	FALSE	
101927164	1	1	1	FALSE	FALSE	
101927165	1	1	1	FALSE	FALSE	
101927166	2	1	0.5	TRUE	FALSE	
101927167	2	2	1	FALSE	FALSE	
101927176	1	1	1	FALSE	FALSE	
101927193	1	1	1	FALSE	FALSE	
101927195	1	1	1	FALSE	FALSE	
101927196	1	1	1	FALSE	FALSE	
101927204	2	2	1	FALSE	FALSE	
101927211	1	1	1	FALSE	FALSE	
101927219	1	1	1	FALSE	FALSE	
101927220	1	1	1	FALSE	FALSE	
101927221	1	1	1	FALSE	FALSE	
101927224	1	1	1	FALSE	FALSE	
101927228	1	1	1	FALSE	FALSE	
101927237	1	1	1	FALSE	FALSE	
101927244	1	1	1	FALSE	FALSE	
101927247	1	1	1	FALSE	FALSE	
101927248	1	1	1	FALSE	FALSE	
101927249	1	1	1	FALSE	FALSE	
101927253	1	1	1	FALSE	FALSE	
101927256	1	1	1	FALSE	FALSE	
101927257	1	1	1	FALSE	FALSE	
101927263	1	1	1	FALSE	FALSE	
101927272	1	1	1	FALSE	FALSE	
101927273	1	1	1	FALSE	FALSE	
101927274	1	1	1	FALSE	FALSE	
101927275	2	2	1	FALSE	FALSE	
101927278	1	1	1	FALSE	FALSE	
101927279	1	1	1	FALSE	FALSE	
101927282	1	1	1	FALSE	FALSE	
101927286	1	1	1	FALSE	FALSE	
101927292	1	1	1	FALSE	FALSE	
101927295	2	2	1	FALSE	FALSE	
101927305	1	1	1	FALSE	FALSE	
101927310	1	1	1	FALSE	FALSE	
101927314	1	1	1	FALSE	FALSE	
101927320	1	1	1	FALSE	FALSE	
101927330	1	1	1	FALSE	FALSE	
101927331	1	1	1	FALSE	FALSE	
101927342	1	1	1	FALSE	FALSE	
101927346	1	1	1	FALSE	FALSE	
101927348	1	1	1	FALSE	FALSE	
101927350	1	1	1	FALSE	FALSE	
101927358	1	1	1	FALSE	FALSE	
101927359	1	1	1	FALSE	FALSE	
101927360	1	1	1	FALSE	FALSE	
101927362	1	1	1	FALSE	FALSE	
101927363	1	1	1	FALSE	FALSE	
101927365	2	1	0.5	TRUE	FALSE	
101927377	2	2	1	FALSE	FALSE	
101927379	1	1	1	FALSE	FALSE	
101927380	1	1	1	FALSE	FALSE	
101927391	1	1	1	FALSE	FALSE	
101927396	1	1	1	FALSE	FALSE	
101927402	1	1	1	FALSE	FALSE	
101927406	1	1	1	FALSE	FALSE	
101927410	1	1	1	FALSE	FALSE	
101927411	1	1	1	FALSE	FALSE	
101927416	1	1	1	FALSE	FALSE	
101927417	1	1	1	FALSE	FALSE	
101927422	1	1	1	FALSE	FALSE	
101927432	1	1	1	FALSE	FALSE	
101927433	1	1	1	FALSE	FALSE	
101927438	1	1	1	FALSE	FALSE	
101927447	1	1	1	FALSE	FALSE	
101927449	1	1	1	FALSE	FALSE	
101927450	1	1	1	FALSE	FALSE	
101927455	1	1	1	FALSE	FALSE	
101927460	1	1	1	FALSE	FALSE	
101927465	1	1	1	FALSE	FALSE	
101927467	1	1	1	FALSE	FALSE	
101927468	1	1	1	FALSE	FALSE	
101927479	1	1	1	FALSE	FALSE	
101927482	1	1	1	FALSE	FALSE	
101927490	1	1	1	FALSE	FALSE	
101927494	1	1	1	FALSE	FALSE	
101927495	1	1	1	FALSE	FALSE	
101927498	2	1	0.5	TRUE	FALSE	
101927499	1	1	1	FALSE	FALSE	
101927502	1	1	1	FALSE	FALSE	
101927503	1	1	1	FALSE	FALSE	
101927513	1	1	1	FALSE	FALSE	
101927516	2	1	0.5	TRUE	FALSE	
101927523	1	1	1	FALSE	FALSE	
101927526	1	1	1	FALSE	FALSE	
101927528	1	1	1	FALSE	FALSE	
101927531	1	1	1	FALSE	FALSE	
101927539	1	1	1	FALSE	FALSE	
101927543	1	1	1	FALSE	FALSE	
101927546	1	1	1	FALSE	FALSE	
101927547	1	1	1	FALSE	FALSE	
101927550	1	1	1	FALSE	FALSE	
101927552	1	1	1	FALSE	FALSE	
101927553	1	1	1	FALSE	FALSE	
101927565	1	1	1	FALSE	FALSE	
101927574	1	1	1	FALSE	FALSE	
101927581	1	1	1	FALSE	FALSE	
101927586	1	1	1	FALSE	FALSE	
101927588	1	1	1	FALSE	FALSE	
101927591	1	1	1	FALSE	FALSE	
101927592	1	1	1	FALSE	FALSE	
101927597	1	1	1	FALSE	FALSE	
101927599	1	1	1	FALSE	FALSE	
101927603	1	1	1	FALSE	FALSE	
101927604	1	1	1	FALSE	FALSE	
101927606	2	2	1	FALSE	FALSE	
101927609	1	1	1	FALSE	FALSE	
101927610	2	1	0.5	TRUE	FALSE	
101927612	1	1	1	FALSE	FALSE	
101927616	1	1	1	FALSE	FALSE	
101927620	1	1	1	FALSE	FALSE	
101927623	1	1	1	FALSE	FALSE	
101927636	1	1	1	FALSE	FALSE	
101927640	1	1	1	FALSE	FALSE	
101927641	1	1	1	FALSE	FALSE	
101927647	1	1	1	FALSE	FALSE	
101927650	1	1	1	FALSE	FALSE	
101927651	1	1	1	FALSE	FALSE	
101927653	1	1	1	FALSE	FALSE	
101927657	1	1	1	FALSE	FALSE	
101927659	1	1	1	FALSE	FALSE	
101927667	1	1	1	FALSE	FALSE	
101927668	2	2	1	FALSE	FALSE	
101927682	1	1	1	FALSE	FALSE	
101927690	1	1	1	FALSE	FALSE	
101927701	1	1	1	FALSE	FALSE	
101927703	1	1	1	FALSE	FALSE	
101927704	1	1	1	FALSE	FALSE	
101927709	1	1	1	FALSE	FALSE	
101927715	1	1	1	FALSE	FALSE	
101927720	1	1	1	FALSE	FALSE	
101927722	1	1	1	FALSE	FALSE	
101927723	1	1	1	FALSE	FALSE	
101927735	1	1	1	FALSE	FALSE	
101927746	1	1	1	FALSE	FALSE	
101927752	2	1	0.5	TRUE	FALSE	
101927760	1	1	1	FALSE	FALSE	
101927761	2	2	1	FALSE	FALSE	
101927766	1	1	1	FALSE	FALSE	
101927768	1	1	1	FALSE	FALSE	
101927769	1	1	1	FALSE	FALSE	
101927770	1	1	1	FALSE	FALSE	
101927774	2	2	1	FALSE	FALSE	
101927787	1	1	1	FALSE	FALSE	
101927790	1	1	1	FALSE	FALSE	
101927797	1	1	1	FALSE	FALSE	
101927798	1	1	1	FALSE	FALSE	
101927808	1	1	1	FALSE	FALSE	
101927809	1	1	1	FALSE	FALSE	
101927811	1	1	1	FALSE	FALSE	
101927813	1	1	1	FALSE	FALSE	
101927814	2	1	0.5	TRUE	FALSE	
101927815	1	1	1	FALSE	FALSE	
101927821	1	1	1	FALSE	FALSE	
101927828	1	1	1	FALSE	FALSE	
101927829	1	1	1	FALSE	FALSE	
101927837	1	1	1	FALSE	FALSE	
101927839	1	1	1	FALSE	FALSE	
101927843	1	1	1	FALSE	FALSE	
101927849	1	1	1	FALSE	FALSE	
101927851	3	2	0.666666666666667	TRUE	FALSE	
101927865	1	1	1	FALSE	FALSE	
101927869	1	1	1	FALSE	FALSE	
101927870	2	1	0.5	TRUE	FALSE	
101927876	1	1	1	FALSE	FALSE	
101927877	1	1	1	FALSE	FALSE	
101927884	1	1	1	FALSE	FALSE	
101927886	1	1	1	FALSE	FALSE	
101927889	1	1	1	FALSE	FALSE	
101927900	1	1	1	FALSE	FALSE	
101927901	1	1	1	FALSE	FALSE	
101927907	1	1	1	FALSE	FALSE	
101927914	1	1	1	FALSE	FALSE	
101927934	1	1	1	FALSE	FALSE	
101927943	1	1	1	FALSE	FALSE	
101927944	2	1	0.5	TRUE	FALSE	
101927948	1	1	1	FALSE	FALSE	
101927950	1	1	1	FALSE	FALSE	
101927967	1	1	1	FALSE	FALSE	
101927972	1	1	1	FALSE	FALSE	
101927974	1	1	1	FALSE	FALSE	
101927988	1	1	1	FALSE	FALSE	
101927990	1	1	1	FALSE	FALSE	
101927992	1	1	1	FALSE	FALSE	
101927994	1	1	1	FALSE	FALSE	
101928000	3	3	1	FALSE	FALSE	
101928001	2	2	1	FALSE	FALSE	
101928002	1	1	1	FALSE	FALSE	
101928009	1	1	1	FALSE	FALSE	
101928012	1	1	1	FALSE	FALSE	
101928014	1	1	1	FALSE	FALSE	
101928020	1	1	1	FALSE	FALSE	
101928022	1	1	1	FALSE	FALSE	
101928031	1	1	1	FALSE	FALSE	
101928035	1	1	1	FALSE	FALSE	
101928040	1	1	1	FALSE	FALSE	
101928043	1	1	1	FALSE	FALSE	
101928045	1	1	1	FALSE	FALSE	
101928047	1	1	1	FALSE	FALSE	
101928052	1	1	1	FALSE	FALSE	
101928068	2	2	1	FALSE	FALSE	
101928069	2	1	0.5	TRUE	FALSE	
101928076	1	1	1	FALSE	FALSE	
101928079	2	1	0.5	TRUE	FALSE	
101928087	1	1	1	FALSE	FALSE	
101928092	1	1	1	FALSE	FALSE	
101928098	1	1	1	FALSE	FALSE	
101928099	1	1	1	FALSE	FALSE	
101928100	1	1	1	FALSE	FALSE	
101928101	1	1	1	FALSE	FALSE	
101928104	2	1	0.5	TRUE	FALSE	
101928107	1	1	1	FALSE	FALSE	
101928111	1	1	1	FALSE	FALSE	
101928120	1	1	1	FALSE	FALSE	
101928123	2	2	1	FALSE	FALSE	
101928132	1	1	1	FALSE	FALSE	
101928134	1	1	1	FALSE	FALSE	
101928135	1	1	1	FALSE	FALSE	
101928140	1	1	1	FALSE	FALSE	
101928144	1	1	1	FALSE	FALSE	
101928153	1	1	1	FALSE	FALSE	
101928161	1	1	1	FALSE	FALSE	
101928162	1	1	1	FALSE	FALSE	
101928165	1	1	1	FALSE	FALSE	
101928167	1	1	1	FALSE	FALSE	
101928173	1	1	1	FALSE	FALSE	
101928185	1	1	1	FALSE	FALSE	
101928190	1	1	1	FALSE	FALSE	
101928191	1	1	1	FALSE	FALSE	
101928196	1	1	1	FALSE	FALSE	
101928200	1	1	1	FALSE	FALSE	
101928201	1	1	1	FALSE	FALSE	
101928205	1	1	1	FALSE	FALSE	
101928211	1	1	1	FALSE	FALSE	
101928214	1	1	1	FALSE	FALSE	
101928222	1	1	1	FALSE	FALSE	
101928227	1	1	1	FALSE	FALSE	
101928230	1	1	1	FALSE	FALSE	
101928236	1	1	1	FALSE	FALSE	
101928243	1	1	1	FALSE	FALSE	
101928251	1	1	1	FALSE	FALSE	
101928255	1	1	1	FALSE	FALSE	
101928259	1	1	1	FALSE	FALSE	
101928263	2	1	0.5	TRUE	FALSE	
101928271	1	1	1	FALSE	FALSE	
101928273	1	1	1	FALSE	FALSE	
101928276	1	1	1	FALSE	FALSE	
101928277	1	1	1	FALSE	FALSE	
101928278	1	1	1	FALSE	FALSE	
101928280	1	1	1	FALSE	FALSE	
101928283	1	1	1	FALSE	FALSE	
101928284	1	1	1	FALSE	FALSE	
101928298	1	1	1	FALSE	FALSE	
101928303	1	1	1	FALSE	FALSE	
101928304	1	1	1	FALSE	FALSE	
101928306	1	1	1	FALSE	FALSE	
101928307	2	1	0.5	TRUE	FALSE	
101928309	1	1	1	FALSE	FALSE	
101928314	2	1	0.5	TRUE	FALSE	
101928317	1	1	1	FALSE	FALSE	
101928323	1	1	1	FALSE	FALSE	
101928324	1	1	1	FALSE	FALSE	
101928326	1	1	1	FALSE	FALSE	
101928327	2	2	1	FALSE	FALSE	
101928333	1	1	1	FALSE	FALSE	
101928335	1	1	1	FALSE	FALSE	
101928343	1	1	1	FALSE	FALSE	
101928370	1	1	1	FALSE	FALSE	
101928371	1	1	1	FALSE	FALSE	
101928373	1	1	1	FALSE	FALSE	
101928376	1	1	1	FALSE	FALSE	
101928378	2	1	0.5	TRUE	FALSE	
101928386	1	1	1	FALSE	FALSE	
101928388	1	1	1	FALSE	FALSE	
101928389	1	1	1	FALSE	FALSE	
101928399	1	1	1	FALSE	FALSE	
101928401	1	1	1	FALSE	FALSE	
101928403	1	1	1	FALSE	FALSE	
101928405	1	1	1	FALSE	FALSE	
101928409	1	1	1	FALSE	FALSE	
101928417	1	1	1	FALSE	FALSE	
101928418	1	1	1	FALSE	FALSE	
101928419	1	1	1	FALSE	FALSE	
101928420	1	1	1	FALSE	FALSE	
101928424	1	1	1	FALSE	FALSE	
101928429	1	1	1	FALSE	FALSE	
101928433	2	1	0.5	TRUE	FALSE	
101928435	1	1	1	FALSE	FALSE	
101928443	1	1	1	FALSE	FALSE	
101928446	1	1	1	FALSE	FALSE	
101928449	1	1	1	FALSE	FALSE	
101928460	1	1	1	FALSE	FALSE	
101928461	1	1	1	FALSE	FALSE	
101928462	1	1	1	FALSE	FALSE	
101928464	1	1	1	FALSE	FALSE	
101928475	1	1	1	FALSE	FALSE	
101928476	1	1	1	FALSE	FALSE	
101928478	1	1	1	FALSE	FALSE	
101928483	1	1	1	FALSE	FALSE	
101928487	1	1	1	FALSE	FALSE	
101928491	1	1	1	FALSE	FALSE	
101928495	1	1	1	FALSE	FALSE	
101928496	1	1	1	FALSE	FALSE	
101928504	1	1	1	FALSE	FALSE	
101928505	1	1	1	FALSE	FALSE	
101928510	1	1	1	FALSE	FALSE	
101928513	1	1	1	FALSE	FALSE	
101928516	1	1	1	FALSE	FALSE	
101928519	1	1	1	FALSE	FALSE	
101928521	1	1	1	FALSE	FALSE	
101928525	1	1	1	FALSE	FALSE	
101928526	1	1	1	FALSE	FALSE	
101928535	2	2	1	FALSE	FALSE	
101928537	1	1	1	FALSE	FALSE	
101928539	1	1	1	FALSE	FALSE	
101928545	1	1	1	FALSE	FALSE	
101928551	3	3	1	FALSE	FALSE	
101928553	1	1	1	FALSE	FALSE	
101928554	1	1	1	FALSE	FALSE	
101928555	1	1	1	FALSE	FALSE	
101928557	1	1	1	FALSE	FALSE	
101928559	1	1	1	FALSE	FALSE	
101928565	1	1	1	FALSE	FALSE	
101928571	1	1	1	FALSE	FALSE	
101928578	1	1	1	FALSE	FALSE	
101928580	1	1	1	FALSE	FALSE	
101928583	1	1	1	FALSE	FALSE	
101928590	1	1	1	FALSE	FALSE	
101928595	1	1	1	FALSE	FALSE	
101928597	1	1	1	FALSE	FALSE	
101928602	1	1	1	FALSE	FALSE	
101928604	1	1	1	FALSE	FALSE	
101928607	1	1	1	FALSE	FALSE	
101928612	1	1	1	FALSE	FALSE	
101928614	1	1	1	FALSE	FALSE	
101928616	2	2	1	FALSE	FALSE	
101928617	1	1	1	FALSE	FALSE	
101928618	1	1	1	FALSE	FALSE	
101928622	1	1	1	FALSE	FALSE	
101928626	1	1	1	FALSE	FALSE	
101928646	1	1	1	FALSE	FALSE	
101928649	2	2	1	FALSE	FALSE	
101928651	3	2	0.666666666666667	TRUE	FALSE	
101928658	4	4	1	FALSE	FALSE	
101928661	1	1	1	FALSE	FALSE	
101928663	1	1	1	FALSE	FALSE	
101928673	1	1	1	FALSE	FALSE	
101928682	2	1	0.5	TRUE	FALSE	
101928684	1	1	1	FALSE	FALSE	
101928687	1	1	1	FALSE	FALSE	
101928689	1	1	1	FALSE	FALSE	
101928694	1	1	1	FALSE	FALSE	
101928697	1	1	1	FALSE	FALSE	
101928700	1	1	1	FALSE	FALSE	
101928707	1	1	1	FALSE	FALSE	
101928708	1	1	1	FALSE	FALSE	
101928710	1	1	1	FALSE	FALSE	
101928716	1	1	1	FALSE	FALSE	
101928725	1	1	1	FALSE	FALSE	
101928728	3	2	0.666666666666667	TRUE	FALSE	
101928730	1	1	1	FALSE	FALSE	
101928731	1	1	1	FALSE	FALSE	
101928739	1	1	1	FALSE	FALSE	
101928741	1	1	1	FALSE	FALSE	
101928748	1	1	1	FALSE	FALSE	
101928751	1	1	1	FALSE	FALSE	
101928760	1	1	1	FALSE	FALSE	
101928770	1	1	1	FALSE	FALSE	
101928773	1	1	1	FALSE	FALSE	
101928778	1	1	1	FALSE	FALSE	
101928781	2	1	0.5	TRUE	FALSE	
101928784	2	2	1	FALSE	FALSE	
101928790	1	1	1	FALSE	FALSE	
101928795	1	1	1	FALSE	FALSE	
101928797	1	1	1	FALSE	FALSE	
101928809	1	1	1	FALSE	FALSE	
101928813	1	1	1	FALSE	FALSE	
101928817	2	2	1	FALSE	FALSE	
101928820	1	1	1	FALSE	FALSE	
101928823	1	1	1	FALSE	FALSE	
101928833	1	1	1	FALSE	FALSE	
101928834	1	1	1	FALSE	FALSE	
101928837	1	1	1	FALSE	FALSE	
101928844	1	1	1	FALSE	FALSE	
101928845	1	1	1	FALSE	FALSE	
101928846	1	1	1	FALSE	FALSE	
101928847	1	1	1	FALSE	FALSE	
101928850	1	1	1	FALSE	FALSE	
101928851	1	1	1	FALSE	FALSE	
101928857	1	1	1	FALSE	FALSE	
101928858	1	1	1	FALSE	FALSE	
101928861	1	1	1	FALSE	FALSE	
101928865	1	1	1	FALSE	FALSE	
101928869	1	1	1	FALSE	FALSE	
101928877	1	1	1	FALSE	FALSE	
101928881	1	1	1	FALSE	FALSE	
101928886	1	1	1	FALSE	FALSE	
101928893	1	1	1	FALSE	FALSE	
101928894	1	1	1	FALSE	FALSE	
101928896	2	2	1	FALSE	FALSE	
101928902	1	1	1	FALSE	FALSE	
101928907	2	2	1	FALSE	FALSE	
101928909	1	1	1	FALSE	FALSE	
101928922	1	1	1	FALSE	FALSE	
101928933	1	1	1	FALSE	FALSE	
101928937	1	1	1	FALSE	FALSE	
101928940	1	1	1	FALSE	FALSE	
101928943	1	1	1	FALSE	FALSE	
101928957	1	1	1	FALSE	FALSE	
101928961	1	1	1	FALSE	FALSE	
101928963	1	1	1	FALSE	FALSE	
101928973	2	1	0.5	TRUE	FALSE	
101928978	1	1	1	FALSE	FALSE	
101928982	1	1	1	FALSE	FALSE	
101928985	1	1	1	FALSE	FALSE	
101928988	1	1	1	FALSE	FALSE	
101928989	1	1	1	FALSE	FALSE	
101928995	1	1	1	FALSE	FALSE	
101928999	1	1	1	FALSE	FALSE	
101929002	1	1	1	FALSE	FALSE	
101929004	1	1	1	FALSE	FALSE	
101929007	1	1	1	FALSE	FALSE	
101929019	1	1	1	FALSE	FALSE	
101929025	1	1	1	FALSE	FALSE	
101929027	1	1	1	FALSE	FALSE	
101929034	1	1	1	FALSE	FALSE	
101929050	1	1	1	FALSE	FALSE	
101929052	1	1	1	FALSE	FALSE	
101929054	1	1	1	FALSE	FALSE	
101929064	1	1	1	FALSE	FALSE	
101929072	1	1	1	FALSE	FALSE	
101929073	2	2	1	FALSE	FALSE	
101929074	1	1	1	FALSE	FALSE	
101929076	1	1	1	FALSE	FALSE	
101929081	1	1	1	FALSE	FALSE	
101929082	1	1	1	FALSE	FALSE	
101929083	1	1	1	FALSE	FALSE	
101929084	1	1	1	FALSE	FALSE	
101929093	1	1	1	FALSE	FALSE	
101929109	1	1	1	FALSE	FALSE	
101929110	1	1	1	FALSE	FALSE	
101929111	1	1	1	FALSE	FALSE	
101929116	1	1	1	FALSE	FALSE	
101929120	1	1	1	FALSE	FALSE	
101929121	1	1	1	FALSE	FALSE	
101929122	1	1	1	FALSE	FALSE	
101929123	1	1	1	FALSE	FALSE	
101929125	1	1	1	FALSE	FALSE	
101929144	1	1	1	FALSE	FALSE	
101929145	2	2	1	FALSE	FALSE	
101929147	2	2	1	FALSE	FALSE	
101929148	2	2	1	FALSE	FALSE	
101929151	1	1	1	FALSE	FALSE	
101929153	1	1	1	FALSE	FALSE	
101929154	1	1	1	FALSE	FALSE	
101929164	1	1	1	FALSE	FALSE	
101929172	1	1	1	FALSE	FALSE	
101929174	1	1	1	FALSE	FALSE	
101929176	1	1	1	FALSE	FALSE	
101929180	1	1	1	FALSE	FALSE	
101929181	1	1	1	FALSE	FALSE	
101929188	1	1	1	FALSE	FALSE	
101929196	1	1	1	FALSE	FALSE	
101929198	1	1	1	FALSE	FALSE	
101929208	1	1	1	FALSE	FALSE	
101929210	1	1	1	FALSE	FALSE	
101929212	1	1	1	FALSE	FALSE	
101929224	1	1	1	FALSE	FALSE	
101929225	1	1	1	FALSE	FALSE	
101929229	1	1	1	FALSE	FALSE	
101929239	2	1	0.5	TRUE	FALSE	
101929241	1	1	1	FALSE	FALSE	
101929243	1	1	1	FALSE	FALSE	
101929247	1	1	1	FALSE	FALSE	
101929248	1	1	1	FALSE	FALSE	
101929255	1	1	1	FALSE	FALSE	
101929260	1	1	1	FALSE	FALSE	
101929261	1	1	1	FALSE	FALSE	
101929265	1	1	1	FALSE	FALSE	
101929268	1	1	1	FALSE	FALSE	
101929269	1	1	1	FALSE	FALSE	
101929272	1	1	1	FALSE	FALSE	
101929279	1	1	1	FALSE	FALSE	
101929284	1	1	1	FALSE	FALSE	
101929288	1	1	1	FALSE	FALSE	
101929297	1	1	1	FALSE	FALSE	
101929305	2	1	0.5	TRUE	FALSE	
101929312	1	1	1	FALSE	FALSE	
101929315	1	1	1	FALSE	FALSE	
101929319	1	1	1	FALSE	FALSE	
101929328	1	1	1	FALSE	FALSE	
101929335	1	1	1	FALSE	FALSE	
101929340	2	2	1	FALSE	FALSE	
101929341	1	1	1	FALSE	FALSE	
101929372	1	1	1	FALSE	FALSE	
101929378	1	1	1	FALSE	FALSE	
101929384	1	1	1	FALSE	FALSE	
101929398	1	1	1	FALSE	FALSE	
101929402	1	1	1	FALSE	FALSE	
101929406	1	1	1	FALSE	FALSE	
101929407	1	1	1	FALSE	FALSE	
101929410	1	1	1	FALSE	FALSE	
101929413	1	1	1	FALSE	FALSE	
101929423	1	1	1	FALSE	FALSE	
101929437	1	1	1	FALSE	FALSE	
101929441	1	1	1	FALSE	FALSE	
101929450	2	1	0.5	TRUE	FALSE	
101929454	1	1	1	FALSE	FALSE	
101929459	1	1	1	FALSE	FALSE	
101929460	1	1	1	FALSE	FALSE	
101929464	1	1	1	FALSE	FALSE	
101929467	1	1	1	FALSE	FALSE	
101929472	1	1	1	FALSE	FALSE	
101929473	1	1	1	FALSE	FALSE	
101929475	1	1	1	FALSE	FALSE	
101929478	1	1	1	FALSE	FALSE	
101929480	1	1	1	FALSE	FALSE	
101929486	1	1	1	FALSE	FALSE	
101929488	1	1	1	FALSE	FALSE	
101929495	1	1	1	FALSE	FALSE	
101929497	2	2	1	FALSE	FALSE	
101929504	1	1	1	FALSE	FALSE	
101929505	1	1	1	FALSE	FALSE	
101929511	1	1	1	FALSE	FALSE	
101929512	1	1	1	FALSE	FALSE	
101929517	1	1	1	FALSE	FALSE	
101929520	1	1	1	FALSE	FALSE	
101929524	1	1	1	FALSE	FALSE	
101929526	1	1	1	FALSE	FALSE	
101929528	1	1	1	FALSE	FALSE	
101929529	1	1	1	FALSE	FALSE	
101929536	1	1	1	FALSE	FALSE	
101929538	1	1	1	FALSE	FALSE	
101929549	1	1	1	FALSE	FALSE	
101929550	1	1	1	FALSE	FALSE	
101929552	1	1	1	FALSE	FALSE	
101929557	1	1	1	FALSE	FALSE	
101929570	1	1	1	FALSE	FALSE	
101929582	1	1	1	FALSE	FALSE	
101929584	1	1	1	FALSE	FALSE	
101929586	1	1	1	FALSE	FALSE	
101929591	2	2	1	FALSE	FALSE	
101929592	1	1	1	FALSE	FALSE	
101929607	2	2	1	FALSE	FALSE	
101929609	1	1	1	FALSE	FALSE	
101929620	1	1	1	FALSE	FALSE	
101929621	1	1	1	FALSE	FALSE	
101929622	1	1	1	FALSE	FALSE	
101929623	1	1	1	FALSE	FALSE	
101929628	1	1	1	FALSE	FALSE	
101929631	1	1	1	FALSE	FALSE	
101929645	1	1	1	FALSE	FALSE	
101929651	1	1	1	FALSE	FALSE	
101929655	1	1	1	FALSE	FALSE	
101929657	1	1	1	FALSE	FALSE	
101929660	1	1	1	FALSE	FALSE	
101929662	1	1	1	FALSE	FALSE	
101929680	1	1	1	FALSE	FALSE	
101929681	1	1	1	FALSE	FALSE	
101929684	1	1	1	FALSE	FALSE	
101929690	1	1	1	FALSE	FALSE	
101929693	1	1	1	FALSE	FALSE	
101929694	1	1	1	FALSE	FALSE	
101929705	1	1	1	FALSE	FALSE	
101929709	1	1	1	FALSE	FALSE	
101929715	1	1	1	FALSE	FALSE	
101929717	1	1	1	FALSE	FALSE	
101929718	1	1	1	FALSE	FALSE	
101929719	1	1	1	FALSE	FALSE	
101929726	1	1	1	FALSE	FALSE	
101929730	1	1	1	FALSE	FALSE	
101929741	1	1	1	FALSE	FALSE	
101929745	1	1	1	FALSE	FALSE	
101929748	1	1	1	FALSE	FALSE	
101929752	1	1	1	FALSE	FALSE	
101929760	1	1	1	FALSE	FALSE	
101929762	1	1	1	FALSE	FALSE	
101929765	1	1	1	FALSE	FALSE	
101929774	1	1	1	FALSE	FALSE	
101929897	1	1	1	FALSE	FALSE	
101929902	1	1	1	FALSE	FALSE	
101929926	1	1	1	FALSE	FALSE	
101929947	1	1	1	FALSE	FALSE	
101929963	1	1	1	FALSE	FALSE	
101929977	1	1	1	FALSE	FALSE	
101929989	1	1	1	FALSE	FALSE	
10193	3	2	0.666666666666667	TRUE	FALSE	
101930028	1	1	1	FALSE	FALSE	
101930081	1	1	1	FALSE	FALSE	
101930105	2	2	1	FALSE	FALSE	
101930112	1	1	1	FALSE	FALSE	
101930114	1	1	1	FALSE	FALSE	
101930149	1	1	1	FALSE	FALSE	
101930164	1	1	1	FALSE	FALSE	
101930370	3	2	0.666666666666667	TRUE	FALSE	
101930421	2	2	1	FALSE	FALSE	
101930452	1	1	1	FALSE	FALSE	
10194	2	2	1	FALSE	FALSE	
10195	1	1	1	FALSE	FALSE	
101954204	1	1	1	FALSE	FALSE	
10196	1	1	1	FALSE	FALSE	
10197	2	1	0.5	TRUE	FALSE	
101978719	1	1	1	FALSE	FALSE	
10198	5	2	0.4	TRUE	FALSE	
10199	1	1	1	FALSE	FALSE	
102	2	2	1	FALSE	FALSE	
1020	1	1	1	FALSE	FALSE	
10200	2	2	1	FALSE	FALSE	
10201	1	1	1	FALSE	FALSE	
10202	2	2	1	FALSE	FALSE	
10203	3	3	1	FALSE	FALSE	
10204	2	2	1	FALSE	FALSE	
10205	3	3	1	FALSE	FALSE	
10206	4	3	0.75	TRUE	FALSE	
102060282	1	1	1	FALSE	FALSE	
10207	6	6	1	FALSE	FALSE	
10208	2	2	1	FALSE	FALSE	
10209	3	3	1	FALSE	FALSE	
1021	7	1	0.142857142857143	TRUE	FALSE	
10210	1	1	1	FALSE	FALSE	
10211	2	1	0.5	TRUE	FALSE	
10212	1	1	1	FALSE	FALSE	
10213	1	1	1	FALSE	FALSE	
10215	2	1	0.5	TRUE	FALSE	
102157402	1	1	1	FALSE	FALSE	
10216	1	1	1	FALSE	FALSE	
10217	4	2	0.5	TRUE	FALSE	
10218	1	1	1	FALSE	FALSE	
10219	1	1	1	FALSE	FALSE	
1022	1	1	1	FALSE	FALSE	
10220	5	2	0.4	TRUE	FALSE	
10221	2	1	0.5	TRUE	FALSE	
10223	1	1	1	FALSE	FALSE	
10224	3	1	0.333333333333333	TRUE	FALSE	
10225	2	2	1	FALSE	FALSE	
10226	1	1	1	FALSE	FALSE	
10227	1	1	1	FALSE	FALSE	
10228	5	3	0.6	TRUE	FALSE	
10229	2	2	1	FALSE	FALSE	
10230	2	2	1	FALSE	FALSE	
10231	1	1	1	FALSE	FALSE	
10232	1	1	1	FALSE	FALSE	
10233	2	2	1	FALSE	FALSE	
10234	2	1	0.5	TRUE	FALSE	
10235	4	4	1	FALSE	FALSE	
10236	3	1	0.333333333333333	TRUE	FALSE	
10237	1	1	1	FALSE	FALSE	
10238	7	6	0.857142857142857	TRUE	FALSE	
1024	3	3	1	FALSE	FALSE	
10240	4	2	0.5	TRUE	FALSE	
10241	4	3	0.75	TRUE	FALSE	
10242	2	1	0.5	TRUE	FALSE	
10243	3	3	1	FALSE	FALSE	
10244	2	2	1	FALSE	FALSE	
10245	2	1	0.5	TRUE	FALSE	
10246	1	1	1	FALSE	FALSE	
102467079	1	1	1	FALSE	FALSE	
10247	2	2	1	FALSE	FALSE	
10248	1	1	1	FALSE	FALSE	
10249	3	3	1	FALSE	FALSE	
1025	3	2	0.666666666666667	TRUE	FALSE	
10250	2	2	1	FALSE	FALSE	
10251	1	1	1	FALSE	FALSE	
10252	2	2	1	FALSE	FALSE	
10253	1	1	1	FALSE	FALSE	
10254	5	3	0.6	TRUE	FALSE	
102546226	1	1	1	FALSE	FALSE	
102546294	1	1	1	FALSE	FALSE	
102546299	3	2	0.666666666666667	TRUE	FALSE	
10255	1	1	1	FALSE	FALSE	
10256	1	1	1	FALSE	FALSE	
10257	4	4	1	FALSE	FALSE	
1026	1	1	1	FALSE	FALSE	
10260	2	2	1	FALSE	FALSE	
102606465	2	1	0.5	TRUE	FALSE	
10261	2	2	1	FALSE	FALSE	
10263	1	1	1	FALSE	FALSE	
10265	1	1	1	FALSE	FALSE	
102659288	1	1	1	FALSE	FALSE	
10266	1	1	1	FALSE	FALSE	
10267	1	1	1	FALSE	FALSE	
10268	1	1	1	FALSE	FALSE	
102682016	1	1	1	FALSE	FALSE	
10269	1	1	1	FALSE	FALSE	
1027	1	1	1	FALSE	FALSE	
10270	2	2	1	FALSE	FALSE	
10272	1	1	1	FALSE	FALSE	
102723099	1	1	1	FALSE	FALSE	
102723165	1	1	1	FALSE	FALSE	
102723166	1	1	1	FALSE	FALSE	
102723167	2	1	0.5	TRUE	FALSE	
102723335	1	1	1	FALSE	FALSE	
102723364	1	1	1	FALSE	FALSE	
102723390	1	1	1	FALSE	FALSE	
102723409	1	1	1	FALSE	FALSE	
102723448	1	1	1	FALSE	FALSE	
102723458	1	1	1	FALSE	FALSE	
102723493	1	1	1	FALSE	FALSE	
102723506	1	1	1	FALSE	FALSE	
102723526	1	1	1	FALSE	FALSE	
102723648	2	2	1	FALSE	FALSE	
102723657	1	1	1	FALSE	FALSE	
102723661	1	1	1	FALSE	FALSE	
102723665	1	1	1	FALSE	FALSE	
102723678	1	1	1	FALSE	FALSE	
102723692	1	1	1	FALSE	FALSE	
102723694	2	2	1	FALSE	FALSE	
102723701	1	1	1	FALSE	FALSE	
102723704	1	1	1	FALSE	FALSE	
102723722	1	1	1	FALSE	FALSE	
102723742	1	1	1	FALSE	FALSE	
102723757	1	1	1	FALSE	FALSE	
102723775	1	1	1	FALSE	FALSE	
102723786	1	1	1	FALSE	FALSE	
102723809	1	1	1	FALSE	FALSE	
102723831	1	1	1	FALSE	FALSE	
102723847	1	1	1	FALSE	FALSE	
102723886	1	1	1	FALSE	FALSE	
102723904	1	1	1	FALSE	FALSE	
102723924	1	1	1	FALSE	FALSE	
102723927	2	2	1	FALSE	FALSE	
102723932	1	1	1	FALSE	FALSE	
102724009	1	1	1	FALSE	FALSE	
102724030	1	1	1	FALSE	FALSE	
102724064	1	1	1	FALSE	FALSE	
102724094	1	1	1	FALSE	FALSE	
102724100	1	1	1	FALSE	FALSE	
102724156	1	1	1	FALSE	FALSE	
102724165	1	1	1	FALSE	FALSE	
102724201	1	1	1	FALSE	FALSE	
102724312	1	1	1	FALSE	FALSE	
102724316	3	3	1	FALSE	FALSE	
102724323	1	1	1	FALSE	FALSE	
102724362	1	1	1	FALSE	FALSE	
102724382	1	1	1	FALSE	FALSE	
102724386	1	1	1	FALSE	FALSE	
102724404	1	1	1	FALSE	FALSE	
102724434	1	1	1	FALSE	FALSE	
102724449	1	1	1	FALSE	FALSE	
102724470	1	1	1	FALSE	FALSE	
102724508	1	1	1	FALSE	FALSE	
102724511	1	1	1	FALSE	FALSE	
102724532	1	1	1	FALSE	FALSE	
102724542	1	1	1	FALSE	FALSE	
102724551	1	1	1	FALSE	FALSE	
102724587	1	1	1	FALSE	FALSE	
102724593	2	2	1	FALSE	FALSE	
102724612	1	1	1	FALSE	FALSE	
102724698	1	1	1	FALSE	FALSE	
102724699	1	1	1	FALSE	FALSE	
102724708	1	1	1	FALSE	FALSE	
102724714	1	1	1	FALSE	FALSE	
102724814	2	1	0.5	TRUE	FALSE	
102724827	2	2	1	FALSE	FALSE	
102724859	1	1	1	FALSE	FALSE	
102724880	1	1	1	FALSE	FALSE	
102724929	1	1	1	FALSE	FALSE	
102724938	1	1	1	FALSE	FALSE	
102724965	1	1	1	FALSE	FALSE	
102725022	1	1	1	FALSE	FALSE	
102725116	2	2	1	FALSE	FALSE	
102725140	1	1	1	FALSE	FALSE	
102725228	1	1	1	FALSE	FALSE	
10273	1	1	1	FALSE	FALSE	
10274	3	2	0.666666666666667	TRUE	FALSE	
10276	2	1	0.5	TRUE	FALSE	
10277	4	3	0.75	TRUE	FALSE	
10278	2	2	1	FALSE	FALSE	
10279	1	1	1	FALSE	FALSE	
1028	2	1	0.5	TRUE	FALSE	
10280	2	1	0.5	TRUE	FALSE	
102800310	1	1	1	FALSE	FALSE	
102800316	1	1	1	FALSE	FALSE	
102800447	1	1	1	FALSE	FALSE	
10281	1	1	1	FALSE	FALSE	
10282	1	1	1	FALSE	FALSE	
10283	2	2	1	FALSE	FALSE	
10284	3	3	1	FALSE	FALSE	
10285	1	1	1	FALSE	FALSE	
10286	1	1	1	FALSE	FALSE	
10287	1	1	1	FALSE	FALSE	
10289	2	2	1	FALSE	FALSE	
1029	2	1	0.5	TRUE	FALSE	
10291	4	1	0.25	TRUE	FALSE	
10293	1	1	1	FALSE	FALSE	
10294	2	2	1	FALSE	FALSE	
10295	1	1	1	FALSE	FALSE	
10296	1	1	1	FALSE	FALSE	
10297	2	1	0.5	TRUE	FALSE	
10298	3	2	0.666666666666667	TRUE	FALSE	
10299	6	4	0.666666666666667	TRUE	FALSE	
103	1	1	1	FALSE	FALSE	
1030	2	2	1	FALSE	FALSE	
10300	3	1	0.333333333333333	TRUE	FALSE	
10301	1	1	1	FALSE	FALSE	
10302	3	2	0.666666666666667	TRUE	FALSE	
10307	1	1	1	FALSE	FALSE	
10308	1	1	1	FALSE	FALSE	
10309	1	1	1	FALSE	FALSE	
103091865	1	1	1	FALSE	FALSE	
1031	2	2	1	FALSE	FALSE	
10311	2	1	0.5	TRUE	FALSE	
10312	1	1	1	FALSE	FALSE	
10313	2	2	1	FALSE	FALSE	
10314	2	2	1	FALSE	FALSE	
10316	1	1	1	FALSE	FALSE	
10317	3	2	0.666666666666667	TRUE	FALSE	
10318	2	2	1	FALSE	FALSE	
10319	2	2	1	FALSE	FALSE	
1032	2	2	1	FALSE	FALSE	
10320	8	5	0.625	TRUE	FALSE	
10321	1	1	1	FALSE	FALSE	
10322	1	1	1	FALSE	FALSE	
10324	2	1	0.5	TRUE	FALSE	
10325	1	1	1	FALSE	FALSE	
10326	3	2	0.666666666666667	TRUE	FALSE	
10327	1	1	1	FALSE	FALSE	
10328	2	1	0.5	TRUE	FALSE	
103283057	1	1	1	FALSE	FALSE	
10329	2	2	1	FALSE	FALSE	
1033	2	2	1	FALSE	FALSE	
10330	4	4	1	FALSE	FALSE	
10331	1	1	1	FALSE	FALSE	
10332	2	1	0.5	TRUE	FALSE	
10333	2	1	0.5	TRUE	FALSE	
103344929	1	1	1	FALSE	FALSE	
10335	3	3	1	FALSE	FALSE	
103352539	2	2	1	FALSE	FALSE	
103352670	1	1	1	FALSE	FALSE	
10336	4	4	1	FALSE	FALSE	
10342	4	3	0.75	TRUE	FALSE	
10343	1	1	1	FALSE	FALSE	
10344	1	1	1	FALSE	FALSE	
10345	3	1	0.333333333333333	TRUE	TRUE	222919_at
103456507	1	1	1	FALSE	FALSE	
10346	1	1	1	FALSE	FALSE	
10347	1	1	1	FALSE	FALSE	
10350	3	3	1	FALSE	FALSE	
10351	2	2	1	FALSE	FALSE	
10352	3	3	1	FALSE	FALSE	
103581031	1	1	1	FALSE	FALSE	
1036	2	2	1	FALSE	FALSE	
10360	1	1	1	FALSE	FALSE	
10361	1	1	1	FALSE	FALSE	
10362	3	1	0.333333333333333	TRUE	TRUE	210719_s_at
10363	1	1	1	FALSE	FALSE	
10365	2	2	1	FALSE	FALSE	
10367	1	1	1	FALSE	FALSE	
10368	1	1	1	FALSE	FALSE	
103689912	2	2	1	FALSE	FALSE	
10369	2	2	1	FALSE	FALSE	
103695435	1	1	1	FALSE	FALSE	
10370	3	3	1	FALSE	FALSE	
10371	3	3	1	FALSE	FALSE	
103752554	1	1	1	FALSE	FALSE	
103752589	2	2	1	FALSE	FALSE	
10376	1	1	1	FALSE	FALSE	
10379	1	1	1	FALSE	FALSE	
1038	1	1	1	FALSE	FALSE	
10380	3	3	1	FALSE	FALSE	
10382	1	1	1	FALSE	FALSE	
10384	2	1	0.5	TRUE	FALSE	
10385	3	3	1	FALSE	FALSE	
10388	2	2	1	FALSE	FALSE	
1039	1	1	1	FALSE	FALSE	
10390	2	1	0.5	TRUE	FALSE	
10391	1	1	1	FALSE	FALSE	
103910	1	1	1	FALSE	FALSE	
10392	1	1	1	FALSE	FALSE	
10393	2	2	1	FALSE	FALSE	
10394	1	1	1	FALSE	FALSE	
10395	4	4	1	FALSE	FALSE	
10396	3	2	0.666666666666667	TRUE	FALSE	
10397	1	1	1	FALSE	FALSE	
10398	2	2	1	FALSE	FALSE	
10399	2	1	0.5	TRUE	FALSE	
104	5	5	1	FALSE	FALSE	
1040	4	4	1	FALSE	FALSE	
10400	1	1	1	FALSE	FALSE	
10401	1	1	1	FALSE	FALSE	
10402	4	4	1	FALSE	FALSE	
10403	1	1	1	FALSE	FALSE	
10404	2	2	1	FALSE	FALSE	
10406	3	3	1	FALSE	FALSE	
10408	2	1	0.5	TRUE	FALSE	
10409	2	2	1	FALSE	FALSE	
1041	2	2	1	FALSE	FALSE	
10411	2	2	1	FALSE	FALSE	
10412	1	1	1	FALSE	FALSE	
10413	3	3	1	FALSE	FALSE	
10417	1	1	1	FALSE	FALSE	
10418	5	5	1	FALSE	FALSE	
10419	2	2	1	FALSE	FALSE	
10420	1	1	1	FALSE	FALSE	
10421	2	2	1	FALSE	FALSE	
10422	1	1	1	FALSE	FALSE	
10423	1	1	1	FALSE	FALSE	
10424	2	2	1	FALSE	FALSE	
10425	5	4	0.8	TRUE	FALSE	
10426	3	1	0.333333333333333	TRUE	FALSE	
10427	1	1	1	FALSE	FALSE	
10428	3	2	0.666666666666667	TRUE	FALSE	
1043	2	2	1	FALSE	FALSE	
10430	1	1	1	FALSE	FALSE	
10432	3	2	0.666666666666667	TRUE	FALSE	
104326055	1	1	1	FALSE	FALSE	
10434	1	1	1	FALSE	FALSE	
10435	2	2	1	FALSE	FALSE	
104355146	1	1	1	FALSE	FALSE	
104355292	1	1	1	FALSE	FALSE	
10436	2	1	0.5	TRUE	FALSE	
10437	1	1	1	FALSE	FALSE	
10438	1	1	1	FALSE	FALSE	
10439	3	2	0.666666666666667	TRUE	FALSE	
1044	1	1	1	FALSE	FALSE	
10440	4	2	0.5	TRUE	FALSE	
104413891	1	1	1	FALSE	FALSE	
10443	7	5	0.714285714285714	TRUE	FALSE	
10444	4	3	0.75	TRUE	FALSE	
10445	1	1	1	FALSE	FALSE	
10446	3	2	0.666666666666667	TRUE	FALSE	
10447	3	3	1	FALSE	FALSE	
104472717	1	1	1	FALSE	FALSE	
104472718	1	1	1	FALSE	FALSE	
10449	3	3	1	FALSE	FALSE	
1045	2	2	1	FALSE	FALSE	
10450	3	3	1	FALSE	FALSE	
104502416	1	1	1	FALSE	FALSE	
10451	3	3	1	FALSE	FALSE	
10452	1	1	1	FALSE	FALSE	
10454	1	1	1	FALSE	FALSE	
10455	1	1	1	FALSE	FALSE	
10456	2	1	0.5	TRUE	FALSE	
104564224	1	1	1	FALSE	FALSE	
10457	2	2	1	FALSE	FALSE	
10458	3	3	1	FALSE	FALSE	
10459	1	1	1	FALSE	FALSE	
1046	1	1	1	FALSE	FALSE	
10460	2	1	0.5	TRUE	FALSE	
10461	3	2	0.666666666666667	TRUE	FALSE	
10462	1	1	1	FALSE	FALSE	
10463	2	2	1	FALSE	FALSE	
10464	1	1	1	FALSE	FALSE	
10465	2	1	0.5	TRUE	FALSE	
10466	3	1	0.333333333333333	TRUE	FALSE	
10467	1	1	1	FALSE	FALSE	
10468	3	3	1	FALSE	FALSE	
10469	2	2	1	FALSE	FALSE	
1047	1	1	1	FALSE	FALSE	
10471	2	1	0.5	TRUE	FALSE	
10472	2	2	1	FALSE	FALSE	
10473	2	2	1	FALSE	FALSE	
10474	2	2	1	FALSE	FALSE	
10475	4	1	0.25	TRUE	FALSE	
10476	2	1	0.5	TRUE	FALSE	
10477	1	1	1	FALSE	FALSE	
10478	2	2	1	FALSE	FALSE	
10479	1	1	1	FALSE	FALSE	
104797538	1	1	1	FALSE	FALSE	
1048	2	2	1	FALSE	FALSE	
10480	5	3	0.6	TRUE	FALSE	
10481	2	2	1	FALSE	FALSE	
10482	1	1	1	FALSE	FALSE	
10483	3	3	1	FALSE	FALSE	
10484	2	2	1	FALSE	FALSE	
10485	4	3	0.75	TRUE	FALSE	
10486	2	2	1	FALSE	FALSE	
10487	2	1	0.5	TRUE	FALSE	
10488	1	1	1	FALSE	FALSE	
10489	4	3	0.75	TRUE	FALSE	
10490	3	3	1	FALSE	FALSE	
10491	5	5	1	FALSE	FALSE	
10492	7	4	0.571428571428571	TRUE	FALSE	
10493	1	1	1	FALSE	FALSE	
10494	1	1	1	FALSE	FALSE	
10495	5	5	1	FALSE	FALSE	
10497	1	1	1	FALSE	FALSE	
10498	1	1	1	FALSE	FALSE	
10499	4	3	0.75	TRUE	FALSE	
105	2	2	1	FALSE	FALSE	
1050	1	1	1	FALSE	FALSE	
10501	1	1	1	FALSE	FALSE	
10505	1	1	1	FALSE	FALSE	
10507	2	2	1	FALSE	FALSE	
10509	1	1	1	FALSE	FALSE	
1051	1	1	1	FALSE	FALSE	
10512	2	2	1	FALSE	FALSE	
10513	4	3	0.75	TRUE	FALSE	
10514	2	2	1	FALSE	FALSE	
10516	1	1	1	FALSE	FALSE	
10517	1	1	1	FALSE	FALSE	
10518	2	2	1	FALSE	FALSE	
10519	1	1	1	FALSE	FALSE	
1052	2	2	1	FALSE	FALSE	
10520	1	1	1	FALSE	FALSE	
10521	4	4	1	FALSE	FALSE	
10522	2	1	0.5	TRUE	FALSE	
105221694	1	1	1	FALSE	FALSE	
10523	3	2	0.666666666666667	TRUE	FALSE	
10525	1	1	1	FALSE	FALSE	
10526	2	2	1	FALSE	FALSE	
10527	4	4	1	FALSE	FALSE	
105274304	1	1	1	FALSE	FALSE	
10528	2	1	0.5	TRUE	FALSE	
10529	6	5	0.833333333333333	TRUE	FALSE	
1053	1	1	1	FALSE	FALSE	
10531	2	2	1	FALSE	FALSE	
10533	4	2	0.5	TRUE	FALSE	
10534	1	1	1	FALSE	FALSE	
10535	1	1	1	FALSE	FALSE	
10536	1	1	1	FALSE	FALSE	
105369154	1	1	1	FALSE	FALSE	
105369167	3	2	0.666666666666667	TRUE	FALSE	
105369192	2	2	1	FALSE	FALSE	
105369199	1	1	1	FALSE	FALSE	
105369213	1	1	1	FALSE	FALSE	
105369228	3	3	1	FALSE	FALSE	
105369308	1	1	1	FALSE	FALSE	
105369341	1	1	1	FALSE	FALSE	
105369343	2	2	1	FALSE	FALSE	
105369360	1	1	1	FALSE	FALSE	
105369477	1	1	1	FALSE	FALSE	
105369507	1	1	1	FALSE	FALSE	
105369541	1	1	1	FALSE	FALSE	
105369602	1	1	1	FALSE	FALSE	
105369609	1	1	1	FALSE	FALSE	
105369645	1	1	1	FALSE	FALSE	
105369705	1	1	1	FALSE	FALSE	
105369739	1	1	1	FALSE	FALSE	
105369746	1	1	1	FALSE	FALSE	
105369748	1	1	1	FALSE	FALSE	
105369779	1	1	1	FALSE	FALSE	
105369816	1	1	1	FALSE	FALSE	
105369860	1	1	1	FALSE	FALSE	
105369889	1	1	1	FALSE	FALSE	
105369890	1	1	1	FALSE	FALSE	
105369921	1	1	1	FALSE	FALSE	
105369957	1	1	1	FALSE	FALSE	
105369974	2	2	1	FALSE	FALSE	
105370027	1	1	1	FALSE	FALSE	
105370059	1	1	1	FALSE	FALSE	
105370078	1	1	1	FALSE	FALSE	
105370178	3	3	1	FALSE	FALSE	
105370291	1	1	1	FALSE	FALSE	
105370333	1	1	1	FALSE	FALSE	
105370361	2	2	1	FALSE	FALSE	
105370424	1	1	1	FALSE	FALSE	
105370431	1	1	1	FALSE	FALSE	
105370461	1	1	1	FALSE	FALSE	
105370469	1	1	1	FALSE	FALSE	
105370474	1	1	1	FALSE	FALSE	
105370475	1	1	1	FALSE	FALSE	
105370478	1	1	1	FALSE	FALSE	
105370479	1	1	1	FALSE	FALSE	
105370549	1	1	1	FALSE	FALSE	
105370569	1	1	1	FALSE	FALSE	
105370612	1	1	1	FALSE	FALSE	
105370622	1	1	1	FALSE	FALSE	
105370629	2	2	1	FALSE	FALSE	
105370638	1	1	1	FALSE	FALSE	
105370687	1	1	1	FALSE	FALSE	
105370697	1	1	1	FALSE	FALSE	
105370737	1	1	1	FALSE	FALSE	
105370746	1	1	1	FALSE	FALSE	
105370752	2	1	0.5	TRUE	FALSE	
105370792	2	1	0.5	TRUE	FALSE	
105370809	1	1	1	FALSE	FALSE	
105370829	1	1	1	FALSE	FALSE	
105370832	1	1	1	FALSE	FALSE	
105370834	1	1	1	FALSE	FALSE	
105370890	1	1	1	FALSE	FALSE	
105370941	1	1	1	FALSE	FALSE	
105370997	1	1	1	FALSE	FALSE	
105371038	1	1	1	FALSE	FALSE	
105371046	1	1	1	FALSE	FALSE	
105371071	1	1	1	FALSE	FALSE	
105371074	2	2	1	FALSE	FALSE	
105371079	1	1	1	FALSE	FALSE	
105371184	1	1	1	FALSE	FALSE	
105371215	1	1	1	FALSE	FALSE	
105371264	1	1	1	FALSE	FALSE	
105371267	1	1	1	FALSE	FALSE	
105371374	1	1	1	FALSE	FALSE	
105371401	1	1	1	FALSE	FALSE	
105371414	1	1	1	FALSE	FALSE	
105371450	1	1	1	FALSE	FALSE	
105371453	1	1	1	FALSE	FALSE	
105371472	1	1	1	FALSE	FALSE	
105371485	1	1	1	FALSE	FALSE	
105371508	1	1	1	FALSE	FALSE	
105371561	1	1	1	FALSE	FALSE	
105371600	1	1	1	FALSE	FALSE	
105371622	2	2	1	FALSE	FALSE	
105371672	1	1	1	FALSE	FALSE	
105371692	1	1	1	FALSE	FALSE	
105371693	1	1	1	FALSE	FALSE	
105371703	1	1	1	FALSE	FALSE	
105371708	1	1	1	FALSE	FALSE	
105371734	1	1	1	FALSE	FALSE	
105371743	1	1	1	FALSE	FALSE	
105371763	1	1	1	FALSE	FALSE	
105371798	1	1	1	FALSE	FALSE	
105371807	1	1	1	FALSE	FALSE	
105371809	1	1	1	FALSE	FALSE	
105371919	1	1	1	FALSE	FALSE	
105371932	1	1	1	FALSE	FALSE	
105371967	1	1	1	FALSE	FALSE	
105372069	1	1	1	FALSE	FALSE	
105372127	1	1	1	FALSE	FALSE	
105372147	1	1	1	FALSE	FALSE	
105372217	1	1	1	FALSE	FALSE	
105372274	1	1	1	FALSE	FALSE	
105372394	1	1	1	FALSE	FALSE	
105372404	1	1	1	FALSE	FALSE	
105372480	1	1	1	FALSE	FALSE	
105372481	2	2	1	FALSE	FALSE	
105372482	1	1	1	FALSE	FALSE	
105372483	1	1	1	FALSE	FALSE	
105372485	1	1	1	FALSE	FALSE	
105372520	1	1	1	FALSE	FALSE	
105372547	1	1	1	FALSE	FALSE	
105372550	1	1	1	FALSE	FALSE	
105372602	1	1	1	FALSE	FALSE	
105372637	1	1	1	FALSE	FALSE	
105372640	1	1	1	FALSE	FALSE	
105372695	1	1	1	FALSE	FALSE	
105372733	1	1	1	FALSE	FALSE	
105372762	1	1	1	FALSE	FALSE	
105372766	1	1	1	FALSE	FALSE	
105372779	1	1	1	FALSE	FALSE	
105372793	1	1	1	FALSE	FALSE	
105372840	1	1	1	FALSE	FALSE	
105372876	2	1	0.5	TRUE	FALSE	
105372969	1	1	1	FALSE	FALSE	
105372991	1	1	1	FALSE	FALSE	
105373085	1	1	1	FALSE	FALSE	
105373098	1	1	1	FALSE	FALSE	
105373113	2	1	0.5	TRUE	FALSE	
105373150	1	1	1	FALSE	FALSE	
105373170	1	1	1	FALSE	FALSE	
105373223	1	1	1	FALSE	FALSE	
105373225	1	1	1	FALSE	FALSE	
105373334	1	1	1	FALSE	FALSE	
105373383	1	1	1	FALSE	FALSE	
105373418	1	1	1	FALSE	FALSE	
105373460	1	1	1	FALSE	FALSE	
105373554	1	1	1	FALSE	FALSE	
105373618	1	1	1	FALSE	FALSE	
105373714	1	1	1	FALSE	FALSE	
105373764	1	1	1	FALSE	FALSE	
105373869	1	1	1	FALSE	FALSE	
105373876	1	1	1	FALSE	FALSE	
105373942	1	1	1	FALSE	FALSE	
105373958	1	1	1	FALSE	FALSE	
105374042	1	1	1	FALSE	FALSE	
105374118	1	1	1	FALSE	FALSE	
105374177	1	1	1	FALSE	FALSE	
105374240	1	1	1	FALSE	FALSE	
105374258	1	1	1	FALSE	FALSE	
105374325	1	1	1	FALSE	FALSE	
105374336	1	1	1	FALSE	FALSE	
105374366	2	2	1	FALSE	FALSE	
105374374	1	1	1	FALSE	FALSE	
105374419	1	1	1	FALSE	FALSE	
105374423	1	1	1	FALSE	FALSE	
105374428	1	1	1	FALSE	FALSE	
105374584	1	1	1	FALSE	FALSE	
105374621	1	1	1	FALSE	FALSE	
105374629	1	1	1	FALSE	FALSE	
105374648	1	1	1	FALSE	FALSE	
105374676	1	1	1	FALSE	FALSE	
105374690	1	1	1	FALSE	FALSE	
105374693	1	1	1	FALSE	FALSE	
105374768	1	1	1	FALSE	FALSE	
105374775	1	1	1	FALSE	FALSE	
105374809	2	2	1	FALSE	FALSE	
105374869	1	1	1	FALSE	FALSE	
105374888	1	1	1	FALSE	FALSE	
105374895	1	1	1	FALSE	FALSE	
105374928	2	1	0.5	TRUE	FALSE	
105374937	1	1	1	FALSE	FALSE	
105374947	1	1	1	FALSE	FALSE	
105374953	1	1	1	FALSE	FALSE	
105374989	1	1	1	FALSE	FALSE	
105375026	1	1	1	FALSE	FALSE	
105375038	1	1	1	FALSE	FALSE	
105375061	1	1	1	FALSE	FALSE	
105375075	1	1	1	FALSE	FALSE	
105375116	1	1	1	FALSE	FALSE	
105375172	1	1	1	FALSE	FALSE	
105375206	1	1	1	FALSE	FALSE	
105375218	1	1	1	FALSE	FALSE	
105375240	1	1	1	FALSE	FALSE	
105375253	1	1	1	FALSE	FALSE	
105375273	2	2	1	FALSE	FALSE	
105375282	1	1	1	FALSE	FALSE	
105375355	1	1	1	FALSE	FALSE	
105375382	1	1	1	FALSE	FALSE	
105375483	1	1	1	FALSE	FALSE	
105375509	1	1	1	FALSE	FALSE	
105375527	1	1	1	FALSE	FALSE	
105375547	1	1	1	FALSE	FALSE	
105375571	1	1	1	FALSE	FALSE	
105375582	1	1	1	FALSE	FALSE	
105375591	1	1	1	FALSE	FALSE	
105375602	1	1	1	FALSE	FALSE	
105375624	1	1	1	FALSE	FALSE	
105375650	1	1	1	FALSE	FALSE	
105375679	1	1	1	FALSE	FALSE	
105375769	1	1	1	FALSE	FALSE	
105375771	1	1	1	FALSE	FALSE	
105375773	1	1	1	FALSE	FALSE	
105375785	1	1	1	FALSE	FALSE	
105375875	1	1	1	FALSE	FALSE	
105376023	1	1	1	FALSE	FALSE	
105376031	1	1	1	FALSE	FALSE	
105376037	1	1	1	FALSE	FALSE	
105376072	1	1	1	FALSE	FALSE	
105376081	1	1	1	FALSE	FALSE	
105376100	1	1	1	FALSE	FALSE	
105376139	1	1	1	FALSE	FALSE	
105376166	2	1	0.5	TRUE	FALSE	
105376196	1	1	1	FALSE	FALSE	
105376204	1	1	1	FALSE	FALSE	
105376230	1	1	1	FALSE	FALSE	
105376236	1	1	1	FALSE	FALSE	
105376292	1	1	1	FALSE	FALSE	
105376301	1	1	1	FALSE	FALSE	
105376323	2	1	0.5	TRUE	FALSE	
105376360	1	1	1	FALSE	FALSE	
105376387	1	1	1	FALSE	FALSE	
105376489	1	1	1	FALSE	FALSE	
105376606	1	1	1	FALSE	FALSE	
105376689	2	1	0.5	TRUE	FALSE	
105376717	1	1	1	FALSE	FALSE	
105376944	3	3	1	FALSE	FALSE	
105376975	1	1	1	FALSE	FALSE	
105376997	1	1	1	FALSE	FALSE	
105377085	1	1	1	FALSE	FALSE	
105377105	1	1	1	FALSE	FALSE	
105377108	2	1	0.5	TRUE	FALSE	
105377134	1	1	1	FALSE	FALSE	
105377143	1	1	1	FALSE	FALSE	
105377180	1	1	1	FALSE	FALSE	
105377223	1	1	1	FALSE	FALSE	
105377245	1	1	1	FALSE	FALSE	
105377276	1	1	1	FALSE	FALSE	
105377283	1	1	1	FALSE	FALSE	
105377320	1	1	1	FALSE	FALSE	
105377335	1	1	1	FALSE	FALSE	
105377348	1	1	1	FALSE	FALSE	
105377391	1	1	1	FALSE	FALSE	
105377399	1	1	1	FALSE	FALSE	
105377436	1	1	1	FALSE	FALSE	
105377441	1	1	1	FALSE	FALSE	
105377443	1	1	1	FALSE	FALSE	
105377458	1	1	1	FALSE	FALSE	
105377468	1	1	1	FALSE	FALSE	
105377485	1	1	1	FALSE	FALSE	
105377486	1	1	1	FALSE	FALSE	
105377656	1	1	1	FALSE	FALSE	
105377663	1	1	1	FALSE	FALSE	
105377690	1	1	1	FALSE	FALSE	
105377730	1	1	1	FALSE	FALSE	
105377750	1	1	1	FALSE	FALSE	
105377776	1	1	1	FALSE	FALSE	
105377782	1	1	1	FALSE	FALSE	
105377844	1	1	1	FALSE	FALSE	
105377924	1	1	1	FALSE	FALSE	
105377938	1	1	1	FALSE	FALSE	
105377993	1	1	1	FALSE	FALSE	
105378011	1	1	1	FALSE	FALSE	
105378044	1	1	1	FALSE	FALSE	
105378052	1	1	1	FALSE	FALSE	
105378067	1	1	1	FALSE	FALSE	
105378130	1	1	1	FALSE	FALSE	
105378146	1	1	1	FALSE	FALSE	
105378231	1	1	1	FALSE	FALSE	
105378311	1	1	1	FALSE	FALSE	
105378349	1	1	1	FALSE	FALSE	
105378367	1	1	1	FALSE	FALSE	
105378419	1	1	1	FALSE	FALSE	
105378470	1	1	1	FALSE	FALSE	
105378515	1	1	1	FALSE	FALSE	
105378568	1	1	1	FALSE	FALSE	
105378577	1	1	1	FALSE	FALSE	
105378589	2	2	1	FALSE	FALSE	
105378597	1	1	1	FALSE	FALSE	
105378604	1	1	1	FALSE	FALSE	
105378635	1	1	1	FALSE	FALSE	
105378688	1	1	1	FALSE	FALSE	
105378696	1	1	1	FALSE	FALSE	
105378726	1	1	1	FALSE	FALSE	
105378732	1	1	1	FALSE	FALSE	
105378739	1	1	1	FALSE	FALSE	
105378753	1	1	1	FALSE	FALSE	
105378789	1	1	1	FALSE	FALSE	
105378828	1	1	1	FALSE	FALSE	
105378948	2	1	0.5	TRUE	FALSE	
105378952	1	1	1	FALSE	FALSE	
105378997	1	1	1	FALSE	FALSE	
105379143	1	1	1	FALSE	FALSE	
105379173	1	1	1	FALSE	FALSE	
105379178	1	1	1	FALSE	FALSE	
105379181	1	1	1	FALSE	FALSE	
105379362	2	1	0.5	TRUE	TRUE	235696_at
105379385	1	1	1	FALSE	FALSE	
105379448	1	1	1	FALSE	FALSE	
105379477	1	1	1	FALSE	FALSE	
105379524	1	1	1	FALSE	FALSE	
105379627	1	1	1	FALSE	FALSE	
10538	1	1	1	FALSE	FALSE	
10539	2	2	1	FALSE	FALSE	
1054	2	1	0.5	TRUE	FALSE	
10540	3	3	1	FALSE	FALSE	
10541	1	1	1	FALSE	FALSE	
105416157	1	1	1	FALSE	FALSE	
10542	2	2	1	FALSE	FALSE	
10544	1	1	1	FALSE	FALSE	
10548	2	1	0.5	TRUE	FALSE	
10549	1	1	1	FALSE	FALSE	
10550	2	2	1	FALSE	FALSE	
10551	2	2	1	FALSE	FALSE	
10552	1	1	1	FALSE	FALSE	
10553	4	2	0.5	TRUE	FALSE	
10554	2	2	1	FALSE	FALSE	
10555	2	2	1	FALSE	FALSE	
10556	4	4	1	FALSE	FALSE	
10557	1	1	1	FALSE	FALSE	
10558	3	1	0.333333333333333	TRUE	FALSE	
10559	1	1	1	FALSE	FALSE	
1056	2	2	1	FALSE	FALSE	
10560	1	1	1	FALSE	FALSE	
10561	2	2	1	FALSE	FALSE	
10562	1	1	1	FALSE	FALSE	
10563	1	1	1	FALSE	FALSE	
10564	4	4	1	FALSE	FALSE	
10565	3	2	0.666666666666667	TRUE	FALSE	
10566	1	1	1	FALSE	FALSE	
10567	1	1	1	FALSE	FALSE	
10568	1	1	1	FALSE	FALSE	
105682749	1	1	1	FALSE	FALSE	
10569	2	2	1	FALSE	FALSE	
10570	3	3	1	FALSE	FALSE	
10572	2	1	0.5	TRUE	FALSE	
10573	1	1	1	FALSE	FALSE	
10574	1	1	1	FALSE	FALSE	
10575	2	1	0.5	TRUE	FALSE	
10576	2	2	1	FALSE	FALSE	
10577	1	1	1	FALSE	FALSE	
10578	2	2	1	FALSE	FALSE	
10579	4	2	0.5	TRUE	FALSE	
1058	1	1	1	FALSE	FALSE	
10580	4	4	1	FALSE	FALSE	
10584	1	1	1	FALSE	FALSE	
10585	1	1	1	FALSE	FALSE	
10586	2	1	0.5	TRUE	FALSE	
10587	2	2	1	FALSE	FALSE	
10589	1	1	1	FALSE	FALSE	
1059	1	1	1	FALSE	FALSE	
10590	1	1	1	FALSE	FALSE	
10591	3	3	1	FALSE	FALSE	
10592	3	2	0.666666666666667	TRUE	FALSE	
10594	1	1	1	FALSE	FALSE	
10595	1	1	1	FALSE	FALSE	
10598	1	1	1	FALSE	FALSE	
10599	1	1	1	FALSE	FALSE	
1060	1	1	1	FALSE	FALSE	
10600	2	2	1	FALSE	FALSE	
10602	4	2	0.5	TRUE	FALSE	
10603	1	1	1	FALSE	FALSE	
10605	2	1	0.5	TRUE	TRUE	208051_s_at
10606	3	1	0.333333333333333	TRUE	TRUE	201013_s_at
10607	2	2	1	FALSE	FALSE	
10608	2	2	1	FALSE	FALSE	
10609	1	1	1	FALSE	FALSE	
10610	1	1	1	FALSE	FALSE	
10611	10	6	0.6	TRUE	FALSE	
10612	4	3	0.75	TRUE	FALSE	
10613	2	1	0.5	TRUE	FALSE	
10614	2	2	1	FALSE	FALSE	
106146148	1	1	1	FALSE	FALSE	
106146149	1	1	1	FALSE	FALSE	
10615	1	1	1	FALSE	FALSE	
10616	2	2	1	FALSE	FALSE	
10617	3	2	0.666666666666667	TRUE	FALSE	
10618	5	4	0.8	TRUE	FALSE	
1062	1	1	1	FALSE	FALSE	
10620	1	1	1	FALSE	FALSE	
10621	1	1	1	FALSE	FALSE	
10622	3	2	0.666666666666667	TRUE	FALSE	
10623	2	2	1	FALSE	FALSE	
10625	4	4	1	FALSE	FALSE	
10626	1	1	1	FALSE	FALSE	
10627	4	2	0.5	TRUE	FALSE	
10628	3	3	1	FALSE	FALSE	
10629	5	4	0.8	TRUE	FALSE	
1063	3	3	1	FALSE	FALSE	
10630	4	3	0.75	TRUE	FALSE	
10631	4	4	1	FALSE	FALSE	
10632	1	1	1	FALSE	FALSE	
10633	2	1	0.5	TRUE	FALSE	
10634	3	2	0.666666666666667	TRUE	FALSE	
10635	1	1	1	FALSE	FALSE	
10636	3	2	0.666666666666667	TRUE	FALSE	
10637	1	1	1	FALSE	FALSE	
10640	5	5	1	FALSE	FALSE	
10641	2	2	1	FALSE	FALSE	
10642	3	2	0.666666666666667	TRUE	FALSE	
10643	4	1	0.25	TRUE	FALSE	
10644	2	2	1	FALSE	FALSE	
10645	4	3	0.75	TRUE	FALSE	
106456574	1	1	1	FALSE	FALSE	
10647	1	1	1	FALSE	FALSE	
10648	1	1	1	FALSE	FALSE	
106481339	1	1	1	FALSE	FALSE	
10650	1	1	1	FALSE	FALSE	
10651	1	1	1	FALSE	FALSE	
10652	2	1	0.5	TRUE	FALSE	
10653	1	1	1	FALSE	FALSE	
10654	1	1	1	FALSE	FALSE	
10655	1	1	1	FALSE	FALSE	
10656	2	2	1	FALSE	FALSE	
10657	2	2	1	FALSE	FALSE	
10658	7	4	0.571428571428571	TRUE	FALSE	
10659	7	6	0.857142857142857	TRUE	FALSE	
10660	1	1	1	FALSE	FALSE	
10661	1	1	1	FALSE	FALSE	
106614088	1	1	1	FALSE	FALSE	
10663	2	2	1	FALSE	FALSE	
10664	1	1	1	FALSE	FALSE	
10665	1	1	1	FALSE	FALSE	
10666	1	1	1	FALSE	FALSE	
10667	3	2	0.666666666666667	TRUE	FALSE	
10668	1	1	1	FALSE	FALSE	
10669	1	1	1	FALSE	FALSE	
106699570	1	1	1	FALSE	FALSE	
10670	1	1	1	FALSE	FALSE	
10671	1	1	1	FALSE	FALSE	
10672	3	1	0.333333333333333	TRUE	FALSE	
10673	2	2	1	FALSE	FALSE	
106736475	1	1	1	FALSE	FALSE	
10675	2	1	0.5	TRUE	FALSE	
10677	4	4	1	FALSE	FALSE	
10678	3	3	1	FALSE	FALSE	
1068	1	1	1	FALSE	FALSE	
10681	4	2	0.5	TRUE	FALSE	
10682	4	4	1	FALSE	FALSE	
10683	1	1	1	FALSE	FALSE	
10686	1	1	1	FALSE	FALSE	
10687	2	1	0.5	TRUE	FALSE	
1069	1	1	1	FALSE	FALSE	
10690	3	1	0.333333333333333	TRUE	FALSE	
10691	4	4	1	FALSE	FALSE	
10692	1	1	1	FALSE	FALSE	
10693	1	1	1	FALSE	FALSE	
10694	2	2	1	FALSE	FALSE	
10695	4	4	1	FALSE	FALSE	
10699	3	3	1	FALSE	FALSE	
107	5	2	0.4	TRUE	FALSE	
1070	1	1	1	FALSE	FALSE	
107075116	1	1	1	FALSE	FALSE	
1071	1	1	1	FALSE	FALSE	
107105282	1	1	1	FALSE	FALSE	
10712	2	2	1	FALSE	FALSE	
10713	1	1	1	FALSE	FALSE	
10714	2	1	0.5	TRUE	FALSE	
10716	1	1	1	FALSE	FALSE	
107161151	1	1	1	FALSE	FALSE	
107161159	1	1	1	FALSE	FALSE	
10717	3	3	1	FALSE	FALSE	
10718	1	1	1	FALSE	FALSE	
1072	4	2	0.5	TRUE	FALSE	
10721	2	1	0.5	TRUE	FALSE	
10723	1	1	1	FALSE	FALSE	
10724	5	1	0.2	TRUE	FALSE	
10725	3	2	0.666666666666667	TRUE	FALSE	
10726	2	1	0.5	TRUE	FALSE	
10728	1	1	1	FALSE	FALSE	
1073	3	3	1	FALSE	FALSE	
10730	5	3	0.6	TRUE	FALSE	
10732	2	2	1	FALSE	FALSE	
10733	3	2	0.666666666666667	TRUE	FALSE	
10734	1	1	1	FALSE	FALSE	
10735	3	2	0.666666666666667	TRUE	FALSE	
10736	2	2	1	FALSE	FALSE	
10737	1	1	1	FALSE	FALSE	
10740	1	1	1	FALSE	FALSE	
10741	4	2	0.5	TRUE	FALSE	
10742	1	1	1	FALSE	FALSE	
10743	3	1	0.333333333333333	TRUE	FALSE	
10744	1	1	1	FALSE	FALSE	
10745	4	4	1	FALSE	FALSE	
10746	6	4	0.666666666666667	TRUE	FALSE	
10747	2	1	0.5	TRUE	FALSE	
10748	1	1	1	FALSE	FALSE	
10749	2	2	1	FALSE	FALSE	
1075	4	4	1	FALSE	FALSE	
10752	2	1	0.5	TRUE	FALSE	
10753	2	2	1	FALSE	FALSE	
10755	1	1	1	FALSE	FALSE	
10758	2	2	1	FALSE	FALSE	
10761	1	1	1	FALSE	FALSE	
10762	5	4	0.8	TRUE	FALSE	
10763	2	2	1	FALSE	FALSE	
10765	4	3	0.75	TRUE	FALSE	
10766	3	3	1	FALSE	FALSE	
10767	4	2	0.5	TRUE	FALSE	
10768	4	3	0.75	TRUE	FALSE	
10769	1	1	1	FALSE	FALSE	
10771	4	1	0.25	TRUE	FALSE	
10772	3	3	1	FALSE	FALSE	
10773	1	1	1	FALSE	FALSE	
10775	2	1	0.5	TRUE	FALSE	
10776	3	3	1	FALSE	FALSE	
10777	6	5	0.833333333333333	TRUE	FALSE	
10778	3	3	1	FALSE	FALSE	
10780	2	1	0.5	TRUE	FALSE	
10781	1	1	1	FALSE	FALSE	
10782	2	2	1	FALSE	FALSE	
10783	5	1	0.2	TRUE	FALSE	
10785	2	2	1	FALSE	FALSE	
10787	2	1	0.5	TRUE	FALSE	
10788	2	2	1	FALSE	FALSE	
10791	2	2	1	FALSE	FALSE	
10793	1	1	1	FALSE	FALSE	
10794	3	1	0.333333333333333	TRUE	FALSE	
10795	3	3	1	FALSE	FALSE	
10797	1	1	1	FALSE	FALSE	
10798	1	1	1	FALSE	FALSE	
107984035	1	1	1	FALSE	FALSE	
107984208	1	1	1	FALSE	FALSE	
107984399	1	1	1	FALSE	FALSE	
107984773	1	1	1	FALSE	FALSE	
107984784	1	1	1	FALSE	FALSE	
107984974	1	1	1	FALSE	FALSE	
107985280	1	1	1	FALSE	FALSE	
107986046	1	1	1	FALSE	FALSE	
107986313	1	1	1	FALSE	FALSE	
107986876	1	1	1	FALSE	FALSE	
107987337	1	1	1	FALSE	FALSE	
10799	1	1	1	FALSE	FALSE	
108	4	2	0.5	TRUE	FALSE	
1080	4	2	0.5	TRUE	FALSE	
10800	3	3	1	FALSE	FALSE	
10801	4	4	1	FALSE	FALSE	
10802	3	3	1	FALSE	FALSE	
10803	1	1	1	FALSE	FALSE	
10804	1	1	1	FALSE	FALSE	
10806	5	4	0.8	TRUE	FALSE	
10807	3	2	0.666666666666667	TRUE	FALSE	
10808	2	2	1	FALSE	FALSE	
10809	2	1	0.5	TRUE	FALSE	
1081	2	2	1	FALSE	FALSE	
10810	1	1	1	FALSE	FALSE	
10811	1	1	1	FALSE	FALSE	
10813	1	1	1	FALSE	FALSE	
10814	2	1	0.5	TRUE	FALSE	
10815	1	1	1	FALSE	FALSE	
10816	1	1	1	FALSE	FALSE	
10817	1	1	1	FALSE	FALSE	
10818	3	2	0.666666666666667	TRUE	FALSE	
10819	1	1	1	FALSE	FALSE	
10824	2	2	1	FALSE	FALSE	
10825	4	1	0.25	TRUE	FALSE	
10826	3	3	1	FALSE	FALSE	
10827	2	1	0.5	TRUE	FALSE	
10838	2	1	0.5	TRUE	FALSE	
1084	1	1	1	FALSE	FALSE	
10840	2	2	1	FALSE	FALSE	
10841	1	1	1	FALSE	FALSE	
10842	2	2	1	FALSE	FALSE	
10844	3	1	0.333333333333333	TRUE	FALSE	
10845	2	1	0.5	TRUE	FALSE	
10846	3	2	0.666666666666667	TRUE	FALSE	
10847	4	1	0.25	TRUE	FALSE	
10848	1	1	1	FALSE	FALSE	
10849	1	1	1	FALSE	FALSE	
10850	1	1	1	FALSE	FALSE	
10855	2	2	1	FALSE	FALSE	
10856	3	3	1	FALSE	FALSE	
10857	2	1	0.5	TRUE	FALSE	
108570035	1	1	1	FALSE	FALSE	
10858	1	1	1	FALSE	FALSE	
10861	2	1	0.5	TRUE	FALSE	
10863	4	2	0.5	TRUE	FALSE	
10864	5	3	0.6	TRUE	FALSE	
10865	1	1	1	FALSE	FALSE	
10866	1	1	1	FALSE	FALSE	
10867	2	2	1	FALSE	FALSE	
10868	1	1	1	FALSE	FALSE	
10869	2	2	1	FALSE	FALSE	
1087	3	2	0.666666666666667	TRUE	FALSE	
10870	1	1	1	FALSE	FALSE	
10873	2	1	0.5	TRUE	FALSE	
10874	1	1	1	FALSE	FALSE	
10875	2	2	1	FALSE	FALSE	
10876	3	1	0.333333333333333	TRUE	FALSE	
10877	1	1	1	FALSE	FALSE	
10878	2	2	1	FALSE	FALSE	
10879	1	1	1	FALSE	FALSE	
1088	1	1	1	FALSE	FALSE	
10880	1	1	1	FALSE	FALSE	
10881	1	1	1	FALSE	FALSE	
10882	2	2	1	FALSE	FALSE	
10884	3	3	1	FALSE	FALSE	
10885	2	1	0.5	TRUE	FALSE	
10886	1	1	1	FALSE	FALSE	
10888	1	1	1	FALSE	FALSE	
1089	1	1	1	FALSE	FALSE	
10890	2	2	1	FALSE	FALSE	
10891	2	2	1	FALSE	FALSE	
10892	3	3	1	FALSE	FALSE	
10893	3	2	0.666666666666667	TRUE	FALSE	
10894	2	2	1	FALSE	FALSE	
10895	1	1	1	FALSE	FALSE	
10897	1	1	1	FALSE	FALSE	
10898	1	1	1	FALSE	FALSE	
10899	1	1	1	FALSE	FALSE	
109	2	2	1	FALSE	FALSE	
10900	1	1	1	FALSE	FALSE	
10902	3	3	1	FALSE	FALSE	
10903	2	2	1	FALSE	FALSE	
10904	3	1	0.333333333333333	TRUE	FALSE	
10905	6	5	0.833333333333333	TRUE	FALSE	
10906	4	3	0.75	TRUE	FALSE	
10907	3	2	0.666666666666667	TRUE	FALSE	
10908	1	1	1	FALSE	FALSE	
10910	3	2	0.666666666666667	TRUE	FALSE	
10911	2	1	0.5	TRUE	FALSE	
10912	1	1	1	FALSE	FALSE	
10913	1	1	1	FALSE	FALSE	
10914	6	3	0.5	TRUE	FALSE	
10915	3	3	1	FALSE	FALSE	
10916	2	2	1	FALSE	FALSE	
10917	1	1	1	FALSE	FALSE	
10919	3	2	0.666666666666667	TRUE	FALSE	
10920	6	4	0.666666666666667	TRUE	FALSE	
10921	1	1	1	FALSE	FALSE	
10923	4	1	0.25	TRUE	FALSE	
10924	2	1	0.5	TRUE	FALSE	
10926	1	1	1	FALSE	FALSE	
10927	2	1	0.5	TRUE	FALSE	
10928	2	2	1	FALSE	FALSE	
10929	3	2	0.666666666666667	TRUE	FALSE	
10930	1	1	1	FALSE	FALSE	
10933	2	2	1	FALSE	FALSE	
10935	2	1	0.5	TRUE	FALSE	
10936	1	1	1	FALSE	FALSE	
10938	2	1	0.5	TRUE	FALSE	
10939	3	3	1	FALSE	FALSE	
10940	1	1	1	FALSE	FALSE	
10942	1	1	1	FALSE	FALSE	
10943	3	2	0.666666666666667	TRUE	FALSE	
10944	5	4	0.8	TRUE	TRUE	235526_at
10945	2	2	1	FALSE	FALSE	
10946	1	1	1	FALSE	FALSE	
10947	2	2	1	FALSE	FALSE	
10948	1	1	1	FALSE	FALSE	
10949	3	2	0.666666666666667	TRUE	FALSE	
10950	2	2	1	FALSE	FALSE	
10951	1	1	1	FALSE	FALSE	
10952	2	2	1	FALSE	FALSE	
10953	1	1	1	FALSE	FALSE	
10954	1	1	1	FALSE	FALSE	
10955	2	1	0.5	TRUE	FALSE	
10956	1	1	1	FALSE	FALSE	
10957	1	1	1	FALSE	FALSE	
10959	3	2	0.666666666666667	TRUE	FALSE	
10960	2	2	1	FALSE	FALSE	
10961	1	1	1	FALSE	FALSE	
10962	1	1	1	FALSE	FALSE	
10963	2	2	1	FALSE	FALSE	
10964	1	1	1	FALSE	FALSE	
10966	2	2	1	FALSE	FALSE	
10969	1	1	1	FALSE	FALSE	
10970	3	3	1	FALSE	FALSE	
10971	3	3	1	FALSE	FALSE	
10972	3	2	0.666666666666667	TRUE	FALSE	
109729141	1	1	1	FALSE	FALSE	
109729181	1	1	1	FALSE	FALSE	
10973	2	2	1	FALSE	FALSE	
10974	1	1	1	FALSE	FALSE	
10975	2	2	1	FALSE	FALSE	
10978	2	2	1	FALSE	FALSE	
10979	2	2	1	FALSE	FALSE	
10980	2	2	1	FALSE	FALSE	
10981	2	2	1	FALSE	FALSE	
10982	3	3	1	FALSE	FALSE	
10983	3	3	1	FALSE	FALSE	
10984	4	3	0.75	TRUE	FALSE	
10985	2	2	1	FALSE	FALSE	
10987	1	1	1	FALSE	FALSE	
10988	3	3	1	FALSE	FALSE	
10989	1	1	1	FALSE	FALSE	
10990	1	1	1	FALSE	FALSE	
10991	1	1	1	FALSE	FALSE	
10992	2	1	0.5	TRUE	FALSE	
10993	2	1	0.5	TRUE	FALSE	
10994	2	2	1	FALSE	FALSE	
10998	2	1	0.5	TRUE	FALSE	
10999	1	1	1	FALSE	FALSE	
11000	1	1	1	FALSE	FALSE	
11001	2	2	1	FALSE	FALSE	
11004	2	2	1	FALSE	FALSE	
11005	1	1	1	FALSE	FALSE	
11006	2	1	0.5	TRUE	FALSE	
11007	3	2	0.666666666666667	TRUE	FALSE	
11009	1	1	1	FALSE	FALSE	
1101	1	1	1	FALSE	FALSE	
11010	3	3	1	FALSE	FALSE	
11011	4	4	1	FALSE	FALSE	
11012	1	1	1	FALSE	FALSE	
11013	1	1	1	FALSE	FALSE	
11014	3	3	1	FALSE	FALSE	
11015	3	1	0.333333333333333	TRUE	FALSE	
11016	5	5	1	FALSE	FALSE	
11017	2	2	1	FALSE	FALSE	
110175910	1	1	1	FALSE	FALSE	
11018	1	1	1	FALSE	FALSE	
11019	1	1	1	FALSE	FALSE	
1102	2	2	1	FALSE	FALSE	
11020	3	3	1	FALSE	FALSE	
11021	3	3	1	FALSE	FALSE	
11022	3	3	1	FALSE	FALSE	
11024	2	2	1	FALSE	FALSE	
11026	1	1	1	FALSE	FALSE	
11027	2	2	1	FALSE	FALSE	
1103	1	1	1	FALSE	FALSE	
11030	6	4	0.666666666666667	TRUE	FALSE	
11031	3	3	1	FALSE	FALSE	
11033	2	2	1	FALSE	FALSE	
11034	3	1	0.333333333333333	TRUE	FALSE	
11035	1	1	1	FALSE	FALSE	
11036	1	1	1	FALSE	FALSE	
11037	2	2	1	FALSE	FALSE	
11039	1	1	1	FALSE	FALSE	
1104	2	1	0.5	TRUE	FALSE	
11040	1	1	1	FALSE	FALSE	
11041	1	1	1	FALSE	FALSE	
11043	2	2	1	FALSE	FALSE	
11044	1	1	1	FALSE	FALSE	
11045	1	1	1	FALSE	FALSE	
11046	4	3	0.75	TRUE	FALSE	
11047	1	1	1	FALSE	FALSE	
11049	1	1	1	FALSE	FALSE	
1105	1	1	1	FALSE	FALSE	
11051	3	2	0.666666666666667	TRUE	FALSE	
11052	3	3	1	FALSE	FALSE	
11054	2	2	1	FALSE	FALSE	
11055	1	1	1	FALSE	FALSE	
11056	4	3	0.75	TRUE	FALSE	
11057	6	6	1	FALSE	FALSE	
11059	2	2	1	FALSE	FALSE	
1106	6	4	0.666666666666667	TRUE	FALSE	
11060	4	3	0.75	TRUE	FALSE	
11061	1	1	1	FALSE	FALSE	
11062	2	2	1	FALSE	FALSE	
11063	2	2	1	FALSE	FALSE	
11064	2	2	1	FALSE	FALSE	
11065	1	1	1	FALSE	FALSE	
11066	1	1	1	FALSE	FALSE	
11067	2	2	1	FALSE	FALSE	
11068	2	2	1	FALSE	FALSE	
1107	2	2	1	FALSE	FALSE	
11070	1	1	1	FALSE	FALSE	
11072	1	1	1	FALSE	FALSE	
11073	1	1	1	FALSE	FALSE	
11074	3	3	1	FALSE	FALSE	
11075	2	2	1	FALSE	FALSE	
11076	4	4	1	FALSE	FALSE	
11077	1	1	1	FALSE	FALSE	
11078	4	3	0.75	TRUE	FALSE	
11079	3	3	1	FALSE	FALSE	
1108	3	3	1	FALSE	FALSE	
11080	2	2	1	FALSE	FALSE	
11081	1	1	1	FALSE	FALSE	
11083	5	5	1	FALSE	FALSE	
11085	1	1	1	FALSE	FALSE	
11086	1	1	1	FALSE	FALSE	
1109	1	1	1	FALSE	FALSE	
11091	2	2	1	FALSE	FALSE	
11092	2	2	1	FALSE	FALSE	
11093	2	2	1	FALSE	FALSE	
11094	2	2	1	FALSE	FALSE	
11095	3	2	0.666666666666667	TRUE	FALSE	
11096	4	4	1	FALSE	FALSE	
11097	1	1	1	FALSE	FALSE	
11098	4	3	0.75	TRUE	FALSE	
11099	5	4	0.8	TRUE	FALSE	
111	2	2	1	FALSE	FALSE	
11100	2	2	1	FALSE	FALSE	
11101	4	4	1	FALSE	FALSE	
11102	3	1	0.333333333333333	TRUE	FALSE	
11103	5	3	0.6	TRUE	FALSE	
11104	1	1	1	FALSE	FALSE	
11105	1	1	1	FALSE	FALSE	
11107	2	2	1	FALSE	FALSE	
11108	2	2	1	FALSE	FALSE	
1111	4	1	0.25	TRUE	FALSE	
11112	3	2	0.666666666666667	TRUE	FALSE	
11113	2	2	1	FALSE	FALSE	
11116	4	4	1	FALSE	FALSE	
11117	1	1	1	FALSE	FALSE	
11118	2	2	1	FALSE	FALSE	
11119	1	1	1	FALSE	FALSE	
1112	7	6	0.857142857142857	TRUE	FALSE	
11120	1	1	1	FALSE	FALSE	
111216280	1	1	1	FALSE	FALSE	
111216283	1	1	1	FALSE	FALSE	
111216286	1	1	1	FALSE	FALSE	
11122	1	1	1	FALSE	FALSE	
11123	3	3	1	FALSE	FALSE	
11124	3	1	0.333333333333333	TRUE	FALSE	
11126	1	1	1	FALSE	FALSE	
11127	2	2	1	FALSE	FALSE	
11128	3	2	0.666666666666667	TRUE	FALSE	
11129	1	1	1	FALSE	FALSE	
1113	1	1	1	FALSE	FALSE	
11130	1	1	1	FALSE	FALSE	
11131	1	1	1	FALSE	FALSE	
11132	2	2	1	FALSE	FALSE	
11133	1	1	1	FALSE	FALSE	
11135	1	1	1	FALSE	FALSE	
11136	1	1	1	FALSE	FALSE	
11137	3	2	0.666666666666667	TRUE	FALSE	
11138	1	1	1	FALSE	FALSE	
1114	1	1	1	FALSE	FALSE	
11140	1	1	1	FALSE	FALSE	
11141	2	2	1	FALSE	FALSE	
11142	1	1	1	FALSE	FALSE	
11143	1	1	1	FALSE	FALSE	
11144	1	1	1	FALSE	FALSE	
11145	2	2	1	FALSE	FALSE	
11146	1	1	1	FALSE	FALSE	
11147	2	1	0.5	TRUE	FALSE	
11148	3	3	1	FALSE	FALSE	
11149	2	2	1	FALSE	FALSE	
11151	1	1	1	FALSE	FALSE	
11152	2	2	1	FALSE	FALSE	
11153	1	1	1	FALSE	FALSE	
11154	4	1	0.25	TRUE	FALSE	
11155	5	4	0.8	TRUE	FALSE	
11156	3	3	1	FALSE	FALSE	
11157	1	1	1	FALSE	FALSE	
1116	3	2	0.666666666666667	TRUE	FALSE	
11160	3	1	0.333333333333333	TRUE	FALSE	
11161	3	2	0.666666666666667	TRUE	FALSE	
11162	2	2	1	FALSE	FALSE	
11163	4	2	0.5	TRUE	FALSE	
11164	2	2	1	FALSE	FALSE	
11165	5	2	0.4	TRUE	FALSE	
11166	1	1	1	FALSE	FALSE	
11167	3	3	1	FALSE	FALSE	
11168	4	4	1	FALSE	FALSE	
11169	3	3	1	FALSE	FALSE	
1117	1	1	1	FALSE	FALSE	
11170	2	2	1	FALSE	FALSE	
11171	2	1	0.5	TRUE	TRUE	1558002_at
11172	1	1	1	FALSE	FALSE	
11173	3	1	0.333333333333333	TRUE	FALSE	
11174	3	2	0.666666666666667	TRUE	FALSE	
11176	3	2	0.666666666666667	TRUE	FALSE	
11177	2	2	1	FALSE	FALSE	
11178	4	2	0.5	TRUE	FALSE	
11179	4	2	0.5	TRUE	FALSE	
1118	1	1	1	FALSE	FALSE	
11180	2	1	0.5	TRUE	FALSE	
11181	1	1	1	FALSE	FALSE	
11182	1	1	1	FALSE	FALSE	
11183	3	2	0.666666666666667	TRUE	FALSE	
11184	1	1	1	FALSE	FALSE	
11185	1	1	1	FALSE	FALSE	
11186	1	1	1	FALSE	FALSE	
11187	2	2	1	FALSE	FALSE	
11188	2	2	1	FALSE	FALSE	
11189	1	1	1	FALSE	FALSE	
1119	2	2	1	FALSE	FALSE	
11190	3	2	0.666666666666667	TRUE	FALSE	
11191	1	1	1	FALSE	FALSE	
11193	3	3	1	FALSE	FALSE	
11194	2	1	0.5	TRUE	FALSE	
11196	4	4	1	FALSE	FALSE	
11197	1	1	1	FALSE	FALSE	
11198	2	1	0.5	TRUE	FALSE	
11199	1	1	1	FALSE	FALSE	
112	1	1	1	FALSE	FALSE	
1120	1	1	1	FALSE	FALSE	
11200	1	1	1	FALSE	FALSE	
11201	2	2	1	FALSE	FALSE	
11202	2	1	0.5	TRUE	FALSE	
1121	3	2	0.666666666666667	TRUE	FALSE	
11211	1	1	1	FALSE	FALSE	
11212	4	4	1	FALSE	FALSE	
11213	3	3	1	FALSE	FALSE	
11214	10	7	0.7	TRUE	FALSE	
11215	2	1	0.5	TRUE	FALSE	
11216	4	3	0.75	TRUE	FALSE	
11218	2	2	1	FALSE	FALSE	
11219	1	1	1	FALSE	FALSE	
1122	3	2	0.666666666666667	TRUE	FALSE	
11221	2	1	0.5	TRUE	FALSE	
11222	1	1	1	FALSE	FALSE	
11223	2	2	1	FALSE	FALSE	
11224	1	1	1	FALSE	FALSE	
11226	2	2	1	FALSE	FALSE	
112268068	1	1	1	FALSE	FALSE	
112268140	1	1	1	FALSE	FALSE	
112268198	1	1	1	FALSE	FALSE	
11227	5	2	0.4	TRUE	FALSE	
11228	4	2	0.5	TRUE	FALSE	
1123	1	1	1	FALSE	FALSE	
11230	1	1	1	FALSE	FALSE	
11231	5	4	0.8	TRUE	FALSE	
11232	1	1	1	FALSE	FALSE	
11234	1	1	1	FALSE	FALSE	
11235	1	1	1	FALSE	FALSE	
11236	1	1	1	FALSE	FALSE	
11237	4	4	1	FALSE	FALSE	
11238	2	2	1	FALSE	FALSE	
112398	1	1	1	FALSE	FALSE	
112399	2	2	1	FALSE	FALSE	
1124	2	1	0.5	TRUE	FALSE	
11240	3	3	1	FALSE	FALSE	
11243	1	1	1	FALSE	FALSE	
11244	2	2	1	FALSE	FALSE	
11245	2	1	0.5	TRUE	FALSE	
112464	1	1	1	FALSE	FALSE	
11247	1	1	1	FALSE	FALSE	
112476	1	1	1	FALSE	FALSE	
112479	3	2	0.666666666666667	TRUE	FALSE	
11248	2	2	1	FALSE	FALSE	
112483	1	1	1	FALSE	FALSE	
112487	2	2	1	FALSE	FALSE	
11249	3	2	0.666666666666667	TRUE	FALSE	
112495	1	1	1	FALSE	FALSE	
11250	1	1	1	FALSE	FALSE	
11251	1	1	1	FALSE	FALSE	
11252	3	1	0.333333333333333	TRUE	FALSE	
11253	2	2	1	FALSE	FALSE	
11254	1	1	1	FALSE	FALSE	
11255	3	1	0.333333333333333	TRUE	FALSE	
11257	2	1	0.5	TRUE	FALSE	
112574	2	1	0.5	TRUE	FALSE	
11258	1	1	1	FALSE	FALSE	
11259	3	3	1	FALSE	FALSE	
11260	2	2	1	FALSE	FALSE	
112609	1	1	1	FALSE	FALSE	
11261	2	2	1	FALSE	FALSE	
112611	2	1	0.5	TRUE	FALSE	
112616	2	1	0.5	TRUE	FALSE	
11262	1	1	1	FALSE	FALSE	
11264	3	3	1	FALSE	FALSE	
11266	1	1	1	FALSE	FALSE	
11267	1	1	1	FALSE	FALSE	
11269	1	1	1	FALSE	FALSE	
11270	1	1	1	FALSE	FALSE	
112703	1	1	1	FALSE	FALSE	
11272	1	1	1	FALSE	FALSE	
112724	4	1	0.25	TRUE	TRUE	1559190_s_at;225467_s_at
11273	2	2	1	FALSE	FALSE	
11274	1	1	1	FALSE	FALSE	
112744	1	1	1	FALSE	FALSE	
11275	1	1	1	FALSE	FALSE	
112752	3	3	1	FALSE	FALSE	
112755	1	1	1	FALSE	FALSE	
11276	7	5	0.714285714285714	TRUE	FALSE	
11277	2	2	1	FALSE	FALSE	
112770	3	2	0.666666666666667	TRUE	FALSE	
11278	8	6	0.75	TRUE	FALSE	
11279	3	2	0.666666666666667	TRUE	FALSE	
1128	1	1	1	FALSE	FALSE	
11280	1	1	1	FALSE	FALSE	
112802	1	1	1	FALSE	FALSE	
11281	1	1	1	FALSE	FALSE	
112812	1	1	1	FALSE	FALSE	
112817	1	1	1	FALSE	FALSE	
11282	2	2	1	FALSE	FALSE	
11283	1	1	1	FALSE	FALSE	
11284	1	1	1	FALSE	FALSE	
112840	2	2	1	FALSE	FALSE	
112849	1	1	1	FALSE	FALSE	
11285	2	2	1	FALSE	FALSE	
112858	2	2	1	FALSE	FALSE	
112869	2	2	1	FALSE	FALSE	
112885	2	2	1	FALSE	FALSE	
1129	1	1	1	FALSE	FALSE	
112936	2	1	0.5	TRUE	FALSE	
112937	2	1	0.5	TRUE	FALSE	
112939	1	1	1	FALSE	FALSE	
112942	1	1	1	FALSE	FALSE	
112950	3	3	1	FALSE	FALSE	
113	2	2	1	FALSE	FALSE	
1130	4	3	0.75	TRUE	FALSE	
113000	1	1	1	FALSE	FALSE	
113026	1	1	1	FALSE	FALSE	
11309	2	2	1	FALSE	FALSE	
113091	1	1	1	FALSE	FALSE	
1131	6	4	0.666666666666667	TRUE	FALSE	
11311	2	2	1	FALSE	FALSE	
113115	3	2	0.666666666666667	TRUE	FALSE	
113130	1	1	1	FALSE	FALSE	
11314	3	1	0.333333333333333	TRUE	FALSE	
113146	2	2	1	FALSE	FALSE	
11315	1	1	1	FALSE	FALSE	
11316	2	2	1	FALSE	FALSE	
11317	1	1	1	FALSE	FALSE	
113174	1	1	1	FALSE	FALSE	
113177	1	1	1	FALSE	FALSE	
113178	2	1	0.5	TRUE	FALSE	
113179	2	1	0.5	TRUE	FALSE	
11318	2	1	0.5	TRUE	FALSE	
113189	1	1	1	FALSE	FALSE	
11319	1	1	1	FALSE	FALSE	
1132	1	1	1	FALSE	FALSE	
11320	4	3	0.75	TRUE	FALSE	
113201	3	2	0.666666666666667	TRUE	FALSE	
11321	1	1	1	FALSE	FALSE	
11322	2	2	1	FALSE	FALSE	
113220	1	1	1	FALSE	FALSE	
113230	1	1	1	FALSE	FALSE	
113235	4	2	0.5	TRUE	FALSE	
113246	1	1	1	FALSE	FALSE	
11325	3	3	1	FALSE	FALSE	
113251	5	4	0.8	TRUE	FALSE	
11326	1	1	1	FALSE	FALSE	
113263	5	2	0.4	TRUE	FALSE	
113277	4	2	0.5	TRUE	FALSE	
113278	2	1	0.5	TRUE	FALSE	
11328	1	1	1	FALSE	FALSE	
11329	5	2	0.4	TRUE	FALSE	
1133	1	1	1	FALSE	FALSE	
11330	1	1	1	FALSE	FALSE	
11331	1	1	1	FALSE	FALSE	
11332	2	1	0.5	TRUE	FALSE	
11333	2	1	0.5	TRUE	FALSE	
11334	2	2	1	FALSE	FALSE	
11335	4	4	1	FALSE	FALSE	
11336	2	2	1	FALSE	FALSE	
11337	1	1	1	FALSE	FALSE	
11338	4	3	0.75	TRUE	FALSE	
11339	1	1	1	FALSE	FALSE	
1134	2	1	0.5	TRUE	FALSE	
11340	1	1	1	FALSE	FALSE	
113402	5	3	0.6	TRUE	FALSE	
11341	2	2	1	FALSE	FALSE	
113419	2	1	0.5	TRUE	FALSE	
11342	2	2	1	FALSE	FALSE	
11343	2	2	1	FALSE	FALSE	
11344	1	1	1	FALSE	FALSE	
113444	2	1	0.5	TRUE	FALSE	
11345	1	1	1	FALSE	FALSE	
113451	2	2	1	FALSE	FALSE	
113452	1	1	1	FALSE	FALSE	
11346	3	3	1	FALSE	FALSE	
1135	1	1	1	FALSE	FALSE	
113510	4	4	1	FALSE	FALSE	
113540	2	1	0.5	TRUE	FALSE	
1136	1	1	1	FALSE	FALSE	
113612	3	3	1	FALSE	FALSE	
113622	2	1	0.5	TRUE	FALSE	
113655	2	1	0.5	TRUE	FALSE	
113675	1	1	1	FALSE	FALSE	
113691	1	1	1	FALSE	FALSE	
1137	3	2	0.666666666666667	TRUE	FALSE	
113730	2	2	1	FALSE	FALSE	
113746	2	1	0.5	TRUE	FALSE	
113763	1	1	1	FALSE	FALSE	
113791	3	3	1	FALSE	FALSE	
1138	1	1	1	FALSE	FALSE	
113802	1	1	1	FALSE	FALSE	
113828	1	1	1	FALSE	FALSE	
113829	1	1	1	FALSE	FALSE	
113835	1	1	1	FALSE	FALSE	
113878	1	1	1	FALSE	FALSE	
114	1	1	1	FALSE	FALSE	
1140	1	1	1	FALSE	FALSE	
114026	1	1	1	FALSE	FALSE	
114034	1	1	1	FALSE	FALSE	
114036	1	1	1	FALSE	FALSE	
114038	2	1	0.5	TRUE	FALSE	
114041	2	1	0.5	TRUE	FALSE	
114042	3	3	1	FALSE	FALSE	
114043	2	1	0.5	TRUE	FALSE	
114044	3	2	0.666666666666667	TRUE	FALSE	
114049	2	2	1	FALSE	FALSE	
114088	2	1	0.5	TRUE	FALSE	
1141	2	1	0.5	TRUE	FALSE	
114112	2	2	1	FALSE	FALSE	
114131	1	1	1	FALSE	FALSE	
114132	2	2	1	FALSE	FALSE	
114134	5	3	0.6	TRUE	FALSE	
1142	2	2	1	FALSE	FALSE	
114224	1	1	1	FALSE	FALSE	
114294	3	1	0.333333333333333	TRUE	FALSE	
1143	1	1	1	FALSE	FALSE	
114327	3	3	1	FALSE	FALSE	
1144	1	1	1	FALSE	FALSE	
1145	1	1	1	FALSE	FALSE	
114548	3	3	1	FALSE	FALSE	
114569	1	1	1	FALSE	FALSE	
114571	1	1	1	FALSE	FALSE	
1146	1	1	1	FALSE	FALSE	
114609	3	2	0.666666666666667	TRUE	FALSE	
114614	1	1	1	FALSE	FALSE	
114625	1	1	1	FALSE	FALSE	
114659	1	1	1	FALSE	FALSE	
1147	1	1	1	FALSE	FALSE	
114757	3	2	0.666666666666667	TRUE	FALSE	
114758	1	1	1	FALSE	FALSE	
114769	2	1	0.5	TRUE	FALSE	
114770	1	1	1	FALSE	FALSE	
114771	1	1	1	FALSE	FALSE	
114780	4	4	1	FALSE	FALSE	
114781	4	2	0.5	TRUE	FALSE	
114783	1	1	1	FALSE	FALSE	
114784	3	1	0.333333333333333	TRUE	FALSE	
114785	3	3	1	FALSE	FALSE	
114786	2	2	1	FALSE	FALSE	
114787	2	1	0.5	TRUE	FALSE	
114788	1	1	1	FALSE	FALSE	
114789	1	1	1	FALSE	FALSE	
114790	1	1	1	FALSE	FALSE	
114791	2	2	1	FALSE	FALSE	
114792	1	1	1	FALSE	FALSE	
114793	3	3	1	FALSE	FALSE	
114794	4	2	0.5	TRUE	FALSE	
114795	3	2	0.666666666666667	TRUE	FALSE	
114796	1	1	1	FALSE	FALSE	
114798	1	1	1	FALSE	FALSE	
114799	3	3	1	FALSE	FALSE	
114800	3	3	1	FALSE	FALSE	
114801	1	1	1	FALSE	FALSE	
114803	3	2	0.666666666666667	TRUE	FALSE	
114804	2	2	1	FALSE	FALSE	
114805	3	3	1	FALSE	FALSE	
114814	1	1	1	FALSE	FALSE	
114815	2	1	0.5	TRUE	FALSE	
114817	1	1	1	FALSE	FALSE	
114818	4	4	1	FALSE	FALSE	
114819	1	1	1	FALSE	FALSE	
114821	1	1	1	FALSE	FALSE	
114822	2	2	1	FALSE	FALSE	
114823	1	1	1	FALSE	FALSE	
114825	4	2	0.5	TRUE	FALSE	
114826	1	1	1	FALSE	FALSE	
114827	6	4	0.666666666666667	TRUE	FALSE	
114836	1	1	1	FALSE	FALSE	
114841040	2	2	1	FALSE	FALSE	
114876	3	3	1	FALSE	FALSE	
114879	2	2	1	FALSE	FALSE	
114880	3	3	1	FALSE	FALSE	
114881	3	1	0.333333333333333	TRUE	FALSE	
114882	4	4	1	FALSE	FALSE	
114883	2	2	1	FALSE	FALSE	
114884	4	3	0.75	TRUE	FALSE	
114885	2	2	1	FALSE	FALSE	
114897	2	2	1	FALSE	FALSE	
114898	1	1	1	FALSE	FALSE	
114899	2	2	1	FALSE	FALSE	
1149	1	1	1	FALSE	FALSE	
114900	1	1	1	FALSE	FALSE	
114904	2	1	0.5	TRUE	FALSE	
114905	2	2	1	FALSE	FALSE	
114907	7	7	1	FALSE	FALSE	
114908	1	1	1	FALSE	FALSE	
114915	1	1	1	FALSE	FALSE	
114926	1	1	1	FALSE	FALSE	
114932	1	1	1	FALSE	FALSE	
114960	1	1	1	FALSE	FALSE	
114971	2	2	1	FALSE	FALSE	
114984	1	1	1	FALSE	FALSE	
114987	1	1	1	FALSE	FALSE	
114990	1	1	1	FALSE	FALSE	
114991	3	3	1	FALSE	FALSE	
115	2	2	1	FALSE	FALSE	
115004	2	1	0.5	TRUE	FALSE	
115019	1	1	1	FALSE	FALSE	
115024	1	1	1	FALSE	FALSE	
115098	1	1	1	FALSE	FALSE	
115106	1	1	1	FALSE	FALSE	
115110	2	2	1	FALSE	FALSE	
115111	3	2	0.666666666666667	TRUE	FALSE	
115123	2	2	1	FALSE	FALSE	
115196	1	1	1	FALSE	FALSE	
1152	1	1	1	FALSE	FALSE	
115201	1	1	1	FALSE	FALSE	
115207	2	2	1	FALSE	FALSE	
115209	1	1	1	FALSE	FALSE	
115265	1	1	1	FALSE	FALSE	
115273	1	1	1	FALSE	FALSE	
115286	1	1	1	FALSE	FALSE	
115290	1	1	1	FALSE	FALSE	
115294	5	4	0.8	TRUE	FALSE	
1153	4	4	1	FALSE	FALSE	
115330	1	1	1	FALSE	FALSE	
115350	1	1	1	FALSE	FALSE	
115352	2	1	0.5	TRUE	FALSE	
115353	1	1	1	FALSE	FALSE	
115361	2	2	1	FALSE	FALSE	
115362	2	2	1	FALSE	FALSE	
115399	1	1	1	FALSE	FALSE	
1154	1	1	1	FALSE	FALSE	
115416	4	3	0.75	TRUE	FALSE	
115426	1	1	1	FALSE	FALSE	
1155	1	1	1	FALSE	FALSE	
115509	2	2	1	FALSE	FALSE	
115548	2	1	0.5	TRUE	FALSE	
115557	1	1	1	FALSE	FALSE	
115560	1	1	1	FALSE	FALSE	
115572	1	1	1	FALSE	FALSE	
115584	1	1	1	FALSE	FALSE	
115650	3	2	0.666666666666667	TRUE	FALSE	
115677	1	1	1	FALSE	FALSE	
115701	1	1	1	FALSE	FALSE	
115703	2	1	0.5	TRUE	FALSE	
115704	4	3	0.75	TRUE	FALSE	
115708	3	2	0.666666666666667	TRUE	FALSE	
115727	2	2	1	FALSE	FALSE	
115749	1	1	1	FALSE	FALSE	
115752	1	1	1	FALSE	FALSE	
115761	2	2	1	FALSE	FALSE	
115795	1	1	1	FALSE	FALSE	
1158	1	1	1	FALSE	FALSE	
115811	1	1	1	FALSE	FALSE	
115817	1	1	1	FALSE	FALSE	
115825	4	3	0.75	TRUE	FALSE	
115827	4	3	0.75	TRUE	FALSE	
115861	1	1	1	FALSE	FALSE	
115908	1	1	1	FALSE	FALSE	
115939	4	3	0.75	TRUE	FALSE	
115948	1	1	1	FALSE	FALSE	
115950	2	1	0.5	TRUE	FALSE	
115992	1	1	1	FALSE	FALSE	
116	2	1	0.5	TRUE	FALSE	
1160	1	1	1	FALSE	FALSE	
116028	1	1	1	FALSE	FALSE	
116039	1	1	1	FALSE	FALSE	
116064	2	2	1	FALSE	FALSE	
116068	1	1	1	FALSE	FALSE	
116071	1	1	1	FALSE	FALSE	
116085	1	1	1	FALSE	FALSE	
116092	2	2	1	FALSE	FALSE	
116093	1	1	1	FALSE	FALSE	
1161	3	2	0.666666666666667	TRUE	FALSE	
116113	2	1	0.5	TRUE	FALSE	
116115	1	1	1	FALSE	FALSE	
116123	1	1	1	FALSE	FALSE	
116135	1	1	1	FALSE	FALSE	
116138	1	1	1	FALSE	FALSE	
116143	1	1	1	FALSE	FALSE	
116150	2	2	1	FALSE	FALSE	
116151	2	2	1	FALSE	FALSE	
116154	1	1	1	FALSE	FALSE	
116159	2	2	1	FALSE	FALSE	
116173	1	1	1	FALSE	FALSE	
116179	1	1	1	FALSE	FALSE	
116224	3	3	1	FALSE	FALSE	
116225	1	1	1	FALSE	FALSE	
116228	2	2	1	FALSE	FALSE	
116236	1	1	1	FALSE	FALSE	
116238	1	1	1	FALSE	FALSE	
116254	1	1	1	FALSE	FALSE	
116255	1	1	1	FALSE	FALSE	
116285	2	1	0.5	TRUE	FALSE	
1163	1	1	1	FALSE	FALSE	
116328	2	2	1	FALSE	FALSE	
116337	1	1	1	FALSE	FALSE	
116349	1	1	1	FALSE	FALSE	
116362	1	1	1	FALSE	FALSE	
116369	1	1	1	FALSE	FALSE	
116372	1	1	1	FALSE	FALSE	
116379	1	1	1	FALSE	FALSE	
1164	1	1	1	FALSE	FALSE	
116437	1	1	1	FALSE	FALSE	
116441	2	2	1	FALSE	FALSE	
116442	2	1	0.5	TRUE	FALSE	
116443	2	1	0.5	TRUE	FALSE	
116444	1	1	1	FALSE	FALSE	
116447	2	1	0.5	TRUE	FALSE	
116448	1	1	1	FALSE	FALSE	
116449	3	3	1	FALSE	FALSE	
116461	3	2	0.666666666666667	TRUE	TRUE	230257_s_at
116496	2	1	0.5	TRUE	FALSE	
116511	1	1	1	FALSE	FALSE	
116519	2	1	0.5	TRUE	FALSE	
116535	1	1	1	FALSE	FALSE	
116541	1	1	1	FALSE	FALSE	
116729	1	1	1	FALSE	FALSE	
116828	1	1	1	FALSE	FALSE	
116832	1	1	1	FALSE	FALSE	
116835	2	2	1	FALSE	FALSE	
116840	3	1	0.333333333333333	TRUE	FALSE	
116841	1	1	1	FALSE	FALSE	
116842	1	1	1	FALSE	FALSE	
116843	1	1	1	FALSE	FALSE	
116844	1	1	1	FALSE	FALSE	
116931	2	1	0.5	TRUE	FALSE	
116933	1	1	1	FALSE	FALSE	
116966	2	2	1	FALSE	FALSE	
116969	1	1	1	FALSE	FALSE	
116983	2	2	1	FALSE	FALSE	
116984	2	1	0.5	TRUE	FALSE	
116985	3	2	0.666666666666667	TRUE	FALSE	
116986	3	3	1	FALSE	FALSE	
116987	3	3	1	FALSE	FALSE	
116988	2	2	1	FALSE	FALSE	
117	2	1	0.5	TRUE	FALSE	
117143	2	1	0.5	TRUE	FALSE	
117144	1	1	1	FALSE	FALSE	
117145	3	2	0.666666666666667	TRUE	FALSE	
117154	1	1	1	FALSE	FALSE	
117155	2	2	1	FALSE	FALSE	
117156	1	1	1	FALSE	FALSE	
117157	2	2	1	FALSE	FALSE	
117159	1	1	1	FALSE	FALSE	
117166	1	1	1	FALSE	FALSE	
117177	6	5	0.833333333333333	TRUE	FALSE	
117178	4	3	0.75	TRUE	FALSE	
117194	1	1	1	FALSE	FALSE	
117195	1	1	1	FALSE	FALSE	
117196	1	1	1	FALSE	FALSE	
117245	2	2	1	FALSE	FALSE	
117246	1	1	1	FALSE	FALSE	
117247	3	3	1	FALSE	FALSE	
117248	3	3	1	FALSE	FALSE	
117283	1	1	1	FALSE	FALSE	
117285	1	1	1	FALSE	FALSE	
117286	2	1	0.5	TRUE	FALSE	
117289	4	2	0.5	TRUE	FALSE	
1173	1	1	1	FALSE	FALSE	
1174	3	3	1	FALSE	FALSE	
1175	1	1	1	FALSE	FALSE	
117531	1	1	1	FALSE	FALSE	
117532	1	1	1	FALSE	FALSE	
117579	1	1	1	FALSE	FALSE	
117581	2	2	1	FALSE	FALSE	
117583	5	5	1	FALSE	FALSE	
117584	2	2	1	FALSE	FALSE	
1176	1	1	1	FALSE	FALSE	
117608	1	1	1	FALSE	FALSE	
1178	1	1	1	FALSE	FALSE	
117854	1	1	1	FALSE	FALSE	
1179	1	1	1	FALSE	FALSE	
118	3	1	0.333333333333333	TRUE	FALSE	
1180	1	1	1	FALSE	FALSE	
1181	1	1	1	FALSE	FALSE	
1182	4	4	1	FALSE	FALSE	
1183	5	4	0.8	TRUE	FALSE	
1184	5	3	0.6	TRUE	FALSE	
118421	1	1	1	FALSE	FALSE	
118424	3	2	0.666666666666667	TRUE	FALSE	
118425	2	1	0.5	TRUE	FALSE	
118426	1	1	1	FALSE	FALSE	
118427	2	1	0.5	TRUE	FALSE	
118429	4	4	1	FALSE	FALSE	
118430	1	1	1	FALSE	FALSE	
118442	1	1	1	FALSE	FALSE	
118460	3	3	1	FALSE	FALSE	
118461	1	1	1	FALSE	FALSE	
118471	1	1	1	FALSE	FALSE	
118472	1	1	1	FALSE	FALSE	
118487	1	1	1	FALSE	FALSE	
118490	1	1	1	FALSE	FALSE	
118491	2	2	1	FALSE	FALSE	
1185	1	1	1	FALSE	FALSE	
1186	3	3	1	FALSE	FALSE	
118611	3	3	1	FALSE	FALSE	
118663	1	1	1	FALSE	FALSE	
118670	1	1	1	FALSE	FALSE	
118672	2	1	0.5	TRUE	FALSE	
118738	1	1	1	FALSE	FALSE	
118788	2	2	1	FALSE	FALSE	
1188	2	2	1	FALSE	FALSE	
118812	2	1	0.5	TRUE	FALSE	
118813	1	1	1	FALSE	FALSE	
118856	1	1	1	FALSE	FALSE	
118881	1	1	1	FALSE	FALSE	
118924	3	2	0.666666666666667	TRUE	FALSE	
118932	2	2	1	FALSE	FALSE	
118980	2	2	1	FALSE	FALSE	
118987	4	3	0.75	TRUE	FALSE	
119	6	2	0.333333333333333	TRUE	FALSE	
119016	1	1	1	FALSE	FALSE	
119032	1	1	1	FALSE	FALSE	
1191	4	4	1	FALSE	FALSE	
1192	1	1	1	FALSE	FALSE	
1193	1	1	1	FALSE	FALSE	
119369	1	1	1	FALSE	FALSE	
119385	1	1	1	FALSE	FALSE	
119391	2	2	1	FALSE	FALSE	
119392	2	2	1	FALSE	FALSE	
119395	1	1	1	FALSE	FALSE	
119467	1	1	1	FALSE	FALSE	
1195	1	1	1	FALSE	FALSE	
119504	3	3	1	FALSE	FALSE	
119548	1	1	1	FALSE	FALSE	
119559	4	3	0.75	TRUE	FALSE	
119587	3	3	1	FALSE	FALSE	
1196	1	1	1	FALSE	FALSE	
119710	1	1	1	FALSE	FALSE	
1198	2	2	1	FALSE	FALSE	
12	1	1	1	FALSE	FALSE	
120	3	3	1	FALSE	FALSE	
1200	4	4	1	FALSE	FALSE	
120065	1	1	1	FALSE	FALSE	
120066	1	1	1	FALSE	FALSE	
120071	1	1	1	FALSE	FALSE	
1201	1	1	1	FALSE	FALSE	
120103	2	2	1	FALSE	FALSE	
120114	3	3	1	FALSE	FALSE	
120224	2	2	1	FALSE	FALSE	
120227	3	2	0.666666666666667	TRUE	FALSE	
1203	3	3	1	FALSE	FALSE	
120376	1	1	1	FALSE	FALSE	
120379	1	1	1	FALSE	FALSE	
120400	2	1	0.5	TRUE	FALSE	
120425	1	1	1	FALSE	FALSE	
120526	2	1	0.5	TRUE	FALSE	
120534	1	1	1	FALSE	FALSE	
1207	2	2	1	FALSE	FALSE	
1208	1	1	1	FALSE	FALSE	
120863	2	2	1	FALSE	FALSE	
120892	1	1	1	FALSE	FALSE	
1209	1	1	1	FALSE	FALSE	
120935	1	1	1	FALSE	FALSE	
120939	1	1	1	FALSE	FALSE	
121006	2	1	0.5	TRUE	FALSE	
121053	1	1	1	FALSE	FALSE	
1211	4	4	1	FALSE	FALSE	
1212	2	1	0.5	TRUE	FALSE	
121214	1	1	1	FALSE	FALSE	
121227	1	1	1	FALSE	FALSE	
121256	1	1	1	FALSE	FALSE	
121260	3	1	0.333333333333333	TRUE	FALSE	
121268	2	2	1	FALSE	FALSE	
121273	3	1	0.333333333333333	TRUE	FALSE	
121274	4	2	0.5	TRUE	TRUE	229897_at
121278	1	1	1	FALSE	FALSE	
1213	3	3	1	FALSE	FALSE	
121340	1	1	1	FALSE	FALSE	
121355	1	1	1	FALSE	FALSE	
121391	2	2	1	FALSE	FALSE	
121441	3	2	0.666666666666667	TRUE	FALSE	
121457	2	1	0.5	TRUE	FALSE	
1215	1	1	1	FALSE	FALSE	
121506	1	1	1	FALSE	FALSE	
121512	2	2	1	FALSE	FALSE	
121536	2	1	0.5	TRUE	FALSE	
121551	2	2	1	FALSE	FALSE	
121599	1	1	1	FALSE	FALSE	
121601	3	2	0.666666666666667	TRUE	FALSE	
121642	1	1	1	FALSE	FALSE	
121643	3	3	1	FALSE	FALSE	
121665	4	4	1	FALSE	FALSE	
121793	1	1	1	FALSE	FALSE	
121838	1	1	1	FALSE	FALSE	
121952	1	1	1	FALSE	FALSE	
122042	1	1	1	FALSE	FALSE	
122046	1	1	1	FALSE	FALSE	
122060	1	1	1	FALSE	FALSE	
122258	1	1	1	FALSE	FALSE	
122402	1	1	1	FALSE	FALSE	
122416	3	2	0.666666666666667	TRUE	FALSE	
122481	4	1	0.25	TRUE	FALSE	
122509	1	1	1	FALSE	FALSE	
122525	2	1	0.5	TRUE	TRUE	238647_at
122553	1	1	1	FALSE	FALSE	
122616	1	1	1	FALSE	FALSE	
122618	2	2	1	FALSE	FALSE	
122622	2	2	1	FALSE	FALSE	
122651	1	1	1	FALSE	FALSE	
122664	2	2	1	FALSE	FALSE	
122704	2	1	0.5	TRUE	FALSE	
122769	1	1	1	FALSE	FALSE	
122773	2	2	1	FALSE	FALSE	
122786	2	2	1	FALSE	FALSE	
122809	2	1	0.5	TRUE	FALSE	
122830	4	4	1	FALSE	FALSE	
122876	1	1	1	FALSE	FALSE	
122945	1	1	1	FALSE	FALSE	
122953	2	2	1	FALSE	FALSE	
122961	1	1	1	FALSE	FALSE	
122970	1	1	1	FALSE	FALSE	
123	1	1	1	FALSE	FALSE	
1230	2	2	1	FALSE	FALSE	
123016	1	1	1	FALSE	FALSE	
123036	3	3	1	FALSE	FALSE	
123041	3	3	1	FALSE	FALSE	
123096	4	3	0.75	TRUE	FALSE	
123099	1	1	1	FALSE	FALSE	
123169	1	1	1	FALSE	FALSE	
1232	1	1	1	FALSE	FALSE	
123207	2	1	0.5	TRUE	FALSE	
123228	2	1	0.5	TRUE	FALSE	
123263	1	1	1	FALSE	FALSE	
123264	1	1	1	FALSE	FALSE	
123283	1	1	1	FALSE	FALSE	
1233	1	1	1	FALSE	FALSE	
123355	4	4	1	FALSE	FALSE	
1234	1	1	1	FALSE	FALSE	
1235	1	1	1	FALSE	FALSE	
123591	1	1	1	FALSE	FALSE	
1236	2	1	0.5	TRUE	FALSE	
123606	2	2	1	FALSE	FALSE	
123624	1	1	1	FALSE	FALSE	
123688	1	1	1	FALSE	FALSE	
1237	1	1	1	FALSE	FALSE	
123720	1	1	1	FALSE	FALSE	
123722	1	1	1	FALSE	FALSE	
123775	2	1	0.5	TRUE	FALSE	
1238	3	1	0.333333333333333	TRUE	FALSE	
123803	2	2	1	FALSE	FALSE	
123811	2	2	1	FALSE	FALSE	
123872	2	1	0.5	TRUE	FALSE	
123876	2	2	1	FALSE	FALSE	
123879	2	2	1	FALSE	FALSE	
123920	3	3	1	FALSE	FALSE	
123970	1	1	1	FALSE	FALSE	
124	1	1	1	FALSE	FALSE	
1240	3	2	0.666666666666667	TRUE	FALSE	
124044	1	1	1	FALSE	FALSE	
124045	2	2	1	FALSE	FALSE	
124056	1	1	1	FALSE	FALSE	
124093	1	1	1	FALSE	FALSE	
1241	3	1	0.333333333333333	TRUE	FALSE	
124152	4	4	1	FALSE	FALSE	
124220	1	1	1	FALSE	FALSE	
124221	1	1	1	FALSE	FALSE	
124222	1	1	1	FALSE	FALSE	
124245	1	1	1	FALSE	FALSE	
124359	2	2	1	FALSE	FALSE	
1244	1	1	1	FALSE	FALSE	
124401	1	1	1	FALSE	FALSE	
124402	2	2	1	FALSE	FALSE	
124404	1	1	1	FALSE	FALSE	
124411	2	1	0.5	TRUE	FALSE	
124446	2	2	1	FALSE	FALSE	
124454	4	3	0.75	TRUE	FALSE	
124460	3	1	0.333333333333333	TRUE	FALSE	
124491	3	2	0.666666666666667	TRUE	FALSE	
124512	1	1	1	FALSE	FALSE	
124535	1	1	1	FALSE	FALSE	
124538	1	1	1	FALSE	FALSE	
124540	10	10	1	FALSE	FALSE	
124565	6	5	0.833333333333333	TRUE	FALSE	
124583	3	3	1	FALSE	FALSE	
124590	1	1	1	FALSE	FALSE	
124599	2	2	1	FALSE	FALSE	
124602	2	1	0.5	TRUE	FALSE	
124626	1	1	1	FALSE	FALSE	
124637	2	2	1	FALSE	FALSE	
124739	1	1	1	FALSE	FALSE	
124751	1	1	1	FALSE	FALSE	
124773	1	1	1	FALSE	FALSE	
124783	2	1	0.5	TRUE	FALSE	
124790	1	1	1	FALSE	FALSE	
124801	2	2	1	FALSE	FALSE	
124808	1	1	1	FALSE	FALSE	
124817	1	1	1	FALSE	FALSE	
124842	1	1	1	FALSE	FALSE	
124857	2	2	1	FALSE	FALSE	
124872	1	1	1	FALSE	FALSE	
124912	1	1	1	FALSE	FALSE	
124923	2	2	1	FALSE	FALSE	
124925	2	2	1	FALSE	FALSE	
124930	1	1	1	FALSE	FALSE	
124935	2	2	1	FALSE	FALSE	
124936	1	1	1	FALSE	FALSE	
124961	1	1	1	FALSE	FALSE	
124975	1	1	1	FALSE	FALSE	
124976	1	1	1	FALSE	FALSE	
124989	5	4	0.8	TRUE	FALSE	
124995	1	1	1	FALSE	FALSE	
124997	1	1	1	FALSE	FALSE	
125	4	4	1	FALSE	FALSE	
125058	5	4	0.8	TRUE	FALSE	
125061	1	1	1	FALSE	FALSE	
125111	2	2	1	FALSE	FALSE	
125113	2	2	1	FALSE	FALSE	
125115	2	2	1	FALSE	FALSE	
125144	2	2	1	FALSE	FALSE	
125150	2	1	0.5	TRUE	TRUE	229119_s_at
125170	1	1	1	FALSE	FALSE	
125206	1	1	1	FALSE	FALSE	
125228	3	3	1	FALSE	FALSE	
125336	1	1	1	FALSE	FALSE	
125476	2	2	1	FALSE	FALSE	
125488	3	3	1	FALSE	FALSE	
125704	1	1	1	FALSE	FALSE	
1258	3	3	1	FALSE	FALSE	
125875	1	1	1	FALSE	FALSE	
1259	1	1	1	FALSE	FALSE	
125919	1	1	1	FALSE	FALSE	
125950	1	1	1	FALSE	FALSE	
125965	1	1	1	FALSE	FALSE	
125972	1	1	1	FALSE	FALSE	
125981	1	1	1	FALSE	FALSE	
125988	1	1	1	FALSE	FALSE	
125997	1	1	1	FALSE	FALSE	
126	1	1	1	FALSE	FALSE	
126003	1	1	1	FALSE	FALSE	
126006	2	1	0.5	TRUE	FALSE	
126014	1	1	1	FALSE	FALSE	
126017	1	1	1	FALSE	FALSE	
126068	2	2	1	FALSE	FALSE	
126069	1	1	1	FALSE	FALSE	
126070	2	1	0.5	TRUE	FALSE	
126074	1	1	1	FALSE	FALSE	
126075	1	1	1	FALSE	FALSE	
1261	1	1	1	FALSE	FALSE	
126119	1	1	1	FALSE	FALSE	
126123	1	1	1	FALSE	FALSE	
126129	1	1	1	FALSE	FALSE	
126133	1	1	1	FALSE	FALSE	
126147	2	2	1	FALSE	FALSE	
1262	1	1	1	FALSE	FALSE	
126204	1	1	1	FALSE	FALSE	
126205	1	1	1	FALSE	FALSE	
126206	1	1	1	FALSE	FALSE	
126208	2	1	0.5	TRUE	FALSE	
126231	1	1	1	FALSE	FALSE	
126248	2	2	1	FALSE	FALSE	
126272	1	1	1	FALSE	FALSE	
126282	1	1	1	FALSE	FALSE	
126295	1	1	1	FALSE	FALSE	
126298	6	5	0.833333333333333	TRUE	FALSE	
126299	1	1	1	FALSE	FALSE	
1263	3	2	0.666666666666667	TRUE	FALSE	
126308	2	2	1	FALSE	FALSE	
126321	2	2	1	FALSE	FALSE	
126326	2	2	1	FALSE	FALSE	
126328	3	1	0.333333333333333	TRUE	FALSE	
126353	1	1	1	FALSE	FALSE	
126364	1	1	1	FALSE	FALSE	
126370	1	1	1	FALSE	FALSE	
126374	1	1	1	FALSE	FALSE	
126375	1	1	1	FALSE	FALSE	
126382	1	1	1	FALSE	FALSE	
126393	2	2	1	FALSE	FALSE	
1264	1	1	1	FALSE	FALSE	
126402	1	1	1	FALSE	FALSE	
126410	1	1	1	FALSE	FALSE	
126433	1	1	1	FALSE	FALSE	
126520	1	1	1	FALSE	FALSE	
126526	2	1	0.5	TRUE	FALSE	
126536	2	1	0.5	TRUE	FALSE	
126549	1	1	1	FALSE	FALSE	
126567	1	1	1	FALSE	FALSE	
1266	1	1	1	FALSE	FALSE	
126626	1	1	1	FALSE	FALSE	
126638	1	1	1	FALSE	FALSE	
126661	1	1	1	FALSE	FALSE	
126668	1	1	1	FALSE	FALSE	
126669	2	2	1	FALSE	FALSE	
126695	1	1	1	FALSE	FALSE	
1267	2	1	0.5	TRUE	FALSE	
126731	4	3	0.75	TRUE	FALSE	
126755	1	1	1	FALSE	FALSE	
126789	1	1	1	FALSE	FALSE	
126792	2	2	1	FALSE	FALSE	
1268	3	1	0.333333333333333	TRUE	FALSE	
126820	1	1	1	FALSE	FALSE	
126823	1	1	1	FALSE	FALSE	
126859	2	1	0.5	TRUE	FALSE	
126868	1	1	1	FALSE	FALSE	
1269	1	1	1	FALSE	FALSE	
126917	1	1	1	FALSE	FALSE	
126969	1	1	1	FALSE	FALSE	
127	3	3	1	FALSE	FALSE	
127002	1	1	1	FALSE	FALSE	
127003	1	1	1	FALSE	FALSE	
127018	2	2	1	FALSE	FALSE	
1271	1	1	1	FALSE	FALSE	
127124	1	1	1	FALSE	FALSE	
1272	4	1	0.25	TRUE	FALSE	
127247	1	1	1	FALSE	FALSE	
127253	1	1	1	FALSE	FALSE	
127254	2	2	1	FALSE	FALSE	
127255	2	1	0.5	TRUE	FALSE	
127262	1	1	1	FALSE	FALSE	
127281	1	1	1	FALSE	FALSE	
127294	2	2	1	FALSE	FALSE	
127343	1	1	1	FALSE	FALSE	
127391	1	1	1	FALSE	FALSE	
127396	1	1	1	FALSE	FALSE	
127428	3	1	0.333333333333333	TRUE	FALSE	
127435	2	2	1	FALSE	FALSE	
127495	2	1	0.5	TRUE	FALSE	
127534	1	1	1	FALSE	FALSE	
127540	1	1	1	FALSE	FALSE	
127544	2	2	1	FALSE	FALSE	
127579	1	1	1	FALSE	FALSE	
127602	4	3	0.75	TRUE	FALSE	
127670	1	1	1	FALSE	FALSE	
127687	1	1	1	FALSE	FALSE	
1277	4	3	0.75	TRUE	FALSE	
127700	1	1	1	FALSE	FALSE	
127703	1	1	1	FALSE	FALSE	
127707	2	1	0.5	TRUE	FALSE	
127731	2	2	1	FALSE	FALSE	
127733	3	1	0.333333333333333	TRUE	FALSE	
127795	1	1	1	FALSE	FALSE	
1278	3	3	1	FALSE	FALSE	
127829	1	1	1	FALSE	FALSE	
127833	1	1	1	FALSE	FALSE	
127841	2	1	0.5	TRUE	FALSE	
127845	1	1	1	FALSE	FALSE	
127933	4	3	0.75	TRUE	FALSE	
127943	1	1	1	FALSE	FALSE	
128	2	2	1	FALSE	FALSE	
1280	2	2	1	FALSE	FALSE	
128025	1	1	1	FALSE	FALSE	
128061	1	1	1	FALSE	FALSE	
128077	2	2	1	FALSE	FALSE	
1281	3	3	1	FALSE	FALSE	
128153	2	2	1	FALSE	FALSE	
128178	1	1	1	FALSE	FALSE	
1282	2	2	1	FALSE	FALSE	
128209	1	1	1	FALSE	FALSE	
128218	1	1	1	FALSE	FALSE	
128229	1	1	1	FALSE	FALSE	
128239	4	3	0.75	TRUE	TRUE	229538_s_at
128240	1	1	1	FALSE	FALSE	
128272	1	1	1	FALSE	FALSE	
128308	2	1	0.5	TRUE	FALSE	
128338	2	2	1	FALSE	FALSE	
128344	1	1	1	FALSE	FALSE	
128346	1	1	1	FALSE	FALSE	
128387	2	2	1	FALSE	FALSE	
1284	2	2	1	FALSE	FALSE	
128414	4	1	0.25	TRUE	FALSE	
128434	1	1	1	FALSE	FALSE	
128439	1	1	1	FALSE	FALSE	
128486	3	3	1	FALSE	FALSE	
128488	1	1	1	FALSE	FALSE	
128497	1	1	1	FALSE	FALSE	
1285	7	4	0.571428571428571	TRUE	FALSE	
128553	6	6	1	FALSE	FALSE	
1286	3	3	1	FALSE	FALSE	
128602	1	1	1	FALSE	FALSE	
128611	2	2	1	FALSE	FALSE	
128637	2	1	0.5	TRUE	FALSE	
128646	1	1	1	FALSE	FALSE	
128653	1	1	1	FALSE	FALSE	
128674	1	1	1	FALSE	FALSE	
1287	2	1	0.5	TRUE	TRUE	213110_s_at
128710	3	2	0.666666666666667	TRUE	FALSE	
1288	3	3	1	FALSE	FALSE	
128817	1	1	1	FALSE	FALSE	
128821	1	1	1	FALSE	FALSE	
128822	1	1	1	FALSE	FALSE	
128826	1	1	1	FALSE	FALSE	
128853	2	1	0.5	TRUE	FALSE	
128854	1	1	1	FALSE	FALSE	
128859	1	1	1	FALSE	FALSE	
128861	1	1	1	FALSE	FALSE	
128864	1	1	1	FALSE	FALSE	
128866	2	2	1	FALSE	FALSE	
128869	1	1	1	FALSE	FALSE	
128876	2	2	1	FALSE	FALSE	
1289	3	3	1	FALSE	FALSE	
128954	1	1	1	FALSE	FALSE	
128977	2	2	1	FALSE	FALSE	
128989	1	1	1	FALSE	FALSE	
1290	2	2	1	FALSE	FALSE	
129025	1	1	1	FALSE	FALSE	
129049	3	2	0.666666666666667	TRUE	FALSE	
129080	2	2	1	FALSE	FALSE	
1291	8	7	0.875	TRUE	FALSE	
129138	2	2	1	FALSE	FALSE	
1292	2	1	0.5	TRUE	FALSE	
129285	2	1	0.5	TRUE	FALSE	
129293	1	1	1	FALSE	FALSE	
1293	1	1	1	FALSE	FALSE	
129303	1	1	1	FALSE	FALSE	
1294	2	1	0.5	TRUE	FALSE	
129401	1	1	1	FALSE	FALSE	
129446	1	1	1	FALSE	FALSE	
129450	3	2	0.666666666666667	TRUE	FALSE	
1295	3	2	0.666666666666667	TRUE	FALSE	
129530	1	1	1	FALSE	FALSE	
129531	1	1	1	FALSE	FALSE	
129563	4	4	1	FALSE	FALSE	
1296	2	2	1	FALSE	FALSE	
129607	1	1	1	FALSE	FALSE	
129642	2	2	1	FALSE	FALSE	
129684	3	1	0.333333333333333	TRUE	FALSE	
129685	4	3	0.75	TRUE	FALSE	
1297	2	2	1	FALSE	FALSE	
129787	2	2	1	FALSE	FALSE	
1298	2	1	0.5	TRUE	FALSE	
129804	1	1	1	FALSE	FALSE	
129807	1	1	1	FALSE	FALSE	
129831	1	1	1	FALSE	FALSE	
129852	1	1	1	FALSE	FALSE	
129880	1	1	1	FALSE	FALSE	
129881	1	1	1	FALSE	FALSE	
1299	1	1	1	FALSE	FALSE	
13	1	1	1	FALSE	FALSE	
130	2	1	0.5	TRUE	FALSE	
1300	2	2	1	FALSE	FALSE	
130013	1	1	1	FALSE	FALSE	
130026	4	4	1	FALSE	FALSE	
130074	2	2	1	FALSE	FALSE	
1301	2	2	1	FALSE	FALSE	
130106	1	1	1	FALSE	FALSE	
130120	1	1	1	FALSE	FALSE	
130132	2	2	1	FALSE	FALSE	
130162	1	1	1	FALSE	FALSE	
1302	2	2	1	FALSE	FALSE	
130271	3	2	0.666666666666667	TRUE	FALSE	
1303	5	5	1	FALSE	FALSE	
130340	3	2	0.666666666666667	TRUE	FALSE	
130355	1	1	1	FALSE	FALSE	
130367	3	3	1	FALSE	FALSE	
130399	2	2	1	FALSE	FALSE	
130497	1	1	1	FALSE	FALSE	
1305	1	1	1	FALSE	FALSE	
130502	1	1	1	FALSE	FALSE	
130507	3	3	1	FALSE	FALSE	
130535	2	2	1	FALSE	FALSE	
130540	1	1	1	FALSE	FALSE	
130557	1	1	1	FALSE	FALSE	
130560	1	1	1	FALSE	FALSE	
130574	3	3	1	FALSE	FALSE	
130576	1	1	1	FALSE	FALSE	
130589	2	2	1	FALSE	FALSE	
1306	1	1	1	FALSE	FALSE	
130612	1	1	1	FALSE	FALSE	
130617	1	1	1	FALSE	FALSE	
1307	1	1	1	FALSE	FALSE	
130733	1	1	1	FALSE	FALSE	
130749	1	1	1	FALSE	FALSE	
130752	2	2	1	FALSE	FALSE	
1308	1	1	1	FALSE	FALSE	
130813	1	1	1	FALSE	FALSE	
130814	2	1	0.5	TRUE	FALSE	
130827	3	3	1	FALSE	FALSE	
130872	3	3	1	FALSE	FALSE	
130888	2	1	0.5	TRUE	FALSE	
130916	3	3	1	FALSE	FALSE	
130940	2	2	1	FALSE	FALSE	
130951	4	4	1	FALSE	FALSE	
131	1	1	1	FALSE	FALSE	
1310	1	1	1	FALSE	FALSE	
131034	2	1	0.5	TRUE	FALSE	
131076	1	1	1	FALSE	FALSE	
131096	1	1	1	FALSE	FALSE	
1311	1	1	1	FALSE	FALSE	
131118	2	2	1	FALSE	FALSE	
131177	1	1	1	FALSE	FALSE	
1312	5	3	0.6	TRUE	FALSE	
131368	2	1	0.5	TRUE	FALSE	
131375	1	1	1	FALSE	FALSE	
131377	1	1	1	FALSE	FALSE	
1314	4	1	0.25	TRUE	FALSE	
131405	1	1	1	FALSE	FALSE	
131408	3	2	0.666666666666667	TRUE	FALSE	
131450	2	2	1	FALSE	FALSE	
131474	1	1	1	FALSE	FALSE	
1315	3	2	0.666666666666667	TRUE	FALSE	
131540	1	1	1	FALSE	FALSE	
131544	1	1	1	FALSE	FALSE	
131566	2	2	1	FALSE	FALSE	
131578	2	2	1	FALSE	FALSE	
131583	2	1	0.5	TRUE	FALSE	
1316	5	5	1	FALSE	FALSE	
131601	1	1	1	FALSE	FALSE	
131616	1	1	1	FALSE	FALSE	
131669	1	1	1	FALSE	FALSE	
1317	3	1	0.333333333333333	TRUE	FALSE	
1318	1	1	1	FALSE	FALSE	
131831	1	1	1	FALSE	FALSE	
131870	4	4	1	FALSE	FALSE	
131873	3	3	1	FALSE	FALSE	
131890	1	1	1	FALSE	FALSE	
131920	1	1	1	FALSE	FALSE	
131965	5	4	0.8	TRUE	FALSE	
132	2	2	1	FALSE	FALSE	
132001	2	2	1	FALSE	FALSE	
132014	1	1	1	FALSE	FALSE	
132112	2	2	1	FALSE	FALSE	
132141	2	1	0.5	TRUE	FALSE	
132160	1	1	1	FALSE	FALSE	
132200	1	1	1	FALSE	FALSE	
132203	1	1	1	FALSE	FALSE	
132204	1	1	1	FALSE	FALSE	
132228	1	1	1	FALSE	FALSE	
132241	3	3	1	FALSE	FALSE	
132243	1	1	1	FALSE	FALSE	
132299	1	1	1	FALSE	FALSE	
132320	3	1	0.333333333333333	TRUE	FALSE	
132321	3	3	1	FALSE	FALSE	
132332	1	1	1	FALSE	FALSE	
132430	1	1	1	FALSE	FALSE	
1325	1	1	1	FALSE	FALSE	
1326	2	1	0.5	TRUE	FALSE	
132612	2	2	1	FALSE	FALSE	
132625	2	1	0.5	TRUE	FALSE	
132660	1	1	1	FALSE	FALSE	
132671	2	1	0.5	TRUE	FALSE	
1327	3	1	0.333333333333333	TRUE	FALSE	
132720	1	1	1	FALSE	FALSE	
132724	1	1	1	FALSE	FALSE	
132789	1	1	1	FALSE	FALSE	
132851	1	1	1	FALSE	FALSE	
132864	3	1	0.333333333333333	TRUE	FALSE	
132884	2	2	1	FALSE	FALSE	
1329	2	2	1	FALSE	FALSE	
132946	1	1	1	FALSE	FALSE	
132949	2	2	1	FALSE	FALSE	
132954	1	1	1	FALSE	FALSE	
132989	1	1	1	FALSE	FALSE	
133	1	1	1	FALSE	FALSE	
133015	3	2	0.666666666666667	TRUE	FALSE	
133022	1	1	1	FALSE	FALSE	
133121	1	1	1	FALSE	FALSE	
133308	2	2	1	FALSE	FALSE	
133383	2	2	1	FALSE	FALSE	
133396	3	3	1	FALSE	FALSE	
133418	2	2	1	FALSE	FALSE	
133482	1	1	1	FALSE	FALSE	
133491	2	2	1	FALSE	FALSE	
133522	4	2	0.5	TRUE	FALSE	
133558	3	1	0.333333333333333	TRUE	FALSE	
133584	1	1	1	FALSE	FALSE	
133619	2	2	1	FALSE	FALSE	
133686	3	1	0.333333333333333	TRUE	FALSE	
133688	3	1	0.333333333333333	TRUE	FALSE	
133690	1	1	1	FALSE	FALSE	
1337	2	2	1	FALSE	FALSE	
133746	2	2	1	FALSE	FALSE	
133874	3	3	1	FALSE	FALSE	
1339	1	1	1	FALSE	FALSE	
133923	1	1	1	FALSE	FALSE	
133957	2	1	0.5	TRUE	FALSE	
134	2	2	1	FALSE	FALSE	
1340	1	1	1	FALSE	FALSE	
134111	2	1	0.5	TRUE	FALSE	
134121	1	1	1	FALSE	FALSE	
134145	2	1	0.5	TRUE	FALSE	
134147	2	2	1	FALSE	FALSE	
134187	1	1	1	FALSE	FALSE	
134218	6	6	1	FALSE	FALSE	
134265	2	2	1	FALSE	FALSE	
134266	2	1	0.5	TRUE	FALSE	
134285	2	2	1	FALSE	FALSE	
134288	3	2	0.666666666666667	TRUE	FALSE	
134353	4	2	0.5	TRUE	FALSE	
134359	1	1	1	FALSE	FALSE	
134429	1	1	1	FALSE	FALSE	
134430	2	2	1	FALSE	FALSE	
134466	1	1	1	FALSE	FALSE	
134492	3	1	0.333333333333333	TRUE	TRUE	226643_s_at
1345	1	1	1	FALSE	FALSE	
134510	1	1	1	FALSE	FALSE	
134526	1	1	1	FALSE	FALSE	
134548	1	1	1	FALSE	FALSE	
134549	2	2	1	FALSE	FALSE	
134553	6	3	0.5	TRUE	FALSE	
1346	1	1	1	FALSE	FALSE	
134637	2	1	0.5	TRUE	FALSE	
1347	1	1	1	FALSE	FALSE	
134701	1	1	1	FALSE	FALSE	
134728	2	1	0.5	TRUE	FALSE	
134829	1	1	1	FALSE	FALSE	
134860	1	1	1	FALSE	FALSE	
134864	1	1	1	FALSE	FALSE	
1349	2	1	0.5	TRUE	FALSE	
134957	3	3	1	FALSE	FALSE	
1350	1	1	1	FALSE	FALSE	
1351	1	1	1	FALSE	FALSE	
135112	3	3	1	FALSE	FALSE	
135114	3	2	0.666666666666667	TRUE	FALSE	
135138	3	2	0.666666666666667	TRUE	FALSE	
135152	2	1	0.5	TRUE	FALSE	
135154	1	1	1	FALSE	FALSE	
1352	2	1	0.5	TRUE	FALSE	
135228	3	1	0.333333333333333	TRUE	FALSE	
135250	1	1	1	FALSE	FALSE	
135293	2	1	0.5	TRUE	FALSE	
135295	2	2	1	FALSE	FALSE	
1353	3	3	1	FALSE	FALSE	
135398	2	2	1	FALSE	FALSE	
135458	2	1	0.5	TRUE	FALSE	
1355	4	4	1	FALSE	FALSE	
1356	4	4	1	FALSE	FALSE	
135644	1	1	1	FALSE	FALSE	
135656	2	1	0.5	TRUE	FALSE	
1357	1	1	1	FALSE	FALSE	
1358	1	1	1	FALSE	FALSE	
135886	1	1	1	FALSE	FALSE	
135892	3	1	0.333333333333333	TRUE	FALSE	
1359	1	1	1	FALSE	FALSE	
135927	2	2	1	FALSE	FALSE	
135932	2	2	1	FALSE	FALSE	
135935	1	1	1	FALSE	FALSE	
135946	1	1	1	FALSE	FALSE	
135948	1	1	1	FALSE	FALSE	
136	1	1	1	FALSE	FALSE	
1360	1	1	1	FALSE	FALSE	
136051	1	1	1	FALSE	FALSE	
1361	1	1	1	FALSE	FALSE	
1362	5	4	0.8	TRUE	FALSE	
136227	1	1	1	FALSE	FALSE	
136242	1	1	1	FALSE	FALSE	
136259	2	2	1	FALSE	FALSE	
136263	2	1	0.5	TRUE	FALSE	
136288	1	1	1	FALSE	FALSE	
1363	2	2	1	FALSE	FALSE	
136306	1	1	1	FALSE	FALSE	
136319	1	1	1	FALSE	FALSE	
136332	1	1	1	FALSE	FALSE	
136371	2	1	0.5	TRUE	FALSE	
1364	2	1	0.5	TRUE	FALSE	
1365	1	1	1	FALSE	FALSE	
136541	1	1	1	FALSE	FALSE	
1366	1	1	1	FALSE	FALSE	
136647	1	1	1	FALSE	FALSE	
1368	5	5	1	FALSE	FALSE	
136853	1	1	1	FALSE	FALSE	
136895	1	1	1	FALSE	FALSE	
1369	1	1	1	FALSE	FALSE	
136991	1	1	1	FALSE	FALSE	
1370	1	1	1	FALSE	FALSE	
137075	3	3	1	FALSE	FALSE	
1371	1	1	1	FALSE	FALSE	
137196	1	1	1	FALSE	FALSE	
137209	1	1	1	FALSE	FALSE	
1373	2	2	1	FALSE	FALSE	
137362	2	2	1	FALSE	FALSE	
137392	2	2	1	FALSE	FALSE	
1374	4	4	1	FALSE	FALSE	
137492	2	2	1	FALSE	FALSE	
1376	2	2	1	FALSE	FALSE	
137682	3	3	1	FALSE	FALSE	
137695	2	2	1	FALSE	FALSE	
137735	2	2	1	FALSE	FALSE	
1378	4	4	1	FALSE	FALSE	
137835	1	1	1	FALSE	FALSE	
137868	1	1	1	FALSE	FALSE	
137872	1	1	1	FALSE	FALSE	
137886	2	1	0.5	TRUE	FALSE	
1379	1	1	1	FALSE	FALSE	
137902	1	1	1	FALSE	FALSE	
137964	3	3	1	FALSE	FALSE	
137970	1	1	1	FALSE	FALSE	
137994	2	1	0.5	TRUE	FALSE	
1380	2	2	1	FALSE	FALSE	
138009	2	2	1	FALSE	FALSE	
138046	1	1	1	FALSE	FALSE	
138050	5	2	0.4	TRUE	FALSE	
138065	1	1	1	FALSE	FALSE	
1381	2	2	1	FALSE	FALSE	
138151	2	2	1	FALSE	FALSE	
138162	2	2	1	FALSE	FALSE	
138199	2	2	1	FALSE	FALSE	
1382	1	1	1	FALSE	FALSE	
138240	1	1	1	FALSE	FALSE	
138241	2	1	0.5	TRUE	FALSE	
138255	2	1	0.5	TRUE	FALSE	
138307	2	1	0.5	TRUE	FALSE	
138311	2	2	1	FALSE	FALSE	
1384	1	1	1	FALSE	FALSE	
138428	2	1	0.5	TRUE	FALSE	
138429	1	1	1	FALSE	FALSE	
1385	6	2	0.333333333333333	TRUE	FALSE	
1386	3	3	1	FALSE	FALSE	
138639	2	1	0.5	TRUE	FALSE	
1387	4	2	0.5	TRUE	FALSE	
138716	1	1	1	FALSE	FALSE	
138724	1	1	1	FALSE	FALSE	
1388	3	1	0.333333333333333	TRUE	FALSE	
138804	2	2	1	FALSE	FALSE	
1389	3	3	1	FALSE	FALSE	
138948	1	1	1	FALSE	FALSE	
1390	5	5	1	FALSE	FALSE	
139065	2	2	1	FALSE	FALSE	
139081	1	1	1	FALSE	FALSE	
139105	1	1	1	FALSE	FALSE	
139135	1	1	1	FALSE	FALSE	
139170	1	1	1	FALSE	FALSE	
139189	1	1	1	FALSE	FALSE	
1392	2	1	0.5	TRUE	FALSE	
139212	1	1	1	FALSE	FALSE	
139221	1	1	1	FALSE	FALSE	
139231	3	2	0.666666666666667	TRUE	FALSE	
139285	1	1	1	FALSE	FALSE	
1393	1	1	1	FALSE	FALSE	
139322	4	4	1	FALSE	FALSE	
139324	1	1	1	FALSE	FALSE	
139341	1	1	1	FALSE	FALSE	
139378	1	1	1	FALSE	FALSE	
139411	2	1	0.5	TRUE	FALSE	
139420	1	1	1	FALSE	FALSE	
1395	2	1	0.5	TRUE	FALSE	
139538	2	1	0.5	TRUE	FALSE	
139596	1	1	1	FALSE	FALSE	
139599	1	1	1	FALSE	FALSE	
1396	1	1	1	FALSE	FALSE	
139628	1	1	1	FALSE	FALSE	
139629	1	1	1	FALSE	FALSE	
1397	1	1	1	FALSE	FALSE	
139716	2	2	1	FALSE	FALSE	
139728	1	1	1	FALSE	FALSE	
139735	1	1	1	FALSE	FALSE	
1398	3	3	1	FALSE	FALSE	
139818	2	2	1	FALSE	FALSE	
139886	1	1	1	FALSE	FALSE	
1399	2	1	0.5	TRUE	FALSE	
14	1	1	1	FALSE	FALSE	
140	1	1	1	FALSE	FALSE	
1400	1	1	1	FALSE	FALSE	
1401	2	1	0.5	TRUE	FALSE	
140258	1	1	1	FALSE	FALSE	
140290	2	2	1	FALSE	FALSE	
1404	4	3	0.75	TRUE	FALSE	
140453	2	1	0.5	TRUE	FALSE	
140456	1	1	1	FALSE	FALSE	
140458	1	1	1	FALSE	FALSE	
140459	1	1	1	FALSE	FALSE	
140460	2	2	1	FALSE	FALSE	
140461	2	2	1	FALSE	FALSE	
140462	1	1	1	FALSE	FALSE	
140465	1	1	1	FALSE	FALSE	
140469	3	2	0.666666666666667	TRUE	FALSE	
140545	3	3	1	FALSE	FALSE	
140564	1	1	1	FALSE	FALSE	
140576	1	1	1	FALSE	FALSE	
140578	1	1	1	FALSE	FALSE	
140597	1	1	1	FALSE	FALSE	
1406	2	2	1	FALSE	FALSE	
140606	1	1	1	FALSE	FALSE	
140609	1	1	1	FALSE	FALSE	
140612	3	2	0.666666666666667	TRUE	FALSE	
140625	1	1	1	FALSE	FALSE	
140628	2	1	0.5	TRUE	FALSE	
140678	1	1	1	FALSE	FALSE	
140679	1	1	1	FALSE	FALSE	
140680	1	1	1	FALSE	FALSE	
140683	1	1	1	FALSE	FALSE	
140685	3	1	0.333333333333333	TRUE	FALSE	
140686	1	1	1	FALSE	FALSE	
140687	2	2	1	FALSE	FALSE	
140688	6	3	0.5	TRUE	FALSE	
140689	2	1	0.5	TRUE	FALSE	
140690	1	1	1	FALSE	FALSE	
140691	2	2	1	FALSE	FALSE	
140699	2	2	1	FALSE	FALSE	
1407	1	1	1	FALSE	FALSE	
140700	2	1	0.5	TRUE	FALSE	
140701	1	1	1	FALSE	FALSE	
140706	2	2	1	FALSE	FALSE	
140707	1	1	1	FALSE	FALSE	
140710	3	2	0.666666666666667	TRUE	FALSE	
140711	1	1	1	FALSE	FALSE	
140730	2	1	0.5	TRUE	FALSE	
140731	1	1	1	FALSE	FALSE	
140732	2	1	0.5	TRUE	FALSE	
140733	4	4	1	FALSE	FALSE	
140735	3	2	0.666666666666667	TRUE	FALSE	
140738	4	3	0.75	TRUE	FALSE	
140739	4	3	0.75	TRUE	FALSE	
140766	1	1	1	FALSE	FALSE	
140767	1	1	1	FALSE	FALSE	
140771	1	1	1	FALSE	FALSE	
140775	5	4	0.8	TRUE	FALSE	
1408	1	1	1	FALSE	FALSE	
140801	1	1	1	FALSE	FALSE	
140803	4	3	0.75	TRUE	FALSE	
140807	1	1	1	FALSE	FALSE	
140809	1	1	1	FALSE	FALSE	
140823	1	1	1	FALSE	FALSE	
140825	1	1	1	FALSE	FALSE	
140828	1	1	1	FALSE	FALSE	
140831	1	1	1	FALSE	FALSE	
140832	1	1	1	FALSE	FALSE	
140834	3	2	0.666666666666667	TRUE	FALSE	
140836	1	1	1	FALSE	FALSE	
140838	1	1	1	FALSE	FALSE	
140846	1	1	1	FALSE	FALSE	
140850	1	1	1	FALSE	FALSE	
140856	1	1	1	FALSE	FALSE	
140862	2	1	0.5	TRUE	FALSE	
140870	1	1	1	FALSE	FALSE	
140873	1	1	1	FALSE	FALSE	
140875	1	1	1	FALSE	FALSE	
140876	2	2	1	FALSE	FALSE	
140880	2	1	0.5	TRUE	FALSE	
140881	1	1	1	FALSE	FALSE	
140883	3	2	0.666666666666667	TRUE	FALSE	
140885	3	2	0.666666666666667	TRUE	FALSE	
140886	1	1	1	FALSE	FALSE	
140890	6	5	0.833333333333333	TRUE	FALSE	
140893	1	1	1	FALSE	FALSE	
140894	4	2	0.5	TRUE	FALSE	
140901	5	4	0.8	TRUE	FALSE	
140902	1	1	1	FALSE	FALSE	
141	3	2	0.666666666666667	TRUE	FALSE	
1410	1	1	1	FALSE	FALSE	
1411	1	1	1	FALSE	FALSE	
1412	1	1	1	FALSE	FALSE	
1413	1	1	1	FALSE	FALSE	
1414	1	1	1	FALSE	FALSE	
1415	1	1	1	FALSE	FALSE	
1416	2	1	0.5	TRUE	FALSE	
1417	1	1	1	FALSE	FALSE	
1418	1	1	1	FALSE	FALSE	
1419	1	1	1	FALSE	FALSE	
142	1	1	1	FALSE	FALSE	
1420	1	1	1	FALSE	FALSE	
1421	1	1	1	FALSE	FALSE	
142678	5	2	0.4	TRUE	TRUE	241541_at
142679	3	2	0.666666666666667	TRUE	FALSE	
142680	2	1	0.5	TRUE	FALSE	
142684	1	1	1	FALSE	FALSE	
142685	1	1	1	FALSE	FALSE	
142686	2	2	1	FALSE	FALSE	
142689	1	1	1	FALSE	FALSE	
1427	2	2	1	FALSE	FALSE	
1428	1	1	1	FALSE	FALSE	
142891	2	2	1	FALSE	FALSE	
1429	1	1	1	FALSE	FALSE	
142910	3	2	0.666666666666667	TRUE	FALSE	
142940	5	4	0.8	TRUE	FALSE	
143	1	1	1	FALSE	FALSE	
143098	4	2	0.5	TRUE	FALSE	
1431	1	1	1	FALSE	FALSE	
143187	6	2	0.333333333333333	TRUE	FALSE	
1432	1	1	1	FALSE	FALSE	
143241	1	1	1	FALSE	FALSE	
143279	4	2	0.5	TRUE	FALSE	
143282	1	1	1	FALSE	FALSE	
143379	1	1	1	FALSE	FALSE	
143384	6	2	0.333333333333333	TRUE	FALSE	
1434	4	4	1	FALSE	FALSE	
143425	4	4	1	FALSE	FALSE	
143458	1	1	1	FALSE	FALSE	
143471	1	1	1	FALSE	FALSE	
1435	3	3	1	FALSE	FALSE	
143501	1	1	1	FALSE	FALSE	
143503	1	1	1	FALSE	FALSE	
143570	2	1	0.5	TRUE	FALSE	
1436	1	1	1	FALSE	FALSE	
143662	2	2	1	FALSE	FALSE	
143678	1	1	1	FALSE	FALSE	
143684	4	2	0.5	TRUE	TRUE	1553749_at
143686	7	3	0.428571428571429	TRUE	FALSE	
143689	1	1	1	FALSE	FALSE	
1437	2	2	1	FALSE	FALSE	
1438	1	1	1	FALSE	FALSE	
143872	4	4	1	FALSE	FALSE	
143879	1	1	1	FALSE	FALSE	
143884	4	3	0.75	TRUE	FALSE	
143888	1	1	1	FALSE	FALSE	
1439	1	1	1	FALSE	FALSE	
143903	3	2	0.666666666666667	TRUE	FALSE	
143941	1	1	1	FALSE	FALSE	
1440	1	1	1	FALSE	FALSE	
144097	1	1	1	FALSE	FALSE	
1441	2	2	1	FALSE	FALSE	
144100	2	1	0.5	TRUE	FALSE	
144108	2	2	1	FALSE	FALSE	
144110	3	3	1	FALSE	FALSE	
144124	1	1	1	FALSE	FALSE	
144132	4	2	0.5	TRUE	FALSE	
144165	3	3	1	FALSE	FALSE	
144193	1	1	1	FALSE	FALSE	
144233	1	1	1	FALSE	FALSE	
144245	3	2	0.666666666666667	TRUE	FALSE	
144348	2	2	1	FALSE	FALSE	
144360	1	1	1	FALSE	FALSE	
144363	1	1	1	FALSE	FALSE	
144402	3	3	1	FALSE	FALSE	
144404	2	2	1	FALSE	FALSE	
144406	3	2	0.666666666666667	TRUE	FALSE	
144423	1	1	1	FALSE	FALSE	
144453	3	2	0.666666666666667	TRUE	FALSE	
144455	2	1	0.5	TRUE	FALSE	
144481	1	1	1	FALSE	FALSE	
144486	1	1	1	FALSE	FALSE	
1445	1	1	1	FALSE	FALSE	
144501	1	1	1	FALSE	FALSE	
144535	1	1	1	FALSE	FALSE	
144568	2	1	0.5	TRUE	FALSE	
144571	1	1	1	FALSE	FALSE	
144577	3	2	0.666666666666667	TRUE	FALSE	
1446	1	1	1	FALSE	FALSE	
144608	2	2	1	FALSE	FALSE	
144699	3	1	0.333333333333333	TRUE	FALSE	
1447	1	1	1	FALSE	FALSE	
144715	2	1	0.5	TRUE	FALSE	
144717	1	1	1	FALSE	FALSE	
144742	1	1	1	FALSE	FALSE	
144776	1	1	1	FALSE	FALSE	
1448	1	1	1	FALSE	FALSE	
144809	1	1	1	FALSE	FALSE	
144811	3	3	1	FALSE	FALSE	
144817	1	1	1	FALSE	FALSE	
144920	1	1	1	FALSE	FALSE	
145173	2	1	0.5	TRUE	FALSE	
1452	8	6	0.75	TRUE	FALSE	
145226	1	1	1	FALSE	FALSE	
145258	1	1	1	FALSE	FALSE	
145264	1	1	1	FALSE	FALSE	
145270	1	1	1	FALSE	FALSE	
145282	5	4	0.8	TRUE	FALSE	
1453	3	2	0.666666666666667	TRUE	FALSE	
145376	1	1	1	FALSE	FALSE	
145389	1	1	1	FALSE	FALSE	
145407	2	1	0.5	TRUE	FALSE	
145438	1	1	1	FALSE	FALSE	
145447	2	2	1	FALSE	FALSE	
145474	1	1	1	FALSE	FALSE	
145482	1	1	1	FALSE	FALSE	
145483	1	1	1	FALSE	FALSE	
145497	3	2	0.666666666666667	TRUE	FALSE	
1455	2	2	1	FALSE	FALSE	
145501	1	1	1	FALSE	FALSE	
145508	5	3	0.6	TRUE	FALSE	
145567	1	1	1	FALSE	FALSE	
145581	1	1	1	FALSE	FALSE	
1456	3	1	0.333333333333333	TRUE	FALSE	
145694	1	1	1	FALSE	FALSE	
1457	4	4	1	FALSE	FALSE	
145741	1	1	1	FALSE	FALSE	
145748	1	1	1	FALSE	FALSE	
145773	2	1	0.5	TRUE	FALSE	
145788	1	1	1	FALSE	FALSE	
145820	1	1	1	FALSE	FALSE	
145837	2	2	1	FALSE	FALSE	
145845	2	2	1	FALSE	FALSE	
145853	1	1	1	FALSE	FALSE	
145858	1	1	1	FALSE	FALSE	
145864	1	1	1	FALSE	FALSE	
145873	2	1	0.5	TRUE	FALSE	
1459	2	2	1	FALSE	FALSE	
145942	3	2	0.666666666666667	TRUE	FALSE	
145946	1	1	1	FALSE	FALSE	
145957	1	1	1	FALSE	FALSE	
145978	1	1	1	FALSE	FALSE	
146	2	2	1	FALSE	FALSE	
1460	1	1	1	FALSE	FALSE	
146050	1	1	1	FALSE	FALSE	
146057	6	6	1	FALSE	FALSE	
146059	2	2	1	FALSE	FALSE	
146177	2	2	1	FALSE	FALSE	
146198	3	2	0.666666666666667	TRUE	FALSE	
1462	4	4	1	FALSE	FALSE	
146206	2	2	1	FALSE	FALSE	
146212	1	1	1	FALSE	FALSE	
146223	3	3	1	FALSE	FALSE	
146225	1	1	1	FALSE	FALSE	
146227	1	1	1	FALSE	FALSE	
146279	2	1	0.5	TRUE	FALSE	
1463	1	1	1	FALSE	FALSE	
146310	1	1	1	FALSE	FALSE	
146325	1	1	1	FALSE	FALSE	
146330	1	1	1	FALSE	FALSE	
146336	1	1	1	FALSE	FALSE	
146378	1	1	1	FALSE	FALSE	
146395	1	1	1	FALSE	FALSE	
1464	2	2	1	FALSE	FALSE	
146434	2	2	1	FALSE	FALSE	
146439	1	1	1	FALSE	FALSE	
146456	1	1	1	FALSE	FALSE	
1465	1	1	1	FALSE	FALSE	
146512	1	1	1	FALSE	FALSE	
146513	1	1	1	FALSE	FALSE	
146540	2	2	1	FALSE	FALSE	
146542	5	1	0.2	TRUE	FALSE	
146547	1	1	1	FALSE	FALSE	
146556	1	1	1	FALSE	FALSE	
146562	1	1	1	FALSE	FALSE	
1466	2	2	1	FALSE	FALSE	
146664	1	1	1	FALSE	FALSE	
146691	3	2	0.666666666666667	TRUE	FALSE	
146705	3	2	0.666666666666667	TRUE	FALSE	
146712	2	1	0.5	TRUE	FALSE	
146713	2	1	0.5	TRUE	FALSE	
146722	1	1	1	FALSE	FALSE	
146723	1	1	1	FALSE	FALSE	
146754	2	1	0.5	TRUE	FALSE	
146760	1	1	1	FALSE	FALSE	
146771	1	1	1	FALSE	FALSE	
146779	1	1	1	FALSE	FALSE	
146795	1	1	1	FALSE	FALSE	
1468	1	1	1	FALSE	FALSE	
146802	1	1	1	FALSE	FALSE	
146822	1	1	1	FALSE	FALSE	
146845	2	2	1	FALSE	FALSE	
146849	1	1	1	FALSE	FALSE	
146850	1	1	1	FALSE	FALSE	
146852	2	1	0.5	TRUE	FALSE	
146853	1	1	1	FALSE	FALSE	
146857	2	2	1	FALSE	FALSE	
146861	1	1	1	FALSE	FALSE	
146862	1	1	1	FALSE	FALSE	
146880	1	1	1	FALSE	FALSE	
146894	4	4	1	FALSE	FALSE	
1469	1	1	1	FALSE	FALSE	
146909	1	1	1	FALSE	FALSE	
146923	2	2	1	FALSE	FALSE	
146956	2	1	0.5	TRUE	TRUE	234464_s_at
147	1	1	1	FALSE	FALSE	
147004	1	1	1	FALSE	FALSE	
147007	3	3	1	FALSE	FALSE	
147011	2	2	1	FALSE	FALSE	
147015	1	1	1	FALSE	FALSE	
147040	1	1	1	FALSE	FALSE	
147081	4	3	0.75	TRUE	FALSE	
1471	3	3	1	FALSE	FALSE	
147111	1	1	1	FALSE	FALSE	
147138	2	2	1	FALSE	FALSE	
147166	2	1	0.5	TRUE	FALSE	
147172	1	1	1	FALSE	FALSE	
147179	4	4	1	FALSE	FALSE	
147183	1	1	1	FALSE	FALSE	
147184	1	1	1	FALSE	FALSE	
1472	1	1	1	FALSE	FALSE	
147276	1	1	1	FALSE	FALSE	
1473	1	1	1	FALSE	FALSE	
147323	1	1	1	FALSE	FALSE	
147339	5	3	0.6	TRUE	FALSE	
147372	3	2	0.666666666666667	TRUE	FALSE	
147381	1	1	1	FALSE	FALSE	
1474	2	1	0.5	TRUE	FALSE	
147409	1	1	1	FALSE	FALSE	
147429	2	1	0.5	TRUE	FALSE	
147463	2	2	1	FALSE	FALSE	
147495	2	2	1	FALSE	FALSE	
1475	1	1	1	FALSE	FALSE	
147525	1	1	1	FALSE	FALSE	
1476	2	2	1	FALSE	FALSE	
147645	1	1	1	FALSE	FALSE	
147646	1	1	1	FALSE	FALSE	
147650	2	1	0.5	TRUE	FALSE	
147657	1	1	1	FALSE	FALSE	
147660	2	2	1	FALSE	FALSE	
147664	1	1	1	FALSE	FALSE	
147670	1	1	1	FALSE	FALSE	
147685	1	1	1	FALSE	FALSE	
147686	1	1	1	FALSE	FALSE	
147687	1	1	1	FALSE	FALSE	
147694	3	2	0.666666666666667	TRUE	FALSE	
147699	2	2	1	FALSE	FALSE	
1477	2	2	1	FALSE	FALSE	
147700	3	3	1	FALSE	FALSE	
147719	1	1	1	FALSE	FALSE	
147727	1	1	1	FALSE	FALSE	
147741	1	1	1	FALSE	FALSE	
147744	1	1	1	FALSE	FALSE	
147746	1	1	1	FALSE	FALSE	
147798	1	1	1	FALSE	FALSE	
1478	2	2	1	FALSE	FALSE	
147807	1	1	1	FALSE	FALSE	
147808	1	1	1	FALSE	FALSE	
147837	1	1	1	FALSE	FALSE	
147841	1	1	1	FALSE	FALSE	
147872	1	1	1	FALSE	FALSE	
1479	3	3	1	FALSE	FALSE	
147906	1	1	1	FALSE	FALSE	
147912	1	1	1	FALSE	FALSE	
147920	1	1	1	FALSE	FALSE	
147923	2	2	1	FALSE	FALSE	
147929	1	1	1	FALSE	FALSE	
147945	1	1	1	FALSE	FALSE	
147947	2	2	1	FALSE	FALSE	
147948	1	1	1	FALSE	FALSE	
147949	2	2	1	FALSE	FALSE	
147965	1	1	1	FALSE	FALSE	
147968	1	1	1	FALSE	FALSE	
147991	1	1	1	FALSE	FALSE	
148	7	7	1	FALSE	FALSE	
148014	1	1	1	FALSE	FALSE	
148022	1	1	1	FALSE	FALSE	
148046	2	1	0.5	TRUE	FALSE	
148066	1	1	1	FALSE	FALSE	
148103	4	3	0.75	TRUE	FALSE	
148109	1	1	1	FALSE	FALSE	
148113	2	1	0.5	TRUE	FALSE	
148137	1	1	1	FALSE	FALSE	
148145	1	1	1	FALSE	FALSE	
148156	1	1	1	FALSE	FALSE	
148189	5	4	0.8	TRUE	FALSE	
1482	1	1	1	FALSE	FALSE	
148203	1	1	1	FALSE	FALSE	
148213	2	1	0.5	TRUE	FALSE	
148223	3	1	0.333333333333333	TRUE	FALSE	
148229	3	2	0.666666666666667	TRUE	FALSE	
148231	1	1	1	FALSE	FALSE	
148252	1	1	1	FALSE	FALSE	
148254	4	3	0.75	TRUE	FALSE	
148266	2	1	0.5	TRUE	FALSE	
148268	2	1	0.5	TRUE	FALSE	
148281	1	1	1	FALSE	FALSE	
148304	2	2	1	FALSE	FALSE	
148327	1	1	1	FALSE	FALSE	
148345	1	1	1	FALSE	FALSE	
148362	3	3	1	FALSE	FALSE	
148398	1	1	1	FALSE	FALSE	
148413	2	1	0.5	TRUE	FALSE	
148418	1	1	1	FALSE	FALSE	
148423	2	1	0.5	TRUE	FALSE	
148479	1	1	1	FALSE	FALSE	
148523	1	1	1	FALSE	FALSE	
148534	2	2	1	FALSE	FALSE	
148545	1	1	1	FALSE	FALSE	
148581	3	2	0.666666666666667	TRUE	FALSE	
1486	2	1	0.5	TRUE	FALSE	
148641	2	1	0.5	TRUE	FALSE	
148645	1	1	1	FALSE	FALSE	
148696	1	1	1	FALSE	FALSE	
1487	3	2	0.666666666666667	TRUE	FALSE	
148709	1	1	1	FALSE	FALSE	
148738	1	1	1	FALSE	FALSE	
148741	1	1	1	FALSE	FALSE	
148753	3	3	1	FALSE	FALSE	
148756	1	1	1	FALSE	FALSE	
148789	4	2	0.5	TRUE	FALSE	
1488	5	4	0.8	TRUE	FALSE	
148808	4	4	1	FALSE	FALSE	
148811	1	1	1	FALSE	FALSE	
148823	1	1	1	FALSE	FALSE	
148824	1	1	1	FALSE	FALSE	
148867	3	3	1	FALSE	FALSE	
148870	1	1	1	FALSE	FALSE	
148898	1	1	1	FALSE	FALSE	
1489	1	1	1	FALSE	FALSE	
148930	1	1	1	FALSE	FALSE	
148932	2	2	1	FALSE	FALSE	
1490	1	1	1	FALSE	FALSE	
149018	1	1	1	FALSE	FALSE	
149041	3	3	1	FALSE	FALSE	
149047	1	1	1	FALSE	FALSE	
149069	1	1	1	FALSE	FALSE	
149076	3	2	0.666666666666667	TRUE	FALSE	
149086	2	2	1	FALSE	FALSE	
149095	1	1	1	FALSE	FALSE	
1491	2	2	1	FALSE	FALSE	
149111	1	1	1	FALSE	FALSE	
149134	1	1	1	FALSE	FALSE	
149175	1	1	1	FALSE	FALSE	
149233	2	2	1	FALSE	FALSE	
149297	2	1	0.5	TRUE	FALSE	
1493	4	1	0.25	TRUE	FALSE	
149345	1	1	1	FALSE	FALSE	
149371	1	1	1	FALSE	FALSE	
149373	1	1	1	FALSE	FALSE	
149420	1	1	1	FALSE	FALSE	
149428	2	1	0.5	TRUE	FALSE	
149461	3	2	0.666666666666667	TRUE	FALSE	
149465	1	1	1	FALSE	FALSE	
149466	1	1	1	FALSE	FALSE	
149473	1	1	1	FALSE	FALSE	
149478	2	1	0.5	TRUE	FALSE	
149483	1	1	1	FALSE	FALSE	
149499	1	1	1	FALSE	FALSE	
1495	3	2	0.666666666666667	TRUE	FALSE	
149563	1	1	1	FALSE	FALSE	
1496	1	1	1	FALSE	FALSE	
149603	4	3	0.75	TRUE	FALSE	
149620	1	1	1	FALSE	FALSE	
149628	2	2	1	FALSE	FALSE	
149643	1	1	1	FALSE	FALSE	
149647	3	2	0.666666666666667	TRUE	FALSE	
149685	2	2	1	FALSE	FALSE	
149699	2	1	0.5	TRUE	FALSE	
1497	2	2	1	FALSE	FALSE	
149708	1	1	1	FALSE	FALSE	
149773	3	2	0.666666666666667	TRUE	FALSE	
149775	1	1	1	FALSE	FALSE	
149830	1	1	1	FALSE	FALSE	
149837	1	1	1	FALSE	FALSE	
149840	4	4	1	FALSE	FALSE	
1499	3	2	0.666666666666667	TRUE	FALSE	
149951	2	1	0.5	TRUE	FALSE	
149954	1	1	1	FALSE	FALSE	
149986	5	3	0.6	TRUE	FALSE	
149992	1	1	1	FALSE	FALSE	
149998	1	1	1	FALSE	FALSE	
15	1	1	1	FALSE	FALSE	
150	1	1	1	FALSE	FALSE	
150000	4	4	1	FALSE	FALSE	
150051	1	1	1	FALSE	FALSE	
150082	1	1	1	FALSE	FALSE	
150084	1	1	1	FALSE	FALSE	
1501	3	1	0.333333333333333	TRUE	FALSE	
150135	1	1	1	FALSE	FALSE	
150142	1	1	1	FALSE	FALSE	
150147	1	1	1	FALSE	FALSE	
150159	3	3	1	FALSE	FALSE	
150160	1	1	1	FALSE	FALSE	
150185	1	1	1	FALSE	FALSE	
150197	1	1	1	FALSE	FALSE	
150209	1	1	1	FALSE	FALSE	
150223	1	1	1	FALSE	FALSE	
150244	1	1	1	FALSE	FALSE	
150248	2	1	0.5	TRUE	FALSE	
150275	2	1	0.5	TRUE	FALSE	
150280	2	2	1	FALSE	FALSE	
150290	2	1	0.5	TRUE	FALSE	
150291	1	1	1	FALSE	FALSE	
150297	2	1	0.5	TRUE	FALSE	
1503	1	1	1	FALSE	FALSE	
150350	2	2	1	FALSE	FALSE	
150353	1	1	1	FALSE	FALSE	
150356	1	1	1	FALSE	FALSE	
150365	3	2	0.666666666666667	TRUE	FALSE	
150368	1	1	1	FALSE	FALSE	
150372	2	2	1	FALSE	FALSE	
150379	1	1	1	FALSE	FALSE	
150381	1	1	1	FALSE	FALSE	
150383	1	1	1	FALSE	FALSE	
150384	1	1	1	FALSE	FALSE	
150465	4	2	0.5	TRUE	FALSE	
150468	1	1	1	FALSE	FALSE	
150538	2	1	0.5	TRUE	FALSE	
150568	1	1	1	FALSE	FALSE	
150572	2	1	0.5	TRUE	FALSE	
150577	1	1	1	FALSE	FALSE	
150590	1	1	1	FALSE	FALSE	
150596	2	1	0.5	TRUE	FALSE	
1506	1	1	1	FALSE	FALSE	
150622	4	3	0.75	TRUE	FALSE	
150677	1	1	1	FALSE	FALSE	
150678	2	2	1	FALSE	FALSE	
150684	1	1	1	FALSE	FALSE	
150696	5	2	0.4	TRUE	TRUE	1552797_s_at
150709	2	1	0.5	TRUE	FALSE	
150726	3	2	0.666666666666667	TRUE	FALSE	
150737	2	2	1	FALSE	FALSE	
150759	2	2	1	FALSE	FALSE	
150763	1	1	1	FALSE	FALSE	
150771	1	1	1	FALSE	FALSE	
1508	4	3	0.75	TRUE	FALSE	
150864	4	3	0.75	TRUE	FALSE	
1509	1	1	1	FALSE	FALSE	
150946	2	1	0.5	TRUE	FALSE	
150962	3	1	0.333333333333333	TRUE	FALSE	
150967	1	1	1	FALSE	FALSE	
150992	1	1	1	FALSE	FALSE	
151	1	1	1	FALSE	FALSE	
1510	1	1	1	FALSE	FALSE	
151009	1	1	1	FALSE	FALSE	
151011	1	1	1	FALSE	FALSE	
151050	5	1	0.2	TRUE	TRUE	215046_at;230561_s_at
151056	2	1	0.5	TRUE	FALSE	
1511	1	1	1	FALSE	FALSE	
151112	1	1	1	FALSE	FALSE	
151121	1	1	1	FALSE	FALSE	
151126	3	3	1	FALSE	FALSE	
151171	1	1	1	FALSE	FALSE	
151174	1	1	1	FALSE	FALSE	
151188	3	2	0.666666666666667	TRUE	FALSE	
151194	3	1	0.333333333333333	TRUE	FALSE	
151195	2	2	1	FALSE	FALSE	
1512	1	1	1	FALSE	FALSE	
151230	1	1	1	FALSE	FALSE	
151242	2	1	0.5	TRUE	FALSE	
151246	2	2	1	FALSE	FALSE	
151254	4	1	0.25	TRUE	FALSE	
151258	1	1	1	FALSE	FALSE	
151278	1	1	1	FALSE	FALSE	
151295	2	1	0.5	TRUE	FALSE	
1513	1	1	1	FALSE	FALSE	
151300	2	1	0.5	TRUE	FALSE	
151306	1	1	1	FALSE	FALSE	
151354	6	4	0.666666666666667	TRUE	FALSE	
151393	3	3	1	FALSE	FALSE	
1514	1	1	1	FALSE	FALSE	
151449	1	1	1	FALSE	FALSE	
151473	1	1	1	FALSE	FALSE	
151477	1	1	1	FALSE	FALSE	
151484	1	1	1	FALSE	FALSE	
1515	1	1	1	FALSE	FALSE	
151516	1	1	1	FALSE	FALSE	
151525	1	1	1	FALSE	FALSE	
151531	2	2	1	FALSE	FALSE	
151534	1	1	1	FALSE	FALSE	
151556	3	3	1	FALSE	FALSE	
151613	2	2	1	FALSE	FALSE	
151636	1	1	1	FALSE	FALSE	
151647	1	1	1	FALSE	FALSE	
151648	2	2	1	FALSE	FALSE	
151649	1	1	1	FALSE	FALSE	
151651	1	1	1	FALSE	FALSE	
151658	1	1	1	FALSE	FALSE	
151742	6	6	1	FALSE	FALSE	
151760	2	1	0.5	TRUE	FALSE	
151790	2	2	1	FALSE	FALSE	
151827	2	2	1	FALSE	FALSE	
151835	1	1	1	FALSE	FALSE	
151871	1	1	1	FALSE	FALSE	
151877	1	1	1	FALSE	FALSE	
151887	4	4	1	FALSE	FALSE	
151888	1	1	1	FALSE	FALSE	
1519	1	1	1	FALSE	FALSE	
151903	1	1	1	FALSE	FALSE	
151963	1	1	1	FALSE	FALSE	
151987	2	1	0.5	TRUE	FALSE	
152	1	1	1	FALSE	FALSE	
1520	2	2	1	FALSE	FALSE	
152002	1	1	1	FALSE	FALSE	
152006	2	2	1	FALSE	FALSE	
152007	2	2	1	FALSE	FALSE	
152024	1	1	1	FALSE	FALSE	
152048	1	1	1	FALSE	FALSE	
152065	1	1	1	FALSE	FALSE	
152078	2	2	1	FALSE	FALSE	
152098	2	1	0.5	TRUE	FALSE	
1521	1	1	1	FALSE	FALSE	
152100	1	1	1	FALSE	FALSE	
152110	1	1	1	FALSE	FALSE	
152118	1	1	1	FALSE	FALSE	
152137	5	5	1	FALSE	FALSE	
152185	2	2	1	FALSE	FALSE	
152189	1	1	1	FALSE	FALSE	
152195	2	2	1	FALSE	FALSE	
1522	2	2	1	FALSE	FALSE	
152206	4	3	0.75	TRUE	FALSE	
152217	1	1	1	FALSE	FALSE	
152225	1	1	1	FALSE	FALSE	
152273	2	1	0.5	TRUE	FALSE	
152274	1	1	1	FALSE	FALSE	
1523	5	4	0.8	TRUE	FALSE	
152302	1	1	1	FALSE	FALSE	
152330	2	1	0.5	TRUE	FALSE	
1524	2	2	1	FALSE	FALSE	
152404	1	1	1	FALSE	FALSE	
152405	1	1	1	FALSE	FALSE	
152485	5	5	1	FALSE	FALSE	
1525	4	3	0.75	TRUE	FALSE	
152503	2	2	1	FALSE	FALSE	
152518	1	1	1	FALSE	FALSE	
152559	2	1	0.5	TRUE	FALSE	
152578	1	1	1	FALSE	FALSE	
152579	2	2	1	FALSE	FALSE	
152586	1	1	1	FALSE	FALSE	
152641	1	1	1	FALSE	FALSE	
152687	1	1	1	FALSE	FALSE	
1527	1	1	1	FALSE	FALSE	
152742	1	1	1	FALSE	FALSE	
152756	2	2	1	FALSE	FALSE	
152789	1	1	1	FALSE	FALSE	
1528	2	2	1	FALSE	FALSE	
152815	3	2	0.666666666666667	TRUE	FALSE	
152816	1	1	1	FALSE	FALSE	
152831	2	2	1	FALSE	FALSE	
152877	3	2	0.666666666666667	TRUE	FALSE	
152926	5	4	0.8	TRUE	FALSE	
152940	1	1	1	FALSE	FALSE	
152992	3	1	0.333333333333333	TRUE	FALSE	
153	3	3	1	FALSE	FALSE	
153020	2	2	1	FALSE	FALSE	
153090	3	1	0.333333333333333	TRUE	FALSE	
153129	2	2	1	FALSE	FALSE	
153163	2	2	1	FALSE	FALSE	
153218	1	1	1	FALSE	FALSE	
153222	5	5	1	FALSE	FALSE	
153241	2	2	1	FALSE	FALSE	
153328	2	1	0.5	TRUE	FALSE	
153339	2	2	1	FALSE	FALSE	
153364	2	1	0.5	TRUE	FALSE	
153396	4	4	1	FALSE	FALSE	
1534	3	2	0.666666666666667	TRUE	FALSE	
153443	1	1	1	FALSE	FALSE	
153469	1	1	1	FALSE	FALSE	
153478	2	2	1	FALSE	FALSE	
1535	2	2	1	FALSE	FALSE	
153527	1	1	1	FALSE	FALSE	
153562	2	2	1	FALSE	FALSE	
153572	2	1	0.5	TRUE	FALSE	
153579	5	5	1	FALSE	FALSE	
1536	3	3	1	FALSE	FALSE	
153642	2	2	1	FALSE	FALSE	
153643	1	1	1	FALSE	FALSE	
153657	2	1	0.5	TRUE	FALSE	
153684	1	1	1	FALSE	FALSE	
1537	1	1	1	FALSE	FALSE	
153733	1	1	1	FALSE	FALSE	
153745	3	1	0.333333333333333	TRUE	FALSE	
153768	2	1	0.5	TRUE	FALSE	
153769	4	2	0.5	TRUE	FALSE	
153770	1	1	1	FALSE	FALSE	
1538	3	2	0.666666666666667	TRUE	FALSE	
153830	3	3	1	FALSE	FALSE	
1539	1	1	1	FALSE	FALSE	
153910	1	1	1	FALSE	FALSE	
153918	1	1	1	FALSE	FALSE	
154	1	1	1	FALSE	FALSE	
1540	7	3	0.428571428571429	TRUE	FALSE	
154007	2	1	0.5	TRUE	FALSE	
154043	4	3	0.75	TRUE	FALSE	
154075	2	1	0.5	TRUE	FALSE	
154089	2	2	1	FALSE	FALSE	
154091	2	2	1	FALSE	FALSE	
154092	1	1	1	FALSE	FALSE	
154141	1	1	1	FALSE	FALSE	
154150	1	1	1	FALSE	FALSE	
154197	1	1	1	FALSE	FALSE	
154214	3	3	1	FALSE	FALSE	
154215	2	1	0.5	TRUE	FALSE	
154288	1	1	1	FALSE	FALSE	
1543	1	1	1	FALSE	FALSE	
154313	1	1	1	FALSE	FALSE	
154386	1	1	1	FALSE	FALSE	
1544	1	1	1	FALSE	FALSE	
154442	1	1	1	FALSE	FALSE	
154467	1	1	1	FALSE	FALSE	
1545	4	3	0.75	TRUE	FALSE	
154661	2	2	1	FALSE	FALSE	
154664	3	2	0.666666666666667	TRUE	FALSE	
154743	1	1	1	FALSE	FALSE	
154761	1	1	1	FALSE	FALSE	
154790	1	1	1	FALSE	FALSE	
154791	1	1	1	FALSE	FALSE	
154796	1	1	1	FALSE	FALSE	
1548	1	1	1	FALSE	FALSE	
154807	2	2	1	FALSE	FALSE	
154810	4	3	0.75	TRUE	FALSE	
154822	5	4	0.8	TRUE	FALSE	
154865	1	1	1	FALSE	FALSE	
154872	1	1	1	FALSE	FALSE	
154881	3	2	0.666666666666667	TRUE	FALSE	
155	2	1	0.5	TRUE	FALSE	
1550	1	1	1	FALSE	FALSE	
155006	2	1	0.5	TRUE	FALSE	
155038	2	1	0.5	TRUE	FALSE	
155051	1	1	1	FALSE	FALSE	
155054	2	2	1	FALSE	FALSE	
155060	1	1	1	FALSE	FALSE	
155061	2	2	1	FALSE	FALSE	
155066	1	1	1	FALSE	FALSE	
1551	1	1	1	FALSE	FALSE	
155185	2	2	1	FALSE	FALSE	
1553	1	1	1	FALSE	FALSE	
155368	1	1	1	FALSE	FALSE	
155382	1	1	1	FALSE	FALSE	
155435	7	4	0.571428571428571	TRUE	FALSE	
155465	1	1	1	FALSE	FALSE	
1555	1	1	1	FALSE	FALSE	
1556	1	1	1	FALSE	FALSE	
1557	1	1	1	FALSE	FALSE	
1558	2	1	0.5	TRUE	FALSE	
1559	3	2	0.666666666666667	TRUE	FALSE	
156	3	3	1	FALSE	FALSE	
1562	2	2	1	FALSE	FALSE	
1564	1	1	1	FALSE	FALSE	
1565	1	1	1	FALSE	FALSE	
157	4	4	1	FALSE	FALSE	
1571	3	2	0.666666666666667	TRUE	FALSE	
1572	1	1	1	FALSE	FALSE	
157273	1	1	1	FALSE	FALSE	
157285	1	1	1	FALSE	FALSE	
1573	1	1	1	FALSE	FALSE	
157310	1	1	1	FALSE	FALSE	
157313	2	2	1	FALSE	FALSE	
157378	3	3	1	FALSE	FALSE	
157506	4	3	0.75	TRUE	FALSE	
157556	1	1	1	FALSE	FALSE	
157567	1	1	1	FALSE	FALSE	
157570	3	1	0.333333333333333	TRUE	FALSE	
157574	1	1	1	FALSE	FALSE	
1576	2	2	1	FALSE	FALSE	
157627	2	1	0.5	TRUE	FALSE	
157638	2	2	1	FALSE	FALSE	
157657	1	1	1	FALSE	FALSE	
157680	4	3	0.75	TRUE	FALSE	
157695	3	3	1	FALSE	FALSE	
157697	10	6	0.6	TRUE	FALSE	
1577	4	1	0.25	TRUE	FALSE	
157724	1	1	1	FALSE	FALSE	
157739	3	2	0.666666666666667	TRUE	FALSE	
157753	3	3	1	FALSE	FALSE	
157769	1	1	1	FALSE	FALSE	
157773	1	1	1	FALSE	FALSE	
157777	2	2	1	FALSE	FALSE	
157807	1	1	1	FALSE	FALSE	
157848	2	2	1	FALSE	FALSE	
157855	1	1	1	FALSE	FALSE	
157869	3	3	1	FALSE	FALSE	
1579	1	1	1	FALSE	FALSE	
157922	7	1	0.142857142857143	TRUE	FALSE	
157927	1	1	1	FALSE	FALSE	
157983	2	2	1	FALSE	FALSE	
158	1	1	1	FALSE	FALSE	
1580	2	2	1	FALSE	FALSE	
158035	3	3	1	FALSE	FALSE	
158038	2	2	1	FALSE	FALSE	
158046	1	1	1	FALSE	FALSE	
158055	1	1	1	FALSE	FALSE	
158056	1	1	1	FALSE	FALSE	
158062	1	1	1	FALSE	FALSE	
158067	2	1	0.5	TRUE	FALSE	
1581	1	1	1	FALSE	FALSE	
158131	2	2	1	FALSE	FALSE	
158135	4	3	0.75	TRUE	FALSE	
158158	4	4	1	FALSE	FALSE	
158160	1	1	1	FALSE	FALSE	
1582	1	1	1	FALSE	FALSE	
158219	3	3	1	FALSE	FALSE	
158228	2	2	1	FALSE	FALSE	
158234	1	1	1	FALSE	FALSE	
158248	1	1	1	FALSE	FALSE	
158257	1	1	1	FALSE	FALSE	
158293	4	1	0.25	TRUE	FALSE	
158297	1	1	1	FALSE	FALSE	
1583	1	1	1	FALSE	FALSE	
158314	2	2	1	FALSE	FALSE	
158326	1	1	1	FALSE	FALSE	
158358	4	2	0.5	TRUE	FALSE	
158376	1	1	1	FALSE	FALSE	
158381	2	2	1	FALSE	FALSE	
158399	3	2	0.666666666666667	TRUE	FALSE	
1584	2	2	1	FALSE	FALSE	
158401	2	1	0.5	TRUE	FALSE	
158405	3	3	1	FALSE	FALSE	
158427	1	1	1	FALSE	FALSE	
158431	4	3	0.75	TRUE	FALSE	
158434	1	1	1	FALSE	FALSE	
158471	3	2	0.666666666666667	TRUE	FALSE	
1585	1	1	1	FALSE	FALSE	
158506	1	1	1	FALSE	FALSE	
158521	1	1	1	FALSE	FALSE	
158572	1	1	1	FALSE	FALSE	
158584	1	1	1	FALSE	FALSE	
158586	2	1	0.5	TRUE	FALSE	
1586	2	1	0.5	TRUE	FALSE	
1587	2	1	0.5	TRUE	FALSE	
158747	2	1	0.5	TRUE	FALSE	
158763	1	1	1	FALSE	FALSE	
158787	2	1	0.5	TRUE	FALSE	
158798	3	2	0.666666666666667	TRUE	FALSE	
1588	7	6	0.857142857142857	TRUE	FALSE	
158800	1	1	1	FALSE	FALSE	
158801	1	1	1	FALSE	FALSE	
158809	1	1	1	FALSE	FALSE	
158830	1	1	1	FALSE	FALSE	
158833	1	1	1	FALSE	FALSE	
158866	1	1	1	FALSE	FALSE	
158880	2	1	0.5	TRUE	FALSE	
158960	1	1	1	FALSE	FALSE	
159	2	2	1	FALSE	FALSE	
159013	2	1	0.5	TRUE	FALSE	
159090	1	1	1	FALSE	FALSE	
159091	4	3	0.75	TRUE	FALSE	
1591	1	1	1	FALSE	FALSE	
159162	2	1	0.5	TRUE	FALSE	
159195	1	1	1	FALSE	FALSE	
1592	1	1	1	FALSE	FALSE	
159296	1	1	1	FALSE	FALSE	
1593	1	1	1	FALSE	FALSE	
159371	3	3	1	FALSE	FALSE	
1594	1	1	1	FALSE	FALSE	
1596	1	1	1	FALSE	FALSE	
159686	2	1	0.5	TRUE	FALSE	
159963	3	1	0.333333333333333	TRUE	FALSE	
159989	4	4	1	FALSE	FALSE	
16	1	1	1	FALSE	FALSE	
160	1	1	1	FALSE	FALSE	
1600	2	2	1	FALSE	FALSE	
160065	2	1	0.5	TRUE	FALSE	
1601	5	5	1	FALSE	FALSE	
160140	1	1	1	FALSE	FALSE	
1602	3	3	1	FALSE	FALSE	
160287	1	1	1	FALSE	FALSE	
160298	1	1	1	FALSE	FALSE	
1603	1	1	1	FALSE	FALSE	
160313	2	1	0.5	TRUE	FALSE	
160335	2	2	1	FALSE	FALSE	
160364	3	2	0.666666666666667	TRUE	FALSE	
160365	2	2	1	FALSE	FALSE	
1604	3	3	1	FALSE	FALSE	
160418	3	3	1	FALSE	FALSE	
160419	1	1	1	FALSE	FALSE	
160428	3	3	1	FALSE	FALSE	
160492	1	1	1	FALSE	FALSE	
1605	2	1	0.5	TRUE	FALSE	
160518	5	5	1	FALSE	FALSE	
1606	2	2	1	FALSE	FALSE	
160622	1	1	1	FALSE	FALSE	
1607	2	2	1	FALSE	FALSE	
160728	1	1	1	FALSE	FALSE	
160760	3	3	1	FALSE	FALSE	
160762	1	1	1	FALSE	FALSE	
160777	1	1	1	FALSE	FALSE	
1608	2	2	1	FALSE	FALSE	
160824	1	1	1	FALSE	FALSE	
160851	5	3	0.6	TRUE	FALSE	
160857	2	1	0.5	TRUE	FALSE	
160897	6	5	0.833333333333333	TRUE	FALSE	
1609	2	1	0.5	TRUE	FALSE	
161	1	1	1	FALSE	FALSE	
1610	1	1	1	FALSE	FALSE	
161003	1	1	1	FALSE	FALSE	
1611	1	1	1	FALSE	FALSE	
161142	1	1	1	FALSE	FALSE	
161145	3	2	0.666666666666667	TRUE	FALSE	
161176	2	2	1	FALSE	FALSE	
161198	1	1	1	FALSE	FALSE	
1612	2	2	1	FALSE	FALSE	
161247	1	1	1	FALSE	FALSE	
161253	1	1	1	FALSE	FALSE	
161291	1	1	1	FALSE	FALSE	
1613	2	2	1	FALSE	FALSE	
161357	2	2	1	FALSE	FALSE	
161394	3	1	0.333333333333333	TRUE	FALSE	
161424	2	2	1	FALSE	FALSE	
161436	2	2	1	FALSE	FALSE	
161497	2	1	0.5	TRUE	FALSE	
1615	2	2	1	FALSE	FALSE	
161502	1	1	1	FALSE	FALSE	
161514	1	1	1	FALSE	FALSE	
161582	1	1	1	FALSE	FALSE	
1616	1	1	1	FALSE	FALSE	
161635	1	1	1	FALSE	FALSE	
161725	4	2	0.5	TRUE	FALSE	
161742	3	1	0.333333333333333	TRUE	FALSE	
161753	1	1	1	FALSE	FALSE	
161779	1	1	1	FALSE	FALSE	
1618	1	1	1	FALSE	FALSE	
161823	3	3	1	FALSE	FALSE	
161829	1	1	1	FALSE	FALSE	
161835	2	1	0.5	TRUE	FALSE	
161882	2	2	1	FALSE	FALSE	
161931	1	1	1	FALSE	FALSE	
162	1	1	1	FALSE	FALSE	
1620	2	1	0.5	TRUE	FALSE	
162073	6	4	0.666666666666667	TRUE	FALSE	
162083	1	1	1	FALSE	FALSE	
1621	1	1	1	FALSE	FALSE	
162137	1	1	1	FALSE	FALSE	
162239	3	1	0.333333333333333	TRUE	FALSE	
162282	3	3	1	FALSE	FALSE	
162333	2	2	1	FALSE	FALSE	
162387	1	1	1	FALSE	FALSE	
162394	4	4	1	FALSE	FALSE	
162417	1	1	1	FALSE	FALSE	
162427	1	1	1	FALSE	FALSE	
162461	2	2	1	FALSE	FALSE	
162466	1	1	1	FALSE	FALSE	
162494	4	3	0.75	TRUE	FALSE	
162514	2	2	1	FALSE	FALSE	
162515	2	2	1	FALSE	FALSE	
162517	1	1	1	FALSE	FALSE	
162540	1	1	1	FALSE	FALSE	
162655	2	2	1	FALSE	FALSE	
162681	5	3	0.6	TRUE	FALSE	
1627	2	1	0.5	TRUE	FALSE	
1628	2	1	0.5	TRUE	FALSE	
1629	4	4	1	FALSE	FALSE	
162962	1	1	1	FALSE	FALSE	
162963	1	1	1	FALSE	FALSE	
162967	1	1	1	FALSE	FALSE	
162968	1	1	1	FALSE	FALSE	
162972	2	2	1	FALSE	FALSE	
162979	1	1	1	FALSE	FALSE	
162989	1	1	1	FALSE	FALSE	
162993	3	3	1	FALSE	FALSE	
162998	1	1	1	FALSE	FALSE	
163	2	1	0.5	TRUE	FALSE	
1630	3	3	1	FALSE	FALSE	
163033	2	1	0.5	TRUE	FALSE	
163049	2	2	1	FALSE	FALSE	
163050	1	1	1	FALSE	FALSE	
163051	4	1	0.25	TRUE	TRUE	242028_at
163071	1	1	1	FALSE	FALSE	
163081	4	4	1	FALSE	FALSE	
163087	1	1	1	FALSE	FALSE	
163115	2	1	0.5	TRUE	FALSE	
163126	1	1	1	FALSE	FALSE	
163131	4	3	0.75	TRUE	FALSE	
163154	2	2	1	FALSE	FALSE	
163175	2	2	1	FALSE	FALSE	
163183	1	1	1	FALSE	FALSE	
1632	1	1	1	FALSE	FALSE	
163227	1	1	1	FALSE	FALSE	
163255	2	1	0.5	TRUE	FALSE	
163259	2	2	1	FALSE	FALSE	
1633	1	1	1	FALSE	FALSE	
163351	2	1	0.5	TRUE	FALSE	
1634	5	5	1	FALSE	FALSE	
163404	2	2	1	FALSE	FALSE	
163479	1	1	1	FALSE	FALSE	
163486	6	6	1	FALSE	FALSE	
1635	2	1	0.5	TRUE	TRUE	201571_s_at
163589	1	1	1	FALSE	FALSE	
163590	8	6	0.75	TRUE	FALSE	
1636	2	1	0.5	TRUE	FALSE	
163688	1	1	1	FALSE	FALSE	
163702	2	1	0.5	TRUE	FALSE	
163720	1	1	1	FALSE	FALSE	
163732	1	1	1	FALSE	FALSE	
163742	1	1	1	FALSE	FALSE	
163747	1	1	1	FALSE	FALSE	
163778	1	1	1	FALSE	FALSE	
163782	1	1	1	FALSE	FALSE	
163786	1	1	1	FALSE	FALSE	
1638	4	4	1	FALSE	FALSE	
163859	2	2	1	FALSE	FALSE	
163882	4	2	0.5	TRUE	FALSE	
1639	1	1	1	FALSE	FALSE	
163933	1	1	1	FALSE	FALSE	
164	3	3	1	FALSE	FALSE	
164045	2	2	1	FALSE	FALSE	
164091	1	1	1	FALSE	FALSE	
1641	2	2	1	FALSE	FALSE	
164127	1	1	1	FALSE	FALSE	
164153	1	1	1	FALSE	FALSE	
1642	1	1	1	FALSE	FALSE	
164237	1	1	1	FALSE	FALSE	
164284	1	1	1	FALSE	FALSE	
1643	1	1	1	FALSE	FALSE	
164312	1	1	1	FALSE	FALSE	
164380	1	1	1	FALSE	FALSE	
164395	3	2	0.666666666666667	TRUE	FALSE	
1644	2	1	0.5	TRUE	FALSE	
1645	3	2	0.666666666666667	TRUE	FALSE	
164592	1	1	1	FALSE	FALSE	
1646	1	1	1	FALSE	FALSE	
164633	2	2	1	FALSE	FALSE	
164656	2	1	0.5	TRUE	FALSE	
164684	1	1	1	FALSE	FALSE	
1647	1	1	1	FALSE	FALSE	
164781	1	1	1	FALSE	FALSE	
164832	2	2	1	FALSE	FALSE	
1649	1	1	1	FALSE	FALSE	
165	1	1	1	FALSE	FALSE	
1650	1	1	1	FALSE	FALSE	
165055	2	2	1	FALSE	FALSE	
165082	2	1	0.5	TRUE	FALSE	
165100	1	1	1	FALSE	FALSE	
165140	1	1	1	FALSE	FALSE	
165186	1	1	1	FALSE	FALSE	
165215	3	1	0.333333333333333	TRUE	FALSE	
1653	1	1	1	FALSE	FALSE	
165324	1	1	1	FALSE	FALSE	
1654	5	5	1	FALSE	FALSE	
1655	2	2	1	FALSE	FALSE	
165530	1	1	1	FALSE	FALSE	
165545	1	1	1	FALSE	FALSE	
1656	3	1	0.333333333333333	TRUE	TRUE	1562836_at
165631	2	2	1	FALSE	FALSE	
165679	1	1	1	FALSE	FALSE	
1657	2	1	0.5	TRUE	TRUE	241472_at
165721	1	1	1	FALSE	FALSE	
165829	2	1	0.5	TRUE	FALSE	
1659	3	2	0.666666666666667	TRUE	FALSE	
165904	1	1	1	FALSE	FALSE	
165918	2	2	1	FALSE	FALSE	
166	1	1	1	FALSE	FALSE	
1660	3	2	0.666666666666667	TRUE	FALSE	
166012	2	2	1	FALSE	FALSE	
1662	2	2	1	FALSE	FALSE	
1663	2	1	0.5	TRUE	FALSE	
166336	1	1	1	FALSE	FALSE	
166348	1	1	1	FALSE	FALSE	
166378	3	3	1	FALSE	FALSE	
166379	1	1	1	FALSE	FALSE	
1665	2	2	1	FALSE	FALSE	
1666	1	1	1	FALSE	FALSE	
166614	3	2	0.666666666666667	TRUE	FALSE	
166647	3	3	1	FALSE	FALSE	
166752	1	1	1	FALSE	FALSE	
166785	4	2	0.5	TRUE	FALSE	
166793	1	1	1	FALSE	FALSE	
166815	1	1	1	FALSE	FALSE	
166824	3	3	1	FALSE	FALSE	
166863	1	1	1	FALSE	FALSE	
1669	1	1	1	FALSE	FALSE	
166929	3	1	0.333333333333333	TRUE	FALSE	
166968	5	3	0.6	TRUE	FALSE	
166979	5	3	0.6	TRUE	FALSE	
167	2	2	1	FALSE	FALSE	
1670	1	1	1	FALSE	FALSE	
1671	1	1	1	FALSE	FALSE	
167153	3	1	0.333333333333333	TRUE	TRUE	1556277_a_at;238706_at
1672	1	1	1	FALSE	FALSE	
167227	4	3	0.75	TRUE	FALSE	
167359	1	1	1	FALSE	FALSE	
1674	2	1	0.5	TRUE	FALSE	
167410	2	2	1	FALSE	FALSE	
167465	2	2	1	FALSE	FALSE	
1675	1	1	1	FALSE	FALSE	
1676	3	2	0.666666666666667	TRUE	FALSE	
167681	1	1	1	FALSE	FALSE	
167691	2	2	1	FALSE	FALSE	
1677	1	1	1	FALSE	FALSE	
1678	2	1	0.5	TRUE	FALSE	
167826	1	1	1	FALSE	FALSE	
167838	1	1	1	FALSE	FALSE	
168002	1	1	1	FALSE	FALSE	
168090	2	1	0.5	TRUE	FALSE	
168374	2	2	1	FALSE	FALSE	
168391	1	1	1	FALSE	FALSE	
168400	1	1	1	FALSE	FALSE	
168433	1	1	1	FALSE	FALSE	
168448	1	1	1	FALSE	FALSE	
168451	2	1	0.5	TRUE	FALSE	
168455	3	3	1	FALSE	FALSE	
168507	2	2	1	FALSE	FALSE	
168537	1	1	1	FALSE	FALSE	
168544	2	2	1	FALSE	FALSE	
168620	1	1	1	FALSE	FALSE	
168667	1	1	1	FALSE	FALSE	
1687	1	1	1	FALSE	FALSE	
168741	2	2	1	FALSE	FALSE	
168850	3	2	0.666666666666667	TRUE	FALSE	
168975	2	1	0.5	TRUE	FALSE	
1690	3	3	1	FALSE	FALSE	
169026	2	2	1	FALSE	FALSE	
169044	3	2	0.666666666666667	TRUE	FALSE	
169200	3	3	1	FALSE	FALSE	
169270	1	1	1	FALSE	FALSE	
169355	1	1	1	FALSE	FALSE	
169436	2	1	0.5	TRUE	FALSE	
169522	1	1	1	FALSE	FALSE	
169611	1	1	1	FALSE	FALSE	
169693	2	2	1	FALSE	FALSE	
169714	2	2	1	FALSE	FALSE	
169792	2	2	1	FALSE	FALSE	
169834	1	1	1	FALSE	FALSE	
169841	3	2	0.666666666666667	TRUE	FALSE	
169966	1	1	1	FALSE	FALSE	
169981	4	1	0.25	TRUE	FALSE	
170062	1	1	1	FALSE	FALSE	
170082	2	2	1	FALSE	FALSE	
170261	1	1	1	FALSE	FALSE	
170302	2	1	0.5	TRUE	FALSE	
170370	1	1	1	FALSE	FALSE	
170371	2	2	1	FALSE	FALSE	
170384	2	2	1	FALSE	FALSE	
170392	1	1	1	FALSE	FALSE	
170393	1	1	1	FALSE	FALSE	
170394	1	1	1	FALSE	FALSE	
170425	1	1	1	FALSE	FALSE	
170482	2	1	0.5	TRUE	FALSE	
170487	1	1	1	FALSE	FALSE	
170506	4	1	0.25	TRUE	FALSE	
170572	1	1	1	FALSE	FALSE	
170575	5	5	1	FALSE	FALSE	
170589	1	1	1	FALSE	FALSE	
170591	1	1	1	FALSE	FALSE	
170622	2	2	1	FALSE	FALSE	
170626	1	1	1	FALSE	FALSE	
170679	1	1	1	FALSE	FALSE	
170680	1	1	1	FALSE	FALSE	
170685	2	2	1	FALSE	FALSE	
170689	2	2	1	FALSE	FALSE	
170690	1	1	1	FALSE	FALSE	
170691	3	2	0.666666666666667	TRUE	FALSE	
170692	2	1	0.5	TRUE	FALSE	
170712	1	1	1	FALSE	FALSE	
170850	2	1	0.5	TRUE	FALSE	
170954	1	1	1	FALSE	FALSE	
170959	3	3	1	FALSE	FALSE	
170960	1	1	1	FALSE	FALSE	
170961	2	1	0.5	TRUE	FALSE	
171017	2	1	0.5	TRUE	FALSE	
171019	2	2	1	FALSE	FALSE	
171023	6	4	0.666666666666667	TRUE	FALSE	
171024	7	6	0.857142857142857	TRUE	FALSE	
171169	1	1	1	FALSE	FALSE	
171177	1	1	1	FALSE	FALSE	
171389	1	1	1	FALSE	FALSE	
171391	1	1	1	FALSE	FALSE	
171425	3	3	1	FALSE	FALSE	
171482	1	1	1	FALSE	FALSE	
171483	2	2	1	FALSE	FALSE	
171484	1	1	1	FALSE	FALSE	
171523	1	1	1	FALSE	FALSE	
171546	2	2	1	FALSE	FALSE	
171558	1	1	1	FALSE	FALSE	
171568	3	1	0.333333333333333	TRUE	FALSE	
171586	1	1	1	FALSE	FALSE	
1716	3	1	0.333333333333333	TRUE	FALSE	
1717	2	2	1	FALSE	FALSE	
1718	1	1	1	FALSE	FALSE	
1719	3	3	1	FALSE	FALSE	
172	3	1	0.333333333333333	TRUE	FALSE	
1720	1	1	1	FALSE	FALSE	
1723	2	2	1	FALSE	FALSE	
1725	2	2	1	FALSE	FALSE	
1727	2	2	1	FALSE	FALSE	
1728	3	3	1	FALSE	FALSE	
1729	4	2	0.5	TRUE	TRUE	209190_s_at
173	1	1	1	FALSE	FALSE	
1730	2	2	1	FALSE	FALSE	
1731	1	1	1	FALSE	FALSE	
1733	1	1	1	FALSE	FALSE	
1734	3	1	0.333333333333333	TRUE	FALSE	
1735	1	1	1	FALSE	FALSE	
1736	3	3	1	FALSE	FALSE	
1737	3	3	1	FALSE	FALSE	
1738	2	2	1	FALSE	FALSE	
1739	7	6	0.857142857142857	TRUE	TRUE	230229_at
174	1	1	1	FALSE	FALSE	
1740	2	2	1	FALSE	FALSE	
1741	4	4	1	FALSE	FALSE	
1742	2	1	0.5	TRUE	FALSE	
1745	2	2	1	FALSE	FALSE	
1746	2	2	1	FALSE	FALSE	
1747	1	1	1	FALSE	FALSE	
1748	2	1	0.5	TRUE	FALSE	
1749	1	1	1	FALSE	FALSE	
175	3	2	0.666666666666667	TRUE	FALSE	
1750	2	1	0.5	TRUE	FALSE	
1755	1	1	1	FALSE	FALSE	
1756	3	3	1	FALSE	FALSE	
1757	6	4	0.666666666666667	TRUE	FALSE	
1758	2	1	0.5	TRUE	FALSE	
1759	2	2	1	FALSE	FALSE	
176	2	2	1	FALSE	FALSE	
1760	3	1	0.333333333333333	TRUE	FALSE	
1761	1	1	1	FALSE	FALSE	
1762	3	1	0.333333333333333	TRUE	FALSE	
1763	1	1	1	FALSE	FALSE	
1767	1	1	1	FALSE	FALSE	
1768	7	5	0.714285714285714	TRUE	FALSE	
1769	1	1	1	FALSE	FALSE	
177	2	2	1	FALSE	FALSE	
1770	3	3	1	FALSE	FALSE	
1773	6	6	1	FALSE	FALSE	
1774	1	1	1	FALSE	FALSE	
1775	1	1	1	FALSE	FALSE	
1776	2	1	0.5	TRUE	TRUE	205554_s_at
1777	1	1	1	FALSE	FALSE	
1778	6	3	0.5	TRUE	FALSE	
178	1	1	1	FALSE	FALSE	
1780	2	2	1	FALSE	FALSE	
1781	3	3	1	FALSE	FALSE	
1783	4	4	1	FALSE	FALSE	
1785	3	2	0.666666666666667	TRUE	FALSE	
1786	1	1	1	FALSE	FALSE	
1787	3	3	1	FALSE	FALSE	
1788	3	2	0.666666666666667	TRUE	FALSE	
1789	1	1	1	FALSE	FALSE	
1791	3	2	0.666666666666667	TRUE	FALSE	
1793	5	3	0.6	TRUE	FALSE	
1794	2	2	1	FALSE	FALSE	
1795	1	1	1	FALSE	FALSE	
1796	2	2	1	FALSE	FALSE	
1797	3	3	1	FALSE	FALSE	
1798	1	1	1	FALSE	FALSE	
18	3	3	1	FALSE	FALSE	
1800	1	1	1	FALSE	FALSE	
1802	1	1	1	FALSE	FALSE	
1803	3	3	1	FALSE	FALSE	
1804	3	2	0.666666666666667	TRUE	FALSE	
1805	3	3	1	FALSE	FALSE	
1806	3	3	1	FALSE	FALSE	
1807	1	1	1	FALSE	FALSE	
1808	1	1	1	FALSE	FALSE	
1809	3	2	0.666666666666667	TRUE	FALSE	
181	1	1	1	FALSE	FALSE	
1810	5	3	0.6	TRUE	FALSE	
1811	2	2	1	FALSE	FALSE	
1812	1	1	1	FALSE	FALSE	
1813	2	1	0.5	TRUE	FALSE	
1814	2	2	1	FALSE	FALSE	
1816	1	1	1	FALSE	FALSE	
1819	2	1	0.5	TRUE	FALSE	
182	4	2	0.5	TRUE	FALSE	
1820	2	2	1	FALSE	FALSE	
1821	3	2	0.666666666666667	TRUE	FALSE	
1822	3	2	0.666666666666667	TRUE	FALSE	
1823	1	1	1	FALSE	FALSE	
1824	3	3	1	FALSE	FALSE	
1825	3	2	0.666666666666667	TRUE	FALSE	
1826	3	3	1	FALSE	FALSE	
1827	3	1	0.333333333333333	TRUE	FALSE	
1828	1	1	1	FALSE	FALSE	
1829	2	2	1	FALSE	FALSE	
183	1	1	1	FALSE	FALSE	
1830	2	2	1	FALSE	FALSE	
1831	2	1	0.5	TRUE	FALSE	
1832	1	1	1	FALSE	FALSE	
1833	1	1	1	FALSE	FALSE	
1834	1	1	1	FALSE	FALSE	
1836	3	3	1	FALSE	FALSE	
1837	6	5	0.833333333333333	TRUE	FALSE	
1838	2	2	1	FALSE	FALSE	
1839	4	3	0.75	TRUE	FALSE	
1840	1	1	1	FALSE	FALSE	
1841	5	5	1	FALSE	FALSE	
1842	2	2	1	FALSE	FALSE	
1843	2	2	1	FALSE	FALSE	
1844	1	1	1	FALSE	FALSE	
1845	3	3	1	FALSE	FALSE	
1846	3	3	1	FALSE	FALSE	
1847	1	1	1	FALSE	FALSE	
1848	3	3	1	FALSE	FALSE	
1849	2	1	0.5	TRUE	FALSE	
185	2	2	1	FALSE	FALSE	
1850	1	1	1	FALSE	FALSE	
1852	1	1	1	FALSE	FALSE	
1854	2	1	0.5	TRUE	FALSE	
1855	1	1	1	FALSE	FALSE	
1856	2	2	1	FALSE	FALSE	
1857	1	1	1	FALSE	FALSE	
1859	5	2	0.4	TRUE	FALSE	
186	3	3	1	FALSE	FALSE	
1861	3	2	0.666666666666667	TRUE	FALSE	
1869	2	2	1	FALSE	FALSE	
187	1	1	1	FALSE	FALSE	
1870	3	1	0.333333333333333	TRUE	FALSE	
1871	2	2	1	FALSE	FALSE	
1874	2	2	1	FALSE	FALSE	
1875	1	1	1	FALSE	FALSE	
1876	1	1	1	FALSE	FALSE	
1877	1	1	1	FALSE	FALSE	
1879	4	4	1	FALSE	FALSE	
1880	1	1	1	FALSE	FALSE	
1889	2	2	1	FALSE	FALSE	
189	3	2	0.666666666666667	TRUE	TRUE	210327_s_at
1890	2	2	1	FALSE	FALSE	
1891	1	1	1	FALSE	FALSE	
1892	1	1	1	FALSE	FALSE	
1893	1	1	1	FALSE	FALSE	
1894	2	2	1	FALSE	FALSE	
1896	3	3	1	FALSE	FALSE	
19	4	3	0.75	TRUE	FALSE	
190	2	2	1	FALSE	FALSE	
1901	1	1	1	FALSE	FALSE	
1902	3	3	1	FALSE	FALSE	
1903	2	1	0.5	TRUE	FALSE	
1906	3	2	0.666666666666667	TRUE	FALSE	
1907	1	1	1	FALSE	FALSE	
1908	2	1	0.5	TRUE	FALSE	
1909	3	3	1	FALSE	FALSE	
191	1	1	1	FALSE	FALSE	
1910	2	2	1	FALSE	FALSE	
1911	2	2	1	FALSE	FALSE	
1912	3	2	0.666666666666667	TRUE	FALSE	
1915	2	2	1	FALSE	FALSE	
191585	3	3	1	FALSE	FALSE	
1917	1	1	1	FALSE	FALSE	
192111	2	1	0.5	TRUE	FALSE	
192134	2	2	1	FALSE	FALSE	
192666	1	1	1	FALSE	FALSE	
192668	1	1	1	FALSE	FALSE	
192669	4	3	0.75	TRUE	FALSE	
192670	4	1	0.25	TRUE	FALSE	
192683	3	2	0.666666666666667	TRUE	FALSE	
1933	1	1	1	FALSE	FALSE	
1936	2	1	0.5	TRUE	FALSE	
193629	1	1	1	FALSE	FALSE	
1938	2	2	1	FALSE	FALSE	
1939	1	1	1	FALSE	FALSE	
1942	1	1	1	FALSE	FALSE	
1943	3	1	0.333333333333333	TRUE	FALSE	
1944	1	1	1	FALSE	FALSE	
1945	1	1	1	FALSE	FALSE	
1946	4	3	0.75	TRUE	FALSE	
1947	1	1	1	FALSE	FALSE	
1948	2	2	1	FALSE	FALSE	
1949	1	1	1	FALSE	FALSE	
1950	1	1	1	FALSE	FALSE	
1951	2	2	1	FALSE	FALSE	
1952	2	2	1	FALSE	FALSE	
1953	2	2	1	FALSE	FALSE	
1954	2	2	1	FALSE	FALSE	
1955	2	2	1	FALSE	FALSE	
1956	6	4	0.666666666666667	TRUE	FALSE	
1958	3	3	1	FALSE	FALSE	
195814	1	1	1	FALSE	FALSE	
195827	1	1	1	FALSE	FALSE	
1959	1	1	1	FALSE	FALSE	
196	1	1	1	FALSE	FALSE	
1960	1	1	1	FALSE	FALSE	
196047	2	2	1	FALSE	FALSE	
196051	1	1	1	FALSE	FALSE	
196074	7	5	0.714285714285714	TRUE	FALSE	
1961	3	1	0.333333333333333	TRUE	FALSE	
1962	1	1	1	FALSE	FALSE	
196264	3	2	0.666666666666667	TRUE	FALSE	
196294	2	2	1	FALSE	FALSE	
196374	2	1	0.5	TRUE	FALSE	
196383	1	1	1	FALSE	FALSE	
196385	3	3	1	FALSE	FALSE	
196394	1	1	1	FALSE	FALSE	
1964	4	1	0.25	TRUE	FALSE	
196403	5	4	0.8	TRUE	FALSE	
196410	1	1	1	FALSE	FALSE	
196415	1	1	1	FALSE	FALSE	
196441	2	1	0.5	TRUE	FALSE	
196446	1	1	1	FALSE	FALSE	
196463	2	2	1	FALSE	FALSE	
196472	1	1	1	FALSE	FALSE	
196475	3	2	0.666666666666667	TRUE	FALSE	
196477	1	1	1	FALSE	FALSE	
1965	3	3	1	FALSE	FALSE	
196500	2	2	1	FALSE	FALSE	
196513	1	1	1	FALSE	FALSE	
196527	2	2	1	FALSE	FALSE	
196528	3	3	1	FALSE	FALSE	
196541	1	1	1	FALSE	FALSE	
1967	1	1	1	FALSE	FALSE	
196740	6	6	1	FALSE	FALSE	
196743	4	4	1	FALSE	FALSE	
196792	1	1	1	FALSE	FALSE	
1968	3	2	0.666666666666667	TRUE	FALSE	
196872	1	1	1	FALSE	FALSE	
196883	1	1	1	FALSE	FALSE	
1969	1	1	1	FALSE	FALSE	
196913	1	1	1	FALSE	FALSE	
196951	2	2	1	FALSE	FALSE	
196968	1	1	1	FALSE	FALSE	
196993	1	1	1	FALSE	FALSE	
196996	1	1	1	FALSE	FALSE	
197	2	2	1	FALSE	FALSE	
197003	1	1	1	FALSE	FALSE	
197021	1	1	1	FALSE	FALSE	
197131	2	2	1	FALSE	FALSE	
197135	1	1	1	FALSE	FALSE	
197187	2	2	1	FALSE	FALSE	
197196	1	1	1	FALSE	FALSE	
197257	1	1	1	FALSE	FALSE	
197258	1	1	1	FALSE	FALSE	
197259	1	1	1	FALSE	FALSE	
1973	1	1	1	FALSE	FALSE	
197320	3	1	0.333333333333333	TRUE	FALSE	
197322	3	3	1	FALSE	FALSE	
197335	2	1	0.5	TRUE	FALSE	
197342	3	3	1	FALSE	FALSE	
197350	1	1	1	FALSE	FALSE	
197358	1	1	1	FALSE	FALSE	
197370	1	1	1	FALSE	FALSE	
1974	3	2	0.666666666666667	TRUE	FALSE	
197407	1	1	1	FALSE	FALSE	
1975	3	3	1	FALSE	FALSE	
1977	5	1	0.2	TRUE	FALSE	
1978	1	1	1	FALSE	FALSE	
1979	5	5	1	FALSE	FALSE	
1981	2	2	1	FALSE	FALSE	
1982	2	1	0.5	TRUE	FALSE	
1983	4	4	1	FALSE	FALSE	
1984	1	1	1	FALSE	FALSE	
198437	1	1	1	FALSE	FALSE	
199	1	1	1	FALSE	FALSE	
1990	1	1	1	FALSE	FALSE	
1991	1	1	1	FALSE	FALSE	
1992	4	3	0.75	TRUE	FALSE	
199221	1	1	1	FALSE	FALSE	
199223	2	1	0.5	TRUE	FALSE	
1993	2	1	0.5	TRUE	FALSE	
1994	4	4	1	FALSE	FALSE	
1995	3	2	0.666666666666667	TRUE	FALSE	
1996	3	3	1	FALSE	FALSE	
199675	1	1	1	FALSE	FALSE	
199692	2	2	1	FALSE	FALSE	
199699	1	1	1	FALSE	FALSE	
1997	2	1	0.5	TRUE	FALSE	
199704	4	3	0.75	TRUE	TRUE	227674_at
199713	1	1	1	FALSE	FALSE	
199720	2	2	1	FALSE	FALSE	
199731	5	4	0.8	TRUE	FALSE	
199745	1	1	1	FALSE	FALSE	
199746	1	1	1	FALSE	FALSE	
199777	2	1	0.5	TRUE	FALSE	
199786	3	2	0.666666666666667	TRUE	FALSE	
1998	2	1	0.5	TRUE	FALSE	
199800	1	1	1	FALSE	FALSE	
199857	2	2	1	FALSE	FALSE	
199870	2	2	1	FALSE	FALSE	
199899	1	1	1	FALSE	FALSE	
1999	3	3	1	FALSE	FALSE	
199920	2	2	1	FALSE	FALSE	
199953	2	2	1	FALSE	FALSE	
199964	1	1	1	FALSE	FALSE	
199974	1	1	1	FALSE	FALSE	
199990	9	6	0.666666666666667	TRUE	FALSE	
2	2	2	1	FALSE	FALSE	
20	3	3	1	FALSE	FALSE	
2000	2	2	1	FALSE	FALSE	
200010	2	2	1	FALSE	FALSE	
200014	2	1	0.5	TRUE	FALSE	
200035	2	1	0.5	TRUE	FALSE	
200081	2	1	0.5	TRUE	FALSE	
2001	2	2	1	FALSE	FALSE	
200132	1	1	1	FALSE	FALSE	
200150	2	2	1	FALSE	FALSE	
200159	1	1	1	FALSE	FALSE	
200162	1	1	1	FALSE	FALSE	
200172	2	2	1	FALSE	FALSE	
200185	2	2	1	FALSE	FALSE	
200186	1	1	1	FALSE	FALSE	
200197	2	1	0.5	TRUE	FALSE	
2002	1	1	1	FALSE	FALSE	
200205	4	1	0.25	TRUE	FALSE	
200232	1	1	1	FALSE	FALSE	
200261	1	1	1	FALSE	FALSE	
200298	1	1	1	FALSE	FALSE	
200312	1	1	1	FALSE	FALSE	
200316	1	1	1	FALSE	FALSE	
200373	4	3	0.75	TRUE	FALSE	
2004	2	1	0.5	TRUE	FALSE	
200403	5	3	0.6	TRUE	FALSE	
200407	1	1	1	FALSE	FALSE	
200420	1	1	1	FALSE	FALSE	
200424	3	2	0.666666666666667	TRUE	FALSE	
2005	7	5	0.714285714285714	TRUE	FALSE	
200504	1	1	1	FALSE	FALSE	
200523	1	1	1	FALSE	FALSE	
200539	1	1	1	FALSE	FALSE	
200558	1	1	1	FALSE	FALSE	
200576	3	2	0.666666666666667	TRUE	FALSE	
2006	2	1	0.5	TRUE	FALSE	
200634	1	1	1	FALSE	FALSE	
200728	1	1	1	FALSE	FALSE	
200734	3	2	0.666666666666667	TRUE	FALSE	
200765	1	1	1	FALSE	FALSE	
200772	1	1	1	FALSE	FALSE	
200845	2	2	1	FALSE	FALSE	
200879	2	2	1	FALSE	FALSE	
200894	1	1	1	FALSE	FALSE	
200895	1	1	1	FALSE	FALSE	
2009	2	2	1	FALSE	FALSE	
200916	1	1	1	FALSE	FALSE	
200931	1	1	1	FALSE	FALSE	
200933	3	3	1	FALSE	FALSE	
200942	1	1	1	FALSE	FALSE	
200958	4	4	1	FALSE	FALSE	
200959	1	1	1	FALSE	FALSE	
2010	1	1	1	FALSE	FALSE	
2011	1	1	1	FALSE	FALSE	
201134	3	3	1	FALSE	FALSE	
201140	1	1	1	FALSE	FALSE	
201158	1	1	1	FALSE	FALSE	
201161	3	2	0.666666666666667	TRUE	FALSE	
201163	4	2	0.5	TRUE	FALSE	
201164	2	2	1	FALSE	FALSE	
201176	4	2	0.5	TRUE	FALSE	
201181	2	2	1	FALSE	FALSE	
201191	4	3	0.75	TRUE	FALSE	
2012	6	6	1	FALSE	FALSE	
201229	2	1	0.5	TRUE	FALSE	
201243	1	1	1	FALSE	FALSE	
201254	1	1	1	FALSE	FALSE	
201255	1	1	1	FALSE	FALSE	
201266	1	1	1	FALSE	FALSE	
201283	1	1	1	FALSE	FALSE	
201294	3	1	0.333333333333333	TRUE	FALSE	
201299	1	1	1	FALSE	FALSE	
2013	4	4	1	FALSE	FALSE	
201305	1	1	1	FALSE	FALSE	
2014	1	1	1	FALSE	FALSE	
201456	1	1	1	FALSE	FALSE	
201475	2	1	0.5	TRUE	FALSE	
201477	1	1	1	FALSE	FALSE	
2015	1	1	1	FALSE	FALSE	
201501	2	1	0.5	TRUE	FALSE	
201514	1	1	1	FALSE	FALSE	
201516	2	2	1	FALSE	FALSE	
201562	2	2	1	FALSE	FALSE	
201595	1	1	1	FALSE	FALSE	
2016	1	1	1	FALSE	FALSE	
201617	1	1	1	FALSE	FALSE	
201625	2	1	0.5	TRUE	FALSE	
201626	4	3	0.75	TRUE	FALSE	
201627	1	1	1	FALSE	FALSE	
201633	1	1	1	FALSE	FALSE	
201651	1	1	1	FALSE	FALSE	
2017	5	5	1	FALSE	FALSE	
201725	2	2	1	FALSE	FALSE	
201780	1	1	1	FALSE	FALSE	
201798	3	3	1	FALSE	FALSE	
201799	1	1	1	FALSE	FALSE	
2018	1	1	1	FALSE	FALSE	
201853	1	1	1	FALSE	FALSE	
201895	5	5	1	FALSE	FALSE	
2019	1	1	1	FALSE	FALSE	
201931	1	1	1	FALSE	FALSE	
201965	1	1	1	FALSE	FALSE	
201973	1	1	1	FALSE	FALSE	
202	1	1	1	FALSE	FALSE	
2020	1	1	1	FALSE	FALSE	
202018	6	3	0.5	TRUE	FALSE	
202020	1	1	1	FALSE	FALSE	
202051	2	2	1	FALSE	FALSE	
202052	3	3	1	FALSE	FALSE	
2021	1	1	1	FALSE	FALSE	
202134	2	1	0.5	TRUE	FALSE	
202151	1	1	1	FALSE	FALSE	
202181	2	2	1	FALSE	FALSE	
2022	2	2	1	FALSE	FALSE	
202243	2	2	1	FALSE	FALSE	
202299	1	1	1	FALSE	FALSE	
2023	3	3	1	FALSE	FALSE	
202309	1	1	1	FALSE	FALSE	
202333	2	2	1	FALSE	FALSE	
202374	4	3	0.75	TRUE	FALSE	
202459	1	1	1	FALSE	FALSE	
202500	1	1	1	FALSE	FALSE	
202559	1	1	1	FALSE	FALSE	
2026	1	1	1	FALSE	FALSE	
2027	1	1	1	FALSE	FALSE	
202781	1	1	1	FALSE	FALSE	
2028	2	2	1	FALSE	FALSE	
202865	1	1	1	FALSE	FALSE	
2029	5	4	0.8	TRUE	FALSE	
202915	2	1	0.5	TRUE	TRUE	1558281_a_at
203	2	2	1	FALSE	FALSE	
2030	2	2	1	FALSE	FALSE	
203054	1	1	1	FALSE	FALSE	
203062	3	2	0.666666666666667	TRUE	FALSE	
203068	1	1	1	FALSE	FALSE	
203069	2	2	1	FALSE	FALSE	
203074	1	1	1	FALSE	FALSE	
203076	2	2	1	FALSE	FALSE	
203100	1	1	1	FALSE	FALSE	
203102	1	1	1	FALSE	FALSE	
203111	2	2	1	FALSE	FALSE	
203190	1	1	1	FALSE	FALSE	
203197	1	1	1	FALSE	FALSE	
203228	3	3	1	FALSE	FALSE	
203238	8	1	0.125	TRUE	FALSE	
203245	2	1	0.5	TRUE	FALSE	
203259	1	1	1	FALSE	FALSE	
203260	1	1	1	FALSE	FALSE	
203274	2	1	0.5	TRUE	FALSE	
203286	4	4	1	FALSE	FALSE	
2033	2	2	1	FALSE	FALSE	
203328	2	2	1	FALSE	FALSE	
2034	2	2	1	FALSE	FALSE	
203413	1	1	1	FALSE	FALSE	
203414	1	1	1	FALSE	FALSE	
203427	1	1	1	FALSE	FALSE	
203430	1	1	1	FALSE	FALSE	
203447	2	1	0.5	TRUE	FALSE	
2035	4	3	0.75	TRUE	FALSE	
203522	1	1	1	FALSE	FALSE	
203523	2	1	0.5	TRUE	FALSE	
203547	3	1	0.333333333333333	TRUE	FALSE	
203562	1	1	1	FALSE	FALSE	
2036	3	3	1	FALSE	FALSE	
2037	3	3	1	FALSE	FALSE	
2038	1	1	1	FALSE	FALSE	
203859	1	1	1	FALSE	FALSE	
2039	1	1	1	FALSE	FALSE	
204	6	4	0.666666666666667	TRUE	FALSE	
2040	2	2	1	FALSE	FALSE	
2041	3	1	0.333333333333333	TRUE	FALSE	
2042	3	1	0.333333333333333	TRUE	TRUE	206070_s_at
204219	2	2	1	FALSE	FALSE	
2043	5	2	0.4	TRUE	FALSE	
2044	3	2	0.666666666666667	TRUE	FALSE	
204474	1	1	1	FALSE	FALSE	
2045	4	4	1	FALSE	FALSE	
2046	2	1	0.5	TRUE	FALSE	
2047	3	2	0.666666666666667	TRUE	FALSE	
2048	4	2	0.5	TRUE	FALSE	
204801	1	1	1	FALSE	FALSE	
204851	4	2	0.5	TRUE	FALSE	
2049	2	2	1	FALSE	FALSE	
204962	4	4	1	FALSE	FALSE	
205	4	4	1	FALSE	FALSE	
2050	2	2	1	FALSE	FALSE	
2051	1	1	1	FALSE	FALSE	
205147	3	2	0.666666666666667	TRUE	FALSE	
2052	1	1	1	FALSE	FALSE	
205251	1	1	1	FALSE	FALSE	
2053	1	1	1	FALSE	FALSE	
205327	2	2	1	FALSE	FALSE	
2054	2	2	1	FALSE	FALSE	
205428	3	3	1	FALSE	FALSE	
2055	5	4	0.8	TRUE	FALSE	
205564	3	1	0.333333333333333	TRUE	FALSE	
2056	2	2	1	FALSE	FALSE	
2057	5	4	0.8	TRUE	FALSE	
205717	4	3	0.75	TRUE	FALSE	
2058	3	3	1	FALSE	FALSE	
205860	1	1	1	FALSE	FALSE	
2059	1	1	1	FALSE	FALSE	
2060	2	2	1	FALSE	FALSE	
2063	3	2	0.666666666666667	TRUE	FALSE	
206338	1	1	1	FALSE	FALSE	
206358	2	1	0.5	TRUE	FALSE	
2064	2	1	0.5	TRUE	FALSE	
206412	2	1	0.5	TRUE	FALSE	
2065	5	3	0.6	TRUE	FALSE	
2066	4	3	0.75	TRUE	FALSE	
2067	3	3	1	FALSE	FALSE	
2068	2	2	1	FALSE	FALSE	
2069	2	1	0.5	TRUE	FALSE	
207	1	1	1	FALSE	FALSE	
2070	3	2	0.666666666666667	TRUE	FALSE	
207063	2	2	1	FALSE	FALSE	
2071	1	1	1	FALSE	FALSE	
207107	1	1	1	FALSE	FALSE	
207147	1	1	1	FALSE	FALSE	
2072	2	1	0.5	TRUE	FALSE	
2073	1	1	1	FALSE	FALSE	
2074	2	2	1	FALSE	FALSE	
2077	2	2	1	FALSE	FALSE	
2078	3	3	1	FALSE	FALSE	
2079	1	1	1	FALSE	FALSE	
208	7	5	0.714285714285714	TRUE	FALSE	
2081	3	2	0.666666666666667	TRUE	FALSE	
2086	1	1	1	FALSE	FALSE	
2091	1	1	1	FALSE	FALSE	
2098	4	4	1	FALSE	FALSE	
2099	5	3	0.6	TRUE	FALSE	
21	1	1	1	FALSE	FALSE	
210	2	1	0.5	TRUE	FALSE	
2100	3	2	0.666666666666667	TRUE	FALSE	
2101	2	2	1	FALSE	FALSE	
2103	2	2	1	FALSE	FALSE	
2104	1	1	1	FALSE	FALSE	
2107	2	2	1	FALSE	FALSE	
2108	1	1	1	FALSE	FALSE	
2109	1	1	1	FALSE	FALSE	
211	1	1	1	FALSE	FALSE	
2110	2	2	1	FALSE	FALSE	
2113	3	2	0.666666666666667	TRUE	FALSE	
2114	3	3	1	FALSE	FALSE	
2115	3	1	0.333333333333333	TRUE	FALSE	
2116	1	1	1	FALSE	FALSE	
2117	3	1	0.333333333333333	TRUE	FALSE	
2118	2	1	0.5	TRUE	FALSE	
2119	5	3	0.6	TRUE	FALSE	
212	2	2	1	FALSE	FALSE	
2120	4	4	1	FALSE	FALSE	
2121	3	2	0.666666666666667	TRUE	FALSE	
2122	4	4	1	FALSE	FALSE	
2123	1	1	1	FALSE	FALSE	
2124	1	1	1	FALSE	FALSE	
2125	1	1	1	FALSE	FALSE	
2128	1	1	1	FALSE	FALSE	
213	5	4	0.8	TRUE	FALSE	
2130	4	4	1	FALSE	FALSE	
2131	3	3	1	FALSE	FALSE	
2132	2	2	1	FALSE	FALSE	
2134	1	1	1	FALSE	FALSE	
2135	1	1	1	FALSE	FALSE	
2137	2	2	1	FALSE	FALSE	
2138	2	2	1	FALSE	FALSE	
2139	1	1	1	FALSE	FALSE	
214	3	3	1	FALSE	FALSE	
2140	4	1	0.25	TRUE	FALSE	
2145	5	4	0.8	TRUE	FALSE	
2146	1	1	1	FALSE	FALSE	
2147	1	1	1	FALSE	FALSE	
2149	1	1	1	FALSE	FALSE	
2150	2	1	0.5	TRUE	FALSE	
2151	2	1	0.5	TRUE	FALSE	
2152	1	1	1	FALSE	FALSE	
2153	3	3	1	FALSE	FALSE	
2155	2	1	0.5	TRUE	FALSE	
2157	1	1	1	FALSE	FALSE	
2158	1	1	1	FALSE	FALSE	
2159	1	1	1	FALSE	FALSE	
216	1	1	1	FALSE	FALSE	
2160	4	3	0.75	TRUE	FALSE	
2161	1	1	1	FALSE	FALSE	
2162	1	1	1	FALSE	FALSE	
2165	1	1	1	FALSE	FALSE	
2166	1	1	1	FALSE	FALSE	
2167	2	2	1	FALSE	FALSE	
2168	2	1	0.5	TRUE	FALSE	
2169	1	1	1	FALSE	FALSE	
217	1	1	1	FALSE	FALSE	
2170	2	2	1	FALSE	FALSE	
2171	1	1	1	FALSE	FALSE	
2172	3	3	1	FALSE	FALSE	
2173	3	1	0.333333333333333	TRUE	FALSE	
2175	4	3	0.75	TRUE	FALSE	
2176	3	1	0.333333333333333	TRUE	FALSE	
2177	3	3	1	FALSE	FALSE	
2178	1	1	1	FALSE	FALSE	
218	1	1	1	FALSE	FALSE	
2180	2	2	1	FALSE	FALSE	
2181	3	3	1	FALSE	FALSE	
2182	3	3	1	FALSE	FALSE	
2184	2	2	1	FALSE	FALSE	
2185	2	1	0.5	TRUE	FALSE	
2186	5	5	1	FALSE	FALSE	
2187	4	2	0.5	TRUE	FALSE	
2188	2	2	1	FALSE	FALSE	
2189	1	1	1	FALSE	FALSE	
219	1	1	1	FALSE	FALSE	
2191	1	1	1	FALSE	FALSE	
2192	5	4	0.8	TRUE	FALSE	
219285	3	2	0.666666666666667	TRUE	FALSE	
219287	3	3	1	FALSE	FALSE	
219293	1	1	1	FALSE	FALSE	
2193	2	2	1	FALSE	FALSE	
219333	1	1	1	FALSE	FALSE	
219347	1	1	1	FALSE	FALSE	
219348	1	1	1	FALSE	FALSE	
2194	1	1	1	FALSE	FALSE	
219402	2	2	1	FALSE	FALSE	
219409	2	1	0.5	TRUE	FALSE	
2195	1	1	1	FALSE	FALSE	
219525	2	2	1	FALSE	FALSE	
219527	1	1	1	FALSE	FALSE	
219537	1	1	1	FALSE	FALSE	
219539	1	1	1	FALSE	FALSE	
219541	2	2	1	FALSE	FALSE	
219557	1	1	1	FALSE	FALSE	
219578	1	1	1	FALSE	FALSE	
2196	1	1	1	FALSE	FALSE	
219621	1	1	1	FALSE	FALSE	
219623	1	1	1	FALSE	FALSE	
219654	2	2	1	FALSE	FALSE	
219670	1	1	1	FALSE	FALSE	
219681	1	1	1	FALSE	FALSE	
219699	3	3	1	FALSE	FALSE	
2197	1	1	1	FALSE	FALSE	
219731	2	2	1	FALSE	FALSE	
219736	2	2	1	FALSE	FALSE	
219738	1	1	1	FALSE	FALSE	
219743	3	2	0.666666666666667	TRUE	FALSE	
219749	2	2	1	FALSE	FALSE	
219770	1	1	1	FALSE	FALSE	
219771	4	1	0.25	TRUE	FALSE	
219790	2	1	0.5	TRUE	FALSE	
219793	1	1	1	FALSE	FALSE	
219833	1	1	1	FALSE	FALSE	
219844	1	1	1	FALSE	FALSE	
219854	3	2	0.666666666666667	TRUE	FALSE	
219855	1	1	1	FALSE	FALSE	
219899	2	2	1	FALSE	FALSE	
2199	1	1	1	FALSE	FALSE	
219902	3	3	1	FALSE	FALSE	
219927	1	1	1	FALSE	FALSE	
219931	5	2	0.4	TRUE	FALSE	
219938	1	1	1	FALSE	FALSE	
219970	1	1	1	FALSE	FALSE	
219972	2	2	1	FALSE	FALSE	
219988	5	5	1	FALSE	FALSE	
219990	1	1	1	FALSE	FALSE	
219995	1	1	1	FALSE	FALSE	
22	1	1	1	FALSE	FALSE	
220	1	1	1	FALSE	FALSE	
2200	3	3	1	FALSE	FALSE	
220001	1	1	1	FALSE	FALSE	
220002	1	1	1	FALSE	FALSE	
220004	1	1	1	FALSE	FALSE	
220042	1	1	1	FALSE	FALSE	
220047	1	1	1	FALSE	FALSE	
220064	2	2	1	FALSE	FALSE	
220070	1	1	1	FALSE	FALSE	
220074	2	1	0.5	TRUE	FALSE	
220077	2	2	1	FALSE	FALSE	
220082	2	1	0.5	TRUE	FALSE	
2201	3	2	0.666666666666667	TRUE	FALSE	
220107	1	1	1	FALSE	FALSE	
220108	5	4	0.8	TRUE	FALSE	
220136	2	1	0.5	TRUE	FALSE	
220164	3	2	0.666666666666667	TRUE	FALSE	
2202	3	3	1	FALSE	FALSE	
220202	2	2	1	FALSE	FALSE	
220213	2	2	1	FALSE	FALSE	
220296	1	1	1	FALSE	FALSE	
2203	1	1	1	FALSE	FALSE	
220323	2	1	0.5	TRUE	FALSE	
220359	1	1	1	FALSE	FALSE	
220382	3	2	0.666666666666667	TRUE	FALSE	
220388	1	1	1	FALSE	FALSE	
2204	3	2	0.666666666666667	TRUE	FALSE	
220416	1	1	1	FALSE	FALSE	
220441	2	2	1	FALSE	FALSE	
2205	2	2	1	FALSE	FALSE	
220594	1	1	1	FALSE	FALSE	
2206	2	2	1	FALSE	FALSE	
2207	2	2	1	FALSE	FALSE	
2208	2	2	1	FALSE	FALSE	
220929	2	2	1	FALSE	FALSE	
220930	1	1	1	FALSE	FALSE	
220963	1	1	1	FALSE	FALSE	
220965	2	2	1	FALSE	FALSE	
220972	2	2	1	FALSE	FALSE	
220979	1	1	1	FALSE	FALSE	
220980	1	1	1	FALSE	FALSE	
220988	3	3	1	FALSE	FALSE	
220992	1	1	1	FALSE	FALSE	
221	3	3	1	FALSE	FALSE	
221002	2	1	0.5	TRUE	FALSE	
221035	2	2	1	FALSE	FALSE	
221037	6	3	0.5	TRUE	FALSE	
221044	1	1	1	FALSE	FALSE	
221061	1	1	1	FALSE	FALSE	
221074	1	1	1	FALSE	FALSE	
221078	2	2	1	FALSE	FALSE	
221079	2	2	1	FALSE	FALSE	
221091	1	1	1	FALSE	FALSE	
221092	2	1	0.5	TRUE	FALSE	
221120	1	1	1	FALSE	FALSE	
221122	2	1	0.5	TRUE	FALSE	
221143	1	1	1	FALSE	FALSE	
221150	1	1	1	FALSE	FALSE	
221154	1	1	1	FALSE	FALSE	
221178	4	3	0.75	TRUE	FALSE	
221184	1	1	1	FALSE	FALSE	
221188	2	2	1	FALSE	FALSE	
221191	1	1	1	FALSE	FALSE	
2212	1	1	1	FALSE	FALSE	
221223	1	1	1	FALSE	FALSE	
221241	1	1	1	FALSE	FALSE	
221262	1	1	1	FALSE	FALSE	
221264	3	2	0.666666666666667	TRUE	FALSE	
221294	4	4	1	FALSE	FALSE	
2213	1	1	1	FALSE	FALSE	
221301	1	1	1	FALSE	FALSE	
221302	1	1	1	FALSE	FALSE	
221303	1	1	1	FALSE	FALSE	
221322	2	1	0.5	TRUE	FALSE	
221336	2	2	1	FALSE	FALSE	
221391	2	2	1	FALSE	FALSE	
221393	2	1	0.5	TRUE	FALSE	
221395	2	2	1	FALSE	FALSE	
221400	1	1	1	FALSE	FALSE	
221409	1	1	1	FALSE	FALSE	
221416	1	1	1	FALSE	FALSE	
221421	1	1	1	FALSE	FALSE	
221424	1	1	1	FALSE	FALSE	
221438	1	1	1	FALSE	FALSE	
221442	2	1	0.5	TRUE	FALSE	
221443	2	1	0.5	TRUE	FALSE	
221458	5	4	0.8	TRUE	FALSE	
221468	1	1	1	FALSE	FALSE	
221472	6	4	0.666666666666667	TRUE	FALSE	
221476	1	1	1	FALSE	FALSE	
221477	5	3	0.6	TRUE	FALSE	
221481	1	1	1	FALSE	FALSE	
221491	1	1	1	FALSE	FALSE	
221496	1	1	1	FALSE	FALSE	
2215	1	1	1	FALSE	FALSE	
221527	1	1	1	FALSE	FALSE	
221545	2	2	1	FALSE	FALSE	
221584	1	1	1	FALSE	FALSE	
221656	2	1	0.5	TRUE	FALSE	
221662	1	1	1	FALSE	FALSE	
221687	1	1	1	FALSE	FALSE	
221692	3	3	1	FALSE	FALSE	
2217	1	1	1	FALSE	FALSE	
221710	3	1	0.333333333333333	TRUE	FALSE	
221711	1	1	1	FALSE	FALSE	
221718	1	1	1	FALSE	FALSE	
221749	2	2	1	FALSE	FALSE	
221756	1	1	1	FALSE	FALSE	
221785	3	3	1	FALSE	FALSE	
221786	2	1	0.5	TRUE	FALSE	
2218	1	1	1	FALSE	FALSE	
221806	2	2	1	FALSE	FALSE	
221823	1	1	1	FALSE	FALSE	
221830	2	2	1	FALSE	FALSE	
221833	2	2	1	FALSE	FALSE	
221883	2	2	1	FALSE	FALSE	
221895	2	2	1	FALSE	FALSE	
2219	2	1	0.5	TRUE	FALSE	
221908	1	1	1	FALSE	FALSE	
221914	1	1	1	FALSE	FALSE	
221927	1	1	1	FALSE	FALSE	
221935	2	2	1	FALSE	FALSE	
221937	4	2	0.5	TRUE	FALSE	
221938	2	2	1	FALSE	FALSE	
221946	1	1	1	FALSE	FALSE	
221955	4	3	0.75	TRUE	FALSE	
221960	1	1	1	FALSE	FALSE	
221981	4	4	1	FALSE	FALSE	
222	2	2	1	FALSE	FALSE	
2220	3	3	1	FALSE	FALSE	
222008	3	3	1	FALSE	FALSE	
222029	1	1	1	FALSE	FALSE	
222068	5	4	0.8	TRUE	FALSE	
222161	1	1	1	FALSE	FALSE	
222166	2	2	1	FALSE	FALSE	
222171	1	1	1	FALSE	FALSE	
222183	3	2	0.666666666666667	TRUE	FALSE	
222194	3	2	0.666666666666667	TRUE	FALSE	
2222	3	2	0.666666666666667	TRUE	FALSE	
222223	2	2	1	FALSE	FALSE	
222229	1	1	1	FALSE	FALSE	
222234	2	1	0.5	TRUE	TRUE	1556373_a_at
222235	2	2	1	FALSE	FALSE	
222236	4	3	0.75	TRUE	FALSE	
222255	4	2	0.5	TRUE	FALSE	
222256	2	2	1	FALSE	FALSE	
222389	3	3	1	FALSE	FALSE	
2224	1	1	1	FALSE	FALSE	
222484	1	1	1	FALSE	FALSE	
222487	2	2	1	FALSE	FALSE	
222537	1	1	1	FALSE	FALSE	
222545	1	1	1	FALSE	FALSE	
222546	1	1	1	FALSE	FALSE	
222553	1	1	1	FALSE	FALSE	
222584	2	2	1	FALSE	FALSE	
222611	1	1	1	FALSE	FALSE	
222642	1	1	1	FALSE	FALSE	
222643	1	1	1	FALSE	FALSE	
222658	3	2	0.666666666666667	TRUE	FALSE	
222659	1	1	1	FALSE	FALSE	
222662	1	1	1	FALSE	FALSE	
222663	4	3	0.75	TRUE	FALSE	
222696	2	1	0.5	TRUE	FALSE	
222698	2	2	1	FALSE	FALSE	
222826	2	2	1	FALSE	FALSE	
222865	1	1	1	FALSE	FALSE	
222894	1	1	1	FALSE	FALSE	
222950	1	1	1	FALSE	FALSE	
222962	2	2	1	FALSE	FALSE	
223	1	1	1	FALSE	FALSE	
2230	3	3	1	FALSE	FALSE	
223075	2	1	0.5	TRUE	FALSE	
223082	2	2	1	FALSE	FALSE	
223117	2	2	1	FALSE	FALSE	
2232	1	1	1	FALSE	FALSE	
2235	3	3	1	FALSE	FALSE	
2237	2	2	1	FALSE	FALSE	
2239	2	2	1	FALSE	FALSE	
224	3	3	1	FALSE	FALSE	
2241	3	3	1	FALSE	FALSE	
2242	1	1	1	FALSE	FALSE	
2243	3	3	1	FALSE	FALSE	
2244	2	1	0.5	TRUE	FALSE	
2245	1	1	1	FALSE	FALSE	
2246	3	3	1	FALSE	FALSE	
2247	2	2	1	FALSE	FALSE	
2248	1	1	1	FALSE	FALSE	
2249	1	1	1	FALSE	FALSE	
225	1	1	1	FALSE	FALSE	
2250	2	1	0.5	TRUE	FALSE	
2251	1	1	1	FALSE	FALSE	
2252	3	2	0.666666666666667	TRUE	FALSE	
2253	1	1	1	FALSE	FALSE	
2254	2	2	1	FALSE	FALSE	
2255	1	1	1	FALSE	FALSE	
2256	2	2	1	FALSE	FALSE	
225689	2	1	0.5	TRUE	FALSE	
2257	3	1	0.333333333333333	TRUE	FALSE	
2258	2	2	1	FALSE	FALSE	
2259	5	2	0.4	TRUE	FALSE	
2260	5	4	0.8	TRUE	FALSE	
2261	2	1	0.5	TRUE	FALSE	
2262	1	1	1	FALSE	FALSE	
2263	10	4	0.4	TRUE	FALSE	
2264	4	2	0.5	TRUE	FALSE	
2266	1	1	1	FALSE	FALSE	
2267	1	1	1	FALSE	FALSE	
2268	1	1	1	FALSE	FALSE	
2271	1	1	1	FALSE	FALSE	
2272	1	1	1	FALSE	FALSE	
2273	4	4	1	FALSE	FALSE	
2274	1	1	1	FALSE	FALSE	
2275	1	1	1	FALSE	FALSE	
22794	1	1	1	FALSE	FALSE	
22795	1	1	1	FALSE	FALSE	
22796	2	2	1	FALSE	FALSE	
22797	2	2	1	FALSE	FALSE	
22798	3	3	1	FALSE	FALSE	
228	1	1	1	FALSE	FALSE	
2280	4	2	0.5	TRUE	FALSE	
22800	3	3	1	FALSE	FALSE	
22801	3	1	0.333333333333333	TRUE	FALSE	
22802	1	1	1	FALSE	FALSE	
22803	2	1	0.5	TRUE	FALSE	
22806	3	3	1	FALSE	FALSE	
22807	3	1	0.333333333333333	TRUE	FALSE	
22808	2	2	1	FALSE	FALSE	
22809	3	3	1	FALSE	FALSE	
2281	1	1	1	FALSE	FALSE	
22818	2	2	1	FALSE	FALSE	
22820	1	1	1	FALSE	FALSE	
22821	3	2	0.666666666666667	TRUE	FALSE	
22822	6	2	0.333333333333333	TRUE	FALSE	
22823	5	5	1	FALSE	FALSE	
22824	2	2	1	FALSE	FALSE	
22826	2	2	1	FALSE	FALSE	
22827	1	1	1	FALSE	FALSE	
22828	1	1	1	FALSE	FALSE	
22829	2	1	0.5	TRUE	FALSE	
22832	2	2	1	FALSE	FALSE	
22834	4	4	1	FALSE	FALSE	
22836	6	6	1	FALSE	FALSE	
22837	5	5	1	FALSE	FALSE	
22838	1	1	1	FALSE	FALSE	
22839	4	1	0.25	TRUE	FALSE	
22841	2	2	1	FALSE	FALSE	
22843	2	2	1	FALSE	FALSE	
22844	1	1	1	FALSE	FALSE	
22845	1	1	1	FALSE	FALSE	
22846	5	3	0.6	TRUE	FALSE	
22847	3	1	0.333333333333333	TRUE	FALSE	
22848	7	5	0.714285714285714	TRUE	FALSE	
22849	4	3	0.75	TRUE	FALSE	
22850	2	2	1	FALSE	FALSE	
22852	2	2	1	FALSE	FALSE	
22853	3	2	0.666666666666667	TRUE	FALSE	
22854	4	1	0.25	TRUE	FALSE	
22856	1	1	1	FALSE	FALSE	
22858	2	2	1	FALSE	FALSE	
22859	3	2	0.666666666666667	TRUE	FALSE	
2286	1	1	1	FALSE	FALSE	
22861	2	1	0.5	TRUE	FALSE	
22862	4	3	0.75	TRUE	FALSE	
22863	1	1	1	FALSE	FALSE	
22864	1	1	1	FALSE	FALSE	
22865	1	1	1	FALSE	FALSE	
22866	3	3	1	FALSE	FALSE	
22868	3	2	0.666666666666667	TRUE	FALSE	
22869	2	2	1	FALSE	FALSE	
2287	2	1	0.5	TRUE	FALSE	
22870	1	1	1	FALSE	FALSE	
22871	2	2	1	FALSE	FALSE	
22872	2	2	1	FALSE	FALSE	
22873	2	2	1	FALSE	FALSE	
22874	2	2	1	FALSE	FALSE	
22875	2	2	1	FALSE	FALSE	
22876	3	2	0.666666666666667	TRUE	FALSE	
22877	4	2	0.5	TRUE	FALSE	
22878	1	1	1	FALSE	FALSE	
22879	3	3	1	FALSE	FALSE	
2288	3	3	1	FALSE	FALSE	
22880	3	3	1	FALSE	FALSE	
22881	2	2	1	FALSE	FALSE	
22882	2	2	1	FALSE	FALSE	
22883	1	1	1	FALSE	FALSE	
22884	3	2	0.666666666666667	TRUE	FALSE	
22885	1	1	1	FALSE	FALSE	
22887	2	1	0.5	TRUE	FALSE	
22888	2	2	1	FALSE	FALSE	
22889	2	2	1	FALSE	FALSE	
2289	3	3	1	FALSE	FALSE	
22890	2	1	0.5	TRUE	FALSE	
22891	2	1	0.5	TRUE	FALSE	
22893	1	1	1	FALSE	FALSE	
22894	5	5	1	FALSE	FALSE	
22895	1	1	1	FALSE	FALSE	
22897	3	3	1	FALSE	FALSE	
22898	2	2	1	FALSE	FALSE	
22899	1	1	1	FALSE	FALSE	
229	5	4	0.8	TRUE	FALSE	
2290	2	2	1	FALSE	FALSE	
22900	4	2	0.5	TRUE	FALSE	
22901	1	1	1	FALSE	FALSE	
22902	7	6	0.857142857142857	TRUE	FALSE	
22903	1	1	1	FALSE	FALSE	
22904	2	1	0.5	TRUE	FALSE	
22905	2	2	1	FALSE	FALSE	
22906	5	2	0.4	TRUE	FALSE	
22907	5	4	0.8	TRUE	FALSE	
22908	1	1	1	FALSE	FALSE	
22909	2	1	0.5	TRUE	FALSE	
22911	1	1	1	FALSE	FALSE	
22913	1	1	1	FALSE	FALSE	
22915	1	1	1	FALSE	FALSE	
22916	2	2	1	FALSE	FALSE	
22917	1	1	1	FALSE	FALSE	
22918	2	1	0.5	TRUE	FALSE	
22919	2	1	0.5	TRUE	FALSE	
22920	1	1	1	FALSE	FALSE	
22921	3	3	1	FALSE	FALSE	
22924	3	2	0.666666666666667	TRUE	FALSE	
22925	4	4	1	FALSE	FALSE	
22926	4	2	0.5	TRUE	FALSE	
22927	3	3	1	FALSE	FALSE	
22928	1	1	1	FALSE	FALSE	
22929	3	3	1	FALSE	FALSE	
22930	4	3	0.75	TRUE	FALSE	
22931	6	4	0.666666666666667	TRUE	FALSE	
22932	1	1	1	FALSE	FALSE	
22933	2	1	0.5	TRUE	TRUE	220605_s_at
22934	1	1	1	FALSE	FALSE	
22936	4	4	1	FALSE	FALSE	
22937	1	1	1	FALSE	FALSE	
22938	2	2	1	FALSE	FALSE	
2294	1	1	1	FALSE	FALSE	
22941	6	3	0.5	TRUE	FALSE	
22943	1	1	1	FALSE	FALSE	
22944	2	1	0.5	TRUE	FALSE	
22948	2	2	1	FALSE	FALSE	
22949	3	2	0.666666666666667	TRUE	FALSE	
2295	1	1	1	FALSE	FALSE	
22950	2	2	1	FALSE	FALSE	
22953	1	1	1	FALSE	FALSE	
22954	2	1	0.5	TRUE	FALSE	
22955	1	1	1	FALSE	FALSE	
2296	2	2	1	FALSE	FALSE	
2297	1	1	1	FALSE	FALSE	
22973	1	1	1	FALSE	FALSE	
22974	1	1	1	FALSE	FALSE	
22976	1	1	1	FALSE	FALSE	
22978	1	1	1	FALSE	FALSE	
22979	3	2	0.666666666666667	TRUE	FALSE	
2298	1	1	1	FALSE	FALSE	
22980	3	2	0.666666666666667	TRUE	FALSE	
22981	1	1	1	FALSE	FALSE	
22982	3	3	1	FALSE	FALSE	
22983	1	1	1	FALSE	FALSE	
22984	2	2	1	FALSE	FALSE	
22985	1	1	1	FALSE	FALSE	
22986	1	1	1	FALSE	FALSE	
22987	4	4	1	FALSE	FALSE	
22989	1	1	1	FALSE	FALSE	
2299	1	1	1	FALSE	FALSE	
22990	6	5	0.833333333333333	TRUE	FALSE	
22992	3	3	1	FALSE	FALSE	
22993	2	2	1	FALSE	FALSE	
22994	1	1	1	FALSE	FALSE	
22995	6	6	1	FALSE	FALSE	
22996	3	2	0.666666666666667	TRUE	FALSE	
22997	2	1	0.5	TRUE	FALSE	
22998	4	4	1	FALSE	FALSE	
22999	3	2	0.666666666666667	TRUE	FALSE	
23	1	1	1	FALSE	FALSE	
230	1	1	1	FALSE	FALSE	
2300	2	1	0.5	TRUE	FALSE	
23001	4	3	0.75	TRUE	FALSE	
23002	5	4	0.8	TRUE	FALSE	
23005	2	1	0.5	TRUE	FALSE	
23007	3	1	0.333333333333333	TRUE	FALSE	
23008	5	3	0.6	TRUE	FALSE	
2301	1	1	1	FALSE	FALSE	
23011	4	3	0.75	TRUE	FALSE	
23012	2	2	1	FALSE	FALSE	
23013	4	2	0.5	TRUE	FALSE	
23014	3	2	0.666666666666667	TRUE	FALSE	
23015	1	1	1	FALSE	FALSE	
23016	2	2	1	FALSE	FALSE	
23017	2	2	1	FALSE	FALSE	
23019	3	2	0.666666666666667	TRUE	FALSE	
2302	1	1	1	FALSE	FALSE	
23020	4	3	0.75	TRUE	FALSE	
23022	4	4	1	FALSE	FALSE	
23023	6	4	0.666666666666667	TRUE	TRUE	237943_at
23024	3	2	0.666666666666667	TRUE	FALSE	
23025	2	1	0.5	TRUE	FALSE	
23026	2	2	1	FALSE	FALSE	
23028	1	1	1	FALSE	FALSE	
23029	1	1	1	FALSE	FALSE	
2303	2	1	0.5	TRUE	FALSE	
23030	8	6	0.75	TRUE	FALSE	
23031	1	1	1	FALSE	FALSE	
23032	3	3	1	FALSE	FALSE	
23033	4	3	0.75	TRUE	FALSE	
23034	4	4	1	FALSE	FALSE	
23035	2	2	1	FALSE	FALSE	
23036	3	2	0.666666666666667	TRUE	FALSE	
23037	3	3	1	FALSE	FALSE	
23038	2	2	1	FALSE	FALSE	
23039	3	2	0.666666666666667	TRUE	FALSE	
2304	2	2	1	FALSE	FALSE	
23040	4	1	0.25	TRUE	FALSE	
23041	3	2	0.666666666666667	TRUE	FALSE	
23042	7	5	0.714285714285714	TRUE	FALSE	
23043	4	4	1	FALSE	FALSE	
23046	1	1	1	FALSE	FALSE	
23047	5	2	0.4	TRUE	FALSE	
23048	4	4	1	FALSE	FALSE	
23049	4	4	1	FALSE	FALSE	
23051	2	1	0.5	TRUE	FALSE	
23052	2	2	1	FALSE	FALSE	
23053	2	2	1	FALSE	FALSE	
23054	2	1	0.5	TRUE	FALSE	
23057	4	1	0.25	TRUE	FALSE	
23059	3	2	0.666666666666667	TRUE	FALSE	
2306	1	1	1	FALSE	FALSE	
23060	3	2	0.666666666666667	TRUE	FALSE	
23061	1	1	1	FALSE	FALSE	
23062	7	5	0.714285714285714	TRUE	FALSE	
23063	4	1	0.25	TRUE	FALSE	
23064	3	1	0.333333333333333	TRUE	FALSE	
23065	5	3	0.6	TRUE	FALSE	
23066	2	2	1	FALSE	FALSE	
23067	1	1	1	FALSE	FALSE	
2307	1	1	1	FALSE	FALSE	
23070	1	1	1	FALSE	FALSE	
23071	3	3	1	FALSE	FALSE	
23072	3	2	0.666666666666667	TRUE	FALSE	
23074	5	4	0.8	TRUE	FALSE	
23075	3	2	0.666666666666667	TRUE	FALSE	
23076	2	1	0.5	TRUE	FALSE	
23077	3	3	1	FALSE	FALSE	
23078	2	2	1	FALSE	FALSE	
2308	3	3	1	FALSE	FALSE	
23080	6	5	0.833333333333333	TRUE	FALSE	
23081	4	4	1	FALSE	FALSE	
23082	1	1	1	FALSE	FALSE	
23085	6	5	0.833333333333333	TRUE	FALSE	
23086	3	2	0.666666666666667	TRUE	FALSE	
23087	1	1	1	FALSE	FALSE	
23089	2	2	1	FALSE	FALSE	
2309	4	2	0.5	TRUE	FALSE	
23090	1	1	1	FALSE	FALSE	
23091	3	3	1	FALSE	FALSE	
23092	3	3	1	FALSE	FALSE	
23093	6	4	0.666666666666667	TRUE	FALSE	
23094	4	3	0.75	TRUE	FALSE	
23095	4	3	0.75	TRUE	FALSE	
23096	3	1	0.333333333333333	TRUE	FALSE	
23097	4	4	1	FALSE	FALSE	
23098	3	3	1	FALSE	FALSE	
23099	3	2	0.666666666666667	TRUE	FALSE	
231	1	1	1	FALSE	FALSE	
23102	4	2	0.5	TRUE	FALSE	
23105	2	1	0.5	TRUE	FALSE	
23107	2	2	1	FALSE	FALSE	
23108	1	1	1	FALSE	FALSE	
23111	3	2	0.666666666666667	TRUE	FALSE	
23112	6	5	0.833333333333333	TRUE	FALSE	
23113	2	1	0.5	TRUE	FALSE	
23114	4	3	0.75	TRUE	FALSE	
23116	1	1	1	FALSE	FALSE	
23118	3	1	0.333333333333333	TRUE	FALSE	
23119	5	3	0.6	TRUE	FALSE	
2312	1	1	1	FALSE	FALSE	
23120	2	2	1	FALSE	FALSE	
23122	6	2	0.333333333333333	TRUE	FALSE	
23125	1	1	1	FALSE	FALSE	
23126	1	1	1	FALSE	FALSE	
23127	2	1	0.5	TRUE	FALSE	
23129	3	3	1	FALSE	FALSE	
2313	4	4	1	FALSE	FALSE	
23130	1	1	1	FALSE	FALSE	
23131	2	2	1	FALSE	FALSE	
23132	3	1	0.333333333333333	TRUE	FALSE	
23133	3	1	0.333333333333333	TRUE	FALSE	
23135	5	5	1	FALSE	FALSE	
23136	3	3	1	FALSE	FALSE	
23137	2	2	1	FALSE	FALSE	
23138	1	1	1	FALSE	FALSE	
23139	4	2	0.5	TRUE	FALSE	
2314	2	2	1	FALSE	FALSE	
23140	3	2	0.666666666666667	TRUE	FALSE	
23141	3	1	0.333333333333333	TRUE	FALSE	
23142	3	3	1	FALSE	FALSE	
23143	3	2	0.666666666666667	TRUE	FALSE	
23144	2	1	0.5	TRUE	FALSE	
23145	1	1	1	FALSE	FALSE	
23148	1	1	1	FALSE	FALSE	
23149	1	1	1	FALSE	FALSE	
2315	2	2	1	FALSE	FALSE	
23150	3	2	0.666666666666667	TRUE	FALSE	
23151	3	3	1	FALSE	FALSE	
23152	1	1	1	FALSE	FALSE	
23154	3	2	0.666666666666667	TRUE	FALSE	
23155	3	3	1	FALSE	FALSE	
23157	4	3	0.75	TRUE	FALSE	
23158	2	2	1	FALSE	FALSE	
2316	1	1	1	FALSE	FALSE	
23160	1	1	1	FALSE	FALSE	
23161	4	2	0.5	TRUE	FALSE	
23162	5	3	0.6	TRUE	FALSE	
23163	2	2	1	FALSE	FALSE	
23164	4	3	0.75	TRUE	FALSE	
23165	1	1	1	FALSE	FALSE	
23166	4	3	0.75	TRUE	FALSE	
23167	2	2	1	FALSE	FALSE	
23168	3	2	0.666666666666667	TRUE	FALSE	
23169	3	2	0.666666666666667	TRUE	FALSE	
2317	2	2	1	FALSE	FALSE	
23170	2	2	1	FALSE	FALSE	
23171	1	1	1	FALSE	FALSE	
23172	2	2	1	FALSE	FALSE	
23173	1	1	1	FALSE	FALSE	
23174	3	1	0.333333333333333	TRUE	FALSE	
23175	3	3	1	FALSE	FALSE	
23176	3	2	0.666666666666667	TRUE	TRUE	226627_at
23177	5	1	0.2	TRUE	TRUE	207971_s_at
23178	2	2	1	FALSE	FALSE	
23179	1	1	1	FALSE	FALSE	
2318	1	1	1	FALSE	FALSE	
23180	2	2	1	FALSE	FALSE	
23181	6	5	0.833333333333333	TRUE	FALSE	
23184	4	3	0.75	TRUE	FALSE	
23185	6	5	0.833333333333333	TRUE	FALSE	
23186	1	1	1	FALSE	FALSE	
23187	2	2	1	FALSE	FALSE	
23189	5	3	0.6	TRUE	TRUE	213005_s_at
2319	2	2	1	FALSE	FALSE	
23190	3	3	1	FALSE	FALSE	
23191	1	1	1	FALSE	FALSE	
23192	1	1	1	FALSE	FALSE	
23193	1	1	1	FALSE	FALSE	
23194	1	1	1	FALSE	FALSE	
23195	3	2	0.666666666666667	TRUE	FALSE	
23196	9	6	0.666666666666667	TRUE	FALSE	
23197	2	2	1	FALSE	FALSE	
23198	3	3	1	FALSE	FALSE	
23199	3	1	0.333333333333333	TRUE	FALSE	
23200	6	3	0.5	TRUE	FALSE	
23201	2	2	1	FALSE	FALSE	
23203	1	1	1	FALSE	FALSE	
23204	1	1	1	FALSE	FALSE	
23205	2	2	1	FALSE	FALSE	
23207	1	1	1	FALSE	FALSE	
23208	2	1	0.5	TRUE	FALSE	
23209	1	1	1	FALSE	FALSE	
2321	6	4	0.666666666666667	TRUE	FALSE	
23210	4	2	0.5	TRUE	FALSE	
23211	2	1	0.5	TRUE	FALSE	
23212	1	1	1	FALSE	FALSE	
23213	3	3	1	FALSE	FALSE	
23215	3	3	1	FALSE	FALSE	
23216	4	3	0.75	TRUE	FALSE	
23217	2	1	0.5	TRUE	FALSE	
23218	2	1	0.5	TRUE	FALSE	
23219	5	4	0.8	TRUE	FALSE	
2322	1	1	1	FALSE	FALSE	
23220	1	1	1	FALSE	FALSE	
23221	2	2	1	FALSE	FALSE	
23223	3	2	0.666666666666667	TRUE	TRUE	216913_s_at
23224	5	4	0.8	TRUE	FALSE	
23225	5	5	1	FALSE	FALSE	
23228	3	3	1	FALSE	FALSE	
23229	2	2	1	FALSE	FALSE	
2323	2	2	1	FALSE	FALSE	
23230	5	3	0.6	TRUE	FALSE	
23231	4	2	0.5	TRUE	FALSE	
23232	2	2	1	FALSE	FALSE	
23233	2	1	0.5	TRUE	FALSE	
23234	2	1	0.5	TRUE	FALSE	
23235	4	4	1	FALSE	FALSE	
23236	2	2	1	FALSE	FALSE	
23237	1	1	1	FALSE	FALSE	
23239	2	2	1	FALSE	FALSE	
2324	3	2	0.666666666666667	TRUE	FALSE	
23240	2	2	1	FALSE	FALSE	
23241	4	3	0.75	TRUE	FALSE	
23242	2	2	1	FALSE	FALSE	
23243	4	3	0.75	TRUE	FALSE	
23244	4	2	0.5	TRUE	FALSE	
23245	3	3	1	FALSE	FALSE	
23246	2	1	0.5	TRUE	FALSE	
23247	1	1	1	FALSE	FALSE	
23248	3	2	0.666666666666667	TRUE	FALSE	
23250	6	4	0.666666666666667	TRUE	FALSE	
23251	1	1	1	FALSE	FALSE	
23252	1	1	1	FALSE	FALSE	
23253	3	3	1	FALSE	FALSE	
23254	4	1	0.25	TRUE	TRUE	213752_at
23255	1	1	1	FALSE	FALSE	
23256	2	1	0.5	TRUE	FALSE	
23258	1	1	1	FALSE	FALSE	
23259	1	1	1	FALSE	FALSE	
2326	1	1	1	FALSE	FALSE	
23261	6	3	0.5	TRUE	FALSE	
23262	1	1	1	FALSE	FALSE	
23263	8	5	0.625	TRUE	FALSE	
23264	4	2	0.5	TRUE	FALSE	
23265	5	3	0.6	TRUE	FALSE	
23266	2	1	0.5	TRUE	TRUE	206953_s_at
23268	2	1	0.5	TRUE	FALSE	
23269	3	2	0.666666666666667	TRUE	FALSE	
2327	2	2	1	FALSE	FALSE	
23270	1	1	1	FALSE	FALSE	
23271	3	1	0.333333333333333	TRUE	FALSE	
23272	3	2	0.666666666666667	TRUE	FALSE	
23274	2	2	1	FALSE	FALSE	
23275	4	2	0.5	TRUE	FALSE	
23276	3	3	1	FALSE	FALSE	
23277	2	1	0.5	TRUE	FALSE	
23279	3	2	0.666666666666667	TRUE	FALSE	
2328	2	2	1	FALSE	FALSE	
23281	3	3	1	FALSE	FALSE	
23283	2	2	1	FALSE	FALSE	
23284	3	3	1	FALSE	FALSE	
23286	6	4	0.666666666666667	TRUE	FALSE	
23287	3	1	0.333333333333333	TRUE	TRUE	204500_s_at
23288	2	1	0.5	TRUE	FALSE	
2329	1	1	1	FALSE	FALSE	
23291	2	1	0.5	TRUE	FALSE	
23293	2	2	1	FALSE	FALSE	
23294	1	1	1	FALSE	FALSE	
23295	1	1	1	FALSE	FALSE	
23299	4	4	1	FALSE	FALSE	
2330	4	4	1	FALSE	FALSE	
23300	2	2	1	FALSE	FALSE	
23301	2	2	1	FALSE	FALSE	
23303	1	1	1	FALSE	FALSE	
23304	4	1	0.25	TRUE	FALSE	
23305	3	2	0.666666666666667	TRUE	FALSE	
23306	2	1	0.5	TRUE	FALSE	
23307	6	4	0.666666666666667	TRUE	FALSE	
23308	1	1	1	FALSE	FALSE	
23309	3	3	1	FALSE	FALSE	
2331	1	1	1	FALSE	FALSE	
23310	1	1	1	FALSE	FALSE	
23312	2	2	1	FALSE	FALSE	
23313	3	2	0.666666666666667	TRUE	FALSE	
23314	2	2	1	FALSE	FALSE	
23315	1	1	1	FALSE	FALSE	
23316	2	2	1	FALSE	FALSE	
23317	3	2	0.666666666666667	TRUE	FALSE	
23318	2	2	1	FALSE	FALSE	
2332	1	1	1	FALSE	FALSE	
23321	6	4	0.666666666666667	TRUE	FALSE	
23322	2	1	0.5	TRUE	TRUE	213959_s_at
23324	1	1	1	FALSE	FALSE	
23325	3	3	1	FALSE	FALSE	
23326	5	1	0.2	TRUE	FALSE	
23327	4	3	0.75	TRUE	FALSE	
23328	3	3	1	FALSE	FALSE	
23329	3	3	1	FALSE	FALSE	
23331	4	3	0.75	TRUE	FALSE	
23332	2	1	0.5	TRUE	FALSE	
23333	5	2	0.4	TRUE	FALSE	
23334	4	2	0.5	TRUE	FALSE	
23335	2	1	0.5	TRUE	FALSE	
23336	1	1	1	FALSE	FALSE	
23338	3	3	1	FALSE	FALSE	
23339	1	1	1	FALSE	FALSE	
2334	3	3	1	FALSE	FALSE	
23341	3	2	0.666666666666667	TRUE	FALSE	
23344	1	1	1	FALSE	FALSE	
23345	5	5	1	FALSE	FALSE	
23347	6	5	0.833333333333333	TRUE	FALSE	
23348	6	3	0.5	TRUE	FALSE	
23349	2	1	0.5	TRUE	FALSE	
2335	4	4	1	FALSE	FALSE	
23350	5	5	1	FALSE	FALSE	
23351	2	2	1	FALSE	FALSE	
23352	5	1	0.2	TRUE	FALSE	
23353	4	2	0.5	TRUE	TRUE	230210_at
23354	3	3	1	FALSE	FALSE	
23355	3	2	0.666666666666667	TRUE	FALSE	
23357	3	3	1	FALSE	FALSE	
23358	3	2	0.666666666666667	TRUE	FALSE	
23359	1	1	1	FALSE	FALSE	
23360	3	2	0.666666666666667	TRUE	FALSE	
23361	1	1	1	FALSE	FALSE	
23362	3	3	1	FALSE	FALSE	
23363	6	5	0.833333333333333	TRUE	FALSE	
23365	13	6	0.461538461538462	TRUE	FALSE	
23366	1	1	1	FALSE	FALSE	
23367	2	2	1	FALSE	FALSE	
23368	1	1	1	FALSE	FALSE	
23369	3	2	0.666666666666667	TRUE	FALSE	
23370	1	1	1	FALSE	FALSE	
23371	1	1	1	FALSE	FALSE	
23373	1	1	1	FALSE	FALSE	
23376	3	2	0.666666666666667	TRUE	FALSE	
23378	3	3	1	FALSE	FALSE	
23379	1	1	1	FALSE	FALSE	
23380	4	2	0.5	TRUE	FALSE	
23381	2	2	1	FALSE	FALSE	
23382	2	1	0.5	TRUE	FALSE	
23383	5	4	0.8	TRUE	FALSE	
23384	1	1	1	FALSE	FALSE	
23385	2	1	0.5	TRUE	FALSE	
23386	2	1	0.5	TRUE	FALSE	
23387	6	3	0.5	TRUE	FALSE	
23389	5	5	1	FALSE	FALSE	
2339	3	2	0.666666666666667	TRUE	FALSE	
23390	3	3	1	FALSE	FALSE	
23392	4	3	0.75	TRUE	FALSE	
23394	2	2	1	FALSE	FALSE	
23395	2	2	1	FALSE	FALSE	
23396	1	1	1	FALSE	FALSE	
23397	1	1	1	FALSE	FALSE	
23398	2	1	0.5	TRUE	FALSE	
23399	1	1	1	FALSE	FALSE	
23400	1	1	1	FALSE	FALSE	
23401	1	1	1	FALSE	FALSE	
23403	1	1	1	FALSE	FALSE	
23404	3	3	1	FALSE	FALSE	
23405	6	3	0.5	TRUE	FALSE	
23406	2	1	0.5	TRUE	FALSE	
23408	6	6	1	FALSE	FALSE	
23409	2	2	1	FALSE	FALSE	
23410	3	3	1	FALSE	FALSE	
23411	1	1	1	FALSE	FALSE	
23412	1	1	1	FALSE	FALSE	
23413	5	2	0.4	TRUE	FALSE	
23414	1	1	1	FALSE	FALSE	
23415	1	1	1	FALSE	FALSE	
23416	1	1	1	FALSE	FALSE	
23417	2	2	1	FALSE	FALSE	
23418	2	2	1	FALSE	FALSE	
2342	1	1	1	FALSE	FALSE	
23421	1	1	1	FALSE	FALSE	
23423	4	2	0.5	TRUE	FALSE	
23424	1	1	1	FALSE	FALSE	
23426	2	1	0.5	TRUE	FALSE	
23428	4	4	1	FALSE	FALSE	
23429	4	1	0.25	TRUE	FALSE	
23430	1	1	1	FALSE	FALSE	
23431	4	2	0.5	TRUE	FALSE	
23432	5	2	0.4	TRUE	FALSE	
23433	6	5	0.833333333333333	TRUE	FALSE	
23434	1	1	1	FALSE	FALSE	
23435	2	2	1	FALSE	FALSE	
23438	1	1	1	FALSE	FALSE	
23439	2	2	1	FALSE	FALSE	
23440	1	1	1	FALSE	FALSE	
23443	3	2	0.666666666666667	TRUE	FALSE	
23446	6	4	0.666666666666667	TRUE	TRUE	228485_s_at
23450	2	2	1	FALSE	FALSE	
23451	3	3	1	FALSE	FALSE	
23452	4	4	1	FALSE	FALSE	
23456	1	1	1	FALSE	FALSE	
23457	3	2	0.666666666666667	TRUE	FALSE	
2346	1	1	1	FALSE	FALSE	
23460	1	1	1	FALSE	FALSE	
23461	2	2	1	FALSE	FALSE	
23462	2	2	1	FALSE	FALSE	
23463	2	1	0.5	TRUE	FALSE	
23464	2	2	1	FALSE	FALSE	
23466	2	2	1	FALSE	FALSE	
23467	2	1	0.5	TRUE	FALSE	
23468	8	7	0.875	TRUE	FALSE	
23469	4	2	0.5	TRUE	FALSE	
23471	3	1	0.333333333333333	TRUE	FALSE	
23473	2	2	1	FALSE	FALSE	
23474	1	1	1	FALSE	FALSE	
23475	4	4	1	FALSE	FALSE	
23476	7	4	0.571428571428571	TRUE	FALSE	
23478	2	2	1	FALSE	FALSE	
23479	1	1	1	FALSE	FALSE	
2348	2	1	0.5	TRUE	FALSE	
23480	1	1	1	FALSE	FALSE	
23481	2	1	0.5	TRUE	FALSE	
23483	2	1	0.5	TRUE	TRUE	208249_s_at
23484	2	2	1	FALSE	FALSE	
23491	2	1	0.5	TRUE	FALSE	
23492	1	1	1	FALSE	FALSE	
23493	2	1	0.5	TRUE	FALSE	
23495	1	1	1	FALSE	FALSE	
23498	1	1	1	FALSE	FALSE	
23499	5	4	0.8	TRUE	FALSE	
2350	2	2	1	FALSE	FALSE	
23500	1	1	1	FALSE	FALSE	
23503	2	2	1	FALSE	FALSE	
23504	4	1	0.25	TRUE	FALSE	
23505	2	1	0.5	TRUE	FALSE	
23506	2	2	1	FALSE	FALSE	
23507	3	1	0.333333333333333	TRUE	FALSE	
23508	2	2	1	FALSE	FALSE	
23509	2	2	1	FALSE	FALSE	
23510	2	1	0.5	TRUE	FALSE	
23511	3	2	0.666666666666667	TRUE	FALSE	
23512	3	3	1	FALSE	FALSE	
23513	1	1	1	FALSE	FALSE	
23514	4	3	0.75	TRUE	FALSE	
23515	1	1	1	FALSE	FALSE	
23516	3	2	0.666666666666667	TRUE	FALSE	
23517	3	2	0.666666666666667	TRUE	FALSE	
23518	2	1	0.5	TRUE	FALSE	
23519	1	1	1	FALSE	FALSE	
2352	1	1	1	FALSE	FALSE	
23520	1	1	1	FALSE	FALSE	
23522	3	2	0.666666666666667	TRUE	FALSE	
23523	2	2	1	FALSE	FALSE	
23524	4	2	0.5	TRUE	FALSE	
23526	2	2	1	FALSE	FALSE	
23527	3	2	0.666666666666667	TRUE	FALSE	
23528	3	3	1	FALSE	FALSE	
23529	1	1	1	FALSE	FALSE	
2353	1	1	1	FALSE	FALSE	
23530	4	4	1	FALSE	FALSE	
23531	2	2	1	FALSE	FALSE	
23532	1	1	1	FALSE	FALSE	
23533	3	3	1	FALSE	FALSE	
23534	3	3	1	FALSE	FALSE	
23536	1	1	1	FALSE	FALSE	
23538	1	1	1	FALSE	FALSE	
23539	1	1	1	FALSE	FALSE	
2354	1	1	1	FALSE	FALSE	
23541	5	3	0.6	TRUE	FALSE	
23542	3	1	0.333333333333333	TRUE	FALSE	
23543	3	2	0.666666666666667	TRUE	FALSE	
23544	3	3	1	FALSE	FALSE	
23545	5	3	0.6	TRUE	FALSE	
23546	1	1	1	FALSE	FALSE	
23547	1	1	1	FALSE	FALSE	
23548	2	2	1	FALSE	FALSE	
23549	3	3	1	FALSE	FALSE	
2355	5	2	0.4	TRUE	FALSE	
23550	3	3	1	FALSE	FALSE	
23551	1	1	1	FALSE	FALSE	
23552	1	1	1	FALSE	FALSE	
23553	1	1	1	FALSE	FALSE	
23554	3	1	0.333333333333333	TRUE	FALSE	
23555	1	1	1	FALSE	FALSE	
23556	2	2	1	FALSE	FALSE	
23557	1	1	1	FALSE	FALSE	
23558	1	1	1	FALSE	FALSE	
2356	1	1	1	FALSE	FALSE	
23560	3	2	0.666666666666667	TRUE	FALSE	
23562	1	1	1	FALSE	FALSE	
23564	1	1	1	FALSE	FALSE	
23566	2	1	0.5	TRUE	FALSE	
23567	3	3	1	FALSE	FALSE	
23568	1	1	1	FALSE	FALSE	
23569	3	1	0.333333333333333	TRUE	FALSE	
2357	2	1	0.5	TRUE	FALSE	
23576	3	1	0.333333333333333	TRUE	FALSE	
2358	2	2	1	FALSE	FALSE	
23580	1	1	1	FALSE	FALSE	
23581	1	1	1	FALSE	FALSE	
23582	1	1	1	FALSE	FALSE	
23583	3	3	1	FALSE	FALSE	
23584	2	2	1	FALSE	FALSE	
23585	2	2	1	FALSE	FALSE	
23586	2	2	1	FALSE	FALSE	
23587	2	2	1	FALSE	FALSE	
23588	1	1	1	FALSE	FALSE	
23589	4	2	0.5	TRUE	FALSE	
2359	2	2	1	FALSE	FALSE	
23590	2	2	1	FALSE	FALSE	
23591	1	1	1	FALSE	FALSE	
23592	1	1	1	FALSE	FALSE	
23593	2	2	1	FALSE	FALSE	
23595	1	1	1	FALSE	FALSE	
23596	1	1	1	FALSE	FALSE	
23597	1	1	1	FALSE	FALSE	
23598	5	1	0.2	TRUE	TRUE	209431_s_at
23600	3	1	0.333333333333333	TRUE	FALSE	
23601	1	1	1	FALSE	FALSE	
23603	2	2	1	FALSE	FALSE	
23604	2	2	1	FALSE	FALSE	
23607	2	1	0.5	TRUE	FALSE	
23608	2	2	1	FALSE	FALSE	
23609	2	2	1	FALSE	FALSE	
23612	2	2	1	FALSE	FALSE	
23613	6	5	0.833333333333333	TRUE	FALSE	
23614	1	1	1	FALSE	FALSE	
23615	1	1	1	FALSE	FALSE	
23616	1	1	1	FALSE	FALSE	
23617	1	1	1	FALSE	FALSE	
23619	1	1	1	FALSE	FALSE	
23620	1	1	1	FALSE	FALSE	
23621	4	4	1	FALSE	FALSE	
23623	1	1	1	FALSE	FALSE	
23624	2	1	0.5	TRUE	FALSE	
23625	2	2	1	FALSE	FALSE	
23626	1	1	1	FALSE	FALSE	
23627	2	2	1	FALSE	FALSE	
23629	2	2	1	FALSE	FALSE	
23630	1	1	1	FALSE	FALSE	
23632	1	1	1	FALSE	FALSE	
23633	4	3	0.75	TRUE	FALSE	
23635	6	6	1	FALSE	FALSE	
23636	3	3	1	FALSE	FALSE	
23639	2	2	1	FALSE	FALSE	
23640	1	1	1	FALSE	FALSE	
23641	1	1	1	FALSE	FALSE	
23642	1	1	1	FALSE	FALSE	
23643	1	1	1	FALSE	FALSE	
23644	1	1	1	FALSE	FALSE	
23645	2	2	1	FALSE	FALSE	
23646	1	1	1	FALSE	FALSE	
23647	1	1	1	FALSE	FALSE	
23648	2	1	0.5	TRUE	FALSE	
23649	3	2	0.666666666666667	TRUE	FALSE	
23650	3	2	0.666666666666667	TRUE	FALSE	
23654	2	1	0.5	TRUE	TRUE	208890_s_at
23657	3	2	0.666666666666667	TRUE	FALSE	
23658	3	2	0.666666666666667	TRUE	FALSE	
23659	1	1	1	FALSE	FALSE	
23660	2	1	0.5	TRUE	TRUE	203731_s_at
23670	1	1	1	FALSE	FALSE	
23671	3	2	0.666666666666667	TRUE	FALSE	
23673	2	2	1	FALSE	FALSE	
23676	1	1	1	FALSE	FALSE	
23677	2	2	1	FALSE	FALSE	
23682	1	1	1	FALSE	FALSE	
23683	4	2	0.5	TRUE	TRUE	218236_s_at
23704	3	3	1	FALSE	FALSE	
23705	5	4	0.8	TRUE	FALSE	
23708	1	1	1	FALSE	FALSE	
23710	2	2	1	FALSE	FALSE	
23729	1	1	1	FALSE	FALSE	
23731	3	3	1	FALSE	FALSE	
23732	3	2	0.666666666666667	TRUE	FALSE	
23741	3	3	1	FALSE	FALSE	
23742	1	1	1	FALSE	FALSE	
23743	3	3	1	FALSE	FALSE	
23746	2	2	1	FALSE	FALSE	
23753	1	1	1	FALSE	FALSE	
23759	2	2	1	FALSE	FALSE	
23760	1	1	1	FALSE	FALSE	
23761	1	1	1	FALSE	FALSE	
23762	3	2	0.666666666666667	TRUE	FALSE	
23764	2	2	1	FALSE	FALSE	
23765	4	2	0.5	TRUE	FALSE	
23766	1	1	1	FALSE	FALSE	
23767	2	2	1	FALSE	FALSE	
23768	3	3	1	FALSE	FALSE	
23769	1	1	1	FALSE	FALSE	
23770	3	2	0.666666666666667	TRUE	FALSE	
23779	1	1	1	FALSE	FALSE	
23780	1	1	1	FALSE	FALSE	
23786	4	4	1	FALSE	FALSE	
23787	1	1	1	FALSE	FALSE	
23788	2	2	1	FALSE	FALSE	
238	2	2	1	FALSE	FALSE	
239	1	1	1	FALSE	FALSE	
2395	2	1	0.5	TRUE	FALSE	
24	2	1	0.5	TRUE	FALSE	
240	4	1	0.25	TRUE	FALSE	
241	1	1	1	FALSE	FALSE	
24137	1	1	1	FALSE	FALSE	
24138	2	2	1	FALSE	FALSE	
24139	4	2	0.5	TRUE	FALSE	
24140	2	2	1	FALSE	FALSE	
24141	1	1	1	FALSE	FALSE	
24142	1	1	1	FALSE	FALSE	
24144	2	1	0.5	TRUE	FALSE	
24145	4	3	0.75	TRUE	FALSE	
24146	2	1	0.5	TRUE	FALSE	
24147	1	1	1	FALSE	FALSE	
24148	1	1	1	FALSE	FALSE	
24149	2	1	0.5	TRUE	FALSE	
242	1	1	1	FALSE	FALSE	
2444	2	2	1	FALSE	FALSE	
245	1	1	1	FALSE	FALSE	
245711	1	1	1	FALSE	FALSE	
245802	1	1	1	FALSE	FALSE	
245806	1	1	1	FALSE	FALSE	
245812	2	1	0.5	TRUE	FALSE	
245911	1	1	1	FALSE	FALSE	
245928	1	1	1	FALSE	FALSE	
245932	2	1	0.5	TRUE	FALSE	
245934	1	1	1	FALSE	FALSE	
245935	1	1	1	FALSE	FALSE	
245936	1	1	1	FALSE	FALSE	
245937	1	1	1	FALSE	FALSE	
245938	1	1	1	FALSE	FALSE	
245972	2	2	1	FALSE	FALSE	
245973	2	2	1	FALSE	FALSE	
246	1	1	1	FALSE	FALSE	
246119	1	1	1	FALSE	FALSE	
246122	1	1	1	FALSE	FALSE	
246126	5	3	0.6	TRUE	FALSE	
246175	5	3	0.6	TRUE	FALSE	
246176	1	1	1	FALSE	FALSE	
246184	1	1	1	FALSE	FALSE	
246213	1	1	1	FALSE	FALSE	
246243	4	4	1	FALSE	FALSE	
246269	2	2	1	FALSE	FALSE	
246312	2	2	1	FALSE	FALSE	
246329	1	1	1	FALSE	FALSE	
246330	1	1	1	FALSE	FALSE	
246704	1	1	1	FALSE	FALSE	
246705	1	1	1	FALSE	FALSE	
246721	1	1	1	FALSE	FALSE	
246744	1	1	1	FALSE	FALSE	
246777	1	1	1	FALSE	FALSE	
246778	1	1	1	FALSE	FALSE	
247	2	2	1	FALSE	FALSE	
2475	2	2	1	FALSE	FALSE	
248	2	2	1	FALSE	FALSE	
2483	1	1	1	FALSE	FALSE	
2487	3	2	0.666666666666667	TRUE	FALSE	
2488	1	1	1	FALSE	FALSE	
249	2	2	1	FALSE	FALSE	
2491	4	2	0.5	TRUE	FALSE	
2492	1	1	1	FALSE	FALSE	
2494	4	3	0.75	TRUE	FALSE	
2495	2	2	1	FALSE	FALSE	
25	1	1	1	FALSE	FALSE	
251	1	1	1	FALSE	FALSE	
2515	1	1	1	FALSE	FALSE	
2516	1	1	1	FALSE	FALSE	
2517	2	2	1	FALSE	FALSE	
2519	1	1	1	FALSE	FALSE	
2520	1	1	1	FALSE	FALSE	
2521	5	5	1	FALSE	FALSE	
2523	1	1	1	FALSE	FALSE	
2524	2	1	0.5	TRUE	FALSE	
2525	1	1	1	FALSE	FALSE	
2526	2	2	1	FALSE	FALSE	
2527	1	1	1	FALSE	FALSE	
2528	1	1	1	FALSE	FALSE	
252839	2	2	1	FALSE	FALSE	
252884	5	4	0.8	TRUE	FALSE	
2529	2	2	1	FALSE	FALSE	
252969	1	1	1	FALSE	FALSE	
252983	3	3	1	FALSE	FALSE	
252995	3	3	1	FALSE	FALSE	
2530	2	2	1	FALSE	FALSE	
253012	1	1	1	FALSE	FALSE	
253017	1	1	1	FALSE	FALSE	
253018	1	1	1	FALSE	FALSE	
253039	4	1	0.25	TRUE	FALSE	
253044	1	1	1	FALSE	FALSE	
2531	3	1	0.333333333333333	TRUE	TRUE	1558279_a_at
253128	1	1	1	FALSE	FALSE	
253143	4	2	0.5	TRUE	FALSE	
253152	1	1	1	FALSE	FALSE	
2532	1	1	1	FALSE	FALSE	
253260	4	4	1	FALSE	FALSE	
253264	1	1	1	FALSE	FALSE	
2533	5	3	0.6	TRUE	FALSE	
2534	3	3	1	FALSE	FALSE	
253430	2	2	1	FALSE	FALSE	
253461	5	5	1	FALSE	FALSE	
2535	2	2	1	FALSE	FALSE	
253512	2	2	1	FALSE	FALSE	
253558	1	1	1	FALSE	FALSE	
253559	4	4	1	FALSE	FALSE	
253573	1	1	1	FALSE	FALSE	
253635	2	2	1	FALSE	FALSE	
253639	1	1	1	FALSE	FALSE	
253650	2	2	1	FALSE	FALSE	
2537	1	1	1	FALSE	FALSE	
253724	2	2	1	FALSE	FALSE	
253738	3	3	1	FALSE	FALSE	
253769	6	3	0.5	TRUE	FALSE	
253782	4	4	1	FALSE	FALSE	
2538	2	2	1	FALSE	FALSE	
253827	5	5	1	FALSE	FALSE	
253832	2	2	1	FALSE	FALSE	
253868	2	2	1	FALSE	FALSE	
2539	1	1	1	FALSE	FALSE	
253943	2	2	1	FALSE	FALSE	
253959	5	4	0.8	TRUE	FALSE	
253962	1	1	1	FALSE	FALSE	
253970	1	1	1	FALSE	FALSE	
253980	2	2	1	FALSE	FALSE	
253982	2	1	0.5	TRUE	FALSE	
254013	5	1	0.2	TRUE	FALSE	
254028	1	1	1	FALSE	FALSE	
254042	4	4	1	FALSE	FALSE	
254048	5	4	0.8	TRUE	FALSE	
254050	2	1	0.5	TRUE	FALSE	
254065	3	2	0.666666666666667	TRUE	FALSE	
254099	1	1	1	FALSE	FALSE	
254100	1	1	1	FALSE	FALSE	
254102	4	4	1	FALSE	FALSE	
254122	2	2	1	FALSE	FALSE	
254128	2	2	1	FALSE	FALSE	
254158	1	1	1	FALSE	FALSE	
254170	2	2	1	FALSE	FALSE	
254173	3	3	1	FALSE	FALSE	
254187	1	1	1	FALSE	FALSE	
2542	2	2	1	FALSE	FALSE	
254225	1	1	1	FALSE	FALSE	
254228	2	2	1	FALSE	FALSE	
254240	1	1	1	FALSE	FALSE	
254251	3	2	0.666666666666667	TRUE	FALSE	
254263	1	1	1	FALSE	FALSE	
254268	3	2	0.666666666666667	TRUE	FALSE	
254295	1	1	1	FALSE	FALSE	
2543	1	1	1	FALSE	FALSE	
254312	1	1	1	FALSE	FALSE	
254359	1	1	1	FALSE	FALSE	
254394	3	2	0.666666666666667	TRUE	FALSE	
254427	2	2	1	FALSE	FALSE	
254428	1	1	1	FALSE	FALSE	
254439	1	1	1	FALSE	FALSE	
254528	1	1	1	FALSE	FALSE	
254531	4	2	0.5	TRUE	FALSE	
254559	2	1	0.5	TRUE	FALSE	
2547	2	2	1	FALSE	FALSE	
254773	1	1	1	FALSE	FALSE	
254778	3	2	0.666666666666667	TRUE	FALSE	
2548	1	1	1	FALSE	FALSE	
254827	2	2	1	FALSE	FALSE	
254863	1	1	1	FALSE	FALSE	
254887	1	1	1	FALSE	FALSE	
2549	7	1	0.142857142857143	TRUE	FALSE	
254956	1	1	1	FALSE	FALSE	
254958	1	1	1	FALSE	FALSE	
2550	2	2	1	FALSE	FALSE	
255022	1	1	1	FALSE	FALSE	
255025	1	1	1	FALSE	FALSE	
255027	1	1	1	FALSE	FALSE	
255031	3	1	0.333333333333333	TRUE	FALSE	
255043	1	1	1	FALSE	FALSE	
255057	2	2	1	FALSE	FALSE	
255061	1	1	1	FALSE	FALSE	
255082	5	5	1	FALSE	FALSE	
2551	2	2	1	FALSE	FALSE	
255101	1	1	1	FALSE	FALSE	
255104	2	2	1	FALSE	FALSE	
255119	1	1	1	FALSE	FALSE	
255130	1	1	1	FALSE	FALSE	
255167	1	1	1	FALSE	FALSE	
255189	1	1	1	FALSE	FALSE	
255220	1	1	1	FALSE	FALSE	
255231	2	2	1	FALSE	FALSE	
255252	2	2	1	FALSE	FALSE	
255275	1	1	1	FALSE	FALSE	
255330	1	1	1	FALSE	FALSE	
255374	1	1	1	FALSE	FALSE	
255394	6	5	0.833333333333333	TRUE	FALSE	
2554	2	2	1	FALSE	FALSE	
255403	2	2	1	FALSE	FALSE	
255411	1	1	1	FALSE	FALSE	
255426	1	1	1	FALSE	FALSE	
255480	4	1	0.25	TRUE	FALSE	
255488	4	4	1	FALSE	FALSE	
2555	5	2	0.4	TRUE	FALSE	
255512	1	1	1	FALSE	FALSE	
255520	4	4	1	FALSE	FALSE	
2556	1	1	1	FALSE	FALSE	
255626	1	1	1	FALSE	FALSE	
255631	1	1	1	FALSE	FALSE	
255654	1	1	1	FALSE	FALSE	
2557	2	1	0.5	TRUE	FALSE	
255738	1	1	1	FALSE	FALSE	
255743	2	2	1	FALSE	FALSE	
255758	1	1	1	FALSE	FALSE	
255762	1	1	1	FALSE	FALSE	
255783	1	1	1	FALSE	FALSE	
255798	1	1	1	FALSE	FALSE	
2558	2	1	0.5	TRUE	FALSE	
255812	1	1	1	FALSE	FALSE	
255877	4	3	0.75	TRUE	FALSE	
2559	1	1	1	FALSE	FALSE	
255919	1	1	1	FALSE	FALSE	
255926	2	1	0.5	TRUE	FALSE	
255928	1	1	1	FALSE	FALSE	
255967	1	1	1	FALSE	FALSE	
2560	4	4	1	FALSE	FALSE	
256006	1	1	1	FALSE	FALSE	
256021	1	1	1	FALSE	FALSE	
256051	1	1	1	FALSE	FALSE	
256076	2	2	1	FALSE	FALSE	
2561	3	3	1	FALSE	FALSE	
256126	1	1	1	FALSE	FALSE	
256130	2	2	1	FALSE	FALSE	
256158	2	2	1	FALSE	FALSE	
2562	6	5	0.833333333333333	TRUE	FALSE	
256223	1	1	1	FALSE	FALSE	
256227	1	1	1	FALSE	FALSE	
256236	2	2	1	FALSE	FALSE	
256281	2	1	0.5	TRUE	FALSE	
2563	2	2	1	FALSE	FALSE	
256302	2	2	1	FALSE	FALSE	
256309	1	1	1	FALSE	FALSE	
256329	1	1	1	FALSE	FALSE	
256356	2	2	1	FALSE	FALSE	
256364	1	1	1	FALSE	FALSE	
256369	3	2	0.666666666666667	TRUE	FALSE	
256380	5	3	0.6	TRUE	FALSE	
2564	1	1	1	FALSE	FALSE	
256435	1	1	1	FALSE	FALSE	
256471	3	2	0.666666666666667	TRUE	FALSE	
256472	1	1	1	FALSE	FALSE	
2565	2	2	1	FALSE	FALSE	
256536	1	1	1	FALSE	FALSE	
256586	1	1	1	FALSE	FALSE	
2566	2	2	1	FALSE	FALSE	
256643	1	1	1	FALSE	FALSE	
256646	2	2	1	FALSE	FALSE	
256691	1	1	1	FALSE	FALSE	
2567	2	1	0.5	TRUE	FALSE	
256710	1	1	1	FALSE	FALSE	
256714	1	1	1	FALSE	FALSE	
256764	4	3	0.75	TRUE	FALSE	
2568	1	1	1	FALSE	FALSE	
256815	2	1	0.5	TRUE	FALSE	
2569	1	1	1	FALSE	FALSE	
256933	1	1	1	FALSE	FALSE	
256949	1	1	1	FALSE	FALSE	
256957	1	1	1	FALSE	FALSE	
256979	1	1	1	FALSE	FALSE	
256987	1	1	1	FALSE	FALSE	
257	1	1	1	FALSE	FALSE	
2570	1	1	1	FALSE	FALSE	
257000	3	2	0.666666666666667	TRUE	FALSE	
257019	3	2	0.666666666666667	TRUE	FALSE	
257044	2	1	0.5	TRUE	FALSE	
257062	1	1	1	FALSE	FALSE	
257068	2	1	0.5	TRUE	FALSE	
2571	3	3	1	FALSE	FALSE	
257101	1	1	1	FALSE	FALSE	
257106	2	2	1	FALSE	FALSE	
257144	1	1	1	FALSE	FALSE	
257160	1	1	1	FALSE	FALSE	
257169	1	1	1	FALSE	FALSE	
257177	1	1	1	FALSE	FALSE	
257194	3	3	1	FALSE	FALSE	
2572	4	4	1	FALSE	FALSE	
257203	1	1	1	FALSE	FALSE	
257218	1	1	1	FALSE	FALSE	
257236	1	1	1	FALSE	FALSE	
257240	2	2	1	FALSE	FALSE	
257313	1	1	1	FALSE	FALSE	
257358	2	2	1	FALSE	FALSE	
257364	2	2	1	FALSE	FALSE	
257396	1	1	1	FALSE	FALSE	
257397	4	4	1	FALSE	FALSE	
257407	3	2	0.666666666666667	TRUE	FALSE	
25758	3	2	0.666666666666667	TRUE	FALSE	
25759	1	1	1	FALSE	FALSE	
257629	1	1	1	FALSE	FALSE	
25763	1	1	1	FALSE	FALSE	
25764	1	1	1	FALSE	FALSE	
25766	1	1	1	FALSE	FALSE	
25769	2	1	0.5	TRUE	FALSE	
25770	1	1	1	FALSE	FALSE	
25771	3	3	1	FALSE	FALSE	
25775	1	1	1	FALSE	FALSE	
25776	2	2	1	FALSE	FALSE	
25777	1	1	1	FALSE	FALSE	
25778	4	2	0.5	TRUE	FALSE	
25780	2	1	0.5	TRUE	FALSE	
25782	5	4	0.8	TRUE	FALSE	
25786	1	1	1	FALSE	FALSE	
25788	1	1	1	FALSE	FALSE	
25789	1	1	1	FALSE	FALSE	
25790	1	1	1	FALSE	FALSE	
25791	2	1	0.5	TRUE	FALSE	
25792	3	1	0.333333333333333	TRUE	FALSE	
25793	2	2	1	FALSE	FALSE	
25794	1	1	1	FALSE	FALSE	
25796	4	3	0.75	TRUE	FALSE	
25797	1	1	1	FALSE	FALSE	
25798	3	1	0.333333333333333	TRUE	TRUE	223376_s_at
25799	1	1	1	FALSE	FALSE	
258	1	1	1	FALSE	FALSE	
2580	3	3	1	FALSE	FALSE	
25800	4	4	1	FALSE	FALSE	
25801	1	1	1	FALSE	FALSE	
258010	4	4	1	FALSE	FALSE	
25802	2	2	1	FALSE	FALSE	
25804	3	2	0.666666666666667	TRUE	FALSE	
25805	1	1	1	FALSE	FALSE	
25806	1	1	1	FALSE	FALSE	
25807	2	2	1	FALSE	FALSE	
25809	1	1	1	FALSE	FALSE	
2581	2	1	0.5	TRUE	FALSE	
25813	4	3	0.75	TRUE	FALSE	
25814	2	2	1	FALSE	FALSE	
25816	2	2	1	FALSE	FALSE	
25817	3	3	1	FALSE	FALSE	
25818	1	1	1	FALSE	FALSE	
25819	2	1	0.5	TRUE	FALSE	
2582	2	2	1	FALSE	FALSE	
25820	6	4	0.666666666666667	TRUE	FALSE	
25821	2	2	1	FALSE	FALSE	
25822	2	1	0.5	TRUE	FALSE	
25823	1	1	1	FALSE	FALSE	
25824	2	2	1	FALSE	FALSE	
25825	2	2	1	FALSE	FALSE	
25827	1	1	1	FALSE	FALSE	
25828	2	2	1	FALSE	FALSE	
25829	1	1	1	FALSE	FALSE	
2583	2	1	0.5	TRUE	FALSE	
25830	1	1	1	FALSE	FALSE	
25831	6	2	0.333333333333333	TRUE	FALSE	
25833	2	2	1	FALSE	FALSE	
25834	2	2	1	FALSE	FALSE	
25836	5	4	0.8	TRUE	FALSE	
25837	2	2	1	FALSE	FALSE	
25839	1	1	1	FALSE	FALSE	
2584	2	1	0.5	TRUE	FALSE	
25840	2	1	0.5	TRUE	TRUE	207761_s_at
25841	2	2	1	FALSE	FALSE	
25842	2	1	0.5	TRUE	FALSE	
25843	1	1	1	FALSE	FALSE	
25844	1	1	1	FALSE	FALSE	
25847	2	1	0.5	TRUE	FALSE	
25849	2	2	1	FALSE	FALSE	
2585	2	1	0.5	TRUE	FALSE	
25850	1	1	1	FALSE	FALSE	
25851	3	2	0.666666666666667	TRUE	FALSE	
25852	5	1	0.2	TRUE	FALSE	
25853	1	1	1	FALSE	FALSE	
25854	3	3	1	FALSE	FALSE	
25855	1	1	1	FALSE	FALSE	
25859	3	3	1	FALSE	FALSE	
25861	2	2	1	FALSE	FALSE	
25862	7	4	0.571428571428571	TRUE	FALSE	
25864	1	1	1	FALSE	FALSE	
25865	2	2	1	FALSE	FALSE	
2587	1	1	1	FALSE	FALSE	
25870	1	1	1	FALSE	FALSE	
25871	2	1	0.5	TRUE	FALSE	
25873	1	1	1	FALSE	FALSE	
25874	2	2	1	FALSE	FALSE	
25875	1	1	1	FALSE	FALSE	
25876	1	1	1	FALSE	FALSE	
25878	1	1	1	FALSE	FALSE	
25879	4	4	1	FALSE	FALSE	
2588	2	1	0.5	TRUE	FALSE	
25880	1	1	1	FALSE	FALSE	
25884	1	1	1	FALSE	FALSE	
25885	3	2	0.666666666666667	TRUE	FALSE	
25886	2	2	1	FALSE	FALSE	
25888	2	2	1	FALSE	FALSE	
2589	4	4	1	FALSE	FALSE	
25890	3	1	0.333333333333333	TRUE	FALSE	
25891	1	1	1	FALSE	FALSE	
25893	2	2	1	FALSE	FALSE	
25894	1	1	1	FALSE	FALSE	
25895	1	1	1	FALSE	FALSE	
25896	3	3	1	FALSE	FALSE	
25897	2	2	1	FALSE	FALSE	
25898	3	2	0.666666666666667	TRUE	FALSE	
259	2	1	0.5	TRUE	FALSE	
2590	4	4	1	FALSE	FALSE	
25900	2	2	1	FALSE	FALSE	
25901	1	1	1	FALSE	FALSE	
25902	3	1	0.333333333333333	TRUE	FALSE	
25903	1	1	1	FALSE	FALSE	
25904	1	1	1	FALSE	FALSE	
25906	1	1	1	FALSE	FALSE	
25907	1	1	1	FALSE	FALSE	
25909	2	2	1	FALSE	FALSE	
2591	2	2	1	FALSE	FALSE	
25911	2	2	1	FALSE	FALSE	
25912	3	2	0.666666666666667	TRUE	FALSE	
25913	2	2	1	FALSE	FALSE	
25914	3	2	0.666666666666667	TRUE	FALSE	
25915	1	1	1	FALSE	FALSE	
25917	3	1	0.333333333333333	TRUE	FALSE	
259173	3	2	0.666666666666667	TRUE	FALSE	
259197	1	1	1	FALSE	FALSE	
2592	2	2	1	FALSE	FALSE	
25920	1	1	1	FALSE	FALSE	
25921	2	2	1	FALSE	FALSE	
259217	2	2	1	FALSE	FALSE	
25923	3	2	0.666666666666667	TRUE	FALSE	
259230	1	1	1	FALSE	FALSE	
259232	3	1	0.333333333333333	TRUE	FALSE	
259234	2	1	0.5	TRUE	FALSE	
259236	2	2	1	FALSE	FALSE	
259239	1	1	1	FALSE	FALSE	
25924	2	2	1	FALSE	FALSE	
259240	2	2	1	FALSE	FALSE	
259249	1	1	1	FALSE	FALSE	
25925	2	2	1	FALSE	FALSE	
25926	1	1	1	FALSE	FALSE	
259266	3	3	1	FALSE	FALSE	
25927	1	1	1	FALSE	FALSE	
25928	1	1	1	FALSE	FALSE	
259282	3	1	0.333333333333333	TRUE	FALSE	
259283	2	1	0.5	TRUE	FALSE	
259285	1	1	1	FALSE	FALSE	
259286	1	1	1	FALSE	FALSE	
259287	1	1	1	FALSE	FALSE	
25929	1	1	1	FALSE	FALSE	
259291	1	1	1	FALSE	FALSE	
259294	1	1	1	FALSE	FALSE	
259296	1	1	1	FALSE	FALSE	
2593	3	1	0.333333333333333	TRUE	FALSE	
25930	2	1	0.5	TRUE	FALSE	
259307	1	1	1	FALSE	FALSE	
259308	1	1	1	FALSE	FALSE	
25932	3	3	1	FALSE	FALSE	
25934	1	1	1	FALSE	FALSE	
25936	4	3	0.75	TRUE	FALSE	
25937	3	2	0.666666666666667	TRUE	FALSE	
25938	1	1	1	FALSE	FALSE	
25939	4	4	1	FALSE	FALSE	
25940	2	2	1	FALSE	FALSE	
25941	7	5	0.714285714285714	TRUE	FALSE	
25942	4	3	0.75	TRUE	FALSE	
25943	2	2	1	FALSE	FALSE	
25945	1	1	1	FALSE	FALSE	
25946	1	1	1	FALSE	FALSE	
25948	2	1	0.5	TRUE	FALSE	
25949	2	2	1	FALSE	FALSE	
2595	3	3	1	FALSE	FALSE	
25950	1	1	1	FALSE	FALSE	
25953	3	1	0.333333333333333	TRUE	FALSE	
25956	1	1	1	FALSE	FALSE	
25957	6	6	1	FALSE	FALSE	
25959	3	3	1	FALSE	FALSE	
2596	3	2	0.666666666666667	TRUE	FALSE	
25960	2	2	1	FALSE	FALSE	
25961	2	2	1	FALSE	FALSE	
25962	2	1	0.5	TRUE	FALSE	
25963	4	3	0.75	TRUE	FALSE	
25966	1	1	1	FALSE	FALSE	
25970	2	2	1	FALSE	FALSE	
25972	1	1	1	FALSE	FALSE	
25973	1	1	1	FALSE	FALSE	
25974	1	1	1	FALSE	FALSE	
25975	1	1	1	FALSE	FALSE	
25976	1	1	1	FALSE	FALSE	
25977	1	1	1	FALSE	FALSE	
25978	3	2	0.666666666666667	TRUE	FALSE	
25979	1	1	1	FALSE	FALSE	
25980	1	1	1	FALSE	FALSE	
25981	12	10	0.833333333333333	TRUE	FALSE	
25983	2	2	1	FALSE	FALSE	
25984	1	1	1	FALSE	FALSE	
25987	1	1	1	FALSE	FALSE	
25988	1	1	1	FALSE	FALSE	
25989	1	1	1	FALSE	FALSE	
25992	4	2	0.5	TRUE	FALSE	
25994	2	2	1	FALSE	FALSE	
25996	3	2	0.666666666666667	TRUE	FALSE	
25998	2	1	0.5	TRUE	FALSE	
25999	2	2	1	FALSE	FALSE	
26	1	1	1	FALSE	FALSE	
26000	1	1	1	FALSE	FALSE	
26001	1	1	1	FALSE	FALSE	
26002	3	2	0.666666666666667	TRUE	FALSE	
26003	3	3	1	FALSE	FALSE	
26005	4	2	0.5	TRUE	FALSE	
26007	2	2	1	FALSE	FALSE	
26009	2	2	1	FALSE	FALSE	
26010	4	2	0.5	TRUE	TRUE	215617_at
26011	1	1	1	FALSE	FALSE	
26012	1	1	1	FALSE	FALSE	
26013	6	4	0.666666666666667	TRUE	FALSE	
26015	1	1	1	FALSE	FALSE	
26017	1	1	1	FALSE	FALSE	
26018	3	3	1	FALSE	FALSE	
26019	1	1	1	FALSE	FALSE	
26020	3	3	1	FALSE	FALSE	
26022	1	1	1	FALSE	FALSE	
26027	4	2	0.5	TRUE	FALSE	
260293	1	1	1	FALSE	FALSE	
26030	4	3	0.75	TRUE	FALSE	
26031	2	2	1	FALSE	FALSE	
26032	1	1	1	FALSE	FALSE	
26033	3	3	1	FALSE	FALSE	
26034	1	1	1	FALSE	FALSE	
26035	1	1	1	FALSE	FALSE	
26036	5	3	0.6	TRUE	FALSE	
26037	2	2	1	FALSE	FALSE	
26038	2	2	1	FALSE	FALSE	
26039	1	1	1	FALSE	FALSE	
26040	2	1	0.5	TRUE	FALSE	
260425	2	2	1	FALSE	FALSE	
260429	2	2	1	FALSE	FALSE	
26043	2	2	1	FALSE	FALSE	
260434	1	1	1	FALSE	FALSE	
260436	1	1	1	FALSE	FALSE	
26045	1	1	1	FALSE	FALSE	
26046	3	1	0.333333333333333	TRUE	FALSE	
26047	4	4	1	FALSE	FALSE	
26048	3	3	1	FALSE	FALSE	
26049	2	2	1	FALSE	FALSE	
26050	2	1	0.5	TRUE	FALSE	
26051	3	2	0.666666666666667	TRUE	FALSE	
26052	3	2	0.666666666666667	TRUE	FALSE	
26053	3	2	0.666666666666667	TRUE	FALSE	
26054	3	2	0.666666666666667	TRUE	FALSE	
26056	1	1	1	FALSE	FALSE	
26057	2	2	1	FALSE	FALSE	
26058	4	3	0.75	TRUE	FALSE	
26059	1	1	1	FALSE	FALSE	
26060	2	2	1	FALSE	FALSE	
26061	1	1	1	FALSE	FALSE	
26062	1	1	1	FALSE	FALSE	
26063	1	1	1	FALSE	FALSE	
26064	1	1	1	FALSE	FALSE	
26065	3	2	0.666666666666667	TRUE	FALSE	
26070	2	2	1	FALSE	FALSE	
26071	1	1	1	FALSE	FALSE	
26073	2	1	0.5	TRUE	FALSE	
26074	3	2	0.666666666666667	TRUE	FALSE	
26077	1	1	1	FALSE	FALSE	
26080	1	1	1	FALSE	FALSE	
26082	2	2	1	FALSE	FALSE	
26083	1	1	1	FALSE	FALSE	
26084	3	2	0.666666666666667	TRUE	FALSE	
26085	3	1	0.333333333333333	TRUE	FALSE	
26086	2	1	0.5	TRUE	FALSE	
26088	5	4	0.8	TRUE	FALSE	
26090	3	3	1	FALSE	FALSE	
26091	6	4	0.666666666666667	TRUE	FALSE	
26092	7	3	0.428571428571429	TRUE	TRUE	212409_s_at;216100_s_at
26093	1	1	1	FALSE	FALSE	
26094	2	2	1	FALSE	FALSE	
26095	1	1	1	FALSE	FALSE	
26097	2	1	0.5	TRUE	FALSE	
26098	1	1	1	FALSE	FALSE	
26099	4	2	0.5	TRUE	FALSE	
26100	4	1	0.25	TRUE	FALSE	
26102	2	2	1	FALSE	FALSE	
26103	1	1	1	FALSE	FALSE	
26108	3	2	0.666666666666667	TRUE	FALSE	
26112	2	2	1	FALSE	FALSE	
26115	3	2	0.666666666666667	TRUE	FALSE	
26118	6	5	0.833333333333333	TRUE	FALSE	
26119	2	2	1	FALSE	FALSE	
26121	3	2	0.666666666666667	TRUE	FALSE	
26122	1	1	1	FALSE	FALSE	
26123	2	1	0.5	TRUE	FALSE	
26127	7	3	0.428571428571429	TRUE	TRUE	1556283_s_at
26128	1	1	1	FALSE	FALSE	
26130	3	2	0.666666666666667	TRUE	FALSE	
26133	1	1	1	FALSE	FALSE	
26135	5	4	0.8	TRUE	FALSE	
26136	3	2	0.666666666666667	TRUE	FALSE	
26137	12	9	0.75	TRUE	FALSE	
26138	1	1	1	FALSE	FALSE	
26140	2	2	1	FALSE	FALSE	
26145	1	1	1	FALSE	FALSE	
26146	2	1	0.5	TRUE	FALSE	
26147	3	2	0.666666666666667	TRUE	FALSE	
26149	1	1	1	FALSE	FALSE	
2615	1	1	1	FALSE	FALSE	
26150	1	1	1	FALSE	FALSE	
26151	1	1	1	FALSE	FALSE	
26152	2	2	1	FALSE	FALSE	
26153	2	2	1	FALSE	FALSE	
26154	1	1	1	FALSE	FALSE	
26155	2	2	1	FALSE	FALSE	
26156	3	2	0.666666666666667	TRUE	FALSE	
26157	1	1	1	FALSE	FALSE	
26160	1	1	1	FALSE	FALSE	
26164	5	4	0.8	TRUE	FALSE	
26166	1	1	1	FALSE	FALSE	
26167	1	1	1	FALSE	FALSE	
26168	2	1	0.5	TRUE	FALSE	
2617	1	1	1	FALSE	FALSE	
261726	2	2	1	FALSE	FALSE	
261729	1	1	1	FALSE	FALSE	
26173	2	1	0.5	TRUE	FALSE	
261734	2	1	0.5	TRUE	FALSE	
26175	1	1	1	FALSE	FALSE	
2618	9	7	0.777777777777778	TRUE	FALSE	
26184	1	1	1	FALSE	FALSE	
26188	2	2	1	FALSE	FALSE	
26189	1	1	1	FALSE	FALSE	
2619	1	1	1	FALSE	FALSE	
26190	5	4	0.8	TRUE	FALSE	
26191	4	3	0.75	TRUE	FALSE	
262	2	1	0.5	TRUE	FALSE	
2620	1	1	1	FALSE	FALSE	
26205	2	2	1	FALSE	FALSE	
26206	2	2	1	FALSE	FALSE	
26207	5	3	0.6	TRUE	FALSE	
2621	2	2	1	FALSE	FALSE	
26211	1	1	1	FALSE	FALSE	
26212	1	1	1	FALSE	FALSE	
26219	2	1	0.5	TRUE	FALSE	
2622	1	1	1	FALSE	FALSE	
26220	5	4	0.8	TRUE	FALSE	
26223	3	2	0.666666666666667	TRUE	FALSE	
26224	2	1	0.5	TRUE	FALSE	
26225	3	3	1	FALSE	FALSE	
26226	1	1	1	FALSE	FALSE	
26227	1	1	1	FALSE	FALSE	
26228	2	2	1	FALSE	FALSE	
26229	2	2	1	FALSE	FALSE	
2623	2	2	1	FALSE	FALSE	
26230	3	3	1	FALSE	FALSE	
26231	1	1	1	FALSE	FALSE	
26232	1	1	1	FALSE	FALSE	
26233	2	1	0.5	TRUE	FALSE	
26234	2	2	1	FALSE	FALSE	
26235	3	3	1	FALSE	FALSE	
26238	2	2	1	FALSE	FALSE	
26239	1	1	1	FALSE	FALSE	
2624	2	1	0.5	TRUE	FALSE	
26240	2	2	1	FALSE	FALSE	
26242	2	1	0.5	TRUE	FALSE	
26245	2	1	0.5	TRUE	FALSE	
26246	2	1	0.5	TRUE	FALSE	
26247	2	2	1	FALSE	FALSE	
26248	2	1	0.5	TRUE	FALSE	
26249	2	1	0.5	TRUE	FALSE	
2625	3	3	1	FALSE	FALSE	
26253	2	2	1	FALSE	FALSE	
26254	1	1	1	FALSE	FALSE	
26255	1	1	1	FALSE	FALSE	
26256	2	2	1	FALSE	FALSE	
26257	1	1	1	FALSE	FALSE	
26258	3	3	1	FALSE	FALSE	
26259	1	1	1	FALSE	FALSE	
2626	5	2	0.4	TRUE	FALSE	
26260	2	1	0.5	TRUE	FALSE	
26261	2	1	0.5	TRUE	FALSE	
26262	2	1	0.5	TRUE	FALSE	
26263	5	4	0.8	TRUE	FALSE	
26266	1	1	1	FALSE	FALSE	
26267	3	2	0.666666666666667	TRUE	FALSE	
26268	8	4	0.5	TRUE	FALSE	
26269	2	2	1	FALSE	FALSE	
2627	2	2	1	FALSE	FALSE	
26270	1	1	1	FALSE	FALSE	
26271	1	1	1	FALSE	FALSE	
26272	3	1	0.333333333333333	TRUE	FALSE	
26273	6	3	0.5	TRUE	FALSE	
26275	1	1	1	FALSE	FALSE	
26276	2	2	1	FALSE	FALSE	
26277	1	1	1	FALSE	FALSE	
26278	1	1	1	FALSE	FALSE	
26279	1	1	1	FALSE	FALSE	
2628	7	5	0.714285714285714	TRUE	FALSE	
26280	1	1	1	FALSE	FALSE	
26281	1	1	1	FALSE	FALSE	
26284	1	1	1	FALSE	FALSE	
26285	1	1	1	FALSE	FALSE	
26286	1	1	1	FALSE	FALSE	
26287	1	1	1	FALSE	FALSE	
26289	2	2	1	FALSE	FALSE	
26291	1	1	1	FALSE	FALSE	
26297	3	3	1	FALSE	FALSE	
26298	5	5	1	FALSE	FALSE	
2630	1	1	1	FALSE	FALSE	
26301	1	1	1	FALSE	FALSE	
2631	1	1	1	FALSE	FALSE	
2632	1	1	1	FALSE	FALSE	
2633	3	1	0.333333333333333	TRUE	FALSE	
26330	1	1	1	FALSE	FALSE	
26333	1	1	1	FALSE	FALSE	
26338	2	1	0.5	TRUE	FALSE	
26339	1	1	1	FALSE	FALSE	
2634	2	1	0.5	TRUE	FALSE	
26341	2	2	1	FALSE	FALSE	
26343	2	1	0.5	TRUE	FALSE	
2635	1	1	1	FALSE	FALSE	
26353	2	2	1	FALSE	FALSE	
26354	2	1	0.5	TRUE	FALSE	
26355	2	1	0.5	TRUE	FALSE	
2636	1	1	1	FALSE	FALSE	
2637	1	1	1	FALSE	FALSE	
2638	1	1	1	FALSE	FALSE	
2639	2	1	0.5	TRUE	FALSE	
2641	1	1	1	FALSE	FALSE	
2642	1	1	1	FALSE	FALSE	
2643	1	1	1	FALSE	FALSE	
2644	1	1	1	FALSE	FALSE	
2645	1	1	1	FALSE	FALSE	
2646	1	1	1	FALSE	FALSE	
26468	2	2	1	FALSE	FALSE	
26469	3	2	0.666666666666667	TRUE	FALSE	
2647	1	1	1	FALSE	FALSE	
26470	2	2	1	FALSE	FALSE	
26471	1	1	1	FALSE	FALSE	
26476	1	1	1	FALSE	FALSE	
2648	1	1	1	FALSE	FALSE	
2649	5	2	0.4	TRUE	FALSE	
26492	2	2	1	FALSE	FALSE	
26493	1	1	1	FALSE	FALSE	
26494	2	2	1	FALSE	FALSE	
26495	2	2	1	FALSE	FALSE	
26496	2	2	1	FALSE	FALSE	
26497	2	2	1	FALSE	FALSE	
26499	1	1	1	FALSE	FALSE	
2650	2	2	1	FALSE	FALSE	
26502	2	2	1	FALSE	FALSE	
26503	2	1	0.5	TRUE	FALSE	
26504	1	1	1	FALSE	FALSE	
26505	2	2	1	FALSE	FALSE	
26507	1	1	1	FALSE	FALSE	
26508	2	1	0.5	TRUE	FALSE	
26509	3	3	1	FALSE	FALSE	
2651	2	2	1	FALSE	FALSE	
26511	1	1	1	FALSE	FALSE	
26512	4	2	0.5	TRUE	FALSE	
26515	2	1	0.5	TRUE	FALSE	
26517	2	2	1	FALSE	FALSE	
26519	2	1	0.5	TRUE	FALSE	
26520	1	1	1	FALSE	FALSE	
26521	2	2	1	FALSE	FALSE	
26523	1	1	1	FALSE	FALSE	
26524	4	4	1	FALSE	FALSE	
26525	1	1	1	FALSE	FALSE	
26526	3	3	1	FALSE	FALSE	
26528	1	1	1	FALSE	FALSE	
26529	1	1	1	FALSE	FALSE	
2653	2	2	1	FALSE	FALSE	
26531	1	1	1	FALSE	FALSE	
26532	1	1	1	FALSE	FALSE	
26537	1	1	1	FALSE	FALSE	
26538	1	1	1	FALSE	FALSE	
26539	1	1	1	FALSE	FALSE	
26541	2	1	0.5	TRUE	FALSE	
26548	1	1	1	FALSE	FALSE	
26574	1	1	1	FALSE	FALSE	
26575	1	1	1	FALSE	FALSE	
26576	1	1	1	FALSE	FALSE	
26577	1	1	1	FALSE	FALSE	
26578	1	1	1	FALSE	FALSE	
26579	2	2	1	FALSE	FALSE	
2658	1	1	1	FALSE	FALSE	
26584	1	1	1	FALSE	FALSE	
26585	2	2	1	FALSE	FALSE	
26586	3	3	1	FALSE	FALSE	
26589	1	1	1	FALSE	FALSE	
2660	1	1	1	FALSE	FALSE	
26608	2	1	0.5	TRUE	TRUE	212685_s_at
2661	1	1	1	FALSE	FALSE	
26610	1	1	1	FALSE	FALSE	
2662	1	1	1	FALSE	FALSE	
2664	1	1	1	FALSE	FALSE	
26648	1	1	1	FALSE	FALSE	
2665	2	2	1	FALSE	FALSE	
26651	1	1	1	FALSE	FALSE	
266553	9	5	0.555555555555556	TRUE	FALSE	
26658	1	1	1	FALSE	FALSE	
26659	1	1	1	FALSE	FALSE	
266629	2	1	0.5	TRUE	FALSE	
26664	1	1	1	FALSE	FALSE	
266655	1	1	1	FALSE	FALSE	
266675	1	1	1	FALSE	FALSE	
266695	1	1	1	FALSE	FALSE	
266722	4	3	0.75	TRUE	FALSE	
266727	2	2	1	FALSE	FALSE	
266743	1	1	1	FALSE	FALSE	
266747	1	1	1	FALSE	FALSE	
2668	2	1	0.5	TRUE	FALSE	
266811	1	1	1	FALSE	FALSE	
266812	2	2	1	FALSE	FALSE	
26689	2	1	0.5	TRUE	FALSE	
2669	1	1	1	FALSE	FALSE	
266917	2	2	1	FALSE	FALSE	
266919	1	1	1	FALSE	FALSE	
26692	1	1	1	FALSE	FALSE	
266977	4	2	0.5	TRUE	FALSE	
267	2	2	1	FALSE	FALSE	
2670	3	2	0.666666666666667	TRUE	FALSE	
267002	2	1	0.5	TRUE	FALSE	
267004	1	1	1	FALSE	FALSE	
267012	2	2	1	FALSE	FALSE	
26707	1	1	1	FALSE	FALSE	
2671	2	1	0.5	TRUE	FALSE	
26716	5	3	0.6	TRUE	FALSE	
2672	1	1	1	FALSE	FALSE	
2673	4	3	0.75	TRUE	FALSE	
2674	3	3	1	FALSE	FALSE	
26740	2	2	1	FALSE	FALSE	
26747	3	2	0.666666666666667	TRUE	FALSE	
2675	2	2	1	FALSE	FALSE	
26750	1	1	1	FALSE	FALSE	
26751	2	2	1	FALSE	FALSE	
2676	2	1	0.5	TRUE	FALSE	
26762	1	1	1	FALSE	FALSE	
2677	5	3	0.6	TRUE	FALSE	
26775	1	1	1	FALSE	FALSE	
26777	2	1	0.5	TRUE	FALSE	
2678	1	1	1	FALSE	FALSE	
26780	1	1	1	FALSE	FALSE	
26783	1	1	1	FALSE	FALSE	
268	1	1	1	FALSE	FALSE	
2681	1	1	1	FALSE	FALSE	
26821	2	2	1	FALSE	FALSE	
2683	4	4	1	FALSE	FALSE	
2686	3	2	0.666666666666667	TRUE	FALSE	
2687	1	1	1	FALSE	FALSE	
26872	1	1	1	FALSE	FALSE	
26873	1	1	1	FALSE	FALSE	
2689	1	1	1	FALSE	FALSE	
269	1	1	1	FALSE	FALSE	
2690	1	1	1	FALSE	FALSE	
2691	1	1	1	FALSE	FALSE	
2692	3	2	0.666666666666667	TRUE	FALSE	
2693	3	1	0.333333333333333	TRUE	FALSE	
2694	1	1	1	FALSE	FALSE	
2695	1	1	1	FALSE	FALSE	
26952	1	1	1	FALSE	FALSE	
26953	1	1	1	FALSE	FALSE	
26958	2	1	0.5	TRUE	FALSE	
26959	3	1	0.333333333333333	TRUE	FALSE	
2696	2	2	1	FALSE	FALSE	
26960	2	1	0.5	TRUE	FALSE	
2697	1	1	1	FALSE	FALSE	
26973	3	3	1	FALSE	FALSE	
26974	1	1	1	FALSE	FALSE	
26984	2	1	0.5	TRUE	FALSE	
26985	2	2	1	FALSE	FALSE	
26986	1	1	1	FALSE	FALSE	
26993	4	3	0.75	TRUE	FALSE	
26994	1	1	1	FALSE	FALSE	
26995	2	2	1	FALSE	FALSE	
26996	1	1	1	FALSE	FALSE	
26998	1	1	1	FALSE	FALSE	
26999	2	2	1	FALSE	FALSE	
27	3	2	0.666666666666667	TRUE	FALSE	
270	1	1	1	FALSE	FALSE	
2700	1	1	1	FALSE	FALSE	
27000	2	1	0.5	TRUE	FALSE	
27004	5	5	1	FALSE	FALSE	
27005	1	1	1	FALSE	FALSE	
27006	3	2	0.666666666666667	TRUE	FALSE	
2701	2	2	1	FALSE	FALSE	
27010	2	2	1	FALSE	FALSE	
27012	2	2	1	FALSE	FALSE	
27013	2	1	0.5	TRUE	FALSE	
27018	1	1	1	FALSE	FALSE	
27019	2	2	1	FALSE	FALSE	
2702	2	2	1	FALSE	FALSE	
27020	1	1	1	FALSE	FALSE	
27022	2	2	1	FALSE	FALSE	
27023	1	1	1	FALSE	FALSE	
2703	1	1	1	FALSE	FALSE	
27030	1	1	1	FALSE	FALSE	
27031	3	2	0.666666666666667	TRUE	FALSE	
27032	4	2	0.5	TRUE	FALSE	
27033	1	1	1	FALSE	FALSE	
27034	1	1	1	FALSE	FALSE	
27035	3	1	0.333333333333333	TRUE	FALSE	
27036	2	1	0.5	TRUE	FALSE	
27037	1	1	1	FALSE	FALSE	
27039	2	2	1	FALSE	FALSE	
27040	2	2	1	FALSE	FALSE	
27042	3	3	1	FALSE	FALSE	
27043	2	1	0.5	TRUE	FALSE	
27044	1	1	1	FALSE	FALSE	
2705	1	1	1	FALSE	FALSE	
2706	1	1	1	FALSE	FALSE	
27063	1	1	1	FALSE	FALSE	
27065	2	2	1	FALSE	FALSE	
27067	3	2	0.666666666666667	TRUE	FALSE	
27068	5	2	0.4	TRUE	FALSE	
27069	3	3	1	FALSE	FALSE	
2707	2	1	0.5	TRUE	FALSE	
27071	3	3	1	FALSE	FALSE	
27072	3	3	1	FALSE	FALSE	
27074	1	1	1	FALSE	FALSE	
27075	1	1	1	FALSE	FALSE	
27076	1	1	1	FALSE	FALSE	
27077	3	2	0.666666666666667	TRUE	FALSE	
27079	1	1	1	FALSE	FALSE	
27085	4	3	0.75	TRUE	FALSE	
27086	8	6	0.75	TRUE	FALSE	
27087	1	1	1	FALSE	FALSE	
27089	1	1	1	FALSE	FALSE	
2709	1	1	1	FALSE	FALSE	
27090	3	2	0.666666666666667	TRUE	FALSE	
27091	2	2	1	FALSE	FALSE	
27092	3	2	0.666666666666667	TRUE	FALSE	
27094	1	1	1	FALSE	FALSE	
27095	2	2	1	FALSE	FALSE	
27097	2	2	1	FALSE	FALSE	
27098	1	1	1	FALSE	FALSE	
271	1	1	1	FALSE	FALSE	
2710	2	2	1	FALSE	FALSE	
27101	3	1	0.333333333333333	TRUE	FALSE	
27102	2	2	1	FALSE	FALSE	
27106	1	1	1	FALSE	FALSE	
27107	2	1	0.5	TRUE	FALSE	
27109	6	4	0.666666666666667	TRUE	FALSE	
27112	1	1	1	FALSE	FALSE	
27113	1	1	1	FALSE	FALSE	
27115	3	3	1	FALSE	FALSE	
2712	1	1	1	FALSE	FALSE	
27120	1	1	1	FALSE	FALSE	
27121	1	1	1	FALSE	FALSE	
27122	5	2	0.4	TRUE	TRUE	214247_s_at
27123	2	1	0.5	TRUE	FALSE	
27124	1	1	1	FALSE	FALSE	
27125	8	4	0.5	TRUE	FALSE	
27127	1	1	1	FALSE	FALSE	
27128	3	1	0.333333333333333	TRUE	FALSE	
27129	2	2	1	FALSE	FALSE	
27130	4	4	1	FALSE	FALSE	
27131	6	4	0.666666666666667	TRUE	FALSE	
27132	1	1	1	FALSE	FALSE	
27133	3	3	1	FALSE	FALSE	
27134	2	2	1	FALSE	FALSE	
27136	1	1	1	FALSE	FALSE	
27141	1	1	1	FALSE	FALSE	
27143	1	1	1	FALSE	FALSE	
27145	4	4	1	FALSE	FALSE	
27146	1	1	1	FALSE	FALSE	
27147	3	3	1	FALSE	FALSE	
27148	1	1	1	FALSE	FALSE	
27151	1	1	1	FALSE	FALSE	
27152	1	1	1	FALSE	FALSE	
27153	4	3	0.75	TRUE	FALSE	
27154	3	3	1	FALSE	FALSE	
27156	2	2	1	FALSE	FALSE	
27158	2	1	0.5	TRUE	FALSE	
27159	1	1	1	FALSE	FALSE	
27160	1	1	1	FALSE	FALSE	
27161	5	5	1	FALSE	FALSE	
27163	3	2	0.666666666666667	TRUE	FALSE	
27164	4	3	0.75	TRUE	FALSE	
27165	3	2	0.666666666666667	TRUE	FALSE	
27166	1	1	1	FALSE	FALSE	
2717	1	1	1	FALSE	FALSE	
27173	1	1	1	FALSE	FALSE	
27175	1	1	1	FALSE	FALSE	
27177	2	1	0.5	TRUE	FALSE	
27178	1	1	1	FALSE	FALSE	
27179	1	1	1	FALSE	FALSE	
27180	1	1	1	FALSE	FALSE	
27181	3	3	1	FALSE	FALSE	
27183	1	1	1	FALSE	FALSE	
27185	3	2	0.666666666666667	TRUE	FALSE	
27189	1	1	1	FALSE	FALSE	
2719	2	2	1	FALSE	FALSE	
27190	1	1	1	FALSE	FALSE	
27197	3	2	0.666666666666667	TRUE	FALSE	
27198	1	1	1	FALSE	FALSE	
27199	1	1	1	FALSE	FALSE	
272	2	1	0.5	TRUE	FALSE	
2720	1	1	1	FALSE	FALSE	
27201	1	1	1	FALSE	FALSE	
27202	1	1	1	FALSE	FALSE	
27229	2	1	0.5	TRUE	FALSE	
27230	4	3	0.75	TRUE	FALSE	
27231	1	1	1	FALSE	FALSE	
27232	1	1	1	FALSE	FALSE	
27233	1	1	1	FALSE	FALSE	
27235	2	2	1	FALSE	FALSE	
27236	2	1	0.5	TRUE	FALSE	
27237	1	1	1	FALSE	FALSE	
27238	1	1	1	FALSE	FALSE	
27239	1	1	1	FALSE	FALSE	
27240	1	1	1	FALSE	FALSE	
27241	5	5	1	FALSE	FALSE	
27242	1	1	1	FALSE	FALSE	
27243	1	1	1	FALSE	FALSE	
27244	1	1	1	FALSE	FALSE	
27245	3	1	0.333333333333333	TRUE	FALSE	
27246	3	3	1	FALSE	FALSE	
27247	1	1	1	FALSE	FALSE	
27248	3	2	0.666666666666667	TRUE	FALSE	
27249	1	1	1	FALSE	FALSE	
27250	5	4	0.8	TRUE	FALSE	
27252	4	2	0.5	TRUE	FALSE	
27253	4	4	1	FALSE	FALSE	
27254	1	1	1	FALSE	FALSE	
27255	1	1	1	FALSE	FALSE	
27257	1	1	1	FALSE	FALSE	
27258	2	2	1	FALSE	FALSE	
27283	2	2	1	FALSE	FALSE	
27284	1	1	1	FALSE	FALSE	
27285	1	1	1	FALSE	FALSE	
27286	2	2	1	FALSE	FALSE	
27287	1	1	1	FALSE	FALSE	
27288	2	1	0.5	TRUE	FALSE	
27289	1	1	1	FALSE	FALSE	
2729	3	3	1	FALSE	FALSE	
27290	1	1	1	FALSE	FALSE	
27291	2	2	1	FALSE	FALSE	
27292	2	2	1	FALSE	FALSE	
27293	2	2	1	FALSE	FALSE	
27294	1	1	1	FALSE	FALSE	
27295	3	2	0.666666666666667	TRUE	FALSE	
27296	2	2	1	FALSE	FALSE	
27297	2	2	1	FALSE	FALSE	
27299	1	1	1	FALSE	FALSE	
273	1	1	1	FALSE	FALSE	
2730	3	3	1	FALSE	FALSE	
27300	2	2	1	FALSE	FALSE	
27301	2	2	1	FALSE	FALSE	
27302	1	1	1	FALSE	FALSE	
27303	7	6	0.857142857142857	TRUE	FALSE	
27304	1	1	1	FALSE	FALSE	
27306	1	1	1	FALSE	FALSE	
27309	2	2	1	FALSE	FALSE	
2731	1	1	1	FALSE	FALSE	
27314	5	5	1	FALSE	FALSE	
27315	2	2	1	FALSE	FALSE	
27316	3	3	1	FALSE	FALSE	
27319	2	1	0.5	TRUE	FALSE	
27324	1	1	1	FALSE	FALSE	
27327	6	4	0.666666666666667	TRUE	FALSE	
27328	1	1	1	FALSE	FALSE	
27329	2	2	1	FALSE	FALSE	
2733	3	1	0.333333333333333	TRUE	FALSE	
27330	4	2	0.5	TRUE	FALSE	
27332	3	2	0.666666666666667	TRUE	FALSE	
27333	3	2	0.666666666666667	TRUE	FALSE	
27334	3	2	0.666666666666667	TRUE	FALSE	
27335	2	1	0.5	TRUE	FALSE	
27336	2	2	1	FALSE	FALSE	
27338	2	2	1	FALSE	FALSE	
27339	1	1	1	FALSE	FALSE	
2734	4	4	1	FALSE	FALSE	
27340	1	1	1	FALSE	FALSE	
27341	2	2	1	FALSE	FALSE	
27342	2	2	1	FALSE	FALSE	
27343	1	1	1	FALSE	FALSE	
27344	1	1	1	FALSE	FALSE	
27345	4	2	0.5	TRUE	FALSE	
27346	4	4	1	FALSE	FALSE	
27347	1	1	1	FALSE	FALSE	
27348	1	1	1	FALSE	FALSE	
27349	1	1	1	FALSE	FALSE	
2735	1	1	1	FALSE	FALSE	
27351	2	1	0.5	TRUE	FALSE	
27352	1	1	1	FALSE	FALSE	
2736	3	3	1	FALSE	FALSE	
2737	3	3	1	FALSE	FALSE	
2739	1	1	1	FALSE	FALSE	
274	1	1	1	FALSE	FALSE	
2740	4	3	0.75	TRUE	FALSE	
2741	1	1	1	FALSE	FALSE	
2742	1	1	1	FALSE	FALSE	
27429	2	2	1	FALSE	FALSE	
2743	3	3	1	FALSE	FALSE	
27430	2	2	1	FALSE	FALSE	
27433	1	1	1	FALSE	FALSE	
27434	1	1	1	FALSE	FALSE	
27436	6	6	1	FALSE	FALSE	
27439	1	1	1	FALSE	FALSE	
2744	8	6	0.75	TRUE	FALSE	
27440	1	1	1	FALSE	FALSE	
27442	1	1	1	FALSE	FALSE	
27443	3	1	0.333333333333333	TRUE	FALSE	
27445	3	2	0.666666666666667	TRUE	FALSE	
2745	2	2	1	FALSE	FALSE	
2746	1	1	1	FALSE	FALSE	
2747	1	1	1	FALSE	FALSE	
275	1	1	1	FALSE	FALSE	
2752	4	4	1	FALSE	FALSE	
2760	7	4	0.571428571428571	TRUE	FALSE	
2762	3	3	1	FALSE	FALSE	
2764	2	1	0.5	TRUE	FALSE	
2765	1	1	1	FALSE	FALSE	
2766	1	1	1	FALSE	FALSE	
2767	3	2	0.666666666666667	TRUE	FALSE	
2768	2	2	1	FALSE	FALSE	
2769	1	1	1	FALSE	FALSE	
2770	2	2	1	FALSE	FALSE	
2771	1	1	1	FALSE	FALSE	
2773	3	2	0.666666666666667	TRUE	FALSE	
2774	4	4	1	FALSE	FALSE	
2775	4	3	0.75	TRUE	FALSE	
2776	4	3	0.75	TRUE	FALSE	
2778	6	3	0.5	TRUE	FALSE	
2779	2	2	1	FALSE	FALSE	
2780	1	1	1	FALSE	FALSE	
2781	1	1	1	FALSE	FALSE	
2782	3	1	0.333333333333333	TRUE	FALSE	
2784	1	1	1	FALSE	FALSE	
2785	1	1	1	FALSE	FALSE	
2786	4	4	1	FALSE	FALSE	
2787	1	1	1	FALSE	FALSE	
2788	3	2	0.666666666666667	TRUE	FALSE	
2791	2	2	1	FALSE	FALSE	
2792	1	1	1	FALSE	FALSE	
2793	1	1	1	FALSE	FALSE	
2794	5	3	0.6	TRUE	FALSE	
2796	2	1	0.5	TRUE	FALSE	
2798	3	2	0.666666666666667	TRUE	FALSE	
2799	3	3	1	FALSE	FALSE	
28	2	1	0.5	TRUE	FALSE	
2800	2	1	0.5	TRUE	FALSE	
2801	4	4	1	FALSE	FALSE	
2802	3	2	0.666666666666667	TRUE	FALSE	
2803	2	1	0.5	TRUE	FALSE	
2804	2	2	1	FALSE	FALSE	
2805	1	1	1	FALSE	FALSE	
2806	1	1	1	FALSE	FALSE	
280636	3	1	0.333333333333333	TRUE	TRUE	228331_at
280664	1	1	1	FALSE	FALSE	
2810	3	3	1	FALSE	FALSE	
2811	1	1	1	FALSE	FALSE	
2813	3	2	0.666666666666667	TRUE	FALSE	
2814	2	2	1	FALSE	FALSE	
2817	2	2	1	FALSE	FALSE	
2819	2	2	1	FALSE	FALSE	
2820	3	3	1	FALSE	FALSE	
2821	1	1	1	FALSE	FALSE	
2822	5	5	1	FALSE	FALSE	
28227	2	1	0.5	TRUE	FALSE	
2823	3	3	1	FALSE	FALSE	
28231	1	1	1	FALSE	FALSE	
28232	4	4	1	FALSE	FALSE	
28234	1	1	1	FALSE	FALSE	
2824	4	3	0.75	TRUE	FALSE	
282566	1	1	1	FALSE	FALSE	
2826	1	1	1	FALSE	FALSE	
282616	1	1	1	FALSE	FALSE	
282618	1	1	1	FALSE	FALSE	
282679	1	1	1	FALSE	FALSE	
2827	1	1	1	FALSE	FALSE	
282706	1	1	1	FALSE	FALSE	
282763	2	2	1	FALSE	FALSE	
282775	2	2	1	FALSE	FALSE	
2828	2	1	0.5	TRUE	FALSE	
282808	1	1	1	FALSE	FALSE	
282809	1	1	1	FALSE	FALSE	
282890	2	1	0.5	TRUE	FALSE	
2829	2	2	1	FALSE	FALSE	
282966	2	1	0.5	TRUE	FALSE	
282969	1	1	1	FALSE	FALSE	
282973	1	1	1	FALSE	FALSE	
282974	2	1	0.5	TRUE	FALSE	
282980	1	1	1	FALSE	FALSE	
28299	1	1	1	FALSE	FALSE	
282991	1	1	1	FALSE	FALSE	
282996	1	1	1	FALSE	FALSE	
282997	1	1	1	FALSE	FALSE	
283	1	1	1	FALSE	FALSE	
2830	2	1	0.5	TRUE	FALSE	
283011	1	1	1	FALSE	FALSE	
283025	1	1	1	FALSE	FALSE	
283033	1	1	1	FALSE	FALSE	
283045	2	2	1	FALSE	FALSE	
283050	1	1	1	FALSE	FALSE	
283078	3	3	1	FALSE	FALSE	
283080	1	1	1	FALSE	FALSE	
283089	2	1	0.5	TRUE	FALSE	
2831	1	1	1	FALSE	FALSE	
283104	2	2	1	FALSE	FALSE	
283129	1	1	1	FALSE	FALSE	
283130	2	1	0.5	TRUE	FALSE	
283131	8	8	1	FALSE	FALSE	
283140	2	2	1	FALSE	FALSE	
283143	1	1	1	FALSE	FALSE	
283149	2	2	1	FALSE	FALSE	
283150	1	1	1	FALSE	FALSE	
283152	1	1	1	FALSE	FALSE	
283159	1	1	1	FALSE	FALSE	
28316	1	1	1	FALSE	FALSE	
283160	1	1	1	FALSE	FALSE	
283165	1	1	1	FALSE	FALSE	
283171	1	1	1	FALSE	FALSE	
283177	2	1	0.5	TRUE	FALSE	
283194	1	1	1	FALSE	FALSE	
283197	3	1	0.333333333333333	TRUE	FALSE	
2832	1	1	1	FALSE	FALSE	
283208	2	1	0.5	TRUE	FALSE	
283209	5	4	0.8	TRUE	FALSE	
283212	3	1	0.333333333333333	TRUE	FALSE	
283214	1	1	1	FALSE	FALSE	
283219	1	1	1	FALSE	FALSE	
283229	1	1	1	FALSE	FALSE	
283232	3	1	0.333333333333333	TRUE	FALSE	
283234	1	1	1	FALSE	FALSE	
283237	2	1	0.5	TRUE	FALSE	
283238	1	1	1	FALSE	FALSE	
283248	1	1	1	FALSE	FALSE	
283254	1	1	1	FALSE	FALSE	
283284	1	1	1	FALSE	FALSE	
283297	1	1	1	FALSE	FALSE	
283298	1	1	1	FALSE	FALSE	
2833	2	2	1	FALSE	FALSE	
283303	1	1	1	FALSE	FALSE	
283310	1	1	1	FALSE	FALSE	
283314	1	1	1	FALSE	FALSE	
283316	1	1	1	FALSE	FALSE	
283335	1	1	1	FALSE	FALSE	
283337	3	2	0.666666666666667	TRUE	FALSE	
283345	1	1	1	FALSE	FALSE	
283349	3	3	1	FALSE	FALSE	
283352	2	2	1	FALSE	FALSE	
283358	3	2	0.666666666666667	TRUE	FALSE	
283373	2	2	1	FALSE	FALSE	
283375	2	1	0.5	TRUE	FALSE	
283377	1	1	1	FALSE	FALSE	
283383	1	1	1	FALSE	FALSE	
283387	1	1	1	FALSE	FALSE	
283392	2	2	1	FALSE	FALSE	
2834	1	1	1	FALSE	FALSE	
283403	2	2	1	FALSE	FALSE	
283404	1	1	1	FALSE	FALSE	
283416	1	1	1	FALSE	FALSE	
283417	2	2	1	FALSE	FALSE	
283431	2	2	1	FALSE	FALSE	
283432	1	1	1	FALSE	FALSE	
283435	1	1	1	FALSE	FALSE	
283446	1	1	1	FALSE	FALSE	
283450	6	4	0.666666666666667	TRUE	FALSE	
283455	2	1	0.5	TRUE	FALSE	
283459	2	2	1	FALSE	FALSE	
283461	2	2	1	FALSE	FALSE	
283463	1	1	1	FALSE	FALSE	
283464	2	2	1	FALSE	FALSE	
283471	1	1	1	FALSE	FALSE	
283480	1	1	1	FALSE	FALSE	
283481	2	2	1	FALSE	FALSE	
283483	1	1	1	FALSE	FALSE	
283486	1	1	1	FALSE	FALSE	
283489	1	1	1	FALSE	FALSE	
2835	2	2	1	FALSE	FALSE	
283507	2	1	0.5	TRUE	FALSE	
283514	1	1	1	FALSE	FALSE	
283518	1	1	1	FALSE	FALSE	
283521	1	1	1	FALSE	FALSE	
283537	1	1	1	FALSE	FALSE	
283547	1	1	1	FALSE	FALSE	
283551	3	2	0.666666666666667	TRUE	FALSE	
283554	1	1	1	FALSE	FALSE	
283571	1	1	1	FALSE	FALSE	
283576	2	1	0.5	TRUE	FALSE	
283578	3	2	0.666666666666667	TRUE	FALSE	
283579	1	1	1	FALSE	FALSE	
283585	1	1	1	FALSE	FALSE	
283587	1	1	1	FALSE	FALSE	
283592	1	1	1	FALSE	FALSE	
283596	3	2	0.666666666666667	TRUE	FALSE	
283600	1	1	1	FALSE	FALSE	
283601	1	1	1	FALSE	FALSE	
283624	1	1	1	FALSE	FALSE	
283629	1	1	1	FALSE	FALSE	
283635	1	1	1	FALSE	FALSE	
283643	1	1	1	FALSE	FALSE	
283659	3	2	0.666666666666667	TRUE	FALSE	
283663	2	1	0.5	TRUE	FALSE	
283665	1	1	1	FALSE	FALSE	
283677	1	1	1	FALSE	FALSE	
283685	1	1	1	FALSE	FALSE	
283687	1	1	1	FALSE	FALSE	
283688	2	1	0.5	TRUE	FALSE	
283692	2	2	1	FALSE	FALSE	
283693	2	1	0.5	TRUE	FALSE	
283726	1	1	1	FALSE	FALSE	
283731	1	1	1	FALSE	FALSE	
283738	1	1	1	FALSE	FALSE	
283742	3	2	0.666666666666667	TRUE	FALSE	
283748	1	1	1	FALSE	FALSE	
283755	1	1	1	FALSE	FALSE	
283761	1	1	1	FALSE	FALSE	
283777	1	1	1	FALSE	FALSE	
28378	1	1	1	FALSE	FALSE	
283788	4	4	1	FALSE	FALSE	
283796	1	1	1	FALSE	FALSE	
2838	1	1	1	FALSE	FALSE	
283807	1	1	1	FALSE	FALSE	
283847	1	1	1	FALSE	FALSE	
283848	1	1	1	FALSE	FALSE	
283849	1	1	1	FALSE	FALSE	
283854	1	1	1	FALSE	FALSE	
283856	1	1	1	FALSE	FALSE	
283860	3	2	0.666666666666667	TRUE	FALSE	
283867	1	1	1	FALSE	FALSE	
283870	1	1	1	FALSE	FALSE	
283871	1	1	1	FALSE	FALSE	
283875	1	1	1	FALSE	FALSE	
283876	1	1	1	FALSE	FALSE	
283887	2	1	0.5	TRUE	FALSE	
283888	1	1	1	FALSE	FALSE	
283897	1	1	1	FALSE	FALSE	
283899	1	1	1	FALSE	FALSE	
283902	1	1	1	FALSE	FALSE	
283914	1	1	1	FALSE	FALSE	
283927	2	2	1	FALSE	FALSE	
283932	1	1	1	FALSE	FALSE	
283933	1	1	1	FALSE	FALSE	
283948	1	1	1	FALSE	FALSE	
283951	1	1	1	FALSE	FALSE	
283953	1	1	1	FALSE	FALSE	
283981	1	1	1	FALSE	FALSE	
283987	2	2	1	FALSE	FALSE	
283989	3	3	1	FALSE	FALSE	
283991	2	2	1	FALSE	FALSE	
283994	1	1	1	FALSE	FALSE	
283999	1	1	1	FALSE	FALSE	
284	3	3	1	FALSE	FALSE	
2840	2	1	0.5	TRUE	FALSE	
284001	5	4	0.8	TRUE	FALSE	
284004	2	1	0.5	TRUE	FALSE	
284013	2	2	1	FALSE	FALSE	
284018	1	1	1	FALSE	FALSE	
284021	1	1	1	FALSE	FALSE	
284023	1	1	1	FALSE	FALSE	
284029	1	1	1	FALSE	FALSE	
284047	1	1	1	FALSE	FALSE	
284058	2	2	1	FALSE	FALSE	
284067	1	1	1	FALSE	FALSE	
284071	4	2	0.5	TRUE	FALSE	
284076	1	1	1	FALSE	FALSE	
284080	2	2	1	FALSE	FALSE	
284086	1	1	1	FALSE	FALSE	
28409	1	1	1	FALSE	FALSE	
284098	1	1	1	FALSE	FALSE	
284099	1	1	1	FALSE	FALSE	
2841	1	1	1	FALSE	FALSE	
28410	1	1	1	FALSE	FALSE	
284100	2	1	0.5	TRUE	FALSE	
284106	2	2	1	FALSE	FALSE	
284111	1	1	1	FALSE	FALSE	
284114	1	1	1	FALSE	FALSE	
284119	3	3	1	FALSE	FALSE	
284129	1	1	1	FALSE	FALSE	
284131	4	2	0.5	TRUE	FALSE	
284161	3	3	1	FALSE	FALSE	
284184	3	2	0.666666666666667	TRUE	FALSE	
284185	1	1	1	FALSE	FALSE	
284186	1	1	1	FALSE	FALSE	
2842	1	1	1	FALSE	FALSE	
284207	1	1	1	FALSE	FALSE	
284217	2	2	1	FALSE	FALSE	
284233	1	1	1	FALSE	FALSE	
284240	1	1	1	FALSE	FALSE	
284252	4	3	0.75	TRUE	FALSE	
284257	1	1	1	FALSE	FALSE	
284260	3	2	0.666666666666667	TRUE	FALSE	
284266	1	1	1	FALSE	FALSE	
284273	7	5	0.714285714285714	TRUE	FALSE	
284274	2	2	1	FALSE	FALSE	
284276	2	1	0.5	TRUE	FALSE	
284294	1	1	1	FALSE	FALSE	
284297	1	1	1	FALSE	FALSE	
2843	2	1	0.5	TRUE	FALSE	
284306	2	1	0.5	TRUE	FALSE	
284307	1	1	1	FALSE	FALSE	
284309	1	1	1	FALSE	FALSE	
284312	1	1	1	FALSE	FALSE	
284323	2	2	1	FALSE	FALSE	
284325	1	1	1	FALSE	FALSE	
284338	1	1	1	FALSE	FALSE	
284339	1	1	1	FALSE	FALSE	
284340	1	1	1	FALSE	FALSE	
284346	1	1	1	FALSE	FALSE	
284348	1	1	1	FALSE	FALSE	
284349	1	1	1	FALSE	FALSE	
284352	3	1	0.333333333333333	TRUE	FALSE	
284353	1	1	1	FALSE	FALSE	
284358	1	1	1	FALSE	FALSE	
284359	1	1	1	FALSE	FALSE	
284361	2	2	1	FALSE	FALSE	
284365	1	1	1	FALSE	FALSE	
284367	1	1	1	FALSE	FALSE	
284369	1	1	1	FALSE	FALSE	
284370	1	1	1	FALSE	FALSE	
284379	1	1	1	FALSE	FALSE	
284385	1	1	1	FALSE	FALSE	
284390	1	1	1	FALSE	FALSE	
284391	1	1	1	FALSE	FALSE	
284395	1	1	1	FALSE	FALSE	
284402	1	1	1	FALSE	FALSE	
284403	2	1	0.5	TRUE	FALSE	
284406	2	1	0.5	TRUE	FALSE	
284408	2	2	1	FALSE	FALSE	
284415	1	1	1	FALSE	FALSE	
284417	1	1	1	FALSE	FALSE	
284418	1	1	1	FALSE	FALSE	
284422	1	1	1	FALSE	FALSE	
284424	2	1	0.5	TRUE	FALSE	
284427	1	1	1	FALSE	FALSE	
284439	3	1	0.333333333333333	TRUE	FALSE	
284440	4	2	0.5	TRUE	FALSE	
284443	2	1	0.5	TRUE	FALSE	
284451	1	1	1	FALSE	FALSE	
284454	2	2	1	FALSE	FALSE	
284459	2	2	1	FALSE	FALSE	
284485	1	1	1	FALSE	FALSE	
284486	1	1	1	FALSE	FALSE	
284498	1	1	1	FALSE	FALSE	
2845	2	2	1	FALSE	FALSE	
284521	1	1	1	FALSE	FALSE	
284525	2	1	0.5	TRUE	FALSE	
284551	1	1	1	FALSE	FALSE	
284561	4	3	0.75	TRUE	FALSE	
284576	2	1	0.5	TRUE	FALSE	
284578	1	1	1	FALSE	FALSE	
2846	1	1	1	FALSE	FALSE	
28461	1	1	1	FALSE	FALSE	
284611	1	1	1	FALSE	FALSE	
284612	1	1	1	FALSE	FALSE	
284613	1	1	1	FALSE	FALSE	
284615	1	1	1	FALSE	FALSE	
284618	2	2	1	FALSE	FALSE	
284632	1	1	1	FALSE	FALSE	
284648	1	1	1	FALSE	FALSE	
284649	2	2	1	FALSE	FALSE	
284654	1	1	1	FALSE	FALSE	
284656	3	3	1	FALSE	FALSE	
284661	2	1	0.5	TRUE	FALSE	
284677	1	1	1	FALSE	FALSE	
284680	1	1	1	FALSE	FALSE	
284688	1	1	1	FALSE	FALSE	
284695	4	2	0.5	TRUE	FALSE	
284697	3	3	1	FALSE	FALSE	
2847	3	2	0.666666666666667	TRUE	FALSE	
284716	4	3	0.75	TRUE	FALSE	
284723	2	2	1	FALSE	FALSE	
284739	1	1	1	FALSE	FALSE	
284749	1	1	1	FALSE	FALSE	
284751	1	1	1	FALSE	FALSE	
284756	2	1	0.5	TRUE	FALSE	
284757	2	2	1	FALSE	FALSE	
284759	1	1	1	FALSE	FALSE	
284788	1	1	1	FALSE	FALSE	
284798	1	1	1	FALSE	FALSE	
284800	1	1	1	FALSE	FALSE	
284801	1	1	1	FALSE	FALSE	
284802	2	1	0.5	TRUE	FALSE	
284805	2	1	0.5	TRUE	FALSE	
284825	1	1	1	FALSE	FALSE	
284835	1	1	1	FALSE	FALSE	
284837	1	1	1	FALSE	FALSE	
284865	1	1	1	FALSE	FALSE	
284889	1	1	1	FALSE	FALSE	
284898	1	1	1	FALSE	FALSE	
2849	3	3	1	FALSE	FALSE	
284900	3	2	0.666666666666667	TRUE	FALSE	
284904	2	1	0.5	TRUE	FALSE	
284912	1	1	1	FALSE	FALSE	
284930	2	1	0.5	TRUE	FALSE	
284933	1	1	1	FALSE	FALSE	
284948	1	1	1	FALSE	FALSE	
284950	1	1	1	FALSE	FALSE	
284958	3	2	0.666666666666667	TRUE	FALSE	
284992	3	2	0.666666666666667	TRUE	FALSE	
284996	1	1	1	FALSE	FALSE	
284998	1	1	1	FALSE	FALSE	
285	4	3	0.75	TRUE	FALSE	
2850	2	1	0.5	TRUE	FALSE	
285000	1	1	1	FALSE	FALSE	
285016	1	1	1	FALSE	FALSE	
285025	2	2	1	FALSE	FALSE	
285033	1	1	1	FALSE	FALSE	
285043	1	1	1	FALSE	FALSE	
285045	4	2	0.5	TRUE	FALSE	
285051	1	1	1	FALSE	FALSE	
285084	1	1	1	FALSE	FALSE	
285093	1	1	1	FALSE	FALSE	
285095	1	1	1	FALSE	FALSE	
285097	2	2	1	FALSE	FALSE	
285103	1	1	1	FALSE	FALSE	
28511	2	2	1	FALSE	FALSE	
28512	1	1	1	FALSE	FALSE	
285126	1	1	1	FALSE	FALSE	
28513	3	2	0.666666666666667	TRUE	FALSE	
28514	2	2	1	FALSE	FALSE	
285148	2	2	1	FALSE	FALSE	
285150	1	1	1	FALSE	FALSE	
285154	2	2	1	FALSE	FALSE	
28516	2	2	1	FALSE	FALSE	
285172	4	3	0.75	TRUE	FALSE	
285175	3	1	0.333333333333333	TRUE	FALSE	
285191	1	1	1	FALSE	FALSE	
285193	1	1	1	FALSE	FALSE	
285194	2	1	0.5	TRUE	FALSE	
285195	2	2	1	FALSE	FALSE	
2852	2	1	0.5	TRUE	FALSE	
285203	1	1	1	FALSE	FALSE	
285205	1	1	1	FALSE	FALSE	
285220	2	2	1	FALSE	FALSE	
285224	1	1	1	FALSE	FALSE	
285231	1	1	1	FALSE	FALSE	
285237	4	2	0.5	TRUE	FALSE	
28526	1	1	1	FALSE	FALSE	
285266	1	1	1	FALSE	FALSE	
285267	1	1	1	FALSE	FALSE	
285268	3	2	0.666666666666667	TRUE	FALSE	
285282	2	2	1	FALSE	FALSE	
285286	1	1	1	FALSE	FALSE	
2853	1	1	1	FALSE	FALSE	
285311	1	1	1	FALSE	FALSE	
285313	1	1	1	FALSE	FALSE	
285315	1	1	1	FALSE	FALSE	
285326	2	2	1	FALSE	FALSE	
285331	2	2	1	FALSE	FALSE	
285343	5	5	1	FALSE	FALSE	
285346	1	1	1	FALSE	FALSE	
285349	1	1	1	FALSE	FALSE	
285352	1	1	1	FALSE	FALSE	
285362	1	1	1	FALSE	FALSE	
285367	5	2	0.4	TRUE	FALSE	
285368	1	1	1	FALSE	FALSE	
285370	2	1	0.5	TRUE	FALSE	
285375	1	1	1	FALSE	FALSE	
285381	2	2	1	FALSE	FALSE	
285382	2	2	1	FALSE	FALSE	
285386	1	1	1	FALSE	FALSE	
285389	1	1	1	FALSE	FALSE	
2854	1	1	1	FALSE	FALSE	
285401	1	1	1	FALSE	FALSE	
285419	2	1	0.5	TRUE	FALSE	
285422	1	1	1	FALSE	FALSE	
285423	1	1	1	FALSE	FALSE	
285429	1	1	1	FALSE	FALSE	
285440	2	2	1	FALSE	FALSE	
285441	1	1	1	FALSE	FALSE	
285456	1	1	1	FALSE	FALSE	
285463	1	1	1	FALSE	FALSE	
285489	1	1	1	FALSE	FALSE	
285492	1	1	1	FALSE	FALSE	
285498	2	1	0.5	TRUE	FALSE	
285500	1	1	1	FALSE	FALSE	
285501	1	1	1	FALSE	FALSE	
285512	2	1	0.5	TRUE	FALSE	
285513	5	4	0.8	TRUE	FALSE	
285521	2	1	0.5	TRUE	FALSE	
285527	6	2	0.333333333333333	TRUE	FALSE	
285533	1	1	1	FALSE	FALSE	
285540	1	1	1	FALSE	FALSE	
285547	1	1	1	FALSE	FALSE	
285548	1	1	1	FALSE	FALSE	
285550	3	3	1	FALSE	FALSE	
285555	1	1	1	FALSE	FALSE	
285556	1	1	1	FALSE	FALSE	
285577	1	1	1	FALSE	FALSE	
285590	2	1	0.5	TRUE	FALSE	
285593	2	1	0.5	TRUE	FALSE	
285596	1	1	1	FALSE	FALSE	
285598	5	4	0.8	TRUE	FALSE	
28560	1	1	1	FALSE	FALSE	
285600	2	1	0.5	TRUE	FALSE	
285601	1	1	1	FALSE	FALSE	
285613	1	1	1	FALSE	FALSE	
28562	1	1	1	FALSE	FALSE	
285627	1	1	1	FALSE	FALSE	
28563	1	1	1	FALSE	FALSE	
285636	2	2	1	FALSE	FALSE	
285638	1	1	1	FALSE	FALSE	
28566	1	1	1	FALSE	FALSE	
285668	1	1	1	FALSE	FALSE	
285671	2	2	1	FALSE	FALSE	
285672	4	4	1	FALSE	FALSE	
285692	2	1	0.5	TRUE	FALSE	
2857	1	1	1	FALSE	FALSE	
285704	4	2	0.5	TRUE	FALSE	
285708	3	3	1	FALSE	FALSE	
28571	1	1	1	FALSE	FALSE	
285735	1	1	1	FALSE	FALSE	
285740	2	2	1	FALSE	FALSE	
285753	4	3	0.75	TRUE	FALSE	
285755	3	1	0.333333333333333	TRUE	FALSE	
285758	1	1	1	FALSE	FALSE	
285759	1	1	1	FALSE	FALSE	
285761	2	2	1	FALSE	FALSE	
285766	1	1	1	FALSE	FALSE	
285768	1	1	1	FALSE	FALSE	
285780	3	3	1	FALSE	FALSE	
285782	1	1	1	FALSE	FALSE	
285796	1	1	1	FALSE	FALSE	
285800	1	1	1	FALSE	FALSE	
285819	1	1	1	FALSE	FALSE	
285830	2	2	1	FALSE	FALSE	
285834	1	1	1	FALSE	FALSE	
28584	1	1	1	FALSE	FALSE	
285847	3	3	1	FALSE	FALSE	
285848	1	1	1	FALSE	FALSE	
285852	3	2	0.666666666666667	TRUE	FALSE	
285857	1	1	1	FALSE	FALSE	
285877	2	2	1	FALSE	FALSE	
285878	1	1	1	FALSE	FALSE	
285888	1	1	1	FALSE	FALSE	
285889	1	1	1	FALSE	FALSE	
2859	1	1	1	FALSE	FALSE	
28590	1	1	1	FALSE	FALSE	
285905	1	1	1	FALSE	FALSE	
285908	1	1	1	FALSE	FALSE	
285941	1	1	1	FALSE	FALSE	
285943	3	3	1	FALSE	FALSE	
285954	2	2	1	FALSE	FALSE	
285955	1	1	1	FALSE	FALSE	
285958	1	1	1	FALSE	FALSE	
285961	1	1	1	FALSE	FALSE	
285962	1	1	1	FALSE	FALSE	
285965	2	1	0.5	TRUE	FALSE	
285966	2	2	1	FALSE	FALSE	
285971	4	3	0.75	TRUE	FALSE	
285972	1	1	1	FALSE	FALSE	
285973	2	2	1	FALSE	FALSE	
285987	1	1	1	FALSE	FALSE	
285989	4	3	0.75	TRUE	FALSE	
286	3	2	0.666666666666667	TRUE	FALSE	
286002	1	1	1	FALSE	FALSE	
286006	2	1	0.5	TRUE	FALSE	
286023	2	2	1	FALSE	FALSE	
286042	4	3	0.75	TRUE	FALSE	
286046	3	2	0.666666666666667	TRUE	FALSE	
286053	1	1	1	FALSE	FALSE	
286059	2	2	1	FALSE	FALSE	
286076	1	1	1	FALSE	FALSE	
286077	2	2	1	FALSE	FALSE	
286083	1	1	1	FALSE	FALSE	
286097	1	1	1	FALSE	FALSE	
2861	2	2	1	FALSE	FALSE	
286101	3	2	0.666666666666667	TRUE	FALSE	
286103	1	1	1	FALSE	FALSE	
286114	2	2	1	FALSE	FALSE	
286122	1	1	1	FALSE	FALSE	
286128	3	2	0.666666666666667	TRUE	FALSE	
286133	3	3	1	FALSE	FALSE	
286135	1	1	1	FALSE	FALSE	
286144	5	3	0.6	TRUE	FALSE	
286148	3	2	0.666666666666667	TRUE	FALSE	
286151	1	1	1	FALSE	FALSE	
286177	1	1	1	FALSE	FALSE	
286178	1	1	1	FALSE	FALSE	
286183	1	1	1	FALSE	FALSE	
286184	1	1	1	FALSE	FALSE	
286189	1	1	1	FALSE	FALSE	
286190	1	1	1	FALSE	FALSE	
2862	1	1	1	FALSE	FALSE	
286205	3	3	1	FALSE	FALSE	
286207	3	3	1	FALSE	FALSE	
286234	2	2	1	FALSE	FALSE	
286238	1	1	1	FALSE	FALSE	
286256	1	1	1	FALSE	FALSE	
286257	1	1	1	FALSE	FALSE	
286262	1	1	1	FALSE	FALSE	
2863	3	2	0.666666666666667	TRUE	FALSE	
286319	1	1	1	FALSE	FALSE	
286336	1	1	1	FALSE	FALSE	
286343	1	1	1	FALSE	FALSE	
286359	1	1	1	FALSE	FALSE	
286370	1	1	1	FALSE	FALSE	
2864	2	2	1	FALSE	FALSE	
28641	1	1	1	FALSE	FALSE	
286410	2	2	1	FALSE	FALSE	
286411	1	1	1	FALSE	FALSE	
28642	1	1	1	FALSE	FALSE	
286430	1	1	1	FALSE	FALSE	
286436	1	1	1	FALSE	FALSE	
286437	1	1	1	FALSE	FALSE	
286442	1	1	1	FALSE	FALSE	
286451	4	3	0.75	TRUE	FALSE	
286464	3	2	0.666666666666667	TRUE	FALSE	
286467	1	1	1	FALSE	FALSE	
28648	1	1	1	FALSE	FALSE	
286499	2	2	1	FALSE	FALSE	
286514	1	1	1	FALSE	FALSE	
28652	1	1	1	FALSE	FALSE	
286527	1	1	1	FALSE	FALSE	
286530	1	1	1	FALSE	FALSE	
286554	1	1	1	FALSE	FALSE	
28656	1	1	1	FALSE	FALSE	
28658	1	1	1	FALSE	FALSE	
28659	1	1	1	FALSE	FALSE	
28660	1	1	1	FALSE	FALSE	
28661	1	1	1	FALSE	FALSE	
28662	1	1	1	FALSE	FALSE	
28663	1	1	1	FALSE	FALSE	
28667	1	1	1	FALSE	FALSE	
286676	2	1	0.5	TRUE	FALSE	
2867	1	1	1	FALSE	FALSE	
28670	1	1	1	FALSE	FALSE	
28671	1	1	1	FALSE	FALSE	
28672	1	1	1	FALSE	FALSE	
28673	1	1	1	FALSE	FALSE	
28674	1	1	1	FALSE	FALSE	
286753	1	1	1	FALSE	FALSE	
28676	1	1	1	FALSE	FALSE	
28677	1	1	1	FALSE	FALSE	
2868	4	3	0.75	TRUE	FALSE	
28680	1	1	1	FALSE	FALSE	
286826	2	1	0.5	TRUE	FALSE	
286827	2	2	1	FALSE	FALSE	
286828	1	1	1	FALSE	FALSE	
28685	1	1	1	FALSE	FALSE	
28688	1	1	1	FALSE	FALSE	
2869	4	4	1	FALSE	FALSE	
286967	1	1	1	FALSE	FALSE	
287	4	4	1	FALSE	FALSE	
2870	3	2	0.666666666666667	TRUE	FALSE	
287015	3	2	0.666666666666667	TRUE	FALSE	
2872	2	1	0.5	TRUE	FALSE	
2873	1	1	1	FALSE	FALSE	
2874	1	1	1	FALSE	FALSE	
28755	1	1	1	FALSE	FALSE	
2876	1	1	1	FALSE	FALSE	
28763	1	1	1	FALSE	FALSE	
2877	2	1	0.5	TRUE	FALSE	
28773	1	1	1	FALSE	FALSE	
2878	2	2	1	FALSE	FALSE	
28785	1	1	1	FALSE	FALSE	
28786	1	1	1	FALSE	FALSE	
2879	1	1	1	FALSE	FALSE	
28793	1	1	1	FALSE	FALSE	
288	4	4	1	FALSE	FALSE	
2880	2	1	0.5	TRUE	FALSE	
2882	1	1	1	FALSE	FALSE	
28831	1	1	1	FALSE	FALSE	
2885	3	3	1	FALSE	FALSE	
2886	1	1	1	FALSE	FALSE	
2887	4	3	0.75	TRUE	FALSE	
2888	1	1	1	FALSE	FALSE	
2889	3	3	1	FALSE	FALSE	
2890	2	2	1	FALSE	FALSE	
28904	1	1	1	FALSE	FALSE	
28908	1	1	1	FALSE	FALSE	
2891	3	3	1	FALSE	FALSE	
2892	5	4	0.8	TRUE	FALSE	
2893	2	2	1	FALSE	FALSE	
2894	3	3	1	FALSE	FALSE	
2895	1	1	1	FALSE	FALSE	
28951	2	2	1	FALSE	FALSE	
28952	2	1	0.5	TRUE	FALSE	
28954	1	1	1	FALSE	FALSE	
28955	1	1	1	FALSE	FALSE	
28956	1	1	1	FALSE	FALSE	
28957	1	1	1	FALSE	FALSE	
28958	2	1	0.5	TRUE	FALSE	
28959	2	2	1	FALSE	FALSE	
2896	1	1	1	FALSE	FALSE	
28960	1	1	1	FALSE	FALSE	
28962	4	4	1	FALSE	FALSE	
28964	1	1	1	FALSE	FALSE	
28965	1	1	1	FALSE	FALSE	
28966	5	2	0.4	TRUE	FALSE	
28968	2	1	0.5	TRUE	FALSE	
28969	1	1	1	FALSE	FALSE	
2897	3	2	0.666666666666667	TRUE	FALSE	
28970	3	2	0.666666666666667	TRUE	FALSE	
28971	3	3	1	FALSE	FALSE	
28972	1	1	1	FALSE	FALSE	
28973	2	1	0.5	TRUE	FALSE	
28974	1	1	1	FALSE	FALSE	
28976	1	1	1	FALSE	FALSE	
28977	3	3	1	FALSE	FALSE	
28978	1	1	1	FALSE	FALSE	
2898	6	3	0.5	TRUE	FALSE	
28981	2	2	1	FALSE	FALSE	
28982	2	2	1	FALSE	FALSE	
28983	1	1	1	FALSE	FALSE	
28984	2	2	1	FALSE	FALSE	
28985	3	2	0.666666666666667	TRUE	FALSE	
28986	1	1	1	FALSE	FALSE	
28987	1	1	1	FALSE	FALSE	
28988	1	1	1	FALSE	FALSE	
28989	3	1	0.333333333333333	TRUE	FALSE	
2899	2	1	0.5	TRUE	FALSE	
28990	1	1	1	FALSE	FALSE	
28991	2	1	0.5	TRUE	FALSE	
28992	1	1	1	FALSE	FALSE	
28996	10	9	0.9	TRUE	FALSE	
28998	1	1	1	FALSE	FALSE	
28999	2	1	0.5	TRUE	FALSE	
29	3	1	0.333333333333333	TRUE	FALSE	
290	3	1	0.333333333333333	TRUE	FALSE	
2900	1	1	1	FALSE	FALSE	
2901	2	1	0.5	TRUE	FALSE	
29015	2	2	1	FALSE	FALSE	
29018	1	1	1	FALSE	FALSE	
2902	1	1	1	FALSE	FALSE	
29028	4	4	1	FALSE	FALSE	
2903	3	2	0.666666666666667	TRUE	FALSE	
29034	1	1	1	FALSE	FALSE	
29035	8	6	0.75	TRUE	FALSE	
2904	3	2	0.666666666666667	TRUE	FALSE	
2905	3	1	0.333333333333333	TRUE	FALSE	
29058	2	2	1	FALSE	FALSE	
2906	1	1	1	FALSE	FALSE	
29062	3	2	0.666666666666667	TRUE	FALSE	
29063	3	2	0.666666666666667	TRUE	FALSE	
29065	1	1	1	FALSE	FALSE	
29066	2	2	1	FALSE	FALSE	
29068	5	3	0.6	TRUE	FALSE	
2907	1	1	1	FALSE	FALSE	
29070	1	1	1	FALSE	FALSE	
29071	2	1	0.5	TRUE	FALSE	
29072	3	1	0.333333333333333	TRUE	FALSE	
29074	1	1	1	FALSE	FALSE	
29075	1	1	1	FALSE	FALSE	
29078	2	2	1	FALSE	FALSE	
29079	2	2	1	FALSE	FALSE	
2908	4	4	1	FALSE	FALSE	
29080	2	2	1	FALSE	FALSE	
29081	2	2	1	FALSE	FALSE	
29082	2	2	1	FALSE	FALSE	
29083	3	3	1	FALSE	FALSE	
29086	1	1	1	FALSE	FALSE	
29087	2	2	1	FALSE	FALSE	
29088	1	1	1	FALSE	FALSE	
29089	1	1	1	FALSE	FALSE	
2909	5	5	1	FALSE	FALSE	
29090	2	2	1	FALSE	FALSE	
29091	4	4	1	FALSE	FALSE	
29092	1	1	1	FALSE	FALSE	
29093	1	1	1	FALSE	FALSE	
29094	2	2	1	FALSE	FALSE	
29095	1	1	1	FALSE	FALSE	
29097	6	5	0.833333333333333	TRUE	FALSE	
29098	2	2	1	FALSE	FALSE	
29099	1	1	1	FALSE	FALSE	
291	2	2	1	FALSE	FALSE	
29100	1	1	1	FALSE	FALSE	
29101	2	2	1	FALSE	FALSE	
29102	1	1	1	FALSE	FALSE	
29103	3	3	1	FALSE	FALSE	
29104	3	3	1	FALSE	FALSE	
29105	1	1	1	FALSE	FALSE	
29106	1	1	1	FALSE	FALSE	
29107	1	1	1	FALSE	FALSE	
29108	1	1	1	FALSE	FALSE	
29109	1	1	1	FALSE	FALSE	
2911	3	3	1	FALSE	FALSE	
29110	1	1	1	FALSE	FALSE	
29113	1	1	1	FALSE	FALSE	
29114	1	1	1	FALSE	FALSE	
29115	2	1	0.5	TRUE	FALSE	
29116	5	4	0.8	TRUE	FALSE	
29117	4	4	1	FALSE	FALSE	
29118	1	1	1	FALSE	FALSE	
29119	4	2	0.5	TRUE	FALSE	
2912	1	1	1	FALSE	FALSE	
29121	3	3	1	FALSE	FALSE	
29122	1	1	1	FALSE	FALSE	
29123	6	4	0.666666666666667	TRUE	FALSE	
29124	1	1	1	FALSE	FALSE	
29125	2	2	1	FALSE	FALSE	
29126	2	1	0.5	TRUE	FALSE	
29127	1	1	1	FALSE	FALSE	
29128	1	1	1	FALSE	FALSE	
2913	1	1	1	FALSE	FALSE	
2914	1	1	1	FALSE	FALSE	
2915	3	2	0.666666666666667	TRUE	FALSE	
2916	1	1	1	FALSE	FALSE	
2917	3	2	0.666666666666667	TRUE	FALSE	
2918	3	3	1	FALSE	FALSE	
2919	1	1	1	FALSE	FALSE	
292	1	1	1	FALSE	FALSE	
2920	2	1	0.5	TRUE	FALSE	
2921	1	1	1	FALSE	FALSE	
2922	1	1	1	FALSE	FALSE	
2923	3	3	1	FALSE	FALSE	
2925	1	1	1	FALSE	FALSE	
2926	4	3	0.75	TRUE	FALSE	
2928	1	1	1	FALSE	FALSE	
293	2	2	1	FALSE	FALSE	
2931	1	1	1	FALSE	FALSE	
2932	5	3	0.6	TRUE	FALSE	
2934	6	5	0.833333333333333	TRUE	FALSE	
2935	5	3	0.6	TRUE	TRUE	240452_at
2936	2	2	1	FALSE	FALSE	
2937	2	2	1	FALSE	FALSE	
2940	1	1	1	FALSE	FALSE	
2941	2	1	0.5	TRUE	FALSE	
2947	2	1	0.5	TRUE	FALSE	
2948	1	1	1	FALSE	FALSE	
2949	1	1	1	FALSE	FALSE	
2950	1	1	1	FALSE	FALSE	
2952	2	1	0.5	TRUE	FALSE	
2954	1	1	1	FALSE	FALSE	
2956	4	2	0.5	TRUE	FALSE	
2957	2	1	0.5	TRUE	FALSE	
2958	3	2	0.666666666666667	TRUE	FALSE	
2959	1	1	1	FALSE	FALSE	
2960	1	1	1	FALSE	FALSE	
2961	1	1	1	FALSE	FALSE	
2962	3	3	1	FALSE	FALSE	
2963	1	1	1	FALSE	FALSE	
2965	3	1	0.333333333333333	TRUE	TRUE	202453_s_at
2967	1	1	1	FALSE	FALSE	
2968	1	1	1	FALSE	FALSE	
2969	1	1	1	FALSE	FALSE	
2971	2	1	0.5	TRUE	TRUE	215091_s_at
2972	4	1	0.25	TRUE	FALSE	
2974	1	1	1	FALSE	FALSE	
2975	2	2	1	FALSE	FALSE	
2976	3	3	1	FALSE	FALSE	
29760	1	1	1	FALSE	FALSE	
29761	5	1	0.2	TRUE	TRUE	220419_s_at
29763	1	1	1	FALSE	FALSE	
29766	4	3	0.75	TRUE	FALSE	
29767	2	2	1	FALSE	FALSE	
2977	6	4	0.666666666666667	TRUE	FALSE	
29774	2	2	1	FALSE	FALSE	
29775	3	2	0.666666666666667	TRUE	FALSE	
29777	1	1	1	FALSE	FALSE	
2978	3	1	0.333333333333333	TRUE	FALSE	
29780	4	4	1	FALSE	FALSE	
29781	5	2	0.4	TRUE	FALSE	
29785	1	1	1	FALSE	FALSE	
29789	2	2	1	FALSE	FALSE	
2979	2	1	0.5	TRUE	FALSE	
29796	2	2	1	FALSE	FALSE	
29797	1	1	1	FALSE	FALSE	
29798	1	1	1	FALSE	FALSE	
29799	3	3	1	FALSE	FALSE	
29800	2	2	1	FALSE	FALSE	
29801	1	1	1	FALSE	FALSE	
29802	1	1	1	FALSE	FALSE	
29803	3	2	0.666666666666667	TRUE	FALSE	
2981	1	1	1	FALSE	FALSE	
2982	4	4	1	FALSE	FALSE	
2983	2	2	1	FALSE	FALSE	
2984	1	1	1	FALSE	FALSE	
29841	2	2	1	FALSE	FALSE	
29842	3	3	1	FALSE	FALSE	
29843	2	1	0.5	TRUE	FALSE	
29844	1	1	1	FALSE	FALSE	
29850	1	1	1	FALSE	FALSE	
29851	1	1	1	FALSE	FALSE	
29855	2	2	1	FALSE	FALSE	
2986	1	1	1	FALSE	FALSE	
2987	2	1	0.5	TRUE	FALSE	
29880	3	3	1	FALSE	FALSE	
29881	3	3	1	FALSE	FALSE	
29882	1	1	1	FALSE	FALSE	
29883	4	3	0.75	TRUE	FALSE	
29886	2	2	1	FALSE	FALSE	
29887	1	1	1	FALSE	FALSE	
29888	1	1	1	FALSE	FALSE	
29889	1	1	1	FALSE	FALSE	
29890	2	1	0.5	TRUE	FALSE	
29893	1	1	1	FALSE	FALSE	
29894	3	2	0.666666666666667	TRUE	FALSE	
29895	1	1	1	FALSE	FALSE	
29896	5	5	1	FALSE	FALSE	
29899	4	4	1	FALSE	FALSE	
2990	2	1	0.5	TRUE	FALSE	
29901	1	1	1	FALSE	FALSE	
29902	1	1	1	FALSE	FALSE	
29903	1	1	1	FALSE	FALSE	
29904	2	1	0.5	TRUE	FALSE	
29906	3	3	1	FALSE	FALSE	
29909	1	1	1	FALSE	FALSE	
29911	1	1	1	FALSE	FALSE	
29914	3	2	0.666666666666667	TRUE	FALSE	
29915	2	2	1	FALSE	FALSE	
29916	2	2	1	FALSE	FALSE	
29919	3	3	1	FALSE	FALSE	
2992	1	1	1	FALSE	FALSE	
29920	2	2	1	FALSE	FALSE	
29922	2	1	0.5	TRUE	FALSE	
29923	2	2	1	FALSE	FALSE	
29924	1	1	1	FALSE	FALSE	
29925	2	2	1	FALSE	FALSE	
29926	1	1	1	FALSE	FALSE	
29927	1	1	1	FALSE	FALSE	
29928	2	1	0.5	TRUE	FALSE	
29929	1	1	1	FALSE	FALSE	
2993	3	3	1	FALSE	FALSE	
29930	1	1	1	FALSE	FALSE	
29931	2	2	1	FALSE	FALSE	
29933	2	1	0.5	TRUE	FALSE	
29934	3	3	1	FALSE	FALSE	
29935	1	1	1	FALSE	FALSE	
29937	2	1	0.5	TRUE	FALSE	
2994	1	1	1	FALSE	FALSE	
29940	4	3	0.75	TRUE	FALSE	
29941	2	1	0.5	TRUE	FALSE	
29942	2	1	0.5	TRUE	FALSE	
29943	2	2	1	FALSE	FALSE	
29944	2	2	1	FALSE	FALSE	
29945	1	1	1	FALSE	FALSE	
29946	1	1	1	FALSE	FALSE	
29947	1	1	1	FALSE	FALSE	
29948	1	1	1	FALSE	FALSE	
29949	1	1	1	FALSE	FALSE	
2995	1	1	1	FALSE	FALSE	
29950	1	1	1	FALSE	FALSE	
29951	1	1	1	FALSE	FALSE	
29952	2	2	1	FALSE	FALSE	
29953	1	1	1	FALSE	FALSE	
29954	2	2	1	FALSE	FALSE	
29956	1	1	1	FALSE	FALSE	
29957	2	2	1	FALSE	FALSE	
29958	2	2	1	FALSE	FALSE	
29959	1	1	1	FALSE	FALSE	
2996	3	1	0.333333333333333	TRUE	FALSE	
29960	2	2	1	FALSE	FALSE	
29965	2	1	0.5	TRUE	FALSE	
29966	2	2	1	FALSE	FALSE	
29967	3	3	1	FALSE	FALSE	
29968	2	1	0.5	TRUE	FALSE	
29969	3	3	1	FALSE	FALSE	
2997	1	1	1	FALSE	FALSE	
29974	2	1	0.5	TRUE	FALSE	
29978	2	2	1	FALSE	FALSE	
29979	3	1	0.333333333333333	TRUE	FALSE	
2998	1	1	1	FALSE	FALSE	
29980	1	1	1	FALSE	FALSE	
29982	2	2	1	FALSE	FALSE	
29984	2	2	1	FALSE	FALSE	
29985	3	2	0.666666666666667	TRUE	FALSE	
29986	1	1	1	FALSE	FALSE	
29988	2	2	1	FALSE	FALSE	
2999	1	1	1	FALSE	FALSE	
29992	2	2	1	FALSE	FALSE	
29993	2	1	0.5	TRUE	FALSE	
29994	1	1	1	FALSE	FALSE	
29995	3	3	1	FALSE	FALSE	
29997	3	1	0.333333333333333	TRUE	FALSE	
29998	1	1	1	FALSE	FALSE	
29999	1	1	1	FALSE	FALSE	
30	1	1	1	FALSE	FALSE	
3000	1	1	1	FALSE	FALSE	
30000	5	2	0.4	TRUE	FALSE	
30001	3	3	1	FALSE	FALSE	
30008	1	1	1	FALSE	FALSE	
30009	1	1	1	FALSE	FALSE	
3001	1	1	1	FALSE	FALSE	
30010	1	1	1	FALSE	FALSE	
30011	3	3	1	FALSE	FALSE	
30012	1	1	1	FALSE	FALSE	
3002	1	1	1	FALSE	FALSE	
3003	1	1	1	FALSE	FALSE	
3004	1	1	1	FALSE	FALSE	
3005	1	1	1	FALSE	FALSE	
3006	1	1	1	FALSE	FALSE	
30061	2	1	0.5	TRUE	FALSE	
30062	1	1	1	FALSE	FALSE	
3007	1	1	1	FALSE	FALSE	
3008	1	1	1	FALSE	FALSE	
3009	1	1	1	FALSE	FALSE	
301	2	2	1	FALSE	FALSE	
3010	2	2	1	FALSE	FALSE	
3012	1	1	1	FALSE	FALSE	
3014	3	2	0.666666666666667	TRUE	FALSE	
3015	2	2	1	FALSE	FALSE	
3018	1	1	1	FALSE	FALSE	
302	1	1	1	FALSE	FALSE	
3020	1	1	1	FALSE	FALSE	
3021	3	2	0.666666666666667	TRUE	FALSE	
3024	1	1	1	FALSE	FALSE	
3026	1	1	1	FALSE	FALSE	
3028	1	1	1	FALSE	FALSE	
3029	1	1	1	FALSE	FALSE	
303	1	1	1	FALSE	FALSE	
3030	3	3	1	FALSE	FALSE	
3032	1	1	1	FALSE	FALSE	
3033	3	3	1	FALSE	FALSE	
3034	3	2	0.666666666666667	TRUE	FALSE	
3035	1	1	1	FALSE	FALSE	
3036	1	1	1	FALSE	FALSE	
3037	2	2	1	FALSE	FALSE	
3038	2	2	1	FALSE	FALSE	
3042	1	1	1	FALSE	FALSE	
3043	1	1	1	FALSE	FALSE	
3044	1	1	1	FALSE	FALSE	
3045	1	1	1	FALSE	FALSE	
3046	2	2	1	FALSE	FALSE	
305	1	1	1	FALSE	FALSE	
3050	1	1	1	FALSE	FALSE	
3052	2	2	1	FALSE	FALSE	
3053	1	1	1	FALSE	FALSE	
3054	2	2	1	FALSE	FALSE	
3055	1	1	1	FALSE	FALSE	
3059	1	1	1	FALSE	FALSE	
306	1	1	1	FALSE	FALSE	
3060	1	1	1	FALSE	FALSE	
3061	1	1	1	FALSE	FALSE	
3062	1	1	1	FALSE	FALSE	
3064	1	1	1	FALSE	FALSE	
3065	1	1	1	FALSE	FALSE	
3066	2	2	1	FALSE	FALSE	
3067	1	1	1	FALSE	FALSE	
3069	4	1	0.25	TRUE	FALSE	
307	2	2	1	FALSE	FALSE	
3070	5	4	0.8	TRUE	FALSE	
3071	3	1	0.333333333333333	TRUE	FALSE	
3073	4	3	0.75	TRUE	FALSE	
3074	1	1	1	FALSE	FALSE	
3075	1	1	1	FALSE	FALSE	
3077	4	3	0.75	TRUE	FALSE	
308	1	1	1	FALSE	FALSE	
3081	4	3	0.75	TRUE	FALSE	
30811	2	1	0.5	TRUE	FALSE	
30812	1	1	1	FALSE	FALSE	
30813	4	2	0.5	TRUE	FALSE	
30814	1	1	1	FALSE	FALSE	
30815	1	1	1	FALSE	FALSE	
30816	1	1	1	FALSE	FALSE	
30817	2	1	0.5	TRUE	FALSE	
30818	4	3	0.75	TRUE	FALSE	
30819	4	4	1	FALSE	FALSE	
3082	5	5	1	FALSE	FALSE	
30820	1	1	1	FALSE	FALSE	
30827	2	2	1	FALSE	FALSE	
3083	1	1	1	FALSE	FALSE	
30832	1	1	1	FALSE	FALSE	
30833	1	1	1	FALSE	FALSE	
30834	2	1	0.5	TRUE	FALSE	
30835	3	2	0.666666666666667	TRUE	FALSE	
30836	1	1	1	FALSE	FALSE	
30837	3	3	1	FALSE	FALSE	
3084	5	4	0.8	TRUE	FALSE	
30844	7	4	0.571428571428571	TRUE	FALSE	
30845	3	2	0.666666666666667	TRUE	FALSE	
30846	3	3	1	FALSE	FALSE	
30847	2	1	0.5	TRUE	FALSE	
30848	1	1	1	FALSE	FALSE	
30849	3	3	1	FALSE	FALSE	
30850	1	1	1	FALSE	FALSE	
30851	1	1	1	FALSE	FALSE	
3087	2	2	1	FALSE	FALSE	
309	2	2	1	FALSE	FALSE	
3090	3	3	1	FALSE	FALSE	
3091	1	1	1	FALSE	FALSE	
3092	4	1	0.25	TRUE	FALSE	
3093	3	3	1	FALSE	FALSE	
3094	3	1	0.333333333333333	TRUE	FALSE	
3096	3	2	0.666666666666667	TRUE	FALSE	
30968	1	1	1	FALSE	FALSE	
3097	3	3	1	FALSE	FALSE	
3098	1	1	1	FALSE	FALSE	
3099	1	1	1	FALSE	FALSE	
31	2	2	1	FALSE	FALSE	
310	2	2	1	FALSE	FALSE	
3101	1	1	1	FALSE	FALSE	
3104	1	1	1	FALSE	FALSE	
3108	1	1	1	FALSE	FALSE	
3109	1	1	1	FALSE	FALSE	
311	3	3	1	FALSE	FALSE	
3110	1	1	1	FALSE	FALSE	
3111	3	3	1	FALSE	FALSE	
3112	2	1	0.5	TRUE	FALSE	
3113	3	3	1	FALSE	FALSE	
3115	2	2	1	FALSE	FALSE	
3116	1	1	1	FALSE	FALSE	
3117	3	2	0.666666666666667	TRUE	FALSE	
3119	2	1	0.5	TRUE	FALSE	
312	1	1	1	FALSE	FALSE	
3120	1	1	1	FALSE	FALSE	
3122	2	2	1	FALSE	FALSE	
3126	3	1	0.333333333333333	TRUE	FALSE	
3128	1	1	1	FALSE	FALSE	
313	1	1	1	FALSE	FALSE	
3131	2	2	1	FALSE	FALSE	
3133	1	1	1	FALSE	FALSE	
3134	1	1	1	FALSE	FALSE	
314	1	1	1	FALSE	FALSE	
3140	6	5	0.833333333333333	TRUE	FALSE	
3141	2	2	1	FALSE	FALSE	
3142	1	1	1	FALSE	FALSE	
3145	1	1	1	FALSE	FALSE	
3146	2	2	1	FALSE	FALSE	
3148	2	1	0.5	TRUE	FALSE	
3149	2	2	1	FALSE	FALSE	
3150	2	2	1	FALSE	FALSE	
3155	1	1	1	FALSE	FALSE	
3156	2	2	1	FALSE	FALSE	
3157	2	2	1	FALSE	FALSE	
3158	2	1	0.5	TRUE	FALSE	
3159	1	1	1	FALSE	FALSE	
316	2	2	1	FALSE	FALSE	
3161	2	2	1	FALSE	FALSE	
3162	1	1	1	FALSE	FALSE	
3163	2	2	1	FALSE	FALSE	
3164	1	1	1	FALSE	FALSE	
3166	1	1	1	FALSE	FALSE	
3167	1	1	1	FALSE	FALSE	
3169	2	2	1	FALSE	FALSE	
317	2	1	0.5	TRUE	FALSE	
3170	3	3	1	FALSE	FALSE	
3171	1	1	1	FALSE	FALSE	
3172	5	2	0.4	TRUE	FALSE	
3174	2	1	0.5	TRUE	FALSE	
3175	1	1	1	FALSE	FALSE	
3176	5	5	1	FALSE	FALSE	
317648	3	3	1	FALSE	FALSE	
317649	4	4	1	FALSE	FALSE	
317662	3	1	0.333333333333333	TRUE	FALSE	
317671	2	2	1	FALSE	FALSE	
3177	4	2	0.5	TRUE	FALSE	
317701	1	1	1	FALSE	FALSE	
317702	1	1	1	FALSE	FALSE	
317703	1	1	1	FALSE	FALSE	
317705	1	1	1	FALSE	FALSE	
317716	1	1	1	FALSE	FALSE	
317719	2	2	1	FALSE	FALSE	
317761	1	1	1	FALSE	FALSE	
317762	1	1	1	FALSE	FALSE	
317781	3	1	0.333333333333333	TRUE	FALSE	
3178	2	2	1	FALSE	FALSE	
318	1	1	1	FALSE	FALSE	
3181	4	3	0.75	TRUE	FALSE	
3182	1	1	1	FALSE	FALSE	
3183	4	1	0.25	TRUE	FALSE	
3184	8	3	0.375	TRUE	FALSE	
3185	1	1	1	FALSE	FALSE	
3187	3	2	0.666666666666667	TRUE	FALSE	
3189	2	2	1	FALSE	FALSE	
319	1	1	1	FALSE	FALSE	
3190	2	2	1	FALSE	FALSE	
319085	2	1	0.5	TRUE	FALSE	
319089	3	3	1	FALSE	FALSE	
3191	2	2	1	FALSE	FALSE	
319101	2	2	1	FALSE	FALSE	
319103	2	1	0.5	TRUE	FALSE	
3192	5	3	0.6	TRUE	FALSE	
3195	1	1	1	FALSE	FALSE	
3196	2	2	1	FALSE	FALSE	
3198	1	1	1	FALSE	FALSE	
3199	1	1	1	FALSE	FALSE	
32	5	5	1	FALSE	FALSE	
320	1	1	1	FALSE	FALSE	
3200	2	2	1	FALSE	FALSE	
3201	1	1	1	FALSE	FALSE	
3202	1	1	1	FALSE	FALSE	
3203	1	1	1	FALSE	FALSE	
3204	2	2	1	FALSE	FALSE	
3206	2	2	1	FALSE	FALSE	
3207	2	1	0.5	TRUE	FALSE	
3208	1	1	1	FALSE	FALSE	
3209	3	3	1	FALSE	FALSE	
321	2	2	1	FALSE	FALSE	
3211	2	2	1	FALSE	FALSE	
3212	1	1	1	FALSE	FALSE	
3213	3	2	0.666666666666667	TRUE	FALSE	
3214	1	1	1	FALSE	FALSE	
3215	1	1	1	FALSE	FALSE	
3216	2	1	0.5	TRUE	FALSE	
3217	2	2	1	FALSE	FALSE	
3218	3	2	0.666666666666667	TRUE	FALSE	
3219	1	1	1	FALSE	FALSE	
322	1	1	1	FALSE	FALSE	
3221	1	1	1	FALSE	FALSE	
3222	1	1	1	FALSE	FALSE	
3223	1	1	1	FALSE	FALSE	
3224	1	1	1	FALSE	FALSE	
3225	1	1	1	FALSE	FALSE	
3226	1	1	1	FALSE	FALSE	
3227	1	1	1	FALSE	FALSE	
3228	1	1	1	FALSE	FALSE	
3229	1	1	1	FALSE	FALSE	
323	6	5	0.833333333333333	TRUE	FALSE	
3231	1	1	1	FALSE	FALSE	
3233	2	2	1	FALSE	FALSE	
3234	1	1	1	FALSE	FALSE	
3235	1	1	1	FALSE	FALSE	
3236	3	2	0.666666666666667	TRUE	FALSE	
3237	1	1	1	FALSE	FALSE	
3238	1	1	1	FALSE	FALSE	
3239	3	2	0.666666666666667	TRUE	FALSE	
324	4	1	0.25	TRUE	FALSE	
3240	1	1	1	FALSE	FALSE	
3241	2	2	1	FALSE	FALSE	
3242	1	1	1	FALSE	FALSE	
3248	3	3	1	FALSE	FALSE	
3249	1	1	1	FALSE	FALSE	
325	1	1	1	FALSE	FALSE	
3250	1	1	1	FALSE	FALSE	
3251	2	1	0.5	TRUE	FALSE	
3257	4	4	1	FALSE	FALSE	
326	1	1	1	FALSE	FALSE	
3263	2	2	1	FALSE	FALSE	
326340	2	2	1	FALSE	FALSE	
3265	1	1	1	FALSE	FALSE	
326624	1	1	1	FALSE	FALSE	
326625	3	1	0.333333333333333	TRUE	FALSE	
3267	5	5	1	FALSE	FALSE	
3268	5	4	0.8	TRUE	FALSE	
3269	2	2	1	FALSE	FALSE	
327	1	1	1	FALSE	FALSE	
3270	1	1	1	FALSE	FALSE	
3273	2	1	0.5	TRUE	FALSE	
3274	2	1	0.5	TRUE	FALSE	
3275	5	4	0.8	TRUE	FALSE	
3276	2	2	1	FALSE	FALSE	
327657	1	1	1	FALSE	FALSE	
328	1	1	1	FALSE	FALSE	
3280	3	3	1	FALSE	FALSE	
3281	2	2	1	FALSE	FALSE	
3283	2	1	0.5	TRUE	FALSE	
3284	1	1	1	FALSE	FALSE	
329	1	1	1	FALSE	FALSE	
3290	1	1	1	FALSE	FALSE	
3291	1	1	1	FALSE	FALSE	
3292	2	1	0.5	TRUE	FALSE	
3293	1	1	1	FALSE	FALSE	
3294	1	1	1	FALSE	FALSE	
3295	2	2	1	FALSE	FALSE	
3297	2	2	1	FALSE	FALSE	
3298	2	2	1	FALSE	FALSE	
3299	1	1	1	FALSE	FALSE	
33	2	2	1	FALSE	FALSE	
330	2	1	0.5	TRUE	FALSE	
3300	1	1	1	FALSE	FALSE	
3301	2	2	1	FALSE	FALSE	
3304	1	1	1	FALSE	FALSE	
3305	2	1	0.5	TRUE	FALSE	
3306	1	1	1	FALSE	FALSE	
3308	2	2	1	FALSE	FALSE	
3309	2	2	1	FALSE	FALSE	
331	5	5	1	FALSE	FALSE	
3310	2	2	1	FALSE	FALSE	
3312	1	1	1	FALSE	FALSE	
3313	4	2	0.5	TRUE	FALSE	
3315	1	1	1	FALSE	FALSE	
3316	1	1	1	FALSE	FALSE	
332	3	3	1	FALSE	FALSE	
3320	4	4	1	FALSE	FALSE	
3321	4	2	0.5	TRUE	FALSE	
3326	3	3	1	FALSE	FALSE	
3329	5	3	0.6	TRUE	FALSE	
333	1	1	1	FALSE	FALSE	
3336	1	1	1	FALSE	FALSE	
3337	2	1	0.5	TRUE	FALSE	
3338	5	3	0.6	TRUE	FALSE	
3339	2	2	1	FALSE	FALSE	
333926	1	1	1	FALSE	FALSE	
333929	1	1	1	FALSE	FALSE	
334	4	2	0.5	TRUE	FALSE	
3340	3	1	0.333333333333333	TRUE	FALSE	
3344	2	2	1	FALSE	FALSE	
3347	1	1	1	FALSE	FALSE	
3350	1	1	1	FALSE	FALSE	
3351	1	1	1	FALSE	FALSE	
3352	1	1	1	FALSE	FALSE	
3354	1	1	1	FALSE	FALSE	
3355	1	1	1	FALSE	FALSE	
3356	3	2	0.666666666666667	TRUE	FALSE	
3357	1	1	1	FALSE	FALSE	
3358	2	2	1	FALSE	FALSE	
3359	2	1	0.5	TRUE	FALSE	
336	2	2	1	FALSE	FALSE	
3360	3	1	0.333333333333333	TRUE	FALSE	
3361	1	1	1	FALSE	FALSE	
3362	2	2	1	FALSE	FALSE	
3363	2	1	0.5	TRUE	FALSE	
3364	2	2	1	FALSE	FALSE	
337	1	1	1	FALSE	FALSE	
3371	3	3	1	FALSE	FALSE	
3373	1	1	1	FALSE	FALSE	
3375	1	1	1	FALSE	FALSE	
3376	1	1	1	FALSE	FALSE	
337867	1	1	1	FALSE	FALSE	
337876	1	1	1	FALSE	FALSE	
337878	1	1	1	FALSE	FALSE	
337879	1	1	1	FALSE	FALSE	
337880	1	1	1	FALSE	FALSE	
337882	1	1	1	FALSE	FALSE	
337970	1	1	1	FALSE	FALSE	
338	2	2	1	FALSE	FALSE	
338004	1	1	1	FALSE	FALSE	
338005	1	1	1	FALSE	FALSE	
338069	1	1	1	FALSE	FALSE	
338094	1	1	1	FALSE	FALSE	
3381	2	1	0.5	TRUE	FALSE	
3382	5	1	0.2	TRUE	FALSE	
3383	3	3	1	FALSE	FALSE	
338321	1	1	1	FALSE	FALSE	
338322	1	1	1	FALSE	FALSE	
338323	1	1	1	FALSE	FALSE	
338324	1	1	1	FALSE	FALSE	
338328	1	1	1	FALSE	FALSE	
338339	2	1	0.5	TRUE	FALSE	
338376	1	1	1	FALSE	FALSE	
338382	2	2	1	FALSE	FALSE	
3384	2	2	1	FALSE	FALSE	
338440	1	1	1	FALSE	FALSE	
3385	1	1	1	FALSE	FALSE	
338557	1	1	1	FALSE	FALSE	
338579	3	2	0.666666666666667	TRUE	FALSE	
338588	1	1	1	FALSE	FALSE	
3386	1	1	1	FALSE	FALSE	
338645	1	1	1	FALSE	FALSE	
338651	2	2	1	FALSE	FALSE	
338653	1	1	1	FALSE	FALSE	
338657	1	1	1	FALSE	FALSE	
338661	1	1	1	FALSE	FALSE	
338667	1	1	1	FALSE	FALSE	
338692	3	3	1	FALSE	FALSE	
338694	1	1	1	FALSE	FALSE	
338707	1	1	1	FALSE	FALSE	
338739	1	1	1	FALSE	FALSE	
338758	1	1	1	FALSE	FALSE	
338773	1	1	1	FALSE	FALSE	
338785	1	1	1	FALSE	FALSE	
338799	2	2	1	FALSE	FALSE	
338811	1	1	1	FALSE	FALSE	
338817	1	1	1	FALSE	FALSE	
338862	1	1	1	FALSE	FALSE	
338864	1	1	1	FALSE	FALSE	
338872	1	1	1	FALSE	FALSE	
338963	1	1	1	FALSE	FALSE	
339	1	1	1	FALSE	FALSE	
339105	1	1	1	FALSE	FALSE	
339122	1	1	1	FALSE	FALSE	
339123	1	1	1	FALSE	FALSE	
339168	1	1	1	FALSE	FALSE	
339201	1	1	1	FALSE	FALSE	
339210	1	1	1	FALSE	FALSE	
339221	1	1	1	FALSE	FALSE	
339229	2	2	1	FALSE	FALSE	
339230	1	1	1	FALSE	FALSE	
339231	1	1	1	FALSE	FALSE	
339263	4	3	0.75	TRUE	FALSE	
339287	2	2	1	FALSE	FALSE	
339290	4	4	1	FALSE	FALSE	
339298	1	1	1	FALSE	FALSE	
339318	1	1	1	FALSE	FALSE	
339324	2	2	1	FALSE	FALSE	
339327	3	3	1	FALSE	FALSE	
339344	1	1	1	FALSE	FALSE	
339345	1	1	1	FALSE	FALSE	
339352	1	1	1	FALSE	FALSE	
339366	1	1	1	FALSE	FALSE	
339390	1	1	1	FALSE	FALSE	
3394	1	1	1	FALSE	FALSE	
339400	2	2	1	FALSE	FALSE	
339416	1	1	1	FALSE	FALSE	
339442	1	1	1	FALSE	FALSE	
339448	2	1	0.5	TRUE	FALSE	
339451	2	1	0.5	TRUE	FALSE	
339456	1	1	1	FALSE	FALSE	
339468	1	1	1	FALSE	FALSE	
339476	1	1	1	FALSE	FALSE	
339479	1	1	1	FALSE	FALSE	
339483	2	1	0.5	TRUE	FALSE	
339487	1	1	1	FALSE	FALSE	
339488	1	1	1	FALSE	FALSE	
339500	4	3	0.75	TRUE	FALSE	
339505	1	1	1	FALSE	FALSE	
339512	1	1	1	FALSE	FALSE	
339524	2	2	1	FALSE	FALSE	
339535	1	1	1	FALSE	FALSE	
339539	1	1	1	FALSE	FALSE	
339541	4	2	0.5	TRUE	FALSE	
339559	1	1	1	FALSE	FALSE	
339568	1	1	1	FALSE	FALSE	
339593	1	1	1	FALSE	FALSE	
3396	1	1	1	FALSE	FALSE	
339622	1	1	1	FALSE	FALSE	
339665	2	2	1	FALSE	FALSE	
339666	1	1	1	FALSE	FALSE	
339669	1	1	1	FALSE	FALSE	
339685	1	1	1	FALSE	FALSE	
3397	1	1	1	FALSE	FALSE	
339742	1	1	1	FALSE	FALSE	
339745	2	2	1	FALSE	FALSE	
339751	1	1	1	FALSE	FALSE	
339761	1	1	1	FALSE	FALSE	
339766	2	1	0.5	TRUE	FALSE	
339768	1	1	1	FALSE	FALSE	
339778	1	1	1	FALSE	FALSE	
339779	1	1	1	FALSE	FALSE	
339788	1	1	1	FALSE	FALSE	
339789	1	1	1	FALSE	FALSE	
3398	1	1	1	FALSE	FALSE	
339803	2	2	1	FALSE	FALSE	
339804	1	1	1	FALSE	FALSE	
339807	1	1	1	FALSE	FALSE	
339822	1	1	1	FALSE	FALSE	
339834	3	2	0.666666666666667	TRUE	FALSE	
339855	4	3	0.75	TRUE	FALSE	
339862	1	1	1	FALSE	FALSE	
339874	2	2	1	FALSE	FALSE	
339883	1	1	1	FALSE	FALSE	
339894	1	1	1	FALSE	FALSE	
339896	1	1	1	FALSE	FALSE	
3399	1	1	1	FALSE	FALSE	
339929	1	1	1	FALSE	FALSE	
339942	1	1	1	FALSE	FALSE	
339965	2	1	0.5	TRUE	FALSE	
339975	1	1	1	FALSE	FALSE	
339976	1	1	1	FALSE	FALSE	
339977	1	1	1	FALSE	FALSE	
339978	1	1	1	FALSE	FALSE	
339983	2	2	1	FALSE	FALSE	
339988	1	1	1	FALSE	FALSE	
34	1	1	1	FALSE	FALSE	
3400	4	3	0.75	TRUE	FALSE	
340017	1	1	1	FALSE	FALSE	
340024	3	1	0.333333333333333	TRUE	FALSE	
340037	1	1	1	FALSE	FALSE	
340061	2	2	1	FALSE	FALSE	
340069	1	1	1	FALSE	FALSE	
340074	1	1	1	FALSE	FALSE	
340075	1	1	1	FALSE	FALSE	
340090	1	1	1	FALSE	FALSE	
340094	2	1	0.5	TRUE	FALSE	
340107	2	1	0.5	TRUE	FALSE	
340146	1	1	1	FALSE	FALSE	
340152	1	1	1	FALSE	FALSE	
340156	3	3	1	FALSE	FALSE	
340168	1	1	1	FALSE	FALSE	
340184	1	1	1	FALSE	FALSE	
340205	1	1	1	FALSE	FALSE	
340206	1	1	1	FALSE	FALSE	
340267	2	2	1	FALSE	FALSE	
340273	4	4	1	FALSE	FALSE	
340348	1	1	1	FALSE	FALSE	
340351	2	1	0.5	TRUE	FALSE	
340357	1	1	1	FALSE	FALSE	
340371	1	1	1	FALSE	FALSE	
340385	1	1	1	FALSE	FALSE	
340419	1	1	1	FALSE	FALSE	
340481	8	7	0.875	TRUE	FALSE	
340485	1	1	1	FALSE	FALSE	
340526	1	1	1	FALSE	FALSE	
340527	2	2	1	FALSE	FALSE	
340533	3	1	0.333333333333333	TRUE	FALSE	
340542	1	1	1	FALSE	FALSE	
340544	2	2	1	FALSE	FALSE	
340547	2	2	1	FALSE	FALSE	
340554	2	2	1	FALSE	FALSE	
340578	1	1	1	FALSE	FALSE	
340581	1	1	1	FALSE	FALSE	
340591	2	2	1	FALSE	FALSE	
340596	1	1	1	FALSE	FALSE	
340602	1	1	1	FALSE	FALSE	
340719	1	1	1	FALSE	FALSE	
340895	1	1	1	FALSE	FALSE	
341019	1	1	1	FALSE	FALSE	
341032	1	1	1	FALSE	FALSE	
341405	1	1	1	FALSE	FALSE	
341567	3	2	0.666666666666667	TRUE	FALSE	
3416	2	2	1	FALSE	FALSE	
341640	1	1	1	FALSE	FALSE	
341676	2	2	1	FALSE	FALSE	
3417	3	2	0.666666666666667	TRUE	FALSE	
3418	2	2	1	FALSE	FALSE	
341880	1	1	1	FALSE	FALSE	
3419	3	3	1	FALSE	FALSE	
341947	1	1	1	FALSE	FALSE	
3420	2	2	1	FALSE	FALSE	
342035	2	2	1	FALSE	FALSE	
3421	1	1	1	FALSE	FALSE	
342184	3	2	0.666666666666667	TRUE	FALSE	
3422	1	1	1	FALSE	FALSE	
3423	7	3	0.428571428571429	TRUE	FALSE	
342357	1	1	1	FALSE	FALSE	
342371	2	2	1	FALSE	FALSE	
3425	3	1	0.333333333333333	TRUE	FALSE	
342527	1	1	1	FALSE	FALSE	
342538	1	1	1	FALSE	FALSE	
342574	1	1	1	FALSE	FALSE	
3426	2	1	0.5	TRUE	FALSE	
342667	1	1	1	FALSE	FALSE	
3428	2	2	1	FALSE	FALSE	
342892	1	1	1	FALSE	FALSE	
342898	1	1	1	FALSE	FALSE	
3429	1	1	1	FALSE	FALSE	
342908	1	1	1	FALSE	FALSE	
342909	1	1	1	FALSE	FALSE	
342918	1	1	1	FALSE	FALSE	
342926	4	3	0.75	TRUE	FALSE	
342945	1	1	1	FALSE	FALSE	
342977	1	1	1	FALSE	FALSE	
342979	1	1	1	FALSE	FALSE	
343	1	1	1	FALSE	FALSE	
3430	1	1	1	FALSE	FALSE	
343035	1	1	1	FALSE	FALSE	
343071	1	1	1	FALSE	FALSE	
343099	3	3	1	FALSE	FALSE	
3431	2	2	1	FALSE	FALSE	
3433	2	2	1	FALSE	FALSE	
3434	1	1	1	FALSE	FALSE	
343450	2	2	1	FALSE	FALSE	
343637	1	1	1	FALSE	FALSE	
343641	1	1	1	FALSE	FALSE	
3437	2	2	1	FALSE	FALSE	
3439	1	1	1	FALSE	FALSE	
343990	3	3	1	FALSE	FALSE	
344	2	2	1	FALSE	FALSE	
3440	1	1	1	FALSE	FALSE	
344018	1	1	1	FALSE	FALSE	
344148	1	1	1	FALSE	FALSE	
3442	1	1	1	FALSE	FALSE	
3443	1	1	1	FALSE	FALSE	
344405	1	1	1	FALSE	FALSE	
3445	1	1	1	FALSE	FALSE	
344558	1	1	1	FALSE	FALSE	
344595	2	2	1	FALSE	FALSE	
344752	1	1	1	FALSE	FALSE	
344758	1	1	1	FALSE	FALSE	
344838	2	2	1	FALSE	FALSE	
344887	1	1	1	FALSE	FALSE	
344905	2	1	0.5	TRUE	FALSE	
345	2	1	0.5	TRUE	FALSE	
3454	4	3	0.75	TRUE	FALSE	
345462	1	1	1	FALSE	FALSE	
3455	2	2	1	FALSE	FALSE	
345557	2	2	1	FALSE	FALSE	
3456	1	1	1	FALSE	FALSE	
345611	1	1	1	FALSE	FALSE	
345630	1	1	1	FALSE	FALSE	
345757	1	1	1	FALSE	FALSE	
345778	2	2	1	FALSE	FALSE	
3458	1	1	1	FALSE	FALSE	
345895	1	1	1	FALSE	FALSE	
3459	3	1	0.333333333333333	TRUE	FALSE	
3460	1	1	1	FALSE	FALSE	
346157	4	1	0.25	TRUE	FALSE	
346171	1	1	1	FALSE	FALSE	
346389	3	2	0.666666666666667	TRUE	FALSE	
346562	1	1	1	FALSE	FALSE	
346606	1	1	1	FALSE	FALSE	
346653	1	1	1	FALSE	FALSE	
346689	2	2	1	FALSE	FALSE	
3467	1	1	1	FALSE	FALSE	
347	1	1	1	FALSE	FALSE	
347088	1	1	1	FALSE	FALSE	
347240	1	1	1	FALSE	FALSE	
347252	1	1	1	FALSE	FALSE	
347273	1	1	1	FALSE	FALSE	
347344	6	2	0.333333333333333	TRUE	FALSE	
347365	1	1	1	FALSE	FALSE	
347404	1	1	1	FALSE	FALSE	
347442	1	1	1	FALSE	FALSE	
347475	1	1	1	FALSE	FALSE	
3475	3	3	1	FALSE	FALSE	
3476	1	1	1	FALSE	FALSE	
347730	1	1	1	FALSE	FALSE	
347732	1	1	1	FALSE	FALSE	
347734	1	1	1	FALSE	FALSE	
347735	4	4	1	FALSE	FALSE	
347736	1	1	1	FALSE	FALSE	
347853	2	2	1	FALSE	FALSE	
347862	1	1	1	FALSE	FALSE	
3479	4	4	1	FALSE	FALSE	
347902	1	1	1	FALSE	FALSE	
347918	3	2	0.666666666666667	TRUE	FALSE	
348	4	1	0.25	TRUE	FALSE	
3480	5	3	0.6	TRUE	FALSE	
348013	1	1	1	FALSE	FALSE	
348093	1	1	1	FALSE	FALSE	
348094	2	2	1	FALSE	FALSE	
348110	3	3	1	FALSE	FALSE	
348120	1	1	1	FALSE	FALSE	
348158	1	1	1	FALSE	FALSE	
348180	3	2	0.666666666666667	TRUE	FALSE	
3482	3	1	0.333333333333333	TRUE	FALSE	
348235	2	1	0.5	TRUE	FALSE	
348254	1	1	1	FALSE	FALSE	
348262	1	1	1	FALSE	FALSE	
3483	1	1	1	FALSE	FALSE	
348327	1	1	1	FALSE	FALSE	
348378	2	2	1	FALSE	FALSE	
3484	2	2	1	FALSE	FALSE	
348487	1	1	1	FALSE	FALSE	
3485	1	1	1	FALSE	FALSE	
3486	2	2	1	FALSE	FALSE	
348645	2	2	1	FALSE	FALSE	
348654	2	1	0.5	TRUE	FALSE	
3487	1	1	1	FALSE	FALSE	
348751	2	2	1	FALSE	FALSE	
348761	1	1	1	FALSE	FALSE	
348793	1	1	1	FALSE	FALSE	
3488	6	2	0.333333333333333	TRUE	FALSE	
348801	1	1	1	FALSE	FALSE	
348807	2	2	1	FALSE	FALSE	
348808	2	1	0.5	TRUE	FALSE	
348825	1	1	1	FALSE	FALSE	
3489	1	1	1	FALSE	FALSE	
348932	1	1	1	FALSE	FALSE	
348938	1	1	1	FALSE	FALSE	
348980	2	1	0.5	TRUE	FALSE	
348995	2	2	1	FALSE	FALSE	
3490	3	3	1	FALSE	FALSE	
349075	1	1	1	FALSE	FALSE	
3491	2	2	1	FALSE	FALSE	
349114	1	1	1	FALSE	FALSE	
349136	2	2	1	FALSE	FALSE	
349152	1	1	1	FALSE	FALSE	
349160	1	1	1	FALSE	FALSE	
3492	3	2	0.666666666666667	TRUE	FALSE	
349408	1	1	1	FALSE	FALSE	
3495	3	2	0.666666666666667	TRUE	FALSE	
349565	2	2	1	FALSE	FALSE	
349667	1	1	1	FALSE	FALSE	
3497	2	2	1	FALSE	FALSE	
35	1	1	1	FALSE	FALSE	
350	1	1	1	FALSE	FALSE	
3500	2	2	1	FALSE	FALSE	
3507	2	2	1	FALSE	FALSE	
3508	3	2	0.666666666666667	TRUE	FALSE	
351	2	2	1	FALSE	FALSE	
3512	1	1	1	FALSE	FALSE	
3514	2	2	1	FALSE	FALSE	
3516	2	2	1	FALSE	FALSE	
352909	1	1	1	FALSE	FALSE	
352954	2	2	1	FALSE	FALSE	
352961	1	1	1	FALSE	FALSE	
352990	1	1	1	FALSE	FALSE	
352999	2	1	0.5	TRUE	FALSE	
353	2	2	1	FALSE	FALSE	
353116	1	1	1	FALSE	FALSE	
353132	1	1	1	FALSE	FALSE	
353135	1	1	1	FALSE	FALSE	
353149	2	2	1	FALSE	FALSE	
353174	1	1	1	FALSE	FALSE	
353189	1	1	1	FALSE	FALSE	
353219	1	1	1	FALSE	FALSE	
353274	1	1	1	FALSE	FALSE	
353299	1	1	1	FALSE	FALSE	
353322	1	1	1	FALSE	FALSE	
353324	1	1	1	FALSE	FALSE	
353345	1	1	1	FALSE	FALSE	
353355	2	1	0.5	TRUE	FALSE	
353497	2	1	0.5	TRUE	FALSE	
353500	2	2	1	FALSE	FALSE	
353514	4	1	0.25	TRUE	FALSE	
3537	2	1	0.5	TRUE	FALSE	
354	1	1	1	FALSE	FALSE	
3543	1	1	1	FALSE	FALSE	
3547	2	2	1	FALSE	FALSE	
3549	2	2	1	FALSE	FALSE	
355	3	1	0.333333333333333	TRUE	FALSE	
3550	1	1	1	FALSE	FALSE	
3551	3	2	0.666666666666667	TRUE	FALSE	
3552	2	1	0.5	TRUE	FALSE	
3553	2	2	1	FALSE	FALSE	
3554	2	2	1	FALSE	FALSE	
3556	2	2	1	FALSE	FALSE	
3557	5	2	0.4	TRUE	FALSE	
3558	1	1	1	FALSE	FALSE	
3559	2	1	0.5	TRUE	FALSE	
356	2	1	0.5	TRUE	FALSE	
3560	1	1	1	FALSE	FALSE	
3561	1	1	1	FALSE	FALSE	
3562	1	1	1	FALSE	FALSE	
3563	1	1	1	FALSE	FALSE	
3565	2	2	1	FALSE	FALSE	
3566	1	1	1	FALSE	FALSE	
3567	1	1	1	FALSE	FALSE	
3568	4	4	1	FALSE	FALSE	
3569	1	1	1	FALSE	FALSE	
357	1	1	1	FALSE	FALSE	
3570	3	3	1	FALSE	FALSE	
3572	6	1	0.166666666666667	TRUE	FALSE	
3574	2	2	1	FALSE	FALSE	
3575	2	2	1	FALSE	FALSE	
3576	1	1	1	FALSE	FALSE	
3577	1	1	1	FALSE	FALSE	
3578	1	1	1	FALSE	FALSE	
3579	1	1	1	FALSE	FALSE	
358	2	2	1	FALSE	FALSE	
3581	2	1	0.5	TRUE	FALSE	
3586	1	1	1	FALSE	FALSE	
3587	1	1	1	FALSE	FALSE	
3588	1	1	1	FALSE	FALSE	
3589	2	1	0.5	TRUE	FALSE	
359	3	3	1	FALSE	FALSE	
3590	2	1	0.5	TRUE	FALSE	
3592	1	1	1	FALSE	FALSE	
3593	1	1	1	FALSE	FALSE	
3594	3	1	0.333333333333333	TRUE	FALSE	
3595	1	1	1	FALSE	FALSE	
3596	1	1	1	FALSE	FALSE	
3597	4	3	0.75	TRUE	FALSE	
359787	1	1	1	FALSE	FALSE	
3598	1	1	1	FALSE	FALSE	
359845	2	2	1	FALSE	FALSE	
359948	4	4	1	FALSE	FALSE	
36	2	2	1	FALSE	FALSE	
360	3	3	1	FALSE	FALSE	
3600	2	2	1	FALSE	FALSE	
360023	1	1	1	FALSE	FALSE	
3601	1	1	1	FALSE	FALSE	
360205	1	1	1	FALSE	FALSE	
3603	3	3	1	FALSE	FALSE	
3604	3	1	0.333333333333333	TRUE	FALSE	
3605	2	2	1	FALSE	FALSE	
3606	1	1	1	FALSE	FALSE	
3607	4	2	0.5	TRUE	FALSE	
3608	1	1	1	FALSE	FALSE	
3609	5	5	1	FALSE	FALSE	
361	4	1	0.25	TRUE	FALSE	
3611	1	1	1	FALSE	FALSE	
3612	1	1	1	FALSE	FALSE	
3613	1	1	1	FALSE	FALSE	
3614	1	1	1	FALSE	FALSE	
3615	1	1	1	FALSE	FALSE	
3617	1	1	1	FALSE	FALSE	
3619	1	1	1	FALSE	FALSE	
362	1	1	1	FALSE	FALSE	
3620	1	1	1	FALSE	FALSE	
3621	1	1	1	FALSE	FALSE	
3622	2	2	1	FALSE	FALSE	
3623	1	1	1	FALSE	FALSE	
3624	3	3	1	FALSE	FALSE	
3625	1	1	1	FALSE	FALSE	
3626	2	2	1	FALSE	FALSE	
3627	1	1	1	FALSE	FALSE	
3628	1	1	1	FALSE	FALSE	
363	2	2	1	FALSE	FALSE	
3630	1	1	1	FALSE	FALSE	
3631	5	2	0.4	TRUE	FALSE	
3632	2	2	1	FALSE	FALSE	
3633	3	2	0.666666666666667	TRUE	FALSE	
3635	3	3	1	FALSE	FALSE	
3636	1	1	1	FALSE	FALSE	
3638	3	3	1	FALSE	FALSE	
364	1	1	1	FALSE	FALSE	
3640	3	1	0.333333333333333	TRUE	FALSE	
3641	1	1	1	FALSE	FALSE	
3642	1	1	1	FALSE	FALSE	
3643	5	4	0.8	TRUE	FALSE	
3645	1	1	1	FALSE	FALSE	
3646	2	1	0.5	TRUE	FALSE	
3651	3	3	1	FALSE	FALSE	
3652	5	3	0.6	TRUE	FALSE	
3653	3	2	0.666666666666667	TRUE	FALSE	
3654	2	1	0.5	TRUE	FALSE	
3655	2	1	0.5	TRUE	FALSE	
3656	3	2	0.666666666666667	TRUE	FALSE	
3658	3	2	0.666666666666667	TRUE	FALSE	
3659	2	2	1	FALSE	FALSE	
366	1	1	1	FALSE	FALSE	
3660	1	1	1	FALSE	FALSE	
3661	1	1	1	FALSE	FALSE	
3662	3	1	0.333333333333333	TRUE	FALSE	
3663	3	2	0.666666666666667	TRUE	FALSE	
3664	3	3	1	FALSE	FALSE	
3665	1	1	1	FALSE	FALSE	
3667	3	1	0.333333333333333	TRUE	FALSE	
3669	2	2	1	FALSE	FALSE	
367	4	4	1	FALSE	FALSE	
3670	1	1	1	FALSE	FALSE	
3671	1	1	1	FALSE	FALSE	
3672	3	3	1	FALSE	FALSE	
3673	2	2	1	FALSE	FALSE	
3674	4	3	0.75	TRUE	FALSE	
3675	1	1	1	FALSE	FALSE	
3676	4	3	0.75	TRUE	FALSE	
3678	1	1	1	FALSE	FALSE	
3679	2	2	1	FALSE	FALSE	
368	2	2	1	FALSE	FALSE	
3680	4	3	0.75	TRUE	FALSE	
3681	1	1	1	FALSE	FALSE	
3682	1	1	1	FALSE	FALSE	
3683	2	2	1	FALSE	FALSE	
3684	2	2	1	FALSE	FALSE	
3685	1	1	1	FALSE	FALSE	
3687	2	1	0.5	TRUE	FALSE	
3688	3	3	1	FALSE	FALSE	
3689	2	1	0.5	TRUE	FALSE	
369	2	2	1	FALSE	FALSE	
3690	7	6	0.857142857142857	TRUE	FALSE	
3691	5	2	0.4	TRUE	FALSE	
3692	1	1	1	FALSE	FALSE	
3693	2	1	0.5	TRUE	FALSE	
3695	1	1	1	FALSE	FALSE	
3696	4	2	0.5	TRUE	FALSE	
3697	1	1	1	FALSE	FALSE	
3698	1	1	1	FALSE	FALSE	
3699	1	1	1	FALSE	FALSE	
37	1	1	1	FALSE	FALSE	
3700	4	3	0.75	TRUE	FALSE	
3702	1	1	1	FALSE	FALSE	
3703	1	1	1	FALSE	FALSE	
3704	1	1	1	FALSE	FALSE	
3705	2	2	1	FALSE	FALSE	
3706	1	1	1	FALSE	FALSE	
3707	5	4	0.8	TRUE	FALSE	
3708	4	4	1	FALSE	FALSE	
3709	4	2	0.5	TRUE	FALSE	
3710	4	1	0.25	TRUE	TRUE	201189_s_at
3712	4	2	0.5	TRUE	FALSE	
3713	1	1	1	FALSE	FALSE	
3714	2	2	1	FALSE	FALSE	
3716	5	3	0.6	TRUE	FALSE	
3717	3	2	0.666666666666667	TRUE	FALSE	
3718	4	3	0.75	TRUE	FALSE	
372	1	1	1	FALSE	FALSE	
3720	3	3	1	FALSE	FALSE	
3725	3	3	1	FALSE	FALSE	
3726	1	1	1	FALSE	FALSE	
3727	2	2	1	FALSE	FALSE	
3728	1	1	1	FALSE	FALSE	
373	2	2	1	FALSE	FALSE	
3730	2	1	0.5	TRUE	FALSE	
373156	1	1	1	FALSE	FALSE	
3732	1	1	1	FALSE	FALSE	
3735	2	2	1	FALSE	FALSE	
3736	2	1	0.5	TRUE	FALSE	
3737	2	2	1	FALSE	FALSE	
3738	1	1	1	FALSE	FALSE	
373861	1	1	1	FALSE	FALSE	
373863	2	2	1	FALSE	FALSE	
3739	1	1	1	FALSE	FALSE	
374	3	2	0.666666666666667	TRUE	FALSE	
3741	1	1	1	FALSE	FALSE	
374286	4	2	0.5	TRUE	FALSE	
374291	2	2	1	FALSE	FALSE	
3743	1	1	1	FALSE	FALSE	
374354	4	3	0.75	TRUE	FALSE	
374355	1	1	1	FALSE	FALSE	
374378	2	2	1	FALSE	FALSE	
374383	1	1	1	FALSE	FALSE	
374387	1	1	1	FALSE	FALSE	
374393	2	2	1	FALSE	FALSE	
3744	1	1	1	FALSE	FALSE	
374403	1	1	1	FALSE	FALSE	
374407	2	1	0.5	TRUE	FALSE	
374443	3	1	0.333333333333333	TRUE	FALSE	
374454	1	1	1	FALSE	FALSE	
374470	2	2	1	FALSE	FALSE	
374491	1	1	1	FALSE	FALSE	
3745	4	4	1	FALSE	FALSE	
374569	2	2	1	FALSE	FALSE	
3746	2	2	1	FALSE	FALSE	
374618	4	3	0.75	TRUE	FALSE	
374654	1	1	1	FALSE	FALSE	
374655	5	5	1	FALSE	FALSE	
374659	1	1	1	FALSE	FALSE	
3747	2	1	0.5	TRUE	FALSE	
374739	1	1	1	FALSE	FALSE	
374768	1	1	1	FALSE	FALSE	
374786	2	1	0.5	TRUE	FALSE	
3748	3	3	1	FALSE	FALSE	
374819	2	2	1	FALSE	FALSE	
374860	1	1	1	FALSE	FALSE	
374864	1	1	1	FALSE	FALSE	
374868	6	4	0.666666666666667	TRUE	FALSE	
374875	2	1	0.5	TRUE	FALSE	
374882	1	1	1	FALSE	FALSE	
374890	1	1	1	FALSE	FALSE	
374897	1	1	1	FALSE	FALSE	
374899	1	1	1	FALSE	FALSE	
3749	3	2	0.666666666666667	TRUE	FALSE	
374900	5	4	0.8	TRUE	FALSE	
374907	1	1	1	FALSE	FALSE	
374918	1	1	1	FALSE	FALSE	
374920	1	1	1	FALSE	FALSE	
374946	3	2	0.666666666666667	TRUE	FALSE	
374955	1	1	1	FALSE	FALSE	
374969	1	1	1	FALSE	FALSE	
374973	1	1	1	FALSE	FALSE	
374977	1	1	1	FALSE	FALSE	
374986	1	1	1	FALSE	FALSE	
374987	1	1	1	FALSE	FALSE	
375	3	3	1	FALSE	FALSE	
3750	1	1	1	FALSE	FALSE	
375033	1	1	1	FALSE	FALSE	
375035	2	2	1	FALSE	FALSE	
375056	3	2	0.666666666666667	TRUE	FALSE	
375057	2	2	1	FALSE	FALSE	
375061	1	1	1	FALSE	FALSE	
3751	1	1	1	FALSE	FALSE	
375189	2	1	0.5	TRUE	FALSE	
375190	1	1	1	FALSE	FALSE	
375196	1	1	1	FALSE	FALSE	
3752	4	3	0.75	TRUE	FALSE	
375248	1	1	1	FALSE	FALSE	
375287	2	2	1	FALSE	FALSE	
375295	1	1	1	FALSE	FALSE	
375323	1	1	1	FALSE	FALSE	
375341	2	2	1	FALSE	FALSE	
375346	1	1	1	FALSE	FALSE	
375387	1	1	1	FALSE	FALSE	
3754	1	1	1	FALSE	FALSE	
375444	1	1	1	FALSE	FALSE	
375449	7	6	0.857142857142857	TRUE	FALSE	
375484	1	1	1	FALSE	FALSE	
3755	2	1	0.5	TRUE	FALSE	
375513	1	1	1	FALSE	FALSE	
375593	1	1	1	FALSE	FALSE	
3756	1	1	1	FALSE	FALSE	
375607	2	2	1	FALSE	FALSE	
375612	1	1	1	FALSE	FALSE	
375616	3	2	0.666666666666667	TRUE	FALSE	
375686	1	1	1	FALSE	FALSE	
3757	2	2	1	FALSE	FALSE	
375704	1	1	1	FALSE	FALSE	
375743	3	1	0.333333333333333	TRUE	FALSE	
375748	6	2	0.333333333333333	TRUE	TRUE	232013_at
375757	1	1	1	FALSE	FALSE	
375759	1	1	1	FALSE	FALSE	
375775	2	1	0.5	TRUE	FALSE	
375790	3	2	0.666666666666667	TRUE	FALSE	
375791	1	1	1	FALSE	FALSE	
3758	2	2	1	FALSE	FALSE	
375850	1	1	1	FALSE	FALSE	
3759	1	1	1	FALSE	FALSE	
3760	3	3	1	FALSE	FALSE	
3761	2	2	1	FALSE	FALSE	
3762	3	2	0.666666666666667	TRUE	FALSE	
376267	2	2	1	FALSE	FALSE	
3763	2	2	1	FALSE	FALSE	
3764	2	2	1	FALSE	FALSE	
376497	1	1	1	FALSE	FALSE	
3765	2	1	0.5	TRUE	FALSE	
3766	2	1	0.5	TRUE	FALSE	
376693	1	1	1	FALSE	FALSE	
3767	1	1	1	FALSE	FALSE	
3768	2	2	1	FALSE	FALSE	
3769	2	2	1	FALSE	FALSE	
376940	2	2	1	FALSE	FALSE	
377	3	3	1	FALSE	FALSE	
3770	1	1	1	FALSE	FALSE	
3772	5	4	0.8	TRUE	FALSE	
3773	2	2	1	FALSE	FALSE	
3775	4	4	1	FALSE	FALSE	
3776	1	1	1	FALSE	FALSE	
377677	2	1	0.5	TRUE	FALSE	
3777	3	1	0.333333333333333	TRUE	FALSE	
3778	4	4	1	FALSE	FALSE	
3779	2	2	1	FALSE	FALSE	
378	2	2	1	FALSE	FALSE	
3780	1	1	1	FALSE	FALSE	
3781	1	1	1	FALSE	FALSE	
3782	4	3	0.75	TRUE	FALSE	
3783	1	1	1	FALSE	FALSE	
3784	2	2	1	FALSE	FALSE	
3785	3	3	1	FALSE	FALSE	
3786	3	2	0.666666666666667	TRUE	FALSE	
3787	1	1	1	FALSE	FALSE	
378708	1	1	1	FALSE	FALSE	
3788	3	1	0.333333333333333	TRUE	FALSE	
378805	3	3	1	FALSE	FALSE	
378825	1	1	1	FALSE	FALSE	
378828	1	1	1	FALSE	FALSE	
378832	1	1	1	FALSE	FALSE	
378925	1	1	1	FALSE	FALSE	
378938	4	4	1	FALSE	FALSE	
379	2	1	0.5	TRUE	FALSE	
3790	1	1	1	FALSE	FALSE	
379025	3	3	1	FALSE	FALSE	
379034	1	1	1	FALSE	FALSE	
3791	1	1	1	FALSE	FALSE	
3792	1	1	1	FALSE	FALSE	
3795	2	2	1	FALSE	FALSE	
3796	3	1	0.333333333333333	TRUE	FALSE	
3797	2	2	1	FALSE	FALSE	
3798	3	2	0.666666666666667	TRUE	FALSE	
3799	3	3	1	FALSE	FALSE	
38	3	3	1	FALSE	FALSE	
3800	3	1	0.333333333333333	TRUE	FALSE	
3801	2	1	0.5	TRUE	FALSE	
3809	1	1	1	FALSE	FALSE	
381	1	1	1	FALSE	FALSE	
3814	1	1	1	FALSE	FALSE	
3815	1	1	1	FALSE	FALSE	
3816	1	1	1	FALSE	FALSE	
3817	4	2	0.5	TRUE	FALSE	
3818	1	1	1	FALSE	FALSE	
382	2	1	0.5	TRUE	FALSE	
3820	1	1	1	FALSE	FALSE	
3823	1	1	1	FALSE	FALSE	
3824	1	1	1	FALSE	FALSE	
3827	3	2	0.666666666666667	TRUE	FALSE	
383	4	1	0.25	TRUE	FALSE	
3831	4	2	0.5	TRUE	FALSE	
3832	1	1	1	FALSE	FALSE	
3833	1	1	1	FALSE	FALSE	
3834	1	1	1	FALSE	FALSE	
3835	2	2	1	FALSE	FALSE	
3836	6	3	0.5	TRUE	FALSE	
3837	5	5	1	FALSE	FALSE	
3838	2	2	1	FALSE	FALSE	
3839	2	2	1	FALSE	FALSE	
384	2	2	1	FALSE	FALSE	
3840	5	4	0.8	TRUE	FALSE	
3841	3	1	0.333333333333333	TRUE	FALSE	
3842	6	4	0.666666666666667	TRUE	FALSE	
3843	4	4	1	FALSE	FALSE	
3845	4	2	0.5	TRUE	TRUE	204010_s_at
3846	1	1	1	FALSE	FALSE	
3848	1	1	1	FALSE	FALSE	
3849	1	1	1	FALSE	FALSE	
3850	1	1	1	FALSE	FALSE	
3851	2	2	1	FALSE	FALSE	
3852	1	1	1	FALSE	FALSE	
3853	1	1	1	FALSE	FALSE	
3854	1	1	1	FALSE	FALSE	
3855	1	1	1	FALSE	FALSE	
3857	1	1	1	FALSE	FALSE	
3858	1	1	1	FALSE	FALSE	
3859	1	1	1	FALSE	FALSE	
3860	1	1	1	FALSE	FALSE	
3861	1	1	1	FALSE	FALSE	
386597	3	2	0.666666666666667	TRUE	FALSE	
3866	1	1	1	FALSE	FALSE	
386618	1	1	1	FALSE	FALSE	
386678	1	1	1	FALSE	FALSE	
386758	2	2	1	FALSE	FALSE	
3868	1	1	1	FALSE	FALSE	
387	3	1	0.333333333333333	TRUE	FALSE	
387032	1	1	1	FALSE	FALSE	
387036	1	1	1	FALSE	FALSE	
387066	1	1	1	FALSE	FALSE	
387103	1	1	1	FALSE	FALSE	
387104	2	1	0.5	TRUE	FALSE	
387119	2	1	0.5	TRUE	FALSE	
3872	1	1	1	FALSE	FALSE	
387263	2	2	1	FALSE	FALSE	
387316	1	1	1	FALSE	FALSE	
387338	4	2	0.5	TRUE	FALSE	
387357	2	2	1	FALSE	FALSE	
387486	2	1	0.5	TRUE	FALSE	
387496	1	1	1	FALSE	FALSE	
387509	2	2	1	FALSE	FALSE	
387521	2	2	1	FALSE	FALSE	
387590	3	3	1	FALSE	FALSE	
387597	2	2	1	FALSE	FALSE	
387601	2	2	1	FALSE	FALSE	
387640	2	2	1	FALSE	FALSE	
387694	1	1	1	FALSE	FALSE	
387695	2	1	0.5	TRUE	FALSE	
387707	1	1	1	FALSE	FALSE	
387718	1	1	1	FALSE	FALSE	
387723	1	1	1	FALSE	FALSE	
387751	2	2	1	FALSE	FALSE	
387755	1	1	1	FALSE	FALSE	
387758	2	2	1	FALSE	FALSE	
387763	1	1	1	FALSE	FALSE	
387837	2	2	1	FALSE	FALSE	
387856	1	1	1	FALSE	FALSE	
387882	1	1	1	FALSE	FALSE	
387885	2	1	0.5	TRUE	FALSE	
387893	4	3	0.75	TRUE	FALSE	
387895	4	3	0.75	TRUE	FALSE	
387914	2	2	1	FALSE	FALSE	
387921	3	2	0.666666666666667	TRUE	FALSE	
387923	6	2	0.333333333333333	TRUE	FALSE	
387978	1	1	1	FALSE	FALSE	
388	3	2	0.666666666666667	TRUE	FALSE	
3880	2	2	1	FALSE	FALSE	
388011	3	2	0.666666666666667	TRUE	FALSE	
388021	1	1	1	FALSE	FALSE	
3881	1	1	1	FALSE	FALSE	
388115	1	1	1	FALSE	FALSE	
388121	1	1	1	FALSE	FALSE	
388125	1	1	1	FALSE	FALSE	
388135	2	1	0.5	TRUE	FALSE	
388182	1	1	1	FALSE	FALSE	
3882	1	1	1	FALSE	FALSE	
388228	2	2	1	FALSE	FALSE	
388272	2	1	0.5	TRUE	FALSE	
388284	1	1	1	FALSE	FALSE	
388327	1	1	1	FALSE	FALSE	
388335	1	1	1	FALSE	FALSE	
388336	2	2	1	FALSE	FALSE	
388341	1	1	1	FALSE	FALSE	
388381	1	1	1	FALSE	FALSE	
388387	2	2	1	FALSE	FALSE	
388394	1	1	1	FALSE	FALSE	
3884	1	1	1	FALSE	FALSE	
388403	3	1	0.333333333333333	TRUE	FALSE	
388407	1	1	1	FALSE	FALSE	
388419	1	1	1	FALSE	FALSE	
388456	1	1	1	FALSE	FALSE	
388503	1	1	1	FALSE	FALSE	
388507	1	1	1	FALSE	FALSE	
388531	1	1	1	FALSE	FALSE	
388533	1	1	1	FALSE	FALSE	
388552	2	1	0.5	TRUE	FALSE	
388564	1	1	1	FALSE	FALSE	
388566	1	1	1	FALSE	FALSE	
388567	1	1	1	FALSE	FALSE	
388569	2	1	0.5	TRUE	FALSE	
388581	1	1	1	FALSE	FALSE	
388585	1	1	1	FALSE	FALSE	
388588	1	1	1	FALSE	FALSE	
388591	3	2	0.666666666666667	TRUE	FALSE	
3886	1	1	1	FALSE	FALSE	
388610	2	1	0.5	TRUE	FALSE	
388630	3	2	0.666666666666667	TRUE	FALSE	
388650	1	1	1	FALSE	FALSE	
388662	2	1	0.5	TRUE	FALSE	
388677	1	1	1	FALSE	FALSE	
388685	3	2	0.666666666666667	TRUE	FALSE	
388692	2	1	0.5	TRUE	FALSE	
388695	1	1	1	FALSE	FALSE	
388698	1	1	1	FALSE	FALSE	
388699	2	1	0.5	TRUE	FALSE	
3887	1	1	1	FALSE	FALSE	
388714	1	1	1	FALSE	FALSE	
388722	2	2	1	FALSE	FALSE	
388743	1	1	1	FALSE	FALSE	
388753	1	1	1	FALSE	FALSE	
388780	1	1	1	FALSE	FALSE	
388789	1	1	1	FALSE	FALSE	
388796	2	2	1	FALSE	FALSE	
3888	1	1	1	FALSE	FALSE	
388815	3	3	1	FALSE	FALSE	
388882	1	1	1	FALSE	FALSE	
388886	2	2	1	FALSE	FALSE	
3889	1	1	1	FALSE	FALSE	
388906	1	1	1	FALSE	FALSE	
388939	1	1	1	FALSE	FALSE	
388942	1	1	1	FALSE	FALSE	
388948	1	1	1	FALSE	FALSE	
388951	1	1	1	FALSE	FALSE	
388962	1	1	1	FALSE	FALSE	
388963	1	1	1	FALSE	FALSE	
388969	4	4	1	FALSE	FALSE	
389	1	1	1	FALSE	FALSE	
3890	1	1	1	FALSE	FALSE	
389023	1	1	1	FALSE	FALSE	
389043	2	2	1	FALSE	FALSE	
389058	1	1	1	FALSE	FALSE	
389072	2	2	1	FALSE	FALSE	
389073	1	1	1	FALSE	FALSE	
389084	2	1	0.5	TRUE	FALSE	
3891	1	1	1	FALSE	FALSE	
389114	1	1	1	FALSE	FALSE	
389119	1	1	1	FALSE	FALSE	
389123	1	1	1	FALSE	FALSE	
389124	1	1	1	FALSE	FALSE	
389136	2	2	1	FALSE	FALSE	
389161	3	2	0.666666666666667	TRUE	FALSE	
389170	2	1	0.5	TRUE	FALSE	
389199	1	1	1	FALSE	FALSE	
3892	1	1	1	FALSE	FALSE	
389203	1	1	1	FALSE	FALSE	
389206	2	1	0.5	TRUE	FALSE	
389247	1	1	1	FALSE	FALSE	
389289	1	1	1	FALSE	FALSE	
389320	1	1	1	FALSE	FALSE	
389332	1	1	1	FALSE	FALSE	
389336	1	1	1	FALSE	FALSE	
389337	2	1	0.5	TRUE	FALSE	
389362	4	2	0.5	TRUE	FALSE	
389376	1	1	1	FALSE	FALSE	
389421	1	1	1	FALSE	FALSE	
389432	3	2	0.666666666666667	TRUE	FALSE	
389434	1	1	1	FALSE	FALSE	
389458	1	1	1	FALSE	FALSE	
3895	2	1	0.5	TRUE	FALSE	
389541	1	1	1	FALSE	FALSE	
389634	2	1	0.5	TRUE	FALSE	
389641	1	1	1	FALSE	FALSE	
389677	2	2	1	FALSE	FALSE	
3897	2	2	1	FALSE	FALSE	
389715	2	1	0.5	TRUE	FALSE	
389741	2	1	0.5	TRUE	FALSE	
389765	1	1	1	FALSE	FALSE	
389792	2	2	1	FALSE	FALSE	
3898	2	2	1	FALSE	FALSE	
389812	1	1	1	FALSE	FALSE	
389813	1	1	1	FALSE	FALSE	
389831	2	2	1	FALSE	FALSE	
389834	4	3	0.75	TRUE	FALSE	
389840	1	1	1	FALSE	FALSE	
389856	2	1	0.5	TRUE	FALSE	
389874	1	1	1	FALSE	FALSE	
389895	1	1	1	FALSE	FALSE	
3899	6	4	0.666666666666667	TRUE	FALSE	
389903	1	1	1	FALSE	FALSE	
389932	1	1	1	FALSE	FALSE	
39	1	1	1	FALSE	FALSE	
390	1	1	1	FALSE	FALSE	
390010	1	1	1	FALSE	FALSE	
390035	1	1	1	FALSE	FALSE	
390058	1	1	1	FALSE	FALSE	
390059	1	1	1	FALSE	FALSE	
390063	1	1	1	FALSE	FALSE	
390064	1	1	1	FALSE	FALSE	
390066	1	1	1	FALSE	FALSE	
3902	1	1	1	FALSE	FALSE	
390205	1	1	1	FALSE	FALSE	
3903	2	2	1	FALSE	FALSE	
3904	1	1	1	FALSE	FALSE	
390502	1	1	1	FALSE	FALSE	
390595	2	1	0.5	TRUE	FALSE	
3906	1	1	1	FALSE	FALSE	
390616	1	1	1	FALSE	FALSE	
390637	1	1	1	FALSE	FALSE	
390688	1	1	1	FALSE	FALSE	
390705	1	1	1	FALSE	FALSE	
390790	1	1	1	FALSE	FALSE	
3908	4	3	0.75	TRUE	FALSE	
390892	1	1	1	FALSE	FALSE	
3909	6	4	0.666666666666667	TRUE	FALSE	
390916	1	1	1	FALSE	FALSE	
390927	1	1	1	FALSE	FALSE	
390940	1	1	1	FALSE	FALSE	
390963	2	1	0.5	TRUE	FALSE	
390980	3	1	0.333333333333333	TRUE	FALSE	
390999	1	1	1	FALSE	FALSE	
391	1	1	1	FALSE	FALSE	
3910	5	5	1	FALSE	FALSE	
391059	1	1	1	FALSE	FALSE	
3911	1	1	1	FALSE	FALSE	
3912	2	2	1	FALSE	FALSE	
3913	1	1	1	FALSE	FALSE	
391356	1	1	1	FALSE	FALSE	
3914	1	1	1	FALSE	FALSE	
3915	2	2	1	FALSE	FALSE	
3916	4	4	1	FALSE	FALSE	
391712	1	1	1	FALSE	FALSE	
3918	2	1	0.5	TRUE	FALSE	
392	3	3	1	FALSE	FALSE	
3920	4	3	0.75	TRUE	FALSE	
392307	1	1	1	FALSE	FALSE	
392459	1	1	1	FALSE	FALSE	
392465	2	2	1	FALSE	FALSE	
3925	2	1	0.5	TRUE	TRUE	200783_s_at
392617	1	1	1	FALSE	FALSE	
3927	1	1	1	FALSE	FALSE	
3929	2	2	1	FALSE	FALSE	
393	1	1	1	FALSE	FALSE	
3930	1	1	1	FALSE	FALSE	
3931	2	1	0.5	TRUE	FALSE	
3932	2	2	1	FALSE	FALSE	
3933	1	1	1	FALSE	FALSE	
3934	1	1	1	FALSE	FALSE	
3936	1	1	1	FALSE	FALSE	
3937	6	5	0.833333333333333	TRUE	FALSE	
3938	1	1	1	FALSE	FALSE	
3939	1	1	1	FALSE	FALSE	
394	4	4	1	FALSE	FALSE	
394261	1	1	1	FALSE	FALSE	
3948	1	1	1	FALSE	FALSE	
3949	5	3	0.6	TRUE	FALSE	
395	2	1	0.5	TRUE	FALSE	
3950	1	1	1	FALSE	FALSE	
3952	1	1	1	FALSE	FALSE	
3953	4	4	1	FALSE	FALSE	
3954	3	2	0.666666666666667	TRUE	FALSE	
3955	2	1	0.5	TRUE	FALSE	
3956	1	1	1	FALSE	FALSE	
3957	1	1	1	FALSE	FALSE	
3958	2	1	0.5	TRUE	TRUE	208949_s_at
3959	1	1	1	FALSE	FALSE	
396	1	1	1	FALSE	FALSE	
3960	1	1	1	FALSE	FALSE	
3964	5	4	0.8	TRUE	FALSE	
3965	1	1	1	FALSE	FALSE	
397	3	2	0.666666666666667	TRUE	FALSE	
3973	1	1	1	FALSE	FALSE	
3975	1	1	1	FALSE	FALSE	
3976	1	1	1	FALSE	FALSE	
3977	5	4	0.8	TRUE	FALSE	
3978	1	1	1	FALSE	FALSE	
398	1	1	1	FALSE	FALSE	
3980	5	4	0.8	TRUE	FALSE	
3981	2	2	1	FALSE	FALSE	
3982	1	1	1	FALSE	FALSE	
3983	2	2	1	FALSE	FALSE	
3984	3	3	1	FALSE	FALSE	
3985	3	2	0.666666666666667	TRUE	FALSE	
3987	3	2	0.666666666666667	TRUE	FALSE	
3988	2	1	0.5	TRUE	FALSE	
399	2	2	1	FALSE	FALSE	
3990	1	1	1	FALSE	FALSE	
3991	2	2	1	FALSE	FALSE	
3992	2	2	1	FALSE	FALSE	
3993	3	3	1	FALSE	FALSE	
399473	1	1	1	FALSE	FALSE	
399474	1	1	1	FALSE	FALSE	
3995	2	2	1	FALSE	FALSE	
399512	2	1	0.5	TRUE	FALSE	
3996	4	2	0.5	TRUE	FALSE	
399664	2	1	0.5	TRUE	FALSE	
399665	2	1	0.5	TRUE	FALSE	
399668	1	1	1	FALSE	FALSE	
399670	1	1	1	FALSE	FALSE	
399671	1	1	1	FALSE	FALSE	
399687	1	1	1	FALSE	FALSE	
399693	2	2	1	FALSE	FALSE	
399694	2	2	1	FALSE	FALSE	
399716	1	1	1	FALSE	FALSE	
399717	2	2	1	FALSE	FALSE	
399726	3	1	0.333333333333333	TRUE	FALSE	
399761	2	1	0.5	TRUE	FALSE	
3998	3	1	0.333333333333333	TRUE	FALSE	
399806	1	1	1	FALSE	FALSE	
399818	3	2	0.666666666666667	TRUE	FALSE	
399821	3	3	1	FALSE	FALSE	
399833	1	1	1	FALSE	FALSE	
399876	1	1	1	FALSE	FALSE	
399900	2	1	0.5	TRUE	FALSE	
399909	1	1	1	FALSE	FALSE	
399947	3	3	1	FALSE	FALSE	
399948	1	1	1	FALSE	FALSE	
399949	1	1	1	FALSE	FALSE	
399959	1	1	1	FALSE	FALSE	
399967	1	1	1	FALSE	FALSE	
399972	1	1	1	FALSE	FALSE	
399979	5	4	0.8	TRUE	FALSE	
40	1	1	1	FALSE	FALSE	
400	3	3	1	FALSE	FALSE	
4000	3	1	0.333333333333333	TRUE	FALSE	
400027	2	1	0.5	TRUE	FALSE	
400043	1	1	1	FALSE	FALSE	
400073	3	2	0.666666666666667	TRUE	FALSE	
400084	1	1	1	FALSE	FALSE	
4001	1	1	1	FALSE	FALSE	
400120	1	1	1	FALSE	FALSE	
400128	1	1	1	FALSE	FALSE	
400236	2	2	1	FALSE	FALSE	
400238	3	3	1	FALSE	FALSE	
400242	2	1	0.5	TRUE	FALSE	
400258	2	2	1	FALSE	FALSE	
400360	1	1	1	FALSE	FALSE	
4004	1	1	1	FALSE	FALSE	
400410	1	1	1	FALSE	FALSE	
400451	2	2	1	FALSE	FALSE	
400456	1	1	1	FALSE	FALSE	
400499	1	1	1	FALSE	FALSE	
4005	2	1	0.5	TRUE	TRUE	204249_s_at
400500	1	1	1	FALSE	FALSE	
400506	3	3	1	FALSE	FALSE	
400512	2	1	0.5	TRUE	FALSE	
400541	1	1	1	FALSE	FALSE	
400548	1	1	1	FALSE	FALSE	
400550	2	2	1	FALSE	FALSE	
400566	1	1	1	FALSE	FALSE	
400568	1	1	1	FALSE	FALSE	
400569	1	1	1	FALSE	FALSE	
400579	1	1	1	FALSE	FALSE	
400581	4	3	0.75	TRUE	FALSE	
400604	1	1	1	FALSE	FALSE	
400617	1	1	1	FALSE	FALSE	
400620	2	2	1	FALSE	FALSE	
400622	1	1	1	FALSE	FALSE	
400627	2	1	0.5	TRUE	FALSE	
400629	1	1	1	FALSE	FALSE	
400643	1	1	1	FALSE	FALSE	
400654	1	1	1	FALSE	FALSE	
400655	2	2	1	FALSE	FALSE	
400657	1	1	1	FALSE	FALSE	
400680	3	2	0.666666666666667	TRUE	FALSE	
400684	1	1	1	FALSE	FALSE	
4007	1	1	1	FALSE	FALSE	
400709	1	1	1	FALSE	FALSE	
400710	1	1	1	FALSE	FALSE	
400713	2	2	1	FALSE	FALSE	
400745	1	1	1	FALSE	FALSE	
400748	1	1	1	FALSE	FALSE	
400752	1	1	1	FALSE	FALSE	
400759	1	1	1	FALSE	FALSE	
400761	1	1	1	FALSE	FALSE	
400793	1	1	1	FALSE	FALSE	
400794	3	3	1	FALSE	FALSE	
400798	1	1	1	FALSE	FALSE	
4008	4	3	0.75	TRUE	FALSE	
400830	1	1	1	FALSE	FALSE	
400831	2	2	1	FALSE	FALSE	
400891	1	1	1	FALSE	FALSE	
4009	1	1	1	FALSE	FALSE	
400916	1	1	1	FALSE	FALSE	
400931	3	2	0.666666666666667	TRUE	FALSE	
400940	2	2	1	FALSE	FALSE	
400941	1	1	1	FALSE	FALSE	
400946	1	1	1	FALSE	FALSE	
400952	1	1	1	FALSE	FALSE	
400954	2	1	0.5	TRUE	FALSE	
400955	2	2	1	FALSE	FALSE	
400958	1	1	1	FALSE	FALSE	
400960	7	4	0.571428571428571	TRUE	FALSE	
400961	1	1	1	FALSE	FALSE	
400986	1	1	1	FALSE	FALSE	
400999	1	1	1	FALSE	FALSE	
401	1	1	1	FALSE	FALSE	
4010	1	1	1	FALSE	FALSE	
401014	1	1	1	FALSE	FALSE	
401022	3	2	0.666666666666667	TRUE	FALSE	
401024	1	1	1	FALSE	FALSE	
401067	1	1	1	FALSE	FALSE	
401074	2	2	1	FALSE	FALSE	
401081	1	1	1	FALSE	FALSE	
401093	2	2	1	FALSE	FALSE	
401097	1	1	1	FALSE	FALSE	
401106	2	2	1	FALSE	FALSE	
401124	1	1	1	FALSE	FALSE	
401134	2	2	1	FALSE	FALSE	
401145	2	2	1	FALSE	FALSE	
401152	3	3	1	FALSE	FALSE	
401172	1	1	1	FALSE	FALSE	
401176	1	1	1	FALSE	FALSE	
4012	5	4	0.8	TRUE	FALSE	
401207	4	3	0.75	TRUE	FALSE	
401233	1	1	1	FALSE	FALSE	
401237	3	1	0.333333333333333	TRUE	FALSE	
401260	1	1	1	FALSE	FALSE	
401261	2	2	1	FALSE	FALSE	
401262	1	1	1	FALSE	FALSE	
401264	1	1	1	FALSE	FALSE	
401265	2	2	1	FALSE	FALSE	
401282	1	1	1	FALSE	FALSE	
401288	1	1	1	FALSE	FALSE	
4013	2	2	1	FALSE	FALSE	
401312	2	2	1	FALSE	FALSE	
401320	8	5	0.625	TRUE	FALSE	
401321	3	2	0.666666666666667	TRUE	FALSE	
401324	1	1	1	FALSE	FALSE	
401387	1	1	1	FALSE	FALSE	
401398	1	1	1	FALSE	FALSE	
4014	1	1	1	FALSE	FALSE	
401431	1	1	1	FALSE	FALSE	
401442	1	1	1	FALSE	FALSE	
401463	2	2	1	FALSE	FALSE	
401466	2	1	0.5	TRUE	FALSE	
401474	2	2	1	FALSE	FALSE	
401491	1	1	1	FALSE	FALSE	
401494	2	1	0.5	TRUE	FALSE	
401497	1	1	1	FALSE	FALSE	
4015	3	3	1	FALSE	FALSE	
401505	2	2	1	FALSE	FALSE	
401546	1	1	1	FALSE	FALSE	
401548	1	1	1	FALSE	FALSE	
401551	2	2	1	FALSE	FALSE	
401562	2	1	0.5	TRUE	FALSE	
401565	1	1	1	FALSE	FALSE	
401577	1	1	1	FALSE	FALSE	
401585	1	1	1	FALSE	FALSE	
401588	1	1	1	FALSE	FALSE	
4016	1	1	1	FALSE	FALSE	
401612	2	2	1	FALSE	FALSE	
401630	1	1	1	FALSE	FALSE	
401647	1	1	1	FALSE	FALSE	
4017	4	3	0.75	TRUE	FALSE	
4018	1	1	1	FALSE	FALSE	
402055	2	1	0.5	TRUE	FALSE	
402160	1	1	1	FALSE	FALSE	
4023	2	2	1	FALSE	FALSE	
402381	1	1	1	FALSE	FALSE	
402415	1	1	1	FALSE	FALSE	
402483	1	1	1	FALSE	FALSE	
4025	1	1	1	FALSE	FALSE	
402573	1	1	1	FALSE	FALSE	
4026	7	7	1	FALSE	FALSE	
402643	1	1	1	FALSE	FALSE	
402665	1	1	1	FALSE	FALSE	
402682	1	1	1	FALSE	FALSE	
402778	3	2	0.666666666666667	TRUE	FALSE	
402779	1	1	1	FALSE	FALSE	
403	2	1	0.5	TRUE	FALSE	
403150	1	1	1	FALSE	FALSE	
4033	2	2	1	FALSE	FALSE	
403312	1	1	1	FALSE	FALSE	
403313	1	1	1	FALSE	FALSE	
403314	1	1	1	FALSE	FALSE	
403323	2	2	1	FALSE	FALSE	
403341	1	1	1	FALSE	FALSE	
4034	2	2	1	FALSE	FALSE	
4035	4	3	0.75	TRUE	FALSE	
4036	2	2	1	FALSE	FALSE	
4037	2	2	1	FALSE	FALSE	
4038	1	1	1	FALSE	FALSE	
4040	3	3	1	FALSE	FALSE	
404037	1	1	1	FALSE	FALSE	
404093	2	2	1	FALSE	FALSE	
4041	2	2	1	FALSE	FALSE	
404201	3	3	1	FALSE	FALSE	
404203	1	1	1	FALSE	FALSE	
404216	1	1	1	FALSE	FALSE	
404220	1	1	1	FALSE	FALSE	
404266	5	5	1	FALSE	FALSE	
4043	2	2	1	FALSE	FALSE	
4045	6	3	0.5	TRUE	FALSE	
404550	1	1	1	FALSE	FALSE	
4046	1	1	1	FALSE	FALSE	
404636	2	2	1	FALSE	FALSE	
404672	4	4	1	FALSE	FALSE	
4047	3	3	1	FALSE	FALSE	
404744	2	1	0.5	TRUE	FALSE	
4048	1	1	1	FALSE	FALSE	
4049	1	1	1	FALSE	FALSE	
405	5	3	0.6	TRUE	FALSE	
4050	2	1	0.5	TRUE	FALSE	
4051	1	1	1	FALSE	FALSE	
4052	2	2	1	FALSE	FALSE	
4053	2	1	0.5	TRUE	FALSE	
4054	2	1	0.5	TRUE	FALSE	
4055	3	2	0.666666666666667	TRUE	FALSE	
4056	1	1	1	FALSE	FALSE	
4057	1	1	1	FALSE	FALSE	
405753	1	1	1	FALSE	FALSE	
405754	1	1	1	FALSE	FALSE	
4058	2	1	0.5	TRUE	FALSE	
4059	2	1	0.5	TRUE	FALSE	
406	2	2	1	FALSE	FALSE	
4060	2	2	1	FALSE	FALSE	
4061	1	1	1	FALSE	FALSE	
4062	1	1	1	FALSE	FALSE	
4063	2	1	0.5	TRUE	FALSE	
4064	1	1	1	FALSE	FALSE	
4065	1	1	1	FALSE	FALSE	
4066	1	1	1	FALSE	FALSE	
4067	3	3	1	FALSE	FALSE	
4068	1	1	1	FALSE	FALSE	
406886	1	1	1	FALSE	FALSE	
4069	2	2	1	FALSE	FALSE	
407	1	1	1	FALSE	FALSE	
4070	4	1	0.25	TRUE	FALSE	
4071	5	4	0.8	TRUE	FALSE	
4072	1	1	1	FALSE	FALSE	
4074	2	2	1	FALSE	FALSE	
4076	8	7	0.875	TRUE	FALSE	
4077	4	3	0.75	TRUE	TRUE	1568857_a_at
407738	1	1	1	FALSE	FALSE	
407975	1	1	1	FALSE	FALSE	
408	6	6	1	FALSE	FALSE	
408050	1	1	1	FALSE	FALSE	
4082	4	2	0.5	TRUE	FALSE	
408263	1	1	1	FALSE	FALSE	
4084	3	2	0.666666666666667	TRUE	FALSE	
4085	3	3	1	FALSE	FALSE	
4086	2	2	1	FALSE	FALSE	
4087	6	5	0.833333333333333	TRUE	FALSE	
4088	3	1	0.333333333333333	TRUE	FALSE	
4089	5	4	0.8	TRUE	FALSE	
409	1	1	1	FALSE	FALSE	
4090	5	5	1	FALSE	FALSE	
4091	4	1	0.25	TRUE	FALSE	
4092	1	1	1	FALSE	FALSE	
4093	2	2	1	FALSE	FALSE	
4094	5	5	1	FALSE	FALSE	
4097	2	2	1	FALSE	FALSE	
4099	2	1	0.5	TRUE	FALSE	
41	2	1	0.5	TRUE	FALSE	
410	2	1	0.5	TRUE	FALSE	
4103	1	1	1	FALSE	FALSE	
4107	1	1	1	FALSE	FALSE	
4109	1	1	1	FALSE	FALSE	
411	3	2	0.666666666666667	TRUE	FALSE	
4110	1	1	1	FALSE	FALSE	
4112	1	1	1	FALSE	FALSE	
4113	1	1	1	FALSE	FALSE	
4114	1	1	1	FALSE	FALSE	
4115	2	2	1	FALSE	FALSE	
4116	2	2	1	FALSE	FALSE	
4117	2	1	0.5	TRUE	FALSE	
4118	1	1	1	FALSE	FALSE	
412	4	4	1	FALSE	FALSE	
4121	2	2	1	FALSE	FALSE	
4122	2	2	1	FALSE	FALSE	
4123	2	2	1	FALSE	FALSE	
4124	3	3	1	FALSE	FALSE	
4125	1	1	1	FALSE	FALSE	
4126	1	1	1	FALSE	FALSE	
4128	3	3	1	FALSE	FALSE	
4129	3	2	0.666666666666667	TRUE	FALSE	
4130	3	2	0.666666666666667	TRUE	FALSE	
4131	3	3	1	FALSE	FALSE	
4133	2	2	1	FALSE	FALSE	
4134	7	6	0.857142857142857	TRUE	FALSE	
4135	4	4	1	FALSE	FALSE	
4137	5	3	0.6	TRUE	FALSE	
4139	3	3	1	FALSE	FALSE	
414	6	5	0.833333333333333	TRUE	FALSE	
4140	2	1	0.5	TRUE	FALSE	
4141	2	2	1	FALSE	FALSE	
414157	1	1	1	FALSE	FALSE	
414194	1	1	1	FALSE	FALSE	
414196	1	1	1	FALSE	FALSE	
4142	1	1	1	FALSE	FALSE	
414201	2	1	0.5	TRUE	FALSE	
414235	2	2	1	FALSE	FALSE	
414236	1	1	1	FALSE	FALSE	
414243	1	1	1	FALSE	FALSE	
414245	1	1	1	FALSE	FALSE	
414260	1	1	1	FALSE	FALSE	
4143	1	1	1	FALSE	FALSE	
414300	1	1	1	FALSE	FALSE	
414301	1	1	1	FALSE	FALSE	
414319	1	1	1	FALSE	FALSE	
414328	2	1	0.5	TRUE	FALSE	
414332	1	1	1	FALSE	FALSE	
4144	2	2	1	FALSE	FALSE	
4145	1	1	1	FALSE	FALSE	
4146	2	1	0.5	TRUE	FALSE	
4147	2	2	1	FALSE	FALSE	
414771	1	1	1	FALSE	FALSE	
414777	7	5	0.714285714285714	TRUE	FALSE	
4148	1	1	1	FALSE	FALSE	
414899	1	1	1	FALSE	FALSE	
4149	3	1	0.333333333333333	TRUE	FALSE	
414918	3	2	0.666666666666667	TRUE	FALSE	
414919	1	1	1	FALSE	FALSE	
414926	2	2	1	FALSE	FALSE	
414927	1	1	1	FALSE	FALSE	
415	1	1	1	FALSE	FALSE	
4150	1	1	1	FALSE	FALSE	
415056	2	1	0.5	TRUE	FALSE	
4151	1	1	1	FALSE	FALSE	
415116	1	1	1	FALSE	FALSE	
415117	1	1	1	FALSE	FALSE	
4152	5	5	1	FALSE	FALSE	
4153	1	1	1	FALSE	FALSE	
4154	7	2	0.285714285714286	TRUE	TRUE	201151_s_at;201152_s_at;201153_s_at
4155	8	7	0.875	TRUE	FALSE	
4157	1	1	1	FALSE	FALSE	
4158	3	2	0.666666666666667	TRUE	FALSE	
4159	1	1	1	FALSE	FALSE	
416	1	1	1	FALSE	FALSE	
4160	1	1	1	FALSE	FALSE	
4161	1	1	1	FALSE	FALSE	
4162	3	3	1	FALSE	FALSE	
4163	2	1	0.5	TRUE	FALSE	
4166	1	1	1	FALSE	FALSE	
4168	4	4	1	FALSE	FALSE	
417	3	3	1	FALSE	FALSE	
4170	5	4	0.8	TRUE	FALSE	
4171	1	1	1	FALSE	FALSE	
4172	1	1	1	FALSE	FALSE	
4173	5	3	0.6	TRUE	FALSE	
4174	2	2	1	FALSE	FALSE	
4175	2	2	1	FALSE	FALSE	
4176	2	2	1	FALSE	FALSE	
4179	2	2	1	FALSE	FALSE	
4184	1	1	1	FALSE	FALSE	
4185	2	1	0.5	TRUE	FALSE	
4188	1	1	1	FALSE	FALSE	
4189	3	1	0.333333333333333	TRUE	FALSE	
419	1	1	1	FALSE	FALSE	
4190	1	1	1	FALSE	FALSE	
4191	2	1	0.5	TRUE	FALSE	
4192	1	1	1	FALSE	FALSE	
4193	7	3	0.428571428571429	TRUE	FALSE	
4194	4	4	1	FALSE	FALSE	
4199	3	3	1	FALSE	FALSE	
420	2	1	0.5	TRUE	FALSE	
4200	3	3	1	FALSE	FALSE	
4201	1	1	1	FALSE	FALSE	
4204	2	2	1	FALSE	FALSE	
4205	4	2	0.5	TRUE	FALSE	
4208	4	4	1	FALSE	FALSE	
4209	3	2	0.666666666666667	TRUE	FALSE	
421	1	1	1	FALSE	FALSE	
4211	2	2	1	FALSE	FALSE	
4212	1	1	1	FALSE	FALSE	
4214	2	2	1	FALSE	FALSE	
4215	3	2	0.666666666666667	TRUE	FALSE	
4216	1	1	1	FALSE	FALSE	
4217	2	2	1	FALSE	FALSE	
4218	1	1	1	FALSE	FALSE	
4221	1	1	1	FALSE	FALSE	
4222	1	1	1	FALSE	FALSE	
4223	2	2	1	FALSE	FALSE	
4224	1	1	1	FALSE	FALSE	
4225	1	1	1	FALSE	FALSE	
4232	1	1	1	FALSE	FALSE	
4233	2	2	1	FALSE	FALSE	
4234	1	1	1	FALSE	FALSE	
4236	1	1	1	FALSE	FALSE	
4237	1	1	1	FALSE	FALSE	
4238	3	1	0.333333333333333	TRUE	FALSE	
4239	1	1	1	FALSE	FALSE	
4240	2	2	1	FALSE	FALSE	
4241	4	3	0.75	TRUE	FALSE	
4242	3	2	0.666666666666667	TRUE	FALSE	
4245	1	1	1	FALSE	FALSE	
4246	1	1	1	FALSE	FALSE	
4247	3	1	0.333333333333333	TRUE	FALSE	
4248	4	4	1	FALSE	FALSE	
4249	2	1	0.5	TRUE	FALSE	
4250	1	1	1	FALSE	FALSE	
4253	4	3	0.75	TRUE	FALSE	
4254	4	2	0.5	TRUE	FALSE	
4255	1	1	1	FALSE	FALSE	
4256	2	2	1	FALSE	FALSE	
4257	3	3	1	FALSE	FALSE	
4258	1	1	1	FALSE	FALSE	
4259	2	2	1	FALSE	FALSE	
4261	3	2	0.666666666666667	TRUE	FALSE	
4267	2	2	1	FALSE	FALSE	
427	4	2	0.5	TRUE	TRUE	1555419_a_at
4277	1	1	1	FALSE	FALSE	
4281	2	2	1	FALSE	FALSE	
4282	1	1	1	FALSE	FALSE	
4283	1	1	1	FALSE	FALSE	
4284	1	1	1	FALSE	FALSE	
4285	2	2	1	FALSE	FALSE	
4286	3	2	0.666666666666667	TRUE	FALSE	
4287	5	3	0.6	TRUE	FALSE	
4288	4	4	1	FALSE	FALSE	
4289	6	5	0.833333333333333	TRUE	FALSE	
429	4	4	1	FALSE	FALSE	
4291	3	2	0.666666666666667	TRUE	FALSE	
4292	1	1	1	FALSE	FALSE	
4293	2	2	1	FALSE	FALSE	
4295	1	1	1	FALSE	FALSE	
4296	2	1	0.5	TRUE	FALSE	
4297	11	8	0.727272727272727	TRUE	FALSE	
4298	2	2	1	FALSE	FALSE	
4299	3	3	1	FALSE	FALSE	
43	3	3	1	FALSE	FALSE	
430	1	1	1	FALSE	FALSE	
4300	3	3	1	FALSE	FALSE	
4301	6	3	0.5	TRUE	FALSE	
4302	3	2	0.666666666666667	TRUE	FALSE	
4303	1	1	1	FALSE	FALSE	
4306	1	1	1	FALSE	FALSE	
4308	3	3	1	FALSE	FALSE	
4311	2	2	1	FALSE	FALSE	
4312	1	1	1	FALSE	FALSE	
4313	3	2	0.666666666666667	TRUE	FALSE	
4314	1	1	1	FALSE	FALSE	
4316	1	1	1	FALSE	FALSE	
4317	2	2	1	FALSE	FALSE	
431707	1	1	1	FALSE	FALSE	
4318	1	1	1	FALSE	FALSE	
4319	1	1	1	FALSE	FALSE	
432	1	1	1	FALSE	FALSE	
4320	4	2	0.5	TRUE	TRUE	203878_s_at
4321	1	1	1	FALSE	FALSE	
4322	1	1	1	FALSE	FALSE	
4323	3	1	0.333333333333333	TRUE	FALSE	
4324	2	1	0.5	TRUE	FALSE	
4325	5	3	0.6	TRUE	FALSE	
4326	1	1	1	FALSE	FALSE	
4327	2	2	1	FALSE	FALSE	
4329	4	4	1	FALSE	FALSE	
433	1	1	1	FALSE	FALSE	
4330	1	1	1	FALSE	FALSE	
4331	1	1	1	FALSE	FALSE	
4332	1	1	1	FALSE	FALSE	
4335	2	1	0.5	TRUE	FALSE	
4336	5	5	1	FALSE	FALSE	
4337	3	3	1	FALSE	FALSE	
4338	2	2	1	FALSE	FALSE	
434	1	1	1	FALSE	FALSE	
4340	3	2	0.666666666666667	TRUE	FALSE	
4342	1	1	1	FALSE	FALSE	
4343	2	2	1	FALSE	FALSE	
4345	2	2	1	FALSE	FALSE	
435	1	1	1	FALSE	FALSE	
4350	1	1	1	FALSE	FALSE	
4351	2	2	1	FALSE	FALSE	
4352	3	3	1	FALSE	FALSE	
4353	2	1	0.5	TRUE	FALSE	
4354	1	1	1	FALSE	FALSE	
4355	2	2	1	FALSE	FALSE	
4356	1	1	1	FALSE	FALSE	
4357	1	1	1	FALSE	FALSE	
4358	1	1	1	FALSE	FALSE	
4359	1	1	1	FALSE	FALSE	
4360	1	1	1	FALSE	FALSE	
4361	3	1	0.333333333333333	TRUE	FALSE	
4363	2	2	1	FALSE	FALSE	
438	2	2	1	FALSE	FALSE	
43847	1	1	1	FALSE	FALSE	
43849	1	1	1	FALSE	FALSE	
439	1	1	1	FALSE	FALSE	
439916	1	1	1	FALSE	FALSE	
439921	3	3	1	FALSE	FALSE	
439927	1	1	1	FALSE	FALSE	
439931	2	2	1	FALSE	FALSE	
439933	1	1	1	FALSE	FALSE	
439936	1	1	1	FALSE	FALSE	
439941	1	1	1	FALSE	FALSE	
439949	3	1	0.333333333333333	TRUE	FALSE	
439990	1	1	1	FALSE	FALSE	
440	2	1	0.5	TRUE	TRUE	205047_s_at
440026	2	2	1	FALSE	FALSE	
440028	1	1	1	FALSE	FALSE	
440061	1	1	1	FALSE	FALSE	
440072	1	1	1	FALSE	FALSE	
440073	4	1	0.25	TRUE	FALSE	
440078	2	1	0.5	TRUE	FALSE	
440087	1	1	1	FALSE	FALSE	
440101	2	2	1	FALSE	FALSE	
440104	2	2	1	FALSE	FALSE	
440107	1	1	1	FALSE	FALSE	
440117	1	1	1	FALSE	FALSE	
440119	2	2	1	FALSE	FALSE	
440131	1	1	1	FALSE	FALSE	
440132	1	1	1	FALSE	FALSE	
440145	2	1	0.5	TRUE	FALSE	
440173	1	1	1	FALSE	FALSE	
440184	1	1	1	FALSE	FALSE	
440193	2	2	1	FALSE	FALSE	
440253	1	1	1	FALSE	FALSE	
440275	2	2	1	FALSE	FALSE	
440279	4	4	1	FALSE	FALSE	
440288	2	1	0.5	TRUE	FALSE	
440299	1	1	1	FALSE	FALSE	
440307	2	2	1	FALSE	FALSE	
440335	1	1	1	FALSE	FALSE	
440346	1	1	1	FALSE	FALSE	
440352	2	2	1	FALSE	FALSE	
440356	1	1	1	FALSE	FALSE	
440366	1	1	1	FALSE	FALSE	
440465	3	2	0.666666666666667	TRUE	FALSE	
440482	1	1	1	FALSE	FALSE	
440498	1	1	1	FALSE	FALSE	
440503	5	3	0.6	TRUE	FALSE	
440508	1	1	1	FALSE	FALSE	
440515	4	3	0.75	TRUE	FALSE	
440556	3	1	0.333333333333333	TRUE	FALSE	
440560	1	1	1	FALSE	FALSE	
440570	1	1	1	FALSE	FALSE	
440574	2	2	1	FALSE	FALSE	
440584	1	1	1	FALSE	FALSE	
440590	1	1	1	FALSE	FALSE	
440602	1	1	1	FALSE	FALSE	
440603	3	1	0.333333333333333	TRUE	FALSE	
440699	1	1	1	FALSE	FALSE	
440704	1	1	1	FALSE	FALSE	
440712	3	1	0.333333333333333	TRUE	FALSE	
440738	1	1	1	FALSE	FALSE	
440757	1	1	1	FALSE	FALSE	
440792	2	1	0.5	TRUE	FALSE	
440823	3	3	1	FALSE	FALSE	
440829	1	1	1	FALSE	FALSE	
440836	5	3	0.6	TRUE	FALSE	
440854	1	1	1	FALSE	FALSE	
440900	3	2	0.666666666666667	TRUE	FALSE	
440905	1	1	1	FALSE	FALSE	
440918	1	1	1	FALSE	FALSE	
440934	1	1	1	FALSE	FALSE	
440944	3	2	0.666666666666667	TRUE	FALSE	
440952	3	3	1	FALSE	FALSE	
440956	1	1	1	FALSE	FALSE	
440957	2	1	0.5	TRUE	FALSE	
440993	2	1	0.5	TRUE	FALSE	
441009	1	1	1	FALSE	FALSE	
441024	7	5	0.714285714285714	TRUE	FALSE	
441025	1	1	1	FALSE	FALSE	
441027	2	2	1	FALSE	FALSE	
441046	1	1	1	FALSE	FALSE	
441052	1	1	1	FALSE	FALSE	
441054	2	2	1	FALSE	FALSE	
441058	1	1	1	FALSE	FALSE	
441061	1	1	1	FALSE	FALSE	
441072	1	1	1	FALSE	FALSE	
441086	1	1	1	FALSE	FALSE	
441094	3	3	1	FALSE	FALSE	
441108	3	2	0.666666666666667	TRUE	FALSE	
441150	1	1	1	FALSE	FALSE	
441151	3	2	0.666666666666667	TRUE	FALSE	
441161	1	1	1	FALSE	FALSE	
441168	5	3	0.6	TRUE	FALSE	
441178	2	1	0.5	TRUE	FALSE	
441179	1	1	1	FALSE	FALSE	
441204	4	4	1	FALSE	FALSE	
441208	1	1	1	FALSE	FALSE	
441212	1	1	1	FALSE	FALSE	
441242	2	2	1	FALSE	FALSE	
441263	1	1	1	FALSE	FALSE	
441273	1	1	1	FALSE	FALSE	
441355	1	1	1	FALSE	FALSE	
441394	2	1	0.5	TRUE	FALSE	
441454	1	1	1	FALSE	FALSE	
441459	1	1	1	FALSE	FALSE	
441461	2	2	1	FALSE	FALSE	
441476	1	1	1	FALSE	FALSE	
441478	1	1	1	FALSE	FALSE	
441549	1	1	1	FALSE	FALSE	
441601	1	1	1	FALSE	FALSE	
441631	1	1	1	FALSE	FALSE	
441666	2	1	0.5	TRUE	FALSE	
441733	2	2	1	FALSE	FALSE	
441869	1	1	1	FALSE	FALSE	
441951	2	1	0.5	TRUE	TRUE	229899_s_at
442028	1	1	1	FALSE	FALSE	
442075	1	1	1	FALSE	FALSE	
442117	1	1	1	FALSE	FALSE	
442184	1	1	1	FALSE	FALSE	
442186	1	1	1	FALSE	FALSE	
442191	1	1	1	FALSE	FALSE	
442194	1	1	1	FALSE	FALSE	
442213	1	1	1	FALSE	FALSE	
442240	1	1	1	FALSE	FALSE	
442319	1	1	1	FALSE	FALSE	
442421	1	1	1	FALSE	FALSE	
442523	1	1	1	FALSE	FALSE	
442524	1	1	1	FALSE	FALSE	
442721	1	1	1	FALSE	FALSE	
443	2	2	1	FALSE	FALSE	
4430	3	2	0.666666666666667	TRUE	FALSE	
4435	1	1	1	FALSE	FALSE	
4436	1	1	1	FALSE	FALSE	
4437	2	2	1	FALSE	FALSE	
4438	1	1	1	FALSE	FALSE	
444	9	7	0.777777777777778	TRUE	FALSE	
4440	1	1	1	FALSE	FALSE	
445	1	1	1	FALSE	FALSE	
445815	5	5	1	FALSE	FALSE	
4477	2	2	1	FALSE	FALSE	
4478	2	2	1	FALSE	FALSE	
4481	3	3	1	FALSE	FALSE	
4482	2	1	0.5	TRUE	FALSE	
4486	1	1	1	FALSE	FALSE	
4487	2	2	1	FALSE	FALSE	
4488	2	2	1	FALSE	FALSE	
4495	1	1	1	FALSE	FALSE	
4499	1	1	1	FALSE	FALSE	
4504	1	1	1	FALSE	FALSE	
4507	6	4	0.666666666666667	TRUE	FALSE	
4508	2	2	1	FALSE	FALSE	
4512	1	1	1	FALSE	FALSE	
4513	1	1	1	FALSE	FALSE	
4515	1	1	1	FALSE	FALSE	
4520	3	1	0.333333333333333	TRUE	FALSE	
4521	1	1	1	FALSE	FALSE	
4522	2	2	1	FALSE	FALSE	
4524	5	3	0.6	TRUE	FALSE	
4528	1	1	1	FALSE	FALSE	
4534	2	2	1	FALSE	FALSE	
4536	1	1	1	FALSE	FALSE	
4538	2	2	1	FALSE	FALSE	
4541	1	1	1	FALSE	FALSE	
4542	1	1	1	FALSE	FALSE	
4543	1	1	1	FALSE	FALSE	
4544	1	1	1	FALSE	FALSE	
4547	1	1	1	FALSE	FALSE	
4548	2	2	1	FALSE	FALSE	
4552	2	2	1	FALSE	FALSE	
4580	1	1	1	FALSE	FALSE	
4582	2	2	1	FALSE	FALSE	
4583	1	1	1	FALSE	FALSE	
4584	1	1	1	FALSE	FALSE	
4585	3	2	0.666666666666667	TRUE	FALSE	
4586	3	1	0.333333333333333	TRUE	FALSE	
4588	2	1	0.5	TRUE	FALSE	
4589	2	2	1	FALSE	FALSE	
4591	2	2	1	FALSE	FALSE	
4593	3	2	0.666666666666667	TRUE	FALSE	
4594	2	2	1	FALSE	FALSE	
4595	1	1	1	FALSE	FALSE	
4597	1	1	1	FALSE	FALSE	
4598	4	3	0.75	TRUE	FALSE	
4599	1	1	1	FALSE	FALSE	
460	2	1	0.5	TRUE	FALSE	
4600	1	1	1	FALSE	FALSE	
4601	1	1	1	FALSE	FALSE	
4602	2	2	1	FALSE	FALSE	
4603	2	1	0.5	TRUE	FALSE	
4604	1	1	1	FALSE	FALSE	
4605	1	1	1	FALSE	FALSE	
4606	1	1	1	FALSE	FALSE	
4607	1	1	1	FALSE	FALSE	
4608	1	1	1	FALSE	FALSE	
4609	1	1	1	FALSE	FALSE	
4610	2	1	0.5	TRUE	FALSE	
4613	4	2	0.5	TRUE	FALSE	
4615	1	1	1	FALSE	FALSE	
4616	3	3	1	FALSE	FALSE	
4617	1	1	1	FALSE	FALSE	
4618	1	1	1	FALSE	FALSE	
4619	1	1	1	FALSE	FALSE	
462	2	1	0.5	TRUE	FALSE	
4620	1	1	1	FALSE	FALSE	
4621	1	1	1	FALSE	FALSE	
4622	1	1	1	FALSE	FALSE	
4624	1	1	1	FALSE	FALSE	
4626	2	2	1	FALSE	FALSE	
4627	1	1	1	FALSE	FALSE	
4628	2	2	1	FALSE	FALSE	
4629	3	2	0.666666666666667	TRUE	FALSE	
463	6	4	0.666666666666667	TRUE	FALSE	
4632	1	1	1	FALSE	FALSE	
4633	1	1	1	FALSE	FALSE	
4634	1	1	1	FALSE	FALSE	
4636	1	1	1	FALSE	FALSE	
4637	2	2	1	FALSE	FALSE	
4638	5	1	0.2	TRUE	FALSE	
4640	1	1	1	FALSE	FALSE	
4641	2	2	1	FALSE	FALSE	
4642	2	1	0.5	TRUE	FALSE	
4643	1	1	1	FALSE	FALSE	
4644	5	4	0.8	TRUE	FALSE	
4645	3	2	0.666666666666667	TRUE	FALSE	
4646	3	3	1	FALSE	FALSE	
4647	4	2	0.5	TRUE	FALSE	
4648	3	1	0.333333333333333	TRUE	FALSE	
4649	3	2	0.666666666666667	TRUE	FALSE	
4650	2	2	1	FALSE	FALSE	
4651	5	5	1	FALSE	FALSE	
4653	1	1	1	FALSE	FALSE	
4654	1	1	1	FALSE	FALSE	
4656	1	1	1	FALSE	FALSE	
4659	3	1	0.333333333333333	TRUE	FALSE	
466	3	3	1	FALSE	FALSE	
4660	5	3	0.6	TRUE	FALSE	
4661	2	2	1	FALSE	FALSE	
4664	3	3	1	FALSE	FALSE	
4665	2	1	0.5	TRUE	FALSE	
4666	1	1	1	FALSE	FALSE	
4668	3	2	0.666666666666667	TRUE	FALSE	
4669	2	2	1	FALSE	FALSE	
467	3	1	0.333333333333333	TRUE	TRUE	1554980_a_at;202672_s_at
4670	6	4	0.666666666666667	TRUE	FALSE	
4671	3	3	1	FALSE	FALSE	
4673	5	4	0.8	TRUE	FALSE	
4674	1	1	1	FALSE	FALSE	
4675	1	1	1	FALSE	FALSE	
4676	5	4	0.8	TRUE	FALSE	
4677	1	1	1	FALSE	FALSE	
4678	3	3	1	FALSE	FALSE	
468	1	1	1	FALSE	FALSE	
4680	2	2	1	FALSE	FALSE	
4681	1	1	1	FALSE	FALSE	
4682	1	1	1	FALSE	FALSE	
4683	4	3	0.75	TRUE	FALSE	
4684	6	5	0.833333333333333	TRUE	FALSE	
4685	2	1	0.5	TRUE	FALSE	
4686	2	2	1	FALSE	FALSE	
4688	1	1	1	FALSE	FALSE	
4689	1	1	1	FALSE	FALSE	
4690	4	4	1	FALSE	FALSE	
4691	2	1	0.5	TRUE	FALSE	
4692	1	1	1	FALSE	FALSE	
4693	1	1	1	FALSE	FALSE	
4694	1	1	1	FALSE	FALSE	
4695	3	1	0.333333333333333	TRUE	FALSE	
4696	1	1	1	FALSE	FALSE	
4697	1	1	1	FALSE	FALSE	
4698	2	2	1	FALSE	FALSE	
47	3	2	0.666666666666667	TRUE	FALSE	
4700	2	2	1	FALSE	FALSE	
4701	2	2	1	FALSE	FALSE	
4702	1	1	1	FALSE	FALSE	
4703	2	1	0.5	TRUE	FALSE	
4704	1	1	1	FALSE	FALSE	
4705	5	2	0.4	TRUE	FALSE	
4706	1	1	1	FALSE	FALSE	
4707	2	1	0.5	TRUE	FALSE	
4708	3	3	1	FALSE	FALSE	
4709	1	1	1	FALSE	FALSE	
471	1	1	1	FALSE	FALSE	
4710	2	1	0.5	TRUE	FALSE	
4711	1	1	1	FALSE	FALSE	
4712	2	1	0.5	TRUE	FALSE	
4713	2	1	0.5	TRUE	FALSE	
4714	3	2	0.666666666666667	TRUE	FALSE	
4715	1	1	1	FALSE	FALSE	
4716	1	1	1	FALSE	FALSE	
4717	2	1	0.5	TRUE	FALSE	
4718	1	1	1	FALSE	FALSE	
4719	5	3	0.6	TRUE	FALSE	
472	5	2	0.4	TRUE	FALSE	
4720	1	1	1	FALSE	FALSE	
4722	1	1	1	FALSE	FALSE	
4723	2	1	0.5	TRUE	FALSE	
4724	2	1	0.5	TRUE	FALSE	
4725	1	1	1	FALSE	FALSE	
4726	1	1	1	FALSE	FALSE	
4728	2	2	1	FALSE	FALSE	
4729	1	1	1	FALSE	FALSE	
473	5	2	0.4	TRUE	FALSE	
4731	2	2	1	FALSE	FALSE	
4733	1	1	1	FALSE	FALSE	
4734	1	1	1	FALSE	FALSE	
4735	5	3	0.6	TRUE	FALSE	
4736	3	1	0.333333333333333	TRUE	FALSE	
4738	1	1	1	FALSE	FALSE	
4739	5	4	0.8	TRUE	FALSE	
474	1	1	1	FALSE	FALSE	
4741	2	1	0.5	TRUE	FALSE	
474344	2	2	1	FALSE	FALSE	
474354	1	1	1	FALSE	FALSE	
4744	2	2	1	FALSE	FALSE	
4745	2	2	1	FALSE	FALSE	
4747	2	1	0.5	TRUE	FALSE	
475	1	1	1	FALSE	FALSE	
4750	4	2	0.5	TRUE	FALSE	
4751	2	1	0.5	TRUE	FALSE	
4752	2	1	0.5	TRUE	FALSE	
4753	1	1	1	FALSE	FALSE	
4756	3	3	1	FALSE	FALSE	
4758	1	1	1	FALSE	FALSE	
4759	1	1	1	FALSE	FALSE	
476	1	1	1	FALSE	FALSE	
4760	2	2	1	FALSE	FALSE	
4761	2	2	1	FALSE	FALSE	
4763	8	2	0.25	TRUE	FALSE	
477	2	2	1	FALSE	FALSE	
4771	8	2	0.25	TRUE	FALSE	
4772	3	1	0.333333333333333	TRUE	FALSE	
4773	5	3	0.6	TRUE	FALSE	
4774	7	7	1	FALSE	FALSE	
4775	6	4	0.666666666666667	TRUE	FALSE	
4776	3	2	0.666666666666667	TRUE	FALSE	
4778	1	1	1	FALSE	FALSE	
4779	2	2	1	FALSE	FALSE	
478	1	1	1	FALSE	FALSE	
4780	3	2	0.666666666666667	TRUE	FALSE	
4781	8	7	0.875	TRUE	FALSE	
4782	4	3	0.75	TRUE	FALSE	
4783	1	1	1	FALSE	FALSE	
4784	4	4	1	FALSE	FALSE	
479	1	1	1	FALSE	FALSE	
4790	1	1	1	FALSE	FALSE	
4791	3	1	0.333333333333333	TRUE	FALSE	
4792	2	2	1	FALSE	FALSE	
4793	1	1	1	FALSE	FALSE	
4794	1	1	1	FALSE	FALSE	
4795	1	1	1	FALSE	FALSE	
4796	2	2	1	FALSE	FALSE	
4798	4	2	0.5	TRUE	FALSE	
4799	5	3	0.6	TRUE	FALSE	
48	2	2	1	FALSE	FALSE	
480	3	2	0.666666666666667	TRUE	FALSE	
4800	6	5	0.833333333333333	TRUE	FALSE	
4801	4	4	1	FALSE	FALSE	
4802	4	2	0.5	TRUE	FALSE	
4803	1	1	1	FALSE	FALSE	
4804	1	1	1	FALSE	FALSE	
4807	1	1	1	FALSE	FALSE	
4808	2	1	0.5	TRUE	FALSE	
4809	3	2	0.666666666666667	TRUE	FALSE	
481	2	2	1	FALSE	FALSE	
4810	2	2	1	FALSE	FALSE	
4811	3	3	1	FALSE	FALSE	
4814	1	1	1	FALSE	FALSE	
4815	1	1	1	FALSE	FALSE	
4817	2	2	1	FALSE	FALSE	
4818	1	1	1	FALSE	FALSE	
482	1	1	1	FALSE	FALSE	
4820	8	7	0.875	TRUE	FALSE	
4821	1	1	1	FALSE	FALSE	
4824	2	1	0.5	TRUE	FALSE	
4825	1	1	1	FALSE	FALSE	
4826	1	1	1	FALSE	FALSE	
4828	1	1	1	FALSE	FALSE	
4829	1	1	1	FALSE	FALSE	
483	3	2	0.666666666666667	TRUE	FALSE	
4830	1	1	1	FALSE	FALSE	
4832	1	1	1	FALSE	FALSE	
4833	1	1	1	FALSE	FALSE	
4835	1	1	1	FALSE	FALSE	
4836	3	3	1	FALSE	FALSE	
4837	3	3	1	FALSE	FALSE	
4838	3	1	0.333333333333333	TRUE	FALSE	
4839	1	1	1	FALSE	FALSE	
4841	2	2	1	FALSE	FALSE	
4842	6	3	0.5	TRUE	FALSE	
4843	1	1	1	FALSE	FALSE	
4846	1	1	1	FALSE	FALSE	
4848	4	2	0.5	TRUE	FALSE	
4849	3	2	0.666666666666667	TRUE	FALSE	
4850	5	1	0.2	TRUE	FALSE	
4851	2	2	1	FALSE	FALSE	
4852	1	1	1	FALSE	FALSE	
4853	3	1	0.333333333333333	TRUE	TRUE	202445_s_at
4854	2	1	0.5	TRUE	FALSE	
4855	2	2	1	FALSE	FALSE	
4856	2	2	1	FALSE	FALSE	
4857	3	3	1	FALSE	FALSE	
4858	4	2	0.5	TRUE	FALSE	
486	1	1	1	FALSE	FALSE	
4860	1	1	1	FALSE	FALSE	
4862	5	3	0.6	TRUE	FALSE	
4863	3	3	1	FALSE	FALSE	
4864	4	2	0.5	TRUE	FALSE	
4867	3	2	0.666666666666667	TRUE	FALSE	
4868	1	1	1	FALSE	FALSE	
4869	2	2	1	FALSE	FALSE	
487	2	2	1	FALSE	FALSE	
4878	1	1	1	FALSE	FALSE	
4879	1	1	1	FALSE	FALSE	
488	3	1	0.333333333333333	TRUE	FALSE	
4880	1	1	1	FALSE	FALSE	
4881	2	2	1	FALSE	FALSE	
4882	2	1	0.5	TRUE	TRUE	204310_s_at
4883	3	3	1	FALSE	FALSE	
4884	1	1	1	FALSE	FALSE	
4885	1	1	1	FALSE	FALSE	
4886	1	1	1	FALSE	FALSE	
4887	2	1	0.5	TRUE	FALSE	
4888	2	1	0.5	TRUE	FALSE	
4889	1	1	1	FALSE	FALSE	
489	4	1	0.25	TRUE	FALSE	
4891	4	4	1	FALSE	FALSE	
4892	3	2	0.666666666666667	TRUE	FALSE	
4893	2	1	0.5	TRUE	FALSE	
4897	1	1	1	FALSE	FALSE	
4898	2	1	0.5	TRUE	FALSE	
4899	5	4	0.8	TRUE	FALSE	
49	1	1	1	FALSE	FALSE	
490	3	2	0.666666666666667	TRUE	FALSE	
4900	1	1	1	FALSE	FALSE	
4901	2	1	0.5	TRUE	FALSE	
4902	1	1	1	FALSE	FALSE	
4904	2	2	1	FALSE	FALSE	
4905	2	2	1	FALSE	FALSE	
4907	4	3	0.75	TRUE	FALSE	
4908	1	1	1	FALSE	FALSE	
4909	1	1	1	FALSE	FALSE	
491	5	1	0.2	TRUE	FALSE	
4913	1	1	1	FALSE	FALSE	
4914	1	1	1	FALSE	FALSE	
4915	6	5	0.833333333333333	TRUE	FALSE	
4916	6	6	1	FALSE	FALSE	
4919	3	3	1	FALSE	FALSE	
492	2	1	0.5	TRUE	FALSE	
4920	1	1	1	FALSE	FALSE	
4921	4	4	1	FALSE	FALSE	
4922	1	1	1	FALSE	FALSE	
4923	1	1	1	FALSE	FALSE	
492307	1	1	1	FALSE	FALSE	
492311	2	2	1	FALSE	FALSE	
4924	2	2	1	FALSE	FALSE	
4925	2	2	1	FALSE	FALSE	
4926	5	5	1	FALSE	FALSE	
4927	2	2	1	FALSE	FALSE	
4928	3	3	1	FALSE	FALSE	
4929	2	2	1	FALSE	FALSE	
493	3	3	1	FALSE	FALSE	
4931	1	1	1	FALSE	FALSE	
4935	1	1	1	FALSE	FALSE	
493753	2	1	0.5	TRUE	FALSE	
493754	1	1	1	FALSE	FALSE	
4938	2	2	1	FALSE	FALSE	
493812	1	1	1	FALSE	FALSE	
493829	1	1	1	FALSE	FALSE	
493856	3	2	0.666666666666667	TRUE	FALSE	
493861	1	1	1	FALSE	FALSE	
493869	2	2	1	FALSE	FALSE	
4939	3	3	1	FALSE	FALSE	
493911	1	1	1	FALSE	FALSE	
4940	1	1	1	FALSE	FALSE	
494115	1	1	1	FALSE	FALSE	
494143	1	1	1	FALSE	FALSE	
494150	1	1	1	FALSE	FALSE	
4942	1	1	1	FALSE	FALSE	
4943	2	2	1	FALSE	FALSE	
494470	3	2	0.666666666666667	TRUE	FALSE	
494513	1	1	1	FALSE	FALSE	
494514	1	1	1	FALSE	FALSE	
494558	1	1	1	FALSE	FALSE	
4946	2	1	0.5	TRUE	FALSE	
4947	2	2	1	FALSE	FALSE	
4948	1	1	1	FALSE	FALSE	
495	1	1	1	FALSE	FALSE	
4951	1	1	1	FALSE	FALSE	
4952	2	1	0.5	TRUE	FALSE	
4953	1	1	1	FALSE	FALSE	
4956	1	1	1	FALSE	FALSE	
4957	2	2	1	FALSE	FALSE	
4958	2	2	1	FALSE	FALSE	
496	2	2	1	FALSE	FALSE	
4967	3	2	0.666666666666667	TRUE	FALSE	
4968	3	2	0.666666666666667	TRUE	FALSE	
4969	2	2	1	FALSE	FALSE	
497049	1	1	1	FALSE	FALSE	
497189	1	1	1	FALSE	FALSE	
497256	1	1	1	FALSE	FALSE	
497258	2	2	1	FALSE	FALSE	
4973	1	1	1	FALSE	FALSE	
4974	1	1	1	FALSE	FALSE	
4976	3	1	0.333333333333333	TRUE	TRUE	212214_at
497634	1	1	1	FALSE	FALSE	
4978	2	2	1	FALSE	FALSE	
498	2	2	1	FALSE	FALSE	
4982	2	2	1	FALSE	FALSE	
4985	2	1	0.5	TRUE	FALSE	
49854	2	2	1	FALSE	FALSE	
49855	2	2	1	FALSE	FALSE	
49856	3	3	1	FALSE	FALSE	
4986	2	1	0.5	TRUE	FALSE	
49860	1	1	1	FALSE	FALSE	
49861	1	1	1	FALSE	FALSE	
4987	2	2	1	FALSE	FALSE	
4988	3	2	0.666666666666667	TRUE	FALSE	
4990	1	1	1	FALSE	FALSE	
4991	1	1	1	FALSE	FALSE	
4992	1	1	1	FALSE	FALSE	
4993	1	1	1	FALSE	FALSE	
4994	1	1	1	FALSE	FALSE	
4995	1	1	1	FALSE	FALSE	
4998	1	1	1	FALSE	FALSE	
4999	2	2	1	FALSE	FALSE	
50	2	2	1	FALSE	FALSE	
5000	2	1	0.5	TRUE	FALSE	
5001	3	2	0.666666666666667	TRUE	FALSE	
5002	1	1	1	FALSE	FALSE	
5003	1	1	1	FALSE	FALSE	
5004	1	1	1	FALSE	FALSE	
5007	3	3	1	FALSE	FALSE	
5008	2	2	1	FALSE	FALSE	
5009	1	1	1	FALSE	FALSE	
501	3	2	0.666666666666667	TRUE	TRUE	213591_at
5010	2	2	1	FALSE	FALSE	
5013	1	1	1	FALSE	FALSE	
5015	2	2	1	FALSE	FALSE	
5016	1	1	1	FALSE	FALSE	
5017	2	1	0.5	TRUE	FALSE	
5018	1	1	1	FALSE	FALSE	
5019	1	1	1	FALSE	FALSE	
5021	1	1	1	FALSE	FALSE	
5023	1	1	1	FALSE	FALSE	
5024	1	1	1	FALSE	FALSE	
5025	1	1	1	FALSE	FALSE	
5026	1	1	1	FALSE	FALSE	
5027	2	1	0.5	TRUE	FALSE	
5028	2	2	1	FALSE	FALSE	
5029	1	1	1	FALSE	FALSE	
5030	1	1	1	FALSE	FALSE	
5031	1	1	1	FALSE	FALSE	
5033	1	1	1	FALSE	FALSE	
5034	3	3	1	FALSE	FALSE	
503519	1	1	1	FALSE	FALSE	
503538	1	1	1	FALSE	FALSE	
503542	1	1	1	FALSE	FALSE	
503569	1	1	1	FALSE	FALSE	
5036	2	2	1	FALSE	FALSE	
503637	3	2	0.666666666666667	TRUE	FALSE	
503693	1	1	1	FALSE	FALSE	
5037	3	2	0.666666666666667	TRUE	FALSE	
5045	1	1	1	FALSE	FALSE	
5046	5	3	0.6	TRUE	FALSE	
5047	1	1	1	FALSE	FALSE	
5048	4	4	1	FALSE	FALSE	
50484	1	1	1	FALSE	FALSE	
50485	1	1	1	FALSE	FALSE	
50486	1	1	1	FALSE	FALSE	
50487	1	1	1	FALSE	FALSE	
50488	1	1	1	FALSE	FALSE	
50489	1	1	1	FALSE	FALSE	
5049	3	2	0.666666666666667	TRUE	FALSE	
5050	1	1	1	FALSE	FALSE	
50506	1	1	1	FALSE	FALSE	
50507	2	2	1	FALSE	FALSE	
50508	1	1	1	FALSE	FALSE	
50509	2	2	1	FALSE	FALSE	
5051	2	1	0.5	TRUE	FALSE	
50511	2	1	0.5	TRUE	FALSE	
50512	1	1	1	FALSE	FALSE	
50514	1	1	1	FALSE	FALSE	
50515	3	3	1	FALSE	FALSE	
5052	1	1	1	FALSE	FALSE	
5053	3	2	0.666666666666667	TRUE	FALSE	
5054	3	3	1	FALSE	FALSE	
5055	1	1	1	FALSE	FALSE	
5058	3	3	1	FALSE	FALSE	
506	1	1	1	FALSE	FALSE	
50604	1	1	1	FALSE	FALSE	
50613	1	1	1	FALSE	FALSE	
50614	1	1	1	FALSE	FALSE	
50615	3	3	1	FALSE	FALSE	
50616	2	2	1	FALSE	FALSE	
50617	1	1	1	FALSE	FALSE	
50618	2	2	1	FALSE	FALSE	
50619	2	2	1	FALSE	FALSE	
5062	6	2	0.333333333333333	TRUE	FALSE	
50624	1	1	1	FALSE	FALSE	
50626	4	3	0.75	TRUE	FALSE	
50628	2	1	0.5	TRUE	FALSE	
5063	3	3	1	FALSE	FALSE	
50632	2	1	0.5	TRUE	FALSE	
50636	1	1	1	FALSE	FALSE	
5064	1	1	1	FALSE	FALSE	
50640	1	1	1	FALSE	FALSE	
50649	3	3	1	FALSE	FALSE	
50650	1	1	1	FALSE	FALSE	
50651	1	1	1	FALSE	FALSE	
50652	2	1	0.5	TRUE	FALSE	
5066	1	1	1	FALSE	FALSE	
5067	1	1	1	FALSE	FALSE	
50674	1	1	1	FALSE	FALSE	
5068	2	2	1	FALSE	FALSE	
5069	10	5	0.5	TRUE	FALSE	
50700	1	1	1	FALSE	FALSE	
5071	3	2	0.666666666666667	TRUE	FALSE	
50717	9	6	0.666666666666667	TRUE	FALSE	
5073	1	1	1	FALSE	FALSE	
5074	7	6	0.857142857142857	TRUE	FALSE	
5075	3	2	0.666666666666667	TRUE	FALSE	
5076	1	1	1	FALSE	FALSE	
5077	3	3	1	FALSE	FALSE	
5078	2	2	1	FALSE	FALSE	
5079	2	1	0.5	TRUE	FALSE	
5080	2	1	0.5	TRUE	FALSE	
50801	1	1	1	FALSE	FALSE	
50804	5	5	1	FALSE	FALSE	
50805	1	1	1	FALSE	FALSE	
50807	5	3	0.6	TRUE	FALSE	
50808	2	2	1	FALSE	FALSE	
50809	3	2	0.666666666666667	TRUE	FALSE	
5081	2	1	0.5	TRUE	FALSE	
50810	6	6	1	FALSE	FALSE	
50813	1	1	1	FALSE	FALSE	
50814	2	2	1	FALSE	FALSE	
5082	2	1	0.5	TRUE	FALSE	
5083	2	2	1	FALSE	FALSE	
50831	1	1	1	FALSE	FALSE	
50832	1	1	1	FALSE	FALSE	
50833	1	1	1	FALSE	FALSE	
50834	1	1	1	FALSE	FALSE	
50835	1	1	1	FALSE	FALSE	
50836	1	1	1	FALSE	FALSE	
50837	1	1	1	FALSE	FALSE	
50838	1	1	1	FALSE	FALSE	
50839	1	1	1	FALSE	FALSE	
50840	1	1	1	FALSE	FALSE	
50846	1	1	1	FALSE	FALSE	
50848	4	4	1	FALSE	FALSE	
50852	1	1	1	FALSE	FALSE	
50853	1	1	1	FALSE	FALSE	
50854	2	1	0.5	TRUE	FALSE	
50855	1	1	1	FALSE	FALSE	
50856	2	2	1	FALSE	FALSE	
50859	4	1	0.25	TRUE	FALSE	
50861	2	2	1	FALSE	FALSE	
50862	4	4	1	FALSE	FALSE	
50863	3	3	1	FALSE	FALSE	
50865	1	1	1	FALSE	FALSE	
5087	4	4	1	FALSE	FALSE	
5089	4	2	0.5	TRUE	FALSE	
509	1	1	1	FALSE	FALSE	
5090	1	1	1	FALSE	FALSE	
5091	1	1	1	FALSE	FALSE	
5092	1	1	1	FALSE	FALSE	
5093	1	1	1	FALSE	FALSE	
50937	3	3	1	FALSE	FALSE	
50939	2	2	1	FALSE	FALSE	
5094	6	4	0.666666666666667	TRUE	FALSE	
50940	3	3	1	FALSE	FALSE	
50943	3	3	1	FALSE	FALSE	
50944	2	1	0.5	TRUE	FALSE	
50945	1	1	1	FALSE	FALSE	
5095	3	2	0.666666666666667	TRUE	FALSE	
5096	2	1	0.5	TRUE	FALSE	
50964	1	1	1	FALSE	FALSE	
5097	2	1	0.5	TRUE	FALSE	
5098	2	2	1	FALSE	FALSE	
5099	5	3	0.6	TRUE	FALSE	
50999	6	6	1	FALSE	FALSE	
51	5	3	0.6	TRUE	FALSE	
5100	1	1	1	FALSE	FALSE	
51000	2	2	1	FALSE	FALSE	
51001	1	1	1	FALSE	FALSE	
51002	1	1	1	FALSE	FALSE	
51003	2	1	0.5	TRUE	FALSE	
51004	1	1	1	FALSE	FALSE	
51005	2	2	1	FALSE	FALSE	
51006	3	2	0.666666666666667	TRUE	FALSE	
51008	2	2	1	FALSE	FALSE	
51009	2	1	0.5	TRUE	FALSE	
5101	4	4	1	FALSE	FALSE	
51010	4	1	0.25	TRUE	FALSE	
51011	4	3	0.75	TRUE	FALSE	
51012	2	1	0.5	TRUE	FALSE	
51013	3	1	0.333333333333333	TRUE	FALSE	
51014	2	2	1	FALSE	FALSE	
51015	1	1	1	FALSE	FALSE	
51016	1	1	1	FALSE	FALSE	
51018	2	1	0.5	TRUE	FALSE	
51019	1	1	1	FALSE	FALSE	
51020	2	2	1	FALSE	FALSE	
51021	2	1	0.5	TRUE	FALSE	
51022	1	1	1	FALSE	FALSE	
51023	3	3	1	FALSE	FALSE	
51024	1	1	1	FALSE	FALSE	
51025	1	1	1	FALSE	FALSE	
51026	2	1	0.5	TRUE	FALSE	
51027	1	1	1	FALSE	FALSE	
51028	2	2	1	FALSE	FALSE	
51029	5	3	0.6	TRUE	FALSE	
51030	1	1	1	FALSE	FALSE	
51031	1	1	1	FALSE	FALSE	
51032	1	1	1	FALSE	FALSE	
51035	2	1	0.5	TRUE	FALSE	
5104	1	1	1	FALSE	FALSE	
51042	1	1	1	FALSE	FALSE	
51043	2	1	0.5	TRUE	FALSE	
51046	3	2	0.666666666666667	TRUE	FALSE	
5105	1	1	1	FALSE	FALSE	
51050	2	2	1	FALSE	FALSE	
51053	1	1	1	FALSE	FALSE	
51056	1	1	1	FALSE	FALSE	
51058	1	1	1	FALSE	FALSE	
51059	3	2	0.666666666666667	TRUE	FALSE	
5106	1	1	1	FALSE	FALSE	
51060	1	1	1	FALSE	FALSE	
51061	1	1	1	FALSE	FALSE	
51062	1	1	1	FALSE	FALSE	
51063	2	2	1	FALSE	FALSE	
51065	3	3	1	FALSE	FALSE	
51066	1	1	1	FALSE	FALSE	
51067	1	1	1	FALSE	FALSE	
51068	1	1	1	FALSE	FALSE	
51069	2	2	1	FALSE	FALSE	
51070	1	1	1	FALSE	FALSE	
51071	1	1	1	FALSE	FALSE	
51073	3	3	1	FALSE	FALSE	
51074	2	2	1	FALSE	FALSE	
51075	1	1	1	FALSE	FALSE	
51076	1	1	1	FALSE	FALSE	
51077	3	2	0.666666666666667	TRUE	FALSE	
51078	2	2	1	FALSE	FALSE	
51079	1	1	1	FALSE	FALSE	
5108	2	1	0.5	TRUE	FALSE	
51081	1	1	1	FALSE	FALSE	
51082	3	3	1	FALSE	FALSE	
51083	2	1	0.5	TRUE	FALSE	
51084	1	1	1	FALSE	FALSE	
51085	1	1	1	FALSE	FALSE	
51086	1	1	1	FALSE	FALSE	
51087	1	1	1	FALSE	FALSE	
51088	5	5	1	FALSE	FALSE	
51090	1	1	1	FALSE	FALSE	
51091	5	1	0.2	TRUE	FALSE	
51092	2	2	1	FALSE	FALSE	
51093	1	1	1	FALSE	FALSE	
51094	1	1	1	FALSE	FALSE	
51095	3	2	0.666666666666667	TRUE	FALSE	
51096	2	1	0.5	TRUE	FALSE	
51097	2	2	1	FALSE	FALSE	
51098	1	1	1	FALSE	FALSE	
51099	4	4	1	FALSE	FALSE	
5110	3	2	0.666666666666667	TRUE	FALSE	
51100	2	2	1	FALSE	FALSE	
51101	3	2	0.666666666666667	TRUE	FALSE	
51102	2	1	0.5	TRUE	TRUE	218664_at
51103	1	1	1	FALSE	FALSE	
51104	3	2	0.666666666666667	TRUE	FALSE	
51105	7	6	0.857142857142857	TRUE	FALSE	
51106	2	1	0.5	TRUE	FALSE	
51107	3	3	1	FALSE	FALSE	
51108	4	3	0.75	TRUE	TRUE	230395_at
51109	4	3	0.75	TRUE	FALSE	
5111	1	1	1	FALSE	FALSE	
51110	2	2	1	FALSE	FALSE	
51111	3	2	0.666666666666667	TRUE	FALSE	
51112	3	2	0.666666666666667	TRUE	FALSE	
51114	2	2	1	FALSE	FALSE	
51115	3	3	1	FALSE	FALSE	
51116	1	1	1	FALSE	FALSE	
51117	2	2	1	FALSE	FALSE	
51118	2	1	0.5	TRUE	FALSE	
51121	1	1	1	FALSE	FALSE	
51122	2	1	0.5	TRUE	FALSE	
51123	2	2	1	FALSE	FALSE	
51124	2	1	0.5	TRUE	FALSE	
51125	2	2	1	FALSE	FALSE	
51126	1	1	1	FALSE	FALSE	
51127	1	1	1	FALSE	FALSE	
51128	5	2	0.4	TRUE	FALSE	
51129	2	2	1	FALSE	FALSE	
51130	1	1	1	FALSE	FALSE	
51131	1	1	1	FALSE	FALSE	
51132	2	1	0.5	TRUE	FALSE	
51133	1	1	1	FALSE	FALSE	
51134	2	2	1	FALSE	FALSE	
51135	1	1	1	FALSE	FALSE	
51136	3	3	1	FALSE	FALSE	
51138	2	2	1	FALSE	FALSE	
51141	1	1	1	FALSE	FALSE	
51142	1	1	1	FALSE	FALSE	
51143	2	1	0.5	TRUE	FALSE	
51144	4	2	0.5	TRUE	FALSE	
51145	1	1	1	FALSE	FALSE	
51146	1	1	1	FALSE	FALSE	
51147	2	1	0.5	TRUE	FALSE	
51148	2	1	0.5	TRUE	FALSE	
51149	1	1	1	FALSE	FALSE	
51150	1	1	1	FALSE	FALSE	
51151	2	1	0.5	TRUE	FALSE	
51152	1	1	1	FALSE	FALSE	
51154	2	2	1	FALSE	FALSE	
51155	2	2	1	FALSE	FALSE	
51156	1	1	1	FALSE	FALSE	
51157	1	1	1	FALSE	FALSE	
5116	2	1	0.5	TRUE	FALSE	
51160	1	1	1	FALSE	FALSE	
51161	1	1	1	FALSE	FALSE	
51162	1	1	1	FALSE	FALSE	
51163	1	1	1	FALSE	FALSE	
51164	2	2	1	FALSE	FALSE	
51166	1	1	1	FALSE	FALSE	
51167	2	1	0.5	TRUE	FALSE	
51168	1	1	1	FALSE	FALSE	
51170	1	1	1	FALSE	FALSE	
51171	1	1	1	FALSE	FALSE	
51172	1	1	1	FALSE	FALSE	
51174	2	2	1	FALSE	FALSE	
51175	2	2	1	FALSE	FALSE	
51176	3	2	0.666666666666667	TRUE	FALSE	
51177	1	1	1	FALSE	FALSE	
51179	2	2	1	FALSE	FALSE	
5118	1	1	1	FALSE	FALSE	
51181	1	1	1	FALSE	FALSE	
51182	3	3	1	FALSE	FALSE	
51184	1	1	1	FALSE	FALSE	
51185	2	2	1	FALSE	FALSE	
51186	1	1	1	FALSE	FALSE	
51187	2	2	1	FALSE	FALSE	
51188	1	1	1	FALSE	FALSE	
5119	1	1	1	FALSE	FALSE	
51191	1	1	1	FALSE	FALSE	
51192	2	1	0.5	TRUE	FALSE	
51193	4	2	0.5	TRUE	FALSE	
51194	1	1	1	FALSE	FALSE	
51195	1	1	1	FALSE	FALSE	
51196	5	5	1	FALSE	FALSE	
51198	1	1	1	FALSE	FALSE	
51199	5	5	1	FALSE	FALSE	
51200	1	1	1	FALSE	FALSE	
51201	4	4	1	FALSE	FALSE	
51203	2	2	1	FALSE	FALSE	
51204	2	1	0.5	TRUE	FALSE	
51205	2	2	1	FALSE	FALSE	
51206	1	1	1	FALSE	FALSE	
51207	1	1	1	FALSE	FALSE	
51208	4	3	0.75	TRUE	FALSE	
51209	1	1	1	FALSE	FALSE	
5121	1	1	1	FALSE	FALSE	
51213	1	1	1	FALSE	FALSE	
51214	1	1	1	FALSE	FALSE	
51218	1	1	1	FALSE	FALSE	
5122	1	1	1	FALSE	FALSE	
51222	3	1	0.333333333333333	TRUE	FALSE	
51224	1	1	1	FALSE	FALSE	
51225	1	1	1	FALSE	FALSE	
51226	2	2	1	FALSE	FALSE	
51227	1	1	1	FALSE	FALSE	
51228	2	1	0.5	TRUE	FALSE	
51230	5	4	0.8	TRUE	FALSE	
51231	6	4	0.666666666666667	TRUE	FALSE	
51232	3	3	1	FALSE	FALSE	
51233	2	1	0.5	TRUE	FALSE	
51234	1	1	1	FALSE	FALSE	
51237	2	2	1	FALSE	FALSE	
51241	1	1	1	FALSE	FALSE	
51244	3	1	0.333333333333333	TRUE	FALSE	
51246	1	1	1	FALSE	FALSE	
51247	3	3	1	FALSE	FALSE	
51248	1	1	1	FALSE	FALSE	
51249	1	1	1	FALSE	FALSE	
5125	3	3	1	FALSE	FALSE	
51250	1	1	1	FALSE	FALSE	
51251	1	1	1	FALSE	FALSE	
51252	1	1	1	FALSE	FALSE	
51253	1	1	1	FALSE	FALSE	
51255	1	1	1	FALSE	FALSE	
51256	2	2	1	FALSE	FALSE	
51257	1	1	1	FALSE	FALSE	
51258	1	1	1	FALSE	FALSE	
51259	1	1	1	FALSE	FALSE	
5126	2	1	0.5	TRUE	FALSE	
51260	2	1	0.5	TRUE	FALSE	
51263	4	2	0.5	TRUE	FALSE	
51264	1	1	1	FALSE	FALSE	
51265	3	1	0.333333333333333	TRUE	FALSE	
51266	1	1	1	FALSE	FALSE	
51267	1	1	1	FALSE	FALSE	
51268	1	1	1	FALSE	FALSE	
5127	2	1	0.5	TRUE	FALSE	
51270	1	1	1	FALSE	FALSE	
51271	2	2	1	FALSE	FALSE	
51272	2	1	0.5	TRUE	FALSE	
51274	4	4	1	FALSE	FALSE	
51275	3	2	0.666666666666667	TRUE	FALSE	
51276	1	1	1	FALSE	FALSE	
51277	4	4	1	FALSE	FALSE	
51278	2	1	0.5	TRUE	FALSE	
51279	2	1	0.5	TRUE	FALSE	
5128	2	2	1	FALSE	FALSE	
51280	2	1	0.5	TRUE	FALSE	
51281	3	2	0.666666666666667	TRUE	FALSE	
51283	1	1	1	FALSE	FALSE	
51284	2	2	1	FALSE	FALSE	
51285	1	1	1	FALSE	FALSE	
51286	1	1	1	FALSE	FALSE	
51287	1	1	1	FALSE	FALSE	
5129	1	1	1	FALSE	FALSE	
51290	4	1	0.25	TRUE	TRUE	240172_at
51291	2	2	1	FALSE	FALSE	
51292	1	1	1	FALSE	FALSE	
51293	1	1	1	FALSE	FALSE	
51294	1	1	1	FALSE	FALSE	
51295	1	1	1	FALSE	FALSE	
51296	1	1	1	FALSE	FALSE	
51297	1	1	1	FALSE	FALSE	
51298	1	1	1	FALSE	FALSE	
51299	1	1	1	FALSE	FALSE	
513	1	1	1	FALSE	FALSE	
5130	3	2	0.666666666666667	TRUE	FALSE	
51300	1	1	1	FALSE	FALSE	
51301	1	1	1	FALSE	FALSE	
51302	2	2	1	FALSE	FALSE	
51303	3	3	1	FALSE	FALSE	
51304	4	4	1	FALSE	FALSE	
51305	2	2	1	FALSE	FALSE	
51306	1	1	1	FALSE	FALSE	
51307	1	1	1	FALSE	FALSE	
51308	1	1	1	FALSE	FALSE	
51309	1	1	1	FALSE	FALSE	
51310	2	1	0.5	TRUE	FALSE	
51311	2	2	1	FALSE	FALSE	
51312	9	7	0.777777777777778	TRUE	FALSE	
51313	2	1	0.5	TRUE	FALSE	
51314	1	1	1	FALSE	FALSE	
51315	1	1	1	FALSE	FALSE	
51316	1	1	1	FALSE	FALSE	
51317	4	1	0.25	TRUE	FALSE	
51318	2	2	1	FALSE	FALSE	
51319	3	3	1	FALSE	FALSE	
5132	1	1	1	FALSE	FALSE	
51320	5	3	0.6	TRUE	FALSE	
51321	1	1	1	FALSE	FALSE	
51322	6	1	0.166666666666667	TRUE	FALSE	
51324	1	1	1	FALSE	FALSE	
51327	1	1	1	FALSE	FALSE	
51329	1	1	1	FALSE	FALSE	
5133	1	1	1	FALSE	FALSE	
51330	1	1	1	FALSE	FALSE	
51332	1	1	1	FALSE	FALSE	
51333	5	2	0.4	TRUE	FALSE	
51334	2	2	1	FALSE	FALSE	
51335	2	1	0.5	TRUE	FALSE	
51337	1	1	1	FALSE	FALSE	
51338	3	3	1	FALSE	FALSE	
51339	1	1	1	FALSE	FALSE	
5134	5	3	0.6	TRUE	FALSE	
51340	1	1	1	FALSE	FALSE	
51341	4	2	0.5	TRUE	FALSE	
51343	4	1	0.25	TRUE	FALSE	
51347	2	2	1	FALSE	FALSE	
51348	1	1	1	FALSE	FALSE	
51350	1	1	1	FALSE	FALSE	
51351	2	2	1	FALSE	FALSE	
51352	1	1	1	FALSE	FALSE	
51359	1	1	1	FALSE	FALSE	
5136	6	5	0.833333333333333	TRUE	FALSE	
51360	3	3	1	FALSE	FALSE	
51361	2	2	1	FALSE	FALSE	
51362	2	2	1	FALSE	FALSE	
51363	3	1	0.333333333333333	TRUE	FALSE	
51364	2	2	1	FALSE	FALSE	
51365	1	1	1	FALSE	FALSE	
51366	3	1	0.333333333333333	TRUE	TRUE	208882_s_at
51367	1	1	1	FALSE	FALSE	
51368	1	1	1	FALSE	FALSE	
5137	6	3	0.5	TRUE	FALSE	
51371	2	2	1	FALSE	FALSE	
51372	1	1	1	FALSE	FALSE	
51373	1	1	1	FALSE	FALSE	
51374	1	1	1	FALSE	FALSE	
51375	1	1	1	FALSE	FALSE	
51377	3	3	1	FALSE	FALSE	
51378	1	1	1	FALSE	FALSE	
51379	1	1	1	FALSE	FALSE	
5138	1	1	1	FALSE	FALSE	
51380	3	2	0.666666666666667	TRUE	FALSE	
51382	3	3	1	FALSE	FALSE	
51384	1	1	1	FALSE	FALSE	
51385	4	2	0.5	TRUE	FALSE	
51386	1	1	1	FALSE	FALSE	
51388	2	1	0.5	TRUE	FALSE	
51389	1	1	1	FALSE	FALSE	
5139	4	2	0.5	TRUE	FALSE	
51390	5	3	0.6	TRUE	FALSE	
51393	2	2	1	FALSE	FALSE	
51397	4	3	0.75	TRUE	FALSE	
51398	1	1	1	FALSE	FALSE	
51399	3	3	1	FALSE	FALSE	
514	2	2	1	FALSE	FALSE	
5140	3	3	1	FALSE	FALSE	
51400	3	3	1	FALSE	FALSE	
51406	2	1	0.5	TRUE	FALSE	
51409	4	2	0.5	TRUE	FALSE	
5141	5	3	0.6	TRUE	FALSE	
51411	1	1	1	FALSE	FALSE	
51412	2	2	1	FALSE	FALSE	
5142	3	3	1	FALSE	FALSE	
51421	1	1	1	FALSE	FALSE	
51422	3	2	0.666666666666667	TRUE	FALSE	
51426	3	3	1	FALSE	FALSE	
51427	2	2	1	FALSE	FALSE	
51428	1	1	1	FALSE	FALSE	
51429	2	2	1	FALSE	FALSE	
51430	1	1	1	FALSE	FALSE	
51433	5	5	1	FALSE	FALSE	
51434	2	2	1	FALSE	FALSE	
51435	3	1	0.333333333333333	TRUE	FALSE	
51438	2	2	1	FALSE	FALSE	
51439	1	1	1	FALSE	FALSE	
5144	5	4	0.8	TRUE	FALSE	
51440	2	2	1	FALSE	FALSE	
51441	2	2	1	FALSE	FALSE	
51442	3	1	0.333333333333333	TRUE	FALSE	
51444	1	1	1	FALSE	FALSE	
51447	2	2	1	FALSE	FALSE	
51449	2	2	1	FALSE	FALSE	
5145	1	1	1	FALSE	FALSE	
51450	1	1	1	FALSE	FALSE	
51451	1	1	1	FALSE	FALSE	
51454	5	3	0.6	TRUE	FALSE	
51455	4	2	0.5	TRUE	FALSE	
51458	1	1	1	FALSE	FALSE	
5146	1	1	1	FALSE	FALSE	
51460	2	2	1	FALSE	FALSE	
51463	1	1	1	FALSE	FALSE	
51465	6	4	0.666666666666667	TRUE	FALSE	
51466	2	2	1	FALSE	FALSE	
5147	2	1	0.5	TRUE	FALSE	
51471	1	1	1	FALSE	FALSE	
51473	2	1	0.5	TRUE	FALSE	
51474	3	2	0.666666666666667	TRUE	FALSE	
51475	1	1	1	FALSE	FALSE	
51477	3	3	1	FALSE	FALSE	
51479	4	2	0.5	TRUE	FALSE	
5148	1	1	1	FALSE	FALSE	
5149	1	1	1	FALSE	FALSE	
51490	2	2	1	FALSE	FALSE	
51491	3	2	0.666666666666667	TRUE	FALSE	
51493	1	1	1	FALSE	FALSE	
51495	3	3	1	FALSE	FALSE	
51496	4	3	0.75	TRUE	FALSE	
51499	1	1	1	FALSE	FALSE	
515	2	2	1	FALSE	FALSE	
5150	6	4	0.666666666666667	TRUE	FALSE	
51501	2	2	1	FALSE	FALSE	
51503	1	1	1	FALSE	FALSE	
51504	1	1	1	FALSE	FALSE	
51506	1	1	1	FALSE	FALSE	
51507	3	2	0.666666666666667	TRUE	FALSE	
5151	4	4	1	FALSE	FALSE	
51510	2	1	0.5	TRUE	FALSE	
51512	4	1	0.25	TRUE	FALSE	
51513	2	2	1	FALSE	FALSE	
51514	2	2	1	FALSE	FALSE	
51517	4	2	0.5	TRUE	FALSE	
5152	2	2	1	FALSE	FALSE	
51520	3	3	1	FALSE	FALSE	
51522	1	1	1	FALSE	FALSE	
51523	2	2	1	FALSE	FALSE	
51524	1	1	1	FALSE	FALSE	
51526	2	1	0.5	TRUE	FALSE	
51527	1	1	1	FALSE	FALSE	
51528	2	2	1	FALSE	FALSE	
51529	2	1	0.5	TRUE	FALSE	
5153	1	1	1	FALSE	FALSE	
51530	1	1	1	FALSE	FALSE	
51531	3	3	1	FALSE	FALSE	
51533	2	2	1	FALSE	FALSE	
51534	3	1	0.333333333333333	TRUE	FALSE	
51535	5	3	0.6	TRUE	FALSE	
51537	1	1	1	FALSE	FALSE	
51538	2	2	1	FALSE	FALSE	
5154	2	2	1	FALSE	FALSE	
51540	3	2	0.666666666666667	TRUE	FALSE	
51542	2	1	0.5	TRUE	FALSE	
51545	1	1	1	FALSE	FALSE	
51547	1	1	1	FALSE	FALSE	
51548	1	1	1	FALSE	FALSE	
5155	3	3	1	FALSE	FALSE	
51550	3	2	0.666666666666667	TRUE	FALSE	
51552	3	1	0.333333333333333	TRUE	FALSE	
51554	1	1	1	FALSE	FALSE	
51555	3	3	1	FALSE	FALSE	
51557	1	1	1	FALSE	FALSE	
51559	2	1	0.5	TRUE	FALSE	
5156	4	3	0.75	TRUE	FALSE	
51560	3	2	0.666666666666667	TRUE	FALSE	
51561	1	1	1	FALSE	FALSE	
51562	1	1	1	FALSE	FALSE	
51564	2	2	1	FALSE	FALSE	
51566	2	1	0.5	TRUE	FALSE	
51567	1	1	1	FALSE	FALSE	
51569	3	2	0.666666666666667	TRUE	FALSE	
5157	1	1	1	FALSE	FALSE	
51571	3	2	0.666666666666667	TRUE	FALSE	
51573	2	1	0.5	TRUE	FALSE	
51574	3	1	0.333333333333333	TRUE	FALSE	
51575	1	1	1	FALSE	FALSE	
5158	2	2	1	FALSE	FALSE	
51581	3	3	1	FALSE	FALSE	
51582	2	2	1	FALSE	FALSE	
51585	2	2	1	FALSE	FALSE	
51586	1	1	1	FALSE	FALSE	
51588	1	1	1	FALSE	FALSE	
5159	1	1	1	FALSE	FALSE	
51592	4	4	1	FALSE	FALSE	
51593	4	2	0.5	TRUE	TRUE	222047_s_at
51594	3	2	0.666666666666667	TRUE	FALSE	
51596	1	1	1	FALSE	FALSE	
51599	1	1	1	FALSE	FALSE	
516	1	1	1	FALSE	FALSE	
5160	3	3	1	FALSE	FALSE	
51601	1	1	1	FALSE	FALSE	
51602	1	1	1	FALSE	FALSE	
51603	3	3	1	FALSE	FALSE	
51604	1	1	1	FALSE	FALSE	
51605	2	2	1	FALSE	FALSE	
51606	3	1	0.333333333333333	TRUE	FALSE	
51608	2	2	1	FALSE	FALSE	
5161	1	1	1	FALSE	FALSE	
51611	2	1	0.5	TRUE	FALSE	
51614	3	2	0.666666666666667	TRUE	FALSE	
51616	5	5	1	FALSE	FALSE	
51617	1	1	1	FALSE	FALSE	
51619	5	5	1	FALSE	FALSE	
5162	2	2	1	FALSE	FALSE	
51621	3	3	1	FALSE	FALSE	
51622	1	1	1	FALSE	FALSE	
51626	3	2	0.666666666666667	TRUE	FALSE	
51629	1	1	1	FALSE	FALSE	
5163	3	2	0.666666666666667	TRUE	FALSE	
51631	2	1	0.5	TRUE	FALSE	
51633	1	1	1	FALSE	FALSE	
51634	2	2	1	FALSE	FALSE	
51635	3	2	0.666666666666667	TRUE	FALSE	
51637	1	1	1	FALSE	FALSE	
51639	2	2	1	FALSE	FALSE	
5164	2	2	1	FALSE	FALSE	
51642	1	1	1	FALSE	FALSE	
51643	2	2	1	FALSE	FALSE	
51645	1	1	1	FALSE	FALSE	
51646	2	2	1	FALSE	FALSE	
51647	1	1	1	FALSE	FALSE	
51649	2	2	1	FALSE	FALSE	
5165	5	5	1	FALSE	FALSE	
51650	2	1	0.5	TRUE	FALSE	
51651	1	1	1	FALSE	FALSE	
51654	1	1	1	FALSE	FALSE	
51655	1	1	1	FALSE	FALSE	
51657	2	1	0.5	TRUE	FALSE	
51659	3	1	0.333333333333333	TRUE	TRUE	221521_s_at
5166	3	3	1	FALSE	FALSE	
51660	2	2	1	FALSE	FALSE	
51661	3	3	1	FALSE	FALSE	
51663	4	4	1	FALSE	FALSE	
51665	3	3	1	FALSE	FALSE	
51666	6	5	0.833333333333333	TRUE	FALSE	
51667	5	2	0.4	TRUE	FALSE	
51668	2	1	0.5	TRUE	FALSE	
51669	1	1	1	FALSE	FALSE	
5167	4	4	1	FALSE	FALSE	
51673	1	1	1	FALSE	FALSE	
51676	2	1	0.5	TRUE	FALSE	
51678	2	2	1	FALSE	FALSE	
5168	2	2	1	FALSE	FALSE	
51684	4	2	0.5	TRUE	FALSE	
51686	2	1	0.5	TRUE	FALSE	
5169	2	2	1	FALSE	FALSE	
51690	1	1	1	FALSE	FALSE	
51691	1	1	1	FALSE	FALSE	
51692	1	1	1	FALSE	FALSE	
51693	3	1	0.333333333333333	TRUE	FALSE	
51696	3	3	1	FALSE	FALSE	
51699	2	2	1	FALSE	FALSE	
517	2	2	1	FALSE	FALSE	
5170	6	5	0.833333333333333	TRUE	FALSE	
51700	1	1	1	FALSE	FALSE	
51701	3	3	1	FALSE	FALSE	
51702	1	1	1	FALSE	FALSE	
51703	2	2	1	FALSE	FALSE	
51704	4	3	0.75	TRUE	FALSE	
51705	3	3	1	FALSE	FALSE	
51706	2	1	0.5	TRUE	FALSE	
51710	3	2	0.666666666666667	TRUE	FALSE	
51714	2	1	0.5	TRUE	FALSE	
51715	2	2	1	FALSE	FALSE	
51716	1	1	1	FALSE	FALSE	
51719	2	2	1	FALSE	FALSE	
51720	1	1	1	FALSE	FALSE	
51725	2	2	1	FALSE	FALSE	
51726	1	1	1	FALSE	FALSE	
51727	3	3	1	FALSE	FALSE	
51728	2	1	0.5	TRUE	FALSE	
51729	3	2	0.666666666666667	TRUE	FALSE	
5173	1	1	1	FALSE	FALSE	
51733	4	4	1	FALSE	FALSE	
51734	1	1	1	FALSE	FALSE	
51735	4	3	0.75	TRUE	FALSE	
51738	2	1	0.5	TRUE	FALSE	
5174	1	1	1	FALSE	FALSE	
51741	3	3	1	FALSE	FALSE	
51742	3	2	0.666666666666667	TRUE	FALSE	
51744	2	1	0.5	TRUE	FALSE	
51747	4	4	1	FALSE	FALSE	
5175	5	5	1	FALSE	FALSE	
51751	1	1	1	FALSE	FALSE	
51752	6	6	1	FALSE	FALSE	
51754	2	2	1	FALSE	FALSE	
51755	8	8	1	FALSE	FALSE	
51759	1	1	1	FALSE	FALSE	
5176	1	1	1	FALSE	FALSE	
51760	2	2	1	FALSE	FALSE	
51761	3	2	0.666666666666667	TRUE	FALSE	
51762	3	3	1	FALSE	FALSE	
51763	2	2	1	FALSE	FALSE	
51765	2	1	0.5	TRUE	FALSE	
51768	3	3	1	FALSE	FALSE	
51773	6	5	0.833333333333333	TRUE	FALSE	
51776	7	7	1	FALSE	FALSE	
51778	2	2	1	FALSE	FALSE	
5178	2	2	1	FALSE	FALSE	
51780	1	1	1	FALSE	FALSE	
5179	2	2	1	FALSE	FALSE	
518	3	3	1	FALSE	FALSE	
51802	1	1	1	FALSE	FALSE	
51804	2	2	1	FALSE	FALSE	
51805	1	1	1	FALSE	FALSE	
51806	1	1	1	FALSE	FALSE	
51807	1	1	1	FALSE	FALSE	
51808	1	1	1	FALSE	FALSE	
51809	2	2	1	FALSE	FALSE	
51816	1	1	1	FALSE	FALSE	
5184	1	1	1	FALSE	FALSE	
5187	4	4	1	FALSE	FALSE	
5188	2	2	1	FALSE	FALSE	
5189	2	1	0.5	TRUE	FALSE	
5190	2	2	1	FALSE	FALSE	
5191	2	1	0.5	TRUE	FALSE	
5192	2	1	0.5	TRUE	FALSE	
5193	1	1	1	FALSE	FALSE	
5194	5	4	0.8	TRUE	FALSE	
5195	3	3	1	FALSE	FALSE	
5197	1	1	1	FALSE	FALSE	
5198	1	1	1	FALSE	FALSE	
5199	1	1	1	FALSE	FALSE	
52	3	3	1	FALSE	FALSE	
5201	1	1	1	FALSE	FALSE	
5202	1	1	1	FALSE	FALSE	
5203	3	3	1	FALSE	FALSE	
5204	1	1	1	FALSE	FALSE	
5205	1	1	1	FALSE	FALSE	
5207	3	3	1	FALSE	FALSE	
5208	6	2	0.333333333333333	TRUE	FALSE	
5209	1	1	1	FALSE	FALSE	
5210	2	1	0.5	TRUE	FALSE	
5211	1	1	1	FALSE	FALSE	
5212	1	1	1	FALSE	FALSE	
5213	1	1	1	FALSE	FALSE	
5214	1	1	1	FALSE	FALSE	
5216	1	1	1	FALSE	FALSE	
5217	1	1	1	FALSE	FALSE	
5218	2	2	1	FALSE	FALSE	
522	1	1	1	FALSE	FALSE	
5223	1	1	1	FALSE	FALSE	
5224	1	1	1	FALSE	FALSE	
5225	2	2	1	FALSE	FALSE	
5226	3	3	1	FALSE	FALSE	
5228	1	1	1	FALSE	FALSE	
5229	4	2	0.5	TRUE	FALSE	
523	2	2	1	FALSE	FALSE	
5230	6	3	0.5	TRUE	FALSE	
5232	1	1	1	FALSE	FALSE	
5236	1	1	1	FALSE	FALSE	
5238	2	2	1	FALSE	FALSE	
5239	3	2	0.666666666666667	TRUE	FALSE	
5241	3	3	1	FALSE	FALSE	
5243	2	1	0.5	TRUE	FALSE	
5244	2	1	0.5	TRUE	FALSE	
5245	2	2	1	FALSE	FALSE	
525	2	2	1	FALSE	FALSE	
5250	2	1	0.5	TRUE	FALSE	
5251	2	2	1	FALSE	FALSE	
5252	2	2	1	FALSE	FALSE	
5253	2	2	1	FALSE	FALSE	
5255	2	2	1	FALSE	FALSE	
5256	3	3	1	FALSE	FALSE	
5257	4	3	0.75	TRUE	FALSE	
526	1	1	1	FALSE	FALSE	
5260	1	1	1	FALSE	FALSE	
5261	3	2	0.666666666666667	TRUE	FALSE	
5264	1	1	1	FALSE	FALSE	
5265	4	2	0.5	TRUE	FALSE	
5266	2	2	1	FALSE	FALSE	
5267	1	1	1	FALSE	FALSE	
5268	2	1	0.5	TRUE	FALSE	
5269	3	2	0.666666666666667	TRUE	TRUE	1556950_s_at
527	2	2	1	FALSE	FALSE	
5270	2	1	0.5	TRUE	FALSE	
5271	2	2	1	FALSE	FALSE	
5272	3	3	1	FALSE	FALSE	
5273	1	1	1	FALSE	FALSE	
5274	1	1	1	FALSE	FALSE	
5275	6	4	0.666666666666667	TRUE	FALSE	
5276	1	1	1	FALSE	FALSE	
5277	1	1	1	FALSE	FALSE	
5279	2	2	1	FALSE	FALSE	
528	4	3	0.75	TRUE	FALSE	
5281	2	1	0.5	TRUE	FALSE	
5283	1	1	1	FALSE	FALSE	
5284	2	1	0.5	TRUE	FALSE	
5286	7	2	0.285714285714286	TRUE	FALSE	
5287	1	1	1	FALSE	FALSE	
5288	1	1	1	FALSE	FALSE	
5289	7	4	0.571428571428571	TRUE	FALSE	
529	1	1	1	FALSE	FALSE	
5290	3	3	1	FALSE	FALSE	
5291	2	2	1	FALSE	FALSE	
5292	1	1	1	FALSE	FALSE	
5293	2	2	1	FALSE	FALSE	
5294	3	3	1	FALSE	FALSE	
5295	3	3	1	FALSE	FALSE	
5296	3	2	0.666666666666667	TRUE	FALSE	
5297	1	1	1	FALSE	FALSE	
5298	3	3	1	FALSE	FALSE	
53	1	1	1	FALSE	FALSE	
5300	1	1	1	FALSE	FALSE	
5301	1	1	1	FALSE	FALSE	
5303	3	2	0.666666666666667	TRUE	FALSE	
5304	1	1	1	FALSE	FALSE	
5305	3	3	1	FALSE	FALSE	
5306	3	3	1	FALSE	FALSE	
5307	2	2	1	FALSE	FALSE	
5308	1	1	1	FALSE	FALSE	
5309	1	1	1	FALSE	FALSE	
5310	3	1	0.333333333333333	TRUE	FALSE	
5311	1	1	1	FALSE	FALSE	
5313	3	2	0.666666666666667	TRUE	FALSE	
5314	3	1	0.333333333333333	TRUE	FALSE	
5315	2	2	1	FALSE	FALSE	
5316	4	3	0.75	TRUE	FALSE	
5317	2	1	0.5	TRUE	FALSE	
5318	2	1	0.5	TRUE	FALSE	
5319	1	1	1	FALSE	FALSE	
5320	1	1	1	FALSE	FALSE	
5321	1	1	1	FALSE	FALSE	
5322	3	3	1	FALSE	FALSE	
5324	1	1	1	FALSE	FALSE	
5325	1	1	1	FALSE	FALSE	
5326	2	2	1	FALSE	FALSE	
5327	1	1	1	FALSE	FALSE	
5328	2	2	1	FALSE	FALSE	
5329	3	3	1	FALSE	FALSE	
533	1	1	1	FALSE	FALSE	
5330	2	2	1	FALSE	FALSE	
5332	2	2	1	FALSE	FALSE	
5333	1	1	1	FALSE	FALSE	
53335	5	5	1	FALSE	FALSE	
53336	2	2	1	FALSE	FALSE	
53339	1	1	1	FALSE	FALSE	
5334	2	2	1	FALSE	FALSE	
53340	1	1	1	FALSE	FALSE	
53342	1	1	1	FALSE	FALSE	
53343	1	1	1	FALSE	FALSE	
53344	3	1	0.333333333333333	TRUE	FALSE	
53345	2	1	0.5	TRUE	FALSE	
53346	1	1	1	FALSE	FALSE	
53347	1	1	1	FALSE	FALSE	
53349	2	2	1	FALSE	FALSE	
5335	2	2	1	FALSE	FALSE	
53353	1	1	1	FALSE	FALSE	
53354	1	1	1	FALSE	FALSE	
53358	4	3	0.75	TRUE	FALSE	
5336	3	3	1	FALSE	FALSE	
5337	8	7	0.875	TRUE	FALSE	
53371	3	3	1	FALSE	FALSE	
53373	3	2	0.666666666666667	TRUE	FALSE	
5338	1	1	1	FALSE	FALSE	
5339	2	2	1	FALSE	FALSE	
534	1	1	1	FALSE	FALSE	
5340	3	3	1	FALSE	FALSE	
53405	5	5	1	FALSE	FALSE	
53407	1	1	1	FALSE	FALSE	
5341	2	2	1	FALSE	FALSE	
5342	1	1	1	FALSE	FALSE	
5345	1	1	1	FALSE	FALSE	
5346	1	1	1	FALSE	FALSE	
5347	1	1	1	FALSE	FALSE	
5348	1	1	1	FALSE	FALSE	
5349	2	2	1	FALSE	FALSE	
535	2	2	1	FALSE	FALSE	
5350	3	3	1	FALSE	FALSE	
5351	1	1	1	FALSE	FALSE	
5352	2	2	1	FALSE	FALSE	
5354	1	1	1	FALSE	FALSE	
5355	1	1	1	FALSE	FALSE	
5356	2	2	1	FALSE	FALSE	
5357	1	1	1	FALSE	FALSE	
5358	1	1	1	FALSE	FALSE	
5359	3	2	0.666666666666667	TRUE	FALSE	
5360	1	1	1	FALSE	FALSE	
5361	3	1	0.333333333333333	TRUE	FALSE	
53615	2	2	1	FALSE	FALSE	
53616	5	4	0.8	TRUE	FALSE	
5362	3	3	1	FALSE	FALSE	
53630	1	1	1	FALSE	FALSE	
53632	1	1	1	FALSE	FALSE	
53635	1	1	1	FALSE	FALSE	
53637	1	1	1	FALSE	FALSE	
5364	2	1	0.5	TRUE	FALSE	
5365	1	1	1	FALSE	FALSE	
5366	2	2	1	FALSE	FALSE	
5367	1	1	1	FALSE	FALSE	
5368	1	1	1	FALSE	FALSE	
537	1	1	1	FALSE	FALSE	
5371	7	4	0.571428571428571	TRUE	FALSE	
5372	1	1	1	FALSE	FALSE	
5373	1	1	1	FALSE	FALSE	
5375	2	2	1	FALSE	FALSE	
5376	4	3	0.75	TRUE	FALSE	
5378	4	3	0.75	TRUE	FALSE	
538	2	2	1	FALSE	FALSE	
5380	1	1	1	FALSE	FALSE	
5382	1	1	1	FALSE	FALSE	
53820	1	1	1	FALSE	FALSE	
53822	1	1	1	FALSE	FALSE	
53826	1	1	1	FALSE	FALSE	
53827	2	2	1	FALSE	FALSE	
53828	1	1	1	FALSE	FALSE	
53829	1	1	1	FALSE	FALSE	
5383	1	1	1	FALSE	FALSE	
53831	1	1	1	FALSE	FALSE	
53832	3	3	1	FALSE	FALSE	
53833	1	1	1	FALSE	FALSE	
53834	2	1	0.5	TRUE	FALSE	
53836	1	1	1	FALSE	FALSE	
53838	2	1	0.5	TRUE	FALSE	
53841	3	2	0.666666666666667	TRUE	FALSE	
53844	1	1	1	FALSE	FALSE	
539	2	2	1	FALSE	FALSE	
53904	3	2	0.666666666666667	TRUE	FALSE	
53905	3	2	0.666666666666667	TRUE	FALSE	
53916	1	1	1	FALSE	FALSE	
53917	1	1	1	FALSE	FALSE	
53918	2	2	1	FALSE	FALSE	
53919	2	2	1	FALSE	FALSE	
5393	1	1	1	FALSE	FALSE	
53938	1	1	1	FALSE	FALSE	
5394	2	1	0.5	TRUE	FALSE	
53940	1	1	1	FALSE	FALSE	
53942	2	1	0.5	TRUE	FALSE	
53944	4	3	0.75	TRUE	FALSE	
53947	1	1	1	FALSE	FALSE	
5396	3	3	1	FALSE	FALSE	
53981	1	1	1	FALSE	FALSE	
54	1	1	1	FALSE	FALSE	
540	1	1	1	FALSE	FALSE	
54014	8	7	0.875	TRUE	FALSE	
54020	2	2	1	FALSE	FALSE	
54033	1	1	1	FALSE	FALSE	
54039	1	1	1	FALSE	FALSE	
54055	1	1	1	FALSE	FALSE	
54058	4	4	1	FALSE	FALSE	
54059	2	2	1	FALSE	FALSE	
5406	1	1	1	FALSE	FALSE	
54067	2	1	0.5	TRUE	FALSE	
54069	3	3	1	FALSE	FALSE	
5407	2	1	0.5	TRUE	FALSE	
54072	1	1	1	FALSE	FALSE	
5408	1	1	1	FALSE	FALSE	
54084	3	2	0.666666666666667	TRUE	FALSE	
54088	1	1	1	FALSE	FALSE	
54089	1	1	1	FALSE	FALSE	
5409	1	1	1	FALSE	FALSE	
54093	2	2	1	FALSE	FALSE	
54097	1	1	1	FALSE	FALSE	
54101	2	2	1	FALSE	FALSE	
54102	2	2	1	FALSE	FALSE	
54103	1	1	1	FALSE	FALSE	
54106	1	1	1	FALSE	FALSE	
54107	1	1	1	FALSE	FALSE	
54108	1	1	1	FALSE	FALSE	
5411	4	3	0.75	TRUE	FALSE	
54112	1	1	1	FALSE	FALSE	
5412	2	2	1	FALSE	FALSE	
5414	4	2	0.5	TRUE	TRUE	210657_s_at
54143	2	1	0.5	TRUE	FALSE	
541468	1	1	1	FALSE	FALSE	
541471	2	2	1	FALSE	FALSE	
541472	1	1	1	FALSE	FALSE	
54148	2	1	0.5	TRUE	FALSE	
54149	2	1	0.5	TRUE	FALSE	
541565	1	1	1	FALSE	FALSE	
54165	5	5	1	FALSE	FALSE	
54187	1	1	1	FALSE	FALSE	
5420	1	1	1	FALSE	FALSE	
54205	3	3	1	FALSE	FALSE	
54206	1	1	1	FALSE	FALSE	
54207	3	2	0.666666666666667	TRUE	FALSE	
54209	1	1	1	FALSE	FALSE	
54210	1	1	1	FALSE	FALSE	
54212	3	3	1	FALSE	FALSE	
5422	1	1	1	FALSE	FALSE	
54221	2	2	1	FALSE	FALSE	
5423	1	1	1	FALSE	FALSE	
5424	1	1	1	FALSE	FALSE	
5425	1	1	1	FALSE	FALSE	
5426	1	1	1	FALSE	FALSE	
5427	1	1	1	FALSE	FALSE	
542767	1	1	1	FALSE	FALSE	
5428	3	3	1	FALSE	FALSE	
5429	5	4	0.8	TRUE	FALSE	
5430	3	1	0.333333333333333	TRUE	FALSE	
5431	3	3	1	FALSE	FALSE	
5432	1	1	1	FALSE	FALSE	
54328	4	2	0.5	TRUE	FALSE	
54329	2	2	1	FALSE	FALSE	
5433	3	3	1	FALSE	FALSE	
54331	4	4	1	FALSE	FALSE	
54332	3	3	1	FALSE	FALSE	
5434	2	2	1	FALSE	FALSE	
54344	1	1	1	FALSE	FALSE	
54346	2	1	0.5	TRUE	FALSE	
5435	2	2	1	FALSE	FALSE	
5436	1	1	1	FALSE	FALSE	
54360	1	1	1	FALSE	FALSE	
54361	3	1	0.333333333333333	TRUE	FALSE	
54363	1	1	1	FALSE	FALSE	
5437	1	1	1	FALSE	FALSE	
5438	1	1	1	FALSE	FALSE	
54386	1	1	1	FALSE	FALSE	
5440	2	1	0.5	TRUE	FALSE	
54407	1	1	1	FALSE	FALSE	
5441	2	2	1	FALSE	FALSE	
54413	3	3	1	FALSE	FALSE	
54414	4	2	0.5	TRUE	FALSE	
5442	2	1	0.5	TRUE	FALSE	
54429	1	1	1	FALSE	FALSE	
5443	1	1	1	FALSE	FALSE	
54431	5	4	0.8	TRUE	FALSE	
54432	1	1	1	FALSE	FALSE	
54433	1	1	1	FALSE	FALSE	
54434	4	3	0.75	TRUE	FALSE	
54435	1	1	1	FALSE	FALSE	
54436	1	1	1	FALSE	FALSE	
54437	1	1	1	FALSE	FALSE	
54438	2	2	1	FALSE	FALSE	
54439	2	2	1	FALSE	FALSE	
5444	2	1	0.5	TRUE	FALSE	
54440	1	1	1	FALSE	FALSE	
54442	3	2	0.666666666666667	TRUE	FALSE	
54443	2	2	1	FALSE	FALSE	
5445	3	2	0.666666666666667	TRUE	FALSE	
54453	2	1	0.5	TRUE	FALSE	
54454	3	1	0.333333333333333	TRUE	FALSE	
54455	4	1	0.25	TRUE	FALSE	
54456	2	2	1	FALSE	FALSE	
54457	2	2	1	FALSE	FALSE	
54458	1	1	1	FALSE	FALSE	
5446	1	1	1	FALSE	FALSE	
54460	1	1	1	FALSE	FALSE	
54461	1	1	1	FALSE	FALSE	
54462	4	4	1	FALSE	FALSE	
54463	3	1	0.333333333333333	TRUE	FALSE	
54464	4	2	0.5	TRUE	FALSE	
54465	1	1	1	FALSE	FALSE	
54466	1	1	1	FALSE	FALSE	
54467	3	2	0.666666666666667	TRUE	FALSE	
54468	2	2	1	FALSE	FALSE	
54469	2	1	0.5	TRUE	FALSE	
5447	1	1	1	FALSE	FALSE	
54470	1	1	1	FALSE	FALSE	
54471	4	4	1	FALSE	FALSE	
54472	4	2	0.5	TRUE	FALSE	
54474	1	1	1	FALSE	FALSE	
54475	2	2	1	FALSE	FALSE	
54476	4	3	0.75	TRUE	FALSE	
54477	2	2	1	FALSE	FALSE	
54478	1	1	1	FALSE	FALSE	
54480	2	2	1	FALSE	FALSE	
54482	2	2	1	FALSE	FALSE	
54487	4	4	1	FALSE	FALSE	
5449	1	1	1	FALSE	FALSE	
54491	3	2	0.666666666666667	TRUE	FALSE	
54492	1	1	1	FALSE	FALSE	
54494	2	2	1	FALSE	FALSE	
54495	2	2	1	FALSE	FALSE	
54496	1	1	1	FALSE	FALSE	
54497	2	2	1	FALSE	FALSE	
54498	3	3	1	FALSE	FALSE	
54499	2	2	1	FALSE	FALSE	
545	3	3	1	FALSE	FALSE	
5450	1	1	1	FALSE	FALSE	
54502	5	4	0.8	TRUE	FALSE	
54503	2	2	1	FALSE	FALSE	
54504	1	1	1	FALSE	FALSE	
54505	2	1	0.5	TRUE	FALSE	
54507	2	2	1	FALSE	FALSE	
54508	1	1	1	FALSE	FALSE	
54509	4	2	0.5	TRUE	FALSE	
5451	4	3	0.75	TRUE	FALSE	
54510	2	2	1	FALSE	FALSE	
54511	3	2	0.666666666666667	TRUE	FALSE	
54512	4	4	1	FALSE	FALSE	
54514	1	1	1	FALSE	FALSE	
54516	3	3	1	FALSE	FALSE	
54517	1	1	1	FALSE	FALSE	
54518	3	3	1	FALSE	FALSE	
5452	6	3	0.5	TRUE	FALSE	
54520	4	2	0.5	TRUE	FALSE	
54521	2	1	0.5	TRUE	FALSE	
54522	2	2	1	FALSE	FALSE	
54529	1	1	1	FALSE	FALSE	
5453	2	2	1	FALSE	FALSE	
54531	3	3	1	FALSE	FALSE	
54532	4	3	0.75	TRUE	FALSE	
54534	2	2	1	FALSE	FALSE	
54535	4	4	1	FALSE	FALSE	
54536	3	2	0.666666666666667	TRUE	FALSE	
54537	1	1	1	FALSE	FALSE	
54538	2	1	0.5	TRUE	FALSE	
54539	1	1	1	FALSE	FALSE	
5454	2	2	1	FALSE	FALSE	
54540	2	2	1	FALSE	FALSE	
54541	1	1	1	FALSE	FALSE	
54542	7	3	0.428571428571429	TRUE	TRUE	220201_at
54544	1	1	1	FALSE	FALSE	
54545	2	1	0.5	TRUE	FALSE	
54546	1	1	1	FALSE	FALSE	
54549	5	4	0.8	TRUE	FALSE	
5455	2	2	1	FALSE	FALSE	
54550	1	1	1	FALSE	FALSE	
54551	1	1	1	FALSE	FALSE	
54552	4	4	1	FALSE	FALSE	
54553	1	1	1	FALSE	FALSE	
54554	1	1	1	FALSE	FALSE	
54555	3	3	1	FALSE	FALSE	
54556	4	4	1	FALSE	FALSE	
54557	2	1	0.5	TRUE	FALSE	
54558	3	1	0.333333333333333	TRUE	FALSE	
5456	1	1	1	FALSE	FALSE	
54566	6	6	1	FALSE	FALSE	
54567	1	1	1	FALSE	FALSE	
5457	2	1	0.5	TRUE	FALSE	
54576	1	1	1	FALSE	FALSE	
54578	1	1	1	FALSE	FALSE	
5458	1	1	1	FALSE	FALSE	
54581	3	2	0.666666666666667	TRUE	FALSE	
54583	3	3	1	FALSE	FALSE	
54584	3	1	0.333333333333333	TRUE	FALSE	
54585	4	2	0.5	TRUE	FALSE	
54586	3	3	1	FALSE	FALSE	
54587	1	1	1	FALSE	FALSE	
5459	1	1	1	FALSE	FALSE	
54596	2	2	1	FALSE	FALSE	
546	4	3	0.75	TRUE	FALSE	
54602	4	2	0.5	TRUE	TRUE	224801_at
54606	2	2	1	FALSE	FALSE	
54617	1	1	1	FALSE	FALSE	
54619	2	1	0.5	TRUE	FALSE	
54620	1	1	1	FALSE	FALSE	
54621	5	5	1	FALSE	FALSE	
54622	2	2	1	FALSE	FALSE	
54623	1	1	1	FALSE	FALSE	
54625	2	2	1	FALSE	FALSE	
54626	3	2	0.666666666666667	TRUE	FALSE	
54627	1	1	1	FALSE	FALSE	
54629	3	3	1	FALSE	FALSE	
5463	4	4	1	FALSE	FALSE	
5464	1	1	1	FALSE	FALSE	
5465	9	7	0.777777777777778	TRUE	FALSE	
54658	1	1	1	FALSE	FALSE	
54660	1	1	1	FALSE	FALSE	
54661	2	2	1	FALSE	FALSE	
54662	2	2	1	FALSE	FALSE	
54663	3	3	1	FALSE	FALSE	
54664	4	3	0.75	TRUE	FALSE	
54665	5	1	0.2	TRUE	FALSE	
5467	4	3	0.75	TRUE	FALSE	
54674	2	2	1	FALSE	FALSE	
54675	5	4	0.8	TRUE	FALSE	
54676	3	1	0.333333333333333	TRUE	FALSE	
54677	3	3	1	FALSE	FALSE	
5468	2	2	1	FALSE	FALSE	
54680	2	1	0.5	TRUE	FALSE	
54681	1	1	1	FALSE	FALSE	
5469	4	4	1	FALSE	FALSE	
547	3	2	0.666666666666667	TRUE	FALSE	
54700	1	1	1	FALSE	FALSE	
54704	2	2	1	FALSE	FALSE	
54707	2	2	1	FALSE	FALSE	
54708	2	2	1	FALSE	FALSE	
5471	2	2	1	FALSE	FALSE	
54714	2	1	0.5	TRUE	FALSE	
54715	3	2	0.666666666666667	TRUE	FALSE	
54716	2	1	0.5	TRUE	FALSE	
54718	1	1	1	FALSE	FALSE	
54726	4	3	0.75	TRUE	FALSE	
5473	1	1	1	FALSE	FALSE	
54732	1	1	1	FALSE	FALSE	
54733	1	1	1	FALSE	FALSE	
54734	1	1	1	FALSE	FALSE	
54737	4	3	0.75	TRUE	FALSE	
54738	1	1	1	FALSE	FALSE	
54739	3	3	1	FALSE	FALSE	
54741	4	3	0.75	TRUE	FALSE	
54742	2	1	0.5	TRUE	FALSE	
54749	1	1	1	FALSE	FALSE	
5475	1	1	1	FALSE	FALSE	
54751	3	3	1	FALSE	FALSE	
54752	1	1	1	FALSE	FALSE	
54753	2	2	1	FALSE	FALSE	
54754	1	1	1	FALSE	FALSE	
54756	2	1	0.5	TRUE	FALSE	
54757	4	2	0.5	TRUE	FALSE	
54758	5	2	0.4	TRUE	FALSE	
5476	1	1	1	FALSE	FALSE	
54762	1	1	1	FALSE	FALSE	
54763	1	1	1	FALSE	FALSE	
54764	3	3	1	FALSE	FALSE	
54765	3	3	1	FALSE	FALSE	
54766	2	1	0.5	TRUE	FALSE	
54768	4	3	0.75	TRUE	FALSE	
54769	2	1	0.5	TRUE	FALSE	
54776	3	2	0.666666666666667	TRUE	FALSE	
54777	3	3	1	FALSE	FALSE	
54778	1	1	1	FALSE	FALSE	
5478	3	2	0.666666666666667	TRUE	FALSE	
54780	4	2	0.5	TRUE	TRUE	211376_s_at
54784	1	1	1	FALSE	FALSE	
54785	2	1	0.5	TRUE	FALSE	
54788	4	3	0.75	TRUE	FALSE	
5479	2	2	1	FALSE	FALSE	
54790	3	2	0.666666666666667	TRUE	FALSE	
54793	1	1	1	FALSE	FALSE	
54795	1	1	1	FALSE	FALSE	
54796	6	6	1	FALSE	FALSE	
54797	2	2	1	FALSE	FALSE	
54798	2	1	0.5	TRUE	FALSE	
54799	2	2	1	FALSE	FALSE	
5480	2	1	0.5	TRUE	FALSE	
54800	4	4	1	FALSE	FALSE	
54801	3	2	0.666666666666667	TRUE	FALSE	
54802	1	1	1	FALSE	FALSE	
54805	3	2	0.666666666666667	TRUE	FALSE	
54806	5	3	0.6	TRUE	FALSE	
54807	2	2	1	FALSE	FALSE	
54808	3	3	1	FALSE	FALSE	
54809	2	2	1	FALSE	FALSE	
5481	1	1	1	FALSE	FALSE	
54810	2	2	1	FALSE	FALSE	
54811	2	1	0.5	TRUE	FALSE	
54812	2	2	1	FALSE	FALSE	
54813	3	3	1	FALSE	FALSE	
54814	1	1	1	FALSE	FALSE	
54815	5	2	0.4	TRUE	FALSE	
54819	3	2	0.666666666666667	TRUE	FALSE	
54820	4	4	1	FALSE	FALSE	
54821	1	1	1	FALSE	FALSE	
54822	3	2	0.666666666666667	TRUE	FALSE	
54823	1	1	1	FALSE	FALSE	
54825	1	1	1	FALSE	FALSE	
54826	2	2	1	FALSE	FALSE	
54827	1	1	1	FALSE	FALSE	
54828	1	1	1	FALSE	FALSE	
54829	2	1	0.5	TRUE	FALSE	
54830	2	1	0.5	TRUE	FALSE	
54831	1	1	1	FALSE	FALSE	
54832	4	4	1	FALSE	FALSE	
54834	2	1	0.5	TRUE	FALSE	
54836	2	2	1	FALSE	FALSE	
54838	1	1	1	FALSE	FALSE	
54839	1	1	1	FALSE	FALSE	
54840	3	2	0.666666666666667	TRUE	FALSE	
54841	3	3	1	FALSE	FALSE	
54842	2	2	1	FALSE	FALSE	
54843	3	3	1	FALSE	FALSE	
54845	2	2	1	FALSE	FALSE	
54847	1	1	1	FALSE	FALSE	
54848	1	1	1	FALSE	FALSE	
54849	2	2	1	FALSE	FALSE	
54850	2	2	1	FALSE	FALSE	
54851	1	1	1	FALSE	FALSE	
54852	2	2	1	FALSE	FALSE	
54853	2	2	1	FALSE	FALSE	
54854	1	1	1	FALSE	FALSE	
54855	2	2	1	FALSE	FALSE	
54856	4	4	1	FALSE	FALSE	
54857	1	1	1	FALSE	FALSE	
54858	4	1	0.25	TRUE	FALSE	
54859	4	1	0.25	TRUE	FALSE	
54860	1	1	1	FALSE	FALSE	
54861	3	3	1	FALSE	FALSE	
54862	4	3	0.75	TRUE	FALSE	
54863	1	1	1	FALSE	FALSE	
548644	1	1	1	FALSE	FALSE	
548645	1	1	1	FALSE	FALSE	
54865	5	3	0.6	TRUE	FALSE	
54866	1	1	1	FALSE	FALSE	
54867	1	1	1	FALSE	FALSE	
54868	1	1	1	FALSE	FALSE	
54869	2	2	1	FALSE	FALSE	
54870	2	2	1	FALSE	FALSE	
54872	4	2	0.5	TRUE	FALSE	
54873	3	3	1	FALSE	FALSE	
54874	1	1	1	FALSE	FALSE	
54875	4	1	0.25	TRUE	FALSE	
54876	3	3	1	FALSE	FALSE	
54877	4	1	0.25	TRUE	FALSE	
54878	3	2	0.666666666666667	TRUE	FALSE	
54879	5	2	0.4	TRUE	TRUE	1552739_s_at
54880	4	4	1	FALSE	FALSE	
54881	2	1	0.5	TRUE	FALSE	
54882	2	1	0.5	TRUE	TRUE	229457_at
54883	2	1	0.5	TRUE	FALSE	
54884	2	2	1	FALSE	FALSE	
54885	3	2	0.666666666666667	TRUE	FALSE	
54886	2	1	0.5	TRUE	FALSE	
54887	3	2	0.666666666666667	TRUE	FALSE	
54888	1	1	1	FALSE	FALSE	
54890	2	2	1	FALSE	FALSE	
54891	6	2	0.333333333333333	TRUE	FALSE	
54892	1	1	1	FALSE	FALSE	
54893	2	1	0.5	TRUE	FALSE	
54894	1	1	1	FALSE	FALSE	
54896	2	2	1	FALSE	FALSE	
54897	5	4	0.8	TRUE	FALSE	
54898	2	2	1	FALSE	FALSE	
54899	4	3	0.75	TRUE	FALSE	
549	1	1	1	FALSE	FALSE	
54900	1	1	1	FALSE	FALSE	
54901	4	3	0.75	TRUE	FALSE	
54902	1	1	1	FALSE	FALSE	
54903	2	2	1	FALSE	FALSE	
54904	7	4	0.571428571428571	TRUE	FALSE	
54905	1	1	1	FALSE	FALSE	
54906	5	4	0.8	TRUE	FALSE	
54908	2	1	0.5	TRUE	FALSE	
54910	2	2	1	FALSE	FALSE	
54913	2	2	1	FALSE	FALSE	
54914	2	2	1	FALSE	FALSE	
54915	1	1	1	FALSE	FALSE	
54916	2	2	1	FALSE	FALSE	
54918	4	3	0.75	TRUE	FALSE	
54919	2	2	1	FALSE	FALSE	
54920	2	2	1	FALSE	FALSE	
54921	1	1	1	FALSE	FALSE	
54922	1	1	1	FALSE	FALSE	
54923	1	1	1	FALSE	FALSE	
54925	2	2	1	FALSE	FALSE	
54926	2	1	0.5	TRUE	FALSE	
54927	2	2	1	FALSE	FALSE	
54928	6	5	0.833333333333333	TRUE	FALSE	
54929	1	1	1	FALSE	FALSE	
5493	1	1	1	FALSE	FALSE	
54930	1	1	1	FALSE	FALSE	
54931	1	1	1	FALSE	FALSE	
54932	3	2	0.666666666666667	TRUE	FALSE	
54933	3	1	0.333333333333333	TRUE	FALSE	
54934	1	1	1	FALSE	FALSE	
54935	1	1	1	FALSE	FALSE	
54936	1	1	1	FALSE	FALSE	
54937	1	1	1	FALSE	FALSE	
54938	1	1	1	FALSE	FALSE	
54939	3	2	0.666666666666667	TRUE	FALSE	
5494	6	5	0.833333333333333	TRUE	FALSE	
54940	3	2	0.666666666666667	TRUE	FALSE	
54941	2	2	1	FALSE	FALSE	
54942	1	1	1	FALSE	FALSE	
54943	1	1	1	FALSE	FALSE	
54944	1	1	1	FALSE	FALSE	
54946	2	2	1	FALSE	FALSE	
54947	4	2	0.5	TRUE	FALSE	
54948	1	1	1	FALSE	FALSE	
54949	1	1	1	FALSE	FALSE	
5495	2	2	1	FALSE	FALSE	
54951	1	1	1	FALSE	FALSE	
54952	4	3	0.75	TRUE	FALSE	
54953	1	1	1	FALSE	FALSE	
54954	2	2	1	FALSE	FALSE	
54955	1	1	1	FALSE	FALSE	
54956	1	1	1	FALSE	FALSE	
54957	2	1	0.5	TRUE	FALSE	
54958	1	1	1	FALSE	FALSE	
54959	1	1	1	FALSE	FALSE	
5496	1	1	1	FALSE	FALSE	
54960	3	3	1	FALSE	FALSE	
54961	2	2	1	FALSE	FALSE	
54962	1	1	1	FALSE	FALSE	
54963	3	2	0.666666666666667	TRUE	FALSE	
54964	3	1	0.333333333333333	TRUE	FALSE	
54965	3	2	0.666666666666667	TRUE	FALSE	
54967	1	1	1	FALSE	FALSE	
54968	3	3	1	FALSE	FALSE	
54969	2	2	1	FALSE	FALSE	
54970	3	2	0.666666666666667	TRUE	FALSE	
54971	1	1	1	FALSE	FALSE	
54972	5	4	0.8	TRUE	TRUE	218834_s_at
54973	2	2	1	FALSE	FALSE	
54974	1	1	1	FALSE	FALSE	
54976	2	2	1	FALSE	FALSE	
54977	1	1	1	FALSE	FALSE	
54978	3	1	0.333333333333333	TRUE	FALSE	
54979	3	1	0.333333333333333	TRUE	FALSE	
5498	3	2	0.666666666666667	TRUE	FALSE	
54980	1	1	1	FALSE	FALSE	
54981	2	2	1	FALSE	FALSE	
54982	5	2	0.4	TRUE	FALSE	
54984	1	1	1	FALSE	FALSE	
54985	2	2	1	FALSE	FALSE	
54986	4	2	0.5	TRUE	FALSE	
54987	1	1	1	FALSE	FALSE	
54988	3	3	1	FALSE	FALSE	
54989	2	1	0.5	TRUE	FALSE	
5499	1	1	1	FALSE	FALSE	
54991	1	1	1	FALSE	FALSE	
54993	2	1	0.5	TRUE	FALSE	
54994	2	2	1	FALSE	FALSE	
54995	1	1	1	FALSE	FALSE	
54996	3	3	1	FALSE	FALSE	
54997	2	2	1	FALSE	FALSE	
55	3	1	0.333333333333333	TRUE	FALSE	
550	1	1	1	FALSE	FALSE	
5500	4	4	1	FALSE	FALSE	
55000	5	4	0.8	TRUE	FALSE	
55001	4	2	0.5	TRUE	FALSE	
55002	3	2	0.666666666666667	TRUE	FALSE	
55003	1	1	1	FALSE	FALSE	
55004	1	1	1	FALSE	FALSE	
55005	2	1	0.5	TRUE	FALSE	
55006	1	1	1	FALSE	FALSE	
55007	2	2	1	FALSE	FALSE	
55008	2	1	0.5	TRUE	FALSE	
55009	1	1	1	FALSE	FALSE	
5501	1	1	1	FALSE	FALSE	
55010	3	3	1	FALSE	FALSE	
55011	1	1	1	FALSE	FALSE	
55012	3	1	0.333333333333333	TRUE	FALSE	
55013	1	1	1	FALSE	FALSE	
55014	5	3	0.6	TRUE	FALSE	
55015	1	1	1	FALSE	FALSE	
55016	4	2	0.5	TRUE	FALSE	
55017	1	1	1	FALSE	FALSE	
55018	1	1	1	FALSE	FALSE	
5502	2	2	1	FALSE	FALSE	
55020	2	2	1	FALSE	FALSE	
55022	3	3	1	FALSE	FALSE	
55023	3	3	1	FALSE	FALSE	
55024	3	3	1	FALSE	FALSE	
55025	1	1	1	FALSE	FALSE	
55026	1	1	1	FALSE	FALSE	
55027	2	2	1	FALSE	FALSE	
55028	2	1	0.5	TRUE	FALSE	
55030	1	1	1	FALSE	FALSE	
55031	5	1	0.2	TRUE	FALSE	
55032	1	1	1	FALSE	FALSE	
55033	3	2	0.666666666666667	TRUE	FALSE	
55034	2	2	1	FALSE	FALSE	
55035	1	1	1	FALSE	FALSE	
55036	5	3	0.6	TRUE	FALSE	
55037	4	4	1	FALSE	FALSE	
55038	1	1	1	FALSE	FALSE	
55039	1	1	1	FALSE	FALSE	
5504	4	3	0.75	TRUE	FALSE	
55040	2	2	1	FALSE	FALSE	
55041	2	2	1	FALSE	FALSE	
55048	3	1	0.333333333333333	TRUE	TRUE	1560060_s_at;219053_s_at
55049	2	2	1	FALSE	FALSE	
55051	3	2	0.666666666666667	TRUE	FALSE	
55052	2	1	0.5	TRUE	FALSE	
55054	2	2	1	FALSE	FALSE	
55055	2	2	1	FALSE	FALSE	
55057	2	1	0.5	TRUE	FALSE	
5506	2	1	0.5	TRUE	FALSE	
55061	3	3	1	FALSE	FALSE	
55062	2	1	0.5	TRUE	FALSE	
55063	1	1	1	FALSE	FALSE	
550631	1	1	1	FALSE	FALSE	
55064	5	3	0.6	TRUE	FALSE	
550643	2	2	1	FALSE	FALSE	
55065	1	1	1	FALSE	FALSE	
55066	3	3	1	FALSE	FALSE	
55068	1	1	1	FALSE	FALSE	
55069	2	2	1	FALSE	FALSE	
5507	2	2	1	FALSE	FALSE	
55070	1	1	1	FALSE	FALSE	
55071	2	1	0.5	TRUE	FALSE	
55072	2	2	1	FALSE	FALSE	
55073	1	1	1	FALSE	FALSE	
55074	3	1	0.333333333333333	TRUE	TRUE	223879_s_at
55075	3	3	1	FALSE	FALSE	
55076	1	1	1	FALSE	FALSE	
55079	3	1	0.333333333333333	TRUE	FALSE	
55080	2	2	1	FALSE	FALSE	
55081	3	2	0.666666666666667	TRUE	FALSE	
55082	4	1	0.25	TRUE	FALSE	
55083	3	3	1	FALSE	FALSE	
55084	9	9	1	FALSE	FALSE	
55086	2	1	0.5	TRUE	FALSE	
55088	3	3	1	FALSE	FALSE	
55089	2	1	0.5	TRUE	FALSE	
5509	2	2	1	FALSE	FALSE	
55090	1	1	1	FALSE	FALSE	
55092	1	1	1	FALSE	FALSE	
55093	1	1	1	FALSE	FALSE	
55094	1	1	1	FALSE	FALSE	
55095	4	3	0.75	TRUE	FALSE	
55096	1	1	1	FALSE	FALSE	
551	1	1	1	FALSE	FALSE	
5510	3	1	0.333333333333333	TRUE	FALSE	
55100	1	1	1	FALSE	FALSE	
55101	3	2	0.666666666666667	TRUE	FALSE	
55102	4	2	0.5	TRUE	FALSE	
55103	5	5	1	FALSE	FALSE	
55105	5	5	1	FALSE	FALSE	
55106	1	1	1	FALSE	FALSE	
55107	2	1	0.5	TRUE	FALSE	
55108	3	3	1	FALSE	FALSE	
55109	4	2	0.5	TRUE	FALSE	
5511	1	1	1	FALSE	FALSE	
55110	2	2	1	FALSE	FALSE	
55111	1	1	1	FALSE	FALSE	
55112	3	2	0.666666666666667	TRUE	FALSE	
55113	1	1	1	FALSE	FALSE	
55114	1	1	1	FALSE	FALSE	
55116	1	1	1	FALSE	FALSE	
55117	5	3	0.6	TRUE	FALSE	
55118	2	1	0.5	TRUE	FALSE	
55119	2	2	1	FALSE	FALSE	
55120	1	1	1	FALSE	FALSE	
55122	3	2	0.666666666666667	TRUE	FALSE	
55124	3	3	1	FALSE	FALSE	
55125	1	1	1	FALSE	FALSE	
55127	5	4	0.8	TRUE	FALSE	
55128	1	1	1	FALSE	FALSE	
55129	1	1	1	FALSE	FALSE	
55130	2	2	1	FALSE	FALSE	
55131	2	1	0.5	TRUE	FALSE	
55132	6	3	0.5	TRUE	FALSE	
55133	1	1	1	FALSE	FALSE	
55135	2	2	1	FALSE	FALSE	
55137	4	4	1	FALSE	FALSE	
55138	1	1	1	FALSE	FALSE	
55139	1	1	1	FALSE	FALSE	
5514	2	2	1	FALSE	FALSE	
55140	2	2	1	FALSE	FALSE	
55142	3	3	1	FALSE	FALSE	
55143	1	1	1	FALSE	FALSE	
55144	1	1	1	FALSE	FALSE	
55145	1	1	1	FALSE	FALSE	
55146	2	2	1	FALSE	FALSE	
55147	1	1	1	FALSE	FALSE	
55148	1	1	1	FALSE	FALSE	
55149	2	1	0.5	TRUE	FALSE	
5515	3	2	0.666666666666667	TRUE	FALSE	
55150	1	1	1	FALSE	FALSE	
55151	2	2	1	FALSE	FALSE	
55152	2	2	1	FALSE	FALSE	
55153	3	3	1	FALSE	FALSE	
55154	2	2	1	FALSE	FALSE	
55156	2	1	0.5	TRUE	FALSE	
55157	1	1	1	FALSE	FALSE	
55159	1	1	1	FALSE	FALSE	
5516	1	1	1	FALSE	FALSE	
55160	2	2	1	FALSE	FALSE	
55161	5	5	1	FALSE	FALSE	
55163	2	2	1	FALSE	FALSE	
55164	2	2	1	FALSE	FALSE	
55165	1	1	1	FALSE	FALSE	
55166	1	1	1	FALSE	FALSE	
55167	1	1	1	FALSE	FALSE	
55168	2	1	0.5	TRUE	FALSE	
55170	1	1	1	FALSE	FALSE	
55171	1	1	1	FALSE	FALSE	
55172	1	1	1	FALSE	FALSE	
55173	2	1	0.5	TRUE	FALSE	
55174	4	3	0.75	TRUE	FALSE	
55175	2	2	1	FALSE	FALSE	
55176	3	2	0.666666666666667	TRUE	FALSE	
55177	1	1	1	FALSE	FALSE	
55178	1	1	1	FALSE	FALSE	
55179	1	1	1	FALSE	FALSE	
5518	1	1	1	FALSE	FALSE	
55180	5	4	0.8	TRUE	FALSE	
55181	1	1	1	FALSE	FALSE	
55182	1	1	1	FALSE	FALSE	
55183	8	4	0.5	TRUE	FALSE	
55184	2	1	0.5	TRUE	FALSE	
55186	5	4	0.8	TRUE	FALSE	
55187	5	2	0.4	TRUE	FALSE	
55188	2	1	0.5	TRUE	FALSE	
5519	5	5	1	FALSE	FALSE	
55190	1	1	1	FALSE	FALSE	
55191	5	3	0.6	TRUE	TRUE	218840_s_at;232946_s_at
55192	1	1	1	FALSE	FALSE	
55193	5	1	0.2	TRUE	FALSE	
55195	3	2	0.666666666666667	TRUE	FALSE	
55196	2	2	1	FALSE	FALSE	
55197	6	5	0.833333333333333	TRUE	FALSE	
55198	1	1	1	FALSE	FALSE	
55199	1	1	1	FALSE	FALSE	
552	4	3	0.75	TRUE	FALSE	
5520	4	2	0.5	TRUE	FALSE	
55200	1	1	1	FALSE	FALSE	
55201	1	1	1	FALSE	FALSE	
55203	1	1	1	FALSE	FALSE	
55204	1	1	1	FALSE	FALSE	
55205	2	2	1	FALSE	FALSE	
55206	5	4	0.8	TRUE	FALSE	
55207	2	1	0.5	TRUE	FALSE	
55208	1	1	1	FALSE	FALSE	
55209	5	3	0.6	TRUE	FALSE	
5521	2	1	0.5	TRUE	FALSE	
55211	2	1	0.5	TRUE	FALSE	
55212	2	2	1	FALSE	FALSE	
55213	3	2	0.666666666666667	TRUE	FALSE	
55214	2	2	1	FALSE	FALSE	
55215	3	3	1	FALSE	FALSE	
55216	6	4	0.666666666666667	TRUE	FALSE	
55217	3	3	1	FALSE	FALSE	
55218	3	3	1	FALSE	FALSE	
55219	2	2	1	FALSE	FALSE	
5522	5	2	0.4	TRUE	FALSE	
55220	2	1	0.5	TRUE	FALSE	
55222	1	1	1	FALSE	FALSE	
55223	3	3	1	FALSE	FALSE	
55224	1	1	1	FALSE	FALSE	
55225	2	1	0.5	TRUE	FALSE	
55226	1	1	1	FALSE	FALSE	
55227	2	2	1	FALSE	FALSE	
55228	1	1	1	FALSE	FALSE	
55229	1	1	1	FALSE	FALSE	
5523	3	3	1	FALSE	FALSE	
55230	2	2	1	FALSE	FALSE	
55231	1	1	1	FALSE	FALSE	
55233	4	2	0.5	TRUE	FALSE	
55234	3	3	1	FALSE	FALSE	
55236	7	5	0.714285714285714	TRUE	FALSE	
55237	1	1	1	FALSE	FALSE	
55238	4	3	0.75	TRUE	FALSE	
55239	4	3	0.75	TRUE	FALSE	
55240	2	2	1	FALSE	FALSE	
55243	3	2	0.666666666666667	TRUE	FALSE	
55244	1	1	1	FALSE	FALSE	
55245	4	2	0.5	TRUE	FALSE	
55246	2	2	1	FALSE	FALSE	
55247	1	1	1	FALSE	FALSE	
55248	2	2	1	FALSE	FALSE	
55249	1	1	1	FALSE	FALSE	
5525	1	1	1	FALSE	FALSE	
55250	6	5	0.833333333333333	TRUE	FALSE	
55251	2	2	1	FALSE	FALSE	
55252	6	3	0.5	TRUE	FALSE	
55253	1	1	1	FALSE	FALSE	
55254	4	3	0.75	TRUE	TRUE	241392_at
55255	3	1	0.333333333333333	TRUE	TRUE	222503_s_at
55256	3	2	0.666666666666667	TRUE	FALSE	
55257	1	1	1	FALSE	FALSE	
55258	2	2	1	FALSE	FALSE	
55259	1	1	1	FALSE	FALSE	
5526	2	2	1	FALSE	FALSE	
55260	2	2	1	FALSE	FALSE	
55262	1	1	1	FALSE	FALSE	
55266	4	2	0.5	TRUE	FALSE	
55267	1	1	1	FALSE	FALSE	
55268	2	1	0.5	TRUE	FALSE	
55269	5	2	0.4	TRUE	FALSE	
5527	6	1	0.166666666666667	TRUE	FALSE	
55270	1	1	1	FALSE	FALSE	
55272	1	1	1	FALSE	FALSE	
55273	1	1	1	FALSE	FALSE	
55274	2	2	1	FALSE	FALSE	
55275	9	2	0.222222222222222	TRUE	TRUE	227229_at
55276	3	3	1	FALSE	FALSE	
55277	2	2	1	FALSE	FALSE	
55278	4	1	0.25	TRUE	FALSE	
55279	3	1	0.333333333333333	TRUE	FALSE	
5528	2	1	0.5	TRUE	FALSE	
55280	1	1	1	FALSE	FALSE	
55281	1	1	1	FALSE	FALSE	
55282	1	1	1	FALSE	FALSE	
55283	4	3	0.75	TRUE	FALSE	
55284	6	3	0.5	TRUE	FALSE	
55285	1	1	1	FALSE	FALSE	
55286	2	2	1	FALSE	FALSE	
55287	2	1	0.5	TRUE	FALSE	
55288	3	2	0.666666666666667	TRUE	FALSE	
552889	2	2	1	FALSE	FALSE	
55289	2	2	1	FALSE	FALSE	
5529	4	1	0.25	TRUE	FALSE	
55290	2	2	1	FALSE	FALSE	
552900	2	1	0.5	TRUE	FALSE	
55291	3	3	1	FALSE	FALSE	
55293	4	2	0.5	TRUE	FALSE	
55294	4	3	0.75	TRUE	FALSE	
55295	1	1	1	FALSE	FALSE	
55296	1	1	1	FALSE	FALSE	
55297	2	1	0.5	TRUE	FALSE	
55298	1	1	1	FALSE	FALSE	
55299	1	1	1	FALSE	FALSE	
553	1	1	1	FALSE	FALSE	
5530	2	2	1	FALSE	FALSE	
55300	1	1	1	FALSE	FALSE	
55301	1	1	1	FALSE	FALSE	
55303	1	1	1	FALSE	FALSE	
55304	3	2	0.666666666666667	TRUE	FALSE	
55308	3	2	0.666666666666667	TRUE	FALSE	
5531	1	1	1	FALSE	FALSE	
553103	1	1	1	FALSE	FALSE	
55311	2	2	1	FALSE	FALSE	
553115	1	1	1	FALSE	FALSE	
55312	2	1	0.5	TRUE	FALSE	
55313	3	3	1	FALSE	FALSE	
55314	4	4	1	FALSE	FALSE	
55315	1	1	1	FALSE	FALSE	
553158	1	1	1	FALSE	FALSE	
55316	1	1	1	FALSE	FALSE	
55317	1	1	1	FALSE	FALSE	
55319	1	1	1	FALSE	FALSE	
5532	2	1	0.5	TRUE	FALSE	
55320	3	1	0.333333333333333	TRUE	FALSE	
55321	1	1	1	FALSE	FALSE	
55322	3	1	0.333333333333333	TRUE	FALSE	
55323	3	1	0.333333333333333	TRUE	TRUE	218651_s_at;236565_s_at
55324	1	1	1	FALSE	FALSE	
55325	1	1	1	FALSE	FALSE	
55326	2	2	1	FALSE	FALSE	
55327	2	1	0.5	TRUE	FALSE	
55328	2	2	1	FALSE	FALSE	
55329	1	1	1	FALSE	FALSE	
5533	5	4	0.8	TRUE	FALSE	
55330	1	1	1	FALSE	FALSE	
55331	6	6	1	FALSE	FALSE	
55332	1	1	1	FALSE	FALSE	
55333	3	3	1	FALSE	FALSE	
55334	4	2	0.5	TRUE	FALSE	
55335	2	2	1	FALSE	FALSE	
55336	1	1	1	FALSE	FALSE	
55337	3	3	1	FALSE	FALSE	
55338	3	2	0.666666666666667	TRUE	FALSE	
55339	6	3	0.5	TRUE	FALSE	
5534	2	2	1	FALSE	FALSE	
55340	1	1	1	FALSE	FALSE	
55341	3	3	1	FALSE	FALSE	
55342	5	5	1	FALSE	FALSE	
55343	2	2	1	FALSE	FALSE	
55344	2	1	0.5	TRUE	FALSE	
55345	4	3	0.75	TRUE	FALSE	
55346	3	2	0.666666666666667	TRUE	FALSE	
55347	1	1	1	FALSE	FALSE	
55349	7	6	0.857142857142857	TRUE	FALSE	
5535	2	1	0.5	TRUE	FALSE	
55350	3	3	1	FALSE	FALSE	
55351	2	2	1	FALSE	FALSE	
55352	1	1	1	FALSE	FALSE	
55353	4	4	1	FALSE	FALSE	
55355	1	1	1	FALSE	FALSE	
55356	1	1	1	FALSE	FALSE	
55357	1	1	1	FALSE	FALSE	
55359	2	2	1	FALSE	FALSE	
5536	2	2	1	FALSE	FALSE	
55361	3	3	1	FALSE	FALSE	
55362	1	1	1	FALSE	FALSE	
55363	2	2	1	FALSE	FALSE	
55364	2	2	1	FALSE	FALSE	
55365	1	1	1	FALSE	FALSE	
55366	3	3	1	FALSE	FALSE	
55367	2	2	1	FALSE	FALSE	
5537	4	4	1	FALSE	FALSE	
55370	4	2	0.5	TRUE	FALSE	
55374	1	1	1	FALSE	FALSE	
55379	2	1	0.5	TRUE	FALSE	
5538	1	1	1	FALSE	FALSE	
55384	9	7	0.777777777777778	TRUE	FALSE	
55388	3	3	1	FALSE	FALSE	
5539	1	1	1	FALSE	FALSE	
55390	1	1	1	FALSE	FALSE	
554	2	2	1	FALSE	FALSE	
554201	1	1	1	FALSE	FALSE	
554202	1	1	1	FALSE	FALSE	
554203	2	1	0.5	TRUE	FALSE	
554206	2	2	1	FALSE	FALSE	
55421	5	1	0.2	TRUE	FALSE	
55422	2	1	0.5	TRUE	FALSE	
55423	2	1	0.5	TRUE	FALSE	
554235	1	1	1	FALSE	FALSE	
55425	2	2	1	FALSE	FALSE	
554279	1	1	1	FALSE	FALSE	
55432	2	2	1	FALSE	FALSE	
55435	2	1	0.5	TRUE	FALSE	
55437	1	1	1	FALSE	FALSE	
55449	2	1	0.5	TRUE	FALSE	
55450	2	2	1	FALSE	FALSE	
55454	2	1	0.5	TRUE	FALSE	
5546	1	1	1	FALSE	FALSE	
55466	4	3	0.75	TRUE	FALSE	
5547	4	1	0.25	TRUE	FALSE	
55471	2	1	0.5	TRUE	FALSE	
55472	1	1	1	FALSE	FALSE	
55486	2	2	1	FALSE	FALSE	
5549	3	3	1	FALSE	FALSE	
5550	3	3	1	FALSE	FALSE	
55500	7	5	0.714285714285714	TRUE	FALSE	
55501	4	1	0.25	TRUE	FALSE	
55502	2	2	1	FALSE	FALSE	
55503	2	1	0.5	TRUE	FALSE	
55504	3	2	0.666666666666667	TRUE	FALSE	
55505	1	1	1	FALSE	FALSE	
55506	1	1	1	FALSE	FALSE	
55507	2	1	0.5	TRUE	FALSE	
55508	1	1	1	FALSE	FALSE	
55509	1	1	1	FALSE	FALSE	
5551	2	1	0.5	TRUE	FALSE	
55510	1	1	1	FALSE	FALSE	
55511	1	1	1	FALSE	FALSE	
55512	2	1	0.5	TRUE	FALSE	
55515	1	1	1	FALSE	FALSE	
5552	3	3	1	FALSE	FALSE	
55520	2	2	1	FALSE	FALSE	
55521	4	3	0.75	TRUE	FALSE	
55526	2	2	1	FALSE	FALSE	
55527	2	1	0.5	TRUE	FALSE	
55529	1	1	1	FALSE	FALSE	
5553	1	1	1	FALSE	FALSE	
55530	2	2	1	FALSE	FALSE	
55531	2	2	1	FALSE	FALSE	
55532	1	1	1	FALSE	FALSE	
55534	3	1	0.333333333333333	TRUE	FALSE	
55536	1	1	1	FALSE	FALSE	
55539	1	1	1	FALSE	FALSE	
5554	1	1	1	FALSE	FALSE	
55540	1	1	1	FALSE	FALSE	
55544	1	1	1	FALSE	FALSE	
55552	1	1	1	FALSE	FALSE	
55553	7	6	0.857142857142857	TRUE	FALSE	
55554	3	2	0.666666666666667	TRUE	FALSE	
55556	4	4	1	FALSE	FALSE	
55558	3	3	1	FALSE	FALSE	
55561	2	2	1	FALSE	FALSE	
55565	3	2	0.666666666666667	TRUE	FALSE	
55567	4	3	0.75	TRUE	FALSE	
55568	4	4	1	FALSE	FALSE	
5557	1	1	1	FALSE	FALSE	
55571	1	1	1	FALSE	FALSE	
55572	1	1	1	FALSE	FALSE	
55573	3	3	1	FALSE	FALSE	
55576	2	2	1	FALSE	FALSE	
55577	1	1	1	FALSE	FALSE	
55578	3	3	1	FALSE	FALSE	
5558	5	3	0.6	TRUE	FALSE	
55582	1	1	1	FALSE	FALSE	
55584	1	1	1	FALSE	FALSE	
55585	3	3	1	FALSE	FALSE	
55586	1	1	1	FALSE	FALSE	
55588	1	1	1	FALSE	FALSE	
55589	6	6	1	FALSE	FALSE	
55591	2	2	1	FALSE	FALSE	
55592	3	3	1	FALSE	FALSE	
55593	2	2	1	FALSE	FALSE	
55596	2	2	1	FALSE	FALSE	
55599	2	1	0.5	TRUE	TRUE	226999_at
55600	1	1	1	FALSE	FALSE	
55601	1	1	1	FALSE	FALSE	
55602	1	1	1	FALSE	FALSE	
55603	3	1	0.333333333333333	TRUE	FALSE	
55604	4	2	0.5	TRUE	FALSE	
55605	2	2	1	FALSE	FALSE	
55607	3	3	1	FALSE	FALSE	
55608	4	3	0.75	TRUE	FALSE	
55609	1	1	1	FALSE	FALSE	
55610	4	2	0.5	TRUE	FALSE	
55611	3	3	1	FALSE	FALSE	
55612	4	2	0.5	TRUE	FALSE	
55613	1	1	1	FALSE	FALSE	
55614	2	2	1	FALSE	FALSE	
55615	2	2	1	FALSE	FALSE	
55616	2	1	0.5	TRUE	FALSE	
55617	2	2	1	FALSE	FALSE	
55619	2	2	1	FALSE	FALSE	
5562	5	4	0.8	TRUE	FALSE	
55620	1	1	1	FALSE	FALSE	
55621	2	1	0.5	TRUE	FALSE	
55622	2	1	0.5	TRUE	TRUE	244248_at
55623	2	2	1	FALSE	FALSE	
55624	3	2	0.666666666666667	TRUE	FALSE	
55625	1	1	1	FALSE	FALSE	
55626	5	2	0.4	TRUE	FALSE	
55628	4	4	1	FALSE	FALSE	
55629	2	1	0.5	TRUE	FALSE	
5563	5	4	0.8	TRUE	FALSE	
55630	1	1	1	FALSE	FALSE	
55631	1	1	1	FALSE	FALSE	
55632	5	4	0.8	TRUE	FALSE	
55633	3	3	1	FALSE	FALSE	
55634	1	1	1	FALSE	FALSE	
55635	3	3	1	FALSE	FALSE	
55636	4	2	0.5	TRUE	FALSE	
55638	1	1	1	FALSE	FALSE	
5564	2	1	0.5	TRUE	FALSE	
55640	3	3	1	FALSE	FALSE	
55643	1	1	1	FALSE	FALSE	
55644	1	1	1	FALSE	FALSE	
55646	2	2	1	FALSE	FALSE	
55647	2	2	1	FALSE	FALSE	
5565	3	3	1	FALSE	FALSE	
55650	2	1	0.5	TRUE	FALSE	
55651	1	1	1	FALSE	FALSE	
55652	3	3	1	FALSE	FALSE	
55653	5	4	0.8	TRUE	FALSE	
55654	3	3	1	FALSE	FALSE	
55655	2	1	0.5	TRUE	FALSE	
55656	1	1	1	FALSE	FALSE	
55657	1	1	1	FALSE	FALSE	
55658	1	1	1	FALSE	FALSE	
55659	2	2	1	FALSE	FALSE	
5566	2	2	1	FALSE	FALSE	
55660	6	4	0.666666666666667	TRUE	FALSE	
55661	1	1	1	FALSE	FALSE	
55662	3	2	0.666666666666667	TRUE	FALSE	
55663	2	2	1	FALSE	FALSE	
55664	3	3	1	FALSE	FALSE	
55665	2	2	1	FALSE	FALSE	
55666	1	1	1	FALSE	FALSE	
55667	3	3	1	FALSE	FALSE	
55668	7	4	0.571428571428571	TRUE	FALSE	
55669	2	2	1	FALSE	FALSE	
5567	3	1	0.333333333333333	TRUE	FALSE	
55670	3	2	0.666666666666667	TRUE	FALSE	
55671	3	2	0.666666666666667	TRUE	FALSE	
55672	1	1	1	FALSE	FALSE	
55676	2	2	1	FALSE	FALSE	
55677	3	3	1	FALSE	FALSE	
55679	1	1	1	FALSE	FALSE	
5568	1	1	1	FALSE	FALSE	
55680	7	4	0.571428571428571	TRUE	FALSE	
55681	3	3	1	FALSE	FALSE	
55683	4	3	0.75	TRUE	FALSE	
55684	2	2	1	FALSE	FALSE	
55686	2	2	1	FALSE	FALSE	
55687	1	1	1	FALSE	FALSE	
55689	2	2	1	FALSE	FALSE	
5569	2	2	1	FALSE	FALSE	
55690	1	1	1	FALSE	FALSE	
55691	8	7	0.875	TRUE	FALSE	
55692	3	3	1	FALSE	FALSE	
55693	2	2	1	FALSE	FALSE	
55696	2	2	1	FALSE	FALSE	
55697	3	2	0.666666666666667	TRUE	FALSE	
55698	1	1	1	FALSE	FALSE	
55699	1	1	1	FALSE	FALSE	
5570	1	1	1	FALSE	FALSE	
55700	1	1	1	FALSE	FALSE	
55701	4	4	1	FALSE	FALSE	
55702	1	1	1	FALSE	FALSE	
55703	3	3	1	FALSE	FALSE	
55704	6	4	0.666666666666667	TRUE	FALSE	
55705	3	3	1	FALSE	FALSE	
55706	2	2	1	FALSE	FALSE	
55707	2	1	0.5	TRUE	FALSE	
55709	3	2	0.666666666666667	TRUE	FALSE	
5571	1	1	1	FALSE	FALSE	
55711	3	3	1	FALSE	FALSE	
55713	2	1	0.5	TRUE	FALSE	
55714	3	3	1	FALSE	FALSE	
55715	3	2	0.666666666666667	TRUE	FALSE	
55716	1	1	1	FALSE	FALSE	
55717	2	1	0.5	TRUE	FALSE	
55718	4	3	0.75	TRUE	FALSE	
55719	3	3	1	FALSE	FALSE	
55720	3	2	0.666666666666667	TRUE	FALSE	
55721	1	1	1	FALSE	FALSE	
55722	2	2	1	FALSE	FALSE	
55723	1	1	1	FALSE	FALSE	
55726	1	1	1	FALSE	FALSE	
55727	5	3	0.6	TRUE	FALSE	
55728	2	1	0.5	TRUE	FALSE	
55729	3	1	0.333333333333333	TRUE	FALSE	
5573	4	2	0.5	TRUE	TRUE	242482_at
55731	3	3	1	FALSE	FALSE	
55732	1	1	1	FALSE	FALSE	
55733	1	1	1	FALSE	FALSE	
55734	4	2	0.5	TRUE	FALSE	
55735	2	1	0.5	TRUE	FALSE	
55737	4	2	0.5	TRUE	FALSE	
55738	2	2	1	FALSE	FALSE	
55739	1	1	1	FALSE	FALSE	
55740	6	5	0.833333333333333	TRUE	FALSE	
55741	1	1	1	FALSE	FALSE	
55742	7	5	0.714285714285714	TRUE	FALSE	
55743	3	2	0.666666666666667	TRUE	FALSE	
55744	3	2	0.666666666666667	TRUE	FALSE	
55745	5	3	0.6	TRUE	FALSE	
55746	3	3	1	FALSE	FALSE	
55748	3	2	0.666666666666667	TRUE	FALSE	
55749	2	2	1	FALSE	FALSE	
5575	2	1	0.5	TRUE	FALSE	
55750	3	2	0.666666666666667	TRUE	FALSE	
55751	1	1	1	FALSE	FALSE	
55752	4	4	1	FALSE	FALSE	
55753	1	1	1	FALSE	FALSE	
55754	1	1	1	FALSE	FALSE	
55755	3	2	0.666666666666667	TRUE	FALSE	
55756	2	1	0.5	TRUE	FALSE	
55757	7	6	0.857142857142857	TRUE	FALSE	
55758	3	3	1	FALSE	FALSE	
55759	2	2	1	FALSE	FALSE	
5576	4	4	1	FALSE	FALSE	
55760	1	1	1	FALSE	FALSE	
55761	6	5	0.833333333333333	TRUE	FALSE	
55762	1	1	1	FALSE	FALSE	
55763	1	1	1	FALSE	FALSE	
55764	3	3	1	FALSE	FALSE	
55765	1	1	1	FALSE	FALSE	
55766	2	1	0.5	TRUE	FALSE	
55768	2	1	0.5	TRUE	FALSE	
55769	1	1	1	FALSE	FALSE	
5577	1	1	1	FALSE	FALSE	
55770	2	2	1	FALSE	FALSE	
55771	1	1	1	FALSE	FALSE	
55773	1	1	1	FALSE	FALSE	
55775	3	3	1	FALSE	FALSE	
55776	3	1	0.333333333333333	TRUE	TRUE	218784_s_at
55777	3	2	0.666666666666667	TRUE	FALSE	
55778	2	2	1	FALSE	FALSE	
55779	2	2	1	FALSE	FALSE	
5578	5	2	0.4	TRUE	FALSE	
55780	1	1	1	FALSE	FALSE	
55781	2	2	1	FALSE	FALSE	
55783	1	1	1	FALSE	FALSE	
55784	5	3	0.6	TRUE	FALSE	
55785	5	4	0.8	TRUE	FALSE	
55786	1	1	1	FALSE	FALSE	
55787	3	3	1	FALSE	FALSE	
55788	2	1	0.5	TRUE	FALSE	
55789	1	1	1	FALSE	FALSE	
5579	6	5	0.833333333333333	TRUE	FALSE	
55790	2	2	1	FALSE	FALSE	
55791	1	1	1	FALSE	FALSE	
55793	1	1	1	FALSE	FALSE	
55794	4	3	0.75	TRUE	FALSE	
55795	2	2	1	FALSE	FALSE	
55796	3	3	1	FALSE	FALSE	
55798	1	1	1	FALSE	FALSE	
55799	1	1	1	FALSE	FALSE	
558	2	1	0.5	TRUE	FALSE	
5580	1	1	1	FALSE	FALSE	
55800	2	2	1	FALSE	FALSE	
55801	1	1	1	FALSE	FALSE	
55802	2	2	1	FALSE	FALSE	
55803	2	2	1	FALSE	FALSE	
55805	1	1	1	FALSE	FALSE	
55806	3	1	0.333333333333333	TRUE	FALSE	
55808	1	1	1	FALSE	FALSE	
55809	3	2	0.666666666666667	TRUE	FALSE	
5581	4	1	0.25	TRUE	FALSE	
55810	2	1	0.5	TRUE	FALSE	
55811	2	2	1	FALSE	FALSE	
55812	2	2	1	FALSE	FALSE	
55813	2	1	0.5	TRUE	FALSE	
55814	3	3	1	FALSE	FALSE	
55815	1	1	1	FALSE	FALSE	
55816	2	2	1	FALSE	FALSE	
55818	1	1	1	FALSE	FALSE	
55819	7	3	0.428571428571429	TRUE	FALSE	
5582	1	1	1	FALSE	FALSE	
55821	1	1	1	FALSE	FALSE	
55823	1	1	1	FALSE	FALSE	
55824	3	3	1	FALSE	FALSE	
55825	1	1	1	FALSE	FALSE	
55827	2	1	0.5	TRUE	FALSE	
55829	1	1	1	FALSE	FALSE	
5583	3	2	0.666666666666667	TRUE	FALSE	
55830	2	1	0.5	TRUE	FALSE	
55831	4	3	0.75	TRUE	FALSE	
55832	6	3	0.5	TRUE	FALSE	
55833	2	2	1	FALSE	FALSE	
55835	3	1	0.333333333333333	TRUE	FALSE	
55837	1	1	1	FALSE	FALSE	
55839	4	4	1	FALSE	FALSE	
5584	3	2	0.666666666666667	TRUE	FALSE	
55840	3	2	0.666666666666667	TRUE	FALSE	
55841	2	2	1	FALSE	FALSE	
55843	1	1	1	FALSE	FALSE	
55844	2	1	0.5	TRUE	FALSE	
55845	2	2	1	FALSE	FALSE	
55846	4	3	0.75	TRUE	FALSE	
55847	1	1	1	FALSE	FALSE	
55848	1	1	1	FALSE	FALSE	
5585	1	1	1	FALSE	FALSE	
55850	2	2	1	FALSE	FALSE	
55851	1	1	1	FALSE	FALSE	
55852	1	1	1	FALSE	FALSE	
55853	1	1	1	FALSE	FALSE	
55854	3	1	0.333333333333333	TRUE	FALSE	
55856	1	1	1	FALSE	FALSE	
55857	4	2	0.5	TRUE	TRUE	219961_s_at
55858	4	4	1	FALSE	FALSE	
55859	1	1	1	FALSE	FALSE	
5586	4	4	1	FALSE	FALSE	
55860	1	1	1	FALSE	FALSE	
55862	2	2	1	FALSE	FALSE	
55863	2	1	0.5	TRUE	FALSE	
55867	1	1	1	FALSE	FALSE	
55869	3	2	0.666666666666667	TRUE	FALSE	
5587	2	2	1	FALSE	FALSE	
55870	3	3	1	FALSE	FALSE	
55872	1	1	1	FALSE	FALSE	
55876	3	1	0.333333333333333	TRUE	FALSE	
55879	2	2	1	FALSE	FALSE	
5588	2	1	0.5	TRUE	FALSE	
55884	1	1	1	FALSE	FALSE	
55885	4	4	1	FALSE	FALSE	
55888	2	1	0.5	TRUE	FALSE	
5589	1	1	1	FALSE	FALSE	
55890	2	1	0.5	TRUE	FALSE	
55891	1	1	1	FALSE	FALSE	
55892	5	2	0.4	TRUE	FALSE	
55893	3	2	0.666666666666667	TRUE	FALSE	
55897	3	3	1	FALSE	FALSE	
55898	1	1	1	FALSE	FALSE	
5590	2	1	0.5	TRUE	FALSE	
55900	3	3	1	FALSE	FALSE	
55902	1	1	1	FALSE	FALSE	
55904	2	2	1	FALSE	FALSE	
55905	3	2	0.666666666666667	TRUE	FALSE	
55906	2	2	1	FALSE	FALSE	
55907	1	1	1	FALSE	FALSE	
55908	1	1	1	FALSE	FALSE	
55909	2	1	0.5	TRUE	FALSE	
5591	3	3	1	FALSE	FALSE	
55911	1	1	1	FALSE	FALSE	
55914	3	1	0.333333333333333	TRUE	FALSE	
55915	3	3	1	FALSE	FALSE	
55916	2	2	1	FALSE	FALSE	
55917	3	2	0.666666666666667	TRUE	FALSE	
5592	3	3	1	FALSE	FALSE	
55920	1	1	1	FALSE	FALSE	
55922	1	1	1	FALSE	FALSE	
55929	1	1	1	FALSE	FALSE	
5593	1	1	1	FALSE	FALSE	
55930	1	1	1	FALSE	FALSE	
55937	1	1	1	FALSE	FALSE	
5594	7	3	0.428571428571429	TRUE	FALSE	
55954	1	1	1	FALSE	FALSE	
55957	2	1	0.5	TRUE	FALSE	
55958	3	2	0.666666666666667	TRUE	FALSE	
55959	2	2	1	FALSE	FALSE	
5596	3	2	0.666666666666667	TRUE	FALSE	
55966	3	3	1	FALSE	FALSE	
55967	1	1	1	FALSE	FALSE	
55968	5	3	0.6	TRUE	FALSE	
5597	2	2	1	FALSE	FALSE	
55970	3	3	1	FALSE	FALSE	
55971	3	3	1	FALSE	FALSE	
55972	2	1	0.5	TRUE	FALSE	
55973	6	6	1	FALSE	FALSE	
55974	1	1	1	FALSE	FALSE	
55975	3	2	0.666666666666667	TRUE	FALSE	
5598	2	1	0.5	TRUE	FALSE	
5599	3	3	1	FALSE	FALSE	
55997	2	2	1	FALSE	FALSE	
55998	1	1	1	FALSE	FALSE	
56	1	1	1	FALSE	FALSE	
5600	3	2	0.666666666666667	TRUE	FALSE	
56000	2	1	0.5	TRUE	FALSE	
56005	2	2	1	FALSE	FALSE	
56006	2	2	1	FALSE	FALSE	
5601	2	1	0.5	TRUE	FALSE	
5602	3	3	1	FALSE	FALSE	
5603	2	2	1	FALSE	FALSE	
56033	1	1	1	FALSE	FALSE	
56034	2	2	1	FALSE	FALSE	
5604	1	1	1	FALSE	FALSE	
5605	3	2	0.666666666666667	TRUE	FALSE	
56052	2	1	0.5	TRUE	FALSE	
5606	3	2	0.666666666666667	TRUE	FALSE	
56061	2	2	1	FALSE	FALSE	
56062	2	1	0.5	TRUE	FALSE	
56063	4	4	1	FALSE	FALSE	
5607	4	3	0.75	TRUE	FALSE	
5608	2	2	1	FALSE	FALSE	
5609	4	2	0.5	TRUE	FALSE	
56097	2	2	1	FALSE	FALSE	
56098	2	1	0.5	TRUE	FALSE	
56099	2	1	0.5	TRUE	FALSE	
5610	2	2	1	FALSE	FALSE	
56100	1	1	1	FALSE	FALSE	
56105	1	1	1	FALSE	FALSE	
56107	1	1	1	FALSE	FALSE	
5611	4	4	1	FALSE	FALSE	
56111	1	1	1	FALSE	FALSE	
5612	1	1	1	FALSE	FALSE	
56121	2	2	1	FALSE	FALSE	
56122	1	1	1	FALSE	FALSE	
56123	1	1	1	FALSE	FALSE	
56126	1	1	1	FALSE	FALSE	
56127	1	1	1	FALSE	FALSE	
56128	1	1	1	FALSE	FALSE	
56129	1	1	1	FALSE	FALSE	
5613	1	1	1	FALSE	FALSE	
56130	1	1	1	FALSE	FALSE	
56131	2	1	0.5	TRUE	FALSE	
56133	2	2	1	FALSE	FALSE	
56134	1	1	1	FALSE	FALSE	
56135	1	1	1	FALSE	FALSE	
56139	1	1	1	FALSE	FALSE	
56142	1	1	1	FALSE	FALSE	
56145	1	1	1	FALSE	FALSE	
56146	1	1	1	FALSE	FALSE	
56154	2	1	0.5	TRUE	FALSE	
56155	1	1	1	FALSE	FALSE	
56156	1	1	1	FALSE	FALSE	
56157	1	1	1	FALSE	FALSE	
56158	1	1	1	FALSE	FALSE	
56159	2	2	1	FALSE	FALSE	
5616	1	1	1	FALSE	FALSE	
56160	1	1	1	FALSE	FALSE	
56163	5	3	0.6	TRUE	FALSE	
56164	1	1	1	FALSE	FALSE	
56165	1	1	1	FALSE	FALSE	
56169	1	1	1	FALSE	FALSE	
5617	1	1	1	FALSE	FALSE	
56171	3	2	0.666666666666667	TRUE	FALSE	
56172	6	5	0.833333333333333	TRUE	FALSE	
5618	7	6	0.857142857142857	TRUE	FALSE	
56180	2	2	1	FALSE	FALSE	
56181	1	1	1	FALSE	FALSE	
5619	1	1	1	FALSE	FALSE	
5620	1	1	1	FALSE	FALSE	
56203	3	2	0.666666666666667	TRUE	FALSE	
56204	2	1	0.5	TRUE	FALSE	
5621	2	2	1	FALSE	FALSE	
5623	1	1	1	FALSE	FALSE	
5624	1	1	1	FALSE	FALSE	
56241	2	2	1	FALSE	FALSE	
56242	1	1	1	FALSE	FALSE	
56243	7	6	0.857142857142857	TRUE	FALSE	
56244	1	1	1	FALSE	FALSE	
56245	2	2	1	FALSE	FALSE	
56246	3	3	1	FALSE	FALSE	
5625	1	1	1	FALSE	FALSE	
56252	3	3	1	FALSE	FALSE	
56253	1	1	1	FALSE	FALSE	
56254	1	1	1	FALSE	FALSE	
56255	3	3	1	FALSE	FALSE	
56256	4	4	1	FALSE	FALSE	
56257	1	1	1	FALSE	FALSE	
56259	1	1	1	FALSE	FALSE	
5626	1	1	1	FALSE	FALSE	
56260	1	1	1	FALSE	FALSE	
56261	3	2	0.666666666666667	TRUE	FALSE	
56262	2	2	1	FALSE	FALSE	
56265	1	1	1	FALSE	FALSE	
56267	1	1	1	FALSE	FALSE	
56269	1	1	1	FALSE	FALSE	
5627	1	1	1	FALSE	FALSE	
56270	1	1	1	FALSE	FALSE	
56271	1	1	1	FALSE	FALSE	
56287	1	1	1	FALSE	FALSE	
56288	3	2	0.666666666666667	TRUE	FALSE	
5629	4	3	0.75	TRUE	FALSE	
563	1	1	1	FALSE	FALSE	
5630	1	1	1	FALSE	FALSE	
56300	1	1	1	FALSE	FALSE	
56301	1	1	1	FALSE	FALSE	
56302	2	2	1	FALSE	FALSE	
5631	2	2	1	FALSE	FALSE	
56311	1	1	1	FALSE	FALSE	
56339	3	3	1	FALSE	FALSE	
5634	2	2	1	FALSE	FALSE	
56341	2	1	0.5	TRUE	FALSE	
56342	1	1	1	FALSE	FALSE	
56344	1	1	1	FALSE	FALSE	
5635	2	2	1	FALSE	FALSE	
5636	1	1	1	FALSE	FALSE	
5638	1	1	1	FALSE	FALSE	
5639	1	1	1	FALSE	FALSE	
5641	1	1	1	FALSE	FALSE	
5644	1	1	1	FALSE	FALSE	
56474	2	2	1	FALSE	FALSE	
56475	1	1	1	FALSE	FALSE	
56477	3	3	1	FALSE	FALSE	
56478	2	1	0.5	TRUE	FALSE	
56479	2	1	0.5	TRUE	FALSE	
5648	5	5	1	FALSE	FALSE	
5649	1	1	1	FALSE	FALSE	
5650	2	2	1	FALSE	FALSE	
5651	2	2	1	FALSE	FALSE	
5652	1	1	1	FALSE	FALSE	
56521	3	3	1	FALSE	FALSE	
5653	1	1	1	FALSE	FALSE	
5654	1	1	1	FALSE	FALSE	
56547	1	1	1	FALSE	FALSE	
56548	1	1	1	FALSE	FALSE	
5655	2	2	1	FALSE	FALSE	
5657	1	1	1	FALSE	FALSE	
566	1	1	1	FALSE	FALSE	
5660	2	2	1	FALSE	FALSE	
56603	2	1	0.5	TRUE	FALSE	
56604	1	1	1	FALSE	FALSE	
56605	2	1	0.5	TRUE	FALSE	
56606	3	3	1	FALSE	FALSE	
56616	1	1	1	FALSE	FALSE	
5662	1	1	1	FALSE	FALSE	
56623	1	1	1	FALSE	FALSE	
5663	6	3	0.5	TRUE	FALSE	
5664	3	2	0.666666666666667	TRUE	FALSE	
56647	3	2	0.666666666666667	TRUE	FALSE	
56648	3	3	1	FALSE	FALSE	
56649	1	1	1	FALSE	FALSE	
56650	3	3	1	FALSE	FALSE	
56651	1	1	1	FALSE	FALSE	
56652	1	1	1	FALSE	FALSE	
56654	1	1	1	FALSE	FALSE	
56655	3	2	0.666666666666667	TRUE	FALSE	
56656	1	1	1	FALSE	FALSE	
56659	1	1	1	FALSE	FALSE	
56660	1	1	1	FALSE	FALSE	
56666	2	2	1	FALSE	FALSE	
56667	2	2	1	FALSE	FALSE	
56670	1	1	1	FALSE	FALSE	
56672	1	1	1	FALSE	FALSE	
56673	1	1	1	FALSE	FALSE	
56674	2	2	1	FALSE	FALSE	
56675	2	2	1	FALSE	FALSE	
56676	1	1	1	FALSE	FALSE	
56681	3	3	1	FALSE	FALSE	
56683	2	1	0.5	TRUE	FALSE	
5669	2	1	0.5	TRUE	FALSE	
567	3	1	0.333333333333333	TRUE	FALSE	
56704	2	1	0.5	TRUE	FALSE	
56729	1	1	1	FALSE	FALSE	
56731	4	3	0.75	TRUE	FALSE	
5675	1	1	1	FALSE	FALSE	
56751	1	1	1	FALSE	FALSE	
56776	4	4	1	FALSE	FALSE	
5678	1	1	1	FALSE	FALSE	
5680	1	1	1	FALSE	FALSE	
5681	1	1	1	FALSE	FALSE	
5682	1	1	1	FALSE	FALSE	
56829	3	3	1	FALSE	FALSE	
5683	2	1	0.5	TRUE	FALSE	
56832	1	1	1	FALSE	FALSE	
56833	2	2	1	FALSE	FALSE	
56834	3	2	0.666666666666667	TRUE	FALSE	
5684	3	1	0.333333333333333	TRUE	FALSE	
56848	2	1	0.5	TRUE	FALSE	
56849	1	1	1	FALSE	FALSE	
5685	1	1	1	FALSE	FALSE	
56850	1	1	1	FALSE	FALSE	
56851	2	2	1	FALSE	FALSE	
56852	4	3	0.75	TRUE	FALSE	
56853	4	3	0.75	TRUE	FALSE	
5686	2	1	0.5	TRUE	TRUE	230300_at
5688	1	1	1	FALSE	FALSE	
56882	4	4	1	FALSE	FALSE	
56884	1	1	1	FALSE	FALSE	
56886	5	5	1	FALSE	FALSE	
56888	4	4	1	FALSE	FALSE	
56889	4	2	0.5	TRUE	FALSE	
5689	3	1	0.333333333333333	TRUE	FALSE	
56890	2	2	1	FALSE	FALSE	
56891	1	1	1	FALSE	FALSE	
56892	1	1	1	FALSE	FALSE	
56893	1	1	1	FALSE	FALSE	
56894	5	5	1	FALSE	FALSE	
56895	2	2	1	FALSE	FALSE	
56896	2	2	1	FALSE	FALSE	
56897	4	4	1	FALSE	FALSE	
56898	2	2	1	FALSE	FALSE	
56899	4	3	0.75	TRUE	FALSE	
5690	3	2	0.666666666666667	TRUE	FALSE	
56900	1	1	1	FALSE	FALSE	
56901	1	1	1	FALSE	FALSE	
56902	2	1	0.5	TRUE	FALSE	
56903	2	1	0.5	TRUE	FALSE	
56904	4	3	0.75	TRUE	FALSE	
56905	3	3	1	FALSE	FALSE	
56906	1	1	1	FALSE	FALSE	
56907	4	1	0.25	TRUE	FALSE	
5691	1	1	1	FALSE	FALSE	
56910	1	1	1	FALSE	FALSE	
56911	1	1	1	FALSE	FALSE	
56912	1	1	1	FALSE	FALSE	
56913	3	3	1	FALSE	FALSE	
56914	1	1	1	FALSE	FALSE	
56915	1	1	1	FALSE	FALSE	
56916	1	1	1	FALSE	FALSE	
56917	1	1	1	FALSE	FALSE	
56918	1	1	1	FALSE	FALSE	
56919	2	2	1	FALSE	FALSE	
5692	3	3	1	FALSE	FALSE	
56920	1	1	1	FALSE	FALSE	
56922	1	1	1	FALSE	FALSE	
56923	1	1	1	FALSE	FALSE	
56924	2	2	1	FALSE	FALSE	
56925	1	1	1	FALSE	FALSE	
56926	3	2	0.666666666666667	TRUE	FALSE	
56927	1	1	1	FALSE	FALSE	
56928	4	3	0.75	TRUE	FALSE	
56929	1	1	1	FALSE	FALSE	
5693	1	1	1	FALSE	FALSE	
56931	2	2	1	FALSE	FALSE	
56934	2	1	0.5	TRUE	FALSE	
56935	1	1	1	FALSE	FALSE	
56936	1	1	1	FALSE	FALSE	
56937	3	2	0.666666666666667	TRUE	FALSE	
56938	2	2	1	FALSE	FALSE	
5694	1	1	1	FALSE	FALSE	
56940	2	2	1	FALSE	FALSE	
56941	2	2	1	FALSE	FALSE	
56942	1	1	1	FALSE	FALSE	
56943	3	3	1	FALSE	FALSE	
56944	1	1	1	FALSE	FALSE	
56946	5	5	1	FALSE	FALSE	
56947	2	2	1	FALSE	FALSE	
56948	1	1	1	FALSE	FALSE	
56949	1	1	1	FALSE	FALSE	
5695	2	1	0.5	TRUE	TRUE	244801_at
56950	3	1	0.333333333333333	TRUE	FALSE	
56951	2	1	0.5	TRUE	FALSE	
56952	1	1	1	FALSE	FALSE	
56953	1	1	1	FALSE	FALSE	
56954	1	1	1	FALSE	FALSE	
56955	1	1	1	FALSE	FALSE	
56956	4	2	0.5	TRUE	FALSE	
56957	6	5	0.833333333333333	TRUE	FALSE	
5696	1	1	1	FALSE	FALSE	
56961	1	1	1	FALSE	FALSE	
56963	2	1	0.5	TRUE	FALSE	
56964	1	1	1	FALSE	FALSE	
56965	2	2	1	FALSE	FALSE	
56967	2	1	0.5	TRUE	FALSE	
56969	1	1	1	FALSE	FALSE	
5697	1	1	1	FALSE	FALSE	
56970	1	1	1	FALSE	FALSE	
56971	1	1	1	FALSE	FALSE	
56975	4	3	0.75	TRUE	FALSE	
56977	4	2	0.5	TRUE	FALSE	
56978	2	1	0.5	TRUE	FALSE	
56979	1	1	1	FALSE	FALSE	
5698	1	1	1	FALSE	FALSE	
56980	2	1	0.5	TRUE	FALSE	
56981	7	3	0.428571428571429	TRUE	FALSE	
56983	2	2	1	FALSE	FALSE	
56984	1	1	1	FALSE	FALSE	
56985	2	2	1	FALSE	FALSE	
56986	6	2	0.333333333333333	TRUE	TRUE	219291_at
56987	7	5	0.714285714285714	TRUE	FALSE	
5699	1	1	1	FALSE	FALSE	
56990	3	3	1	FALSE	FALSE	
56992	1	1	1	FALSE	FALSE	
56993	3	3	1	FALSE	FALSE	
56994	3	2	0.666666666666667	TRUE	FALSE	
56995	3	3	1	FALSE	FALSE	
56996	3	2	0.666666666666667	TRUE	FALSE	
56997	1	1	1	FALSE	FALSE	
56998	1	1	1	FALSE	FALSE	
56999	4	4	1	FALSE	FALSE	
570	1	1	1	FALSE	FALSE	
5700	1	1	1	FALSE	FALSE	
57000	1	1	1	FALSE	FALSE	
57001	1	1	1	FALSE	FALSE	
57002	1	1	1	FALSE	FALSE	
57003	2	2	1	FALSE	FALSE	
57007	2	2	1	FALSE	FALSE	
5701	3	3	1	FALSE	FALSE	
57010	2	1	0.5	TRUE	FALSE	
57016	1	1	1	FALSE	FALSE	
57017	2	1	0.5	TRUE	FALSE	
57018	4	1	0.25	TRUE	TRUE	1555411_a_at
57019	3	2	0.666666666666667	TRUE	FALSE	
5702	1	1	1	FALSE	FALSE	
57020	2	2	1	FALSE	FALSE	
57030	2	2	1	FALSE	FALSE	
57035	2	2	1	FALSE	FALSE	
57037	1	1	1	FALSE	FALSE	
57038	6	6	1	FALSE	FALSE	
5704	1	1	1	FALSE	FALSE	
57045	2	2	1	FALSE	FALSE	
57047	2	2	1	FALSE	FALSE	
5705	1	1	1	FALSE	FALSE	
57050	1	1	1	FALSE	FALSE	
57053	3	1	0.333333333333333	TRUE	FALSE	
57057	1	1	1	FALSE	FALSE	
5706	1	1	1	FALSE	FALSE	
57060	1	1	1	FALSE	FALSE	
57061	1	1	1	FALSE	FALSE	
57062	2	2	1	FALSE	FALSE	
5707	2	2	1	FALSE	FALSE	
5708	1	1	1	FALSE	FALSE	
57082	4	1	0.25	TRUE	FALSE	
57084	1	1	1	FALSE	FALSE	
57085	3	3	1	FALSE	FALSE	
57088	1	1	1	FALSE	FALSE	
57089	2	2	1	FALSE	FALSE	
5709	1	1	1	FALSE	FALSE	
57091	2	2	1	FALSE	FALSE	
57092	3	1	0.333333333333333	TRUE	FALSE	
57094	2	1	0.5	TRUE	FALSE	
57095	3	3	1	FALSE	FALSE	
57096	1	1	1	FALSE	FALSE	
57097	3	2	0.666666666666667	TRUE	FALSE	
57099	1	1	1	FALSE	FALSE	
571	3	3	1	FALSE	FALSE	
5710	3	3	1	FALSE	FALSE	
57101	2	2	1	FALSE	FALSE	
57102	2	1	0.5	TRUE	FALSE	
57103	1	1	1	FALSE	FALSE	
57104	1	1	1	FALSE	FALSE	
57105	1	1	1	FALSE	FALSE	
57106	1	1	1	FALSE	FALSE	
57107	4	2	0.5	TRUE	FALSE	
57109	1	1	1	FALSE	FALSE	
5711	2	1	0.5	TRUE	FALSE	
57110	2	2	1	FALSE	FALSE	
57111	1	1	1	FALSE	FALSE	
57113	2	2	1	FALSE	FALSE	
57115	1	1	1	FALSE	FALSE	
57117	1	1	1	FALSE	FALSE	
57118	4	3	0.75	TRUE	FALSE	
57119	2	1	0.5	TRUE	FALSE	
57120	5	4	0.8	TRUE	FALSE	
57121	2	2	1	FALSE	FALSE	
57122	1	1	1	FALSE	FALSE	
57124	1	1	1	FALSE	FALSE	
57125	2	2	1	FALSE	FALSE	
57126	1	1	1	FALSE	FALSE	
57127	1	1	1	FALSE	FALSE	
57128	2	2	1	FALSE	FALSE	
57129	2	2	1	FALSE	FALSE	
5713	1	1	1	FALSE	FALSE	
57130	1	1	1	FALSE	FALSE	
57132	2	1	0.5	TRUE	FALSE	
57134	2	2	1	FALSE	FALSE	
57136	1	1	1	FALSE	FALSE	
57139	2	2	1	FALSE	FALSE	
5714	1	1	1	FALSE	FALSE	
57140	1	1	1	FALSE	FALSE	
57142	3	1	0.333333333333333	TRUE	FALSE	
57143	1	1	1	FALSE	FALSE	
57144	2	2	1	FALSE	FALSE	
57146	1	1	1	FALSE	FALSE	
57147	3	3	1	FALSE	FALSE	
57148	3	2	0.666666666666667	TRUE	FALSE	
57149	1	1	1	FALSE	FALSE	
5715	2	2	1	FALSE	FALSE	
57151	1	1	1	FALSE	FALSE	
57152	1	1	1	FALSE	FALSE	
57153	2	2	1	FALSE	FALSE	
57154	3	2	0.666666666666667	TRUE	FALSE	
57156	1	1	1	FALSE	FALSE	
57157	5	2	0.4	TRUE	FALSE	
57158	3	2	0.666666666666667	TRUE	FALSE	
57159	1	1	1	FALSE	FALSE	
5716	2	1	0.5	TRUE	FALSE	
57161	2	2	1	FALSE	FALSE	
57162	3	3	1	FALSE	FALSE	
57165	1	1	1	FALSE	FALSE	
57167	1	1	1	FALSE	FALSE	
57168	2	2	1	FALSE	FALSE	
57169	1	1	1	FALSE	FALSE	
5717	2	1	0.5	TRUE	FALSE	
57171	1	1	1	FALSE	FALSE	
57172	2	1	0.5	TRUE	FALSE	
57175	2	2	1	FALSE	FALSE	
57176	1	1	1	FALSE	FALSE	
57178	3	2	0.666666666666667	TRUE	FALSE	
57179	1	1	1	FALSE	FALSE	
5718	2	1	0.5	TRUE	FALSE	
57180	2	2	1	FALSE	FALSE	
57181	1	1	1	FALSE	FALSE	
57182	3	2	0.666666666666667	TRUE	FALSE	
57184	3	3	1	FALSE	FALSE	
57185	5	4	0.8	TRUE	FALSE	
57186	5	2	0.4	TRUE	FALSE	
57187	4	4	1	FALSE	FALSE	
57188	2	2	1	FALSE	FALSE	
57189	2	2	1	FALSE	FALSE	
5719	2	2	1	FALSE	FALSE	
57190	1	1	1	FALSE	FALSE	
57191	1	1	1	FALSE	FALSE	
57192	1	1	1	FALSE	FALSE	
57194	3	3	1	FALSE	FALSE	
57198	2	1	0.5	TRUE	FALSE	
572	3	2	0.666666666666667	TRUE	FALSE	
5720	1	1	1	FALSE	FALSE	
57205	1	1	1	FALSE	FALSE	
57209	2	2	1	FALSE	FALSE	
5721	1	1	1	FALSE	FALSE	
57210	2	2	1	FALSE	FALSE	
57211	3	1	0.333333333333333	TRUE	FALSE	
57212	3	3	1	FALSE	FALSE	
57213	2	2	1	FALSE	FALSE	
57214	2	1	0.5	TRUE	FALSE	
57215	1	1	1	FALSE	FALSE	
57216	1	1	1	FALSE	FALSE	
57217	4	3	0.75	TRUE	FALSE	
57221	4	4	1	FALSE	FALSE	
57222	4	4	1	FALSE	FALSE	
57223	5	3	0.6	TRUE	FALSE	
57224	3	3	1	FALSE	FALSE	
57226	3	2	0.666666666666667	TRUE	FALSE	
57228	1	1	1	FALSE	FALSE	
5723	1	1	1	FALSE	FALSE	
57231	2	1	0.5	TRUE	FALSE	
57232	1	1	1	FALSE	FALSE	
57234	2	2	1	FALSE	FALSE	
5724	2	2	1	FALSE	FALSE	
5725	2	1	0.5	TRUE	FALSE	
572558	2	1	0.5	TRUE	TRUE	230595_at
5726	1	1	1	FALSE	FALSE	
5727	4	3	0.75	TRUE	FALSE	
5728	5	5	1	FALSE	FALSE	
57282	1	1	1	FALSE	FALSE	
5729	3	2	0.666666666666667	TRUE	FALSE	
57291	1	1	1	FALSE	FALSE	
573	3	2	0.666666666666667	TRUE	FALSE	
5731	1	1	1	FALSE	FALSE	
5732	1	1	1	FALSE	FALSE	
57325	2	2	1	FALSE	FALSE	
57326	2	2	1	FALSE	FALSE	
5733	7	7	1	FALSE	FALSE	
57332	1	1	1	FALSE	FALSE	
57333	2	2	1	FALSE	FALSE	
57335	2	1	0.5	TRUE	FALSE	
57336	2	2	1	FALSE	FALSE	
57337	2	2	1	FALSE	FALSE	
57338	3	1	0.333333333333333	TRUE	FALSE	
5734	2	2	1	FALSE	FALSE	
57343	1	1	1	FALSE	FALSE	
57348	1	1	1	FALSE	FALSE	
57369	1	1	1	FALSE	FALSE	
5737	2	2	1	FALSE	FALSE	
57379	2	2	1	FALSE	FALSE	
5738	2	2	1	FALSE	FALSE	
57380	4	3	0.75	TRUE	FALSE	
57381	7	6	0.857142857142857	TRUE	FALSE	
5739	2	1	0.5	TRUE	FALSE	
57393	1	1	1	FALSE	FALSE	
57396	4	2	0.5	TRUE	FALSE	
574	3	3	1	FALSE	FALSE	
5740	3	3	1	FALSE	FALSE	
57402	1	1	1	FALSE	FALSE	
574029	1	1	1	FALSE	FALSE	
57403	2	2	1	FALSE	FALSE	
574036	1	1	1	FALSE	FALSE	
57404	1	1	1	FALSE	FALSE	
57405	1	1	1	FALSE	FALSE	
57406	4	4	1	FALSE	FALSE	
57407	1	1	1	FALSE	FALSE	
57408	2	2	1	FALSE	FALSE	
57409	2	1	0.5	TRUE	FALSE	
5741	1	1	1	FALSE	FALSE	
57410	2	1	0.5	TRUE	FALSE	
57412	1	1	1	FALSE	FALSE	
57414	1	1	1	FALSE	FALSE	
57415	2	1	0.5	TRUE	FALSE	
57419	2	2	1	FALSE	FALSE	
5742	3	2	0.666666666666667	TRUE	FALSE	
5743	2	2	1	FALSE	FALSE	
5744	3	3	1	FALSE	FALSE	
574407	2	2	1	FALSE	FALSE	
574414	1	1	1	FALSE	FALSE	
574432	1	1	1	FALSE	FALSE	
57446	3	2	0.666666666666667	TRUE	FALSE	
57447	3	3	1	FALSE	FALSE	
57448	2	2	1	FALSE	FALSE	
57449	1	1	1	FALSE	FALSE	
5745	1	1	1	FALSE	FALSE	
57451	1	1	1	FALSE	FALSE	
57452	3	3	1	FALSE	FALSE	
57453	2	2	1	FALSE	FALSE	
574538	1	1	1	FALSE	FALSE	
57455	3	2	0.666666666666667	TRUE	FALSE	
57456	2	2	1	FALSE	FALSE	
57458	2	2	1	FALSE	FALSE	
57459	2	2	1	FALSE	FALSE	
5746	1	1	1	FALSE	FALSE	
57460	3	3	1	FALSE	FALSE	
57461	2	1	0.5	TRUE	FALSE	
57462	2	1	0.5	TRUE	FALSE	
57463	1	1	1	FALSE	FALSE	
57464	2	1	0.5	TRUE	FALSE	
57465	2	2	1	FALSE	FALSE	
57466	5	5	1	FALSE	FALSE	
57467	1	1	1	FALSE	FALSE	
57468	1	1	1	FALSE	FALSE	
57469	1	1	1	FALSE	FALSE	
5747	4	4	1	FALSE	FALSE	
57470	1	1	1	FALSE	FALSE	
57471	1	1	1	FALSE	FALSE	
57472	2	2	1	FALSE	FALSE	
57475	2	2	1	FALSE	FALSE	
57476	1	1	1	FALSE	FALSE	
57477	2	2	1	FALSE	FALSE	
57478	5	5	1	FALSE	FALSE	
57479	1	1	1	FALSE	FALSE	
57480	1	1	1	FALSE	FALSE	
57481	1	1	1	FALSE	FALSE	
57482	3	3	1	FALSE	FALSE	
57484	4	4	1	FALSE	FALSE	
57486	5	4	0.8	TRUE	FALSE	
57488	5	2	0.4	TRUE	FALSE	
57489	2	2	1	FALSE	FALSE	
57492	6	4	0.666666666666667	TRUE	FALSE	
57493	2	2	1	FALSE	FALSE	
57494	3	3	1	FALSE	FALSE	
57495	1	1	1	FALSE	FALSE	
57496	4	2	0.5	TRUE	FALSE	
57497	2	1	0.5	TRUE	FALSE	
57498	5	3	0.6	TRUE	FALSE	
575	1	1	1	FALSE	FALSE	
57501	3	1	0.333333333333333	TRUE	FALSE	
57502	2	1	0.5	TRUE	FALSE	
57504	3	2	0.666666666666667	TRUE	TRUE	235898_at
57505	2	2	1	FALSE	FALSE	
57506	4	2	0.5	TRUE	FALSE	
57507	2	1	0.5	TRUE	FALSE	
57508	1	1	1	FALSE	FALSE	
57509	4	3	0.75	TRUE	FALSE	
57510	3	3	1	FALSE	FALSE	
57511	2	2	1	FALSE	FALSE	
57512	1	1	1	FALSE	FALSE	
57513	2	2	1	FALSE	FALSE	
57514	2	2	1	FALSE	FALSE	
57515	1	1	1	FALSE	FALSE	
57519	1	1	1	FALSE	FALSE	
57520	3	2	0.666666666666667	TRUE	FALSE	
57521	1	1	1	FALSE	FALSE	
57522	6	5	0.833333333333333	TRUE	FALSE	
57523	1	1	1	FALSE	FALSE	
57524	3	1	0.333333333333333	TRUE	FALSE	
57526	1	1	1	FALSE	FALSE	
57528	1	1	1	FALSE	FALSE	
57529	1	1	1	FALSE	FALSE	
5753	2	2	1	FALSE	FALSE	
57530	2	2	1	FALSE	FALSE	
57531	1	1	1	FALSE	FALSE	
57532	4	4	1	FALSE	FALSE	
57533	1	1	1	FALSE	FALSE	
57534	4	4	1	FALSE	FALSE	
57535	3	3	1	FALSE	FALSE	
57536	2	2	1	FALSE	FALSE	
57537	1	1	1	FALSE	FALSE	
57538	2	2	1	FALSE	FALSE	
57539	2	2	1	FALSE	FALSE	
5754	2	1	0.5	TRUE	FALSE	
57540	2	1	0.5	TRUE	FALSE	
57541	3	3	1	FALSE	FALSE	
57542	3	3	1	FALSE	FALSE	
57544	2	1	0.5	TRUE	FALSE	
57545	4	4	1	FALSE	FALSE	
57546	2	2	1	FALSE	FALSE	
57547	1	1	1	FALSE	FALSE	
57549	1	1	1	FALSE	FALSE	
57551	6	4	0.666666666666667	TRUE	FALSE	
57552	1	1	1	FALSE	FALSE	
57553	4	3	0.75	TRUE	FALSE	
57554	4	3	0.75	TRUE	FALSE	
57555	3	2	0.666666666666667	TRUE	FALSE	
57556	5	3	0.6	TRUE	FALSE	
57558	1	1	1	FALSE	FALSE	
57559	3	2	0.666666666666667	TRUE	FALSE	
5756	5	3	0.6	TRUE	FALSE	
57560	4	2	0.5	TRUE	FALSE	
57561	1	1	1	FALSE	FALSE	
57562	3	3	1	FALSE	FALSE	
57563	3	3	1	FALSE	FALSE	
57565	3	3	1	FALSE	FALSE	
57567	1	1	1	FALSE	FALSE	
57568	3	2	0.666666666666667	TRUE	FALSE	
57569	2	1	0.5	TRUE	FALSE	
5757	1	1	1	FALSE	FALSE	
57570	1	1	1	FALSE	FALSE	
57571	1	1	1	FALSE	FALSE	
57572	3	3	1	FALSE	FALSE	
57573	3	3	1	FALSE	FALSE	
57574	1	1	1	FALSE	FALSE	
57575	4	3	0.75	TRUE	FALSE	
57576	1	1	1	FALSE	FALSE	
57577	1	1	1	FALSE	FALSE	
57578	1	1	1	FALSE	FALSE	
57579	3	2	0.666666666666667	TRUE	FALSE	
57580	2	2	1	FALSE	FALSE	
57582	2	1	0.5	TRUE	FALSE	
57583	2	2	1	FALSE	FALSE	
57584	2	2	1	FALSE	FALSE	
57585	2	1	0.5	TRUE	FALSE	
57586	2	2	1	FALSE	FALSE	
57587	4	1	0.25	TRUE	FALSE	
57589	4	2	0.5	TRUE	FALSE	
57590	2	1	0.5	TRUE	FALSE	
57591	4	3	0.75	TRUE	FALSE	
57592	1	1	1	FALSE	FALSE	
57593	1	1	1	FALSE	FALSE	
57594	1	1	1	FALSE	FALSE	
57595	1	1	1	FALSE	FALSE	
57596	1	1	1	FALSE	FALSE	
57597	5	4	0.8	TRUE	FALSE	
57599	4	4	1	FALSE	FALSE	
576	1	1	1	FALSE	FALSE	
57600	4	4	1	FALSE	FALSE	
57602	5	4	0.8	TRUE	FALSE	
57604	4	2	0.5	TRUE	FALSE	
57605	3	2	0.666666666666667	TRUE	FALSE	
57606	7	6	0.857142857142857	TRUE	FALSE	
57608	3	3	1	FALSE	FALSE	
57609	3	3	1	FALSE	FALSE	
57610	4	3	0.75	TRUE	FALSE	
57611	1	1	1	FALSE	FALSE	
57612	1	1	1	FALSE	FALSE	
57613	3	3	1	FALSE	FALSE	
57614	2	2	1	FALSE	FALSE	
57616	2	2	1	FALSE	FALSE	
57617	2	2	1	FALSE	FALSE	
57619	3	2	0.666666666666667	TRUE	FALSE	
57620	3	3	1	FALSE	FALSE	
57621	1	1	1	FALSE	FALSE	
57622	1	1	1	FALSE	FALSE	
57623	1	1	1	FALSE	FALSE	
57624	1	1	1	FALSE	FALSE	
57626	1	1	1	FALSE	FALSE	
57628	1	1	1	FALSE	FALSE	
57630	2	2	1	FALSE	FALSE	
57631	1	1	1	FALSE	FALSE	
57633	2	1	0.5	TRUE	FALSE	
57634	5	4	0.8	TRUE	FALSE	
57636	2	1	0.5	TRUE	FALSE	
57639	1	1	1	FALSE	FALSE	
5764	1	1	1	FALSE	FALSE	
57642	2	1	0.5	TRUE	FALSE	
57643	1	1	1	FALSE	FALSE	
57644	2	2	1	FALSE	FALSE	
57645	3	1	0.333333333333333	TRUE	TRUE	218229_s_at;239392_s_at
57646	2	1	0.5	TRUE	FALSE	
57647	2	2	1	FALSE	FALSE	
57648	1	1	1	FALSE	FALSE	
57649	2	1	0.5	TRUE	FALSE	
57650	3	3	1	FALSE	FALSE	
57654	4	3	0.75	TRUE	FALSE	
57655	2	2	1	FALSE	FALSE	
57657	1	1	1	FALSE	FALSE	
57658	1	1	1	FALSE	FALSE	
57659	1	1	1	FALSE	FALSE	
57661	2	1	0.5	TRUE	FALSE	
57662	2	2	1	FALSE	FALSE	
57663	1	1	1	FALSE	FALSE	
57664	1	1	1	FALSE	FALSE	
57666	5	4	0.8	TRUE	FALSE	
57669	3	2	0.666666666666667	TRUE	FALSE	
57670	3	3	1	FALSE	FALSE	
57673	1	1	1	FALSE	FALSE	
57674	8	7	0.875	TRUE	FALSE	
57677	1	1	1	FALSE	FALSE	
57678	2	2	1	FALSE	FALSE	
57679	3	2	0.666666666666667	TRUE	FALSE	
5768	3	3	1	FALSE	FALSE	
57680	1	1	1	FALSE	FALSE	
57683	1	1	1	FALSE	FALSE	
57684	2	1	0.5	TRUE	FALSE	
57685	2	2	1	FALSE	FALSE	
57687	1	1	1	FALSE	FALSE	
57688	1	1	1	FALSE	FALSE	
57689	2	1	0.5	TRUE	FALSE	
57690	6	4	0.666666666666667	TRUE	FALSE	
57691	1	1	1	FALSE	FALSE	
57692	2	2	1	FALSE	FALSE	
57693	2	2	1	FALSE	FALSE	
57695	3	3	1	FALSE	FALSE	
57696	1	1	1	FALSE	FALSE	
57697	3	1	0.333333333333333	TRUE	FALSE	
57698	1	1	1	FALSE	FALSE	
57699	2	2	1	FALSE	FALSE	
577	2	2	1	FALSE	FALSE	
5770	3	2	0.666666666666667	TRUE	FALSE	
57700	2	1	0.5	TRUE	FALSE	
57701	2	1	0.5	TRUE	FALSE	
57703	1	1	1	FALSE	FALSE	
57704	2	2	1	FALSE	FALSE	
57705	2	2	1	FALSE	FALSE	
57706	2	2	1	FALSE	FALSE	
57707	5	5	1	FALSE	FALSE	
57708	3	2	0.666666666666667	TRUE	FALSE	
57709	2	1	0.5	TRUE	FALSE	
5771	6	4	0.666666666666667	TRUE	FALSE	
57710	1	1	1	FALSE	FALSE	
57711	3	2	0.666666666666667	TRUE	FALSE	
57713	1	1	1	FALSE	FALSE	
57715	1	1	1	FALSE	FALSE	
57716	2	2	1	FALSE	FALSE	
57717	1	1	1	FALSE	FALSE	
57718	3	3	1	FALSE	FALSE	
57719	2	1	0.5	TRUE	FALSE	
57720	4	2	0.5	TRUE	FALSE	
57721	4	4	1	FALSE	FALSE	
57722	1	1	1	FALSE	FALSE	
57724	7	4	0.571428571428571	TRUE	FALSE	
57727	2	2	1	FALSE	FALSE	
57728	3	1	0.333333333333333	TRUE	FALSE	
57730	1	1	1	FALSE	FALSE	
57731	5	5	1	FALSE	FALSE	
57732	3	2	0.666666666666667	TRUE	FALSE	
57733	2	1	0.5	TRUE	FALSE	
5774	2	1	0.5	TRUE	FALSE	
5775	3	3	1	FALSE	FALSE	
57758	1	1	1	FALSE	FALSE	
57761	2	2	1	FALSE	FALSE	
57763	1	1	1	FALSE	FALSE	
5777	1	1	1	FALSE	FALSE	
5778	2	1	0.5	TRUE	FALSE	
57786	3	3	1	FALSE	FALSE	
57787	2	2	1	FALSE	FALSE	
57794	2	2	1	FALSE	FALSE	
57795	1	1	1	FALSE	FALSE	
57798	4	3	0.75	TRUE	FALSE	
57799	3	2	0.666666666666667	TRUE	FALSE	
578	1	1	1	FALSE	FALSE	
5780	3	3	1	FALSE	FALSE	
57804	1	1	1	FALSE	FALSE	
57805	3	3	1	FALSE	FALSE	
5781	6	5	0.833333333333333	TRUE	FALSE	
57817	1	1	1	FALSE	FALSE	
57818	1	1	1	FALSE	FALSE	
57819	1	1	1	FALSE	FALSE	
5782	3	3	1	FALSE	FALSE	
57820	1	1	1	FALSE	FALSE	
57821	4	3	0.75	TRUE	FALSE	
57822	1	1	1	FALSE	FALSE	
57823	3	3	1	FALSE	FALSE	
57824	1	1	1	FALSE	FALSE	
57826	2	2	1	FALSE	FALSE	
57827	1	1	1	FALSE	FALSE	
57828	3	1	0.333333333333333	TRUE	FALSE	
57829	1	1	1	FALSE	FALSE	
5783	1	1	1	FALSE	FALSE	
57834	1	1	1	FALSE	FALSE	
57835	2	2	1	FALSE	FALSE	
5784	4	3	0.75	TRUE	FALSE	
5786	2	2	1	FALSE	FALSE	
57862	2	1	0.5	TRUE	FALSE	
57863	1	1	1	FALSE	FALSE	
57864	1	1	1	FALSE	FALSE	
5787	4	4	1	FALSE	FALSE	
5788	5	4	0.8	TRUE	FALSE	
5789	4	3	0.75	TRUE	FALSE	
579	1	1	1	FALSE	FALSE	
5791	3	1	0.333333333333333	TRUE	FALSE	
5792	4	3	0.75	TRUE	FALSE	
5793	4	4	1	FALSE	FALSE	
5794	1	1	1	FALSE	FALSE	
5795	3	1	0.333333333333333	TRUE	FALSE	
5796	2	2	1	FALSE	FALSE	
5797	2	2	1	FALSE	FALSE	
5798	1	1	1	FALSE	FALSE	
5799	4	3	0.75	TRUE	FALSE	
58	1	1	1	FALSE	FALSE	
580	3	3	1	FALSE	FALSE	
5800	3	2	0.666666666666667	TRUE	FALSE	
5801	2	2	1	FALSE	FALSE	
5802	3	3	1	FALSE	FALSE	
5803	1	1	1	FALSE	FALSE	
5805	1	1	1	FALSE	FALSE	
5806	1	1	1	FALSE	FALSE	
581	2	1	0.5	TRUE	FALSE	
5810	3	3	1	FALSE	FALSE	
5813	4	3	0.75	TRUE	FALSE	
5814	5	4	0.8	TRUE	FALSE	
58155	2	2	1	FALSE	FALSE	
58157	2	1	0.5	TRUE	FALSE	
58158	1	1	1	FALSE	FALSE	
5816	1	1	1	FALSE	FALSE	
58160	1	1	1	FALSE	FALSE	
5817	7	4	0.571428571428571	TRUE	FALSE	
5818	4	3	0.75	TRUE	FALSE	
58189	1	1	1	FALSE	FALSE	
5819	4	4	1	FALSE	FALSE	
58190	1	1	1	FALSE	FALSE	
58191	1	1	1	FALSE	FALSE	
582	3	1	0.333333333333333	TRUE	FALSE	
5820	5	2	0.4	TRUE	FALSE	
5822	1	1	1	FALSE	FALSE	
5824	2	2	1	FALSE	FALSE	
5825	2	2	1	FALSE	FALSE	
5826	2	2	1	FALSE	FALSE	
5827	1	1	1	FALSE	FALSE	
5828	3	2	0.666666666666667	TRUE	FALSE	
5829	2	1	0.5	TRUE	FALSE	
583	1	1	1	FALSE	FALSE	
5830	2	2	1	FALSE	FALSE	
5831	1	1	1	FALSE	FALSE	
5832	2	2	1	FALSE	FALSE	
5833	2	2	1	FALSE	FALSE	
5834	2	2	1	FALSE	FALSE	
5836	1	1	1	FALSE	FALSE	
5837	1	1	1	FALSE	FALSE	
58472	1	1	1	FALSE	FALSE	
58473	3	2	0.666666666666667	TRUE	FALSE	
58475	3	3	1	FALSE	FALSE	
58476	1	1	1	FALSE	FALSE	
58477	2	2	1	FALSE	FALSE	
58478	1	1	1	FALSE	FALSE	
58480	2	2	1	FALSE	FALSE	
58483	2	2	1	FALSE	FALSE	
58484	2	1	0.5	TRUE	FALSE	
58485	1	1	1	FALSE	FALSE	
58486	1	1	1	FALSE	FALSE	
58487	8	4	0.5	TRUE	FALSE	
58488	1	1	1	FALSE	FALSE	
58489	1	1	1	FALSE	FALSE	
58490	2	1	0.5	TRUE	FALSE	
58491	3	3	1	FALSE	FALSE	
58492	2	1	0.5	TRUE	FALSE	
58493	5	4	0.8	TRUE	FALSE	
58494	2	2	1	FALSE	FALSE	
58495	2	2	1	FALSE	FALSE	
58497	4	4	1	FALSE	FALSE	
58498	1	1	1	FALSE	FALSE	
58499	3	2	0.666666666666667	TRUE	FALSE	
585	2	2	1	FALSE	FALSE	
58500	2	2	1	FALSE	FALSE	
58503	1	1	1	FALSE	FALSE	
58504	4	3	0.75	TRUE	FALSE	
58505	1	1	1	FALSE	FALSE	
58508	6	5	0.833333333333333	TRUE	FALSE	
58509	2	1	0.5	TRUE	FALSE	
58510	2	2	1	FALSE	FALSE	
58511	1	1	1	FALSE	FALSE	
58512	1	1	1	FALSE	FALSE	
58513	5	5	1	FALSE	FALSE	
58515	1	1	1	FALSE	FALSE	
58516	2	2	1	FALSE	FALSE	
58517	7	3	0.428571428571429	TRUE	TRUE	1557081_at
58524	2	2	1	FALSE	FALSE	
58525	4	1	0.25	TRUE	FALSE	
58526	1	1	1	FALSE	FALSE	
58527	1	1	1	FALSE	FALSE	
58528	2	2	1	FALSE	FALSE	
58529	1	1	1	FALSE	FALSE	
58530	1	1	1	FALSE	FALSE	
58531	1	1	1	FALSE	FALSE	
58533	1	1	1	FALSE	FALSE	
58538	2	2	1	FALSE	FALSE	
5858	1	1	1	FALSE	FALSE	
5859	1	1	1	FALSE	FALSE	
586	4	4	1	FALSE	FALSE	
5860	2	2	1	FALSE	FALSE	
5861	4	4	1	FALSE	FALSE	
5862	4	4	1	FALSE	FALSE	
5863	1	1	1	FALSE	FALSE	
5864	1	1	1	FALSE	FALSE	
5865	5	3	0.6	TRUE	FALSE	
5866	1	1	1	FALSE	FALSE	
5867	3	1	0.333333333333333	TRUE	FALSE	
5868	3	2	0.666666666666667	TRUE	FALSE	
5869	1	1	1	FALSE	FALSE	
587	2	1	0.5	TRUE	FALSE	
5870	2	2	1	FALSE	FALSE	
5871	1	1	1	FALSE	FALSE	
5872	1	1	1	FALSE	FALSE	
5873	3	3	1	FALSE	FALSE	
5874	3	3	1	FALSE	FALSE	
5875	1	1	1	FALSE	FALSE	
5876	3	3	1	FALSE	FALSE	
5877	2	2	1	FALSE	FALSE	
5878	2	2	1	FALSE	FALSE	
5879	4	3	0.75	TRUE	FALSE	
5880	2	1	0.5	TRUE	FALSE	
5881	1	1	1	FALSE	FALSE	
5883	1	1	1	FALSE	FALSE	
5884	2	1	0.5	TRUE	FALSE	
5885	2	2	1	FALSE	FALSE	
5886	2	2	1	FALSE	FALSE	
5887	4	3	0.75	TRUE	FALSE	
5888	2	2	1	FALSE	FALSE	
5889	2	1	0.5	TRUE	FALSE	
5890	4	3	0.75	TRUE	FALSE	
5891	1	1	1	FALSE	FALSE	
5892	2	1	0.5	TRUE	FALSE	
5893	3	3	1	FALSE	FALSE	
5894	2	2	1	FALSE	FALSE	
5896	2	1	0.5	TRUE	FALSE	
5897	1	1	1	FALSE	FALSE	
5898	1	1	1	FALSE	FALSE	
58985	1	1	1	FALSE	FALSE	
58986	2	2	1	FALSE	FALSE	
5899	2	2	1	FALSE	FALSE	
59	3	2	0.666666666666667	TRUE	FALSE	
590	1	1	1	FALSE	FALSE	
5900	2	1	0.5	TRUE	FALSE	
5901	2	2	1	FALSE	FALSE	
5902	2	2	1	FALSE	FALSE	
5903	3	2	0.666666666666667	TRUE	FALSE	
5905	3	2	0.666666666666667	TRUE	FALSE	
5906	3	3	1	FALSE	FALSE	
59067	1	1	1	FALSE	FALSE	
5908	1	1	1	FALSE	FALSE	
59082	1	1	1	FALSE	FALSE	
59084	2	2	1	FALSE	FALSE	
5909	2	1	0.5	TRUE	FALSE	
5910	4	3	0.75	TRUE	FALSE	
5911	5	5	1	FALSE	FALSE	
5912	3	1	0.333333333333333	TRUE	FALSE	
5913	1	1	1	FALSE	FALSE	
5914	4	2	0.5	TRUE	FALSE	
5915	5	4	0.8	TRUE	FALSE	
5916	3	3	1	FALSE	FALSE	
5917	1	1	1	FALSE	FALSE	
5918	3	3	1	FALSE	FALSE	
5919	1	1	1	FALSE	FALSE	
5920	1	1	1	FALSE	FALSE	
5921	2	2	1	FALSE	FALSE	
5922	3	3	1	FALSE	FALSE	
5923	4	2	0.5	TRUE	FALSE	
5924	2	2	1	FALSE	FALSE	
5925	2	2	1	FALSE	FALSE	
5926	1	1	1	FALSE	FALSE	
59269	3	2	0.666666666666667	TRUE	FALSE	
5927	5	5	1	FALSE	FALSE	
59271	1	1	1	FALSE	FALSE	
59272	2	2	1	FALSE	FALSE	
59274	2	1	0.5	TRUE	FALSE	
59277	1	1	1	FALSE	FALSE	
5928	5	5	1	FALSE	FALSE	
59283	3	2	0.666666666666667	TRUE	FALSE	
59284	1	1	1	FALSE	FALSE	
59285	2	2	1	FALSE	FALSE	
59286	1	1	1	FALSE	FALSE	
5929	1	1	1	FALSE	FALSE	
593	1	1	1	FALSE	FALSE	
5930	8	6	0.75	TRUE	FALSE	
59307	2	2	1	FALSE	FALSE	
5931	1	1	1	FALSE	FALSE	
5932	1	1	1	FALSE	FALSE	
5933	4	3	0.75	TRUE	FALSE	
59336	1	1	1	FALSE	FALSE	
59338	2	2	1	FALSE	FALSE	
59339	3	3	1	FALSE	FALSE	
5934	2	2	1	FALSE	FALSE	
59340	2	1	0.5	TRUE	FALSE	
59341	1	1	1	FALSE	FALSE	
59342	2	2	1	FALSE	FALSE	
59343	3	3	1	FALSE	FALSE	
59344	2	2	1	FALSE	FALSE	
59345	2	2	1	FALSE	FALSE	
59347	1	1	1	FALSE	FALSE	
59348	2	2	1	FALSE	FALSE	
59349	2	1	0.5	TRUE	FALSE	
5935	2	1	0.5	TRUE	FALSE	
59350	3	2	0.666666666666667	TRUE	FALSE	
59351	2	2	1	FALSE	FALSE	
59352	1	1	1	FALSE	FALSE	
59353	1	1	1	FALSE	FALSE	
5936	2	2	1	FALSE	FALSE	
5937	4	4	1	FALSE	FALSE	
5939	6	6	1	FALSE	FALSE	
594	2	2	1	FALSE	FALSE	
5947	2	1	0.5	TRUE	FALSE	
5948	1	1	1	FALSE	FALSE	
594855	2	2	1	FALSE	FALSE	
5949	1	1	1	FALSE	FALSE	
595	2	2	1	FALSE	FALSE	
5950	2	2	1	FALSE	FALSE	
595135	1	1	1	FALSE	FALSE	
5954	1	1	1	FALSE	FALSE	
5955	2	2	1	FALSE	FALSE	
5957	1	1	1	FALSE	FALSE	
5959	1	1	1	FALSE	FALSE	
596	4	4	1	FALSE	FALSE	
5961	1	1	1	FALSE	FALSE	
5962	4	4	1	FALSE	FALSE	
5965	2	2	1	FALSE	FALSE	
5966	5	4	0.8	TRUE	FALSE	
5967	1	1	1	FALSE	FALSE	
5968	1	1	1	FALSE	FALSE	
5969	1	1	1	FALSE	FALSE	
597	1	1	1	FALSE	FALSE	
5970	2	1	0.5	TRUE	FALSE	
5971	1	1	1	FALSE	FALSE	
5972	1	1	1	FALSE	FALSE	
5973	1	1	1	FALSE	FALSE	
5976	2	2	1	FALSE	FALSE	
5977	1	1	1	FALSE	FALSE	
5978	3	3	1	FALSE	FALSE	
5979	1	1	1	FALSE	FALSE	
598	4	4	1	FALSE	FALSE	
5980	2	1	0.5	TRUE	FALSE	
5981	1	1	1	FALSE	FALSE	
5982	2	1	0.5	TRUE	FALSE	
5983	3	3	1	FALSE	FALSE	
5984	1	1	1	FALSE	FALSE	
5985	3	1	0.333333333333333	TRUE	FALSE	
5986	1	1	1	FALSE	FALSE	
5987	3	3	1	FALSE	FALSE	
5988	1	1	1	FALSE	FALSE	
5989	1	1	1	FALSE	FALSE	
599	2	2	1	FALSE	FALSE	
5990	2	2	1	FALSE	FALSE	
5991	4	2	0.5	TRUE	FALSE	
5992	3	2	0.666666666666667	TRUE	FALSE	
5993	2	2	1	FALSE	FALSE	
5994	2	2	1	FALSE	FALSE	
5995	3	2	0.666666666666667	TRUE	FALSE	
5996	3	3	1	FALSE	FALSE	
5997	1	1	1	FALSE	FALSE	
5998	4	3	0.75	TRUE	FALSE	
5999	3	2	0.666666666666667	TRUE	FALSE	
6000	3	1	0.333333333333333	TRUE	FALSE	
6001	3	2	0.666666666666667	TRUE	FALSE	
6002	9	6	0.666666666666667	TRUE	FALSE	
6003	3	1	0.333333333333333	TRUE	FALSE	
6004	3	1	0.333333333333333	TRUE	FALSE	
6005	2	1	0.5	TRUE	FALSE	
6007	1	1	1	FALSE	FALSE	
6009	6	3	0.5	TRUE	FALSE	
6010	2	1	0.5	TRUE	FALSE	
6011	1	1	1	FALSE	FALSE	
6013	1	1	1	FALSE	FALSE	
6014	1	1	1	FALSE	FALSE	
6015	2	2	1	FALSE	FALSE	
6016	5	2	0.4	TRUE	FALSE	
6017	1	1	1	FALSE	FALSE	
6018	1	1	1	FALSE	FALSE	
6019	1	1	1	FALSE	FALSE	
602	2	2	1	FALSE	FALSE	
60312	1	1	1	FALSE	FALSE	
60313	3	2	0.666666666666667	TRUE	FALSE	
60314	1	1	1	FALSE	FALSE	
60343	2	2	1	FALSE	FALSE	
6035	2	2	1	FALSE	FALSE	
6036	1	1	1	FALSE	FALSE	
6037	1	1	1	FALSE	FALSE	
60370	1	1	1	FALSE	FALSE	
6038	1	1	1	FALSE	FALSE	
60385	2	2	1	FALSE	FALSE	
60386	1	1	1	FALSE	FALSE	
6039	1	1	1	FALSE	FALSE	
604	4	4	1	FALSE	FALSE	
60401	1	1	1	FALSE	FALSE	
6041	2	1	0.5	TRUE	FALSE	
60412	3	2	0.666666666666667	TRUE	FALSE	
60436	2	2	1	FALSE	FALSE	
60437	4	1	0.25	TRUE	FALSE	
6045	1	1	1	FALSE	FALSE	
6046	2	2	1	FALSE	FALSE	
60467	1	1	1	FALSE	FALSE	
60468	2	1	0.5	TRUE	FALSE	
6047	1	1	1	FALSE	FALSE	
6048	1	1	1	FALSE	FALSE	
60481	3	2	0.666666666666667	TRUE	FALSE	
60482	2	1	0.5	TRUE	FALSE	
60484	1	1	1	FALSE	FALSE	
60485	3	3	1	FALSE	FALSE	
60487	1	1	1	FALSE	FALSE	
60488	1	1	1	FALSE	FALSE	
60489	2	1	0.5	TRUE	FALSE	
6049	3	1	0.333333333333333	TRUE	FALSE	
60490	1	1	1	FALSE	FALSE	
60491	1	1	1	FALSE	FALSE	
60492	3	2	0.666666666666667	TRUE	FALSE	
60493	1	1	1	FALSE	FALSE	
60494	1	1	1	FALSE	FALSE	
60495	1	1	1	FALSE	FALSE	
60496	3	2	0.666666666666667	TRUE	FALSE	
605	2	2	1	FALSE	FALSE	
6050	3	3	1	FALSE	FALSE	
60506	1	1	1	FALSE	FALSE	
60509	3	1	0.333333333333333	TRUE	FALSE	
6051	1	1	1	FALSE	FALSE	
60526	3	2	0.666666666666667	TRUE	FALSE	
60528	2	2	1	FALSE	FALSE	
60529	1	1	1	FALSE	FALSE	
60558	2	2	1	FALSE	FALSE	
60559	2	2	1	FALSE	FALSE	
60560	3	2	0.666666666666667	TRUE	FALSE	
60561	1	1	1	FALSE	FALSE	
6059	2	2	1	FALSE	FALSE	
60592	2	1	0.5	TRUE	FALSE	
60598	2	1	0.5	TRUE	FALSE	
606	1	1	1	FALSE	FALSE	
60625	3	2	0.666666666666667	TRUE	FALSE	
60626	1	1	1	FALSE	FALSE	
606495	4	1	0.25	TRUE	FALSE	
606553	1	1	1	FALSE	FALSE	
60672	2	1	0.5	TRUE	FALSE	
60673	1	1	1	FALSE	FALSE	
60674	3	3	1	FALSE	FALSE	
60675	1	1	1	FALSE	FALSE	
60676	3	2	0.666666666666667	TRUE	FALSE	
60677	1	1	1	FALSE	FALSE	
60678	1	1	1	FALSE	FALSE	
60680	3	2	0.666666666666667	TRUE	FALSE	
60681	1	1	1	FALSE	FALSE	
60682	1	1	1	FALSE	FALSE	
60684	3	3	1	FALSE	FALSE	
60685	2	2	1	FALSE	FALSE	
60686	2	2	1	FALSE	FALSE	
607	1	1	1	FALSE	FALSE	
608	1	1	1	FALSE	FALSE	
6091	1	1	1	FALSE	FALSE	
6092	2	2	1	FALSE	FALSE	
6093	4	4	1	FALSE	FALSE	
6094	1	1	1	FALSE	FALSE	
6095	6	4	0.666666666666667	TRUE	FALSE	
6096	3	2	0.666666666666667	TRUE	FALSE	
6097	2	1	0.5	TRUE	FALSE	
6098	2	1	0.5	TRUE	FALSE	
610	1	1	1	FALSE	FALSE	
6100	2	1	0.5	TRUE	FALSE	
6101	1	1	1	FALSE	FALSE	
6102	2	1	0.5	TRUE	FALSE	
6103	1	1	1	FALSE	FALSE	
611	1	1	1	FALSE	FALSE	
6117	3	3	1	FALSE	FALSE	
6118	1	1	1	FALSE	FALSE	
6119	1	1	1	FALSE	FALSE	
6120	4	4	1	FALSE	FALSE	
6121	1	1	1	FALSE	FALSE	
6123	1	1	1	FALSE	FALSE	
6124	1	1	1	FALSE	FALSE	
6125	2	1	0.5	TRUE	FALSE	
6129	1	1	1	FALSE	FALSE	
613	3	3	1	FALSE	FALSE	
613126	1	1	1	FALSE	FALSE	
6132	1	1	1	FALSE	FALSE	
613212	2	2	1	FALSE	FALSE	
613266	1	1	1	FALSE	FALSE	
6133	1	1	1	FALSE	FALSE	
6134	2	1	0.5	TRUE	FALSE	
6135	1	1	1	FALSE	FALSE	
6137	3	2	0.666666666666667	TRUE	FALSE	
6138	4	4	1	FALSE	FALSE	
6141	2	1	0.5	TRUE	FALSE	
6142	1	1	1	FALSE	FALSE	
6143	1	1	1	FALSE	FALSE	
6146	2	2	1	FALSE	FALSE	
6150	2	1	0.5	TRUE	FALSE	
6152	1	1	1	FALSE	FALSE	
6155	2	2	1	FALSE	FALSE	
6156	1	1	1	FALSE	FALSE	
6157	3	1	0.333333333333333	TRUE	FALSE	
6158	2	1	0.5	TRUE	FALSE	
6160	2	2	1	FALSE	FALSE	
6161	1	1	1	FALSE	FALSE	
6164	1	1	1	FALSE	FALSE	
6165	3	2	0.666666666666667	TRUE	FALSE	
6166	1	1	1	FALSE	FALSE	
6167	4	2	0.5	TRUE	FALSE	
6168	2	2	1	FALSE	FALSE	
6169	1	1	1	FALSE	FALSE	
617	1	1	1	FALSE	FALSE	
6170	1	1	1	FALSE	FALSE	
6171	1	1	1	FALSE	FALSE	
6173	1	1	1	FALSE	FALSE	
6175	1	1	1	FALSE	FALSE	
6176	2	1	0.5	TRUE	FALSE	
6181	3	3	1	FALSE	FALSE	
6182	2	1	0.5	TRUE	FALSE	
6183	4	2	0.5	TRUE	FALSE	
6184	1	1	1	FALSE	FALSE	
6185	1	1	1	FALSE	FALSE	
6188	1	1	1	FALSE	FALSE	
6189	1	1	1	FALSE	FALSE	
6192	1	1	1	FALSE	FALSE	
619207	1	1	1	FALSE	FALSE	
619208	1	1	1	FALSE	FALSE	
619279	6	3	0.5	TRUE	FALSE	
6193	1	1	1	FALSE	FALSE	
619351	1	1	1	FALSE	FALSE	
6194	3	1	0.333333333333333	TRUE	FALSE	
619434	1	1	1	FALSE	FALSE	
619455	1	1	1	FALSE	FALSE	
6195	1	1	1	FALSE	FALSE	
619505	1	1	1	FALSE	FALSE	
6196	3	1	0.333333333333333	TRUE	FALSE	
6197	2	2	1	FALSE	FALSE	
6198	3	1	0.333333333333333	TRUE	FALSE	
6199	1	1	1	FALSE	FALSE	
6201	1	1	1	FALSE	FALSE	
6202	2	2	1	FALSE	FALSE	
6203	2	1	0.5	TRUE	FALSE	
6205	2	2	1	FALSE	FALSE	
6207	1	1	1	FALSE	FALSE	
6208	3	1	0.333333333333333	TRUE	FALSE	
6209	2	1	0.5	TRUE	FALSE	
6210	3	2	0.666666666666667	TRUE	FALSE	
6217	3	2	0.666666666666667	TRUE	FALSE	
622	2	2	1	FALSE	FALSE	
6222	1	1	1	FALSE	FALSE	
6223	2	2	1	FALSE	FALSE	
6224	1	1	1	FALSE	FALSE	
6227	2	2	1	FALSE	FALSE	
6228	2	2	1	FALSE	FALSE	
6229	2	1	0.5	TRUE	FALSE	
623	1	1	1	FALSE	FALSE	
6230	1	1	1	FALSE	FALSE	
6231	1	1	1	FALSE	FALSE	
6232	2	2	1	FALSE	FALSE	
6233	3	3	1	FALSE	FALSE	
6234	3	2	0.666666666666667	TRUE	FALSE	
6235	2	1	0.5	TRUE	FALSE	
6236	3	2	0.666666666666667	TRUE	FALSE	
6237	1	1	1	FALSE	FALSE	
6238	7	2	0.285714285714286	TRUE	TRUE	201204_s_at;201206_s_at
6239	7	5	0.714285714285714	TRUE	FALSE	
624	1	1	1	FALSE	FALSE	
6240	2	1	0.5	TRUE	FALSE	
6241	2	2	1	FALSE	FALSE	
6242	2	2	1	FALSE	FALSE	
6247	2	1	0.5	TRUE	FALSE	
6249	5	3	0.6	TRUE	FALSE	
6251	4	1	0.25	TRUE	FALSE	
6252	2	2	1	FALSE	FALSE	
6253	2	2	1	FALSE	FALSE	
6256	2	2	1	FALSE	FALSE	
6257	3	2	0.666666666666667	TRUE	FALSE	
6258	1	1	1	FALSE	FALSE	
6259	2	1	0.5	TRUE	FALSE	
6261	1	1	1	FALSE	FALSE	
6262	2	2	1	FALSE	FALSE	
6263	1	1	1	FALSE	FALSE	
627	2	2	1	FALSE	FALSE	
6271	1	1	1	FALSE	FALSE	
6272	3	3	1	FALSE	FALSE	
6273	1	1	1	FALSE	FALSE	
6274	1	1	1	FALSE	FALSE	
6275	1	1	1	FALSE	FALSE	
6276	1	1	1	FALSE	FALSE	
6277	2	2	1	FALSE	FALSE	
6278	1	1	1	FALSE	FALSE	
6279	2	1	0.5	TRUE	FALSE	
6280	1	1	1	FALSE	FALSE	
6281	2	2	1	FALSE	FALSE	
6282	1	1	1	FALSE	FALSE	
6283	1	1	1	FALSE	FALSE	
6284	2	1	0.5	TRUE	FALSE	
6285	2	2	1	FALSE	FALSE	
6286	1	1	1	FALSE	FALSE	
629	2	2	1	FALSE	FALSE	
6291	1	1	1	FALSE	FALSE	
6293	1	1	1	FALSE	FALSE	
6294	3	2	0.666666666666667	TRUE	FALSE	
6295	1	1	1	FALSE	FALSE	
6296	2	2	1	FALSE	FALSE	
6297	1	1	1	FALSE	FALSE	
6299	2	1	0.5	TRUE	FALSE	
6300	3	2	0.666666666666667	TRUE	FALSE	
6301	2	1	0.5	TRUE	FALSE	
6302	2	2	1	FALSE	FALSE	
63027	4	3	0.75	TRUE	FALSE	
6303	3	3	1	FALSE	FALSE	
63035	4	2	0.5	TRUE	FALSE	
6304	3	2	0.666666666666667	TRUE	FALSE	
6305	5	4	0.8	TRUE	FALSE	
6307	1	1	1	FALSE	FALSE	
6309	2	2	1	FALSE	FALSE	
631	1	1	1	FALSE	FALSE	
6310	4	3	0.75	TRUE	FALSE	
6311	1	1	1	FALSE	FALSE	
6314	3	2	0.666666666666667	TRUE	FALSE	
6315	1	1	1	FALSE	FALSE	
6317	1	1	1	FALSE	FALSE	
6318	1	1	1	FALSE	FALSE	
6319	3	3	1	FALSE	FALSE	
6320	1	1	1	FALSE	FALSE	
6322	4	1	0.25	TRUE	FALSE	
6323	2	2	1	FALSE	FALSE	
6324	1	1	1	FALSE	FALSE	
6326	2	1	0.5	TRUE	FALSE	
6327	3	2	0.666666666666667	TRUE	FALSE	
6328	2	2	1	FALSE	FALSE	
6329	1	1	1	FALSE	FALSE	
633	1	1	1	FALSE	FALSE	
6330	1	1	1	FALSE	FALSE	
6331	1	1	1	FALSE	FALSE	
6332	2	2	1	FALSE	FALSE	
6334	6	4	0.666666666666667	TRUE	FALSE	
6335	2	2	1	FALSE	FALSE	
6336	1	1	1	FALSE	FALSE	
6337	2	1	0.5	TRUE	FALSE	
6338	1	1	1	FALSE	FALSE	
6339	1	1	1	FALSE	FALSE	
634	3	3	1	FALSE	FALSE	
6340	2	1	0.5	TRUE	FALSE	
6341	1	1	1	FALSE	FALSE	
6342	1	1	1	FALSE	FALSE	
6343	1	1	1	FALSE	FALSE	
6344	3	3	1	FALSE	FALSE	
6345	1	1	1	FALSE	FALSE	
6346	1	1	1	FALSE	FALSE	
6347	1	1	1	FALSE	FALSE	
635	1	1	1	FALSE	FALSE	
6351	1	1	1	FALSE	FALSE	
6352	3	3	1	FALSE	FALSE	
6354	1	1	1	FALSE	FALSE	
6355	1	1	1	FALSE	FALSE	
6356	1	1	1	FALSE	FALSE	
6357	2	2	1	FALSE	FALSE	
636	6	6	1	FALSE	FALSE	
6360	1	1	1	FALSE	FALSE	
6361	1	1	1	FALSE	FALSE	
6362	2	2	1	FALSE	FALSE	
6363	1	1	1	FALSE	FALSE	
6364	1	1	1	FALSE	FALSE	
6366	1	1	1	FALSE	FALSE	
6367	1	1	1	FALSE	FALSE	
6368	2	2	1	FALSE	FALSE	
6369	1	1	1	FALSE	FALSE	
637	3	1	0.333333333333333	TRUE	FALSE	
6370	1	1	1	FALSE	FALSE	
6372	1	1	1	FALSE	FALSE	
6373	2	2	1	FALSE	FALSE	
6374	2	2	1	FALSE	FALSE	
6375	1	1	1	FALSE	FALSE	
6376	2	1	0.5	TRUE	FALSE	
638	1	1	1	FALSE	FALSE	
6382	2	2	1	FALSE	FALSE	
63826	4	3	0.75	TRUE	FALSE	
63827	3	2	0.666666666666667	TRUE	FALSE	
6383	3	3	1	FALSE	FALSE	
6385	1	1	1	FALSE	FALSE	
6386	1	1	1	FALSE	FALSE	
6387	2	2	1	FALSE	FALSE	
63874	2	2	1	FALSE	FALSE	
63875	1	1	1	FALSE	FALSE	
63876	4	4	1	FALSE	FALSE	
63877	4	4	1	FALSE	FALSE	
6388	1	1	1	FALSE	FALSE	
63891	1	1	1	FALSE	FALSE	
63892	7	6	0.857142857142857	TRUE	FALSE	
63893	2	2	1	FALSE	FALSE	
63894	2	1	0.5	TRUE	FALSE	
63895	6	4	0.666666666666667	TRUE	FALSE	
63897	3	3	1	FALSE	FALSE	
63898	1	1	1	FALSE	FALSE	
63899	3	2	0.666666666666667	TRUE	FALSE	
639	3	2	0.666666666666667	TRUE	FALSE	
6390	2	2	1	FALSE	FALSE	
63901	2	2	1	FALSE	FALSE	
63904	1	1	1	FALSE	FALSE	
63905	1	1	1	FALSE	FALSE	
63906	1	1	1	FALSE	FALSE	
63908	2	1	0.5	TRUE	TRUE	225111_s_at
6391	5	4	0.8	TRUE	FALSE	
63910	2	1	0.5	TRUE	FALSE	
63916	4	4	1	FALSE	FALSE	
63917	1	1	1	FALSE	FALSE	
6392	2	1	0.5	TRUE	FALSE	
63920	1	1	1	FALSE	FALSE	
63922	1	1	1	FALSE	FALSE	
63923	1	1	1	FALSE	FALSE	
63924	1	1	1	FALSE	FALSE	
63925	3	1	0.333333333333333	TRUE	FALSE	
63926	2	2	1	FALSE	FALSE	
63928	1	1	1	FALSE	FALSE	
63929	6	3	0.5	TRUE	FALSE	
63931	2	1	0.5	TRUE	FALSE	
63932	2	1	0.5	TRUE	FALSE	
63933	2	1	0.5	TRUE	FALSE	
63934	2	2	1	FALSE	FALSE	
63935	4	3	0.75	TRUE	FALSE	
63939	1	1	1	FALSE	FALSE	
63940	2	2	1	FALSE	FALSE	
63941	1	1	1	FALSE	FALSE	
63943	1	1	1	FALSE	FALSE	
63946	1	1	1	FALSE	FALSE	
63948	1	1	1	FALSE	FALSE	
63950	1	1	1	FALSE	FALSE	
63951	1	1	1	FALSE	FALSE	
6396	1	1	1	FALSE	FALSE	
63967	4	4	1	FALSE	FALSE	
6397	4	4	1	FALSE	FALSE	
63970	4	3	0.75	TRUE	FALSE	
63971	4	1	0.25	TRUE	TRUE	232837_at
63973	1	1	1	FALSE	FALSE	
63974	1	1	1	FALSE	FALSE	
63976	2	1	0.5	TRUE	FALSE	
63977	5	3	0.6	TRUE	FALSE	
63978	1	1	1	FALSE	FALSE	
63979	2	2	1	FALSE	FALSE	
6398	1	1	1	FALSE	FALSE	
63982	1	1	1	FALSE	FALSE	
6399	2	1	0.5	TRUE	FALSE	
640	2	1	0.5	TRUE	FALSE	
6400	4	1	0.25	TRUE	FALSE	
64002	2	2	1	FALSE	FALSE	
64005	2	2	1	FALSE	FALSE	
6401	1	1	1	FALSE	FALSE	
6402	1	1	1	FALSE	FALSE	
6403	1	1	1	FALSE	FALSE	
6404	2	2	1	FALSE	FALSE	
6405	3	3	1	FALSE	FALSE	
6406	1	1	1	FALSE	FALSE	
64061	1	1	1	FALSE	FALSE	
64062	8	6	0.75	TRUE	FALSE	
64063	1	1	1	FALSE	FALSE	
64064	1	1	1	FALSE	FALSE	
64065	4	3	0.75	TRUE	FALSE	
64066	1	1	1	FALSE	FALSE	
64067	8	5	0.625	TRUE	FALSE	
6407	1	1	1	FALSE	FALSE	
64072	4	4	1	FALSE	FALSE	
64073	1	1	1	FALSE	FALSE	
64077	1	1	1	FALSE	FALSE	
64078	2	1	0.5	TRUE	FALSE	
64080	2	2	1	FALSE	FALSE	
64081	2	2	1	FALSE	FALSE	
64083	1	1	1	FALSE	FALSE	
64084	2	2	1	FALSE	FALSE	
64087	3	3	1	FALSE	FALSE	
64089	2	2	1	FALSE	FALSE	
64090	1	1	1	FALSE	FALSE	
64091	1	1	1	FALSE	FALSE	
64092	3	2	0.666666666666667	TRUE	FALSE	
64093	2	2	1	FALSE	FALSE	
64094	2	2	1	FALSE	FALSE	
64096	2	2	1	FALSE	FALSE	
64097	4	1	0.25	TRUE	FALSE	
64098	3	1	0.333333333333333	TRUE	FALSE	
641	1	1	1	FALSE	FALSE	
64100	1	1	1	FALSE	FALSE	
64101	1	1	1	FALSE	FALSE	
64102	1	1	1	FALSE	FALSE	
64105	1	1	1	FALSE	FALSE	
64106	1	1	1	FALSE	FALSE	
64108	1	1	1	FALSE	FALSE	
64109	1	1	1	FALSE	FALSE	
64110	1	1	1	FALSE	FALSE	
64111	1	1	1	FALSE	FALSE	
64112	1	1	1	FALSE	FALSE	
64114	1	1	1	FALSE	FALSE	
64115	2	2	1	FALSE	FALSE	
64116	5	4	0.8	TRUE	FALSE	
64118	1	1	1	FALSE	FALSE	
64121	3	2	0.666666666666667	TRUE	FALSE	
64122	1	1	1	FALSE	FALSE	
64123	1	1	1	FALSE	FALSE	
64127	1	1	1	FALSE	FALSE	
64130	1	1	1	FALSE	FALSE	
64131	1	1	1	FALSE	FALSE	
64132	2	1	0.5	TRUE	FALSE	
641339	1	1	1	FALSE	FALSE	
64135	3	1	0.333333333333333	TRUE	FALSE	
641364	1	1	1	FALSE	FALSE	
641365	1	1	1	FALSE	FALSE	
64137	1	1	1	FALSE	FALSE	
641372	1	1	1	FALSE	FALSE	
641384	1	1	1	FALSE	FALSE	
6414	2	2	1	FALSE	FALSE	
64145	3	3	1	FALSE	FALSE	
641455	1	1	1	FALSE	FALSE	
641467	2	2	1	FALSE	FALSE	
64147	1	1	1	FALSE	FALSE	
64149	1	1	1	FALSE	FALSE	
6415	2	2	1	FALSE	FALSE	
64150	3	1	0.333333333333333	TRUE	FALSE	
64151	2	2	1	FALSE	FALSE	
641515	1	1	1	FALSE	FALSE	
641518	2	2	1	FALSE	FALSE	
6416	2	1	0.5	TRUE	FALSE	
641638	1	1	1	FALSE	FALSE	
641649	1	1	1	FALSE	FALSE	
64167	5	3	0.6	TRUE	FALSE	
64168	1	1	1	FALSE	FALSE	
64170	1	1	1	FALSE	FALSE	
641700	3	3	1	FALSE	FALSE	
64172	2	2	1	FALSE	FALSE	
64174	1	1	1	FALSE	FALSE	
64175	1	1	1	FALSE	FALSE	
6418	3	3	1	FALSE	FALSE	
64180	1	1	1	FALSE	FALSE	
64184	1	1	1	FALSE	FALSE	
6419	2	2	1	FALSE	FALSE	
641977	2	2	1	FALSE	FALSE	
642	1	1	1	FALSE	FALSE	
64207	1	1	1	FALSE	FALSE	
64208	1	1	1	FALSE	FALSE	
6421	3	2	0.666666666666667	TRUE	FALSE	
64210	1	1	1	FALSE	FALSE	
64211	1	1	1	FALSE	FALSE	
64215	3	3	1	FALSE	FALSE	
64216	3	1	0.333333333333333	TRUE	FALSE	
64218	2	2	1	FALSE	FALSE	
64219	1	1	1	FALSE	FALSE	
6422	4	4	1	FALSE	FALSE	
64220	3	2	0.666666666666667	TRUE	FALSE	
64221	1	1	1	FALSE	FALSE	
64222	2	1	0.5	TRUE	FALSE	
64223	1	1	1	FALSE	FALSE	
642236	1	1	1	FALSE	FALSE	
64224	3	1	0.333333333333333	TRUE	FALSE	
64225	3	2	0.666666666666667	TRUE	FALSE	
642273	1	1	1	FALSE	FALSE	
642280	1	1	1	FALSE	FALSE	
6423	2	2	1	FALSE	FALSE	
64231	4	4	1	FALSE	FALSE	
64232	1	1	1	FALSE	FALSE	
642345	1	1	1	FALSE	FALSE	
64236	2	2	1	FALSE	FALSE	
642361	1	1	1	FALSE	FALSE	
642394	1	1	1	FALSE	FALSE	
6424	2	2	1	FALSE	FALSE	
64240	1	1	1	FALSE	FALSE	
64241	1	1	1	FALSE	FALSE	
642426	1	1	1	FALSE	FALSE	
642475	1	1	1	FALSE	FALSE	
6425	1	1	1	FALSE	FALSE	
642517	1	1	1	FALSE	FALSE	
642587	2	2	1	FALSE	FALSE	
642597	1	1	1	FALSE	FALSE	
6426	6	5	0.833333333333333	TRUE	FALSE	
642636	2	1	0.5	TRUE	FALSE	
642696	1	1	1	FALSE	FALSE	
6427	1	1	1	FALSE	FALSE	
642757	1	1	1	FALSE	FALSE	
642776	1	1	1	FALSE	FALSE	
6428	6	4	0.666666666666667	TRUE	FALSE	
642819	1	1	1	FALSE	FALSE	
64282	2	2	1	FALSE	FALSE	
642826	1	1	1	FALSE	FALSE	
64283	6	6	1	FALSE	FALSE	
64284	1	1	1	FALSE	FALSE	
64285	2	1	0.5	TRUE	FALSE	
642852	6	5	0.833333333333333	TRUE	FALSE	
642864	1	1	1	FALSE	FALSE	
64288	1	1	1	FALSE	FALSE	
6429	4	3	0.75	TRUE	FALSE	
642924	2	2	1	FALSE	FALSE	
642938	1	1	1	FALSE	FALSE	
642946	1	1	1	FALSE	FALSE	
642968	1	1	1	FALSE	FALSE	
642976	1	1	1	FALSE	FALSE	
642987	3	2	0.666666666666667	TRUE	FALSE	
643	2	2	1	FALSE	FALSE	
6430	2	1	0.5	TRUE	FALSE	
643008	1	1	1	FALSE	FALSE	
643037	1	1	1	FALSE	FALSE	
643072	1	1	1	FALSE	FALSE	
6431	2	2	1	FALSE	FALSE	
643155	1	1	1	FALSE	FALSE	
643160	1	1	1	FALSE	FALSE	
64318	1	1	1	FALSE	FALSE	
64319	2	2	1	FALSE	FALSE	
6432	3	3	1	FALSE	FALSE	
64320	1	1	1	FALSE	FALSE	
643201	3	1	0.333333333333333	TRUE	FALSE	
64321	2	2	1	FALSE	FALSE	
643224	1	1	1	FALSE	FALSE	
643236	2	2	1	FALSE	FALSE	
64324	4	1	0.25	TRUE	TRUE	243612_at
643246	1	1	1	FALSE	FALSE	
64326	2	2	1	FALSE	FALSE	
64327	6	4	0.666666666666667	TRUE	FALSE	
64328	2	1	0.5	TRUE	FALSE	
6433	4	4	1	FALSE	FALSE	
64332	2	2	1	FALSE	FALSE	
64333	1	1	1	FALSE	FALSE	
643332	1	1	1	FALSE	FALSE	
643338	2	1	0.5	TRUE	FALSE	
643355	1	1	1	FALSE	FALSE	
643365	1	1	1	FALSE	FALSE	
643376	1	1	1	FALSE	FALSE	
6434	4	1	0.25	TRUE	FALSE	
643401	1	1	1	FALSE	FALSE	
64342	4	3	0.75	TRUE	FALSE	
64343	6	6	1	FALSE	FALSE	
64344	7	5	0.714285714285714	TRUE	FALSE	
643529	1	1	1	FALSE	FALSE	
643623	1	1	1	FALSE	FALSE	
643641	2	2	1	FALSE	FALSE	
643677	3	1	0.333333333333333	TRUE	FALSE	
643711	3	2	0.666666666666667	TRUE	FALSE	
643714	1	1	1	FALSE	FALSE	
643733	2	2	1	FALSE	FALSE	
64374	1	1	1	FALSE	FALSE	
643749	4	4	1	FALSE	FALSE	
64375	4	3	0.75	TRUE	FALSE	
64376	2	2	1	FALSE	FALSE	
64377	1	1	1	FALSE	FALSE	
643783	1	1	1	FALSE	FALSE	
643827	1	1	1	FALSE	FALSE	
643836	1	1	1	FALSE	FALSE	
643837	7	7	1	FALSE	FALSE	
64386	2	1	0.5	TRUE	FALSE	
643866	1	1	1	FALSE	FALSE	
64388	3	2	0.666666666666667	TRUE	FALSE	
6439	2	2	1	FALSE	FALSE	
643911	2	2	1	FALSE	FALSE	
64393	5	5	1	FALSE	FALSE	
64395	1	1	1	FALSE	FALSE	
64397	2	2	1	FALSE	FALSE	
643977	2	1	0.5	TRUE	FALSE	
64398	2	2	1	FALSE	FALSE	
643988	1	1	1	FALSE	FALSE	
64399	4	4	1	FALSE	FALSE	
644	3	3	1	FALSE	FALSE	
6440	1	1	1	FALSE	FALSE	
64400	2	2	1	FALSE	FALSE	
64403	2	2	1	FALSE	FALSE	
64405	2	1	0.5	TRUE	FALSE	
64407	1	1	1	FALSE	FALSE	
64409	1	1	1	FALSE	FALSE	
644090	2	2	1	FALSE	FALSE	
644096	2	2	1	FALSE	FALSE	
6441	1	1	1	FALSE	FALSE	
64410	1	1	1	FALSE	FALSE	
64411	2	1	0.5	TRUE	FALSE	
64412	2	2	1	FALSE	FALSE	
644128	1	1	1	FALSE	FALSE	
644135	1	1	1	FALSE	FALSE	
644139	1	1	1	FALSE	FALSE	
644150	4	2	0.5	TRUE	FALSE	
644165	1	1	1	FALSE	FALSE	
64417	3	3	1	FALSE	FALSE	
64418	2	1	0.5	TRUE	FALSE	
644186	1	1	1	FALSE	FALSE	
64419	2	1	0.5	TRUE	FALSE	
644192	1	1	1	FALSE	FALSE	
6442	1	1	1	FALSE	FALSE	
64420	1	1	1	FALSE	FALSE	
64421	4	4	1	FALSE	FALSE	
64422	2	1	0.5	TRUE	FALSE	
64423	3	3	1	FALSE	FALSE	
644242	1	1	1	FALSE	FALSE	
644246	2	2	1	FALSE	FALSE	
64425	3	2	0.666666666666667	TRUE	FALSE	
64426	2	2	1	FALSE	FALSE	
64427	1	1	1	FALSE	FALSE	
64428	1	1	1	FALSE	FALSE	
64429	1	1	1	FALSE	FALSE	
6443	4	4	1	FALSE	FALSE	
64430	3	1	0.333333333333333	TRUE	TRUE	219972_s_at
64431	2	2	1	FALSE	FALSE	
64432	4	2	0.5	TRUE	FALSE	
64433	1	1	1	FALSE	FALSE	
64434	1	1	1	FALSE	FALSE	
644353	1	1	1	FALSE	FALSE	
6444	6	6	1	FALSE	FALSE	
64446	2	2	1	FALSE	FALSE	
6445	1	1	1	FALSE	FALSE	
644538	1	1	1	FALSE	FALSE	
6446	1	1	1	FALSE	FALSE	
644623	1	1	1	FALSE	FALSE	
644656	1	1	1	FALSE	FALSE	
644660	1	1	1	FALSE	FALSE	
6447	1	1	1	FALSE	FALSE	
644714	1	1	1	FALSE	FALSE	
64478	5	4	0.8	TRUE	FALSE	
644794	2	1	0.5	TRUE	FALSE	
6448	2	2	1	FALSE	FALSE	
644809	1	1	1	FALSE	FALSE	
644815	1	1	1	FALSE	FALSE	
644873	3	2	0.666666666666667	TRUE	FALSE	
644890	1	1	1	FALSE	FALSE	
6449	1	1	1	FALSE	FALSE	
644903	1	1	1	FALSE	FALSE	
644943	1	1	1	FALSE	FALSE	
644997	1	1	1	FALSE	FALSE	
645	1	1	1	FALSE	FALSE	
6450	1	1	1	FALSE	FALSE	
645027	1	1	1	FALSE	FALSE	
64506	2	2	1	FALSE	FALSE	
6451	2	2	1	FALSE	FALSE	
645158	1	1	1	FALSE	FALSE	
645166	1	1	1	FALSE	FALSE	
64518	1	1	1	FALSE	FALSE	
645188	1	1	1	FALSE	FALSE	
645191	1	1	1	FALSE	FALSE	
6452	5	4	0.8	TRUE	FALSE	
645212	1	1	1	FALSE	FALSE	
645249	1	1	1	FALSE	FALSE	
645261	1	1	1	FALSE	FALSE	
6453	8	8	1	FALSE	FALSE	
645321	2	1	0.5	TRUE	FALSE	
645323	2	2	1	FALSE	FALSE	
645355	1	1	1	FALSE	FALSE	
645369	2	1	0.5	TRUE	FALSE	
645431	1	1	1	FALSE	FALSE	
645485	1	1	1	FALSE	FALSE	
6455	1	1	1	FALSE	FALSE	
645513	5	3	0.6	TRUE	FALSE	
645591	3	3	1	FALSE	FALSE	
6456	1	1	1	FALSE	FALSE	
645638	1	1	1	FALSE	FALSE	
645644	2	2	1	FALSE	FALSE	
645676	1	1	1	FALSE	FALSE	
645687	1	1	1	FALSE	FALSE	
6457	3	1	0.333333333333333	TRUE	FALSE	
64577	1	1	1	FALSE	FALSE	
645784	3	2	0.666666666666667	TRUE	FALSE	
64579	2	1	0.5	TRUE	FALSE	
6458	2	2	1	FALSE	FALSE	
64581	6	2	0.333333333333333	TRUE	FALSE	
645811	1	1	1	FALSE	FALSE	
64582	2	2	1	FALSE	FALSE	
645832	1	1	1	FALSE	FALSE	
6459	3	3	1	FALSE	FALSE	
64593	2	2	1	FALSE	FALSE	
64595	1	1	1	FALSE	FALSE	
645961	1	1	1	FALSE	FALSE	
645974	1	1	1	FALSE	FALSE	
64598	1	1	1	FALSE	FALSE	
64599	3	2	0.666666666666667	TRUE	FALSE	
646	2	2	1	FALSE	FALSE	
64600	1	1	1	FALSE	FALSE	
64601	2	2	1	FALSE	FALSE	
646019	1	1	1	FALSE	FALSE	
646023	2	2	1	FALSE	FALSE	
646074	1	1	1	FALSE	FALSE	
6461	5	4	0.8	TRUE	FALSE	
646113	2	1	0.5	TRUE	FALSE	
646168	2	1	0.5	TRUE	FALSE	
6462	1	1	1	FALSE	FALSE	
646241	2	1	0.5	TRUE	FALSE	
646268	2	1	0.5	TRUE	FALSE	
646282	1	1	1	FALSE	FALSE	
646324	1	1	1	FALSE	FALSE	
646383	1	1	1	FALSE	FALSE	
6464	2	2	1	FALSE	FALSE	
646405	1	1	1	FALSE	FALSE	
64641	3	3	1	FALSE	FALSE	
64645	1	1	1	FALSE	FALSE	
646450	1	1	1	FALSE	FALSE	
64651	1	1	1	FALSE	FALSE	
646522	1	1	1	FALSE	FALSE	
646576	1	1	1	FALSE	FALSE	
646588	1	1	1	FALSE	FALSE	
646600	4	1	0.25	TRUE	FALSE	
646626	1	1	1	FALSE	FALSE	
646627	2	1	0.5	TRUE	FALSE	
646658	1	1	1	FALSE	FALSE	
646736	1	1	1	FALSE	FALSE	
646762	2	2	1	FALSE	FALSE	
6468	1	1	1	FALSE	FALSE	
64682	2	1	0.5	TRUE	FALSE	
64689	2	1	0.5	TRUE	FALSE	
6469	2	2	1	FALSE	FALSE	
646903	1	1	1	FALSE	FALSE	
64693	1	1	1	FALSE	FALSE	
646962	1	1	1	FALSE	FALSE	
646982	3	1	0.333333333333333	TRUE	FALSE	
64699	3	3	1	FALSE	FALSE	
6470	4	4	1	FALSE	FALSE	
647024	2	2	1	FALSE	FALSE	
647070	2	1	0.5	TRUE	FALSE	
64708	3	2	0.666666666666667	TRUE	FALSE	
647087	3	3	1	FALSE	FALSE	
64710	8	3	0.375	TRUE	FALSE	
647107	2	2	1	FALSE	FALSE	
64711	1	1	1	FALSE	FALSE	
647135	2	2	1	FALSE	FALSE	
64714	2	1	0.5	TRUE	FALSE	
64718	3	3	1	FALSE	FALSE	
647190	1	1	1	FALSE	FALSE	
6472	3	3	1	FALSE	FALSE	
647219	1	1	1	FALSE	FALSE	
647288	1	1	1	FALSE	FALSE	
6473	1	1	1	FALSE	FALSE	
647310	1	1	1	FALSE	FALSE	
647323	1	1	1	FALSE	FALSE	
6474	1	1	1	FALSE	FALSE	
64743	2	1	0.5	TRUE	FALSE	
64744	1	1	1	FALSE	FALSE	
64745	2	1	0.5	TRUE	FALSE	
64746	2	2	1	FALSE	FALSE	
64747	1	1	1	FALSE	FALSE	
647476	1	1	1	FALSE	FALSE	
64748	2	2	1	FALSE	FALSE	
64750	4	1	0.25	TRUE	FALSE	
64753	3	2	0.666666666666667	TRUE	FALSE	
64754	1	1	1	FALSE	FALSE	
64755	2	2	1	FALSE	FALSE	
64756	2	2	1	FALSE	FALSE	
64757	1	1	1	FALSE	FALSE	
647589	2	1	0.5	TRUE	FALSE	
64759	2	1	0.5	TRUE	FALSE	
6476	1	1	1	FALSE	FALSE	
64760	3	3	1	FALSE	FALSE	
64761	1	1	1	FALSE	FALSE	
64762	4	4	1	FALSE	FALSE	
64763	1	1	1	FALSE	FALSE	
64764	3	2	0.666666666666667	TRUE	FALSE	
64766	2	2	1	FALSE	FALSE	
64768	2	1	0.5	TRUE	FALSE	
64769	3	3	1	FALSE	FALSE	
6477	2	1	0.5	TRUE	FALSE	
64770	3	2	0.666666666666667	TRUE	FALSE	
64771	3	3	1	FALSE	FALSE	
64772	2	2	1	FALSE	FALSE	
64773	2	1	0.5	TRUE	FALSE	
64776	3	2	0.666666666666667	TRUE	FALSE	
64777	2	1	0.5	TRUE	FALSE	
64778	6	5	0.833333333333333	TRUE	FALSE	
64779	6	5	0.833333333333333	TRUE	FALSE	
6478	1	1	1	FALSE	FALSE	
64780	1	1	1	FALSE	FALSE	
64781	1	1	1	FALSE	FALSE	
64782	1	1	1	FALSE	FALSE	
64783	6	6	1	FALSE	FALSE	
64784	2	2	1	FALSE	FALSE	
64785	2	2	1	FALSE	FALSE	
64786	2	2	1	FALSE	FALSE	
64787	2	2	1	FALSE	FALSE	
64788	7	5	0.714285714285714	TRUE	FALSE	
64789	2	2	1	FALSE	FALSE	
64792	2	2	1	FALSE	FALSE	
64793	2	2	1	FALSE	FALSE	
64794	3	2	0.666666666666667	TRUE	FALSE	
647946	1	1	1	FALSE	FALSE	
64795	3	2	0.666666666666667	TRUE	FALSE	
647979	1	1	1	FALSE	FALSE	
64798	2	2	1	FALSE	FALSE	
64799	6	2	0.333333333333333	TRUE	FALSE	
648	1	1	1	FALSE	FALSE	
6480	3	2	0.666666666666667	TRUE	FALSE	
64800	6	2	0.333333333333333	TRUE	FALSE	
64801	2	2	1	FALSE	FALSE	
64802	3	3	1	FALSE	FALSE	
64805	2	2	1	FALSE	FALSE	
64806	1	1	1	FALSE	FALSE	
6482	3	3	1	FALSE	FALSE	
6483	4	3	0.75	TRUE	FALSE	
64834	2	2	1	FALSE	FALSE	
64838	1	1	1	FALSE	FALSE	
64839	4	2	0.5	TRUE	FALSE	
6484	2	2	1	FALSE	FALSE	
64840	1	1	1	FALSE	FALSE	
64841	1	1	1	FALSE	FALSE	
64843	1	1	1	FALSE	FALSE	
64844	4	4	1	FALSE	FALSE	
64847	1	1	1	FALSE	FALSE	
64848	4	3	0.75	TRUE	FALSE	
64849	6	5	0.833333333333333	TRUE	FALSE	
64850	1	1	1	FALSE	FALSE	
64852	1	1	1	FALSE	FALSE	
64853	2	2	1	FALSE	FALSE	
64854	4	2	0.5	TRUE	FALSE	
64855	2	2	1	FALSE	FALSE	
64856	4	2	0.5	TRUE	FALSE	
64857	3	1	0.333333333333333	TRUE	FALSE	
64858	2	2	1	FALSE	FALSE	
64859	2	2	1	FALSE	FALSE	
64860	2	1	0.5	TRUE	FALSE	
64863	2	1	0.5	TRUE	FALSE	
64864	2	2	1	FALSE	FALSE	
64866	3	3	1	FALSE	FALSE	
648691	1	1	1	FALSE	FALSE	
6487	7	5	0.714285714285714	TRUE	FALSE	
64881	1	1	1	FALSE	FALSE	
6489	2	1	0.5	TRUE	FALSE	
64895	5	3	0.6	TRUE	FALSE	
64897	1	1	1	FALSE	FALSE	
648987	1	1	1	FALSE	FALSE	
649	3	1	0.333333333333333	TRUE	FALSE	
6490	1	1	1	FALSE	FALSE	
64900	1	1	1	FALSE	FALSE	
64901	2	1	0.5	TRUE	FALSE	
64902	1	1	1	FALSE	FALSE	
6491	1	1	1	FALSE	FALSE	
64919	3	3	1	FALSE	FALSE	
6492	3	2	0.666666666666667	TRUE	FALSE	
64921	3	2	0.666666666666667	TRUE	FALSE	
64922	1	1	1	FALSE	FALSE	
64924	3	1	0.333333333333333	TRUE	FALSE	
64925	1	1	1	FALSE	FALSE	
64926	1	1	1	FALSE	FALSE	
64927	4	3	0.75	TRUE	FALSE	
64928	1	1	1	FALSE	FALSE	
6493	3	2	0.666666666666667	TRUE	FALSE	
6494	1	1	1	FALSE	FALSE	
64940	2	2	1	FALSE	FALSE	
64943	3	2	0.666666666666667	TRUE	FALSE	
649446	1	1	1	FALSE	FALSE	
64949	2	1	0.5	TRUE	FALSE	
6495	3	2	0.666666666666667	TRUE	FALSE	
6496	3	2	0.666666666666667	TRUE	FALSE	
64960	4	4	1	FALSE	FALSE	
64963	2	1	0.5	TRUE	FALSE	
64965	1	1	1	FALSE	FALSE	
64968	1	1	1	FALSE	FALSE	
64969	4	4	1	FALSE	FALSE	
6497	2	2	1	FALSE	FALSE	
64975	2	2	1	FALSE	FALSE	
64976	1	1	1	FALSE	FALSE	
64978	2	1	0.5	TRUE	FALSE	
64979	1	1	1	FALSE	FALSE	
6498	5	4	0.8	TRUE	FALSE	
64981	1	1	1	FALSE	FALSE	
64983	1	1	1	FALSE	FALSE	
6499	1	1	1	FALSE	FALSE	
650	2	2	1	FALSE	FALSE	
6500	4	2	0.5	TRUE	FALSE	
65003	1	1	1	FALSE	FALSE	
65005	2	2	1	FALSE	FALSE	
65008	1	1	1	FALSE	FALSE	
65009	1	1	1	FALSE	FALSE	
65010	2	2	1	FALSE	FALSE	
65012	1	1	1	FALSE	FALSE	
65018	2	2	1	FALSE	FALSE	
6502	2	1	0.5	TRUE	FALSE	
6503	2	2	1	FALSE	FALSE	
6504	3	1	0.333333333333333	TRUE	FALSE	
6505	2	2	1	FALSE	FALSE	
65055	2	2	1	FALSE	FALSE	
65056	2	2	1	FALSE	FALSE	
65057	1	1	1	FALSE	FALSE	
65059	4	4	1	FALSE	FALSE	
6506	5	3	0.6	TRUE	FALSE	
65061	3	2	0.666666666666667	TRUE	FALSE	
65062	2	1	0.5	TRUE	FALSE	
65065	2	1	0.5	TRUE	FALSE	
650655	1	1	1	FALSE	FALSE	
650669	2	2	1	FALSE	FALSE	
6507	2	2	1	FALSE	FALSE	
65072	1	1	1	FALSE	FALSE	
65078	1	1	1	FALSE	FALSE	
650794	2	1	0.5	TRUE	FALSE	
6508	1	1	1	FALSE	FALSE	
65080	1	1	1	FALSE	FALSE	
65082	2	2	1	FALSE	FALSE	
65083	4	1	0.25	TRUE	FALSE	
65084	2	2	1	FALSE	FALSE	
6509	4	3	0.75	TRUE	FALSE	
65094	3	1	0.333333333333333	TRUE	TRUE	218560_s_at
65095	2	2	1	FALSE	FALSE	
651	1	1	1	FALSE	FALSE	
6510	1	1	1	FALSE	FALSE	
65108	1	1	1	FALSE	FALSE	
65109	2	2	1	FALSE	FALSE	
6511	3	2	0.666666666666667	TRUE	FALSE	
65110	4	4	1	FALSE	FALSE	
65117	2	1	0.5	TRUE	FALSE	
6512	3	2	0.666666666666667	TRUE	FALSE	
65123	2	2	1	FALSE	FALSE	
65124	2	2	1	FALSE	FALSE	
65125	7	4	0.571428571428571	TRUE	TRUE	39313_at
6513	2	2	1	FALSE	FALSE	
6514	2	1	0.5	TRUE	FALSE	
651430	1	1	1	FALSE	FALSE	
6515	2	2	1	FALSE	FALSE	
6517	1	1	1	FALSE	FALSE	
651746	1	1	1	FALSE	FALSE	
6518	4	3	0.75	TRUE	FALSE	
6519	3	2	0.666666666666667	TRUE	FALSE	
652	1	1	1	FALSE	FALSE	
6520	1	1	1	FALSE	FALSE	
6521	2	2	1	FALSE	FALSE	
65217	2	1	0.5	TRUE	FALSE	
6522	1	1	1	FALSE	FALSE	
65220	4	4	1	FALSE	FALSE	
652276	1	1	1	FALSE	FALSE	
6523	2	2	1	FALSE	FALSE	
6524	1	1	1	FALSE	FALSE	
65243	1	1	1	FALSE	FALSE	
65244	4	1	0.25	TRUE	TRUE	218324_s_at;222593_s_at
65249	1	1	1	FALSE	FALSE	
6525	3	2	0.666666666666667	TRUE	FALSE	
65250	2	1	0.5	TRUE	FALSE	
65251	1	1	1	FALSE	FALSE	
6526	4	1	0.25	TRUE	FALSE	
65260	2	1	0.5	TRUE	FALSE	
65263	1	1	1	FALSE	FALSE	
65264	3	3	1	FALSE	FALSE	
65265	2	2	1	FALSE	FALSE	
65266	2	2	1	FALSE	FALSE	
65267	3	2	0.666666666666667	TRUE	FALSE	
65268	6	4	0.666666666666667	TRUE	FALSE	
6527	1	1	1	FALSE	FALSE	
6528	1	1	1	FALSE	FALSE	
6529	1	1	1	FALSE	FALSE	
652968	2	2	1	FALSE	FALSE	
652972	2	1	0.5	TRUE	FALSE	
652995	1	1	1	FALSE	FALSE	
653	2	2	1	FALSE	FALSE	
6530	8	3	0.375	TRUE	FALSE	
6531	1	1	1	FALSE	FALSE	
653121	1	1	1	FALSE	FALSE	
653140	1	1	1	FALSE	FALSE	
653145	1	1	1	FALSE	FALSE	
653149	1	1	1	FALSE	FALSE	
653190	1	1	1	FALSE	FALSE	
6532	2	2	1	FALSE	FALSE	
653238	1	1	1	FALSE	FALSE	
653240	1	1	1	FALSE	FALSE	
653275	1	1	1	FALSE	FALSE	
6533	4	2	0.5	TRUE	FALSE	
653308	2	1	0.5	TRUE	FALSE	
653319	1	1	1	FALSE	FALSE	
653390	1	1	1	FALSE	FALSE	
6534	1	1	1	FALSE	FALSE	
653423	1	1	1	FALSE	FALSE	
653479	1	1	1	FALSE	FALSE	
653483	1	1	1	FALSE	FALSE	
6535	1	1	1	FALSE	FALSE	
653505	1	1	1	FALSE	FALSE	
653583	3	1	0.333333333333333	TRUE	FALSE	
6536	1	1	1	FALSE	FALSE	
653677	1	1	1	FALSE	FALSE	
6538	3	2	0.666666666666667	TRUE	FALSE	
653808	1	1	1	FALSE	FALSE	
653857	2	1	0.5	TRUE	FALSE	
6539	1	1	1	FALSE	FALSE	
654	3	3	1	FALSE	FALSE	
6540	1	1	1	FALSE	FALSE	
6541	5	4	0.8	TRUE	FALSE	
6542	3	2	0.666666666666667	TRUE	FALSE	
654254	1	1	1	FALSE	FALSE	
6543	1	1	1	FALSE	FALSE	
654342	2	2	1	FALSE	FALSE	
654429	1	1	1	FALSE	FALSE	
654433	3	2	0.666666666666667	TRUE	FALSE	
654434	1	1	1	FALSE	FALSE	
654466	1	1	1	FALSE	FALSE	
6545	2	1	0.5	TRUE	FALSE	
6546	10	3	0.3	TRUE	FALSE	
6547	2	2	1	FALSE	FALSE	
654780	1	1	1	FALSE	FALSE	
654790	1	1	1	FALSE	FALSE	
6548	2	1	0.5	TRUE	FALSE	
654841	1	1	1	FALSE	FALSE	
6549	2	1	0.5	TRUE	FALSE	
655	4	3	0.75	TRUE	FALSE	
6550	1	1	1	FALSE	FALSE	
6553	3	3	1	FALSE	FALSE	
6554	1	1	1	FALSE	FALSE	
6555	1	1	1	FALSE	FALSE	
6556	4	3	0.75	TRUE	FALSE	
6557	2	2	1	FALSE	FALSE	
6558	2	2	1	FALSE	FALSE	
6559	3	2	0.666666666666667	TRUE	FALSE	
656	2	2	1	FALSE	FALSE	
6560	5	4	0.8	TRUE	FALSE	
6561	2	2	1	FALSE	FALSE	
6563	2	2	1	FALSE	FALSE	
6564	2	2	1	FALSE	FALSE	
6565	3	3	1	FALSE	FALSE	
6566	5	4	0.8	TRUE	FALSE	
6567	1	1	1	FALSE	FALSE	
6568	2	2	1	FALSE	FALSE	
6569	2	1	0.5	TRUE	FALSE	
657	4	4	1	FALSE	FALSE	
6570	1	1	1	FALSE	FALSE	
6571	2	1	0.5	TRUE	FALSE	
6572	1	1	1	FALSE	FALSE	
6573	6	4	0.666666666666667	TRUE	FALSE	
6574	2	2	1	FALSE	FALSE	
6575	1	1	1	FALSE	FALSE	
6576	1	1	1	FALSE	FALSE	
6578	1	1	1	FALSE	FALSE	
6579	3	3	1	FALSE	FALSE	
658	3	3	1	FALSE	FALSE	
6580	1	1	1	FALSE	FALSE	
6581	1	1	1	FALSE	FALSE	
6582	1	1	1	FALSE	FALSE	
6583	1	1	1	FALSE	FALSE	
6584	2	2	1	FALSE	FALSE	
6585	2	1	0.5	TRUE	FALSE	
6586	3	2	0.666666666666667	TRUE	FALSE	
6588	1	1	1	FALSE	FALSE	
659	5	5	1	FALSE	FALSE	
6590	1	1	1	FALSE	FALSE	
6591	1	1	1	FALSE	FALSE	
6594	4	4	1	FALSE	FALSE	
6595	5	5	1	FALSE	FALSE	
6596	1	1	1	FALSE	FALSE	
6597	6	5	0.833333333333333	TRUE	FALSE	
65975	2	1	0.5	TRUE	FALSE	
65977	3	3	1	FALSE	FALSE	
65979	2	2	1	FALSE	FALSE	
6598	2	1	0.5	TRUE	FALSE	
65980	1	1	1	FALSE	FALSE	
65981	2	2	1	FALSE	FALSE	
65982	3	2	0.666666666666667	TRUE	FALSE	
65983	2	2	1	FALSE	FALSE	
65985	1	1	1	FALSE	FALSE	
65986	6	3	0.5	TRUE	FALSE	
65988	2	2	1	FALSE	FALSE	
65989	1	1	1	FALSE	FALSE	
6599	4	4	1	FALSE	FALSE	
65991	1	1	1	FALSE	FALSE	
65992	1	1	1	FALSE	FALSE	
65993	1	1	1	FALSE	FALSE	
65996	3	3	1	FALSE	FALSE	
65997	2	1	0.5	TRUE	FALSE	
65998	2	1	0.5	TRUE	FALSE	
65999	1	1	1	FALSE	FALSE	
660	1	1	1	FALSE	FALSE	
66000	4	2	0.5	TRUE	FALSE	
66002	1	1	1	FALSE	FALSE	
66004	2	1	0.5	TRUE	FALSE	
66005	1	1	1	FALSE	FALSE	
66008	2	2	1	FALSE	FALSE	
6601	3	1	0.333333333333333	TRUE	FALSE	
6602	2	1	0.5	TRUE	FALSE	
6603	1	1	1	FALSE	FALSE	
66035	3	3	1	FALSE	FALSE	
66036	3	2	0.666666666666667	TRUE	FALSE	
66037	1	1	1	FALSE	FALSE	
6604	2	2	1	FALSE	FALSE	
6605	4	4	1	FALSE	FALSE	
6608	1	1	1	FALSE	FALSE	
6609	2	2	1	FALSE	FALSE	
661	1	1	1	FALSE	FALSE	
6610	1	1	1	FALSE	FALSE	
6611	1	1	1	FALSE	FALSE	
6612	2	1	0.5	TRUE	FALSE	
6613	1	1	1	FALSE	FALSE	
6614	2	2	1	FALSE	FALSE	
6615	1	1	1	FALSE	FALSE	
6616	3	3	1	FALSE	FALSE	
6617	1	1	1	FALSE	FALSE	
6618	1	1	1	FALSE	FALSE	
6619	4	4	1	FALSE	FALSE	
662	3	3	1	FALSE	FALSE	
6620	1	1	1	FALSE	FALSE	
6621	1	1	1	FALSE	FALSE	
6622	4	2	0.5	TRUE	FALSE	
6623	2	2	1	FALSE	FALSE	
6624	2	2	1	FALSE	FALSE	
6625	2	1	0.5	TRUE	TRUE	201221_s_at
6626	1	1	1	FALSE	FALSE	
6627	3	3	1	FALSE	FALSE	
6628	2	2	1	FALSE	FALSE	
6629	2	2	1	FALSE	FALSE	
663	2	2	1	FALSE	FALSE	
6631	1	1	1	FALSE	FALSE	
6632	2	2	1	FALSE	FALSE	
6633	1	1	1	FALSE	FALSE	
6634	1	1	1	FALSE	FALSE	
6635	3	2	0.666666666666667	TRUE	FALSE	
6636	1	1	1	FALSE	FALSE	
6637	1	1	1	FALSE	FALSE	
6638	4	1	0.25	TRUE	FALSE	
664	2	2	1	FALSE	FALSE	
6640	1	1	1	FALSE	FALSE	
6641	4	4	1	FALSE	FALSE	
6642	4	1	0.25	TRUE	TRUE	213364_s_at
6643	3	3	1	FALSE	FALSE	
6645	6	6	1	FALSE	FALSE	
6646	3	3	1	FALSE	FALSE	
6647	1	1	1	FALSE	FALSE	
664701	1	1	1	FALSE	FALSE	
6648	1	1	1	FALSE	FALSE	
665	2	2	1	FALSE	FALSE	
6650	2	1	0.5	TRUE	FALSE	
6651	4	1	0.25	TRUE	FALSE	
6652	3	3	1	FALSE	FALSE	
6653	3	3	1	FALSE	FALSE	
6654	5	4	0.8	TRUE	FALSE	
6655	5	4	0.8	TRUE	FALSE	
6656	3	3	1	FALSE	FALSE	
6657	4	3	0.75	TRUE	FALSE	
6658	2	1	0.5	TRUE	FALSE	
6659	6	5	0.833333333333333	TRUE	FALSE	
666	1	1	1	FALSE	FALSE	
6660	4	4	1	FALSE	FALSE	
6662	2	2	1	FALSE	FALSE	
6663	2	1	0.5	TRUE	FALSE	
6664	3	3	1	FALSE	FALSE	
6665	1	1	1	FALSE	FALSE	
6666	2	2	1	FALSE	FALSE	
6667	4	1	0.25	TRUE	FALSE	
6668	3	1	0.333333333333333	TRUE	FALSE	
667	7	5	0.714285714285714	TRUE	FALSE	
6670	5	2	0.4	TRUE	FALSE	
6671	2	1	0.5	TRUE	FALSE	
6672	6	4	0.666666666666667	TRUE	FALSE	
6674	1	1	1	FALSE	FALSE	
6675	1	1	1	FALSE	FALSE	
6676	1	1	1	FALSE	FALSE	
6677	3	1	0.333333333333333	TRUE	FALSE	
6678	2	2	1	FALSE	FALSE	
668	1	1	1	FALSE	FALSE	
6683	2	2	1	FALSE	FALSE	
6687	6	4	0.666666666666667	TRUE	FALSE	
6688	1	1	1	FALSE	FALSE	
6689	2	2	1	FALSE	FALSE	
669	1	1	1	FALSE	FALSE	
6690	1	1	1	FALSE	FALSE	
6691	1	1	1	FALSE	FALSE	
6692	2	2	1	FALSE	FALSE	
6693	1	1	1	FALSE	FALSE	
6694	1	1	1	FALSE	FALSE	
6695	1	1	1	FALSE	FALSE	
6696	1	1	1	FALSE	FALSE	
6697	1	1	1	FALSE	FALSE	
6698	1	1	1	FALSE	FALSE	
6699	1	1	1	FALSE	FALSE	
670	1	1	1	FALSE	FALSE	
6702	1	1	1	FALSE	FALSE	
6706	1	1	1	FALSE	FALSE	
6707	1	1	1	FALSE	FALSE	
6708	1	1	1	FALSE	FALSE	
6709	5	2	0.4	TRUE	FALSE	
671	1	1	1	FALSE	FALSE	
6710	2	1	0.5	TRUE	FALSE	
6711	10	10	1	FALSE	FALSE	
6712	2	1	0.5	TRUE	FALSE	
6713	4	4	1	FALSE	FALSE	
6714	5	2	0.4	TRUE	FALSE	
6715	3	3	1	FALSE	FALSE	
6716	2	2	1	FALSE	FALSE	
6717	2	2	1	FALSE	FALSE	
6718	1	1	1	FALSE	FALSE	
672	1	1	1	FALSE	FALSE	
6720	2	1	0.5	TRUE	FALSE	
6721	2	2	1	FALSE	FALSE	
6722	2	1	0.5	TRUE	FALSE	
6723	1	1	1	FALSE	FALSE	
6725	1	1	1	FALSE	FALSE	
6726	1	1	1	FALSE	FALSE	
6727	1	1	1	FALSE	FALSE	
6728	1	1	1	FALSE	FALSE	
6729	1	1	1	FALSE	FALSE	
673	3	3	1	FALSE	FALSE	
6730	1	1	1	FALSE	FALSE	
6731	5	4	0.8	TRUE	FALSE	
6732	2	1	0.5	TRUE	FALSE	
6733	4	3	0.75	TRUE	FALSE	
6734	2	1	0.5	TRUE	FALSE	
6736	1	1	1	FALSE	FALSE	
6737	1	1	1	FALSE	FALSE	
6738	4	2	0.5	TRUE	FALSE	
6741	2	2	1	FALSE	FALSE	
6742	3	3	1	FALSE	FALSE	
6744	3	2	0.666666666666667	TRUE	FALSE	
6745	5	4	0.8	TRUE	FALSE	
6746	1	1	1	FALSE	FALSE	
6747	4	2	0.5	TRUE	FALSE	
6748	1	1	1	FALSE	FALSE	
6749	2	2	1	FALSE	FALSE	
675	2	2	1	FALSE	FALSE	
6750	1	1	1	FALSE	FALSE	
6751	2	1	0.5	TRUE	FALSE	
6752	4	4	1	FALSE	FALSE	
6753	2	1	0.5	TRUE	FALSE	
6754	1	1	1	FALSE	FALSE	
6755	1	1	1	FALSE	FALSE	
6756	1	1	1	FALSE	FALSE	
676	1	1	1	FALSE	FALSE	
6760	3	1	0.333333333333333	TRUE	FALSE	
6764	1	1	1	FALSE	FALSE	
6767	3	3	1	FALSE	FALSE	
6768	3	2	0.666666666666667	TRUE	FALSE	
6769	1	1	1	FALSE	FALSE	
677	4	3	0.75	TRUE	FALSE	
6770	1	1	1	FALSE	FALSE	
6772	2	2	1	FALSE	FALSE	
6773	3	2	0.666666666666667	TRUE	FALSE	
6774	4	2	0.5	TRUE	FALSE	
6775	1	1	1	FALSE	FALSE	
6776	1	1	1	FALSE	FALSE	
6777	4	3	0.75	TRUE	FALSE	
677766	1	1	1	FALSE	FALSE	
677779	1	1	1	FALSE	FALSE	
6778	2	1	0.5	TRUE	FALSE	
677819	1	1	1	FALSE	FALSE	
677824	1	1	1	FALSE	FALSE	
677844	1	1	1	FALSE	FALSE	
6779	1	1	1	FALSE	FALSE	
678	4	2	0.5	TRUE	FALSE	
6780	2	2	1	FALSE	FALSE	
6781	2	2	1	FALSE	FALSE	
6782	2	2	1	FALSE	FALSE	
6783	2	1	0.5	TRUE	FALSE	
6785	1	1	1	FALSE	FALSE	
6786	2	1	0.5	TRUE	FALSE	
6787	3	1	0.333333333333333	TRUE	FALSE	
6788	3	1	0.333333333333333	TRUE	FALSE	
6789	7	3	0.428571428571429	TRUE	FALSE	
6790	3	1	0.333333333333333	TRUE	TRUE	204092_s_at;208079_s_at
6792	3	2	0.666666666666667	TRUE	FALSE	
6793	3	1	0.333333333333333	TRUE	FALSE	
6794	2	1	0.5	TRUE	FALSE	
6795	1	1	1	FALSE	FALSE	
680	1	1	1	FALSE	FALSE	
6801	8	6	0.75	TRUE	FALSE	
6804	1	1	1	FALSE	FALSE	
6809	3	2	0.666666666666667	TRUE	FALSE	
6810	2	1	0.5	TRUE	FALSE	
6811	1	1	1	FALSE	FALSE	
6812	1	1	1	FALSE	FALSE	
6813	2	2	1	FALSE	FALSE	
6814	2	2	1	FALSE	FALSE	
6815	4	4	1	FALSE	FALSE	
6817	1	1	1	FALSE	FALSE	
6819	4	4	1	FALSE	FALSE	
682	1	1	1	FALSE	FALSE	
6820	1	1	1	FALSE	FALSE	
6821	2	2	1	FALSE	FALSE	
6822	2	2	1	FALSE	FALSE	
6827	2	1	0.5	TRUE	FALSE	
6829	1	1	1	FALSE	FALSE	
683	1	1	1	FALSE	FALSE	
6830	2	1	0.5	TRUE	FALSE	
6832	1	1	1	FALSE	FALSE	
6833	2	2	1	FALSE	FALSE	
6834	2	1	0.5	TRUE	FALSE	
6835	1	1	1	FALSE	FALSE	
6836	3	1	0.333333333333333	TRUE	FALSE	
6837	1	1	1	FALSE	FALSE	
6838	1	1	1	FALSE	FALSE	
6839	1	1	1	FALSE	FALSE	
684	1	1	1	FALSE	FALSE	
6840	4	2	0.5	TRUE	FALSE	
6843	3	2	0.666666666666667	TRUE	FALSE	
6844	2	1	0.5	TRUE	FALSE	
6845	1	1	1	FALSE	FALSE	
6847	1	1	1	FALSE	FALSE	
685	2	1	0.5	TRUE	FALSE	
6850	4	3	0.75	TRUE	FALSE	
6853	2	1	0.5	TRUE	FALSE	
6854	5	4	0.8	TRUE	FALSE	
6855	1	1	1	FALSE	FALSE	
6856	2	1	0.5	TRUE	FALSE	
6857	2	2	1	FALSE	FALSE	
686	4	4	1	FALSE	FALSE	
6860	1	1	1	FALSE	FALSE	
6861	1	1	1	FALSE	FALSE	
6862	1	1	1	FALSE	FALSE	
6863	1	1	1	FALSE	FALSE	
6865	1	1	1	FALSE	FALSE	
6866	1	1	1	FALSE	FALSE	
6867	6	5	0.833333333333333	TRUE	FALSE	
6868	3	2	0.666666666666667	TRUE	FALSE	
6869	4	2	0.5	TRUE	FALSE	
687	5	5	1	FALSE	FALSE	
6870	1	1	1	FALSE	FALSE	
6871	3	3	1	FALSE	FALSE	
6872	4	2	0.5	TRUE	FALSE	
6873	2	2	1	FALSE	FALSE	
6874	1	1	1	FALSE	FALSE	
6875	2	2	1	FALSE	FALSE	
6876	3	3	1	FALSE	FALSE	
6877	2	2	1	FALSE	FALSE	
6878	1	1	1	FALSE	FALSE	
6879	1	1	1	FALSE	FALSE	
688	2	2	1	FALSE	FALSE	
6881	3	2	0.666666666666667	TRUE	FALSE	
6882	3	3	1	FALSE	FALSE	
6883	1	1	1	FALSE	FALSE	
6884	2	2	1	FALSE	FALSE	
6885	2	2	1	FALSE	FALSE	
6886	4	4	1	FALSE	FALSE	
6887	2	1	0.5	TRUE	FALSE	
6888	1	1	1	FALSE	FALSE	
689	1	1	1	FALSE	FALSE	
6890	1	1	1	FALSE	FALSE	
6891	4	3	0.75	TRUE	FALSE	
6892	3	3	1	FALSE	FALSE	
6894	1	1	1	FALSE	FALSE	
6895	1	1	1	FALSE	FALSE	
6897	2	1	0.5	TRUE	FALSE	
6898	2	2	1	FALSE	FALSE	
6899	4	2	0.5	TRUE	FALSE	
690	1	1	1	FALSE	FALSE	
6900	2	1	0.5	TRUE	FALSE	
6901	2	2	1	FALSE	FALSE	
6902	1	1	1	FALSE	FALSE	
6903	1	1	1	FALSE	FALSE	
6904	6	4	0.666666666666667	TRUE	FALSE	
6905	2	2	1	FALSE	FALSE	
6906	1	1	1	FALSE	FALSE	
6907	6	2	0.333333333333333	TRUE	FALSE	
6908	1	1	1	FALSE	FALSE	
6909	4	2	0.5	TRUE	FALSE	
6910	4	3	0.75	TRUE	FALSE	
6911	2	1	0.5	TRUE	FALSE	
6913	1	1	1	FALSE	FALSE	
6915	2	1	0.5	TRUE	FALSE	
6916	2	1	0.5	TRUE	FALSE	
6917	3	1	0.333333333333333	TRUE	FALSE	
6919	2	1	0.5	TRUE	FALSE	
6920	2	1	0.5	TRUE	FALSE	
6921	2	2	1	FALSE	FALSE	
692159	1	1	1	FALSE	FALSE	
692205	1	1	1	FALSE	FALSE	
692247	3	3	1	FALSE	FALSE	
6923	1	1	1	FALSE	FALSE	
6924	5	5	1	FALSE	FALSE	
6925	8	8	1	FALSE	FALSE	
6926	6	5	0.833333333333333	TRUE	FALSE	
6927	2	1	0.5	TRUE	FALSE	
6928	2	1	0.5	TRUE	FALSE	
6929	6	4	0.666666666666667	TRUE	TRUE	209153_s_at
693207	1	1	1	FALSE	FALSE	
6934	5	4	0.8	TRUE	FALSE	
6935	4	4	1	FALSE	FALSE	
6936	2	2	1	FALSE	FALSE	
6938	3	2	0.666666666666667	TRUE	FALSE	
6939	1	1	1	FALSE	FALSE	
694	3	3	1	FALSE	FALSE	
6940	1	1	1	FALSE	FALSE	
6941	1	1	1	FALSE	FALSE	
6942	2	1	0.5	TRUE	FALSE	
6943	2	2	1	FALSE	FALSE	
6944	1	1	1	FALSE	FALSE	
6945	4	4	1	FALSE	FALSE	
6947	1	1	1	FALSE	FALSE	
6948	1	1	1	FALSE	FALSE	
6949	3	2	0.666666666666667	TRUE	FALSE	
695	1	1	1	FALSE	FALSE	
6950	3	3	1	FALSE	FALSE	
6953	1	1	1	FALSE	FALSE	
6954	1	1	1	FALSE	FALSE	
696	1	1	1	FALSE	FALSE	
6975	1	1	1	FALSE	FALSE	
6978	1	1	1	FALSE	FALSE	
6988	1	1	1	FALSE	FALSE	
699	5	2	0.4	TRUE	FALSE	
6990	1	1	1	FALSE	FALSE	
6991	4	3	0.75	TRUE	FALSE	
6992	4	2	0.5	TRUE	FALSE	
6993	1	1	1	FALSE	FALSE	
6996	2	2	1	FALSE	FALSE	
6999	2	2	1	FALSE	FALSE	
70	1	1	1	FALSE	FALSE	
7001	3	2	0.666666666666667	TRUE	FALSE	
7003	3	3	1	FALSE	FALSE	
7004	2	2	1	FALSE	FALSE	
7005	1	1	1	FALSE	FALSE	
7006	1	1	1	FALSE	FALSE	
7007	1	1	1	FALSE	FALSE	
7008	4	4	1	FALSE	FALSE	
7009	2	2	1	FALSE	FALSE	
701	1	1	1	FALSE	FALSE	
7010	2	1	0.5	TRUE	FALSE	
7011	2	1	0.5	TRUE	FALSE	
7013	2	2	1	FALSE	FALSE	
7014	4	4	1	FALSE	FALSE	
7015	2	2	1	FALSE	FALSE	
7016	1	1	1	FALSE	FALSE	
7018	4	4	1	FALSE	FALSE	
7019	2	2	1	FALSE	FALSE	
7020	3	3	1	FALSE	FALSE	
7021	2	2	1	FALSE	FALSE	
7022	2	2	1	FALSE	FALSE	
7023	1	1	1	FALSE	FALSE	
7024	3	3	1	FALSE	FALSE	
7025	2	1	0.5	TRUE	FALSE	
7026	4	4	1	FALSE	FALSE	
7027	3	1	0.333333333333333	TRUE	FALSE	
7029	4	4	1	FALSE	FALSE	
7030	4	3	0.75	TRUE	FALSE	
7031	1	1	1	FALSE	FALSE	
7032	1	1	1	FALSE	FALSE	
7033	1	1	1	FALSE	FALSE	
7035	5	5	1	FALSE	FALSE	
7036	3	3	1	FALSE	FALSE	
7037	4	3	0.75	TRUE	FALSE	
7038	1	1	1	FALSE	FALSE	
7039	3	2	0.666666666666667	TRUE	FALSE	
7040	2	2	1	FALSE	FALSE	
7041	1	1	1	FALSE	FALSE	
7042	4	2	0.5	TRUE	FALSE	
7043	2	1	0.5	TRUE	FALSE	
7044	1	1	1	FALSE	FALSE	
7045	1	1	1	FALSE	FALSE	
7046	3	2	0.666666666666667	TRUE	FALSE	
7047	3	2	0.666666666666667	TRUE	FALSE	
7048	2	1	0.5	TRUE	FALSE	
7049	2	2	1	FALSE	FALSE	
705	1	1	1	FALSE	FALSE	
7050	2	1	0.5	TRUE	TRUE	203313_s_at
7051	1	1	1	FALSE	FALSE	
7052	2	2	1	FALSE	FALSE	
7053	1	1	1	FALSE	FALSE	
7054	1	1	1	FALSE	FALSE	
7056	3	3	1	FALSE	FALSE	
7057	5	1	0.2	TRUE	FALSE	
7058	1	1	1	FALSE	FALSE	
7059	1	1	1	FALSE	FALSE	
706	1	1	1	FALSE	FALSE	
7060	1	1	1	FALSE	FALSE	
7062	1	1	1	FALSE	FALSE	
7064	1	1	1	FALSE	FALSE	
7066	3	3	1	FALSE	FALSE	
7067	4	3	0.75	TRUE	FALSE	
7068	3	3	1	FALSE	FALSE	
7069	3	3	1	FALSE	FALSE	
7070	2	2	1	FALSE	FALSE	
7071	1	1	1	FALSE	FALSE	
7072	7	6	0.857142857142857	TRUE	FALSE	
7073	4	3	0.75	TRUE	FALSE	
7074	2	2	1	FALSE	FALSE	
7075	2	1	0.5	TRUE	FALSE	
7076	1	1	1	FALSE	FALSE	
7077	3	3	1	FALSE	FALSE	
7078	4	4	1	FALSE	FALSE	
7079	1	1	1	FALSE	FALSE	
708	2	2	1	FALSE	FALSE	
7080	1	1	1	FALSE	FALSE	
7082	2	2	1	FALSE	FALSE	
7083	2	2	1	FALSE	FALSE	
7084	4	4	1	FALSE	FALSE	
7086	2	2	1	FALSE	FALSE	
7087	1	1	1	FALSE	FALSE	
7088	5	5	1	FALSE	FALSE	
7089	2	2	1	FALSE	FALSE	
7090	4	4	1	FALSE	FALSE	
7091	4	4	1	FALSE	FALSE	
7092	2	1	0.5	TRUE	FALSE	
7093	3	1	0.333333333333333	TRUE	FALSE	
7094	3	2	0.666666666666667	TRUE	FALSE	
7095	5	5	1	FALSE	FALSE	
7096	1	1	1	FALSE	FALSE	
7097	1	1	1	FALSE	FALSE	
7098	3	3	1	FALSE	FALSE	
7099	3	3	1	FALSE	FALSE	
710	1	1	1	FALSE	FALSE	
7100	1	1	1	FALSE	FALSE	
7101	1	1	1	FALSE	FALSE	
7102	1	1	1	FALSE	FALSE	
7103	1	1	1	FALSE	FALSE	
7104	1	1	1	FALSE	FALSE	
7105	2	2	1	FALSE	FALSE	
7106	1	1	1	FALSE	FALSE	
7107	1	1	1	FALSE	FALSE	
7108	1	1	1	FALSE	FALSE	
7109	2	2	1	FALSE	FALSE	
711	1	1	1	FALSE	FALSE	
7110	6	6	1	FALSE	FALSE	
7111	2	2	1	FALSE	FALSE	
7112	5	4	0.8	TRUE	FALSE	
7113	4	3	0.75	TRUE	FALSE	
7114	1	1	1	FALSE	FALSE	
712	1	1	1	FALSE	FALSE	
7122	1	1	1	FALSE	FALSE	
7124	2	1	0.5	TRUE	FALSE	
7125	1	1	1	FALSE	FALSE	
7126	2	2	1	FALSE	FALSE	
7127	2	2	1	FALSE	FALSE	
7128	2	2	1	FALSE	FALSE	
713	1	1	1	FALSE	FALSE	
7130	2	2	1	FALSE	FALSE	
7132	1	1	1	FALSE	FALSE	
7133	1	1	1	FALSE	FALSE	
7134	1	1	1	FALSE	FALSE	
7135	1	1	1	FALSE	FALSE	
7136	1	1	1	FALSE	FALSE	
7137	1	1	1	FALSE	FALSE	
7138	1	1	1	FALSE	FALSE	
7139	2	1	0.5	TRUE	FALSE	
714	1	1	1	FALSE	FALSE	
7140	1	1	1	FALSE	FALSE	
7141	1	1	1	FALSE	FALSE	
7142	2	2	1	FALSE	FALSE	
7143	3	1	0.333333333333333	TRUE	FALSE	
7145	4	4	1	FALSE	FALSE	
7148	4	2	0.5	TRUE	TRUE	208609_s_at
715	1	1	1	FALSE	FALSE	
7150	2	2	1	FALSE	FALSE	
7152	1	1	1	FALSE	FALSE	
7153	3	3	1	FALSE	FALSE	
7155	1	1	1	FALSE	FALSE	
7156	3	2	0.666666666666667	TRUE	FALSE	
7157	2	2	1	FALSE	FALSE	
7158	4	3	0.75	TRUE	FALSE	
7159	1	1	1	FALSE	FALSE	
716	2	2	1	FALSE	FALSE	
7161	3	1	0.333333333333333	TRUE	FALSE	
7162	2	2	1	FALSE	FALSE	
7163	5	5	1	FALSE	FALSE	
7164	2	2	1	FALSE	FALSE	
7165	1	1	1	FALSE	FALSE	
7166	3	3	1	FALSE	FALSE	
7167	2	2	1	FALSE	FALSE	
7168	5	5	1	FALSE	FALSE	
7169	4	3	0.75	TRUE	FALSE	
717	2	1	0.5	TRUE	FALSE	
7170	5	4	0.8	TRUE	FALSE	
7171	6	4	0.666666666666667	TRUE	FALSE	
7172	2	1	0.5	TRUE	FALSE	
7173	1	1	1	FALSE	FALSE	
7174	4	2	0.5	TRUE	FALSE	
7175	5	3	0.6	TRUE	FALSE	
7177	1	1	1	FALSE	FALSE	
7178	1	1	1	FALSE	FALSE	
7179	1	1	1	FALSE	FALSE	
718	1	1	1	FALSE	FALSE	
7180	1	1	1	FALSE	FALSE	
7181	4	3	0.75	TRUE	FALSE	
7182	2	2	1	FALSE	FALSE	
7184	2	2	1	FALSE	FALSE	
7185	2	1	0.5	TRUE	FALSE	
7186	1	1	1	FALSE	FALSE	
7187	1	1	1	FALSE	FALSE	
7188	2	1	0.5	TRUE	FALSE	
7189	2	1	0.5	TRUE	FALSE	
719	1	1	1	FALSE	FALSE	
72	2	1	0.5	TRUE	FALSE	
7200	1	1	1	FALSE	FALSE	
7201	1	1	1	FALSE	FALSE	
7203	1	1	1	FALSE	FALSE	
7204	7	4	0.571428571428571	TRUE	FALSE	
7205	2	2	1	FALSE	FALSE	
7216	4	4	1	FALSE	FALSE	
722	1	1	1	FALSE	FALSE	
7220	3	3	1	FALSE	FALSE	
7221	1	1	1	FALSE	FALSE	
7222	2	2	1	FALSE	FALSE	
7223	3	1	0.333333333333333	TRUE	FALSE	
7224	1	1	1	FALSE	FALSE	
7225	2	1	0.5	TRUE	FALSE	
7226	1	1	1	FALSE	FALSE	
7227	3	3	1	FALSE	FALSE	
723809	1	1	1	FALSE	FALSE	
724087	1	1	1	FALSE	FALSE	
724102	3	2	0.666666666666667	TRUE	FALSE	
7247	3	3	1	FALSE	FALSE	
7248	1	1	1	FALSE	FALSE	
7249	2	2	1	FALSE	FALSE	
725	1	1	1	FALSE	FALSE	
7251	1	1	1	FALSE	FALSE	
7252	1	1	1	FALSE	FALSE	
7253	3	2	0.666666666666667	TRUE	FALSE	
7257	1	1	1	FALSE	FALSE	
7258	2	2	1	FALSE	FALSE	
7259	3	1	0.333333333333333	TRUE	FALSE	
726	2	1	0.5	TRUE	FALSE	
7260	1	1	1	FALSE	FALSE	
7262	3	1	0.333333333333333	TRUE	TRUE	209803_s_at
7263	1	1	1	FALSE	FALSE	
7264	2	2	1	FALSE	FALSE	
7265	1	1	1	FALSE	FALSE	
7266	2	2	1	FALSE	FALSE	
7267	6	6	1	FALSE	FALSE	
7268	1	1	1	FALSE	FALSE	
727	1	1	1	FALSE	FALSE	
7270	2	1	0.5	TRUE	TRUE	204772_s_at
7272	1	1	1	FALSE	FALSE	
7273	6	3	0.5	TRUE	FALSE	
7274	1	1	1	FALSE	FALSE	
7275	3	3	1	FALSE	FALSE	
7276	1	1	1	FALSE	FALSE	
727699	1	1	1	FALSE	FALSE	
7277	1	1	1	FALSE	FALSE	
727701	1	1	1	FALSE	FALSE	
727800	1	1	1	FALSE	FALSE	
727837	1	1	1	FALSE	FALSE	
727897	1	1	1	FALSE	FALSE	
727910	2	2	1	FALSE	FALSE	
727936	2	2	1	FALSE	FALSE	
727944	1	1	1	FALSE	FALSE	
727957	4	3	0.75	TRUE	FALSE	
728	1	1	1	FALSE	FALSE	
7280	1	1	1	FALSE	FALSE	
728012	2	1	0.5	TRUE	FALSE	
728024	1	1	1	FALSE	FALSE	
728039	1	1	1	FALSE	FALSE	
728040	1	1	1	FALSE	FALSE	
728081	1	1	1	FALSE	FALSE	
728084	1	1	1	FALSE	FALSE	
728095	1	1	1	FALSE	FALSE	
728116	1	1	1	FALSE	FALSE	
728175	2	2	1	FALSE	FALSE	
728190	1	1	1	FALSE	FALSE	
728192	2	1	0.5	TRUE	FALSE	
728196	1	1	1	FALSE	FALSE	
728215	2	2	1	FALSE	FALSE	
728224	1	1	1	FALSE	FALSE	
728264	2	1	0.5	TRUE	FALSE	
728294	1	1	1	FALSE	FALSE	
7283	1	1	1	FALSE	FALSE	
728327	1	1	1	FALSE	FALSE	
728361	1	1	1	FALSE	FALSE	
728392	1	1	1	FALSE	FALSE	
7284	2	1	0.5	TRUE	FALSE	
728411	3	1	0.333333333333333	TRUE	FALSE	
728431	1	1	1	FALSE	FALSE	
728434	1	1	1	FALSE	FALSE	
728448	2	1	0.5	TRUE	FALSE	
728450	1	1	1	FALSE	FALSE	
728485	2	1	0.5	TRUE	FALSE	
728489	1	1	1	FALSE	FALSE	
728537	1	1	1	FALSE	FALSE	
728558	2	1	0.5	TRUE	FALSE	
728568	2	2	1	FALSE	FALSE	
728591	5	4	0.8	TRUE	FALSE	
7286	1	1	1	FALSE	FALSE	
728606	1	1	1	FALSE	FALSE	
728613	1	1	1	FALSE	FALSE	
728621	2	1	0.5	TRUE	FALSE	
728637	1	1	1	FALSE	FALSE	
7287	1	1	1	FALSE	FALSE	
728716	1	1	1	FALSE	FALSE	
728723	4	3	0.75	TRUE	FALSE	
728730	2	2	1	FALSE	FALSE	
728743	2	2	1	FALSE	FALSE	
728769	1	1	1	FALSE	FALSE	
7288	1	1	1	FALSE	FALSE	
728819	1	1	1	FALSE	FALSE	
7289	2	1	0.5	TRUE	FALSE	
728927	3	2	0.666666666666667	TRUE	FALSE	
728978	1	1	1	FALSE	FALSE	
729	1	1	1	FALSE	FALSE	
7290	2	2	1	FALSE	FALSE	
729013	1	1	1	FALSE	FALSE	
729059	1	1	1	FALSE	FALSE	
729082	3	3	1	FALSE	FALSE	
729083	1	1	1	FALSE	FALSE	
729085	1	1	1	FALSE	FALSE	
7291	1	1	1	FALSE	FALSE	
729121	1	1	1	FALSE	FALSE	
729178	3	2	0.666666666666667	TRUE	FALSE	
7292	1	1	1	FALSE	FALSE	
729220	1	1	1	FALSE	FALSE	
729224	1	1	1	FALSE	FALSE	
729230	2	2	1	FALSE	FALSE	
729234	2	1	0.5	TRUE	FALSE	
729238	1	1	1	FALSE	FALSE	
729258	1	1	1	FALSE	FALSE	
729291	2	1	0.5	TRUE	FALSE	
729296	1	1	1	FALSE	FALSE	
7293	1	1	1	FALSE	FALSE	
729307	1	1	1	FALSE	FALSE	
729359	1	1	1	FALSE	FALSE	
7294	1	1	1	FALSE	FALSE	
729420	1	1	1	FALSE	FALSE	
729438	1	1	1	FALSE	FALSE	
729440	2	1	0.5	TRUE	FALSE	
7295	2	1	0.5	TRUE	FALSE	
729506	1	1	1	FALSE	FALSE	
729515	4	1	0.25	TRUE	FALSE	
729522	1	1	1	FALSE	FALSE	
729582	1	1	1	FALSE	FALSE	
7296	2	2	1	FALSE	FALSE	
729614	3	1	0.333333333333333	TRUE	FALSE	
729652	1	1	1	FALSE	FALSE	
729658	1	1	1	FALSE	FALSE	
729678	1	1	1	FALSE	FALSE	
729683	2	1	0.5	TRUE	FALSE	
7297	1	1	1	FALSE	FALSE	
729723	1	1	1	FALSE	FALSE	
729732	1	1	1	FALSE	FALSE	
729799	1	1	1	FALSE	FALSE	
7298	3	2	0.666666666666667	TRUE	FALSE	
729815	1	1	1	FALSE	FALSE	
729830	4	3	0.75	TRUE	FALSE	
729870	1	1	1	FALSE	FALSE	
7299	3	1	0.333333333333333	TRUE	FALSE	
729956	1	1	1	FALSE	FALSE	
729967	1	1	1	FALSE	FALSE	
729970	3	3	1	FALSE	FALSE	
729975	1	1	1	FALSE	FALSE	
729991	2	2	1	FALSE	FALSE	
729993	3	3	1	FALSE	FALSE	
730	3	3	1	FALSE	FALSE	
730051	5	3	0.6	TRUE	FALSE	
730091	1	1	1	FALSE	FALSE	
730092	2	1	0.5	TRUE	FALSE	
730094	4	1	0.25	TRUE	FALSE	
730098	1	1	1	FALSE	FALSE	
7301	2	2	1	FALSE	FALSE	
730101	1	1	1	FALSE	FALSE	
730102	2	1	0.5	TRUE	FALSE	
730112	1	1	1	FALSE	FALSE	
7302	2	1	0.5	TRUE	FALSE	
730202	1	1	1	FALSE	FALSE	
730227	1	1	1	FALSE	FALSE	
730249	1	1	1	FALSE	FALSE	
7305	1	1	1	FALSE	FALSE	
7306	1	1	1	FALSE	FALSE	
730755	1	1	1	FALSE	FALSE	
731	1	1	1	FALSE	FALSE	
7311	1	1	1	FALSE	FALSE	
731157	2	2	1	FALSE	FALSE	
731223	1	1	1	FALSE	FALSE	
731275	1	1	1	FALSE	FALSE	
7314	1	1	1	FALSE	FALSE	
731424	2	2	1	FALSE	FALSE	
7316	1	1	1	FALSE	FALSE	
731656	1	1	1	FALSE	FALSE	
7317	2	2	1	FALSE	FALSE	
731779	1	1	1	FALSE	FALSE	
7318	2	2	1	FALSE	FALSE	
7319	2	2	1	FALSE	FALSE	
732	1	1	1	FALSE	FALSE	
7320	7	1	0.142857142857143	TRUE	FALSE	
7321	3	3	1	FALSE	FALSE	
7322	3	2	0.666666666666667	TRUE	FALSE	
732253	1	1	1	FALSE	FALSE	
732275	1	1	1	FALSE	FALSE	
7323	6	3	0.5	TRUE	TRUE	240383_at
7324	1	1	1	FALSE	FALSE	
7325	1	1	1	FALSE	FALSE	
7326	2	1	0.5	TRUE	FALSE	
7327	4	4	1	FALSE	FALSE	
7328	6	4	0.666666666666667	TRUE	FALSE	
7329	5	5	1	FALSE	FALSE	
733	1	1	1	FALSE	FALSE	
7332	4	4	1	FALSE	FALSE	
7334	1	1	1	FALSE	FALSE	
7336	3	3	1	FALSE	FALSE	
7337	7	5	0.714285714285714	TRUE	FALSE	
734	4	4	1	FALSE	FALSE	
7341	3	3	1	FALSE	FALSE	
7342	1	1	1	FALSE	FALSE	
7343	5	4	0.8	TRUE	FALSE	
7345	2	2	1	FALSE	FALSE	
7347	1	1	1	FALSE	FALSE	
7348	2	1	0.5	TRUE	FALSE	
7349	1	1	1	FALSE	FALSE	
735	1	1	1	FALSE	FALSE	
7350	1	1	1	FALSE	FALSE	
7351	2	1	0.5	TRUE	FALSE	
7352	2	2	1	FALSE	FALSE	
7353	1	1	1	FALSE	FALSE	
735301	1	1	1	FALSE	FALSE	
7355	3	1	0.333333333333333	TRUE	FALSE	
7356	1	1	1	FALSE	FALSE	
7357	3	3	1	FALSE	FALSE	
7358	1	1	1	FALSE	FALSE	
7360	2	2	1	FALSE	FALSE	
7363	1	1	1	FALSE	FALSE	
7366	1	1	1	FALSE	FALSE	
7368	2	2	1	FALSE	FALSE	
7369	1	1	1	FALSE	FALSE	
7371	2	2	1	FALSE	FALSE	
7372	3	2	0.666666666666667	TRUE	FALSE	
7373	4	4	1	FALSE	FALSE	
7374	1	1	1	FALSE	FALSE	
7375	3	3	1	FALSE	FALSE	
7376	1	1	1	FALSE	FALSE	
7378	1	1	1	FALSE	FALSE	
7379	1	1	1	FALSE	FALSE	
738	1	1	1	FALSE	FALSE	
7380	1	1	1	FALSE	FALSE	
7381	3	3	1	FALSE	FALSE	
7384	1	1	1	FALSE	FALSE	
7385	3	2	0.666666666666667	TRUE	FALSE	
7386	1	1	1	FALSE	FALSE	
7388	1	1	1	FALSE	FALSE	
7389	3	2	0.666666666666667	TRUE	FALSE	
7390	3	1	0.333333333333333	TRUE	FALSE	
7391	1	1	1	FALSE	FALSE	
7398	2	2	1	FALSE	FALSE	
7399	1	1	1	FALSE	FALSE	
740	1	1	1	FALSE	FALSE	
7401	3	3	1	FALSE	FALSE	
7402	3	3	1	FALSE	FALSE	
7403	4	3	0.75	TRUE	FALSE	
7404	1	1	1	FALSE	FALSE	
7405	1	1	1	FALSE	FALSE	
7407	2	1	0.5	TRUE	FALSE	
7408	1	1	1	FALSE	FALSE	
7409	1	1	1	FALSE	FALSE	
741	3	2	0.666666666666667	TRUE	FALSE	
7410	3	2	0.666666666666667	TRUE	FALSE	
7411	1	1	1	FALSE	FALSE	
7412	1	1	1	FALSE	FALSE	
7414	2	1	0.5	TRUE	FALSE	
7415	2	2	1	FALSE	FALSE	
7416	3	1	0.333333333333333	TRUE	FALSE	
7417	1	1	1	FALSE	FALSE	
7419	3	1	0.333333333333333	TRUE	FALSE	
7421	4	3	0.75	TRUE	FALSE	
7422	2	1	0.5	TRUE	FALSE	
7423	1	1	1	FALSE	FALSE	
7424	1	1	1	FALSE	FALSE	
7428	2	1	0.5	TRUE	FALSE	
7429	3	3	1	FALSE	FALSE	
7430	5	5	1	FALSE	FALSE	
7431	1	1	1	FALSE	FALSE	
7432	1	1	1	FALSE	FALSE	
7433	1	1	1	FALSE	FALSE	
7434	2	1	0.5	TRUE	FALSE	
7436	1	1	1	FALSE	FALSE	
7439	3	2	0.666666666666667	TRUE	FALSE	
744	2	2	1	FALSE	FALSE	
7441	1	1	1	FALSE	FALSE	
7442	1	1	1	FALSE	FALSE	
7443	1	1	1	FALSE	FALSE	
7444	1	1	1	FALSE	FALSE	
7447	2	2	1	FALSE	FALSE	
7448	1	1	1	FALSE	FALSE	
745	3	2	0.666666666666667	TRUE	FALSE	
7450	2	2	1	FALSE	FALSE	
7453	2	2	1	FALSE	FALSE	
7454	2	2	1	FALSE	FALSE	
7455	1	1	1	FALSE	FALSE	
7456	4	4	1	FALSE	FALSE	
7458	1	1	1	FALSE	FALSE	
746	1	1	1	FALSE	FALSE	
7461	1	1	1	FALSE	FALSE	
7462	2	2	1	FALSE	FALSE	
7464	2	2	1	FALSE	FALSE	
7465	2	2	1	FALSE	FALSE	
7466	2	1	0.5	TRUE	FALSE	
7468	6	5	0.833333333333333	TRUE	FALSE	
7469	2	2	1	FALSE	FALSE	
747	1	1	1	FALSE	FALSE	
7471	1	1	1	FALSE	FALSE	
7472	1	1	1	FALSE	FALSE	
7474	2	2	1	FALSE	FALSE	
7475	3	2	0.666666666666667	TRUE	FALSE	
7476	1	1	1	FALSE	FALSE	
7477	1	1	1	FALSE	FALSE	
7478	1	1	1	FALSE	FALSE	
7479	1	1	1	FALSE	FALSE	
7480	1	1	1	FALSE	FALSE	
7481	1	1	1	FALSE	FALSE	
7482	4	3	0.75	TRUE	FALSE	
7483	2	2	1	FALSE	FALSE	
7484	1	1	1	FALSE	FALSE	
7485	1	1	1	FALSE	FALSE	
7486	1	1	1	FALSE	FALSE	
7490	2	2	1	FALSE	FALSE	
7494	2	2	1	FALSE	FALSE	
7498	2	2	1	FALSE	FALSE	
7499	2	2	1	FALSE	FALSE	
750	1	1	1	FALSE	FALSE	
7503	6	6	1	FALSE	FALSE	
7504	1	1	1	FALSE	FALSE	
7507	1	1	1	FALSE	FALSE	
7508	1	1	1	FALSE	FALSE	
751071	1	1	1	FALSE	FALSE	
7511	3	1	0.333333333333333	TRUE	FALSE	
7512	2	2	1	FALSE	FALSE	
7514	2	2	1	FALSE	FALSE	
7515	1	1	1	FALSE	FALSE	
751580	1	1	1	FALSE	FALSE	
7517	1	1	1	FALSE	FALSE	
7518	3	1	0.333333333333333	TRUE	TRUE	210813_s_at
752	2	1	0.5	TRUE	FALSE	
7520	3	3	1	FALSE	FALSE	
752014	1	1	1	FALSE	FALSE	
7525	3	3	1	FALSE	FALSE	
7528	6	4	0.666666666666667	TRUE	FALSE	
7529	3	3	1	FALSE	FALSE	
753	5	2	0.4	TRUE	TRUE	207996_s_at;209574_s_at
7531	2	1	0.5	TRUE	FALSE	
7532	1	1	1	FALSE	FALSE	
7533	3	3	1	FALSE	FALSE	
7534	5	3	0.6	TRUE	FALSE	
7535	2	2	1	FALSE	FALSE	
7536	3	3	1	FALSE	FALSE	
7538	1	1	1	FALSE	FALSE	
7539	1	1	1	FALSE	FALSE	
754	1	1	1	FALSE	FALSE	
7541	2	2	1	FALSE	FALSE	
7542	3	2	0.666666666666667	TRUE	FALSE	
7543	2	1	0.5	TRUE	FALSE	
7544	2	2	1	FALSE	FALSE	
7545	3	1	0.333333333333333	TRUE	FALSE	
7546	1	1	1	FALSE	FALSE	
7547	1	1	1	FALSE	FALSE	
7549	1	1	1	FALSE	FALSE	
755	6	4	0.666666666666667	TRUE	FALSE	
7551	4	2	0.5	TRUE	FALSE	
7552	2	1	0.5	TRUE	FALSE	
7553	4	2	0.5	TRUE	FALSE	
7554	4	3	0.75	TRUE	FALSE	
7555	2	2	1	FALSE	FALSE	
7556	3	3	1	FALSE	FALSE	
7559	4	4	1	FALSE	FALSE	
7561	1	1	1	FALSE	FALSE	
7564	1	1	1	FALSE	FALSE	
7565	2	2	1	FALSE	FALSE	
7566	1	1	1	FALSE	FALSE	
7567	2	2	1	FALSE	FALSE	
7569	2	2	1	FALSE	FALSE	
757	3	3	1	FALSE	FALSE	
7570	2	2	1	FALSE	FALSE	
7571	1	1	1	FALSE	FALSE	
7572	5	4	0.8	TRUE	FALSE	
7574	2	2	1	FALSE	FALSE	
7576	1	1	1	FALSE	FALSE	
7577	1	1	1	FALSE	FALSE	
7579	3	2	0.666666666666667	TRUE	FALSE	
758	2	2	1	FALSE	FALSE	
7580	1	1	1	FALSE	FALSE	
7581	3	3	1	FALSE	FALSE	
7582	2	1	0.5	TRUE	FALSE	
7584	1	1	1	FALSE	FALSE	
7586	4	4	1	FALSE	FALSE	
7587	2	1	0.5	TRUE	FALSE	
7589	1	1	1	FALSE	FALSE	
759	2	1	0.5	TRUE	FALSE	
7592	3	2	0.666666666666667	TRUE	FALSE	
7593	3	2	0.666666666666667	TRUE	FALSE	
7596	2	2	1	FALSE	FALSE	
7597	1	1	1	FALSE	FALSE	
760	1	1	1	FALSE	FALSE	
761	1	1	1	FALSE	FALSE	
762	2	2	1	FALSE	FALSE	
7621	2	1	0.5	TRUE	FALSE	
7625	2	2	1	FALSE	FALSE	
7626	3	2	0.666666666666667	TRUE	FALSE	
7627	2	1	0.5	TRUE	FALSE	
7629	1	1	1	FALSE	FALSE	
763	1	1	1	FALSE	FALSE	
7633	1	1	1	FALSE	FALSE	
7634	2	2	1	FALSE	FALSE	
7637	2	2	1	FALSE	FALSE	
7639	1	1	1	FALSE	FALSE	
7644	7	4	0.571428571428571	TRUE	FALSE	
765	2	2	1	FALSE	FALSE	
7652	1	1	1	FALSE	FALSE	
766	1	1	1	FALSE	FALSE	
767	3	1	0.333333333333333	TRUE	FALSE	
7675	1	1	1	FALSE	FALSE	
767579	1	1	1	FALSE	FALSE	
7678	2	2	1	FALSE	FALSE	
768	1	1	1	FALSE	FALSE	
768096	1	1	1	FALSE	FALSE	
7681	1	1	1	FALSE	FALSE	
768206	2	1	0.5	TRUE	FALSE	
768211	2	1	0.5	TRUE	FALSE	
768239	1	1	1	FALSE	FALSE	
7686	1	1	1	FALSE	FALSE	
7690	5	4	0.8	TRUE	FALSE	
7691	1	1	1	FALSE	FALSE	
7692	2	2	1	FALSE	FALSE	
7693	2	2	1	FALSE	FALSE	
7694	2	2	1	FALSE	FALSE	
7695	1	1	1	FALSE	FALSE	
7696	1	1	1	FALSE	FALSE	
7697	1	1	1	FALSE	FALSE	
7699	1	1	1	FALSE	FALSE	
770	1	1	1	FALSE	FALSE	
7700	2	2	1	FALSE	FALSE	
7701	2	2	1	FALSE	FALSE	
7702	2	2	1	FALSE	FALSE	
7704	1	1	1	FALSE	FALSE	
7705	2	1	0.5	TRUE	FALSE	
7706	2	1	0.5	TRUE	FALSE	
7707	7	4	0.571428571428571	TRUE	FALSE	
7709	2	1	0.5	TRUE	FALSE	
771	5	4	0.8	TRUE	FALSE	
7710	2	2	1	FALSE	FALSE	
7711	1	1	1	FALSE	FALSE	
7712	1	1	1	FALSE	FALSE	
7716	3	3	1	FALSE	FALSE	
7718	1	1	1	FALSE	FALSE	
7726	1	1	1	FALSE	FALSE	
7727	3	1	0.333333333333333	TRUE	FALSE	
7728	2	1	0.5	TRUE	FALSE	
773	4	3	0.75	TRUE	FALSE	
7732	1	1	1	FALSE	FALSE	
7733	2	2	1	FALSE	FALSE	
7737	1	1	1	FALSE	FALSE	
7738	1	1	1	FALSE	FALSE	
7739	1	1	1	FALSE	FALSE	
774	2	2	1	FALSE	FALSE	
7741	1	1	1	FALSE	FALSE	
7743	1	1	1	FALSE	FALSE	
7745	3	2	0.666666666666667	TRUE	FALSE	
7746	2	2	1	FALSE	FALSE	
7748	1	1	1	FALSE	FALSE	
775	4	4	1	FALSE	FALSE	
7750	7	4	0.571428571428571	TRUE	FALSE	
7752	2	2	1	FALSE	FALSE	
7753	2	2	1	FALSE	FALSE	
7754	1	1	1	FALSE	FALSE	
7755	1	1	1	FALSE	FALSE	
7756	7	7	1	FALSE	FALSE	
7757	1	1	1	FALSE	FALSE	
776	4	4	1	FALSE	FALSE	
7761	3	1	0.333333333333333	TRUE	FALSE	
7762	2	1	0.5	TRUE	FALSE	
7763	5	5	1	FALSE	FALSE	
7764	1	1	1	FALSE	FALSE	
7766	1	1	1	FALSE	FALSE	
7767	6	4	0.666666666666667	TRUE	FALSE	
7768	2	1	0.5	TRUE	FALSE	
7769	3	2	0.666666666666667	TRUE	FALSE	
777	6	4	0.666666666666667	TRUE	FALSE	
7770	2	2	1	FALSE	FALSE	
7771	1	1	1	FALSE	FALSE	
7772	2	2	1	FALSE	FALSE	
7773	2	2	1	FALSE	FALSE	
7775	1	1	1	FALSE	FALSE	
7776	2	2	1	FALSE	FALSE	
7779	2	2	1	FALSE	FALSE	
778	1	1	1	FALSE	FALSE	
7780	2	1	0.5	TRUE	FALSE	
7781	1	1	1	FALSE	FALSE	
7782	3	3	1	FALSE	FALSE	
7783	1	1	1	FALSE	FALSE	
7786	3	1	0.333333333333333	TRUE	FALSE	
7789	1	1	1	FALSE	FALSE	
779	1	1	1	FALSE	FALSE	
7791	2	1	0.5	TRUE	FALSE	
7798	5	4	0.8	TRUE	FALSE	
7799	5	2	0.4	TRUE	FALSE	
780	1	1	1	FALSE	FALSE	
7802	2	2	1	FALSE	FALSE	
7803	5	3	0.6	TRUE	FALSE	
7804	3	3	1	FALSE	FALSE	
7805	2	2	1	FALSE	FALSE	
780529	1	1	1	FALSE	FALSE	
780776	1	1	1	FALSE	FALSE	
7809	3	3	1	FALSE	FALSE	
781	2	1	0.5	TRUE	FALSE	
7812	3	3	1	FALSE	FALSE	
7813	4	2	0.5	TRUE	FALSE	
7818	2	1	0.5	TRUE	FALSE	
782	1	1	1	FALSE	FALSE	
7827	1	1	1	FALSE	FALSE	
783	5	3	0.6	TRUE	FALSE	
7832	2	1	0.5	TRUE	FALSE	
7837	2	2	1	FALSE	FALSE	
784	2	2	1	FALSE	FALSE	
7840	2	2	1	FALSE	FALSE	
7841	1	1	1	FALSE	FALSE	
7844	2	2	1	FALSE	FALSE	
7846	1	1	1	FALSE	FALSE	
7849	5	3	0.6	TRUE	FALSE	
785	2	1	0.5	TRUE	FALSE	
7850	2	2	1	FALSE	FALSE	
7851	1	1	1	FALSE	FALSE	
7852	2	2	1	FALSE	FALSE	
7855	2	2	1	FALSE	FALSE	
7857	1	1	1	FALSE	FALSE	
786	1	1	1	FALSE	FALSE	
7862	1	1	1	FALSE	FALSE	
7866	1	1	1	FALSE	FALSE	
7867	2	2	1	FALSE	FALSE	
7869	2	2	1	FALSE	FALSE	
7871	3	1	0.333333333333333	TRUE	FALSE	
7873	1	1	1	FALSE	FALSE	
7874	3	2	0.666666666666667	TRUE	FALSE	
7879	5	4	0.8	TRUE	FALSE	
788	1	1	1	FALSE	FALSE	
7881	4	3	0.75	TRUE	FALSE	
7884	1	1	1	FALSE	FALSE	
78986	1	1	1	FALSE	FALSE	
78987	1	1	1	FALSE	FALSE	
78988	2	2	1	FALSE	FALSE	
78989	1	1	1	FALSE	FALSE	
78990	4	2	0.5	TRUE	FALSE	
78991	1	1	1	FALSE	FALSE	
78992	3	2	0.666666666666667	TRUE	FALSE	
78994	3	3	1	FALSE	FALSE	
78995	1	1	1	FALSE	FALSE	
78996	2	1	0.5	TRUE	FALSE	
78997	1	1	1	FALSE	FALSE	
78998	1	1	1	FALSE	FALSE	
78999	2	2	1	FALSE	FALSE	
790	2	1	0.5	TRUE	FALSE	
79000	2	2	1	FALSE	FALSE	
79001	1	1	1	FALSE	FALSE	
79002	2	2	1	FALSE	FALSE	
79003	1	1	1	FALSE	FALSE	
79004	1	1	1	FALSE	FALSE	
79006	1	1	1	FALSE	FALSE	
79007	1	1	1	FALSE	FALSE	
79009	3	2	0.666666666666667	TRUE	FALSE	
79012	1	1	1	FALSE	FALSE	
79015	2	1	0.5	TRUE	FALSE	
79016	2	2	1	FALSE	FALSE	
79017	1	1	1	FALSE	FALSE	
79018	2	2	1	FALSE	FALSE	
79019	1	1	1	FALSE	FALSE	
79020	2	2	1	FALSE	FALSE	
79022	2	2	1	FALSE	FALSE	
79023	2	2	1	FALSE	FALSE	
79024	2	2	1	FALSE	FALSE	
79025	1	1	1	FALSE	FALSE	
79026	4	4	1	FALSE	FALSE	
79027	3	2	0.666666666666667	TRUE	FALSE	
79029	3	3	1	FALSE	FALSE	
7903	5	2	0.4	TRUE	FALSE	
79033	1	1	1	FALSE	FALSE	
79034	3	2	0.666666666666667	TRUE	FALSE	
79035	1	1	1	FALSE	FALSE	
79036	3	2	0.666666666666667	TRUE	FALSE	
79037	1	1	1	FALSE	FALSE	
79038	2	2	1	FALSE	FALSE	
79039	3	2	0.666666666666667	TRUE	FALSE	
79041	1	1	1	FALSE	FALSE	
79042	1	1	1	FALSE	FALSE	
79047	5	4	0.8	TRUE	FALSE	
79048	2	2	1	FALSE	FALSE	
7905	2	2	1	FALSE	FALSE	
79050	1	1	1	FALSE	FALSE	
79053	1	1	1	FALSE	FALSE	
79054	2	2	1	FALSE	FALSE	
79056	2	2	1	FALSE	FALSE	
79057	2	2	1	FALSE	FALSE	
79058	1	1	1	FALSE	FALSE	
79064	2	2	1	FALSE	FALSE	
79065	1	1	1	FALSE	FALSE	
79066	3	2	0.666666666666667	TRUE	FALSE	
79068	1	1	1	FALSE	FALSE	
79070	1	1	1	FALSE	FALSE	
79071	3	1	0.333333333333333	TRUE	FALSE	
79072	1	1	1	FALSE	FALSE	
79073	1	1	1	FALSE	FALSE	
79074	3	1	0.333333333333333	TRUE	FALSE	
79075	2	2	1	FALSE	FALSE	
79077	1	1	1	FALSE	FALSE	
79078	2	2	1	FALSE	FALSE	
79080	1	1	1	FALSE	FALSE	
79083	1	1	1	FALSE	FALSE	
79084	2	1	0.5	TRUE	FALSE	
79085	2	2	1	FALSE	FALSE	
79086	4	1	0.25	TRUE	TRUE	1559382_at
79087	1	1	1	FALSE	FALSE	
79088	2	2	1	FALSE	FALSE	
79089	1	1	1	FALSE	FALSE	
79090	1	1	1	FALSE	FALSE	
79091	2	2	1	FALSE	FALSE	
79092	5	4	0.8	TRUE	FALSE	
79094	1	1	1	FALSE	FALSE	
79095	3	2	0.666666666666667	TRUE	FALSE	
790952	1	1	1	FALSE	FALSE	
790955	1	1	1	FALSE	FALSE	
79096	2	1	0.5	TRUE	TRUE	203257_s_at
79097	1	1	1	FALSE	FALSE	
79098	3	3	1	FALSE	FALSE	
79100	1	1	1	FALSE	FALSE	
79101	3	2	0.666666666666667	TRUE	FALSE	
79102	2	2	1	FALSE	FALSE	
79104	1	1	1	FALSE	FALSE	
79109	4	1	0.25	TRUE	FALSE	
791114	4	3	0.75	TRUE	FALSE	
791115	2	2	1	FALSE	FALSE	
7913	1	1	1	FALSE	FALSE	
79132	1	1	1	FALSE	FALSE	
79133	2	2	1	FALSE	FALSE	
79134	2	2	1	FALSE	FALSE	
79135	1	1	1	FALSE	FALSE	
79136	1	1	1	FALSE	FALSE	
79137	4	3	0.75	TRUE	FALSE	
79139	4	3	0.75	TRUE	FALSE	
79140	2	2	1	FALSE	FALSE	
79142	2	2	1	FALSE	FALSE	
79143	2	2	1	FALSE	FALSE	
79145	2	2	1	FALSE	FALSE	
79147	2	1	0.5	TRUE	FALSE	
79148	4	4	1	FALSE	FALSE	
79149	2	1	0.5	TRUE	FALSE	
7915	2	2	1	FALSE	FALSE	
79150	1	1	1	FALSE	FALSE	
79152	2	1	0.5	TRUE	FALSE	
79153	1	1	1	FALSE	FALSE	
79154	1	1	1	FALSE	FALSE	
79155	2	2	1	FALSE	FALSE	
79156	1	1	1	FALSE	FALSE	
79157	1	1	1	FALSE	FALSE	
79158	3	1	0.333333333333333	TRUE	FALSE	
79159	2	2	1	FALSE	FALSE	
79160	1	1	1	FALSE	FALSE	
79161	1	1	1	FALSE	FALSE	
79165	1	1	1	FALSE	FALSE	
79166	1	1	1	FALSE	FALSE	
79169	1	1	1	FALSE	FALSE	
7917	2	1	0.5	TRUE	FALSE	
79170	1	1	1	FALSE	FALSE	
79171	1	1	1	FALSE	FALSE	
79172	2	2	1	FALSE	FALSE	
79173	1	1	1	FALSE	FALSE	
79174	1	1	1	FALSE	FALSE	
79175	2	1	0.5	TRUE	FALSE	
79176	1	1	1	FALSE	FALSE	
79177	2	2	1	FALSE	FALSE	
79178	1	1	1	FALSE	FALSE	
7918	2	1	0.5	TRUE	FALSE	
79180	2	1	0.5	TRUE	FALSE	
79183	2	1	0.5	TRUE	FALSE	
79184	2	2	1	FALSE	FALSE	
79187	1	1	1	FALSE	FALSE	
79188	4	4	1	FALSE	FALSE	
79191	1	1	1	FALSE	FALSE	
79192	1	1	1	FALSE	FALSE	
7920	2	1	0.5	TRUE	FALSE	
7922	1	1	1	FALSE	FALSE	
79228	1	1	1	FALSE	FALSE	
7923	1	1	1	FALSE	FALSE	
79230	2	2	1	FALSE	FALSE	
79258	1	1	1	FALSE	FALSE	
79269	3	2	0.666666666666667	TRUE	FALSE	
793	2	2	1	FALSE	FALSE	
7932	2	1	0.5	TRUE	FALSE	
79339	1	1	1	FALSE	FALSE	
79345	1	1	1	FALSE	FALSE	
7936	1	1	1	FALSE	FALSE	
79363	2	1	0.5	TRUE	FALSE	
79364	6	5	0.833333333333333	TRUE	FALSE	
79365	4	4	1	FALSE	FALSE	
79366	2	2	1	FALSE	FALSE	
79368	5	5	1	FALSE	FALSE	
79369	1	1	1	FALSE	FALSE	
79370	6	4	0.666666666666667	TRUE	FALSE	
794	1	1	1	FALSE	FALSE	
79400	2	2	1	FALSE	FALSE	
7941	1	1	1	FALSE	FALSE	
79411	1	1	1	FALSE	FALSE	
79412	1	1	1	FALSE	FALSE	
79413	1	1	1	FALSE	FALSE	
79414	1	1	1	FALSE	FALSE	
79415	1	1	1	FALSE	FALSE	
7942	2	2	1	FALSE	FALSE	
79441	1	1	1	FALSE	FALSE	
79442	2	2	1	FALSE	FALSE	
79443	2	2	1	FALSE	FALSE	
79444	1	1	1	FALSE	FALSE	
79446	1	1	1	FALSE	FALSE	
79447	2	2	1	FALSE	FALSE	
79465	1	1	1	FALSE	FALSE	
79470	1	1	1	FALSE	FALSE	
795	1	1	1	FALSE	FALSE	
79541	1	1	1	FALSE	FALSE	
7955	1	1	1	FALSE	FALSE	
79567	3	3	1	FALSE	FALSE	
79568	1	1	1	FALSE	FALSE	
7957	3	3	1	FALSE	FALSE	
79570	1	1	1	FALSE	FALSE	
79571	3	3	1	FALSE	FALSE	
79572	2	2	1	FALSE	FALSE	
79573	1	1	1	FALSE	FALSE	
79574	1	1	1	FALSE	FALSE	
79576	2	1	0.5	TRUE	FALSE	
79577	3	3	1	FALSE	FALSE	
79581	1	1	1	FALSE	FALSE	
79582	3	3	1	FALSE	FALSE	
79583	1	1	1	FALSE	FALSE	
79585	1	1	1	FALSE	FALSE	
79586	1	1	1	FALSE	FALSE	
79587	4	2	0.5	TRUE	FALSE	
79589	1	1	1	FALSE	FALSE	
79590	1	1	1	FALSE	FALSE	
79591	3	2	0.666666666666667	TRUE	FALSE	
79594	1	1	1	FALSE	FALSE	
79595	1	1	1	FALSE	FALSE	
79596	2	1	0.5	TRUE	FALSE	
79598	1	1	1	FALSE	FALSE	
796	3	1	0.333333333333333	TRUE	FALSE	
79600	2	2	1	FALSE	FALSE	
79602	1	1	1	FALSE	FALSE	
79603	1	1	1	FALSE	FALSE	
79605	2	1	0.5	TRUE	FALSE	
79607	3	2	0.666666666666667	TRUE	FALSE	
79608	1	1	1	FALSE	FALSE	
79609	2	2	1	FALSE	FALSE	
79611	2	2	1	FALSE	FALSE	
79612	3	2	0.666666666666667	TRUE	FALSE	
79613	1	1	1	FALSE	FALSE	
79616	1	1	1	FALSE	FALSE	
79618	3	1	0.333333333333333	TRUE	FALSE	
79621	4	3	0.75	TRUE	FALSE	
79622	1	1	1	FALSE	FALSE	
79623	2	1	0.5	TRUE	FALSE	
79624	1	1	1	FALSE	FALSE	
79625	1	1	1	FALSE	FALSE	
79626	1	1	1	FALSE	FALSE	
79627	3	3	1	FALSE	FALSE	
79628	3	1	0.333333333333333	TRUE	FALSE	
79629	1	1	1	FALSE	FALSE	
79630	1	1	1	FALSE	FALSE	
79631	1	1	1	FALSE	FALSE	
79632	2	2	1	FALSE	FALSE	
79633	1	1	1	FALSE	FALSE	
79634	3	2	0.666666666666667	TRUE	FALSE	
79635	1	1	1	FALSE	FALSE	
79637	2	2	1	FALSE	FALSE	
79639	3	3	1	FALSE	FALSE	
79640	1	1	1	FALSE	FALSE	
79641	1	1	1	FALSE	FALSE	
79642	1	1	1	FALSE	FALSE	
79643	1	1	1	FALSE	FALSE	
79644	3	2	0.666666666666667	TRUE	FALSE	
79645	3	2	0.666666666666667	TRUE	FALSE	
79646	2	2	1	FALSE	FALSE	
79647	4	3	0.75	TRUE	FALSE	
79648	5	4	0.8	TRUE	FALSE	
79649	3	3	1	FALSE	FALSE	
7965	1	1	1	FALSE	FALSE	
79650	3	3	1	FALSE	FALSE	
79651	1	1	1	FALSE	FALSE	
79652	1	1	1	FALSE	FALSE	
79654	1	1	1	FALSE	FALSE	
79656	2	1	0.5	TRUE	FALSE	
79657	2	1	0.5	TRUE	FALSE	
79658	1	1	1	FALSE	FALSE	
79659	3	2	0.666666666666667	TRUE	TRUE	219469_at
79660	3	1	0.333333333333333	TRUE	FALSE	
79661	2	2	1	FALSE	FALSE	
79663	1	1	1	FALSE	FALSE	
79664	4	3	0.75	TRUE	FALSE	
79665	2	1	0.5	TRUE	FALSE	
79666	2	2	1	FALSE	FALSE	
79667	1	1	1	FALSE	FALSE	
79668	2	1	0.5	TRUE	FALSE	
79669	2	2	1	FALSE	FALSE	
79670	5	4	0.8	TRUE	FALSE	
79671	2	2	1	FALSE	FALSE	
79672	1	1	1	FALSE	FALSE	
79673	1	1	1	FALSE	FALSE	
79674	3	3	1	FALSE	FALSE	
79675	1	1	1	FALSE	FALSE	
79676	3	2	0.666666666666667	TRUE	FALSE	
79677	2	2	1	FALSE	FALSE	
79679	1	1	1	FALSE	FALSE	
79680	2	2	1	FALSE	FALSE	
79682	3	3	1	FALSE	FALSE	
79683	4	3	0.75	TRUE	FALSE	
79684	1	1	1	FALSE	FALSE	
79685	6	5	0.833333333333333	TRUE	FALSE	
79689	3	3	1	FALSE	FALSE	
79690	1	1	1	FALSE	FALSE	
79691	2	2	1	FALSE	FALSE	
79692	2	2	1	FALSE	FALSE	
79693	2	2	1	FALSE	FALSE	
79694	3	3	1	FALSE	FALSE	
79695	2	2	1	FALSE	FALSE	
79696	1	1	1	FALSE	FALSE	
79697	1	1	1	FALSE	FALSE	
79698	1	1	1	FALSE	FALSE	
79699	3	3	1	FALSE	FALSE	
797	1	1	1	FALSE	FALSE	
79701	3	2	0.666666666666667	TRUE	FALSE	
79703	2	2	1	FALSE	FALSE	
79705	2	2	1	FALSE	FALSE	
79707	3	2	0.666666666666667	TRUE	FALSE	
79709	2	1	0.5	TRUE	FALSE	
79710	1	1	1	FALSE	FALSE	
79711	1	1	1	FALSE	FALSE	
79712	5	4	0.8	TRUE	FALSE	
79713	1	1	1	FALSE	FALSE	
79714	1	1	1	FALSE	FALSE	
79716	2	1	0.5	TRUE	FALSE	
79717	1	1	1	FALSE	FALSE	
79718	6	3	0.5	TRUE	FALSE	
79719	2	2	1	FALSE	FALSE	
79720	1	1	1	FALSE	FALSE	
79722	1	1	1	FALSE	FALSE	
79723	2	1	0.5	TRUE	FALSE	
79724	1	1	1	FALSE	FALSE	
79725	2	2	1	FALSE	FALSE	
79726	4	4	1	FALSE	FALSE	
79727	1	1	1	FALSE	FALSE	
79728	1	1	1	FALSE	FALSE	
79729	1	1	1	FALSE	FALSE	
79730	2	1	0.5	TRUE	FALSE	
79731	1	1	1	FALSE	FALSE	
79733	1	1	1	FALSE	FALSE	
79734	2	1	0.5	TRUE	FALSE	
79735	1	1	1	FALSE	FALSE	
79736	2	1	0.5	TRUE	FALSE	
79738	1	1	1	FALSE	FALSE	
79739	2	2	1	FALSE	FALSE	
79740	1	1	1	FALSE	FALSE	
79741	3	1	0.333333333333333	TRUE	TRUE	1553215_s_at
79742	4	4	1	FALSE	FALSE	
79744	2	1	0.5	TRUE	FALSE	
79745	2	2	1	FALSE	FALSE	
79746	1	1	1	FALSE	FALSE	
79747	1	1	1	FALSE	FALSE	
79748	1	1	1	FALSE	FALSE	
7975	2	1	0.5	TRUE	FALSE	
79750	3	3	1	FALSE	FALSE	
79751	1	1	1	FALSE	FALSE	
79752	1	1	1	FALSE	FALSE	
79753	2	2	1	FALSE	FALSE	
79754	1	1	1	FALSE	FALSE	
79755	1	1	1	FALSE	FALSE	
79758	3	3	1	FALSE	FALSE	
79759	2	1	0.5	TRUE	FALSE	
7976	4	4	1	FALSE	FALSE	
79760	3	2	0.666666666666667	TRUE	FALSE	
79762	2	2	1	FALSE	FALSE	
79763	1	1	1	FALSE	FALSE	
79767	1	1	1	FALSE	FALSE	
79768	4	2	0.5	TRUE	FALSE	
79770	2	2	1	FALSE	FALSE	
79772	3	3	1	FALSE	FALSE	
79774	2	2	1	FALSE	FALSE	
79776	3	3	1	FALSE	FALSE	
79777	1	1	1	FALSE	FALSE	
79778	3	3	1	FALSE	FALSE	
7978	1	1	1	FALSE	FALSE	
79780	4	4	1	FALSE	FALSE	
79781	5	2	0.4	TRUE	FALSE	
79782	1	1	1	FALSE	FALSE	
79783	1	1	1	FALSE	FALSE	
79784	3	2	0.666666666666667	TRUE	FALSE	
79785	1	1	1	FALSE	FALSE	
79786	3	2	0.666666666666667	TRUE	FALSE	
79789	3	2	0.666666666666667	TRUE	FALSE	
7979	1	1	1	FALSE	FALSE	
79791	2	2	1	FALSE	FALSE	
79792	1	1	1	FALSE	FALSE	
79794	5	4	0.8	TRUE	FALSE	
79796	2	2	1	FALSE	FALSE	
79798	1	1	1	FALSE	FALSE	
7980	2	2	1	FALSE	FALSE	
79800	2	2	1	FALSE	FALSE	
79801	1	1	1	FALSE	FALSE	
79802	1	1	1	FALSE	FALSE	
79803	2	1	0.5	TRUE	FALSE	
79804	2	2	1	FALSE	FALSE	
79805	3	3	1	FALSE	FALSE	
79807	3	2	0.666666666666667	TRUE	FALSE	
79809	1	1	1	FALSE	FALSE	
79810	3	2	0.666666666666667	TRUE	FALSE	
79811	1	1	1	FALSE	FALSE	
79812	3	3	1	FALSE	FALSE	
79813	3	2	0.666666666666667	TRUE	FALSE	
79814	3	2	0.666666666666667	TRUE	FALSE	
79815	3	3	1	FALSE	FALSE	
79816	3	3	1	FALSE	FALSE	
79817	4	3	0.75	TRUE	FALSE	
79818	1	1	1	FALSE	FALSE	
79819	5	4	0.8	TRUE	FALSE	
79820	2	2	1	FALSE	FALSE	
79822	3	3	1	FALSE	FALSE	
79823	2	2	1	FALSE	FALSE	
79825	2	1	0.5	TRUE	FALSE	
79827	2	2	1	FALSE	FALSE	
79828	3	3	1	FALSE	FALSE	
79829	2	2	1	FALSE	FALSE	
79830	1	1	1	FALSE	FALSE	
79831	3	1	0.333333333333333	TRUE	FALSE	
79832	4	3	0.75	TRUE	FALSE	
79833	2	1	0.5	TRUE	FALSE	
79834	2	1	0.5	TRUE	FALSE	
79836	1	1	1	FALSE	FALSE	
79837	1	1	1	FALSE	FALSE	
79838	5	5	1	FALSE	FALSE	
79839	2	2	1	FALSE	FALSE	
7984	1	1	1	FALSE	FALSE	
79840	1	1	1	FALSE	FALSE	
79841	1	1	1	FALSE	FALSE	
79842	2	1	0.5	TRUE	FALSE	
79843	1	1	1	FALSE	FALSE	
79845	1	1	1	FALSE	FALSE	
79846	3	3	1	FALSE	FALSE	
79847	1	1	1	FALSE	FALSE	
79848	5	4	0.8	TRUE	FALSE	
79849	2	2	1	FALSE	FALSE	
79850	1	1	1	FALSE	FALSE	
79852	1	1	1	FALSE	FALSE	
79853	1	1	1	FALSE	FALSE	
79854	1	1	1	FALSE	FALSE	
79856	3	3	1	FALSE	FALSE	
79857	1	1	1	FALSE	FALSE	
79858	3	2	0.666666666666667	TRUE	FALSE	
79861	1	1	1	FALSE	FALSE	
79862	1	1	1	FALSE	FALSE	
79863	2	1	0.5	TRUE	FALSE	
79864	2	2	1	FALSE	FALSE	
79865	1	1	1	FALSE	FALSE	
79866	1	1	1	FALSE	FALSE	
79867	1	1	1	FALSE	FALSE	
79868	5	3	0.6	TRUE	FALSE	
79869	1	1	1	FALSE	FALSE	
79870	2	2	1	FALSE	FALSE	
79871	2	1	0.5	TRUE	FALSE	
79872	2	1	0.5	TRUE	FALSE	
79873	1	1	1	FALSE	FALSE	
79874	3	3	1	FALSE	FALSE	
79875	6	6	1	FALSE	FALSE	
79876	3	1	0.333333333333333	TRUE	FALSE	
79877	3	2	0.666666666666667	TRUE	FALSE	
79879	2	1	0.5	TRUE	FALSE	
7988	1	1	1	FALSE	FALSE	
79882	6	4	0.666666666666667	TRUE	FALSE	
79884	4	2	0.5	TRUE	FALSE	
79885	2	2	1	FALSE	FALSE	
79886	1	1	1	FALSE	FALSE	
79887	1	1	1	FALSE	FALSE	
79888	1	1	1	FALSE	FALSE	
79890	5	3	0.6	TRUE	FALSE	
79891	1	1	1	FALSE	FALSE	
79892	3	3	1	FALSE	FALSE	
79893	3	2	0.666666666666667	TRUE	FALSE	
79894	3	2	0.666666666666667	TRUE	FALSE	
79895	1	1	1	FALSE	FALSE	
79896	2	1	0.5	TRUE	FALSE	
79898	1	1	1	FALSE	FALSE	
79899	4	2	0.5	TRUE	FALSE	
799	2	2	1	FALSE	FALSE	
79901	2	2	1	FALSE	FALSE	
79902	1	1	1	FALSE	FALSE	
79903	2	2	1	FALSE	FALSE	
79905	2	2	1	FALSE	FALSE	
79906	5	2	0.4	TRUE	FALSE	
79908	1	1	1	FALSE	FALSE	
7991	3	3	1	FALSE	FALSE	
79912	3	2	0.666666666666667	TRUE	FALSE	
79913	2	2	1	FALSE	FALSE	
79915	1	1	1	FALSE	FALSE	
79917	5	3	0.6	TRUE	FALSE	
79918	2	2	1	FALSE	FALSE	
79919	1	1	1	FALSE	FALSE	
79921	1	1	1	FALSE	FALSE	
79922	1	1	1	FALSE	FALSE	
79923	2	1	0.5	TRUE	FALSE	
79924	1	1	1	FALSE	FALSE	
79925	2	1	0.5	TRUE	FALSE	
79927	1	1	1	FALSE	FALSE	
79929	2	1	0.5	TRUE	FALSE	
7993	1	1	1	FALSE	FALSE	
79930	2	1	0.5	TRUE	FALSE	
79931	1	1	1	FALSE	FALSE	
79932	2	2	1	FALSE	FALSE	
79933	2	2	1	FALSE	FALSE	
79934	2	1	0.5	TRUE	FALSE	
79935	1	1	1	FALSE	FALSE	
79937	1	1	1	FALSE	FALSE	
79939	5	5	1	FALSE	FALSE	
7994	4	3	0.75	TRUE	FALSE	
79940	2	2	1	FALSE	FALSE	
79943	2	1	0.5	TRUE	FALSE	
79944	3	3	1	FALSE	FALSE	
79946	1	1	1	FALSE	FALSE	
79947	2	2	1	FALSE	FALSE	
79949	2	2	1	FALSE	FALSE	
79953	1	1	1	FALSE	FALSE	
79954	2	1	0.5	TRUE	FALSE	
79955	1	1	1	FALSE	FALSE	
79956	2	2	1	FALSE	FALSE	
79957	1	1	1	FALSE	FALSE	
79958	1	1	1	FALSE	FALSE	
79959	2	2	1	FALSE	FALSE	
79960	4	4	1	FALSE	FALSE	
79961	2	2	1	FALSE	FALSE	
79962	3	3	1	FALSE	FALSE	
79963	1	1	1	FALSE	FALSE	
79966	4	3	0.75	TRUE	FALSE	
79968	2	1	0.5	TRUE	FALSE	
79969	2	1	0.5	TRUE	FALSE	
79970	1	1	1	FALSE	FALSE	
79971	3	2	0.666666666666667	TRUE	FALSE	
79973	1	1	1	FALSE	FALSE	
79974	2	2	1	FALSE	FALSE	
79977	1	1	1	FALSE	FALSE	
79979	2	1	0.5	TRUE	FALSE	
79980	1	1	1	FALSE	FALSE	
79981	1	1	1	FALSE	FALSE	
79982	3	2	0.666666666666667	TRUE	FALSE	
79983	3	1	0.333333333333333	TRUE	FALSE	
79986	1	1	1	FALSE	FALSE	
79987	7	6	0.857142857142857	TRUE	FALSE	
79989	4	3	0.75	TRUE	FALSE	
79990	2	2	1	FALSE	FALSE	
79991	3	2	0.666666666666667	TRUE	FALSE	
79992	1	1	1	FALSE	FALSE	
79993	1	1	1	FALSE	FALSE	
79998	2	2	1	FALSE	FALSE	
79999	1	1	1	FALSE	FALSE	
800	8	3	0.375	TRUE	FALSE	
8000	1	1	1	FALSE	FALSE	
80000	3	3	1	FALSE	FALSE	
80003	5	4	0.8	TRUE	FALSE	
80004	1	1	1	FALSE	FALSE	
80005	8	5	0.625	TRUE	FALSE	
80006	2	1	0.5	TRUE	FALSE	
80007	2	2	1	FALSE	FALSE	
80008	1	1	1	FALSE	FALSE	
8001	3	2	0.666666666666667	TRUE	FALSE	
80010	1	1	1	FALSE	FALSE	
80011	2	1	0.5	TRUE	FALSE	
80012	5	3	0.6	TRUE	FALSE	
80013	2	2	1	FALSE	FALSE	
80014	4	4	1	FALSE	FALSE	
80017	2	2	1	FALSE	FALSE	
80018	3	3	1	FALSE	FALSE	
80019	1	1	1	FALSE	FALSE	
80020	2	2	1	FALSE	FALSE	
80021	2	1	0.5	TRUE	FALSE	
80022	3	3	1	FALSE	FALSE	
80023	1	1	1	FALSE	FALSE	
80024	2	2	1	FALSE	FALSE	
80025	7	6	0.857142857142857	TRUE	FALSE	
80028	5	1	0.2	TRUE	FALSE	
80031	5	3	0.6	TRUE	FALSE	
80032	1	1	1	FALSE	FALSE	
80034	6	4	0.666666666666667	TRUE	FALSE	
80035	1	1	1	FALSE	FALSE	
80036	8	5	0.625	TRUE	FALSE	
80039	1	1	1	FALSE	FALSE	
80045	2	2	1	FALSE	FALSE	
80052	1	1	1	FALSE	FALSE	
80054	1	1	1	FALSE	FALSE	
80055	5	3	0.6	TRUE	FALSE	
80059	1	1	1	FALSE	FALSE	
80063	2	1	0.5	TRUE	FALSE	
80067	2	2	1	FALSE	FALSE	
80069	1	1	1	FALSE	FALSE	
80070	2	1	0.5	TRUE	FALSE	
80071	2	2	1	FALSE	FALSE	
80072	1	1	1	FALSE	FALSE	
80078	1	1	1	FALSE	FALSE	
80086	1	1	1	FALSE	FALSE	
80094	1	1	1	FALSE	FALSE	
80095	2	2	1	FALSE	FALSE	
80099	1	1	1	FALSE	FALSE	
801	1	1	1	FALSE	FALSE	
80108	1	1	1	FALSE	FALSE	
80110	3	1	0.333333333333333	TRUE	FALSE	
80111	1	1	1	FALSE	FALSE	
80114	2	2	1	FALSE	FALSE	
80115	2	2	1	FALSE	FALSE	
80117	1	1	1	FALSE	FALSE	
80119	2	1	0.5	TRUE	FALSE	
80122	2	1	0.5	TRUE	FALSE	
80124	4	1	0.25	TRUE	FALSE	
80125	2	1	0.5	TRUE	FALSE	
80127	1	1	1	FALSE	FALSE	
80128	2	1	0.5	TRUE	FALSE	
80129	1	1	1	FALSE	FALSE	
8013	3	3	1	FALSE	FALSE	
80131	2	2	1	FALSE	FALSE	
80133	1	1	1	FALSE	FALSE	
80135	3	2	0.666666666666667	TRUE	FALSE	
80139	1	1	1	FALSE	FALSE	
80142	1	1	1	FALSE	FALSE	
80143	5	3	0.6	TRUE	FALSE	
80144	5	4	0.8	TRUE	FALSE	
80145	1	1	1	FALSE	FALSE	
80146	2	2	1	FALSE	FALSE	
80148	2	2	1	FALSE	FALSE	
80149	1	1	1	FALSE	FALSE	
80150	2	2	1	FALSE	FALSE	
80152	2	1	0.5	TRUE	FALSE	
80153	2	1	0.5	TRUE	FALSE	
80154	1	1	1	FALSE	FALSE	
80155	6	3	0.5	TRUE	FALSE	
80157	2	2	1	FALSE	FALSE	
80161	5	2	0.4	TRUE	FALSE	
80162	2	1	0.5	TRUE	FALSE	
80164	1	1	1	FALSE	FALSE	
80167	3	3	1	FALSE	FALSE	
80168	2	1	0.5	TRUE	FALSE	
80169	3	2	0.666666666666667	TRUE	FALSE	
80173	3	2	0.666666666666667	TRUE	FALSE	
80174	4	3	0.75	TRUE	FALSE	
80176	2	2	1	FALSE	FALSE	
80177	2	2	1	FALSE	FALSE	
80178	1	1	1	FALSE	FALSE	
80179	4	4	1	FALSE	FALSE	
80183	2	2	1	FALSE	FALSE	
80184	3	1	0.333333333333333	TRUE	FALSE	
80185	1	1	1	FALSE	FALSE	
8019	3	2	0.666666666666667	TRUE	FALSE	
80194	3	2	0.666666666666667	TRUE	FALSE	
80195	2	2	1	FALSE	FALSE	
80196	3	3	1	FALSE	FALSE	
80198	1	1	1	FALSE	FALSE	
80199	1	1	1	FALSE	FALSE	
80201	4	4	1	FALSE	FALSE	
80204	5	4	0.8	TRUE	FALSE	
80205	7	5	0.714285714285714	TRUE	FALSE	
80206	1	1	1	FALSE	FALSE	
80207	3	2	0.666666666666667	TRUE	FALSE	
80208	3	2	0.666666666666667	TRUE	FALSE	
80209	2	2	1	FALSE	FALSE	
8021	3	2	0.666666666666667	TRUE	FALSE	
80210	6	4	0.666666666666667	TRUE	FALSE	
80212	1	1	1	FALSE	FALSE	
80213	3	3	1	FALSE	FALSE	
80215	1	1	1	FALSE	FALSE	
80216	3	3	1	FALSE	FALSE	
80217	4	2	0.5	TRUE	FALSE	
80218	3	3	1	FALSE	FALSE	
80219	2	2	1	FALSE	FALSE	
8022	1	1	1	FALSE	FALSE	
80221	1	1	1	FALSE	FALSE	
80222	1	1	1	FALSE	FALSE	
80223	2	2	1	FALSE	FALSE	
80224	1	1	1	FALSE	FALSE	
80227	2	1	0.5	TRUE	FALSE	
80228	5	3	0.6	TRUE	FALSE	
80230	4	1	0.25	TRUE	FALSE	
80232	5	2	0.4	TRUE	FALSE	
80233	3	2	0.666666666666667	TRUE	FALSE	
80235	1	1	1	FALSE	FALSE	
80237	2	2	1	FALSE	FALSE	
80243	4	3	0.75	TRUE	FALSE	
80254	3	3	1	FALSE	FALSE	
80255	3	2	0.666666666666667	TRUE	FALSE	
80256	1	1	1	FALSE	FALSE	
80258	2	2	1	FALSE	FALSE	
80262	3	1	0.333333333333333	TRUE	FALSE	
80263	2	2	1	FALSE	FALSE	
80267	2	2	1	FALSE	FALSE	
8027	1	1	1	FALSE	FALSE	
80270	1	1	1	FALSE	FALSE	
80271	1	1	1	FALSE	FALSE	
80273	2	2	1	FALSE	FALSE	
80274	1	1	1	FALSE	FALSE	
80279	1	1	1	FALSE	FALSE	
8028	5	4	0.8	TRUE	FALSE	
8029	1	1	1	FALSE	FALSE	
80298	2	1	0.5	TRUE	FALSE	
8030	2	2	1	FALSE	FALSE	
80301	1	1	1	FALSE	FALSE	
80303	1	1	1	FALSE	FALSE	
80304	1	1	1	FALSE	FALSE	
80305	3	3	1	FALSE	FALSE	
80306	9	6	0.666666666666667	TRUE	FALSE	
80307	2	2	1	FALSE	FALSE	
80308	2	2	1	FALSE	FALSE	
80309	1	1	1	FALSE	FALSE	
8031	1	1	1	FALSE	FALSE	
80310	2	1	0.5	TRUE	FALSE	
80311	1	1	1	FALSE	FALSE	
80312	1	1	1	FALSE	FALSE	
80313	4	3	0.75	TRUE	FALSE	
80314	4	2	0.5	TRUE	FALSE	
80315	3	3	1	FALSE	FALSE	
80316	1	1	1	FALSE	FALSE	
80317	3	2	0.666666666666667	TRUE	FALSE	
80318	3	3	1	FALSE	FALSE	
80319	2	2	1	FALSE	FALSE	
80320	1	1	1	FALSE	FALSE	
80321	5	4	0.8	TRUE	FALSE	
80323	1	1	1	FALSE	FALSE	
80324	1	1	1	FALSE	FALSE	
80325	5	1	0.2	TRUE	FALSE	
80326	2	1	0.5	TRUE	FALSE	
80328	2	1	0.5	TRUE	FALSE	
80329	1	1	1	FALSE	FALSE	
80331	3	3	1	FALSE	FALSE	
80332	1	1	1	FALSE	FALSE	
80333	2	2	1	FALSE	FALSE	
80335	1	1	1	FALSE	FALSE	
80336	3	2	0.666666666666667	TRUE	FALSE	
80339	2	1	0.5	TRUE	FALSE	
8034	3	3	1	FALSE	FALSE	
80341	1	1	1	FALSE	FALSE	
80342	4	3	0.75	TRUE	FALSE	
80343	1	1	1	FALSE	FALSE	
80344	2	1	0.5	TRUE	FALSE	
80345	1	1	1	FALSE	FALSE	
80346	1	1	1	FALSE	FALSE	
80347	1	1	1	FALSE	FALSE	
80349	5	3	0.6	TRUE	FALSE	
80350	1	1	1	FALSE	FALSE	
80351	4	3	0.75	TRUE	FALSE	
80352	1	1	1	FALSE	FALSE	
8036	1	1	1	FALSE	FALSE	
8038	5	3	0.6	TRUE	FALSE	
80380	2	2	1	FALSE	FALSE	
80381	3	1	0.333333333333333	TRUE	FALSE	
8045	2	2	1	FALSE	FALSE	
8048	1	1	1	FALSE	FALSE	
805	1	1	1	FALSE	FALSE	
8050	1	1	1	FALSE	FALSE	
8061	1	1	1	FALSE	FALSE	
8065	3	2	0.666666666666667	TRUE	TRUE	230393_at
80700	2	2	1	FALSE	FALSE	
80704	2	2	1	FALSE	FALSE	
80705	4	4	1	FALSE	FALSE	
80709	2	1	0.5	TRUE	FALSE	
80712	1	1	1	FALSE	FALSE	
80714	1	1	1	FALSE	FALSE	
80723	2	1	0.5	TRUE	TRUE	219569_s_at
80724	4	4	1	FALSE	FALSE	
80725	3	3	1	FALSE	FALSE	
80726	2	1	0.5	TRUE	FALSE	
80727	1	1	1	FALSE	FALSE	
80728	1	1	1	FALSE	FALSE	
8073	4	4	1	FALSE	FALSE	
80731	1	1	1	FALSE	FALSE	
80736	2	1	0.5	TRUE	FALSE	
80737	1	1	1	FALSE	FALSE	
80739	1	1	1	FALSE	FALSE	
8074	1	1	1	FALSE	FALSE	
80740	1	1	1	FALSE	FALSE	
80741	1	1	1	FALSE	FALSE	
80742	1	1	1	FALSE	FALSE	
80745	1	1	1	FALSE	FALSE	
80746	3	2	0.666666666666667	TRUE	FALSE	
80757	2	1	0.5	TRUE	FALSE	
80758	1	1	1	FALSE	FALSE	
80759	2	1	0.5	TRUE	FALSE	
8076	3	3	1	FALSE	FALSE	
80760	2	2	1	FALSE	FALSE	
80762	3	2	0.666666666666667	TRUE	FALSE	
80763	2	2	1	FALSE	FALSE	
80764	1	1	1	FALSE	FALSE	
80765	1	1	1	FALSE	FALSE	
80772	1	1	1	FALSE	FALSE	
80774	1	1	1	FALSE	FALSE	
80775	2	1	0.5	TRUE	FALSE	
80776	1	1	1	FALSE	FALSE	
80777	4	4	1	FALSE	FALSE	
80778	1	1	1	FALSE	FALSE	
8078	1	1	1	FALSE	FALSE	
80781	2	2	1	FALSE	FALSE	
80789	2	2	1	FALSE	FALSE	
8079	1	1	1	FALSE	FALSE	
80790	3	3	1	FALSE	FALSE	
80816	4	3	0.75	TRUE	FALSE	
80817	1	1	1	FALSE	FALSE	
80818	2	1	0.5	TRUE	FALSE	
8082	4	4	1	FALSE	FALSE	
80820	4	4	1	FALSE	FALSE	
80821	5	5	1	FALSE	FALSE	
80823	1	1	1	FALSE	FALSE	
80824	4	3	0.75	TRUE	FALSE	
80829	2	2	1	FALSE	FALSE	
80830	4	4	1	FALSE	FALSE	
80831	1	1	1	FALSE	FALSE	
80832	3	3	1	FALSE	FALSE	
80833	1	1	1	FALSE	FALSE	
80834	1	1	1	FALSE	FALSE	
80835	2	2	1	FALSE	FALSE	
8085	5	3	0.6	TRUE	FALSE	
80851	1	1	1	FALSE	FALSE	
80852	1	1	1	FALSE	FALSE	
80853	2	2	1	FALSE	FALSE	
80854	2	2	1	FALSE	FALSE	
80856	3	3	1	FALSE	FALSE	
8086	1	1	1	FALSE	FALSE	
80862	6	3	0.5	TRUE	FALSE	
80868	1	1	1	FALSE	FALSE	
8087	6	2	0.333333333333333	TRUE	FALSE	
8089	1	1	1	FALSE	FALSE	
80895	1	1	1	FALSE	FALSE	
80896	4	2	0.5	TRUE	FALSE	
8091	9	4	0.444444444444444	TRUE	FALSE	
8092	1	1	1	FALSE	FALSE	
80975	1	1	1	FALSE	FALSE	
8099	1	1	1	FALSE	FALSE	
81	1	1	1	FALSE	FALSE	
810	1	1	1	FALSE	FALSE	
8100	1	1	1	FALSE	FALSE	
81027	2	2	1	FALSE	FALSE	
81029	3	1	0.333333333333333	TRUE	FALSE	
81030	2	2	1	FALSE	FALSE	
81031	1	1	1	FALSE	FALSE	
81033	3	2	0.666666666666667	TRUE	FALSE	
81034	1	1	1	FALSE	FALSE	
81035	1	1	1	FALSE	FALSE	
81037	3	3	1	FALSE	FALSE	
8106	1	1	1	FALSE	FALSE	
811	1	1	1	FALSE	FALSE	
8110	4	3	0.75	TRUE	FALSE	
8111	2	1	0.5	TRUE	FALSE	
81137	2	2	1	FALSE	FALSE	
8115	2	2	1	FALSE	FALSE	
8120	2	2	1	FALSE	FALSE	
8123	1	1	1	FALSE	FALSE	
8125	3	2	0.666666666666667	TRUE	FALSE	
8128	2	2	1	FALSE	FALSE	
81285	3	2	0.666666666666667	TRUE	FALSE	
813	4	1	0.25	TRUE	FALSE	
8131	2	2	1	FALSE	FALSE	
8139	2	2	1	FALSE	FALSE	
814	3	1	0.333333333333333	TRUE	FALSE	
8140	1	1	1	FALSE	FALSE	
81472	1	1	1	FALSE	FALSE	
8148	3	3	1	FALSE	FALSE	
81490	1	1	1	FALSE	FALSE	
81491	1	1	1	FALSE	FALSE	
81492	1	1	1	FALSE	FALSE	
81493	1	1	1	FALSE	FALSE	
81494	1	1	1	FALSE	FALSE	
815	2	2	1	FALSE	FALSE	
81501	1	1	1	FALSE	FALSE	
81502	3	2	0.666666666666667	TRUE	FALSE	
8153	2	1	0.5	TRUE	FALSE	
81532	1	1	1	FALSE	FALSE	
81533	5	3	0.6	TRUE	FALSE	
81537	2	2	1	FALSE	FALSE	
81539	4	3	0.75	TRUE	FALSE	
81542	2	2	1	FALSE	FALSE	
81543	2	1	0.5	TRUE	FALSE	
81544	2	2	1	FALSE	FALSE	
81545	2	2	1	FALSE	FALSE	
81550	2	2	1	FALSE	FALSE	
81551	2	2	1	FALSE	FALSE	
81552	1	1	1	FALSE	FALSE	
81553	3	3	1	FALSE	FALSE	
81554	4	1	0.25	TRUE	FALSE	
81555	4	1	0.25	TRUE	FALSE	
81556	2	2	1	FALSE	FALSE	
81558	1	1	1	FALSE	FALSE	
81559	2	2	1	FALSE	FALSE	
81562	1	1	1	FALSE	FALSE	
81563	5	4	0.8	TRUE	FALSE	
81565	2	2	1	FALSE	FALSE	
81566	2	2	1	FALSE	FALSE	
81569	1	1	1	FALSE	FALSE	
81570	2	2	1	FALSE	FALSE	
81572	1	1	1	FALSE	FALSE	
81573	4	4	1	FALSE	FALSE	
81575	1	1	1	FALSE	FALSE	
81576	1	1	1	FALSE	FALSE	
81577	2	2	1	FALSE	FALSE	
81578	1	1	1	FALSE	FALSE	
81579	2	2	1	FALSE	FALSE	
816	3	2	0.666666666666667	TRUE	FALSE	
81602	4	4	1	FALSE	FALSE	
81603	5	1	0.2	TRUE	FALSE	
81605	2	2	1	FALSE	FALSE	
81606	1	1	1	FALSE	FALSE	
81607	1	1	1	FALSE	FALSE	
81608	3	1	0.333333333333333	TRUE	FALSE	
81609	2	2	1	FALSE	FALSE	
8161	2	2	1	FALSE	FALSE	
81610	1	1	1	FALSE	FALSE	
81611	3	3	1	FALSE	FALSE	
81614	2	2	1	FALSE	FALSE	
81615	2	2	1	FALSE	FALSE	
81616	1	1	1	FALSE	FALSE	
81617	3	3	1	FALSE	FALSE	
81618	1	1	1	FALSE	FALSE	
81619	2	1	0.5	TRUE	FALSE	
81620	1	1	1	FALSE	FALSE	
81621	3	1	0.333333333333333	TRUE	FALSE	
81622	3	1	0.333333333333333	TRUE	FALSE	
81623	2	1	0.5	TRUE	FALSE	
81624	4	2	0.5	TRUE	FALSE	
81626	1	1	1	FALSE	FALSE	
81627	3	1	0.333333333333333	TRUE	FALSE	
81628	2	2	1	FALSE	FALSE	
81629	1	1	1	FALSE	FALSE	
81631	2	2	1	FALSE	FALSE	
8165	4	4	1	FALSE	FALSE	
81669	3	3	1	FALSE	FALSE	
81688	2	2	1	FALSE	FALSE	
81689	3	3	1	FALSE	FALSE	
81691	2	1	0.5	TRUE	FALSE	
81693	3	3	1	FALSE	FALSE	
81696	1	1	1	FALSE	FALSE	
81697	1	1	1	FALSE	FALSE	
81698	1	1	1	FALSE	FALSE	
817	5	5	1	FALSE	FALSE	
8170	1	1	1	FALSE	FALSE	
81704	4	4	1	FALSE	FALSE	
81706	1	1	1	FALSE	FALSE	
8174	1	1	1	FALSE	FALSE	
8175	1	1	1	FALSE	FALSE	
8178	3	2	0.666666666666667	TRUE	FALSE	
81786	3	3	1	FALSE	FALSE	
81789	1	1	1	FALSE	FALSE	
81790	3	3	1	FALSE	FALSE	
81792	2	1	0.5	TRUE	FALSE	
81793	1	1	1	FALSE	FALSE	
81794	1	1	1	FALSE	FALSE	
81796	2	1	0.5	TRUE	FALSE	
81797	1	1	1	FALSE	FALSE	
818	5	3	0.6	TRUE	FALSE	
81831	2	2	1	FALSE	FALSE	
81832	4	4	1	FALSE	FALSE	
81833	1	1	1	FALSE	FALSE	
81839	4	4	1	FALSE	FALSE	
81844	3	3	1	FALSE	FALSE	
81846	3	1	0.333333333333333	TRUE	FALSE	
81847	2	2	1	FALSE	FALSE	
81848	1	1	1	FALSE	FALSE	
81849	3	3	1	FALSE	FALSE	
81850	1	1	1	FALSE	FALSE	
81851	1	1	1	FALSE	FALSE	
81853	2	2	1	FALSE	FALSE	
81854	1	1	1	FALSE	FALSE	
81855	2	2	1	FALSE	FALSE	
81856	1	1	1	FALSE	FALSE	
81857	2	1	0.5	TRUE	FALSE	
81858	1	1	1	FALSE	FALSE	
8187	1	1	1	FALSE	FALSE	
81870	1	1	1	FALSE	FALSE	
81871	1	1	1	FALSE	FALSE	
81872	1	1	1	FALSE	FALSE	
81873	3	3	1	FALSE	FALSE	
81875	3	1	0.333333333333333	TRUE	TRUE	212766_s_at
81887	2	1	0.5	TRUE	FALSE	
81888	1	1	1	FALSE	FALSE	
81889	2	2	1	FALSE	FALSE	
8189	4	4	1	FALSE	FALSE	
81890	1	1	1	FALSE	FALSE	
81892	1	1	1	FALSE	FALSE	
81894	3	2	0.666666666666667	TRUE	FALSE	
819	1	1	1	FALSE	FALSE	
8190	1	1	1	FALSE	FALSE	
8192	1	1	1	FALSE	FALSE	
81926	1	1	1	FALSE	FALSE	
81928	1	1	1	FALSE	FALSE	
81929	2	2	1	FALSE	FALSE	
8193	1	1	1	FALSE	FALSE	
81930	1	1	1	FALSE	FALSE	
81931	3	2	0.666666666666667	TRUE	FALSE	
81932	1	1	1	FALSE	FALSE	
8195	2	2	1	FALSE	FALSE	
820	1	1	1	FALSE	FALSE	
8200	1	1	1	FALSE	FALSE	
8202	4	3	0.75	TRUE	FALSE	
8204	2	2	1	FALSE	FALSE	
8208	1	1	1	FALSE	FALSE	
821	5	3	0.6	TRUE	FALSE	
8216	1	1	1	FALSE	FALSE	
8218	1	1	1	FALSE	FALSE	
822	1	1	1	FALSE	FALSE	
8220	5	4	0.8	TRUE	FALSE	
8224	1	1	1	FALSE	FALSE	
8225	1	1	1	FALSE	FALSE	
8226	1	1	1	FALSE	FALSE	
8227	3	2	0.666666666666667	TRUE	FALSE	
8228	2	1	0.5	TRUE	FALSE	
823	2	2	1	FALSE	FALSE	
8237	1	1	1	FALSE	FALSE	
8239	3	3	1	FALSE	FALSE	
824	2	1	0.5	TRUE	FALSE	
8241	1	1	1	FALSE	FALSE	
8242	2	2	1	FALSE	FALSE	
8243	4	2	0.5	TRUE	FALSE	
825	1	1	1	FALSE	FALSE	
826	1	1	1	FALSE	FALSE	
8260	1	1	1	FALSE	FALSE	
8266	1	1	1	FALSE	FALSE	
8269	1	1	1	FALSE	FALSE	
827	3	3	1	FALSE	FALSE	
8270	1	1	1	FALSE	FALSE	
8273	1	1	1	FALSE	FALSE	
8277	2	1	0.5	TRUE	FALSE	
828	4	4	1	FALSE	FALSE	
8284	1	1	1	FALSE	FALSE	
8287	2	1	0.5	TRUE	FALSE	
8288	1	1	1	FALSE	FALSE	
8289	3	2	0.666666666666667	TRUE	FALSE	
829	2	2	1	FALSE	FALSE	
8290	1	1	1	FALSE	FALSE	
8291	1	1	1	FALSE	FALSE	
8292	1	1	1	FALSE	FALSE	
8294	1	1	1	FALSE	FALSE	
8295	2	2	1	FALSE	FALSE	
830	3	3	1	FALSE	FALSE	
8301	4	4	1	FALSE	FALSE	
8302	1	1	1	FALSE	FALSE	
8303	2	2	1	FALSE	FALSE	
8309	1	1	1	FALSE	FALSE	
831	4	4	1	FALSE	FALSE	
8310	2	2	1	FALSE	FALSE	
8312	1	1	1	FALSE	FALSE	
8313	3	2	0.666666666666667	TRUE	FALSE	
8314	2	1	0.5	TRUE	FALSE	
8315	4	4	1	FALSE	FALSE	
8317	1	1	1	FALSE	FALSE	
8318	1	1	1	FALSE	FALSE	
832	2	1	0.5	TRUE	FALSE	
8320	1	1	1	FALSE	FALSE	
8321	3	3	1	FALSE	FALSE	
8322	2	2	1	FALSE	FALSE	
8323	1	1	1	FALSE	FALSE	
8324	2	2	1	FALSE	FALSE	
8325	2	1	0.5	TRUE	FALSE	
8326	1	1	1	FALSE	FALSE	
8328	2	1	0.5	TRUE	FALSE	
833	4	3	0.75	TRUE	FALSE	
8330	2	1	0.5	TRUE	FALSE	
8332	1	1	1	FALSE	FALSE	
8333	1	1	1	FALSE	FALSE	
8334	1	1	1	FALSE	FALSE	
8335	1	1	1	FALSE	FALSE	
8337	1	1	1	FALSE	FALSE	
8339	1	1	1	FALSE	FALSE	
83394	2	1	0.5	TRUE	FALSE	
834	3	1	0.333333333333333	TRUE	FALSE	
8340	1	1	1	FALSE	FALSE	
83401	1	1	1	FALSE	FALSE	
8341	1	1	1	FALSE	FALSE	
83416	5	5	1	FALSE	FALSE	
83417	3	2	0.666666666666667	TRUE	FALSE	
8342	1	1	1	FALSE	FALSE	
83439	1	1	1	FALSE	FALSE	
83440	2	2	1	FALSE	FALSE	
83442	1	1	1	FALSE	FALSE	
83443	1	1	1	FALSE	FALSE	
83444	1	1	1	FALSE	FALSE	
83445	1	1	1	FALSE	FALSE	
83446	1	1	1	FALSE	FALSE	
83447	1	1	1	FALSE	FALSE	
83448	4	4	1	FALSE	FALSE	
83449	1	1	1	FALSE	FALSE	
83450	2	2	1	FALSE	FALSE	
83451	3	2	0.666666666666667	TRUE	TRUE	221927_s_at
83452	1	1	1	FALSE	FALSE	
83460	1	1	1	FALSE	FALSE	
83461	2	2	1	FALSE	FALSE	
83463	1	1	1	FALSE	FALSE	
83464	2	1	0.5	TRUE	FALSE	
83468	2	2	1	FALSE	FALSE	
8347	2	2	1	FALSE	FALSE	
83473	2	2	1	FALSE	FALSE	
83475	3	2	0.666666666666667	TRUE	FALSE	
83478	6	5	0.833333333333333	TRUE	FALSE	
83479	2	1	0.5	TRUE	FALSE	
8348	1	1	1	FALSE	FALSE	
83480	1	1	1	FALSE	FALSE	
83481	4	4	1	FALSE	FALSE	
83482	2	2	1	FALSE	FALSE	
83483	1	1	1	FALSE	FALSE	
8349	1	1	1	FALSE	FALSE	
835	5	5	1	FALSE	FALSE	
8350	1	1	1	FALSE	FALSE	
8352	1	1	1	FALSE	FALSE	
8353	1	1	1	FALSE	FALSE	
83538	1	1	1	FALSE	FALSE	
83539	1	1	1	FALSE	FALSE	
8354	1	1	1	FALSE	FALSE	
83540	1	1	1	FALSE	FALSE	
83541	1	1	1	FALSE	FALSE	
83543	2	2	1	FALSE	FALSE	
83544	3	3	1	FALSE	FALSE	
83546	1	1	1	FALSE	FALSE	
83547	1	1	1	FALSE	FALSE	
83548	3	1	0.333333333333333	TRUE	FALSE	
83549	2	2	1	FALSE	FALSE	
83550	1	1	1	FALSE	FALSE	
83551	1	1	1	FALSE	FALSE	
8356	1	1	1	FALSE	FALSE	
8357	1	1	1	FALSE	FALSE	
8358	1	1	1	FALSE	FALSE	
8359	1	1	1	FALSE	FALSE	
83591	2	2	1	FALSE	FALSE	
83592	3	1	0.333333333333333	TRUE	FALSE	
83593	2	2	1	FALSE	FALSE	
83594	2	2	1	FALSE	FALSE	
83595	2	2	1	FALSE	FALSE	
83596	1	1	1	FALSE	FALSE	
83597	2	2	1	FALSE	FALSE	
83598	1	1	1	FALSE	FALSE	
836	1	1	1	FALSE	FALSE	
8360	1	1	1	FALSE	FALSE	
83604	2	2	1	FALSE	FALSE	
83605	1	1	1	FALSE	FALSE	
83606	1	1	1	FALSE	FALSE	
83607	1	1	1	FALSE	FALSE	
83608	2	1	0.5	TRUE	FALSE	
8361	1	1	1	FALSE	FALSE	
83636	3	3	1	FALSE	FALSE	
83637	3	3	1	FALSE	FALSE	
83638	1	1	1	FALSE	FALSE	
83639	1	1	1	FALSE	FALSE	
8364	1	1	1	FALSE	FALSE	
83640	2	2	1	FALSE	FALSE	
83641	2	2	1	FALSE	FALSE	
83642	2	2	1	FALSE	FALSE	
83643	1	1	1	FALSE	FALSE	
83647	1	1	1	FALSE	FALSE	
83648	2	2	1	FALSE	FALSE	
8365	3	3	1	FALSE	FALSE	
83655	1	1	1	FALSE	FALSE	
83656	1	1	1	FALSE	FALSE	
83657	1	1	1	FALSE	FALSE	
83658	5	3	0.6	TRUE	FALSE	
83659	1	1	1	FALSE	FALSE	
8366	1	1	1	FALSE	FALSE	
83660	3	2	0.666666666666667	TRUE	FALSE	
83661	1	1	1	FALSE	FALSE	
83666	2	2	1	FALSE	FALSE	
83667	2	1	0.5	TRUE	FALSE	
8367	1	1	1	FALSE	FALSE	
8368	1	1	1	FALSE	FALSE	
8369	1	1	1	FALSE	FALSE	
83690	1	1	1	FALSE	FALSE	
83692	4	3	0.75	TRUE	FALSE	
83693	1	1	1	FALSE	FALSE	
83694	1	1	1	FALSE	FALSE	
83695	2	2	1	FALSE	FALSE	
83696	4	3	0.75	TRUE	FALSE	
83697	2	2	1	FALSE	FALSE	
83698	3	1	0.333333333333333	TRUE	FALSE	
83699	1	1	1	FALSE	FALSE	
837	2	1	0.5	TRUE	FALSE	
83700	3	2	0.666666666666667	TRUE	FALSE	
83706	1	1	1	FALSE	FALSE	
83707	1	1	1	FALSE	FALSE	
83714	1	1	1	FALSE	FALSE	
83715	2	1	0.5	TRUE	FALSE	
83716	2	1	0.5	TRUE	FALSE	
83719	2	1	0.5	TRUE	FALSE	
8372	1	1	1	FALSE	FALSE	
83729	1	1	1	FALSE	FALSE	
83732	1	1	1	FALSE	FALSE	
83733	1	1	1	FALSE	FALSE	
83734	5	3	0.6	TRUE	FALSE	
83737	5	5	1	FALSE	FALSE	
83741	1	1	1	FALSE	FALSE	
83742	2	2	1	FALSE	FALSE	
83743	1	1	1	FALSE	FALSE	
83744	1	1	1	FALSE	FALSE	
83746	2	2	1	FALSE	FALSE	
83752	4	3	0.75	TRUE	FALSE	
83755	1	1	1	FALSE	FALSE	
83758	2	1	0.5	TRUE	FALSE	
83759	1	1	1	FALSE	FALSE	
83786	3	1	0.333333333333333	TRUE	FALSE	
83787	2	1	0.5	TRUE	FALSE	
8379	1	1	1	FALSE	FALSE	
83795	1	1	1	FALSE	FALSE	
838	1	1	1	FALSE	FALSE	
8382	1	1	1	FALSE	FALSE	
8383	1	1	1	FALSE	FALSE	
83844	1	1	1	FALSE	FALSE	
83850	3	2	0.666666666666667	TRUE	FALSE	
83851	2	1	0.5	TRUE	FALSE	
83852	5	4	0.8	TRUE	FALSE	
83853	2	2	1	FALSE	FALSE	
83854	1	1	1	FALSE	FALSE	
83855	1	1	1	FALSE	FALSE	
83856	4	4	1	FALSE	FALSE	
83857	4	4	1	FALSE	FALSE	
83858	1	1	1	FALSE	FALSE	
83860	2	1	0.5	TRUE	FALSE	
83861	4	3	0.75	TRUE	FALSE	
83862	1	1	1	FALSE	FALSE	
83863	1	1	1	FALSE	FALSE	
83866	1	1	1	FALSE	FALSE	
83867	1	1	1	FALSE	FALSE	
83868	1	1	1	FALSE	FALSE	
83869	2	1	0.5	TRUE	FALSE	
8387	1	1	1	FALSE	FALSE	
83871	2	2	1	FALSE	FALSE	
83872	1	1	1	FALSE	FALSE	
83873	1	1	1	FALSE	FALSE	
83874	2	2	1	FALSE	FALSE	
83875	1	1	1	FALSE	FALSE	
83876	3	3	1	FALSE	FALSE	
83877	1	1	1	FALSE	FALSE	
83878	1	1	1	FALSE	FALSE	
83879	2	2	1	FALSE	FALSE	
83881	1	1	1	FALSE	FALSE	
83882	2	1	0.5	TRUE	FALSE	
83884	1	1	1	FALSE	FALSE	
83886	1	1	1	FALSE	FALSE	
83887	1	1	1	FALSE	FALSE	
83888	1	1	1	FALSE	FALSE	
83889	1	1	1	FALSE	FALSE	
8389	1	1	1	FALSE	FALSE	
83890	2	2	1	FALSE	FALSE	
83891	4	1	0.25	TRUE	FALSE	
83892	2	2	1	FALSE	FALSE	
83893	1	1	1	FALSE	FALSE	
83894	1	1	1	FALSE	FALSE	
83895	1	1	1	FALSE	FALSE	
83896	1	1	1	FALSE	FALSE	
83897	1	1	1	FALSE	FALSE	
839	1	1	1	FALSE	FALSE	
8390	1	1	1	FALSE	FALSE	
83900	1	1	1	FALSE	FALSE	
83902	1	1	1	FALSE	FALSE	
83903	1	1	1	FALSE	FALSE	
8392	1	1	1	FALSE	FALSE	
83930	1	1	1	FALSE	FALSE	
83931	2	2	1	FALSE	FALSE	
83932	1	1	1	FALSE	FALSE	
83933	2	2	1	FALSE	FALSE	
83937	4	4	1	FALSE	FALSE	
83938	1	1	1	FALSE	FALSE	
83939	1	1	1	FALSE	FALSE	
8394	2	2	1	FALSE	FALSE	
83940	1	1	1	FALSE	FALSE	
83941	5	3	0.6	TRUE	FALSE	
83942	1	1	1	FALSE	FALSE	
83943	2	2	1	FALSE	FALSE	
8395	2	2	1	FALSE	FALSE	
83953	1	1	1	FALSE	FALSE	
83956	1	1	1	FALSE	FALSE	
83959	2	1	0.5	TRUE	FALSE	
8396	4	2	0.5	TRUE	FALSE	
8398	1	1	1	FALSE	FALSE	
83983	3	2	0.666666666666667	TRUE	FALSE	
83985	1	1	1	FALSE	FALSE	
83986	1	1	1	FALSE	FALSE	
83987	2	2	1	FALSE	FALSE	
83988	2	2	1	FALSE	FALSE	
83989	2	2	1	FALSE	FALSE	
8399	1	1	1	FALSE	FALSE	
83990	2	1	0.5	TRUE	FALSE	
83992	2	2	1	FALSE	FALSE	
83998	3	2	0.666666666666667	TRUE	FALSE	
83999	5	3	0.6	TRUE	FALSE	
840	1	1	1	FALSE	FALSE	
84000	2	1	0.5	TRUE	FALSE	
84002	3	3	1	FALSE	FALSE	
8402	2	2	1	FALSE	FALSE	
8403	1	1	1	FALSE	FALSE	
84033	4	3	0.75	TRUE	FALSE	
84034	3	3	1	FALSE	FALSE	
8404	1	1	1	FALSE	FALSE	
8405	3	2	0.666666666666667	TRUE	FALSE	
84056	2	2	1	FALSE	FALSE	
84057	1	1	1	FALSE	FALSE	
84058	1	1	1	FALSE	FALSE	
84059	5	2	0.4	TRUE	FALSE	
8406	1	1	1	FALSE	FALSE	
84060	5	5	1	FALSE	FALSE	
84061	3	3	1	FALSE	FALSE	
84062	3	2	0.666666666666667	TRUE	FALSE	
84063	1	1	1	FALSE	FALSE	
84064	1	1	1	FALSE	FALSE	
84065	2	2	1	FALSE	FALSE	
84066	1	1	1	FALSE	FALSE	
84067	1	1	1	FALSE	FALSE	
84068	3	2	0.666666666666667	TRUE	FALSE	
84069	1	1	1	FALSE	FALSE	
8407	2	2	1	FALSE	FALSE	
84070	1	1	1	FALSE	FALSE	
84071	1	1	1	FALSE	FALSE	
84072	1	1	1	FALSE	FALSE	
84073	2	2	1	FALSE	FALSE	
84074	1	1	1	FALSE	FALSE	
84075	1	1	1	FALSE	FALSE	
84076	1	1	1	FALSE	FALSE	
84077	1	1	1	FALSE	FALSE	
84078	3	3	1	FALSE	FALSE	
84079	1	1	1	FALSE	FALSE	
8408	1	1	1	FALSE	FALSE	
84080	1	1	1	FALSE	FALSE	
84081	1	1	1	FALSE	FALSE	
84083	3	2	0.666666666666667	TRUE	FALSE	
84085	2	1	0.5	TRUE	FALSE	
8409	1	1	1	FALSE	FALSE	
84099	1	1	1	FALSE	FALSE	
841	3	2	0.666666666666667	TRUE	FALSE	
84100	2	1	0.5	TRUE	FALSE	
84101	1	1	1	FALSE	FALSE	
84102	3	2	0.666666666666667	TRUE	FALSE	
84103	1	1	1	FALSE	FALSE	
84105	3	3	1	FALSE	FALSE	
84106	1	1	1	FALSE	FALSE	
84107	2	2	1	FALSE	FALSE	
84108	1	1	1	FALSE	FALSE	
84109	1	1	1	FALSE	FALSE	
8411	3	3	1	FALSE	FALSE	
8412	1	1	1	FALSE	FALSE	
84124	2	1	0.5	TRUE	FALSE	
84125	1	1	1	FALSE	FALSE	
84126	1	1	1	FALSE	FALSE	
84128	1	1	1	FALSE	FALSE	
84131	3	3	1	FALSE	FALSE	
84132	5	4	0.8	TRUE	FALSE	
84133	1	1	1	FALSE	FALSE	
84134	1	1	1	FALSE	FALSE	
84135	2	1	0.5	TRUE	FALSE	
84138	2	2	1	FALSE	FALSE	
84140	4	3	0.75	TRUE	FALSE	
84141	1	1	1	FALSE	FALSE	
84142	2	2	1	FALSE	FALSE	
84144	1	1	1	FALSE	FALSE	
84146	2	1	0.5	TRUE	FALSE	
84148	2	2	1	FALSE	FALSE	
84152	1	1	1	FALSE	FALSE	
84153	2	1	0.5	TRUE	FALSE	
84154	1	1	1	FALSE	FALSE	
84159	5	5	1	FALSE	FALSE	
8416	2	2	1	FALSE	FALSE	
84162	7	1	0.142857142857143	TRUE	FALSE	
84163	1	1	1	FALSE	FALSE	
84164	1	1	1	FALSE	FALSE	
84166	1	1	1	FALSE	FALSE	
84167	2	2	1	FALSE	FALSE	
84168	6	4	0.666666666666667	TRUE	FALSE	
8417	4	3	0.75	TRUE	FALSE	
84171	2	2	1	FALSE	FALSE	
84172	3	1	0.333333333333333	TRUE	FALSE	
84173	1	1	1	FALSE	FALSE	
84174	2	1	0.5	TRUE	FALSE	
84176	1	1	1	FALSE	FALSE	
84179	1	1	1	FALSE	FALSE	
8418	4	1	0.25	TRUE	FALSE	
84181	4	3	0.75	TRUE	FALSE	
84186	3	1	0.333333333333333	TRUE	TRUE	230332_at
84187	2	1	0.5	TRUE	FALSE	
84188	3	2	0.666666666666667	TRUE	FALSE	
84189	3	3	1	FALSE	FALSE	
8419	1	1	1	FALSE	FALSE	
84190	1	1	1	FALSE	FALSE	
84191	1	1	1	FALSE	FALSE	
84193	2	2	1	FALSE	FALSE	
84196	5	4	0.8	TRUE	FALSE	
84197	1	1	1	FALSE	FALSE	
842	2	1	0.5	TRUE	FALSE	
8420	1	1	1	FALSE	FALSE	
84203	2	2	1	FALSE	FALSE	
84206	1	1	1	FALSE	FALSE	
84214	1	1	1	FALSE	FALSE	
84215	1	1	1	FALSE	FALSE	
84216	1	1	1	FALSE	FALSE	
84217	1	1	1	FALSE	FALSE	
84219	1	1	1	FALSE	FALSE	
84221	1	1	1	FALSE	FALSE	
84222	1	1	1	FALSE	FALSE	
84223	2	2	1	FALSE	FALSE	
84224	2	1	0.5	TRUE	FALSE	
84225	1	1	1	FALSE	FALSE	
84226	1	1	1	FALSE	FALSE	
84229	1	1	1	FALSE	FALSE	
84230	5	3	0.6	TRUE	FALSE	
84231	3	2	0.666666666666667	TRUE	TRUE	223031_s_at
84232	1	1	1	FALSE	FALSE	
84233	1	1	1	FALSE	FALSE	
84236	4	2	0.5	TRUE	FALSE	
84239	4	4	1	FALSE	FALSE	
8424	1	1	1	FALSE	FALSE	
84240	1	1	1	FALSE	FALSE	
84243	4	3	0.75	TRUE	FALSE	
84245	1	1	1	FALSE	FALSE	
84246	1	1	1	FALSE	FALSE	
84247	1	1	1	FALSE	FALSE	
84248	2	2	1	FALSE	FALSE	
84249	1	1	1	FALSE	FALSE	
8425	2	2	1	FALSE	FALSE	
84250	3	1	0.333333333333333	TRUE	FALSE	
84251	1	1	1	FALSE	FALSE	
84253	3	2	0.666666666666667	TRUE	FALSE	
84254	2	1	0.5	TRUE	FALSE	
84255	1	1	1	FALSE	FALSE	
84256	3	3	1	FALSE	FALSE	
84258	1	1	1	FALSE	FALSE	
84259	3	3	1	FALSE	FALSE	
84260	2	2	1	FALSE	FALSE	
84261	1	1	1	FALSE	FALSE	
84262	1	1	1	FALSE	FALSE	
84263	4	3	0.75	TRUE	FALSE	
84264	1	1	1	FALSE	FALSE	
84265	1	1	1	FALSE	FALSE	
84266	4	2	0.5	TRUE	FALSE	
84267	1	1	1	FALSE	FALSE	
84268	7	2	0.285714285714286	TRUE	FALSE	
84269	3	1	0.333333333333333	TRUE	FALSE	
8427	1	1	1	FALSE	FALSE	
84270	2	2	1	FALSE	FALSE	
84271	4	2	0.5	TRUE	FALSE	
84272	3	2	0.666666666666667	TRUE	FALSE	
84273	1	1	1	FALSE	FALSE	
84274	1	1	1	FALSE	FALSE	
84275	1	1	1	FALSE	FALSE	
84276	1	1	1	FALSE	FALSE	
84277	3	1	0.333333333333333	TRUE	FALSE	
84278	1	1	1	FALSE	FALSE	
84279	1	1	1	FALSE	FALSE	
8428	5	4	0.8	TRUE	FALSE	
84280	1	1	1	FALSE	FALSE	
84281	2	2	1	FALSE	FALSE	
84282	2	1	0.5	TRUE	FALSE	
84283	1	1	1	FALSE	FALSE	
84284	3	3	1	FALSE	FALSE	
84285	2	2	1	FALSE	FALSE	
84286	1	1	1	FALSE	FALSE	
84287	1	1	1	FALSE	FALSE	
84288	4	3	0.75	TRUE	FALSE	
84289	3	2	0.666666666666667	TRUE	FALSE	
84290	1	1	1	FALSE	FALSE	
84292	1	1	1	FALSE	FALSE	
84293	2	2	1	FALSE	FALSE	
84294	4	4	1	FALSE	FALSE	
84295	2	1	0.5	TRUE	FALSE	
84296	4	4	1	FALSE	FALSE	
84298	3	3	1	FALSE	FALSE	
84299	1	1	1	FALSE	FALSE	
843	2	2	1	FALSE	FALSE	
84300	3	3	1	FALSE	FALSE	
84301	4	4	1	FALSE	FALSE	
84302	2	2	1	FALSE	FALSE	
84303	1	1	1	FALSE	FALSE	
84304	2	1	0.5	TRUE	FALSE	
84305	2	1	0.5	TRUE	FALSE	
84306	1	1	1	FALSE	FALSE	
84307	5	4	0.8	TRUE	FALSE	
84309	1	1	1	FALSE	FALSE	
8431	1	1	1	FALSE	FALSE	
84310	3	2	0.666666666666667	TRUE	FALSE	
84311	1	1	1	FALSE	FALSE	
84312	2	2	1	FALSE	FALSE	
84313	1	1	1	FALSE	FALSE	
84314	4	3	0.75	TRUE	FALSE	
84315	1	1	1	FALSE	FALSE	
84316	1	1	1	FALSE	FALSE	
84317	1	1	1	FALSE	FALSE	
84318	1	1	1	FALSE	FALSE	
84319	1	1	1	FALSE	FALSE	
84322	1	1	1	FALSE	FALSE	
84324	2	2	1	FALSE	FALSE	
84326	1	1	1	FALSE	FALSE	
84327	2	2	1	FALSE	FALSE	
84328	2	2	1	FALSE	FALSE	
84329	1	1	1	FALSE	FALSE	
84330	2	2	1	FALSE	FALSE	
84332	1	1	1	FALSE	FALSE	
84333	4	3	0.75	TRUE	FALSE	
84334	1	1	1	FALSE	FALSE	
84335	2	1	0.5	TRUE	FALSE	
84336	1	1	1	FALSE	FALSE	
84337	1	1	1	FALSE	FALSE	
8434	3	3	1	FALSE	FALSE	
84340	3	1	0.333333333333333	TRUE	FALSE	
84342	1	1	1	FALSE	FALSE	
84343	3	2	0.666666666666667	TRUE	FALSE	
8435	1	1	1	FALSE	FALSE	
8436	2	2	1	FALSE	FALSE	
84364	2	1	0.5	TRUE	FALSE	
84365	3	3	1	FALSE	FALSE	
84366	1	1	1	FALSE	FALSE	
8437	2	2	1	FALSE	FALSE	
84376	4	3	0.75	TRUE	FALSE	
8438	1	1	1	FALSE	FALSE	
8439	5	3	0.6	TRUE	FALSE	
844	1	1	1	FALSE	FALSE	
8440	1	1	1	FALSE	FALSE	
84417	1	1	1	FALSE	FALSE	
84418	1	1	1	FALSE	FALSE	
84419	1	1	1	FALSE	FALSE	
8443	1	1	1	FALSE	FALSE	
84432	1	1	1	FALSE	FALSE	
84433	2	1	0.5	TRUE	FALSE	
84435	1	1	1	FALSE	FALSE	
84437	2	2	1	FALSE	FALSE	
84439	2	2	1	FALSE	FALSE	
8444	2	1	0.5	TRUE	FALSE	
84440	4	4	1	FALSE	FALSE	
84441	2	2	1	FALSE	FALSE	
84443	1	1	1	FALSE	FALSE	
84444	3	2	0.666666666666667	TRUE	FALSE	
84445	2	2	1	FALSE	FALSE	
84446	1	1	1	FALSE	FALSE	
84447	1	1	1	FALSE	FALSE	
84448	5	1	0.2	TRUE	FALSE	
84449	6	4	0.666666666666667	TRUE	FALSE	
8445	4	4	1	FALSE	FALSE	
84450	2	2	1	FALSE	FALSE	
84451	1	1	1	FALSE	FALSE	
84455	1	1	1	FALSE	FALSE	
84456	1	1	1	FALSE	FALSE	
84457	1	1	1	FALSE	FALSE	
84458	4	3	0.75	TRUE	FALSE	
8446	1	1	1	FALSE	FALSE	
84460	2	2	1	FALSE	FALSE	
84461	1	1	1	FALSE	FALSE	
84464	2	1	0.5	TRUE	FALSE	
84465	3	2	0.666666666666667	TRUE	FALSE	
84466	3	2	0.666666666666667	TRUE	FALSE	
84467	1	1	1	FALSE	FALSE	
8447	1	1	1	FALSE	FALSE	
8448	1	1	1	FALSE	FALSE	
8449	1	1	1	FALSE	FALSE	
84498	2	2	1	FALSE	FALSE	
845	1	1	1	FALSE	FALSE	
8450	3	3	1	FALSE	FALSE	
84501	3	3	1	FALSE	FALSE	
84503	2	2	1	FALSE	FALSE	
84504	1	1	1	FALSE	FALSE	
8451	4	1	0.25	TRUE	FALSE	
84513	4	4	1	FALSE	FALSE	
84514	1	1	1	FALSE	FALSE	
84515	3	3	1	FALSE	FALSE	
84516	5	3	0.6	TRUE	FALSE	
84517	1	1	1	FALSE	FALSE	
84518	1	1	1	FALSE	FALSE	
84519	3	2	0.666666666666667	TRUE	FALSE	
8452	3	2	0.666666666666667	TRUE	FALSE	
84520	1	1	1	FALSE	FALSE	
84522	1	1	1	FALSE	FALSE	
84524	2	2	1	FALSE	FALSE	
84525	3	2	0.666666666666667	TRUE	FALSE	
84527	1	1	1	FALSE	FALSE	
84529	3	2	0.666666666666667	TRUE	FALSE	
8453	2	2	1	FALSE	FALSE	
84530	3	3	1	FALSE	FALSE	
84532	5	3	0.6	TRUE	FALSE	
84536	3	3	1	FALSE	FALSE	
84539	1	1	1	FALSE	FALSE	
8454	2	2	1	FALSE	FALSE	
84541	1	1	1	FALSE	FALSE	
84542	2	1	0.5	TRUE	FALSE	
84545	3	3	1	FALSE	FALSE	
84547	1	1	1	FALSE	FALSE	
84548	2	2	1	FALSE	FALSE	
84549	1	1	1	FALSE	FALSE	
8455	2	1	0.5	TRUE	FALSE	
84552	3	2	0.666666666666667	TRUE	FALSE	
84553	2	2	1	FALSE	FALSE	
84557	1	1	1	FALSE	FALSE	
8456	2	1	0.5	TRUE	FALSE	
84560	1	1	1	FALSE	FALSE	
84561	1	1	1	FALSE	FALSE	
84569	1	1	1	FALSE	FALSE	
84570	3	3	1	FALSE	FALSE	
84572	1	1	1	FALSE	FALSE	
8458	2	2	1	FALSE	FALSE	
8459	3	3	1	FALSE	FALSE	
846	5	5	1	FALSE	FALSE	
8460	1	1	1	FALSE	FALSE	
84612	3	3	1	FALSE	FALSE	
84614	3	3	1	FALSE	FALSE	
84616	1	1	1	FALSE	FALSE	
84617	1	1	1	FALSE	FALSE	
84618	1	1	1	FALSE	FALSE	
84619	2	2	1	FALSE	FALSE	
8462	2	2	1	FALSE	FALSE	
84620	2	2	1	FALSE	FALSE	
84622	2	1	0.5	TRUE	FALSE	
84623	1	1	1	FALSE	FALSE	
84624	1	1	1	FALSE	FALSE	
84626	1	1	1	FALSE	FALSE	
84627	1	1	1	FALSE	FALSE	
84628	1	1	1	FALSE	FALSE	
84629	8	6	0.75	TRUE	FALSE	
8463	4	2	0.5	TRUE	FALSE	
84630	2	2	1	FALSE	FALSE	
84631	1	1	1	FALSE	FALSE	
84632	1	1	1	FALSE	FALSE	
84634	1	1	1	FALSE	FALSE	
84636	1	1	1	FALSE	FALSE	
84639	1	1	1	FALSE	FALSE	
8464	2	2	1	FALSE	FALSE	
84640	3	1	0.333333333333333	TRUE	FALSE	
84641	2	1	0.5	TRUE	FALSE	
84643	1	1	1	FALSE	FALSE	
84645	1	1	1	FALSE	FALSE	
84647	2	1	0.5	TRUE	FALSE	
84648	1	1	1	FALSE	FALSE	
84649	2	2	1	FALSE	FALSE	
84650	1	1	1	FALSE	FALSE	
84651	1	1	1	FALSE	FALSE	
84654	1	1	1	FALSE	FALSE	
84656	2	1	0.5	TRUE	FALSE	
84657	1	1	1	FALSE	FALSE	
84658	1	1	1	FALSE	FALSE	
84659	3	3	1	FALSE	FALSE	
84660	1	1	1	FALSE	FALSE	
84661	1	1	1	FALSE	FALSE	
84662	1	1	1	FALSE	FALSE	
84665	1	1	1	FALSE	FALSE	
84666	2	2	1	FALSE	FALSE	
84667	1	1	1	FALSE	FALSE	
84668	5	4	0.8	TRUE	FALSE	
84669	3	1	0.333333333333333	TRUE	FALSE	
8467	1	1	1	FALSE	FALSE	
84671	2	2	1	FALSE	FALSE	
84674	1	1	1	FALSE	FALSE	
84675	2	1	0.5	TRUE	FALSE	
84676	1	1	1	FALSE	FALSE	
84678	1	1	1	FALSE	FALSE	
84679	5	4	0.8	TRUE	FALSE	
8468	1	1	1	FALSE	FALSE	
84680	1	1	1	FALSE	FALSE	
84681	1	1	1	FALSE	FALSE	
84684	1	1	1	FALSE	FALSE	
84687	2	1	0.5	TRUE	FALSE	
84688	1	1	1	FALSE	FALSE	
84689	1	1	1	FALSE	FALSE	
84690	3	3	1	FALSE	FALSE	
84691	2	2	1	FALSE	FALSE	
84692	1	1	1	FALSE	FALSE	
84693	1	1	1	FALSE	FALSE	
84694	1	1	1	FALSE	FALSE	
84695	1	1	1	FALSE	FALSE	
84696	2	2	1	FALSE	FALSE	
84698	2	2	1	FALSE	FALSE	
84699	1	1	1	FALSE	FALSE	
847	3	3	1	FALSE	FALSE	
8470	7	4	0.571428571428571	TRUE	FALSE	
84700	2	1	0.5	TRUE	FALSE	
84701	1	1	1	FALSE	FALSE	
84705	1	1	1	FALSE	FALSE	
84706	1	1	1	FALSE	FALSE	
84707	1	1	1	FALSE	FALSE	
84708	2	1	0.5	TRUE	FALSE	
84709	1	1	1	FALSE	FALSE	
8471	2	2	1	FALSE	FALSE	
84717	1	1	1	FALSE	FALSE	
84719	1	1	1	FALSE	FALSE	
84720	3	2	0.666666666666667	TRUE	FALSE	
84722	1	1	1	FALSE	FALSE	
84725	5	5	1	FALSE	FALSE	
84726	3	1	0.333333333333333	TRUE	FALSE	
84727	1	1	1	FALSE	FALSE	
8473	5	4	0.8	TRUE	FALSE	
84733	4	2	0.5	TRUE	FALSE	
84734	1	1	1	FALSE	FALSE	
84735	1	1	1	FALSE	FALSE	
84740	2	2	1	FALSE	FALSE	
84747	2	2	1	FALSE	FALSE	
84749	2	2	1	FALSE	FALSE	
84750	3	2	0.666666666666667	TRUE	FALSE	
84752	1	1	1	FALSE	FALSE	
84759	2	2	1	FALSE	FALSE	
8476	5	4	0.8	TRUE	FALSE	
84765	2	2	1	FALSE	FALSE	
84766	3	1	0.333333333333333	TRUE	FALSE	
84767	1	1	1	FALSE	FALSE	
84769	1	1	1	FALSE	FALSE	
8477	1	1	1	FALSE	FALSE	
84771	1	1	1	FALSE	FALSE	
84775	1	1	1	FALSE	FALSE	
84777	2	2	1	FALSE	FALSE	
84779	1	1	1	FALSE	FALSE	
84787	2	1	0.5	TRUE	FALSE	
84789	1	1	1	FALSE	FALSE	
8479	2	1	0.5	TRUE	FALSE	
84791	2	2	1	FALSE	FALSE	
84792	1	1	1	FALSE	FALSE	
84793	2	1	0.5	TRUE	FALSE	
84795	2	2	1	FALSE	FALSE	
84798	1	1	1	FALSE	FALSE	
8480	3	2	0.666666666666667	TRUE	FALSE	
84803	1	1	1	FALSE	FALSE	
84804	3	3	1	FALSE	FALSE	
84807	3	3	1	FALSE	FALSE	
84808	1	1	1	FALSE	FALSE	
84809	2	1	0.5	TRUE	FALSE	
8481	2	2	1	FALSE	FALSE	
84811	1	1	1	FALSE	FALSE	
84812	1	1	1	FALSE	FALSE	
84814	1	1	1	FALSE	FALSE	
84815	3	1	0.333333333333333	TRUE	FALSE	
84816	2	2	1	FALSE	FALSE	
84817	2	1	0.5	TRUE	FALSE	
84818	2	2	1	FALSE	FALSE	
8482	2	2	1	FALSE	FALSE	
84820	4	4	1	FALSE	FALSE	
84823	1	1	1	FALSE	FALSE	
84824	3	3	1	FALSE	FALSE	
84826	2	1	0.5	TRUE	FALSE	
8483	1	1	1	FALSE	FALSE	
84830	2	1	0.5	TRUE	FALSE	
84833	1	1	1	FALSE	FALSE	
84836	1	1	1	FALSE	FALSE	
84837	1	1	1	FALSE	FALSE	
84838	5	5	1	FALSE	FALSE	
84839	1	1	1	FALSE	FALSE	
84842	1	1	1	FALSE	FALSE	
84844	1	1	1	FALSE	FALSE	
84847	1	1	1	FALSE	FALSE	
84848	2	1	0.5	TRUE	FALSE	
84850	1	1	1	FALSE	FALSE	
84851	2	1	0.5	TRUE	FALSE	
84852	2	1	0.5	TRUE	FALSE	
84856	2	1	0.5	TRUE	FALSE	
84858	3	3	1	FALSE	FALSE	
84859	7	5	0.714285714285714	TRUE	FALSE	
84861	5	4	0.8	TRUE	FALSE	
84864	4	4	1	FALSE	FALSE	
84865	1	1	1	FALSE	FALSE	
84866	2	2	1	FALSE	FALSE	
84867	3	1	0.333333333333333	TRUE	FALSE	
84868	4	2	0.5	TRUE	FALSE	
84869	3	3	1	FALSE	FALSE	
8487	1	1	1	FALSE	FALSE	
84870	1	1	1	FALSE	FALSE	
84871	2	1	0.5	TRUE	FALSE	
84872	3	3	1	FALSE	FALSE	
84873	1	1	1	FALSE	FALSE	
84874	2	2	1	FALSE	FALSE	
84875	2	2	1	FALSE	FALSE	
84876	1	1	1	FALSE	FALSE	
84878	1	1	1	FALSE	FALSE	
84879	2	1	0.5	TRUE	FALSE	
84881	1	1	1	FALSE	FALSE	
84883	2	2	1	FALSE	FALSE	
84885	1	1	1	FALSE	FALSE	
84886	1	1	1	FALSE	FALSE	
84888	3	1	0.333333333333333	TRUE	FALSE	
84889	1	1	1	FALSE	FALSE	
84890	2	2	1	FALSE	FALSE	
84891	2	1	0.5	TRUE	FALSE	
84892	1	1	1	FALSE	FALSE	
84893	2	2	1	FALSE	FALSE	
84894	1	1	1	FALSE	FALSE	
84895	1	1	1	FALSE	FALSE	
84896	2	2	1	FALSE	FALSE	
84897	6	3	0.5	TRUE	FALSE	
84898	6	5	0.833333333333333	TRUE	FALSE	
84899	3	3	1	FALSE	FALSE	
8490	6	3	0.5	TRUE	FALSE	
84900	3	2	0.666666666666667	TRUE	FALSE	
84901	6	6	1	FALSE	FALSE	
84902	6	5	0.833333333333333	TRUE	FALSE	
84904	3	2	0.666666666666667	TRUE	FALSE	
84905	3	3	1	FALSE	FALSE	
84909	4	2	0.5	TRUE	FALSE	
8491	1	1	1	FALSE	FALSE	
84910	2	2	1	FALSE	FALSE	
84911	2	2	1	FALSE	FALSE	
84912	3	3	1	FALSE	FALSE	
84913	3	3	1	FALSE	FALSE	
84914	1	1	1	FALSE	FALSE	
84915	1	1	1	FALSE	FALSE	
84916	2	2	1	FALSE	FALSE	
84918	2	1	0.5	TRUE	TRUE	1561180_at
84919	1	1	1	FALSE	FALSE	
8492	2	2	1	FALSE	FALSE	
84920	2	2	1	FALSE	FALSE	
84922	1	1	1	FALSE	FALSE	
84923	1	1	1	FALSE	FALSE	
84924	1	1	1	FALSE	FALSE	
84925	2	2	1	FALSE	FALSE	
84926	1	1	1	FALSE	FALSE	
84928	2	2	1	FALSE	FALSE	
84929	2	2	1	FALSE	FALSE	
8493	2	1	0.5	TRUE	FALSE	
84930	1	1	1	FALSE	FALSE	
84931	1	1	1	FALSE	FALSE	
84932	1	1	1	FALSE	FALSE	
84933	1	1	1	FALSE	FALSE	
84934	2	2	1	FALSE	FALSE	
84935	1	1	1	FALSE	FALSE	
84936	1	1	1	FALSE	FALSE	
84937	5	3	0.6	TRUE	FALSE	
84938	1	1	1	FALSE	FALSE	
84939	3	3	1	FALSE	FALSE	
84940	1	1	1	FALSE	FALSE	
84941	1	1	1	FALSE	FALSE	
84942	3	2	0.666666666666667	TRUE	FALSE	
84944	1	1	1	FALSE	FALSE	
84945	2	2	1	FALSE	FALSE	
84946	2	2	1	FALSE	FALSE	
84947	2	1	0.5	TRUE	FALSE	
84948	1	1	1	FALSE	FALSE	
8495	2	1	0.5	TRUE	FALSE	
84950	3	2	0.666666666666667	TRUE	FALSE	
84951	2	2	1	FALSE	FALSE	
84952	2	2	1	FALSE	FALSE	
84954	1	1	1	FALSE	FALSE	
84955	2	2	1	FALSE	FALSE	
84957	1	1	1	FALSE	FALSE	
84958	1	1	1	FALSE	FALSE	
84959	4	3	0.75	TRUE	FALSE	
8496	4	4	1	FALSE	FALSE	
84960	1	1	1	FALSE	FALSE	
84961	5	5	1	FALSE	FALSE	
84962	4	4	1	FALSE	FALSE	
84964	1	1	1	FALSE	FALSE	
84966	1	1	1	FALSE	FALSE	
84967	1	1	1	FALSE	FALSE	
84968	1	1	1	FALSE	FALSE	
84969	1	1	1	FALSE	FALSE	
8497	1	1	1	FALSE	FALSE	
84970	1	1	1	FALSE	FALSE	
84971	1	1	1	FALSE	FALSE	
84973	2	1	0.5	TRUE	FALSE	
84975	1	1	1	FALSE	FALSE	
84976	2	1	0.5	TRUE	FALSE	
84978	2	1	0.5	TRUE	FALSE	
8498	4	3	0.75	TRUE	FALSE	
84981	1	1	1	FALSE	FALSE	
84983	1	1	1	FALSE	FALSE	
84984	2	2	1	FALSE	FALSE	
84985	4	3	0.75	TRUE	FALSE	
84986	2	2	1	FALSE	FALSE	
84987	1	1	1	FALSE	FALSE	
84988	1	1	1	FALSE	FALSE	
84989	1	1	1	FALSE	FALSE	
8499	3	1	0.333333333333333	TRUE	FALSE	
84991	4	4	1	FALSE	FALSE	
84993	1	1	1	FALSE	FALSE	
8500	4	4	1	FALSE	FALSE	
85001	2	1	0.5	TRUE	FALSE	
85003	2	1	0.5	TRUE	FALSE	
85004	2	2	1	FALSE	FALSE	
85007	4	2	0.5	TRUE	FALSE	
8501	1	1	1	FALSE	FALSE	
85012	1	1	1	FALSE	FALSE	
85013	1	1	1	FALSE	FALSE	
85014	1	1	1	FALSE	FALSE	
85015	3	1	0.333333333333333	TRUE	FALSE	
85016	2	2	1	FALSE	FALSE	
8502	5	4	0.8	TRUE	FALSE	
85021	3	2	0.666666666666667	TRUE	FALSE	
85025	1	1	1	FALSE	FALSE	
85026	1	1	1	FALSE	FALSE	
85027	1	1	1	FALSE	FALSE	
85028	3	3	1	FALSE	FALSE	
8503	2	2	1	FALSE	FALSE	
8504	3	2	0.666666666666667	TRUE	FALSE	
8505	1	1	1	FALSE	FALSE	
8506	1	1	1	FALSE	FALSE	
8507	2	2	1	FALSE	FALSE	
8508	2	2	1	FALSE	FALSE	
8509	2	1	0.5	TRUE	FALSE	
8513	1	1	1	FALSE	FALSE	
8514	2	2	1	FALSE	FALSE	
8515	1	1	1	FALSE	FALSE	
8516	3	3	1	FALSE	FALSE	
8517	2	2	1	FALSE	FALSE	
8518	2	2	1	FALSE	FALSE	
8519	1	1	1	FALSE	FALSE	
8520	1	1	1	FALSE	FALSE	
8521	1	1	1	FALSE	FALSE	
8522	4	4	1	FALSE	FALSE	
85236	1	1	1	FALSE	FALSE	
8525	2	1	0.5	TRUE	FALSE	
8526	4	2	0.5	TRUE	FALSE	
8527	1	1	1	FALSE	FALSE	
8528	2	1	0.5	TRUE	FALSE	
85285	1	1	1	FALSE	FALSE	
85289	1	1	1	FALSE	FALSE	
85290	1	1	1	FALSE	FALSE	
85291	1	1	1	FALSE	FALSE	
85293	1	1	1	FALSE	FALSE	
8530	1	1	1	FALSE	FALSE	
85300	1	1	1	FALSE	FALSE	
85301	5	4	0.8	TRUE	FALSE	
85302	3	3	1	FALSE	FALSE	
8531	4	4	1	FALSE	FALSE	
85313	1	1	1	FALSE	FALSE	
85315	2	1	0.5	TRUE	FALSE	
85320	2	1	0.5	TRUE	FALSE	
85329	1	1	1	FALSE	FALSE	
8533	1	1	1	FALSE	FALSE	
8534	2	2	1	FALSE	FALSE	
8535	2	2	1	FALSE	FALSE	
85352	2	2	1	FALSE	FALSE	
85358	2	2	1	FALSE	FALSE	
85359	1	1	1	FALSE	FALSE	
8536	2	1	0.5	TRUE	FALSE	
85360	2	2	1	FALSE	FALSE	
85363	2	2	1	FALSE	FALSE	
85364	3	2	0.666666666666667	TRUE	FALSE	
85365	2	1	0.5	TRUE	FALSE	
85366	1	1	1	FALSE	FALSE	
85369	1	1	1	FALSE	FALSE	
8537	1	1	1	FALSE	FALSE	
85377	2	2	1	FALSE	FALSE	
85378	2	1	0.5	TRUE	FALSE	
85379	3	3	1	FALSE	FALSE	
8538	1	1	1	FALSE	FALSE	
8539	4	2	0.5	TRUE	FALSE	
85395	1	1	1	FALSE	FALSE	
85397	2	1	0.5	TRUE	FALSE	
8540	4	4	1	FALSE	FALSE	
85403	1	1	1	FALSE	FALSE	
85406	2	2	1	FALSE	FALSE	
85407	4	3	0.75	TRUE	FALSE	
85409	1	1	1	FALSE	FALSE	
8541	1	1	1	FALSE	FALSE	
85413	2	1	0.5	TRUE	FALSE	
85414	2	1	0.5	TRUE	FALSE	
85415	1	1	1	FALSE	FALSE	
85416	1	1	1	FALSE	FALSE	
85417	1	1	1	FALSE	FALSE	
8542	1	1	1	FALSE	FALSE	
8543	5	4	0.8	TRUE	FALSE	
85437	2	2	1	FALSE	FALSE	
85438	1	1	1	FALSE	FALSE	
85439	4	2	0.5	TRUE	FALSE	
8544	1	1	1	FALSE	FALSE	
85440	2	2	1	FALSE	FALSE	
85441	4	3	0.75	TRUE	FALSE	
85442	2	2	1	FALSE	FALSE	
85443	1	1	1	FALSE	FALSE	
85444	1	1	1	FALSE	FALSE	
85445	4	4	1	FALSE	FALSE	
85446	2	1	0.5	TRUE	FALSE	
85449	2	1	0.5	TRUE	FALSE	
8545	3	3	1	FALSE	FALSE	
85450	2	2	1	FALSE	FALSE	
85451	3	3	1	FALSE	FALSE	
85452	4	2	0.5	TRUE	FALSE	
85453	1	1	1	FALSE	FALSE	
85455	2	1	0.5	TRUE	FALSE	
85456	1	1	1	FALSE	FALSE	
85457	1	1	1	FALSE	FALSE	
85458	2	2	1	FALSE	FALSE	
85459	4	3	0.75	TRUE	FALSE	
8546	2	2	1	FALSE	FALSE	
85460	3	3	1	FALSE	FALSE	
85461	3	2	0.666666666666667	TRUE	FALSE	
85462	1	1	1	FALSE	FALSE	
85463	2	1	0.5	TRUE	FALSE	
85464	4	2	0.5	TRUE	FALSE	
85465	3	2	0.666666666666667	TRUE	FALSE	
8547	1	1	1	FALSE	FALSE	
85476	6	1	0.166666666666667	TRUE	FALSE	
85477	2	2	1	FALSE	FALSE	
85478	3	2	0.666666666666667	TRUE	FALSE	
85479	2	2	1	FALSE	FALSE	
8548	4	3	0.75	TRUE	FALSE	
85480	1	1	1	FALSE	FALSE	
85481	1	1	1	FALSE	FALSE	
8549	2	1	0.5	TRUE	FALSE	
85495	1	1	1	FALSE	FALSE	
8550	2	1	0.5	TRUE	TRUE	228925_at
85509	2	1	0.5	TRUE	FALSE	
8552	1	1	1	FALSE	FALSE	
8553	2	2	1	FALSE	FALSE	
8554	4	2	0.5	TRUE	FALSE	
8555	7	6	0.857142857142857	TRUE	FALSE	
8556	5	4	0.8	TRUE	FALSE	
85569	1	1	1	FALSE	FALSE	
8557	1	1	1	FALSE	FALSE	
8558	2	2	1	FALSE	FALSE	
8559	3	2	0.666666666666667	TRUE	FALSE	
8560	2	2	1	FALSE	FALSE	
8562	5	4	0.8	TRUE	FALSE	
8563	2	2	1	FALSE	FALSE	
8564	2	2	1	FALSE	FALSE	
8565	2	2	1	FALSE	FALSE	
8566	2	2	1	FALSE	FALSE	
8567	2	2	1	FALSE	FALSE	
8568	1	1	1	FALSE	FALSE	
8569	3	3	1	FALSE	FALSE	
857	2	2	1	FALSE	FALSE	
8570	3	2	0.666666666666667	TRUE	FALSE	
8572	4	3	0.75	TRUE	FALSE	
8573	5	5	1	FALSE	FALSE	
8574	2	2	1	FALSE	FALSE	
8575	2	1	0.5	TRUE	FALSE	
8576	2	1	0.5	TRUE	FALSE	
8578	1	1	1	FALSE	FALSE	
858	3	3	1	FALSE	FALSE	
8581	1	1	1	FALSE	FALSE	
85865	1	1	1	FALSE	FALSE	
8587	1	1	1	FALSE	FALSE	
859	1	1	1	FALSE	FALSE	
8590	1	1	1	FALSE	FALSE	
86	1	1	1	FALSE	FALSE	
860	5	4	0.8	TRUE	FALSE	
8600	2	1	0.5	TRUE	FALSE	
8601	2	2	1	FALSE	FALSE	
8602	1	1	1	FALSE	FALSE	
8603	1	1	1	FALSE	FALSE	
8604	2	2	1	FALSE	FALSE	
8605	2	1	0.5	TRUE	FALSE	
8607	1	1	1	FALSE	FALSE	
8608	1	1	1	FALSE	FALSE	
8609	4	4	1	FALSE	FALSE	
8611	2	2	1	FALSE	FALSE	
8612	1	1	1	FALSE	FALSE	
8613	3	3	1	FALSE	FALSE	
8614	2	2	1	FALSE	FALSE	
8615	2	2	1	FALSE	FALSE	
8618	6	5	0.833333333333333	TRUE	FALSE	
862	7	6	0.857142857142857	TRUE	FALSE	
8620	2	2	1	FALSE	FALSE	
8621	5	3	0.6	TRUE	FALSE	
8622	3	3	1	FALSE	FALSE	
8623	3	3	1	FALSE	FALSE	
8624	1	1	1	FALSE	FALSE	
8625	1	1	1	FALSE	FALSE	
8626	6	4	0.666666666666667	TRUE	FALSE	
8629	6	4	0.666666666666667	TRUE	FALSE	
863	1	1	1	FALSE	FALSE	
8630	2	2	1	FALSE	FALSE	
8631	1	1	1	FALSE	FALSE	
8632	2	1	0.5	TRUE	TRUE	214229_at
8633	5	3	0.6	TRUE	FALSE	
8634	2	2	1	FALSE	FALSE	
8635	6	4	0.666666666666667	TRUE	FALSE	
8636	1	1	1	FALSE	FALSE	
8638	2	2	1	FALSE	FALSE	
8639	1	1	1	FALSE	FALSE	
864	2	2	1	FALSE	FALSE	
8642	2	2	1	FALSE	FALSE	
8643	1	1	1	FALSE	FALSE	
8644	1	1	1	FALSE	FALSE	
8645	1	1	1	FALSE	FALSE	
8646	2	2	1	FALSE	FALSE	
8647	2	1	0.5	TRUE	FALSE	
8648	3	3	1	FALSE	FALSE	
8649	2	2	1	FALSE	FALSE	
865	2	2	1	FALSE	FALSE	
8650	1	1	1	FALSE	FALSE	
8651	2	1	0.5	TRUE	FALSE	
8653	4	3	0.75	TRUE	FALSE	
8654	8	5	0.625	TRUE	FALSE	
8655	1	1	1	FALSE	FALSE	
8658	4	2	0.5	TRUE	FALSE	
8659	2	2	1	FALSE	FALSE	
866	1	1	1	FALSE	FALSE	
8660	2	2	1	FALSE	FALSE	
8661	3	3	1	FALSE	FALSE	
8662	4	3	0.75	TRUE	FALSE	
8664	1	1	1	FALSE	FALSE	
8665	3	2	0.666666666666667	TRUE	FALSE	
8666	1	1	1	FALSE	FALSE	
8667	2	2	1	FALSE	FALSE	
8668	1	1	1	FALSE	FALSE	
8669	2	2	1	FALSE	FALSE	
867	5	4	0.8	TRUE	FALSE	
8671	4	2	0.5	TRUE	FALSE	
8672	4	3	0.75	TRUE	FALSE	
8673	1	1	1	FALSE	FALSE	
8674	3	3	1	FALSE	FALSE	
8675	4	4	1	FALSE	FALSE	
8676	2	2	1	FALSE	FALSE	
8677	1	1	1	FALSE	FALSE	
8678	3	3	1	FALSE	FALSE	
868	3	3	1	FALSE	FALSE	
8682	2	1	0.5	TRUE	FALSE	
8683	2	2	1	FALSE	FALSE	
8685	1	1	1	FALSE	FALSE	
8687	1	1	1	FALSE	FALSE	
8688	1	1	1	FALSE	FALSE	
8689	1	1	1	FALSE	FALSE	
869	1	1	1	FALSE	FALSE	
8690	2	1	0.5	TRUE	FALSE	
8692	1	1	1	FALSE	FALSE	
8694	1	1	1	FALSE	FALSE	
8697	1	1	1	FALSE	FALSE	
8698	1	1	1	FALSE	FALSE	
87	2	1	0.5	TRUE	FALSE	
8701	3	3	1	FALSE	FALSE	
8702	2	2	1	FALSE	FALSE	
8703	2	1	0.5	TRUE	FALSE	
8704	1	1	1	FALSE	FALSE	
8705	2	2	1	FALSE	FALSE	
8706	2	2	1	FALSE	FALSE	
8707	2	2	1	FALSE	FALSE	
8708	2	2	1	FALSE	FALSE	
871	1	1	1	FALSE	FALSE	
8710	1	1	1	FALSE	FALSE	
8712	1	1	1	FALSE	FALSE	
8714	3	3	1	FALSE	FALSE	
8715	2	1	0.5	TRUE	FALSE	
8717	3	3	1	FALSE	FALSE	
87178	1	1	1	FALSE	FALSE	
8718	2	1	0.5	TRUE	FALSE	
8720	2	2	1	FALSE	FALSE	
8721	2	2	1	FALSE	FALSE	
8722	1	1	1	FALSE	FALSE	
8723	2	1	0.5	TRUE	TRUE	205329_s_at
8725	3	1	0.333333333333333	TRUE	FALSE	
8726	2	1	0.5	TRUE	FALSE	
8727	1	1	1	FALSE	FALSE	
8728	2	2	1	FALSE	FALSE	
8729	1	1	1	FALSE	FALSE	
873	1	1	1	FALSE	FALSE	
8731	2	1	0.5	TRUE	FALSE	
8732	3	2	0.666666666666667	TRUE	FALSE	
8735	1	1	1	FALSE	FALSE	
8736	1	1	1	FALSE	FALSE	
8737	2	1	0.5	TRUE	FALSE	
8738	1	1	1	FALSE	FALSE	
8739	5	3	0.6	TRUE	FALSE	
874	1	1	1	FALSE	FALSE	
8740	2	2	1	FALSE	FALSE	
8742	1	1	1	FALSE	FALSE	
8743	2	2	1	FALSE	FALSE	
8744	1	1	1	FALSE	FALSE	
8745	4	4	1	FALSE	FALSE	
8747	2	1	0.5	TRUE	FALSE	
8748	2	2	1	FALSE	FALSE	
8749	2	1	0.5	TRUE	FALSE	
8751	2	1	0.5	TRUE	FALSE	
8754	3	3	1	FALSE	FALSE	
8755	1	1	1	FALSE	FALSE	
8756	3	3	1	FALSE	FALSE	
8760	5	2	0.4	TRUE	FALSE	
8761	1	1	1	FALSE	FALSE	
8763	3	3	1	FALSE	FALSE	
8764	1	1	1	FALSE	FALSE	
8766	3	3	1	FALSE	FALSE	
8767	2	1	0.5	TRUE	FALSE	
8772	1	1	1	FALSE	FALSE	
8773	4	3	0.75	TRUE	FALSE	
8774	2	2	1	FALSE	FALSE	
8775	2	2	1	FALSE	FALSE	
8776	3	2	0.666666666666667	TRUE	FALSE	
87769	3	3	1	FALSE	FALSE	
8777	2	2	1	FALSE	FALSE	
8778	1	1	1	FALSE	FALSE	
8780	4	4	1	FALSE	FALSE	
8784	2	2	1	FALSE	FALSE	
8785	1	1	1	FALSE	FALSE	
8786	3	1	0.333333333333333	TRUE	FALSE	
8787	1	1	1	FALSE	FALSE	
8788	2	2	1	FALSE	FALSE	
8789	1	1	1	FALSE	FALSE	
8790	1	1	1	FALSE	FALSE	
8792	2	1	0.5	TRUE	FALSE	
8793	2	2	1	FALSE	FALSE	
8794	3	2	0.666666666666667	TRUE	FALSE	
8795	2	1	0.5	TRUE	FALSE	
8796	4	3	0.75	TRUE	FALSE	
8797	3	3	1	FALSE	FALSE	
8798	1	1	1	FALSE	FALSE	
8799	1	1	1	FALSE	FALSE	
88	4	3	0.75	TRUE	FALSE	
8800	2	2	1	FALSE	FALSE	
8801	1	1	1	FALSE	FALSE	
8802	2	2	1	FALSE	FALSE	
8803	1	1	1	FALSE	FALSE	
8804	1	1	1	FALSE	FALSE	
8805	2	2	1	FALSE	FALSE	
8807	1	1	1	FALSE	FALSE	
8808	1	1	1	FALSE	FALSE	
8809	1	1	1	FALSE	FALSE	
881	1	1	1	FALSE	FALSE	
8811	1	1	1	FALSE	FALSE	
8812	2	2	1	FALSE	FALSE	
8813	1	1	1	FALSE	FALSE	
8814	3	3	1	FALSE	FALSE	
8815	1	1	1	FALSE	FALSE	
8816	5	5	1	FALSE	FALSE	
8817	4	3	0.75	TRUE	FALSE	
8818	1	1	1	FALSE	FALSE	
8819	3	2	0.666666666666667	TRUE	FALSE	
8820	1	1	1	FALSE	FALSE	
8821	4	4	1	FALSE	FALSE	
8822	1	1	1	FALSE	FALSE	
8823	1	1	1	FALSE	FALSE	
8824	1	1	1	FALSE	FALSE	
8825	3	2	0.666666666666667	TRUE	FALSE	
8826	3	3	1	FALSE	FALSE	
8828	11	9	0.818181818181818	TRUE	FALSE	
8829	4	3	0.75	TRUE	FALSE	
883	2	2	1	FALSE	FALSE	
8831	1	1	1	FALSE	FALSE	
8832	6	6	1	FALSE	FALSE	
8833	3	3	1	FALSE	FALSE	
8834	1	1	1	FALSE	FALSE	
8835	3	3	1	FALSE	FALSE	
8836	1	1	1	FALSE	FALSE	
8837	4	4	1	FALSE	FALSE	
8838	1	1	1	FALSE	FALSE	
8839	1	1	1	FALSE	FALSE	
8840	4	3	0.75	TRUE	FALSE	
8841	1	1	1	FALSE	FALSE	
8842	1	1	1	FALSE	FALSE	
8843	1	1	1	FALSE	FALSE	
8844	4	3	0.75	TRUE	FALSE	
88455	2	2	1	FALSE	FALSE	
8846	2	1	0.5	TRUE	FALSE	
8847	6	4	0.666666666666667	TRUE	TRUE	1556820_a_at
8848	4	2	0.5	TRUE	FALSE	
885	1	1	1	FALSE	FALSE	
8850	1	1	1	FALSE	FALSE	
8851	2	2	1	FALSE	FALSE	
8852	1	1	1	FALSE	FALSE	
8853	1	1	1	FALSE	FALSE	
8854	2	2	1	FALSE	FALSE	
8856	2	2	1	FALSE	FALSE	
8857	1	1	1	FALSE	FALSE	
8858	1	1	1	FALSE	FALSE	
8859	3	3	1	FALSE	FALSE	
886	2	1	0.5	TRUE	FALSE	
8861	2	2	1	FALSE	FALSE	
8862	1	1	1	FALSE	FALSE	
8863	4	4	1	FALSE	FALSE	
8864	2	2	1	FALSE	FALSE	
8867	3	2	0.666666666666667	TRUE	FALSE	
8869	2	2	1	FALSE	FALSE	
887	1	1	1	FALSE	FALSE	
8870	1	1	1	FALSE	FALSE	
8871	7	4	0.571428571428571	TRUE	FALSE	
8872	1	1	1	FALSE	FALSE	
8874	8	3	0.375	TRUE	FALSE	
88745	2	1	0.5	TRUE	FALSE	
8875	1	1	1	FALSE	FALSE	
8876	2	2	1	FALSE	FALSE	
8877	1	1	1	FALSE	FALSE	
8878	6	2	0.333333333333333	TRUE	FALSE	
8879	3	2	0.666666666666667	TRUE	FALSE	
8880	4	4	1	FALSE	FALSE	
8881	3	3	1	FALSE	FALSE	
8882	2	2	1	FALSE	FALSE	
8883	1	1	1	FALSE	FALSE	
8884	1	1	1	FALSE	FALSE	
8886	4	2	0.5	TRUE	FALSE	
8887	3	3	1	FALSE	FALSE	
8888	4	3	0.75	TRUE	FALSE	
889	4	1	0.25	TRUE	FALSE	
8890	1	1	1	FALSE	FALSE	
8891	1	1	1	FALSE	FALSE	
8892	1	1	1	FALSE	FALSE	
8893	2	2	1	FALSE	FALSE	
8894	2	1	0.5	TRUE	FALSE	
8895	2	2	1	FALSE	FALSE	
8896	1	1	1	FALSE	FALSE	
8897	4	3	0.75	TRUE	FALSE	
8898	3	3	1	FALSE	FALSE	
8899	3	2	0.666666666666667	TRUE	FALSE	
89	1	1	1	FALSE	FALSE	
890	2	1	0.5	TRUE	FALSE	
8900	1	1	1	FALSE	FALSE	
8904	1	1	1	FALSE	FALSE	
8905	3	1	0.333333333333333	TRUE	TRUE	203299_s_at;230264_s_at
8906	2	1	0.5	TRUE	TRUE	201613_s_at
8907	2	2	1	FALSE	FALSE	
8908	3	3	1	FALSE	FALSE	
8909	1	1	1	FALSE	FALSE	
891	2	2	1	FALSE	FALSE	
8910	1	1	1	FALSE	FALSE	
8911	3	2	0.666666666666667	TRUE	FALSE	
8912	2	1	0.5	TRUE	FALSE	
89122	3	3	1	FALSE	FALSE	
8913	4	2	0.5	TRUE	FALSE	
8914	2	1	0.5	TRUE	FALSE	
8915	3	2	0.666666666666667	TRUE	FALSE	
892	2	1	0.5	TRUE	FALSE	
8924	2	1	0.5	TRUE	FALSE	
8925	3	2	0.666666666666667	TRUE	FALSE	
8927	1	1	1	FALSE	FALSE	
8928	2	2	1	FALSE	FALSE	
8929	1	1	1	FALSE	FALSE	
8930	4	3	0.75	TRUE	FALSE	
8932	4	1	0.25	TRUE	TRUE	202484_s_at
8934	3	3	1	FALSE	FALSE	
8935	7	7	1	FALSE	FALSE	
8936	1	1	1	FALSE	FALSE	
8939	2	2	1	FALSE	FALSE	
894	4	3	0.75	TRUE	FALSE	
8940	2	2	1	FALSE	FALSE	
8941	1	1	1	FALSE	FALSE	
8942	4	3	0.75	TRUE	FALSE	
8943	3	3	1	FALSE	FALSE	
8945	5	3	0.6	TRUE	FALSE	
896	2	2	1	FALSE	FALSE	
8968	1	1	1	FALSE	FALSE	
8969	1	1	1	FALSE	FALSE	
8970	1	1	1	FALSE	FALSE	
8971	1	1	1	FALSE	FALSE	
8972	1	1	1	FALSE	FALSE	
8973	1	1	1	FALSE	FALSE	
8974	2	2	1	FALSE	FALSE	
8975	3	1	0.333333333333333	TRUE	FALSE	
8976	4	2	0.5	TRUE	FALSE	
89765	1	1	1	FALSE	FALSE	
89766	1	1	1	FALSE	FALSE	
89777	1	1	1	FALSE	FALSE	
89778	1	1	1	FALSE	FALSE	
89781	3	3	1	FALSE	FALSE	
89782	4	3	0.75	TRUE	FALSE	
89790	2	2	1	FALSE	FALSE	
89792	1	1	1	FALSE	FALSE	
89795	5	4	0.8	TRUE	FALSE	
89796	8	7	0.875	TRUE	FALSE	
89797	6	2	0.333333333333333	TRUE	FALSE	
898	2	1	0.5	TRUE	FALSE	
89801	3	2	0.666666666666667	TRUE	FALSE	
89822	1	1	1	FALSE	FALSE	
89845	1	1	1	FALSE	FALSE	
89846	2	2	1	FALSE	FALSE	
89848	2	2	1	FALSE	FALSE	
89849	2	2	1	FALSE	FALSE	
8985	1	1	1	FALSE	FALSE	
89853	5	2	0.4	TRUE	FALSE	
89857	4	3	0.75	TRUE	FALSE	
8986	2	1	0.5	TRUE	FALSE	
89866	5	3	0.6	TRUE	FALSE	
89869	1	1	1	FALSE	FALSE	
8987	1	1	1	FALSE	FALSE	
89870	3	3	1	FALSE	FALSE	
89872	1	1	1	FALSE	FALSE	
89874	1	1	1	FALSE	FALSE	
89876	8	5	0.625	TRUE	FALSE	
8988	1	1	1	FALSE	FALSE	
89882	2	2	1	FALSE	FALSE	
89883	1	1	1	FALSE	FALSE	
89884	3	2	0.666666666666667	TRUE	FALSE	
89885	1	1	1	FALSE	FALSE	
89886	2	2	1	FALSE	FALSE	
89887	1	1	1	FALSE	FALSE	
8989	2	1	0.5	TRUE	FALSE	
89890	2	1	0.5	TRUE	FALSE	
89891	1	1	1	FALSE	FALSE	
89894	3	2	0.666666666666667	TRUE	FALSE	
899	2	2	1	FALSE	FALSE	
8991	1	1	1	FALSE	FALSE	
89910	6	3	0.5	TRUE	FALSE	
8992	5	1	0.2	TRUE	FALSE	
89927	2	1	0.5	TRUE	FALSE	
8993	1	1	1	FALSE	FALSE	
89932	2	2	1	FALSE	FALSE	
8994	3	1	0.333333333333333	TRUE	FALSE	
89941	1	1	1	FALSE	FALSE	
89944	1	1	1	FALSE	FALSE	
8995	1	1	1	FALSE	FALSE	
89953	2	2	1	FALSE	FALSE	
89958	1	1	1	FALSE	FALSE	
8996	4	2	0.5	TRUE	FALSE	
8997	7	7	1	FALSE	FALSE	
89970	3	3	1	FALSE	FALSE	
89978	3	2	0.666666666666667	TRUE	FALSE	
8999	2	1	0.5	TRUE	FALSE	
9	1	1	1	FALSE	FALSE	
90	1	1	1	FALSE	FALSE	
900	1	1	1	FALSE	FALSE	
90007	3	1	0.333333333333333	TRUE	FALSE	
9001	2	2	1	FALSE	FALSE	
90011	1	1	1	FALSE	FALSE	
90019	1	1	1	FALSE	FALSE	
9002	1	1	1	FALSE	FALSE	
90024	1	1	1	FALSE	FALSE	
90025	2	1	0.5	TRUE	FALSE	
90050	1	1	1	FALSE	FALSE	
90060	2	1	0.5	TRUE	FALSE	
90070	1	1	1	FALSE	FALSE	
90075	1	1	1	FALSE	FALSE	
901	5	3	0.6	TRUE	FALSE	
90102	5	5	1	FALSE	FALSE	
90113	2	1	0.5	TRUE	FALSE	
90120	1	1	1	FALSE	FALSE	
90121	1	1	1	FALSE	FALSE	
9013	2	1	0.5	TRUE	FALSE	
90133	2	1	0.5	TRUE	FALSE	
90134	2	1	0.5	TRUE	FALSE	
90135	1	1	1	FALSE	FALSE	
90139	2	2	1	FALSE	FALSE	
9014	2	2	1	FALSE	FALSE	
90141	1	1	1	FALSE	FALSE	
9015	1	1	1	FALSE	FALSE	
9016	2	2	1	FALSE	FALSE	
90161	3	3	1	FALSE	FALSE	
90167	1	1	1	FALSE	FALSE	
90187	1	1	1	FALSE	FALSE	
9019	5	5	1	FALSE	FALSE	
90196	4	3	0.75	TRUE	FALSE	
90199	3	2	0.666666666666667	TRUE	FALSE	
902	1	1	1	FALSE	FALSE	
9020	1	1	1	FALSE	FALSE	
90203	3	3	1	FALSE	FALSE	
90204	1	1	1	FALSE	FALSE	
9021	4	3	0.75	TRUE	FALSE	
9022	1	1	1	FALSE	FALSE	
9023	1	1	1	FALSE	FALSE	
90231	3	3	1	FALSE	FALSE	
90233	4	2	0.5	TRUE	FALSE	
9024	2	2	1	FALSE	FALSE	
90246	2	1	0.5	TRUE	FALSE	
90249	2	1	0.5	TRUE	FALSE	
9025	2	2	1	FALSE	FALSE	
9026	3	2	0.666666666666667	TRUE	FALSE	
90268	3	2	0.666666666666667	TRUE	FALSE	
9027	1	1	1	FALSE	FALSE	
90271	1	1	1	FALSE	FALSE	
90273	2	1	0.5	TRUE	FALSE	
9028	1	1	1	FALSE	FALSE	
90288	1	1	1	FALSE	FALSE	
90293	1	1	1	FALSE	FALSE	
9031	4	2	0.5	TRUE	FALSE	
90313	1	1	1	FALSE	FALSE	
90317	2	2	1	FALSE	FALSE	
9032	1	1	1	FALSE	FALSE	
90321	1	1	1	FALSE	FALSE	
90324	3	1	0.333333333333333	TRUE	FALSE	
90326	2	2	1	FALSE	FALSE	
9033	1	1	1	FALSE	FALSE	
90332	1	1	1	FALSE	FALSE	
90333	1	1	1	FALSE	FALSE	
90338	4	2	0.5	TRUE	FALSE	
9034	1	1	1	FALSE	FALSE	
90342	1	1	1	FALSE	FALSE	
90355	1	1	1	FALSE	FALSE	
90362	3	2	0.666666666666667	TRUE	FALSE	
9037	3	3	1	FALSE	FALSE	
90378	2	1	0.5	TRUE	FALSE	
90379	4	3	0.75	TRUE	FALSE	
9038	1	1	1	FALSE	FALSE	
90381	2	1	0.5	TRUE	FALSE	
9039	1	1	1	FALSE	FALSE	
90390	3	3	1	FALSE	FALSE	
904	2	2	1	FALSE	FALSE	
9040	1	1	1	FALSE	FALSE	
90407	2	2	1	FALSE	FALSE	
90410	1	1	1	FALSE	FALSE	
90411	3	2	0.666666666666667	TRUE	FALSE	
90416	3	2	0.666666666666667	TRUE	FALSE	
90417	1	1	1	FALSE	FALSE	
90423	2	2	1	FALSE	FALSE	
90427	1	1	1	FALSE	FALSE	
9043	5	3	0.6	TRUE	FALSE	
9044	1	1	1	FALSE	FALSE	
90441	1	1	1	FALSE	FALSE	
9045	3	3	1	FALSE	FALSE	
90459	2	2	1	FALSE	FALSE	
9046	1	1	1	FALSE	FALSE	
9047	1	1	1	FALSE	FALSE	
9048	1	1	1	FALSE	FALSE	
90480	1	1	1	FALSE	FALSE	
90488	1	1	1	FALSE	FALSE	
9049	2	2	1	FALSE	FALSE	
90499	1	1	1	FALSE	FALSE	
905	4	3	0.75	TRUE	FALSE	
9050	1	1	1	FALSE	FALSE	
90506	2	2	1	FALSE	FALSE	
90507	2	1	0.5	TRUE	TRUE	228730_s_at
9051	1	1	1	FALSE	FALSE	
9052	3	3	1	FALSE	FALSE	
90522	3	3	1	FALSE	FALSE	
90523	1	1	1	FALSE	FALSE	
90525	1	1	1	FALSE	FALSE	
90527	2	2	1	FALSE	FALSE	
90529	2	1	0.5	TRUE	FALSE	
9053	2	2	1	FALSE	FALSE	
9054	2	2	1	FALSE	FALSE	
9055	1	1	1	FALSE	FALSE	
90550	1	1	1	FALSE	FALSE	
9056	1	1	1	FALSE	FALSE	
9057	3	3	1	FALSE	FALSE	
9058	2	1	0.5	TRUE	FALSE	
90580	1	1	1	FALSE	FALSE	
90586	1	1	1	FALSE	FALSE	
90589	1	1	1	FALSE	FALSE	
90592	1	1	1	FALSE	FALSE	
90594	1	1	1	FALSE	FALSE	
9060	3	3	1	FALSE	FALSE	
9061	1	1	1	FALSE	FALSE	
90624	1	1	1	FALSE	FALSE	
90625	1	1	1	FALSE	FALSE	
90627	2	2	1	FALSE	FALSE	
9063	9	3	0.333333333333333	TRUE	TRUE	214442_s_at
90632	1	1	1	FALSE	FALSE	
90634	6	3	0.5	TRUE	FALSE	
90637	1	1	1	FALSE	FALSE	
90639	2	2	1	FALSE	FALSE	
9064	3	2	0.666666666666667	TRUE	FALSE	
90655	1	1	1	FALSE	FALSE	
9066	5	3	0.6	TRUE	FALSE	
90668	1	1	1	FALSE	FALSE	
90673	3	2	0.666666666666667	TRUE	FALSE	
90678	2	2	1	FALSE	FALSE	
9068	3	3	1	FALSE	FALSE	
9069	2	2	1	FALSE	FALSE	
90693	2	2	1	FALSE	FALSE	
9070	1	1	1	FALSE	FALSE	
90701	2	2	1	FALSE	FALSE	
9071	2	1	0.5	TRUE	FALSE	
9073	1	1	1	FALSE	FALSE	
90736	2	1	0.5	TRUE	FALSE	
90737	1	1	1	FALSE	FALSE	
9074	2	2	1	FALSE	FALSE	
9075	1	1	1	FALSE	FALSE	
9076	2	2	1	FALSE	FALSE	
90768	2	2	1	FALSE	FALSE	
9077	1	1	1	FALSE	FALSE	
90780	1	1	1	FALSE	FALSE	
9079	2	1	0.5	TRUE	TRUE	206481_s_at
90799	3	2	0.666666666666667	TRUE	FALSE	
908	2	2	1	FALSE	FALSE	
9080	1	1	1	FALSE	FALSE	
90806	3	3	1	FALSE	FALSE	
90809	1	1	1	FALSE	FALSE	
90826	1	1	1	FALSE	FALSE	
90827	1	1	1	FALSE	FALSE	
9083	1	1	1	FALSE	FALSE	
90835	1	1	1	FALSE	FALSE	
90843	1	1	1	FALSE	FALSE	
9085	1	1	1	FALSE	FALSE	
90850	1	1	1	FALSE	FALSE	
90853	2	1	0.5	TRUE	FALSE	
9086	2	2	1	FALSE	FALSE	
90861	2	2	1	FALSE	FALSE	
90864	2	2	1	FALSE	FALSE	
90865	1	1	1	FALSE	FALSE	
9087	1	1	1	FALSE	FALSE	
90871	2	2	1	FALSE	FALSE	
90874	2	1	0.5	TRUE	FALSE	
909	1	1	1	FALSE	FALSE	
9091	2	1	0.5	TRUE	FALSE	
9092	2	1	0.5	TRUE	TRUE	231998_at
9093	2	2	1	FALSE	FALSE	
90933	1	1	1	FALSE	FALSE	
9094	1	1	1	FALSE	FALSE	
9095	1	1	1	FALSE	FALSE	
90952	1	1	1	FALSE	FALSE	
90956	4	3	0.75	TRUE	FALSE	
90957	2	1	0.5	TRUE	FALSE	
9096	3	2	0.666666666666667	TRUE	FALSE	
9097	2	1	0.5	TRUE	FALSE	
9098	2	2	1	FALSE	FALSE	
90987	1	1	1	FALSE	FALSE	
9099	4	4	1	FALSE	FALSE	
90990	2	2	1	FALSE	FALSE	
90993	2	1	0.5	TRUE	FALSE	
91	6	4	0.666666666666667	TRUE	FALSE	
910	1	1	1	FALSE	FALSE	
9100	2	2	1	FALSE	FALSE	
9101	2	2	1	FALSE	FALSE	
91010	4	3	0.75	TRUE	FALSE	
91012	2	1	0.5	TRUE	FALSE	
9103	1	1	1	FALSE	FALSE	
91039	2	2	1	FALSE	FALSE	
9104	1	1	1	FALSE	FALSE	
91050	4	3	0.75	TRUE	FALSE	
91057	2	2	1	FALSE	FALSE	
9107	2	2	1	FALSE	FALSE	
91074	1	1	1	FALSE	FALSE	
9108	3	1	0.333333333333333	TRUE	FALSE	
911	1	1	1	FALSE	FALSE	
9110	2	2	1	FALSE	FALSE	
91107	1	1	1	FALSE	FALSE	
9111	1	1	1	FALSE	FALSE	
9112	2	1	0.5	TRUE	FALSE	
91120	2	2	1	FALSE	FALSE	
9113	4	3	0.75	TRUE	FALSE	
91133	2	1	0.5	TRUE	FALSE	
91137	2	2	1	FALSE	FALSE	
9114	1	1	1	FALSE	FALSE	
91147	6	5	0.833333333333333	TRUE	FALSE	
91149	1	1	1	FALSE	FALSE	
91151	2	2	1	FALSE	FALSE	
91156	2	1	0.5	TRUE	FALSE	
9117	6	2	0.333333333333333	TRUE	FALSE	
91179	3	1	0.333333333333333	TRUE	FALSE	
9118	1	1	1	FALSE	FALSE	
91181	1	1	1	FALSE	FALSE	
9119	1	1	1	FALSE	FALSE	
912	1	1	1	FALSE	FALSE	
9120	2	2	1	FALSE	FALSE	
9121	3	3	1	FALSE	FALSE	
9122	1	1	1	FALSE	FALSE	
9123	2	1	0.5	TRUE	FALSE	
9124	1	1	1	FALSE	FALSE	
9125	6	2	0.333333333333333	TRUE	FALSE	
91252	2	2	1	FALSE	FALSE	
9126	4	4	1	FALSE	FALSE	
9127	2	2	1	FALSE	FALSE	
91272	1	1	1	FALSE	FALSE	
9128	2	2	1	FALSE	FALSE	
91283	2	1	0.5	TRUE	FALSE	
91289	2	1	0.5	TRUE	FALSE	
9129	1	1	1	FALSE	FALSE	
91298	2	2	1	FALSE	FALSE	
913	2	1	0.5	TRUE	FALSE	
9130	1	1	1	FALSE	FALSE	
91300	2	2	1	FALSE	FALSE	
91304	5	2	0.4	TRUE	FALSE	
9131	1	1	1	FALSE	FALSE	
91316	2	2	1	FALSE	FALSE	
91319	2	2	1	FALSE	FALSE	
9132	2	2	1	FALSE	FALSE	
9133	3	1	0.333333333333333	TRUE	FALSE	
9134	2	1	0.5	TRUE	FALSE	
9135	5	5	1	FALSE	FALSE	
91351	2	2	1	FALSE	FALSE	
91355	1	1	1	FALSE	FALSE	
9136	1	1	1	FALSE	FALSE	
91368	2	1	0.5	TRUE	FALSE	
91369	3	3	1	FALSE	FALSE	
91370	1	1	1	FALSE	FALSE	
91373	1	1	1	FALSE	FALSE	
9138	1	1	1	FALSE	FALSE	
9139	5	4	0.8	TRUE	FALSE	
91392	2	2	1	FALSE	FALSE	
914	1	1	1	FALSE	FALSE	
9140	3	3	1	FALSE	FALSE	
91404	3	3	1	FALSE	FALSE	
91408	4	4	1	FALSE	FALSE	
91409	1	1	1	FALSE	FALSE	
9141	2	1	0.5	TRUE	FALSE	
91419	2	2	1	FALSE	FALSE	
9143	1	1	1	FALSE	FALSE	
91433	2	1	0.5	TRUE	FALSE	
9144	2	2	1	FALSE	FALSE	
91445	1	1	1	FALSE	FALSE	
9145	3	2	0.666666666666667	TRUE	FALSE	
91450	1	1	1	FALSE	FALSE	
91452	2	2	1	FALSE	FALSE	
9146	2	2	1	FALSE	FALSE	
91461	1	1	1	FALSE	FALSE	
91464	1	1	1	FALSE	FALSE	
9147	3	3	1	FALSE	FALSE	
9148	2	1	0.5	TRUE	FALSE	
9149	2	2	1	FALSE	FALSE	
915	1	1	1	FALSE	FALSE	
9150	1	1	1	FALSE	FALSE	
9152	2	2	1	FALSE	FALSE	
91522	1	1	1	FALSE	FALSE	
91523	1	1	1	FALSE	FALSE	
91526	5	2	0.4	TRUE	FALSE	
9153	2	1	0.5	TRUE	FALSE	
9154	2	2	1	FALSE	FALSE	
91543	2	2	1	FALSE	FALSE	
91544	1	1	1	FALSE	FALSE	
9156	1	1	1	FALSE	FALSE	
91574	3	1	0.333333333333333	TRUE	FALSE	
9158	1	1	1	FALSE	FALSE	
91582	1	1	1	FALSE	FALSE	
91584	4	3	0.75	TRUE	FALSE	
9159	2	2	1	FALSE	FALSE	
916	1	1	1	FALSE	FALSE	
91603	2	2	1	FALSE	FALSE	
91607	1	1	1	FALSE	FALSE	
91608	2	2	1	FALSE	FALSE	
91612	4	4	1	FALSE	FALSE	
91614	1	1	1	FALSE	FALSE	
9162	2	2	1	FALSE	FALSE	
91624	2	2	1	FALSE	FALSE	
91646	1	1	1	FALSE	FALSE	
91647	2	2	1	FALSE	FALSE	
91653	3	3	1	FALSE	FALSE	
9166	2	1	0.5	TRUE	FALSE	
91661	3	2	0.666666666666667	TRUE	FALSE	
91662	2	2	1	FALSE	FALSE	
91663	1	1	1	FALSE	FALSE	
9167	1	1	1	FALSE	FALSE	
9168	2	1	0.5	TRUE	FALSE	
91683	3	1	0.333333333333333	TRUE	FALSE	
91687	1	1	1	FALSE	FALSE	
91689	3	2	0.666666666666667	TRUE	FALSE	
9169	5	4	0.8	TRUE	FALSE	
91694	3	3	1	FALSE	FALSE	
917	1	1	1	FALSE	FALSE	
9170	2	2	1	FALSE	FALSE	
91703	2	1	0.5	TRUE	FALSE	
9172	1	1	1	FALSE	FALSE	
9173	4	3	0.75	TRUE	FALSE	
91734	1	1	1	FALSE	FALSE	
91746	5	3	0.6	TRUE	FALSE	
91748	2	2	1	FALSE	FALSE	
91749	3	2	0.666666666666667	TRUE	FALSE	
9175	7	5	0.714285714285714	TRUE	FALSE	
91750	2	2	1	FALSE	FALSE	
91752	1	1	1	FALSE	FALSE	
91754	3	3	1	FALSE	FALSE	
91768	3	2	0.666666666666667	TRUE	FALSE	
9177	1	1	1	FALSE	FALSE	
91775	4	4	1	FALSE	FALSE	
91782	1	1	1	FALSE	FALSE	
9179	1	1	1	FALSE	FALSE	
9180	3	3	1	FALSE	FALSE	
91801	2	2	1	FALSE	FALSE	
91807	4	2	0.5	TRUE	FALSE	
9181	4	1	0.25	TRUE	FALSE	
9182	1	1	1	FALSE	FALSE	
91828	2	1	0.5	TRUE	FALSE	
9183	1	1	1	FALSE	FALSE	
91833	3	1	0.333333333333333	TRUE	FALSE	
9184	5	5	1	FALSE	FALSE	
9185	3	3	1	FALSE	FALSE	
91851	1	1	1	FALSE	FALSE	
91860	5	4	0.8	TRUE	FALSE	
91862	3	3	1	FALSE	FALSE	
91869	2	1	0.5	TRUE	FALSE	
9187	4	1	0.25	TRUE	FALSE	
91875	3	3	1	FALSE	FALSE	
9188	2	1	0.5	TRUE	FALSE	
9189	2	1	0.5	TRUE	FALSE	
91893	1	1	1	FALSE	FALSE	
919	1	1	1	FALSE	FALSE	
9191	2	1	0.5	TRUE	FALSE	
91937	1	1	1	FALSE	FALSE	
9194	4	4	1	FALSE	FALSE	
91942	1	1	1	FALSE	FALSE	
91947	1	1	1	FALSE	FALSE	
91948	1	1	1	FALSE	FALSE	
91949	1	1	1	FALSE	FALSE	
9196	1	1	1	FALSE	FALSE	
9197	4	3	0.75	TRUE	FALSE	
91975	1	1	1	FALSE	FALSE	
91977	4	3	0.75	TRUE	FALSE	
91978	1	1	1	FALSE	FALSE	
92	2	2	1	FALSE	FALSE	
920	2	1	0.5	TRUE	FALSE	
9200	2	2	1	FALSE	FALSE	
92002	1	1	1	FALSE	FALSE	
9201	4	4	1	FALSE	FALSE	
92014	2	2	1	FALSE	FALSE	
92017	5	2	0.4	TRUE	FALSE	
9202	3	2	0.666666666666667	TRUE	FALSE	
9203	3	3	1	FALSE	FALSE	
9204	7	5	0.714285714285714	TRUE	FALSE	
9205	2	1	0.5	TRUE	FALSE	
92070	1	1	1	FALSE	FALSE	
9208	6	4	0.666666666666667	TRUE	FALSE	
9209	5	5	1	FALSE	FALSE	
92092	2	2	1	FALSE	FALSE	
921	2	1	0.5	TRUE	FALSE	
9210	1	1	1	FALSE	FALSE	
92104	1	1	1	FALSE	FALSE	
92105	4	2	0.5	TRUE	FALSE	
92106	1	1	1	FALSE	FALSE	
9211	1	1	1	FALSE	FALSE	
9212	2	2	1	FALSE	FALSE	
92126	3	3	1	FALSE	FALSE	
92129	1	1	1	FALSE	FALSE	
9213	3	2	0.666666666666667	TRUE	FALSE	
9214	2	2	1	FALSE	FALSE	
92140	5	5	1	FALSE	FALSE	
9215	3	2	0.666666666666667	TRUE	FALSE	
92154	3	3	1	FALSE	FALSE	
92162	1	1	1	FALSE	FALSE	
9217	3	3	1	FALSE	FALSE	
92170	1	1	1	FALSE	FALSE	
9218	3	2	0.666666666666667	TRUE	FALSE	
92181	2	2	1	FALSE	FALSE	
9219	1	1	1	FALSE	FALSE	
92196	1	1	1	FALSE	FALSE	
922	1	1	1	FALSE	FALSE	
9221	3	2	0.666666666666667	TRUE	FALSE	
92211	2	2	1	FALSE	FALSE	
9223	11	4	0.363636363636364	TRUE	FALSE	
92235	1	1	1	FALSE	FALSE	
92241	2	2	1	FALSE	FALSE	
92249	3	3	1	FALSE	FALSE	
92255	3	3	1	FALSE	FALSE	
92259	1	1	1	FALSE	FALSE	
9227	1	1	1	FALSE	FALSE	
92270	2	1	0.5	TRUE	FALSE	
9228	4	4	1	FALSE	FALSE	
92283	1	1	1	FALSE	FALSE	
92285	2	1	0.5	TRUE	FALSE	
9229	7	4	0.571428571428571	TRUE	FALSE	
92291	3	3	1	FALSE	FALSE	
92292	3	2	0.666666666666667	TRUE	FALSE	
92293	1	1	1	FALSE	FALSE	
923	4	1	0.25	TRUE	FALSE	
9230	2	1	0.5	TRUE	FALSE	
92304	1	1	1	FALSE	FALSE	
92305	2	1	0.5	TRUE	FALSE	
9231	2	2	1	FALSE	FALSE	
92312	3	3	1	FALSE	FALSE	
92335	3	3	1	FALSE	FALSE	
92340	1	1	1	FALSE	FALSE	
92342	1	1	1	FALSE	FALSE	
92344	1	1	1	FALSE	FALSE	
92345	1	1	1	FALSE	FALSE	
92346	1	1	1	FALSE	FALSE	
9235	1	1	1	FALSE	FALSE	
92359	1	1	1	FALSE	FALSE	
92369	1	1	1	FALSE	FALSE	
92370	2	1	0.5	TRUE	FALSE	
9238	2	1	0.5	TRUE	FALSE	
92399	2	1	0.5	TRUE	FALSE	
924	1	1	1	FALSE	FALSE	
9240	1	1	1	FALSE	FALSE	
92400	3	3	1	FALSE	FALSE	
9241	1	1	1	FALSE	FALSE	
9242	1	1	1	FALSE	FALSE	
92421	1	1	1	FALSE	FALSE	
9244	1	1	1	FALSE	FALSE	
9245	1	1	1	FALSE	FALSE	
9246	1	1	1	FALSE	FALSE	
9247	1	1	1	FALSE	FALSE	
9248	1	1	1	FALSE	FALSE	
92482	7	4	0.571428571428571	TRUE	FALSE	
92483	1	1	1	FALSE	FALSE	
9249	1	1	1	FALSE	FALSE	
925	1	1	1	FALSE	FALSE	
9252	4	3	0.75	TRUE	FALSE	
92521	3	3	1	FALSE	FALSE	
9253	1	1	1	FALSE	FALSE	
9254	1	1	1	FALSE	FALSE	
9255	3	2	0.666666666666667	TRUE	FALSE	
92552	1	1	1	FALSE	FALSE	
92558	1	1	1	FALSE	FALSE	
9256	1	1	1	FALSE	FALSE	
92565	1	1	1	FALSE	FALSE	
92579	2	2	1	FALSE	FALSE	
9258	2	1	0.5	TRUE	FALSE	
92591	1	1	1	FALSE	FALSE	
92595	2	2	1	FALSE	FALSE	
92597	1	1	1	FALSE	FALSE	
926	3	1	0.333333333333333	TRUE	FALSE	
9260	4	2	0.5	TRUE	FALSE	
92609	2	2	1	FALSE	FALSE	
9261	2	2	1	FALSE	FALSE	
92610	3	3	1	FALSE	FALSE	
9262	4	4	1	FALSE	FALSE	
9263	3	2	0.666666666666667	TRUE	FALSE	
9265	4	4	1	FALSE	FALSE	
92659	1	1	1	FALSE	FALSE	
9266	3	3	1	FALSE	FALSE	
92667	1	1	1	FALSE	FALSE	
9267	2	2	1	FALSE	FALSE	
92675	2	1	0.5	TRUE	FALSE	
92689	2	2	1	FALSE	FALSE	
92691	1	1	1	FALSE	FALSE	
9270	2	2	1	FALSE	FALSE	
9271	1	1	1	FALSE	FALSE	
92714	1	1	1	FALSE	FALSE	
92715	1	1	1	FALSE	FALSE	
92736	2	1	0.5	TRUE	FALSE	
92737	1	1	1	FALSE	FALSE	
9274	1	1	1	FALSE	FALSE	
92745	1	1	1	FALSE	FALSE	
92747	1	1	1	FALSE	FALSE	
92749	1	1	1	FALSE	FALSE	
9275	1	1	1	FALSE	FALSE	
9276	1	1	1	FALSE	FALSE	
9277	1	1	1	FALSE	FALSE	
9278	1	1	1	FALSE	FALSE	
92797	3	2	0.666666666666667	TRUE	FALSE	
92799	1	1	1	FALSE	FALSE	
928	3	2	0.666666666666667	TRUE	FALSE	
92806	2	2	1	FALSE	FALSE	
92815	1	1	1	FALSE	FALSE	
9282	6	3	0.5	TRUE	FALSE	
92822	1	1	1	FALSE	FALSE	
9283	3	2	0.666666666666667	TRUE	FALSE	
92840	1	1	1	FALSE	FALSE	
92856	1	1	1	FALSE	FALSE	
9287	1	1	1	FALSE	FALSE	
9288	1	1	1	FALSE	FALSE	
9289	2	1	0.5	TRUE	FALSE	
929	1	1	1	FALSE	FALSE	
9290	2	2	1	FALSE	FALSE	
92906	4	4	1	FALSE	FALSE	
92912	1	1	1	FALSE	FALSE	
92922	1	1	1	FALSE	FALSE	
9293	1	1	1	FALSE	FALSE	
92935	1	1	1	FALSE	FALSE	
9294	2	2	1	FALSE	FALSE	
92949	6	4	0.666666666666667	TRUE	FALSE	
9295	3	2	0.666666666666667	TRUE	FALSE	
9296	1	1	1	FALSE	FALSE	
92960	1	1	1	FALSE	FALSE	
92979	2	2	1	FALSE	FALSE	
92999	3	3	1	FALSE	FALSE	
93	3	2	0.666666666666667	TRUE	FALSE	
930	1	1	1	FALSE	FALSE	
93010	3	2	0.666666666666667	TRUE	FALSE	
93034	2	2	1	FALSE	FALSE	
93035	2	2	1	FALSE	FALSE	
93058	1	1	1	FALSE	FALSE	
9306	3	2	0.666666666666667	TRUE	FALSE	
9308	1	1	1	FALSE	FALSE	
93081	1	1	1	FALSE	FALSE	
93082	1	1	1	FALSE	FALSE	
93099	1	1	1	FALSE	FALSE	
931	2	1	0.5	TRUE	FALSE	
9310	2	1	0.5	TRUE	FALSE	
93100	1	1	1	FALSE	FALSE	
93107	1	1	1	FALSE	FALSE	
93109	2	1	0.5	TRUE	FALSE	
9312	2	2	1	FALSE	FALSE	
93129	1	1	1	FALSE	FALSE	
9313	1	1	1	FALSE	FALSE	
93134	2	1	0.5	TRUE	FALSE	
9314	2	2	1	FALSE	FALSE	
93145	1	1	1	FALSE	FALSE	
9315	2	2	1	FALSE	FALSE	
93164	2	2	1	FALSE	FALSE	
93166	3	2	0.666666666666667	TRUE	FALSE	
9317	2	1	0.5	TRUE	FALSE	
9318	2	2	1	FALSE	FALSE	
93183	3	3	1	FALSE	FALSE	
93185	1	1	1	FALSE	FALSE	
9319	1	1	1	FALSE	FALSE	
93190	1	1	1	FALSE	FALSE	
932	2	2	1	FALSE	FALSE	
9320	3	2	0.666666666666667	TRUE	FALSE	
9321	3	1	0.333333333333333	TRUE	FALSE	
93210	2	2	1	FALSE	FALSE	
9322	1	1	1	FALSE	FALSE	
9324	1	1	1	FALSE	FALSE	
9325	1	1	1	FALSE	FALSE	
9326	1	1	1	FALSE	FALSE	
93273	1	1	1	FALSE	FALSE	
9328	1	1	1	FALSE	FALSE	
9329	3	3	1	FALSE	FALSE	
933	4	2	0.5	TRUE	FALSE	
9330	4	2	0.5	TRUE	FALSE	
9331	4	3	0.75	TRUE	FALSE	
9332	2	2	1	FALSE	FALSE	
93323	1	1	1	FALSE	FALSE	
9333	1	1	1	FALSE	FALSE	
9334	2	1	0.5	TRUE	FALSE	
93343	1	1	1	FALSE	FALSE	
93349	3	2	0.666666666666667	TRUE	FALSE	
9337	3	3	1	FALSE	FALSE	
93377	1	1	1	FALSE	FALSE	
9338	1	1	1	FALSE	FALSE	
93380	1	1	1	FALSE	FALSE	
9340	1	1	1	FALSE	FALSE	
93408	2	2	1	FALSE	FALSE	
9341	3	3	1	FALSE	FALSE	
9342	3	1	0.333333333333333	TRUE	FALSE	
93426	2	2	1	FALSE	FALSE	
93429	1	1	1	FALSE	FALSE	
9343	2	2	1	FALSE	FALSE	
93432	1	1	1	FALSE	FALSE	
93436	1	1	1	FALSE	FALSE	
9344	3	1	0.333333333333333	TRUE	FALSE	
93463	1	1	1	FALSE	FALSE	
93474	1	1	1	FALSE	FALSE	
9348	1	1	1	FALSE	FALSE	
93487	4	2	0.5	TRUE	FALSE	
9349	2	2	1	FALSE	FALSE	
9350	1	1	1	FALSE	FALSE	
9351	1	1	1	FALSE	FALSE	
93517	2	2	1	FALSE	FALSE	
9352	3	2	0.666666666666667	TRUE	FALSE	
9353	3	3	1	FALSE	FALSE	
9354	1	1	1	FALSE	FALSE	
9355	2	2	1	FALSE	FALSE	
93550	2	1	0.5	TRUE	FALSE	
93556	1	1	1	FALSE	FALSE	
9356	1	1	1	FALSE	FALSE	
9358	5	5	1	FALSE	FALSE	
93587	2	1	0.5	TRUE	FALSE	
93589	2	2	1	FALSE	FALSE	
93594	2	2	1	FALSE	FALSE	
9360	4	4	1	FALSE	FALSE	
9361	1	1	1	FALSE	FALSE	
93611	1	1	1	FALSE	FALSE	
9362	1	1	1	FALSE	FALSE	
93621	1	1	1	FALSE	FALSE	
93622	1	1	1	FALSE	FALSE	
93624	1	1	1	FALSE	FALSE	
93627	1	1	1	FALSE	FALSE	
9363	1	1	1	FALSE	FALSE	
9364	5	5	1	FALSE	FALSE	
93643	2	2	1	FALSE	FALSE	
93649	2	1	0.5	TRUE	FALSE	
9365	1	1	1	FALSE	FALSE	
93653	1	1	1	FALSE	FALSE	
93654	2	2	1	FALSE	FALSE	
9366	1	1	1	FALSE	FALSE	
93661	1	1	1	FALSE	FALSE	
93663	3	1	0.333333333333333	TRUE	FALSE	
93664	1	1	1	FALSE	FALSE	
93668	2	2	1	FALSE	FALSE	
9367	1	1	1	FALSE	FALSE	
9368	1	1	1	FALSE	FALSE	
9369	4	4	1	FALSE	FALSE	
9370	1	1	1	FALSE	FALSE	
9371	2	2	1	FALSE	FALSE	
9372	2	2	1	FALSE	FALSE	
9373	3	3	1	FALSE	FALSE	
9374	1	1	1	FALSE	FALSE	
9375	1	1	1	FALSE	FALSE	
9376	2	1	0.5	TRUE	FALSE	
9377	2	1	0.5	TRUE	FALSE	
9378	4	2	0.5	TRUE	FALSE	
9379	2	1	0.5	TRUE	FALSE	
9380	1	1	1	FALSE	FALSE	
9381	2	2	1	FALSE	FALSE	
9382	3	3	1	FALSE	FALSE	
9383	1	1	1	FALSE	FALSE	
9388	1	1	1	FALSE	FALSE	
9389	1	1	1	FALSE	FALSE	
939	1	1	1	FALSE	FALSE	
9390	1	1	1	FALSE	FALSE	
9391	3	1	0.333333333333333	TRUE	FALSE	
9392	3	3	1	FALSE	FALSE	
9394	3	1	0.333333333333333	TRUE	FALSE	
93953	1	1	1	FALSE	FALSE	
9397	4	4	1	FALSE	FALSE	
93973	2	2	1	FALSE	FALSE	
93974	3	3	1	FALSE	FALSE	
93979	1	1	1	FALSE	FALSE	
9398	2	1	0.5	TRUE	FALSE	
93986	9	7	0.777777777777778	TRUE	FALSE	
9399	3	2	0.666666666666667	TRUE	FALSE	
94	2	2	1	FALSE	FALSE	
940	1	1	1	FALSE	FALSE	
9400	5	3	0.6	TRUE	FALSE	
94005	1	1	1	FALSE	FALSE	
9401	2	2	1	FALSE	FALSE	
94015	2	2	1	FALSE	FALSE	
9402	1	1	1	FALSE	FALSE	
94025	1	1	1	FALSE	FALSE	
94026	1	1	1	FALSE	FALSE	
9403	1	1	1	FALSE	FALSE	
94030	1	1	1	FALSE	FALSE	
94031	2	2	1	FALSE	FALSE	
94032	2	1	0.5	TRUE	FALSE	
94039	3	2	0.666666666666667	TRUE	FALSE	
9404	2	2	1	FALSE	FALSE	
94056	1	1	1	FALSE	FALSE	
94059	1	1	1	FALSE	FALSE	
9406	1	1	1	FALSE	FALSE	
9407	1	1	1	FALSE	FALSE	
94081	2	2	1	FALSE	FALSE	
94086	1	1	1	FALSE	FALSE	
9409	3	3	1	FALSE	FALSE	
94097	4	4	1	FALSE	FALSE	
941	3	2	0.666666666666667	TRUE	FALSE	
9410	1	1	1	FALSE	FALSE	
94101	3	3	1	FALSE	FALSE	
94103	2	1	0.5	TRUE	FALSE	
94104	3	3	1	FALSE	FALSE	
94107	1	1	1	FALSE	FALSE	
9411	4	3	0.75	TRUE	FALSE	
9412	2	2	1	FALSE	FALSE	
94120	4	2	0.5	TRUE	FALSE	
94121	3	2	0.666666666666667	TRUE	FALSE	
94122	2	1	0.5	TRUE	FALSE	
9413	1	1	1	FALSE	FALSE	
94134	1	1	1	FALSE	FALSE	
94137	1	1	1	FALSE	FALSE	
9414	4	2	0.5	TRUE	FALSE	
9415	2	1	0.5	TRUE	FALSE	
9416	2	2	1	FALSE	FALSE	
94160	2	1	0.5	TRUE	FALSE	
9419	5	3	0.6	TRUE	FALSE	
942	3	3	1	FALSE	FALSE	
9420	1	1	1	FALSE	FALSE	
9421	1	1	1	FALSE	FALSE	
9422	3	3	1	FALSE	FALSE	
9423	2	2	1	FALSE	FALSE	
94233	1	1	1	FALSE	FALSE	
94234	1	1	1	FALSE	FALSE	
94235	1	1	1	FALSE	FALSE	
94239	4	2	0.5	TRUE	FALSE	
9424	1	1	1	FALSE	FALSE	
94240	2	2	1	FALSE	FALSE	
94241	3	2	0.666666666666667	TRUE	FALSE	
9425	3	3	1	FALSE	FALSE	
9427	1	1	1	FALSE	FALSE	
94274	1	1	1	FALSE	FALSE	
9429	1	1	1	FALSE	FALSE	
943	1	1	1	FALSE	FALSE	
9435	2	2	1	FALSE	FALSE	
9436	2	2	1	FALSE	FALSE	
9437	2	2	1	FALSE	FALSE	
9439	5	4	0.8	TRUE	FALSE	
944	3	3	1	FALSE	FALSE	
9440	3	1	0.333333333333333	TRUE	FALSE	
9441	3	2	0.666666666666667	TRUE	FALSE	
9442	3	1	0.333333333333333	TRUE	FALSE	
9443	3	2	0.666666666666667	TRUE	FALSE	
9444	9	2	0.222222222222222	TRUE	TRUE	1555154_a_at;212262_at;212636_at;228540_at;236154_at
9445	2	2	1	FALSE	FALSE	
9446	2	2	1	FALSE	FALSE	
9447	1	1	1	FALSE	FALSE	
9448	5	1	0.2	TRUE	FALSE	
945	1	1	1	FALSE	FALSE	
9450	1	1	1	FALSE	FALSE	
9451	2	2	1	FALSE	FALSE	
9452	2	2	1	FALSE	FALSE	
9453	2	2	1	FALSE	FALSE	
9454	2	2	1	FALSE	FALSE	
9455	2	2	1	FALSE	FALSE	
9456	2	2	1	FALSE	FALSE	
9457	3	3	1	FALSE	FALSE	
9459	1	1	1	FALSE	FALSE	
9462	9	6	0.666666666666667	TRUE	FALSE	
9463	1	1	1	FALSE	FALSE	
9464	1	1	1	FALSE	FALSE	
9465	2	2	1	FALSE	FALSE	
9466	2	2	1	FALSE	FALSE	
9467	1	1	1	FALSE	FALSE	
9468	3	3	1	FALSE	FALSE	
9469	3	2	0.666666666666667	TRUE	FALSE	
947	1	1	1	FALSE	FALSE	
9470	4	1	0.25	TRUE	FALSE	
9472	2	2	1	FALSE	FALSE	
9473	1	1	1	FALSE	FALSE	
9474	3	3	1	FALSE	FALSE	
9475	1	1	1	FALSE	FALSE	
9476	1	1	1	FALSE	FALSE	
9477	2	2	1	FALSE	FALSE	
9478	3	3	1	FALSE	FALSE	
9479	1	1	1	FALSE	FALSE	
948	4	4	1	FALSE	FALSE	
9480	5	2	0.4	TRUE	FALSE	
9481	5	4	0.8	TRUE	FALSE	
9482	2	2	1	FALSE	FALSE	
9486	1	1	1	FALSE	FALSE	
9487	4	2	0.5	TRUE	FALSE	
9488	1	1	1	FALSE	FALSE	
9489	2	1	0.5	TRUE	FALSE	
949	3	2	0.666666666666667	TRUE	FALSE	
9491	4	3	0.75	TRUE	FALSE	
9493	2	2	1	FALSE	FALSE	
9495	2	1	0.5	TRUE	FALSE	
9496	1	1	1	FALSE	FALSE	
9497	4	4	1	FALSE	FALSE	
9498	4	4	1	FALSE	FALSE	
9499	1	1	1	FALSE	FALSE	
95	1	1	1	FALSE	FALSE	
950	4	2	0.5	TRUE	FALSE	
9500	1	1	1	FALSE	FALSE	
9501	3	3	1	FALSE	FALSE	
9502	1	1	1	FALSE	FALSE	
9506	1	1	1	FALSE	FALSE	
9507	1	1	1	FALSE	FALSE	
9508	1	1	1	FALSE	FALSE	
9509	3	1	0.333333333333333	TRUE	TRUE	214454_at
951	2	2	1	FALSE	FALSE	
9510	2	2	1	FALSE	FALSE	
9512	2	1	0.5	TRUE	FALSE	
9513	2	1	0.5	TRUE	FALSE	
9514	1	1	1	FALSE	FALSE	
9515	3	3	1	FALSE	FALSE	
9516	3	1	0.333333333333333	TRUE	FALSE	
9517	5	4	0.8	TRUE	FALSE	
9518	2	2	1	FALSE	FALSE	
9519	1	1	1	FALSE	FALSE	
952	1	1	1	FALSE	FALSE	
9520	4	3	0.75	TRUE	FALSE	
9521	2	1	0.5	TRUE	FALSE	
9522	6	5	0.833333333333333	TRUE	FALSE	
9524	2	2	1	FALSE	FALSE	
9525	1	1	1	FALSE	FALSE	
9526	2	1	0.5	TRUE	FALSE	
9527	4	3	0.75	TRUE	FALSE	
9528	4	2	0.5	TRUE	FALSE	
9529	3	3	1	FALSE	FALSE	
953	3	3	1	FALSE	FALSE	
9530	3	3	1	FALSE	FALSE	
9531	1	1	1	FALSE	FALSE	
9532	3	3	1	FALSE	FALSE	
9533	2	2	1	FALSE	FALSE	
9534	2	2	1	FALSE	FALSE	
9535	1	1	1	FALSE	FALSE	
9536	2	1	0.5	TRUE	FALSE	
9537	3	1	0.333333333333333	TRUE	FALSE	
9538	2	2	1	FALSE	FALSE	
954	2	1	0.5	TRUE	FALSE	
9540	1	1	1	FALSE	FALSE	
9541	1	1	1	FALSE	FALSE	
9542	3	2	0.666666666666667	TRUE	FALSE	
9543	2	2	1	FALSE	FALSE	
9545	2	1	0.5	TRUE	FALSE	
9546	1	1	1	FALSE	FALSE	
9547	3	1	0.333333333333333	TRUE	FALSE	
955	2	2	1	FALSE	FALSE	
9550	2	2	1	FALSE	FALSE	
9551	2	2	1	FALSE	FALSE	
9552	1	1	1	FALSE	FALSE	
9553	1	1	1	FALSE	FALSE	
9554	2	2	1	FALSE	FALSE	
9555	6	5	0.833333333333333	TRUE	FALSE	
9556	2	2	1	FALSE	FALSE	
9557	4	3	0.75	TRUE	FALSE	
9559	1	1	1	FALSE	FALSE	
956	2	1	0.5	TRUE	FALSE	
9562	1	1	1	FALSE	FALSE	
9563	4	4	1	FALSE	FALSE	
9564	2	2	1	FALSE	FALSE	
9567	5	2	0.4	TRUE	FALSE	
9568	2	2	1	FALSE	FALSE	
95681	6	2	0.333333333333333	TRUE	FALSE	
9569	1	1	1	FALSE	FALSE	
957	3	3	1	FALSE	FALSE	
9570	8	6	0.75	TRUE	FALSE	
9573	1	1	1	FALSE	FALSE	
9575	4	3	0.75	TRUE	FALSE	
9576	2	2	1	FALSE	FALSE	
9577	1	1	1	FALSE	FALSE	
9578	2	1	0.5	TRUE	FALSE	
958	4	4	1	FALSE	FALSE	
9580	3	3	1	FALSE	FALSE	
9581	4	3	0.75	TRUE	FALSE	
9582	1	1	1	FALSE	FALSE	
9583	2	1	0.5	TRUE	FALSE	
9584	4	4	1	FALSE	FALSE	
9585	1	1	1	FALSE	FALSE	
9586	4	4	1	FALSE	FALSE	
9587	1	1	1	FALSE	FALSE	
9588	2	2	1	FALSE	FALSE	
9589	7	5	0.714285714285714	TRUE	FALSE	
959	1	1	1	FALSE	FALSE	
9590	5	5	1	FALSE	FALSE	
9592	1	1	1	FALSE	FALSE	
9595	1	1	1	FALSE	FALSE	
9597	1	1	1	FALSE	FALSE	
960	9	8	0.888888888888889	TRUE	FALSE	
9600	1	1	1	FALSE	FALSE	
9601	2	2	1	FALSE	FALSE	
9603	2	2	1	FALSE	FALSE	
9604	3	3	1	FALSE	FALSE	
9605	1	1	1	FALSE	FALSE	
9607	1	1	1	FALSE	FALSE	
9609	1	1	1	FALSE	FALSE	
961	6	5	0.833333333333333	TRUE	FALSE	
9610	1	1	1	FALSE	FALSE	
9611	4	3	0.75	TRUE	FALSE	
9612	4	2	0.5	TRUE	FALSE	
9615	2	2	1	FALSE	FALSE	
9616	3	3	1	FALSE	FALSE	
9617	3	2	0.666666666666667	TRUE	FALSE	
9618	4	4	1	FALSE	FALSE	
9619	4	4	1	FALSE	FALSE	
962	2	2	1	FALSE	FALSE	
9620	3	1	0.333333333333333	TRUE	FALSE	
9622	3	1	0.333333333333333	TRUE	FALSE	
9623	1	1	1	FALSE	FALSE	
9625	1	1	1	FALSE	FALSE	
9626	3	2	0.666666666666667	TRUE	FALSE	
9627	3	3	1	FALSE	FALSE	
9628	3	3	1	FALSE	FALSE	
9629	1	1	1	FALSE	FALSE	
963	3	3	1	FALSE	FALSE	
9630	2	2	1	FALSE	FALSE	
9631	1	1	1	FALSE	FALSE	
9632	1	1	1	FALSE	FALSE	
9633	2	2	1	FALSE	FALSE	
9635	4	2	0.5	TRUE	FALSE	
9636	1	1	1	FALSE	FALSE	
9637	4	2	0.5	TRUE	TRUE	202305_s_at;215000_s_at
9638	2	2	1	FALSE	FALSE	
9639	4	3	0.75	TRUE	FALSE	
9640	3	2	0.666666666666667	TRUE	FALSE	
9641	2	1	0.5	TRUE	FALSE	
9643	3	3	1	FALSE	FALSE	
9644	3	2	0.666666666666667	TRUE	FALSE	
9645	4	3	0.75	TRUE	FALSE	
96459	5	3	0.6	TRUE	FALSE	
9646	1	1	1	FALSE	FALSE	
9647	4	2	0.5	TRUE	FALSE	
9648	2	1	0.5	TRUE	FALSE	
9649	5	2	0.4	TRUE	FALSE	
965	4	1	0.25	TRUE	TRUE	211744_s_at;216942_s_at
9650	3	3	1	FALSE	FALSE	
9651	1	1	1	FALSE	FALSE	
9652	3	3	1	FALSE	FALSE	
9653	4	4	1	FALSE	FALSE	
9654	3	1	0.333333333333333	TRUE	FALSE	
9655	2	1	0.5	TRUE	FALSE	
9656	2	2	1	FALSE	FALSE	
9657	1	1	1	FALSE	FALSE	
9658	1	1	1	FALSE	FALSE	
9659	5	3	0.6	TRUE	FALSE	
96597	1	1	1	FALSE	FALSE	
966	4	4	1	FALSE	FALSE	
96610	3	1	0.333333333333333	TRUE	FALSE	
9662	2	1	0.5	TRUE	FALSE	
9663	2	1	0.5	TRUE	FALSE	
9665	2	1	0.5	TRUE	FALSE	
9666	3	1	0.333333333333333	TRUE	FALSE	
9667	2	2	1	FALSE	FALSE	
9668	1	1	1	FALSE	FALSE	
9669	5	1	0.2	TRUE	FALSE	
967	1	1	1	FALSE	FALSE	
9670	1	1	1	FALSE	FALSE	
9671	2	1	0.5	TRUE	FALSE	
9672	2	2	1	FALSE	FALSE	
9673	2	2	1	FALSE	FALSE	
9674	2	2	1	FALSE	FALSE	
9675	1	1	1	FALSE	FALSE	
96764	3	3	1	FALSE	FALSE	
9677	2	2	1	FALSE	FALSE	
9678	3	1	0.333333333333333	TRUE	FALSE	
9679	2	1	0.5	TRUE	FALSE	
968	1	1	1	FALSE	FALSE	
9681	1	1	1	FALSE	FALSE	
9682	2	2	1	FALSE	FALSE	
9683	4	3	0.75	TRUE	FALSE	
9684	2	2	1	FALSE	FALSE	
9685	3	3	1	FALSE	FALSE	
9686	2	2	1	FALSE	FALSE	
9687	3	1	0.333333333333333	TRUE	FALSE	
9688	2	2	1	FALSE	FALSE	
9689	3	1	0.333333333333333	TRUE	FALSE	
969	1	1	1	FALSE	FALSE	
9690	5	3	0.6	TRUE	FALSE	
9692	2	2	1	FALSE	FALSE	
9693	5	1	0.2	TRUE	FALSE	
9694	1	1	1	FALSE	FALSE	
9695	1	1	1	FALSE	FALSE	
9696	2	1	0.5	TRUE	FALSE	
9697	3	2	0.666666666666667	TRUE	FALSE	
9698	3	3	1	FALSE	FALSE	
9699	3	1	0.333333333333333	TRUE	FALSE	
97	1	1	1	FALSE	FALSE	
970	1	1	1	FALSE	FALSE	
9700	2	2	1	FALSE	FALSE	
9701	3	2	0.666666666666667	TRUE	FALSE	
9702	4	4	1	FALSE	FALSE	
9703	2	2	1	FALSE	FALSE	
9704	3	1	0.333333333333333	TRUE	FALSE	
9705	4	3	0.75	TRUE	FALSE	
9706	4	4	1	FALSE	FALSE	
9708	1	1	1	FALSE	FALSE	
9709	2	1	0.5	TRUE	FALSE	
971	1	1	1	FALSE	FALSE	
9710	1	1	1	FALSE	FALSE	
9711	5	3	0.6	TRUE	FALSE	
9712	3	2	0.666666666666667	TRUE	FALSE	
9715	1	1	1	FALSE	FALSE	
9716	4	2	0.5	TRUE	FALSE	
9717	1	1	1	FALSE	FALSE	
9718	2	1	0.5	TRUE	FALSE	
9719	1	1	1	FALSE	FALSE	
972	3	3	1	FALSE	FALSE	
9720	1	1	1	FALSE	FALSE	
9721	2	2	1	FALSE	FALSE	
9722	2	1	0.5	TRUE	FALSE	
9724	1	1	1	FALSE	FALSE	
9725	5	5	1	FALSE	FALSE	
9726	1	1	1	FALSE	FALSE	
9727	3	3	1	FALSE	FALSE	
9728	2	2	1	FALSE	FALSE	
9729	1	1	1	FALSE	FALSE	
973	2	2	1	FALSE	FALSE	
9730	5	3	0.6	TRUE	FALSE	
9731	3	1	0.333333333333333	TRUE	FALSE	
9732	2	2	1	FALSE	FALSE	
9733	4	4	1	FALSE	FALSE	
9734	5	5	1	FALSE	FALSE	
9735	1	1	1	FALSE	FALSE	
9736	5	2	0.4	TRUE	FALSE	
9737	1	1	1	FALSE	FALSE	
9738	2	2	1	FALSE	FALSE	
9739	1	1	1	FALSE	FALSE	
974	2	1	0.5	TRUE	FALSE	
9741	1	1	1	FALSE	FALSE	
9742	3	2	0.666666666666667	TRUE	FALSE	
9743	4	4	1	FALSE	FALSE	
9744	3	1	0.333333333333333	TRUE	FALSE	
9745	3	1	0.333333333333333	TRUE	FALSE	
9746	1	1	1	FALSE	FALSE	
9747	4	4	1	FALSE	FALSE	
9748	2	1	0.5	TRUE	FALSE	
9749	5	5	1	FALSE	FALSE	
975	1	1	1	FALSE	FALSE	
9750	1	1	1	FALSE	FALSE	
9751	1	1	1	FALSE	FALSE	
9752	1	1	1	FALSE	FALSE	
9753	3	2	0.666666666666667	TRUE	FALSE	
9754	1	1	1	FALSE	FALSE	
9755	1	1	1	FALSE	FALSE	
9757	2	1	0.5	TRUE	FALSE	
9758	2	1	0.5	TRUE	FALSE	
9759	3	1	0.333333333333333	TRUE	FALSE	
976	1	1	1	FALSE	FALSE	
9760	2	2	1	FALSE	FALSE	
9761	2	2	1	FALSE	FALSE	
9762	1	1	1	FALSE	FALSE	
9764	2	1	0.5	TRUE	FALSE	
9765	5	4	0.8	TRUE	FALSE	
9766	1	1	1	FALSE	FALSE	
9767	1	1	1	FALSE	FALSE	
9768	1	1	1	FALSE	FALSE	
977	1	1	1	FALSE	FALSE	
9770	1	1	1	FALSE	FALSE	
9771	4	3	0.75	TRUE	FALSE	
9772	1	1	1	FALSE	FALSE	
9774	6	1	0.166666666666667	TRUE	FALSE	
9775	1	1	1	FALSE	FALSE	
9776	2	2	1	FALSE	FALSE	
9777	2	2	1	FALSE	FALSE	
9778	2	2	1	FALSE	FALSE	
9779	3	2	0.666666666666667	TRUE	FALSE	
978	1	1	1	FALSE	FALSE	
9780	3	3	1	FALSE	FALSE	
9781	2	1	0.5	TRUE	FALSE	
9782	6	4	0.666666666666667	TRUE	FALSE	
9783	2	1	0.5	TRUE	FALSE	
9784	1	1	1	FALSE	FALSE	
9785	1	1	1	FALSE	FALSE	
9786	2	1	0.5	TRUE	FALSE	
9787	1	1	1	FALSE	FALSE	
9788	4	3	0.75	TRUE	FALSE	
9789	2	1	0.5	TRUE	FALSE	
9790	1	1	1	FALSE	FALSE	
9791	1	1	1	FALSE	FALSE	
9792	2	2	1	FALSE	FALSE	
9793	2	2	1	FALSE	FALSE	
9794	1	1	1	FALSE	FALSE	
9796	1	1	1	FALSE	FALSE	
9797	2	1	0.5	TRUE	FALSE	
9798	2	1	0.5	TRUE	FALSE	
98	1	1	1	FALSE	FALSE	
9801	3	2	0.666666666666667	TRUE	FALSE	
9802	3	2	0.666666666666667	TRUE	FALSE	
9804	2	1	0.5	TRUE	FALSE	
9805	1	1	1	FALSE	FALSE	
9806	2	2	1	FALSE	FALSE	
9807	1	1	1	FALSE	FALSE	
9808	1	1	1	FALSE	FALSE	
9810	3	2	0.666666666666667	TRUE	FALSE	
9811	2	2	1	FALSE	FALSE	
9812	4	2	0.5	TRUE	FALSE	
9813	5	4	0.8	TRUE	FALSE	
9814	2	2	1	FALSE	FALSE	
9815	5	5	1	FALSE	FALSE	
9816	1	1	1	FALSE	FALSE	
9817	1	1	1	FALSE	FALSE	
9818	4	4	1	FALSE	FALSE	
9819	6	5	0.833333333333333	TRUE	FALSE	
9820	4	2	0.5	TRUE	FALSE	
9821	1	1	1	FALSE	FALSE	
9823	1	1	1	FALSE	FALSE	
9824	1	1	1	FALSE	FALSE	
9825	2	2	1	FALSE	FALSE	
9826	3	1	0.333333333333333	TRUE	FALSE	
9827	1	1	1	FALSE	FALSE	
9828	1	1	1	FALSE	FALSE	
9829	2	2	1	FALSE	FALSE	
983	3	2	0.666666666666667	TRUE	FALSE	
9830	3	1	0.333333333333333	TRUE	TRUE	203147_s_at;203148_s_at
9831	1	1	1	FALSE	FALSE	
9832	2	2	1	FALSE	FALSE	
9833	1	1	1	FALSE	FALSE	
9834	2	2	1	FALSE	FALSE	
9836	2	1	0.5	TRUE	FALSE	
9837	1	1	1	FALSE	FALSE	
9839	5	5	1	FALSE	FALSE	
9840	2	1	0.5	TRUE	FALSE	
9841	3	1	0.333333333333333	TRUE	TRUE	1554036_at
9842	2	2	1	FALSE	FALSE	
9843	2	2	1	FALSE	FALSE	
9844	1	1	1	FALSE	FALSE	
9846	1	1	1	FALSE	FALSE	
9847	1	1	1	FALSE	FALSE	
9848	5	2	0.4	TRUE	FALSE	
9849	2	1	0.5	TRUE	FALSE	
9851	1	1	1	FALSE	FALSE	
9852	1	1	1	FALSE	FALSE	
9853	1	1	1	FALSE	FALSE	
9854	2	2	1	FALSE	FALSE	
9855	5	4	0.8	TRUE	FALSE	
9856	1	1	1	FALSE	FALSE	
9857	4	3	0.75	TRUE	FALSE	
9858	1	1	1	FALSE	FALSE	
9859	1	1	1	FALSE	FALSE	
9860	4	3	0.75	TRUE	FALSE	
9861	2	1	0.5	TRUE	FALSE	
9862	2	1	0.5	TRUE	FALSE	
9863	3	3	1	FALSE	FALSE	
9865	2	2	1	FALSE	FALSE	
9866	3	3	1	FALSE	FALSE	
9867	1	1	1	FALSE	FALSE	
9868	2	2	1	FALSE	FALSE	
9869	2	1	0.5	TRUE	FALSE	
987	2	2	1	FALSE	FALSE	
9870	3	1	0.333333333333333	TRUE	FALSE	
9871	3	1	0.333333333333333	TRUE	FALSE	
9873	2	2	1	FALSE	FALSE	
9874	7	3	0.428571428571429	TRUE	FALSE	
9875	3	1	0.333333333333333	TRUE	FALSE	
9878	4	3	0.75	TRUE	FALSE	
9879	2	2	1	FALSE	FALSE	
988	3	3	1	FALSE	FALSE	
9880	1	1	1	FALSE	FALSE	
9881	1	1	1	FALSE	FALSE	
9882	2	2	1	FALSE	FALSE	
9883	1	1	1	FALSE	FALSE	
9885	2	1	0.5	TRUE	FALSE	
9886	1	1	1	FALSE	FALSE	
9887	3	3	1	FALSE	FALSE	
9889	2	1	0.5	TRUE	FALSE	
989	4	2	0.5	TRUE	FALSE	
9890	1	1	1	FALSE	FALSE	
9891	1	1	1	FALSE	FALSE	
9892	1	1	1	FALSE	FALSE	
9894	2	2	1	FALSE	FALSE	
9895	2	1	0.5	TRUE	FALSE	
9896	1	1	1	FALSE	FALSE	
9897	1	1	1	FALSE	FALSE	
9898	4	4	1	FALSE	FALSE	
9899	2	1	0.5	TRUE	FALSE	
990	2	2	1	FALSE	FALSE	
9900	1	1	1	FALSE	FALSE	
9901	4	3	0.75	TRUE	FALSE	
9902	2	2	1	FALSE	FALSE	
9903	1	1	1	FALSE	FALSE	
9904	2	1	0.5	TRUE	FALSE	
9905	3	3	1	FALSE	FALSE	
9906	1	1	1	FALSE	FALSE	
9907	1	1	1	FALSE	FALSE	
9908	3	3	1	FALSE	FALSE	
9909	1	1	1	FALSE	FALSE	
991	1	1	1	FALSE	FALSE	
9910	5	2	0.4	TRUE	TRUE	213982_s_at
9911	2	2	1	FALSE	FALSE	
9912	2	1	0.5	TRUE	FALSE	
9913	3	3	1	FALSE	FALSE	
9914	3	2	0.666666666666667	TRUE	FALSE	
9915	1	1	1	FALSE	FALSE	
9917	2	1	0.5	TRUE	FALSE	
9918	1	1	1	FALSE	FALSE	
9919	1	1	1	FALSE	FALSE	
9920	1	1	1	FALSE	FALSE	
9921	2	2	1	FALSE	FALSE	
9922	2	2	1	FALSE	FALSE	
9923	3	1	0.333333333333333	TRUE	FALSE	
9924	1	1	1	FALSE	FALSE	
9925	1	1	1	FALSE	FALSE	
9926	3	2	0.666666666666667	TRUE	FALSE	
9927	3	3	1	FALSE	FALSE	
9928	2	2	1	FALSE	FALSE	
9929	1	1	1	FALSE	FALSE	
993	3	2	0.666666666666667	TRUE	FALSE	
9931	3	1	0.333333333333333	TRUE	FALSE	
9933	2	2	1	FALSE	FALSE	
9934	1	1	1	FALSE	FALSE	
9935	2	2	1	FALSE	FALSE	
9937	1	1	1	FALSE	FALSE	
9938	3	3	1	FALSE	FALSE	
9939	6	6	1	FALSE	FALSE	
994	1	1	1	FALSE	FALSE	
9940	1	1	1	FALSE	FALSE	
9941	3	1	0.333333333333333	TRUE	FALSE	
9942	3	2	0.666666666666667	TRUE	FALSE	
9943	1	1	1	FALSE	FALSE	
9945	1	1	1	FALSE	FALSE	
9946	4	1	0.25	TRUE	TRUE	219767_s_at
9947	1	1	1	FALSE	FALSE	
9948	5	5	1	FALSE	FALSE	
9949	4	4	1	FALSE	FALSE	
995	3	2	0.666666666666667	TRUE	FALSE	
9950	1	1	1	FALSE	FALSE	
9951	1	1	1	FALSE	FALSE	
9953	3	1	0.333333333333333	TRUE	FALSE	
9955	1	1	1	FALSE	FALSE	
9956	1	1	1	FALSE	FALSE	
9957	2	1	0.5	TRUE	FALSE	
9958	4	4	1	FALSE	FALSE	
996	4	4	1	FALSE	FALSE	
9960	2	2	1	FALSE	FALSE	
9961	1	1	1	FALSE	FALSE	
9962	4	2	0.5	TRUE	FALSE	
9963	1	1	1	FALSE	FALSE	
9965	1	1	1	FALSE	FALSE	
9966	2	2	1	FALSE	FALSE	
9967	4	3	0.75	TRUE	FALSE	
9968	2	1	0.5	TRUE	FALSE	
9969	4	3	0.75	TRUE	FALSE	
997	1	1	1	FALSE	FALSE	
9970	2	2	1	FALSE	FALSE	
9971	3	3	1	FALSE	FALSE	
9972	2	2	1	FALSE	FALSE	
9973	1	1	1	FALSE	FALSE	
9975	2	2	1	FALSE	FALSE	
9976	2	2	1	FALSE	FALSE	
9978	1	1	1	FALSE	FALSE	
998	5	4	0.8	TRUE	FALSE	
9980	2	1	0.5	TRUE	FALSE	
9982	1	1	1	FALSE	FALSE	
9984	1	1	1	FALSE	FALSE	
9985	2	1	0.5	TRUE	FALSE	
9986	2	2	1	FALSE	FALSE	
9987	4	4	1	FALSE	FALSE	
9988	1	1	1	FALSE	FALSE	
9989	1	1	1	FALSE	FALSE	
999	2	2	1	FALSE	FALSE	
9990	3	3	1	FALSE	FALSE	
9991	5	5	1	FALSE	FALSE	
9992	1	1	1	FALSE	FALSE	
9993	2	1	0.5	TRUE	FALSE	
9994	2	1	0.5	TRUE	FALSE	
9997	1	1	1	FALSE	FALSE	
