gsm_id	GSM1045191	GSM1045192	GSM1045193	GSM1045194	GSM1045195	GSM1045196	GSM1045197	GSM1045198	GSM1045199	GSM1045200	GSM1045201	GSM1045202	GSM1045203	GSM1045204	GSM1045205	GSM1045206	GSM1045207	GSM1045208	GSM1045209	GSM1045210	GSM1045211	GSM1045212	GSM1045213	GSM1045214	GSM1045215	GSM1045216	GSM1045217	GSM1045218	GSM1045219	GSM1045220	GSM1045221	GSM1045222	GSM1045223	GSM1045224	GSM1045225	GSM1045226	GSM1045227	GSM1045228	GSM1045229	GSM1045230	GSM1045231	GSM1045232	GSM1045233	GSM1045234	GSM1045235	GSM1045236	GSM1045237	GSM1045238	GSM1045239	GSM1045240	GSM1045241	GSM1045242	GSM1045243	GSM1045244	GSM1045245	GSM1045246	GSM1045247	GSM1045248	GSM1045249	GSM1045250	GSM1045251	GSM1045252	GSM1045253	GSM1045254	GSM1045255	GSM1045256	GSM1045257	GSM1045258	GSM1045259	GSM1045260	GSM1045261	GSM1045262	GSM1045263	GSM1045264	GSM1045265	GSM1045266	GSM1045267	GSM1045268	GSM1045269	GSM1045270	GSM1045271	GSM1045272	GSM1045273	GSM1045274	GSM1045275	GSM1045276	GSM1045277	GSM1045278	GSM1045279	GSM1045280	GSM1045281	GSM1045282	GSM1045283	GSM1045284	GSM1045285	GSM1045286	GSM1045287	GSM1045288	GSM1045289	GSM1045290	GSM1045291	GSM1045292	GSM1045293	GSM1045294	GSM1045295	GSM1045296	GSM1045297	GSM1045298	GSM1045299	GSM1045300	GSM1045301	GSM1045302	GSM1045303	GSM1045304	GSM1045305	GSM1045306	GSM1045307	GSM1045308	GSM1045309	GSM1045310	GSM1045311
GSM1045191	1	0.86835584952132	0.801110135609859	0.885295032554704	0.971516283169443	0.964477625487459	0.962463385668637	0.954895573780938	0.95647971658482	0.953032245066465	0.953503561404178	0.965059808609144	0.952745463197877	0.963658708857778	0.968164878073219	0.946527238278444	0.955462708296214	0.916326506271778	0.906913224105248	0.91153008321713	0.886870619156488	0.889547690261779	0.924090680823398	0.886379022797715	0.932674679765356	0.918698924781762	0.831530199140586	0.896091350218888	0.918247745858742	0.92704696822916	0.865708038440809	0.923784016535735	0.96080153924792	0.881976541976037	0.896133141452519	0.933662635128923	0.89405031915224	0.917693685359931	0.929492023720351	0.92575938405368	0.905744961849168	0.902643328294067	0.919990347613732	0.91271379833638	0.921211959431646	0.943813312097933	0.923198963124185	0.908828234803046	0.936667544851736	0.922589420488204	0.916769897152478	0.894397755882263	0.904534506466534	0.900649268966037	0.923968991723717	0.924703278887776	0.896724287787028	0.874741607352943	0.913470860031206	0.876372139877076	0.927423378664026	0.925356233071428	0.90284329027256	0.906438428080886	0.884346063920709	0.915029527195948	0.891057535040718	0.926565470013881	0.909805353635667	0.917589332532426	0.902368832514114	0.903459221420978	0.909044522216791	0.890520877164176	0.937433085124384	0.886755307422551	0.930039857885255	0.924939600995154	0.923798124499699	0.895030534225325	0.916112783063457	0.914343907226148	0.912878292782381	0.882123719075058	0.909360600251804	0.895532126238723	0.916172023286839	0.933931873515829	0.946530282331447	0.939834163250723	0.907738641535276	0.882527517747569	0.927888561608431	0.907651080798566	0.891785254007561	0.924424085270479	0.912704847199945	0.836048463610198	0.940078130420069	0.930027998996299	0.913424498063114	0.926092334928926	0.892042748228677	0.90339553316102	0.943358171906208	0.901004794835322	0.904876851703239	0.905799840368145	0.908966963348753	0.897471481680701	0.891605798565248	0.816483772773889	0.923940729573644	0.928743437456339	0.889008028708055	0.908505600665937	0.942850689841572	0.92626557506761	0.905598706009959	0.917885928566685	0.930091564126458
GSM1045192	0.86835584952132	1	0.823332474473457	0.855027179887409	0.866439119982297	0.857430415528769	0.8615002795717	0.866039539481752	0.851994471669089	0.862717479529619	0.869426978301562	0.860697901741074	0.868355780497709	0.858848027287825	0.8620266723322	0.859422365284213	0.856256539144224	0.86753933096999	0.871518915662231	0.868556019158032	0.869743249112826	0.859538675749777	0.881774452259539	0.862850706118889	0.884325023929009	0.8737259333833	0.830407862297927	0.845195794519756	0.864477709524533	0.865625197834105	0.861990974645484	0.877962450137688	0.872932537098852	0.857939697372643	0.867961341578289	0.876032363419407	0.86582585858096	0.871429493644281	0.886270784691471	0.865868822361406	0.869933399690279	0.867689472341635	0.875625631909828	0.857545764063982	0.869577654045572	0.880559076397265	0.875087408496087	0.862300608927638	0.878548917569361	0.875238617168662	0.87614555064289	0.857365645779623	0.865265578206958	0.87266601482472	0.864918677298247	0.870397385734129	0.83999147041848	0.848228976671702	0.856564291649423	0.850915050866857	0.862543017450176	0.903292864266461	0.852402881282304	0.861179011772133	0.855321650453165	0.860630314353077	0.844780921232519	0.876284533651654	0.867986530214881	0.864240510669461	0.852377971186634	0.847830329775551	0.866322820138806	0.866511109135384	0.868619181531893	0.859361780101141	0.868250507105405	0.873959482354523	0.888212019427633	0.853079547567103	0.871226805225678	0.860605407668574	0.860886621886778	0.846758663756769	0.86211263568784	0.858551873634742	0.868606940852187	0.887140950824179	0.868010157699355	0.865716244295509	0.86359259439449	0.846672184488813	0.876764970583036	0.856467453051479	0.869058208881225	0.87591473339147	0.85196708146407	0.830758012145113	0.866868724021043	0.887165535412299	0.858860886012258	0.867276830260186	0.856172049918154	0.840086424635592	0.874647039642007	0.85276879729357	0.854625934037828	0.876311566909246	0.868060177526801	0.854279686161432	0.862650698780492	0.831499820327473	0.874960351095151	0.871544406369167	0.851809246663095	0.868179164436841	0.874428035732197	0.858954890212378	0.869472062214832	0.862257813856636	0.872604990796378
GSM1045193	0.801110135609859	0.823332474473457	1	0.815201607565185	0.794555835161528	0.782822962978679	0.789303815217432	0.79184994463425	0.779829141047533	0.786952457959094	0.802808556930226	0.787800855769143	0.806797111769516	0.786479807420454	0.79013588630963	0.785954741827867	0.779842155861628	0.825730564290674	0.808613090847693	0.825819641455552	0.824654914602009	0.806549364664157	0.829642815686544	0.868415706008919	0.82651767478203	0.834989709442893	0.79021353082878	0.801172707210958	0.828532390326876	0.826596138150038	0.826930311149949	0.838966392645918	0.807308251746922	0.808677619730018	0.825494865569203	0.823265666882922	0.817689681652522	0.816825854309635	0.831489556767739	0.826337347270085	0.828535324312877	0.828700609307633	0.824679565806759	0.806875184906641	0.825710803481573	0.812551474216311	0.839084780206914	0.820231118778301	0.825279523374746	0.824967725913651	0.852056892471214	0.811759384639288	0.816512888621165	0.835644790929828	0.818619353985373	0.814340239559336	0.801372852784591	0.796357277339474	0.811858972381013	0.816810315880328	0.808130224899625	0.812419176491315	0.801856748274433	0.812101381068144	0.827794186181543	0.815428847541235	0.805928216709226	0.82776590743684	0.821432798422461	0.809280751702851	0.813151272041616	0.798466015906519	0.81797639450479	0.819084740283041	0.81052209970989	0.86637221591842	0.823381783366379	0.821186703450318	0.839729013956092	0.804598358387203	0.825384426255035	0.805490427804013	0.815353762337336	0.822005619991511	0.823680319702346	0.810047651988955	0.8220359698764	0.831325267524437	0.815252438057437	0.815542838348578	0.831849051325462	0.809153781048626	0.831437969785527	0.816533246123994	0.83952486853728	0.823108270798608	0.804491233063945	0.812603306779153	0.824262621974534	0.828596777531744	0.813519384725447	0.819582588303024	0.811156960596302	0.804164208605325	0.821223971270681	0.813871954199455	0.815389818097693	0.83042954456383	0.819252068653035	0.813041125936468	0.82294938082075	0.791965083234533	0.842713492552903	0.819037323968442	0.805287894350341	0.842113517916133	0.821932701471194	0.812972895943654	0.828004779637438	0.808784273837124	0.809456660897876
GSM1045194	0.885295032554704	0.855027179887409	0.815201607565185	1	0.870063472915349	0.852382892976961	0.862670172432137	0.860093072157314	0.852292504799756	0.881020460617703	0.888790390900677	0.861563259196431	0.87549938684686	0.853716639130796	0.864119236744738	0.856093870189405	0.849737999344877	0.8972983730572	0.887524819321741	0.897552427608402	0.890442983239167	0.858152317826871	0.900928149771505	0.857043117814152	0.889545496148054	0.87781515203403	0.849740127146996	0.868461511733972	0.888823051828094	0.892719335704487	0.867963790653425	0.90031912314272	0.899381865206846	0.860642445282031	0.880509448125089	0.901179487660048	0.877360822757177	0.896376602222246	0.895420221630591	0.889997274530776	0.877420263223325	0.884455951083676	0.898470050263595	0.878464255733545	0.890191691571111	0.90052301638417	0.893311912636968	0.883705972536647	0.892651636385527	0.8952885304766	0.896022944269875	0.880418248575323	0.897233339825288	0.895574340402681	0.890507924219844	0.89767475325512	0.86609628794261	0.847316831736931	0.887094211593424	0.875995099903758	0.891226512976155	0.861341410213174	0.87923734926265	0.882072941929802	0.880689715170039	0.884761285753957	0.873822384060868	0.886913796189715	0.896657734267975	0.888590393723785	0.868723287729314	0.877739527495454	0.888576747686237	0.864967679321732	0.895946954738666	0.853308623806004	0.901381614261046	0.886731664691889	0.887773894194949	0.86292646836903	0.883024252074644	0.883213141735909	0.882551547564283	0.869058124963578	0.880641129094853	0.880135928272037	0.891318330320319	0.900867941678311	0.905514249736332	0.90074358027013	0.882743405159294	0.874525679313823	0.894673647253355	0.886997691060642	0.882298491050089	0.893015485982257	0.881785193191102	0.854259382583507	0.904396892912333	0.886734540472341	0.883081168128324	0.900369496993299	0.873698100968555	0.876277354446128	0.904935883865163	0.868122975873816	0.879012948739374	0.872318724530382	0.895306589529327	0.888494912153144	0.886386873896883	0.838975111784576	0.899401296682449	0.898110047816577	0.877303846622342	0.883103414170827	0.905495133041907	0.899935044968941	0.893719411513093	0.884220576459379	0.896401367608201
GSM1045195	0.971516283169443	0.866439119982297	0.794555835161528	0.870063472915349	1	0.97045898929531	0.964525945082553	0.957737027852115	0.962234853753599	0.940297921485486	0.94692230594789	0.966933156824884	0.950682555923355	0.967525627795977	0.969598488716967	0.954033867833566	0.962147437244077	0.902986529534743	0.89689378333482	0.897753239569354	0.874175755798446	0.884892247824887	0.913003528676865	0.882070815270696	0.923146763030301	0.91135585451423	0.819309960957812	0.887138509244309	0.905211302551819	0.913656085186366	0.85681447046317	0.908272382916203	0.948210239954912	0.873369703184338	0.88574016861156	0.91943705064575	0.885842544725139	0.903627797814177	0.916392380810125	0.913101868886423	0.894431239037617	0.89136875686949	0.907673758146835	0.900555420461154	0.908027469100728	0.93270681783445	0.910724587354607	0.897931661164801	0.927129702483083	0.911688039573315	0.904021584653639	0.880470778677679	0.888379944375217	0.885109890875371	0.90359369474186	0.91035953123815	0.885194472532699	0.869697319829716	0.900208576179857	0.862982686183174	0.91493362805276	0.927319310806929	0.890634979175733	0.89531533945253	0.868186768905146	0.900499513672585	0.8789434410286	0.91511067702679	0.895741655755882	0.904563845320727	0.895054543119756	0.891807838624995	0.895228988835727	0.883891740835668	0.924015287534052	0.882816142269183	0.915762152169406	0.913718421462897	0.914446464459815	0.889290692580824	0.905209569530942	0.903547453870797	0.901202470141909	0.868309292399358	0.899329466577838	0.88502143764466	0.903910461570623	0.924653929588614	0.933778674434931	0.926698635088444	0.895007986984948	0.871014861128901	0.915974162705379	0.895124924587958	0.881905580787837	0.911186011996059	0.902260524605032	0.82297795672832	0.924507080008714	0.918286502056539	0.901934194832364	0.910769118830989	0.880868361858969	0.891819511532416	0.928317880086817	0.892811322058426	0.891474642343809	0.898023203814835	0.894722668445324	0.882245920151675	0.876828238727235	0.803346729897605	0.911872390727965	0.91657602957469	0.87863359561231	0.895155504731426	0.930177466053021	0.910742978008671	0.892709588178773	0.908165707965214	0.919765340988844
GSM1045196	0.964477625487459	0.857430415528769	0.782822962978679	0.852382892976961	0.97045898929531	1	0.966899915728622	0.962479796276546	0.968490177191243	0.9399906133084	0.936563852494055	0.969727091188814	0.947528749983918	0.974294918510343	0.975900471342651	0.958783005108565	0.971393932125354	0.890620209016804	0.886557560317984	0.883717707249436	0.856799015354936	0.87992690690478	0.898510378473747	0.875630267413551	0.912969695686582	0.900574782529435	0.802836321086663	0.878203845414057	0.892909142065778	0.900787542578338	0.842081915202591	0.894173183843335	0.938180847679526	0.864229470583935	0.872645727631043	0.907027862240331	0.878704083131084	0.892412425523616	0.903916707946816	0.904864916225535	0.885134263603379	0.880493630420622	0.893585231872499	0.891049879313986	0.898517316842831	0.920060980985177	0.897305823786728	0.88913409366806	0.914995732840888	0.897714806413871	0.892059701029791	0.868854699141996	0.872582166074098	0.870864516770643	0.89188008239857	0.89772937918055	0.878707025707128	0.861275049002981	0.8875623737193	0.850209888817556	0.903736990809735	0.92427151960715	0.883052012363058	0.888467963363019	0.856282465496034	0.89018010822276	0.87039216222526	0.90514332579068	0.881601251056329	0.895013668673387	0.88781635263827	0.884002934934992	0.880677659136254	0.874659001259106	0.915260293592485	0.876267464098048	0.901818231876471	0.906350535940985	0.903394510329142	0.884015344157788	0.895206480580286	0.89743560484635	0.89405255226529	0.858660390432197	0.887405153660918	0.871398973529093	0.895174230369405	0.911411158722004	0.918955637010286	0.912806098062598	0.885113714458161	0.856512576979333	0.903500986565619	0.884408437599705	0.867709712524937	0.898871615653006	0.890572920161305	0.804570878128484	0.910614970506402	0.906157696159273	0.894727196396919	0.898402758599981	0.869028451984055	0.879484004117761	0.915098288740622	0.884114860870003	0.883542172405353	0.888183053091501	0.881793047543289	0.870040160297521	0.859510681186915	0.787821796550756	0.898677218351803	0.904280485601875	0.869678265422474	0.883115003435182	0.916000187460452	0.896970672260265	0.879002551006583	0.90149838885125	0.906779807190597
GSM1045197	0.962463385668637	0.8615002795717	0.789303815217432	0.862670172432137	0.964525945082553	0.966899915728622	1	0.958319510264984	0.960066873820566	0.939045582929682	0.946276493473711	0.964987826156107	0.942957820738726	0.962842927514569	0.969186558761573	0.949577665477626	0.958722225450183	0.896095862912477	0.888801621125226	0.889019709277933	0.86474107284753	0.886947408687392	0.902874187581439	0.874098558710751	0.917791820158795	0.906700439505432	0.806494991952024	0.883374438948581	0.900143238466528	0.908376055802989	0.849944059287957	0.901249646687757	0.941919497313547	0.866209515632786	0.879694682224357	0.909174495206236	0.881916366377426	0.895505959367558	0.910641437070098	0.910728621321392	0.890743720501737	0.886068311847307	0.900608357629646	0.896779760347115	0.90139879508562	0.922435461607407	0.903990311822047	0.89067810284728	0.920032625042614	0.903580636374003	0.896868535564482	0.87319849005932	0.881265786600114	0.87669332944823	0.896753258631003	0.902131914163758	0.880888893410073	0.86765817223235	0.891327074792095	0.858295216778102	0.907285513986905	0.919402932640557	0.886219445024423	0.889090433192802	0.866306402971443	0.896988759910508	0.870460461488903	0.910671440593482	0.888649275161229	0.897274444635825	0.889712303950694	0.887171343198102	0.885356242178247	0.87817942292243	0.918356770199549	0.875841858448431	0.907939948260848	0.91199188248496	0.908563680386846	0.888448069588928	0.900784708847512	0.901693776724428	0.897547367863409	0.86056553079439	0.892894374871987	0.876418140314872	0.901811470524579	0.915547376680509	0.922112564040897	0.918160980402552	0.890094991498794	0.862156554228445	0.908951055534737	0.888703985802663	0.877010452032932	0.904175276558575	0.895357724310248	0.813074877710164	0.918413111859117	0.912107043371751	0.89695020897233	0.903910298791534	0.873859096749127	0.883668807343747	0.921233167402966	0.890165851381855	0.884323739751634	0.89448725231795	0.888000143719699	0.874943159832499	0.866054734679033	0.792450988706302	0.904723971855838	0.907858782702951	0.871231470996528	0.890637703569328	0.921300128059493	0.903008264622035	0.887371395521216	0.902755475327582	0.910894440022996
GSM1045198	0.954895573780938	0.866039539481752	0.79184994463425	0.860093072157314	0.957737027852115	0.962479796276546	0.958319510264984	1	0.95452861111516	0.93231246974271	0.936594098342534	0.95838489683996	0.938747669218603	0.958431991947536	0.961130758191558	0.947194609918253	0.953677239094835	0.894586292213858	0.889380902507874	0.888071094031848	0.865050684590951	0.882230316169957	0.900488849859614	0.877216434563191	0.917603846130766	0.905830011117052	0.808587051307759	0.877805742597983	0.896163753156418	0.905220504041573	0.849278140470501	0.899602528340858	0.936445342731811	0.868715729170344	0.87619799488327	0.909224209957576	0.88108866830392	0.89544840096285	0.9085811266371	0.907103011842472	0.892303051908421	0.886663728393972	0.899224881656683	0.891872014069921	0.900745081985811	0.919345015559709	0.902080833466726	0.891217037388783	0.917442453077766	0.901341817007501	0.89858757782588	0.872589051223191	0.879187329607607	0.878067421933347	0.894199830705848	0.901340489237144	0.882135499176816	0.864082783205477	0.890928449365011	0.856549944381959	0.904465792073643	0.923395532162915	0.88490648107383	0.889086543192558	0.865706765115221	0.896773951240804	0.87145984834766	0.90974091985402	0.885857310262896	0.896011032147917	0.884680533468957	0.884640718839598	0.886206662125612	0.878588618607089	0.915392122366255	0.879586046682212	0.90430478120529	0.91033253268537	0.909492198536302	0.885056811965507	0.901299313407488	0.899122974475363	0.89656634222905	0.861359027644829	0.890179515785006	0.876307390380118	0.900113558460719	0.915918202185763	0.917201638754215	0.912413477212188	0.891700598394727	0.857249056273669	0.908406352787073	0.887651573165078	0.877293229698357	0.903148087765298	0.888933746219604	0.814147350562068	0.911863838639518	0.913192093647254	0.894588002017992	0.902431020098779	0.870689816169247	0.875563483773377	0.918152109817881	0.884852334319356	0.884233646162121	0.89632229295147	0.887090446118041	0.873240790708508	0.86575204459689	0.7946619536801	0.903505424436994	0.90722854353486	0.870381221195494	0.888319255578353	0.917050424079093	0.899328556889169	0.886343293061037	0.901992675545415	0.910650075302809
GSM1045199	0.95647971658482	0.851994471669089	0.779829141047533	0.852292504799756	0.962234853753599	0.968490177191243	0.960066873820566	0.95452861111516	1	0.930763157125832	0.934507426867518	0.967149827038211	0.94088254017019	0.964033867271251	0.966943977902452	0.950993296203731	0.963221984974111	0.889824442280317	0.879348217723124	0.881305799942283	0.853997735226434	0.874611935868768	0.890133223033784	0.866386245632717	0.909342508120219	0.894670543762802	0.796467338512804	0.873554997908356	0.889597010145833	0.901239708227077	0.83644426846411	0.890399713391515	0.932144267279757	0.852649715609809	0.869229761067752	0.902491563736512	0.872857425762447	0.888026834317179	0.89738171552645	0.903226219452096	0.88105754948071	0.876853809078083	0.889768945095672	0.891077377062002	0.894392261116288	0.913117449353065	0.892648358350984	0.885157354609332	0.908937030506132	0.895736240216299	0.886185151288651	0.863953869962715	0.869013760740239	0.866090098574599	0.8899385481428	0.89335769256797	0.8795159522447	0.857084183027993	0.886289983679707	0.846400145677512	0.902520889268088	0.914115315633701	0.878241732927656	0.883432924206312	0.858105299496671	0.889690131185212	0.867470921328356	0.90069130337053	0.877483129022579	0.889820342398357	0.884443027604756	0.882235088432634	0.875491743100513	0.867884982558932	0.910935679641069	0.869297377982828	0.902232709979982	0.90494641988117	0.897410447661194	0.879606274984383	0.893381956275171	0.897186327035277	0.892618803980293	0.856553069413182	0.882621775867782	0.868533883465314	0.893396215228701	0.906006427100603	0.914714986927728	0.911846838632495	0.882953140801049	0.853771875678618	0.901003821757355	0.883278848708279	0.867362397199931	0.89690163268152	0.888719802164929	0.803408492951094	0.910710689318555	0.906046303804828	0.892659380572123	0.894513121955399	0.863702195744452	0.879266197566911	0.913857747353506	0.882584075502873	0.880419361054766	0.88144103674714	0.879218907647635	0.867680136712575	0.855363340299067	0.780980982810773	0.897629869143569	0.901290141479944	0.862590476205819	0.880441791661639	0.912640129251941	0.898707603526549	0.879578638368739	0.899599711163394	0.905400562295291
GSM1045200	0.953032245066465	0.862717479529619	0.786952457959094	0.881020460617703	0.940297921485486	0.9399906133084	0.939045582929682	0.93231246974271	0.930763157125832	1	0.93913844819378	0.94066314631287	0.931412721370532	0.928861951362453	0.939165168238194	0.931891787799319	0.934318049640698	0.910299943917116	0.911936413593763	0.908179532763842	0.88556402539451	0.896334876927859	0.923131719630804	0.876341071999565	0.923529000767652	0.909754377948459	0.832251070832197	0.896598142994518	0.908252695582404	0.913669781061511	0.866919557712133	0.913702283532442	0.949608732360223	0.894116723969487	0.890373798353475	0.921429574540168	0.902110772289557	0.915085012259018	0.924594300747866	0.914562164134563	0.906916848500517	0.900812899292524	0.915203284601038	0.903642743824363	0.918532869580701	0.937932769048251	0.916578606447459	0.907127007131285	0.931270210536087	0.913225711175124	0.908427779757626	0.899852864968094	0.903118697400532	0.895453876996459	0.914132974270427	0.924947253783035	0.889360592998172	0.876376606538183	0.903888742176114	0.87812937920757	0.916129230871554	0.914289641415258	0.908778980033627	0.907435400554917	0.878929981090805	0.90531466010577	0.889066550436326	0.9205904926061	0.906558187549203	0.917514125756853	0.894396482243615	0.904297710172665	0.905012058477148	0.890355158439372	0.932755124975273	0.872159958373452	0.916419354764565	0.91910665238825	0.917136384464988	0.897425534157014	0.910179088836953	0.916622074289501	0.909154233254913	0.878191199502533	0.899314474427747	0.893333083885707	0.915256346280132	0.924683071822317	0.933426656272545	0.926183289569187	0.897942705979666	0.875418497907969	0.919374974722611	0.902611497812581	0.883376180031068	0.915272218181829	0.904282620006541	0.827347033581383	0.924512769663377	0.909789896402176	0.90849177335074	0.922028643765461	0.888188087101935	0.892077089537005	0.929099102409281	0.892429466797314	0.898949335709878	0.898961980428818	0.907009961496191	0.897452335696271	0.88195341278941	0.820550179693327	0.911875359102943	0.921187390960751	0.898584939262094	0.89639992426043	0.931417972744981	0.913148859613687	0.901848254397386	0.915323605826384	0.923319076138142
GSM1045201	0.953503561404178	0.869426978301562	0.802808556930226	0.888790390900677	0.94692230594789	0.936563852494055	0.946276493473711	0.936594098342534	0.934507426867518	0.93913844819378	1	0.947068897560109	0.934663736630599	0.93548049364308	0.94257636459484	0.92919036316155	0.932826536635753	0.914395580610548	0.906068193367657	0.91153997253703	0.891936473682065	0.895902913283709	0.927873384901241	0.881611378428044	0.932025773028937	0.920171782768714	0.832344166636873	0.899845621436666	0.920583969694139	0.925688973660286	0.871155556632852	0.922934847541441	0.951446909273032	0.881852313027241	0.900659905475256	0.92741899713565	0.895811665643324	0.913591566267946	0.927437474017597	0.922903637833562	0.90456217230827	0.901341113860019	0.922650532836365	0.911977371092343	0.916915424816386	0.939433999930608	0.920159665961353	0.905408319165921	0.935193325456872	0.923999879407192	0.91380486821058	0.895715836749583	0.907511503744375	0.899103681623216	0.91115307675866	0.921093804790964	0.889095931953364	0.876590007582166	0.906678329938558	0.879522340896495	0.920935204364984	0.917808609230446	0.899631775897011	0.902004463722693	0.887134368756972	0.912040615977643	0.885794301401431	0.925680985871067	0.911926534863464	0.910699967736563	0.903583815320066	0.900175209508472	0.907197443485933	0.893174424982708	0.930858703371777	0.882167900361851	0.924486704127062	0.92092487604303	0.923432909614221	0.898206904710299	0.915078233545109	0.910463052762123	0.90832387887627	0.880191124678687	0.910268917609944	0.896781967868754	0.915086858696437	0.930463916956055	0.937653017763583	0.940414545998397	0.902151808916437	0.884908479132216	0.92616667030676	0.902909756846793	0.897435996774964	0.919408629465249	0.915944493400319	0.840882109854675	0.941720087588116	0.922961356507605	0.910382459166839	0.923079575242523	0.897106637287568	0.903883594976741	0.940164550713112	0.906097691783245	0.896496786010583	0.907088212147604	0.907710687486576	0.897421878988914	0.888741666088078	0.820047983469971	0.923037571087515	0.925433457369612	0.888568170607984	0.906589302886058	0.942023606781613	0.923213373770469	0.905714502407252	0.911544046541812	0.92770914054335
GSM1045202	0.965059808609144	0.860697901741074	0.787800855769143	0.861563259196431	0.966933156824884	0.969727091188814	0.964987826156107	0.95838489683996	0.967149827038211	0.94066314631287	0.947068897560109	1	0.942568326417372	0.968425773800598	0.967885896669511	0.948047280744715	0.960723883156345	0.90107110905319	0.88864065387377	0.891337044360879	0.864574201898302	0.892444237210927	0.90711860291699	0.880382088066156	0.928206844643465	0.916652806838296	0.801336483431765	0.887608434024618	0.906708003127795	0.917305788657393	0.849327038555489	0.906164644821294	0.945952703961485	0.868575382677916	0.883415333456171	0.914277425692918	0.884758097603959	0.897920190238018	0.917120468586675	0.919561172498362	0.898816296503665	0.889079477037642	0.904676577077846	0.902427296259337	0.909370703558583	0.931377133603639	0.909624518520275	0.892788176557661	0.926809432194751	0.909223382285983	0.900322197681223	0.874230755264663	0.880563009126588	0.877292143991245	0.902890920212178	0.905569882164203	0.887985163800918	0.868121085018124	0.895326461451373	0.857006874966262	0.913596233435078	0.929109534218645	0.889115205052378	0.891870417289175	0.866170440589094	0.900317397364432	0.872226865265687	0.916971356886856	0.889014336642956	0.899037333577554	0.89610672252207	0.890918142784807	0.889449665695686	0.88339570015475	0.922814943803405	0.884070431678223	0.913283140424613	0.918165468480877	0.918593470759492	0.895263983980159	0.908594305048938	0.908809977660692	0.901566169320388	0.865108009791131	0.900678318027246	0.877450361620782	0.90699302380716	0.91901639113605	0.92661776733665	0.92907743600291	0.896111672899615	0.865971899630865	0.91796262363182	0.890731237288635	0.881394133623036	0.909552893645691	0.904159704347431	0.810630464068421	0.930122348397827	0.923009156588216	0.899760148288639	0.907272783309398	0.876222260750137	0.894764073240673	0.926720261021509	0.899958471482362	0.88871982960289	0.902785388990814	0.889837529690501	0.875467469632113	0.863736519796853	0.785611247604095	0.911301026633198	0.913411151999475	0.869104427815482	0.895608576011779	0.929786819895678	0.910335239981387	0.889969142857257	0.908208184396185	0.916221980480893
GSM1045203	0.952745463197877	0.868355780497709	0.806797111769516	0.87549938684686	0.950682555923355	0.947528749983918	0.942957820738726	0.938747669218603	0.94088254017019	0.931412721370532	0.934663736630599	0.942568326417372	1	0.942002893897192	0.950798263957136	0.937954982628445	0.942674821012278	0.89707640595225	0.89576261916464	0.89619094919473	0.88135976063785	0.870036286765116	0.912240979612908	0.874724107147573	0.907840218574675	0.892397870856927	0.835446345503645	0.873823783784186	0.893207841776068	0.900247720063202	0.862991009166265	0.903673375977395	0.930242920402635	0.866641211315822	0.881392899784232	0.910396461642141	0.878471567110342	0.901385723680634	0.905510165582756	0.896996721631989	0.88176523066482	0.885574433624856	0.901572884586079	0.886750214249897	0.897189521072419	0.918926029867814	0.898969497074449	0.891346366436005	0.911920970260622	0.907775000142813	0.900475713150664	0.881329849451996	0.892425489397661	0.88858288998423	0.894469216883557	0.9015488807551	0.872783039768348	0.855697737793072	0.889571843551318	0.865800584705509	0.904853844506783	0.905517738373819	0.882320961701663	0.88825654993594	0.87427914885507	0.894889412246713	0.875432427887716	0.902497996907695	0.894704561328866	0.89579416311331	0.882977263534778	0.881415948209961	0.88798539816171	0.872777029488303	0.91415748244653	0.872602712890422	0.911707670835679	0.899358474417962	0.904625280831827	0.874511151707118	0.890343172180113	0.889942495251372	0.889164093935214	0.867490438481003	0.885710174844839	0.8800769630883	0.893550239722822	0.916819285495334	0.924671063569944	0.918686208907317	0.883510994332861	0.87294792380421	0.903645476420643	0.889308489124113	0.882062924059457	0.903278243483025	0.893311156755486	0.838151555180552	0.913057511411518	0.903533871870265	0.894391825588049	0.904703594930796	0.882030082457833	0.885338767273602	0.922325560233048	0.879575546692123	0.882048703615967	0.883459442265819	0.892670982952393	0.881905420134116	0.886347783900592	0.826021765625293	0.907524690160399	0.906817711480096	0.875942924740423	0.889060745756808	0.919271940205877	0.901632598977825	0.892848733796614	0.896928631783514	0.907093619218907
GSM1045204	0.963658708857778	0.858848027287825	0.786479807420454	0.853716639130796	0.967525627795977	0.974294918510343	0.962842927514569	0.958431991947536	0.964033867271251	0.928861951362453	0.93548049364308	0.968425773800598	0.942002893897192	1	0.971999623178352	0.950116567517686	0.963616882834044	0.891395317930417	0.881236551656561	0.883050184280823	0.857041709314654	0.876814051931379	0.894847573231618	0.875168992961553	0.914760982232267	0.900323512487804	0.801723167149862	0.873723062054459	0.893433174477939	0.904926206852164	0.841937704338649	0.897362260715392	0.936747471415112	0.857422006877192	0.872827642732201	0.906933994659352	0.874155996043905	0.89062534577293	0.904782625207168	0.906671952423481	0.88490154504924	0.880098858212824	0.894277495769563	0.892055086694066	0.897198237439802	0.91804574196089	0.898477889773013	0.886058113617687	0.914491812910656	0.900132437670352	0.892377949045	0.865159477993356	0.872482633793554	0.871594672665947	0.896010247029872	0.896481573629893	0.878386712475237	0.858617718527913	0.888017988621631	0.848380209710487	0.904579209235312	0.922534006368265	0.877207402196458	0.883774134369891	0.858511142159445	0.892688227698667	0.866725064619742	0.90514277659686	0.879362165064056	0.891247699457425	0.885378282449397	0.87906479462117	0.881152391935997	0.871463879079042	0.912782322094241	0.877525101986122	0.904202105947245	0.907678037786898	0.904461335144448	0.880584365254286	0.896876410631821	0.894911334718267	0.89184039521303	0.858647122471222	0.888333499964868	0.870805659831845	0.896156674068276	0.911691502387684	0.918090528614659	0.914723567890979	0.887447705201613	0.856344237734476	0.905850966948828	0.882785570072955	0.870755356668007	0.901111327621263	0.8907828574677	0.807294677198229	0.915099223818882	0.912521293272078	0.892651403811741	0.897134372292559	0.866035472450784	0.880754430259483	0.917205766935198	0.885175859932124	0.881241770402074	0.888949201970398	0.881504954155093	0.866219131950482	0.861060335182736	0.78464229148881	0.901460963362039	0.903866877868984	0.862117412174302	0.886143339493119	0.917499946151666	0.900010466487895	0.881118331130419	0.898679461436668	0.906659279801002
GSM1045205	0.968164878073219	0.8620266723322	0.79013588630963	0.864119236744738	0.969598488716967	0.975900471342651	0.969186558761573	0.961130758191558	0.966943977902452	0.939165168238194	0.94257636459484	0.967885896669511	0.950798263957136	0.971999623178352	1	0.954339222343055	0.965023099606709	0.899607837349257	0.891268504673854	0.891451997558777	0.865754130026615	0.883306995361859	0.904609071725086	0.876718207630833	0.917139172485027	0.904273155959778	0.812980044052614	0.883753786930102	0.900705487750968	0.909491319884896	0.851941859034707	0.903072190683423	0.942550184307624	0.866291629253139	0.880677814378166	0.911889145761472	0.883301033555891	0.899846766999353	0.910864998445305	0.911465588561241	0.890965690010639	0.88803828566475	0.902075409510564	0.898187691873116	0.903612884676906	0.923583460848957	0.903501311015034	0.892263346612265	0.918696577878653	0.905765150338185	0.898373756695514	0.875550243493214	0.881956361272954	0.87999016345544	0.900285244758339	0.904315930698859	0.884315733549835	0.866113586107016	0.89328167667419	0.860633666369035	0.911303079495608	0.92086375558147	0.887097883446164	0.891884625073344	0.865514170225864	0.89819463945109	0.876331716953134	0.910340304444149	0.891322980060383	0.901791026175887	0.892360047967796	0.890083754994001	0.889139002828564	0.878893963071952	0.921213968391141	0.877419246246345	0.911417585572336	0.912461944199391	0.909297192353747	0.889313521357301	0.90124214489946	0.90274861867415	0.899569852251735	0.867017763247376	0.894077621572903	0.877298870236943	0.903829160693541	0.916466368586504	0.926217589237386	0.919039891634664	0.89286230549448	0.866376582713609	0.911608309568466	0.89297428042742	0.877345296275779	0.907252824259234	0.89889024319989	0.815336993789312	0.920457193612702	0.915037715779669	0.90073042735022	0.905375232021883	0.875927019777136	0.889402461610652	0.921932546737296	0.890661712968461	0.889047864438806	0.892025217243287	0.89087463338599	0.879173913207507	0.86862172777203	0.797425057936722	0.909478392551426	0.910802020568782	0.874284636108319	0.889220509048907	0.92335937546416	0.906949761301447	0.889409161994326	0.906501624345427	0.913460953173738
GSM1045206	0.946527238278444	0.859422365284213	0.785954741827867	0.856093870189405	0.954033867833566	0.958783005108565	0.949577665477626	0.947194609918253	0.950993296203731	0.931891787799319	0.92919036316155	0.948047280744715	0.937954982628445	0.950116567517686	0.954339222343055	1	0.957681111410255	0.883000937937006	0.887251564143304	0.881784238618434	0.862429512345721	0.873351662645799	0.896693790928975	0.868590523267131	0.901152650887516	0.891287807781782	0.811253319315208	0.870821022418491	0.884902217870003	0.888309850230552	0.84521629141651	0.886132022876505	0.925257525312039	0.86643684046335	0.870603724247932	0.899040220302331	0.873852384457613	0.88726957473194	0.89800917115707	0.890295080751725	0.877489429304402	0.873213405752383	0.889723998171706	0.879035427188065	0.888754086737347	0.910124533358727	0.890426018959049	0.882081511595223	0.906460626923082	0.892549814280164	0.887134000148276	0.868946292982826	0.875101502412191	0.87032784731862	0.87950953216885	0.891919567910452	0.868119663766052	0.856871066149673	0.880069545270586	0.852999121716815	0.89201821508999	0.915283586991725	0.876726648599494	0.883074032413682	0.855550769074624	0.882250587062961	0.865272476189387	0.896241760825902	0.880319387323055	0.889139154570129	0.875309021283049	0.877144556497963	0.876041818571334	0.871554970966559	0.906361646699955	0.867866653812036	0.892561130862463	0.894975479657062	0.896298251102823	0.875616253830778	0.884521483311473	0.887636884588069	0.884523976159859	0.852237400692273	0.877453704746661	0.870819397580521	0.885103110451388	0.908636995782538	0.909510740506523	0.902767504795751	0.874858229726045	0.854632526290557	0.893574880435773	0.877924502068348	0.866292969856172	0.890328924393421	0.88000373804574	0.810720752785637	0.896435520472845	0.893194583822481	0.888031226992807	0.892817389155606	0.868628086124227	0.865304834249367	0.908169464278867	0.871435991815207	0.875020718968835	0.879639398660568	0.879033732838239	0.867947053876989	0.860981870650574	0.800753123540607	0.889139841343694	0.89664648714648	0.871234526661348	0.874618992401606	0.905422255465313	0.88375670193821	0.874946157205988	0.891160069018498	0.899780464094758
GSM1045207	0.955462708296214	0.856256539144224	0.779842155861628	0.849737999344877	0.962147437244077	0.971393932125354	0.958722225450183	0.953677239094835	0.963221984974111	0.934318049640698	0.932826536635753	0.960723883156345	0.942674821012278	0.963616882834044	0.965023099606709	0.957681111410255	1	0.883331750196505	0.882993709757341	0.879530473456968	0.854983519955125	0.874884443082736	0.891630043689512	0.867637970597106	0.905001122490377	0.893161805925957	0.80115848232261	0.871804637692998	0.885452709028355	0.8929350288263	0.838765391421577	0.886172509504281	0.929765446899526	0.860581477419936	0.867632937561441	0.90058073144642	0.872367006998412	0.886798620207488	0.896980774656038	0.896152498750787	0.878003055498408	0.87320103514376	0.88879282307871	0.884819902621113	0.890670315902361	0.91202063561734	0.890344503619482	0.883417903895688	0.908832290146994	0.892200162880707	0.885820938374018	0.86523928720107	0.870140869727569	0.866163973394606	0.884872493016956	0.891748243491655	0.870517204501965	0.857474243728021	0.881297488556181	0.84683244493684	0.895472319370881	0.916839495207089	0.877404770559913	0.882677571139377	0.85413208003955	0.884864559976941	0.863891288361318	0.89801123947446	0.876410006020237	0.889393170806564	0.879021659965326	0.877233275151963	0.874840430561147	0.869684973785377	0.908328990446825	0.868420501881731	0.894898351447923	0.899720752767967	0.896369122184697	0.877512798844409	0.888560185073301	0.890854775396501	0.887676817726982	0.852069503126328	0.879452615288895	0.870149166191334	0.887912580448479	0.906624120578073	0.912004098278098	0.906192806353683	0.876985366230788	0.850862605556954	0.895153454594664	0.877980721629971	0.863168946318913	0.892577920206009	0.882693231216708	0.803697841431904	0.901783292730699	0.898487610562971	0.888870465503656	0.891730245690291	0.86494774249397	0.869977176768868	0.910694457537335	0.875920209400658	0.876098962515624	0.881461876817019	0.87740840506472	0.865163321643008	0.856289529092159	0.787477939936652	0.891299964318781	0.89710490652806	0.866510782860832	0.87671714064806	0.908557569762837	0.889340343830498	0.875014419152692	0.894665366327226	0.902004323112458
GSM1045208	0.916326506271778	0.86753933096999	0.825730564290674	0.8972983730572	0.902986529534743	0.890620209016804	0.896095862912477	0.894586292213858	0.889824442280317	0.910299943917116	0.914395580610548	0.90107110905319	0.89707640595225	0.891395317930417	0.899607837349257	0.883000937937006	0.883331750196505	1	0.934619998257273	0.972059864382199	0.921750757538513	0.909658427998904	0.934482887817202	0.901389494113016	0.950415520124388	0.92947520656377	0.873640279909307	0.91798103861677	0.938764190208433	0.956895667420224	0.898432311560467	0.951787498764478	0.947397262165653	0.906044825954898	0.923615524247856	0.951293582210854	0.934216460350942	0.944214669875641	0.938374415816541	0.952078624274112	0.939645811067663	0.937888609497865	0.948602568368486	0.937651671714739	0.958438085189854	0.949139387928757	0.945083094888616	0.93568344357225	0.942364381044738	0.945489980255893	0.94226212734882	0.927737582015027	0.926342042346234	0.942493422888255	0.933408050931421	0.944476160458857	0.930678505061953	0.892636776302919	0.941241917920924	0.911810151220986	0.947170733555233	0.903952775746106	0.934561164891359	0.944752686546548	0.919718370750631	0.931953553789827	0.931310564885835	0.943089058596772	0.938475260658976	0.943470447828705	0.924089132209554	0.933794487204137	0.947768034391896	0.913222391295628	0.954086076892175	0.899752583133408	0.951551894514825	0.948861912435382	0.935333692753245	0.915683156334672	0.951354565206389	0.950584046590488	0.941266303459001	0.934820756827316	0.935780263924149	0.920403333222531	0.950157181630029	0.942914002440984	0.951309441549503	0.941928858335081	0.944995585327969	0.908724864609512	0.952430709637434	0.943851653435393	0.911251492052098	0.956724356287954	0.930311247767068	0.871681356389551	0.953116316809158	0.941647444995908	0.94503521971158	0.952324655993715	0.911026721348323	0.929341224197938	0.951403858352702	0.928075453068804	0.936426853516431	0.919199252524192	0.949532989477144	0.946190022353488	0.913373238662466	0.849350134323639	0.953397143748407	0.954312805667927	0.929146602150179	0.926655359254587	0.95919843845762	0.957533759528824	0.942104766511292	0.949113416862226	0.953491066032308
GSM1045209	0.906913224105248	0.871518915662231	0.808613090847693	0.887524819321741	0.89689378333482	0.886557560317984	0.888801621125226	0.889380902507874	0.879348217723124	0.911936413593763	0.906068193367657	0.88864065387377	0.89576261916464	0.881236551656561	0.891268504673854	0.887251564143304	0.882993709757341	0.934619998257273	1	0.936774396598523	0.920280054506003	0.910422938075488	0.936359967135398	0.885878213099552	0.936142118210666	0.913640771650688	0.877342651637965	0.91108174889657	0.92240260690269	0.924551537345761	0.897704210759386	0.930315262353447	0.933761447267337	0.924753615271032	0.915598784789558	0.940489957916826	0.929751366645634	0.943501140290907	0.935558340389133	0.925229103499389	0.926271037092703	0.923708495372873	0.936158088141474	0.918469193954245	0.938563414184831	0.937508981712967	0.928035063410322	0.927355180710448	0.936342181607975	0.927506688442581	0.928683951032532	0.925752019592757	0.91657068536306	0.930616120650738	0.915452039110049	0.942497302524053	0.909698529630595	0.895486939528743	0.929087962052092	0.907287326936993	0.927049587766325	0.909450651777396	0.933576115448666	0.939944937359819	0.900157975036022	0.917030983484845	0.926523131607591	0.932498353613241	0.931683941139438	0.941229390767356	0.910335062161897	0.928603515065113	0.931923455722323	0.912958740077023	0.940341118615508	0.879104637174123	0.927894139756294	0.936293880682057	0.923842916436941	0.911097520937617	0.928372089422421	0.936064625442961	0.929222160446377	0.908562595267646	0.916451506560426	0.920903595088065	0.931756997550434	0.934316737097873	0.93544443397753	0.920451544937554	0.920343725925488	0.90193887632729	0.930477958761944	0.93022893332214	0.899269234802594	0.934188623400884	0.912743284337267	0.857375017649825	0.921564064686016	0.915817447398693	0.929268620755668	0.940826077842128	0.914016816543229	0.900834351324102	0.93160262512041	0.906648119448164	0.923153717013563	0.906556751252137	0.936197259920173	0.933175101400386	0.905081200443265	0.863796150912496	0.930022601766676	0.941908616911152	0.937311034615156	0.907956942181899	0.940206596962557	0.930828438230409	0.925567238104965	0.937746075157915	0.943691042902142
GSM1045210	0.91153008321713	0.868556019158032	0.825819641455552	0.897552427608402	0.897753239569354	0.883717707249436	0.889019709277933	0.888071094031848	0.881305799942283	0.908179532763842	0.91153997253703	0.891337044360879	0.89619094919473	0.883050184280823	0.891451997558777	0.881784238618434	0.879530473456968	0.972059864382199	0.936774396598523	1	0.924988074403715	0.902607953599311	0.93582841876427	0.896024198322717	0.940349316736744	0.922245388758934	0.881334186475741	0.913552859576355	0.933551614425532	0.944868256228601	0.8987696710831	0.946396618407175	0.942757267372382	0.91087525665133	0.921014021191674	0.949190915528992	0.930192955173232	0.942415751403508	0.935152640280153	0.941060022355092	0.93008419128895	0.931681322083675	0.945751939611735	0.928940420097613	0.952017569138914	0.945272188128522	0.940233327863743	0.935169788226897	0.939210315777077	0.940528726263427	0.938879452031401	0.92829019968412	0.927360164857175	0.942340806984855	0.926093911150075	0.943443301305473	0.918695710888455	0.88772606181564	0.93650793105908	0.913172863798608	0.937825626529723	0.89926109233295	0.932895877661424	0.942674397609709	0.915129775525127	0.92517835154265	0.929354172576057	0.937624680338273	0.938425103785256	0.941713088193621	0.917213552800075	0.929144612948922	0.946024244365249	0.911238015994919	0.948821071299568	0.891916258787535	0.945033592338547	0.938728880425843	0.928574424091347	0.907870730424358	0.941377453157983	0.941057740564844	0.935332498602641	0.92832532403042	0.927439990636306	0.922235439104804	0.940118153054295	0.942370811579547	0.947840490141899	0.936084820907108	0.933785249051012	0.906874847499961	0.941685720023407	0.938351245490734	0.908487819628566	0.949182017516831	0.92265234134153	0.875270339120514	0.941859348385308	0.92800926542718	0.940000879763502	0.948334004230369	0.912040166265319	0.916870051056781	0.947772201321263	0.916905759309494	0.929443396255315	0.911819417342227	0.947420739217439	0.945087831464794	0.917223310248513	0.860179033973782	0.945021352480398	0.949789391120396	0.934608225736624	0.923392427216558	0.954268045626984	0.94731654403495	0.934823341069247	0.940719796283872	0.949298605862841
GSM1045211	0.886870619156488	0.869743249112826	0.824654914602009	0.890442983239167	0.874175755798446	0.856799015354936	0.86474107284753	0.865050684590951	0.853997735226434	0.88556402539451	0.891936473682065	0.864574201898302	0.88135976063785	0.857041709314654	0.865754130026615	0.862429512345721	0.854983519955125	0.921750757538513	0.920280054506003	0.924988074403715	1	0.888998265817847	0.920096918880464	0.873846747676607	0.920581863648346	0.898940692313665	0.880379284273394	0.888851061158011	0.907771966570508	0.912751989904838	0.898632204649585	0.921927031247776	0.9078943834168	0.889915377158584	0.908833849875575	0.921360247296391	0.908346894934134	0.919395373452913	0.918629931469017	0.907184851253254	0.905316329576413	0.90806370862237	0.926951489553912	0.903817749413397	0.918541601633916	0.916736139125028	0.914538584880326	0.907915157208828	0.915892648872879	0.917708495425373	0.915695924193315	0.909923241858915	0.911127703027518	0.925543902025251	0.907024016609414	0.919243221441414	0.883788367433643	0.876580559930291	0.906948864516489	0.896603601780148	0.905937783603411	0.886090349847907	0.901575579316245	0.91194826038777	0.901206929258479	0.901589006945169	0.900259391395721	0.909936497590907	0.918396441199118	0.911458883441391	0.892230249921848	0.893613248038099	0.921713393407579	0.89706382489264	0.912900830693055	0.868941826090778	0.914206801095745	0.914149513732637	0.909926134696516	0.886272490447527	0.912688568249467	0.906172894229006	0.905313791213417	0.896245100706418	0.901873478206757	0.908648209925736	0.914255974679081	0.923286395330777	0.91782471720934	0.907657383400062	0.901648547837332	0.892218745212495	0.917738943905177	0.908523556636687	0.89501045712669	0.91961010271552	0.899472438128705	0.877794650145745	0.911903815803165	0.906010111006836	0.908172302700225	0.918323894739157	0.901235589523678	0.891886958487105	0.920118245401799	0.893038804663341	0.89857538572082	0.893807027020229	0.919827438945808	0.91294359619589	0.904330722811846	0.867283306639358	0.922529579884415	0.92103562109837	0.90588071574639	0.903363091628932	0.923676316055866	0.915153897040276	0.921404836811972	0.909178961221545	0.921258737486816
GSM1045212	0.889547690261779	0.859538675749777	0.806549364664157	0.858152317826871	0.884892247824887	0.87992690690478	0.886947408687392	0.882230316169957	0.874611935868768	0.896334876927859	0.895902913283709	0.892444237210927	0.870036286765116	0.876814051931379	0.883306995361859	0.873351662645799	0.874884443082736	0.909658427998904	0.910422938075488	0.902607953599311	0.888998265817847	1	0.918929093624057	0.893258069220757	0.938138096365207	0.945423599216333	0.831301531992717	0.92822817966056	0.930551859114809	0.923525733098466	0.900155646771305	0.916870122030019	0.915410489417548	0.92110954375969	0.928676288697503	0.909801103229483	0.936172289827309	0.908059279129851	0.951549494446485	0.927185209862934	0.941833831350207	0.910168193243426	0.916490562435367	0.921473156084831	0.92611442715117	0.917082265570677	0.925346518957573	0.905488275473302	0.934559919632065	0.897713097266553	0.910567440487455	0.908838706631251	0.887620658165046	0.900506719648604	0.903930943281115	0.920833286504054	0.889403597334266	0.931221170635676	0.902949274907686	0.90561434304693	0.897624530962129	0.916827183359387	0.920548841766565	0.914262548504695	0.876416973108653	0.895672067882033	0.889956532785402	0.930213056519803	0.910611839767128	0.91406473552201	0.924993418542013	0.907294433971403	0.91601257297238	0.941675175007639	0.918224521941301	0.891154260670052	0.898109544827874	0.931226343026539	0.932679888052786	0.948407537574108	0.932122535086333	0.930286980563616	0.914933043959275	0.895856555065415	0.931802212795165	0.892727876882465	0.93256906954087	0.913336969003225	0.901908913228293	0.896897455735849	0.915085452053695	0.893463975133789	0.927939241115232	0.905678631369973	0.898627152688752	0.914853058174119	0.908936303662112	0.818636251212119	0.912490862436326	0.911066959687871	0.908324122251382	0.913831385114108	0.90796513300332	0.897480519683098	0.901053943579985	0.936400039897091	0.903376749322898	0.938762252100912	0.910360584123746	0.901256144815009	0.860015056939541	0.824409224088803	0.914582089188287	0.917632762704865	0.901629728430878	0.909028707335351	0.916926407693943	0.903566577874272	0.90160346801403	0.916849215553635	0.921578656841109
GSM1045213	0.924090680823398	0.881774452259539	0.829642815686544	0.900928149771505	0.913003528676865	0.898510378473747	0.902874187581439	0.900488849859614	0.890133223033784	0.923131719630804	0.927873384901241	0.90711860291699	0.912240979612908	0.894847573231618	0.904609071725086	0.896693790928975	0.891630043689512	0.934482887817202	0.936359967135398	0.93582841876427	0.920096918880464	0.918929093624057	1	0.908347406761888	0.945552026098923	0.937817269436595	0.874487466435294	0.917615897852614	0.936483533193628	0.933646707628382	0.911488341515996	0.944943438585618	0.940977900146143	0.923725238654143	0.928406813326515	0.938085992582127	0.923449624813203	0.934725404763357	0.95038731716501	0.929939964245918	0.932468712758759	0.919374757820573	0.939873111814548	0.915664155246333	0.939284892823582	0.954141235762187	0.939641641180862	0.918139228430045	0.946558322644366	0.939120314826734	0.934096556191905	0.922946621462272	0.928717674030831	0.932404419485362	0.918254946497742	0.937524982111418	0.900512124369261	0.896596436552089	0.921108525479251	0.908410378620866	0.927644607548638	0.91858723429507	0.922832008079052	0.922801834151104	0.89272772057922	0.909503761719591	0.909086590480454	0.940338936179517	0.938717662477609	0.930564253541807	0.916471388601052	0.91487680075026	0.930462057888227	0.924933907638825	0.939390194125258	0.901569477955301	0.934972860376109	0.928191971990531	0.944538089959616	0.918976276234154	0.930544701951625	0.924519103561653	0.91585936275448	0.908721387013411	0.928496068889967	0.909735009346902	0.930176203901536	0.939954073947309	0.940109256647626	0.94269564843285	0.91898916009807	0.91816955610168	0.945354303889183	0.918504828289363	0.91544410816869	0.937333332244143	0.93093491881998	0.861038460391546	0.946163258391066	0.925860923387641	0.91993182711159	0.941989148912334	0.923026663225039	0.923929083202608	0.939316958000654	0.919031982258792	0.915931755847861	0.925839363180699	0.931796738034592	0.925699981266286	0.911062878733017	0.866595609863261	0.939437116069509	0.942312648940661	0.916975482902228	0.913393097078674	0.95045100206541	0.930671574627004	0.922444997993592	0.923616357785241	0.93791910533693
GSM1045214	0.886379022797715	0.862850706118889	0.868415706008919	0.857043117814152	0.882070815270696	0.875630267413551	0.874098558710751	0.877216434563191	0.866386245632717	0.876341071999565	0.881611378428044	0.880382088066156	0.874724107147573	0.875168992961553	0.876718207630833	0.868590523267131	0.867637970597106	0.901389494113016	0.885878213099552	0.896024198322717	0.873846747676607	0.893258069220757	0.908347406761888	1	0.91983466206478	0.929471585801871	0.829325319124487	0.881731593784712	0.910319164137452	0.909597248042727	0.872053005641757	0.915058319549002	0.8990283205166	0.896510312318449	0.89425754439818	0.904737581758699	0.896046678610637	0.895460462251495	0.91632968967237	0.912755836665421	0.919865741564209	0.898404568491169	0.902970749443951	0.886077109544106	0.913019768248837	0.908618530162174	0.92155132243397	0.891163529559302	0.915730399379301	0.902168364565304	0.920095431856704	0.883349464359172	0.878619169051513	0.896189613928846	0.892775941718377	0.895529372281413	0.881517028477372	0.874431694906814	0.89024443822655	0.871708978603045	0.892288045900546	0.907651069434065	0.88681840660067	0.890813472140168	0.867286396638255	0.879033525604921	0.879736369570369	0.916747431831529	0.893092438204532	0.895467450410726	0.893567851011119	0.882255745280183	0.897254711782208	0.896770250629428	0.898755666667254	0.972771489729824	0.896286809680803	0.907320216476475	0.931978551969632	0.890871996671249	0.915077038321381	0.893050268213358	0.891401872590045	0.888830558337965	0.907688471544756	0.878114350817286	0.903774688488841	0.906584319509781	0.899236541010533	0.897713467677192	0.910477592977788	0.875074135248129	0.918738654210092	0.892539400068533	0.889075538505306	0.903915559061755	0.888258873545352	0.824394590469379	0.907176960034581	0.909478675932144	0.892345572839541	0.901723265745385	0.885645162763566	0.885921354661248	0.896113891749017	0.89647308434894	0.892688127208641	0.922935788741957	0.892795798099313	0.884530122828945	0.865378959197415	0.820477476536631	0.912233549605087	0.906486259766677	0.879483706868965	0.900063135880721	0.908276847568203	0.89558673154265	0.887375421632023	0.892302064308454	0.896174492779151
GSM1045215	0.932674679765356	0.884325023929009	0.82651767478203	0.889545496148054	0.923146763030301	0.912969695686582	0.917791820158795	0.917603846130766	0.909342508120219	0.923529000767652	0.932025773028937	0.928206844643465	0.907840218574675	0.914760982232267	0.917139172485027	0.901152650887516	0.905001122490377	0.950415520124388	0.936142118210666	0.940349316736744	0.920581863648346	0.938138096365207	0.945552026098923	0.91983466206478	1	0.956516895563903	0.857294399204913	0.922102356632445	0.944695741023435	0.958129489578604	0.90147218530026	0.951176415328267	0.954627095650654	0.922795714357729	0.931813822382036	0.95242059700229	0.937140511376571	0.941919229225434	0.962107936951174	0.959005408885828	0.957784931743898	0.935272023210674	0.955395527144517	0.945104220268798	0.960320937718706	0.964385005122599	0.955348572059096	0.932040451584401	0.959871011286734	0.947160072723061	0.946107125640245	0.922339927300061	0.9175670482982	0.936082416074587	0.940830427918649	0.949447456745374	0.92559721980137	0.912357201945936	0.938608514845243	0.903810088467767	0.943449310334957	0.944892378458528	0.933627037190103	0.937134937945593	0.909040323547046	0.929604554418995	0.920851319369132	0.960601480002681	0.935471580338404	0.939942689706876	0.929911312210719	0.928455952119221	0.943678532386217	0.930180050374098	0.950437011475649	0.919939503787288	0.944213422492074	0.965174899232047	0.961122576033473	0.932095281148419	0.963365549586272	0.951286185562905	0.941578388192888	0.920587614940936	0.944590139554563	0.924261753080748	0.955048939650149	0.950465230159453	0.950028716996646	0.948522822525828	0.950066079347781	0.905662898865513	0.964277419701097	0.93533105649609	0.920571876310102	0.957909241879549	0.934800006248269	0.859452958525601	0.958477853587915	0.959962950878979	0.937927169190682	0.949368150890323	0.915735594502486	0.925712197517086	0.949893568478918	0.93804850599243	0.930375005402702	0.949544681084403	0.943013331396661	0.927501876193905	0.903467243356695	0.837180910222271	0.957550657304598	0.958847583184732	0.918101436444912	0.934535173720888	0.965006661423251	0.953713019166947	0.939706027765108	0.947549802415458	0.956485247503204
GSM1045216	0.918698924781762	0.8737259333833	0.834989709442893	0.87781515203403	0.91135585451423	0.900574782529435	0.906700439505432	0.905830011117052	0.894670543762802	0.909754377948459	0.920171782768714	0.916652806838296	0.892397870856927	0.900323512487804	0.904273155959778	0.891287807781782	0.893161805925957	0.92947520656377	0.913640771650688	0.922245388758934	0.898940692313665	0.945423599216333	0.937817269436595	0.929471585801871	0.956516895563903	1	0.840297852995715	0.929535574939234	0.948193988425971	0.946989968493858	0.899065850303586	0.941896539086232	0.93839820233509	0.920869414379769	0.928400866072121	0.932193345005412	0.930071811995715	0.92052908221122	0.956791574417211	0.948287013892902	0.95220705626068	0.922631629480341	0.934079102824428	0.928146807511613	0.942993201087109	0.943966080397559	0.949994658183353	0.917445319954008	0.95326315921227	0.925308296267569	0.936804238755341	0.914492035708219	0.904702452416103	0.9181896264461	0.921236324695764	0.931061248298258	0.906033844853668	0.91875778757756	0.918185522812796	0.90827045550615	0.919543354234554	0.932975895969733	0.919660297465764	0.919739772732672	0.890172634814916	0.912518217526064	0.899853902478722	0.951741017602915	0.922644571147881	0.923046661505683	0.931191522932574	0.909934645302097	0.930402257872629	0.940063035775151	0.932552902019415	0.929579596298992	0.922044365997129	0.944642253205199	0.956768006054794	0.941686135841846	0.952621283119719	0.929316409806333	0.928617273501701	0.908406473973385	0.944749405878017	0.904712740029229	0.939560221003627	0.936605230533631	0.928364638691489	0.928377156981237	0.93915037929889	0.901047166389816	0.953252455803352	0.918270209890576	0.91780504136922	0.936081727476079	0.922723041752081	0.835495301390827	0.943479787197633	0.940230338631228	0.921704183614153	0.931452172444505	0.91672631605087	0.91630187170704	0.928679371780509	0.938958600572953	0.915488990348081	0.959550166235894	0.920424671669417	0.91011418385729	0.881643604209055	0.827425890713654	0.940607594576194	0.938240527916398	0.902694553906052	0.925835751913007	0.944774367365462	0.925246268259776	0.91358860217671	0.923184482982169	0.933768159227567
GSM1045217	0.831530199140586	0.830407862297927	0.79021353082878	0.849740127146996	0.819309960957812	0.802836321086663	0.806494991952024	0.808587051307759	0.796467338512804	0.832251070832197	0.832344166636873	0.801336483431765	0.835446345503645	0.801723167149862	0.812980044052614	0.811253319315208	0.80115848232261	0.873640279909307	0.877342651637965	0.881334186475741	0.880379284273394	0.831301531992717	0.874487466435294	0.829325319124487	0.857294399204913	0.840297852995715	1	0.838752009111026	0.855169930829618	0.86183723460551	0.864496039733562	0.876311917102507	0.851922303618818	0.849952305956433	0.864496884128181	0.873857378562482	0.862508917336001	0.878121718647043	0.868084422922209	0.849451411658016	0.862304865438864	0.858700491712893	0.873789051477002	0.850636664789097	0.866838462871272	0.866086357335446	0.863208297329925	0.854206915292276	0.859002709655587	0.867571850669195	0.864929106967381	0.873312811479346	0.875633606392573	0.884543811049235	0.86010096962386	0.869248086424986	0.834765991667076	0.824942022466608	0.857764976741133	0.868525329036809	0.860810466688291	0.827778569144075	0.853914097304289	0.867720681540233	0.85060129053766	0.847632648806522	0.859624164531709	0.855358505615051	0.875448183001191	0.866121553025934	0.837627844535158	0.849662697552694	0.885689336491176	0.852740853639103	0.866641681155848	0.821312492001862	0.870578253581496	0.854474310634353	0.860059235350586	0.831733519455673	0.859737982627194	0.852692589667177	0.854346448047	0.872756924222535	0.856993205604756	0.860327210954333	0.861248863289069	0.870218903634382	0.867769484715639	0.853492715058984	0.857777972534011	0.863851108252863	0.872290409505115	0.869300470306728	0.846123319617641	0.879263657587001	0.847625460945292	0.843550013341512	0.855727526627302	0.853639501942683	0.859753478048113	0.874297635248009	0.858650325771642	0.84575986495365	0.867095641836312	0.83439803059533	0.859148768640365	0.841425666598328	0.881202662197536	0.87944079427528	0.875352114753654	0.87002684268851	0.869461337233457	0.870709878848461	0.86837985185284	0.848298460573195	0.870926596016734	0.867284417651924	0.871053337206875	0.856826734053428	0.871562060622086
GSM1045218	0.896091350218888	0.845195794519756	0.801172707210958	0.868461511733972	0.887138509244309	0.878203845414057	0.883374438948581	0.877805742597983	0.873554997908356	0.896598142994518	0.899845621436666	0.887608434024618	0.873823783784186	0.873723062054459	0.883753786930102	0.870821022418491	0.871804637692998	0.91798103861677	0.91108174889657	0.913552859576355	0.888851061158011	0.92822817966056	0.917615897852614	0.881731593784712	0.922102356632445	0.929535574939234	0.838752009111026	1	0.971384238776622	0.927719552578812	0.896616460100592	0.925504848965716	0.921903575899956	0.899885190755582	0.922382641831925	0.913466385105269	0.923480890389242	0.91148940570867	0.929244813588594	0.924855738315466	0.918553175748102	0.911259667270806	0.9174624035509	0.923790256352513	0.919986231990567	0.916052589466553	0.922275310813395	0.912736435290391	0.927020328584143	0.898623237689429	0.909010104926469	0.91574912081595	0.895120383488852	0.901995688976523	0.90464651909993	0.921610410399446	0.895158908060201	0.909411877982494	0.909816234881137	0.913641012343283	0.90142165173225	0.893807296814598	0.913308861929332	0.915314375076522	0.880203253004797	0.897701484444258	0.902170631591878	0.92101822025066	0.917285443266038	0.918990243728818	0.934841787207468	0.910566148413839	0.919216930161466	0.92833342181709	0.920444137789353	0.878960774789302	0.903510333638375	0.920788314924318	0.91389215055673	0.94230179499274	0.922734327984736	0.921081371427038	0.91763340589158	0.901021747020544	0.933055114989219	0.898747042941856	0.926145232268924	0.91323762401636	0.91351339401625	0.90541239118152	0.912782914153665	0.908634894157627	0.924806714068545	0.915929125570803	0.900822955694417	0.913565950546658	0.923952287874309	0.827009637634483	0.92231039151543	0.905235788862786	0.91429895653848	0.919332585517455	0.914663172091569	0.912935899144493	0.911460909545949	0.93316872188176	0.911136621879013	0.912442341387086	0.912712853041997	0.914374533365696	0.864443615985368	0.83013255372224	0.913611401210062	0.921743302619754	0.907753416658909	0.90405804969453	0.924404966428972	0.911335194370589	0.901101256495548	0.916791013605485	0.923952287016352
GSM1045219	0.918247745858742	0.864477709524533	0.828532390326876	0.888823051828094	0.905211302551819	0.892909142065778	0.900143238466528	0.896163753156418	0.889597010145833	0.908252695582404	0.920583969694139	0.906708003127795	0.893207841776068	0.893433174477939	0.900705487750968	0.884902217870003	0.885452709028355	0.938764190208433	0.92240260690269	0.933551614425532	0.907771966570508	0.930551859114809	0.936483533193628	0.910319164137452	0.944695741023435	0.948193988425971	0.855169930829618	0.971384238776622	1	0.951607224482419	0.904984999906888	0.9516184831974	0.941342501195071	0.909194916708615	0.933751521731017	0.935874181377274	0.931840908679641	0.928323022020999	0.949217553624303	0.94677660523809	0.937863575286181	0.928912427609433	0.937514147859177	0.937677114094316	0.939404558852624	0.937309982664845	0.946615921884681	0.926277548901223	0.947316163587208	0.926968434054622	0.933752156342475	0.925933623800618	0.915648840483715	0.92264280231285	0.927122088681436	0.935860246065011	0.911019819091211	0.911031244328606	0.926319335375813	0.921514629401081	0.923142932752803	0.91143948996082	0.922648207457789	0.925837046905404	0.900487171898395	0.919723548077661	0.913920589959376	0.943015728983426	0.934570357490361	0.930970834295742	0.940474613980357	0.920141272100929	0.93722607607495	0.932071418107972	0.937157947162033	0.908319522180329	0.927687626636525	0.939227555542598	0.939505644629409	0.941291254543403	0.944289657405342	0.931809166700148	0.93037605170491	0.917156725493069	0.946895738114935	0.913211087421693	0.941514538689466	0.934528441474481	0.934151022147455	0.931296011458889	0.934955365292367	0.917662728892995	0.949721076260568	0.930183696605146	0.920789470304122	0.936566623743124	0.935217492652645	0.847387965923143	0.947705325945795	0.933113123051605	0.929482951980172	0.939652835979068	0.924361011720345	0.926663501195561	0.935222834090554	0.942206184549248	0.924587784798997	0.93215033754916	0.930321542230081	0.92708161717295	0.889028198807263	0.842192195060513	0.939510283145754	0.940773453912079	0.913273629854259	0.9278404038962	0.946336814157741	0.934265646728485	0.920511444005641	0.929514690815683	0.940530119468921
GSM1045220	0.92704696822916	0.865625197834105	0.826596138150038	0.892719335704487	0.913656085186366	0.900787542578338	0.908376055802989	0.905220504041573	0.901239708227077	0.913669781061511	0.925688973660286	0.917305788657393	0.900247720063202	0.904926206852164	0.909491319884896	0.888309850230552	0.8929350288263	0.956895667420224	0.924551537345761	0.944868256228601	0.912751989904838	0.923525733098466	0.933646707628382	0.909597248042727	0.958129489578604	0.946989968493858	0.86183723460551	0.927719552578812	0.951607224482419	1	0.894135708705483	0.97339662405357	0.95255159179028	0.904879556466548	0.929874852956777	0.948107770502621	0.937079129667986	0.941245816045826	0.950851869712402	0.960853229215042	0.952304876626398	0.937119234786779	0.950581583706445	0.946646281632331	0.954270303127308	0.951072447291249	0.957220632083942	0.933568840155674	0.955401999849507	0.940520925876618	0.941147707492004	0.93299662186287	0.925201850317323	0.932288903316756	0.943835896864309	0.945074606675245	0.927535005244063	0.903730189950326	0.939346297779823	0.917071095307363	0.942894100133715	0.915790028197739	0.929018471356411	0.935244207565673	0.915251834237799	0.9346459721885	0.920133591480987	0.953837665639437	0.933971454670721	0.93826166474717	0.934890092913679	0.927589425884704	0.949359152518612	0.919917801741557	0.949062054121061	0.911718955108735	0.948526427392447	0.95573640332341	0.949464219024846	0.929382986419869	0.963339961818344	0.947108369144667	0.942453594373998	0.934862867862569	0.946726069675845	0.920036706137233	0.956056253635325	0.943595933232648	0.948802633271814	0.945539225416065	0.950275699387343	0.910149912386339	0.965770519286765	0.941587487934742	0.917408581710687	0.952976553130139	0.937307205908862	0.856981280420588	0.964330365856785	0.953392049658962	0.943287187170857	0.953710193043743	0.916091019628012	0.934518342320913	0.950116322887294	0.940026359897945	0.935140051574335	0.936891965880107	0.94158631411252	0.932340327855339	0.900088950007366	0.838217764005618	0.955150362754798	0.953134333960711	0.914732238188436	0.937851835711294	0.961086556679193	0.957405870488491	0.935141015777269	0.942087032829886	0.952782878240491
GSM1045221	0.865708038440809	0.861990974645484	0.826930311149949	0.867963790653425	0.85681447046317	0.842081915202591	0.849944059287957	0.849278140470501	0.83644426846411	0.866919557712133	0.871155556632852	0.849327038555489	0.862991009166265	0.841937704338649	0.851941859034707	0.84521629141651	0.838765391421577	0.898432311560467	0.897704210759386	0.8987696710831	0.898632204649585	0.900155646771305	0.911488341515996	0.872053005641757	0.90147218530026	0.899065850303586	0.864496039733562	0.896616460100592	0.904984999906888	0.894135708705483	1	0.904823720204211	0.88623503334541	0.883200901861272	0.909621731353873	0.893410581583983	0.900656073179414	0.895434547168471	0.913185791247749	0.887825741148552	0.896994534510147	0.890204384503523	0.90018318481836	0.8883078495947	0.895877232389845	0.893812130465721	0.898224633419326	0.884824309792462	0.898501497595811	0.889533217235294	0.896324094190687	0.896801091664667	0.890196948406396	0.904223074263515	0.886448818024095	0.89818824406761	0.863473191324111	0.882652049773554	0.882335541776418	0.901738300960904	0.881084645100828	0.874007832154553	0.883732379315775	0.890601442979481	0.877560186578447	0.876074969989073	0.87913869015452	0.897222483809155	0.905003971020958	0.890500958559819	0.892435976220001	0.874028250271808	0.901535212075912	0.912222885624538	0.892578176039914	0.864955587994141	0.890290438358728	0.893457624594597	0.901725343026439	0.904967013480685	0.8945783586954	0.886584184741128	0.886815153903469	0.889269654991431	0.903010422015722	0.882849093879529	0.898905730625121	0.902729573923991	0.88925622290621	0.882265765671098	0.888582975036458	0.901373755938612	0.903694687713961	0.888695664245221	0.895870261835592	0.897757852908193	0.890347532610782	0.850617667003492	0.892746365075591	0.889273082084765	0.884255982585781	0.896494911090389	0.902297318268581	0.884248574408816	0.890383300235529	0.895597422298829	0.881054783471177	0.892492289258795	0.899455539339969	0.896618824191739	0.880207094073314	0.861507327861529	0.904643533403896	0.89535230029997	0.886256601556257	0.887934799190258	0.897667713057727	0.888031830373835	0.896648515698439	0.886981707592516	0.896712059892785
GSM1045222	0.923784016535735	0.877962450137688	0.838966392645918	0.90031912314272	0.908272382916203	0.894173183843335	0.901249646687757	0.899602528340858	0.890399713391515	0.913702283532442	0.922934847541441	0.906164644821294	0.903673375977395	0.897362260715392	0.903072190683423	0.886132022876505	0.886172509504281	0.951787498764478	0.930315262353447	0.946396618407175	0.921927031247776	0.916870122030019	0.944943438585618	0.915058319549002	0.951176415328267	0.941896539086232	0.876311917102507	0.925504848965716	0.9516184831974	0.97339662405357	0.904823720204211	1	0.947702646093705	0.912015327526207	0.929846540372562	0.947372588893795	0.933569806994134	0.941966621922353	0.950881734976955	0.950488699916565	0.944819292289613	0.936412803849824	0.94953521381654	0.93538755444597	0.948632229463521	0.948313019745588	0.954219046926236	0.931898501638138	0.95154524916162	0.943882343191911	0.941970133794916	0.932602012856245	0.931490131807932	0.937626887041441	0.937850245370167	0.943012431673996	0.916684737746859	0.898081371522994	0.934807248319143	0.91948262764281	0.936793971892271	0.915760950116103	0.924888369692329	0.931820369981781	0.913623980358517	0.930744560140274	0.918271601358603	0.951049031301531	0.940994207941073	0.936918613971944	0.927256311993802	0.921811900885287	0.948653727204169	0.921418729592404	0.945215500907011	0.911851348830008	0.943428250307778	0.945071322469176	0.94836905759568	0.920442378223878	0.952606088216132	0.934886931486389	0.933080014337541	0.929544783794812	0.939680335529037	0.920563438171381	0.94751982846091	0.944007321357581	0.945058881733217	0.941740966624833	0.941872623373769	0.913944202355109	0.959401518244363	0.934774281794181	0.920341311337923	0.948642305719968	0.931209505515043	0.865375868724846	0.954796764903932	0.945180830127787	0.93613346537131	0.951195189188092	0.92048998125785	0.926558685721029	0.947041655235081	0.929227826798435	0.929592332403151	0.933242499858826	0.941481339749351	0.933354488806107	0.911451900999301	0.858359445676733	0.951367826015368	0.948197488757842	0.91721502540525	0.935242233570426	0.955210838222673	0.946859410761349	0.933958084627937	0.933798940738151	0.948492890278895
GSM1045223	0.96080153924792	0.872932537098852	0.807308251746922	0.899381865206846	0.948210239954912	0.938180847679526	0.941919497313547	0.936445342731811	0.932144267279757	0.949608732360223	0.951446909273032	0.945952703961485	0.930242920402635	0.936747471415112	0.942550184307624	0.925257525312039	0.929765446899526	0.947397262165653	0.933761447267337	0.942757267372382	0.9078943834168	0.915410489417548	0.940977900146143	0.8990283205166	0.954627095650654	0.93839820233509	0.851922303618818	0.921903575899956	0.941342501195071	0.95255159179028	0.88623503334541	0.947702646093705	1	0.911755761274447	0.917085503760717	0.956394926230638	0.924931538109314	0.945901498737109	0.9477088450812	0.954703640623304	0.935879632004653	0.929791007587897	0.945495546838354	0.93738714245655	0.950902484443639	0.964553758832001	0.94752893391721	0.937034857998849	0.956849615190914	0.94067757787318	0.93761325644018	0.920363987611899	0.923635396574922	0.928811930971859	0.937695426358001	0.951399654819741	0.921139140017933	0.89598984147264	0.93866508402963	0.901090758621957	0.949539847963521	0.930309013649428	0.936452833308632	0.935527182282879	0.905174478277325	0.935415678162907	0.919999499047487	0.950794118658468	0.936336113958624	0.944437272910425	0.923379452359193	0.934391470127692	0.939197031946663	0.913838600162236	0.962601266630066	0.898203263941205	0.95058600534358	0.949168201766855	0.940056688263832	0.92024290654871	0.945609545678036	0.947096924353217	0.939266045639031	0.910180581426394	0.932589234995302	0.918367488142353	0.946663900262562	0.951904663230475	0.965907913590765	0.953970872511094	0.936163479708036	0.900746111847302	0.949710303320042	0.935957476404307	0.910622113900809	0.950721616261921	0.932110697204971	0.851525119489779	0.959734224196534	0.944521351876073	0.940106331176916	0.955623736187756	0.910723970225037	0.921295818083422	0.960670045894141	0.923809985759706	0.931316994754018	0.926247739123752	0.939602072589315	0.929892144265762	0.909669286411537	0.830232376482904	0.944976002080224	0.954720357888294	0.922117525166151	0.928815998369754	0.9658494960875	0.95687451823742	0.931110135070761	0.945707735582504	0.956814575686573
GSM1045224	0.881976541976037	0.857939697372643	0.808677619730018	0.860642445282031	0.873369703184338	0.864229470583935	0.866209515632786	0.868715729170344	0.852649715609809	0.894116723969487	0.881852313027241	0.868575382677916	0.866641211315822	0.857422006877192	0.866291629253139	0.86643684046335	0.860581477419936	0.906044825954898	0.924753615271032	0.91087525665133	0.889915377158584	0.92110954375969	0.923725238654143	0.896510312318449	0.922795714357729	0.920869414379769	0.849952305956433	0.899885190755582	0.909194916708615	0.904879556466548	0.883200901861272	0.912015327526207	0.911755761274447	1	0.900773314760681	0.915760585424256	0.922755215036753	0.916364366290628	0.931607731787573	0.91224429596413	0.93587279880079	0.905178018383831	0.914682124182085	0.897235261678845	0.923252528980217	0.922587814165604	0.925013698513823	0.911263282229616	0.931823735771921	0.899298852108873	0.915640254855679	0.909721681404951	0.892969614386899	0.910662111721355	0.889293472604762	0.927390659246421	0.880967502979492	0.895567331814182	0.900633029937995	0.895978506366946	0.89752305769554	0.907980516422756	0.927479459618885	0.91650130373898	0.870554005661911	0.883628390759722	0.896758628849306	0.926258375676586	0.911072525407996	0.920760510163607	0.89003077846378	0.909513193219258	0.917883857236889	0.917470813171494	0.919041482093704	0.887660519640512	0.898875544253186	0.91707579909335	0.924859457214305	0.911431948653479	0.921946294969877	0.921495240812023	0.907620044571915	0.885285263068354	0.906511881090106	0.894985666035406	0.919961398882685	0.917405989425632	0.907074641574344	0.89395914800251	0.906902936716239	0.878319343952098	0.915797027309806	0.903273107379842	0.88397524047611	0.913693756863885	0.887538049318833	0.828578982144014	0.897800343618847	0.893687940154514	0.90264115251401	0.919252937469953	0.896526164116216	0.871517938661789	0.9009171505835	0.891365598432302	0.903480621065389	0.916097655812866	0.911599874537017	0.907949818888565	0.87578256143583	0.845350039108461	0.908527956587505	0.920601847457433	0.917139444720069	0.898346874113941	0.913167316770459	0.897528882393237	0.895766693387167	0.909956554096753	0.920286876078438
GSM1045225	0.896133141452519	0.867961341578289	0.825494865569203	0.880509448125089	0.88574016861156	0.872645727631043	0.879694682224357	0.87619799488327	0.869229761067752	0.890373798353475	0.900659905475256	0.883415333456171	0.881392899784232	0.872827642732201	0.880677814378166	0.870603724247932	0.867632937561441	0.923615524247856	0.915598784789558	0.921014021191674	0.908833849875575	0.928676288697503	0.928406813326515	0.89425754439818	0.931813822382036	0.928400866072121	0.864496884128181	0.922382641831925	0.933751521731017	0.929874852956777	0.909621731353873	0.929846540372562	0.917085503760717	0.900773314760681	1	0.922707901094588	0.927453055409232	0.91933115429449	0.941591241908203	0.923064461666499	0.926304632245663	0.914277660268156	0.929599792938007	0.921725181330904	0.927265393278865	0.922941625013942	0.925872082782532	0.909692378446582	0.931285261597695	0.914368448637252	0.91860795645577	0.916590957104964	0.908996044908039	0.918863946246967	0.916111703139206	0.924163839286537	0.894143870874628	0.912523763144311	0.91204841889674	0.915670791074973	0.911453346507039	0.901697219879714	0.909254017318373	0.914665537087912	0.891861027792519	0.902865205865655	0.905928337534842	0.924622380838664	0.92329935248971	0.916447332478657	0.928845540000959	0.903829270496028	0.926242916736927	0.930297077861281	0.922244090271151	0.891808722287935	0.917218188223976	0.925020219914948	0.929530229130578	0.924075606451293	0.924967506759789	0.916119560966061	0.914463220352058	0.916354755222585	0.935702505572248	0.905699097852299	0.927231338624197	0.924427236255376	0.91969549410302	0.912332892324794	0.919715185563022	0.918092799856026	0.933774859813679	0.918161928444243	0.907028315872495	0.927484206737982	0.923800641376012	0.848095314714823	0.926286073524677	0.918791603206822	0.916297054959082	0.923155976542758	0.918908758571956	0.920349072974906	0.918747052926783	0.935681931654695	0.909639020649236	0.921792942593988	0.923787589615669	0.918142091143894	0.886513407151973	0.855167735291911	0.929649386306443	0.927103468270214	0.904706055810017	0.911746484592315	0.930491264368183	0.919496833348093	0.914700272416423	0.915212678025706	0.923828384419887
GSM1045226	0.933662635128923	0.876032363419407	0.823265666882922	0.901179487660048	0.91943705064575	0.907027862240331	0.909174495206236	0.909224209957576	0.902491563736512	0.921429574540168	0.92741899713565	0.914277425692918	0.910396461642141	0.906933994659352	0.911889145761472	0.899040220302331	0.90058073144642	0.951293582210854	0.940489957916826	0.949190915528992	0.921360247296391	0.909801103229483	0.938085992582127	0.904737581758699	0.95242059700229	0.932193345005412	0.873857378562482	0.913466385105269	0.935874181377274	0.948107770502621	0.893410581583983	0.947372588893795	0.956394926230638	0.915760585424256	0.922707901094588	1	0.928363030995317	0.955367898395279	0.944246552812963	0.95232001675011	0.935533970362146	0.936757308888186	0.949887960248823	0.934483192101652	0.95541636303713	0.961182893450211	0.94545025899039	0.941208295831797	0.950126326296469	0.946245552496481	0.943845104862084	0.926094997749872	0.926025120719838	0.942988576804461	0.94082363806947	0.956034915208864	0.933060862590103	0.895925999617765	0.950658604525137	0.906734115843589	0.95713324954344	0.923412869798187	0.941170186514601	0.94758233582557	0.919605014876376	0.936132084270699	0.929754923223853	0.94613733919999	0.939478355238004	0.950708742605048	0.918932928415349	0.936816156124165	0.946429151890968	0.915005768758783	0.959189414803606	0.903315182283664	0.954174815560245	0.95194716987625	0.93989258350001	0.911495947782919	0.947954612186215	0.954663842391966	0.945183666825669	0.921311962714932	0.933745590200415	0.931694166322384	0.947432670833467	0.950935340541463	0.960284301100164	0.948049781357003	0.941998778974003	0.906220223979503	0.949090513285801	0.943480742758148	0.910088466673651	0.956575737735109	0.926906529559072	0.873357706159367	0.95078162768015	0.944245853031456	0.944353356749199	0.956086913114653	0.914262620924576	0.91830766951502	0.955979959267288	0.921263292742875	0.942427692410389	0.925326559684008	0.953354828699044	0.940915033937675	0.922552996102223	0.850197787255936	0.94901086257877	0.959384755654811	0.933616532612978	0.930866818959462	0.962296440408996	0.958936618558716	0.942517590044304	0.948799372898581	0.960143046233467
GSM1045227	0.89405031915224	0.86582585858096	0.817689681652522	0.877360822757177	0.885842544725139	0.878704083131084	0.881916366377426	0.88108866830392	0.872857425762447	0.902110772289557	0.895811665643324	0.884758097603959	0.878471567110342	0.874155996043905	0.883301033555891	0.873852384457613	0.872367006998412	0.934216460350942	0.929751366645634	0.930192955173232	0.908346894934134	0.936172289827309	0.923449624813203	0.896046678610637	0.937140511376571	0.930071811995715	0.862508917336001	0.923480890389242	0.931840908679641	0.937079129667986	0.900656073179414	0.933569806994134	0.924931538109314	0.922755215036753	0.927453055409232	0.928363030995317	1	0.930041803303562	0.94549797101944	0.934673895914513	0.942998418604247	0.926174756031524	0.929343561912095	0.93165849744724	0.943031938014531	0.927052746644347	0.937720821558418	0.926512255593646	0.942005777216196	0.914840021442301	0.926812003649907	0.933929903356262	0.903473209577054	0.923555957473618	0.919459836096778	0.9358542902896	0.906820025942196	0.917158072275051	0.919595522417903	0.918929813173278	0.915246665237257	0.909230558460929	0.927335116756696	0.936743005855186	0.893868046795408	0.910061695557205	0.917891632250442	0.935862319424027	0.925801118687233	0.930350839686534	0.927159894731264	0.920433082937808	0.935315239102951	0.929546132992089	0.931521867702918	0.892183826997032	0.916935971561965	0.937111670399139	0.932766433978795	0.930043959861966	0.942263334850265	0.937210631436576	0.930038419418015	0.927765663150332	0.930414488708764	0.911463117683766	0.943859202453735	0.928136635375288	0.920728692938434	0.908332760878175	0.930611754225778	0.901219437561809	0.937321221948302	0.930732983635776	0.903411350916648	0.930489697248807	0.915072236782538	0.841294961498932	0.919884114250712	0.917267272388348	0.927179848760721	0.932779131991212	0.912645506025207	0.904351831626593	0.917433285311922	0.927188965409551	0.921208210137802	0.924732830004729	0.93020146845105	0.924344815188987	0.883256412053278	0.852600439235151	0.929943554683208	0.93378931062454	0.924804013018947	0.919839335599326	0.929961609499317	0.921971025018856	0.917797217659336	0.931395278186054	0.93561060527642
GSM1045228	0.917693685359931	0.871429493644281	0.816825854309635	0.896376602222246	0.903627797814177	0.892412425523616	0.895505959367558	0.89544840096285	0.888026834317179	0.915085012259018	0.913591566267946	0.897920190238018	0.901385723680634	0.89062534577293	0.899846766999353	0.88726957473194	0.886798620207488	0.944214669875641	0.943501140290907	0.942415751403508	0.919395373452913	0.908059279129851	0.934725404763357	0.895460462251495	0.941919229225434	0.92052908221122	0.878121718647043	0.91148940570867	0.928323022020999	0.941245816045826	0.895434547168471	0.941966621922353	0.945901498737109	0.916364366290628	0.91933115429449	0.955367898395279	0.930041803303562	1	0.939024115525866	0.941350626532537	0.931857246912516	0.933005877858563	0.942744086738552	0.927649590395442	0.947671881258782	0.947855759964132	0.939614685190595	0.933278257677136	0.940617999710696	0.933030367908579	0.93449038548789	0.931031451665449	0.924055097037455	0.941225919781353	0.930563488069935	0.952320227921793	0.927344312053653	0.895354817638962	0.943246412258742	0.910425158981474	0.94712825890081	0.908721423594073	0.936169056169459	0.945132223463772	0.913169534098183	0.931001332513152	0.931796178563611	0.940246209176903	0.939353808515576	0.94630591906681	0.915551889551173	0.938752744342106	0.943692206586293	0.912272499884557	0.954399770038156	0.891360506728694	0.946645803411219	0.943208515815411	0.932600078769475	0.912632464774042	0.94068954890977	0.949019409394389	0.941380394908033	0.923170259659219	0.926358846430986	0.923185137515957	0.946541931326341	0.941879210198944	0.947540117876161	0.931242357689305	0.938334405292343	0.904417450443973	0.941114685114064	0.944342458444853	0.902736981898234	0.951929161982389	0.918642700320008	0.866361613442215	0.936567256011815	0.931814063654882	0.940119729972003	0.951523447787546	0.914478041883219	0.911841022462098	0.942392938585203	0.913100197826202	0.939479742306569	0.917655582029375	0.948436555772008	0.943798730987879	0.915566909743258	0.86222399586551	0.942065251803872	0.950987070146134	0.937801372907386	0.918525142320131	0.951053169681063	0.951995984121437	0.93985074765763	0.944314486835463	0.952707202954739
GSM1045229	0.929492023720351	0.886270784691471	0.831489556767739	0.895420221630591	0.916392380810125	0.903916707946816	0.910641437070098	0.9085811266371	0.89738171552645	0.924594300747866	0.927437474017597	0.917120468586675	0.905510165582756	0.904782625207168	0.910864998445305	0.89800917115707	0.896980774656038	0.938374415816541	0.935558340389133	0.935152640280153	0.918629931469017	0.951549494446485	0.95038731716501	0.91632968967237	0.962107936951174	0.956791574417211	0.868084422922209	0.929244813588594	0.949217553624303	0.950851869712402	0.913185791247749	0.950881734976955	0.9477088450812	0.931607731787573	0.941591241908203	0.944246552812963	0.94549797101944	0.939024115525866	1	0.949645253349846	0.95617057860468	0.932795593742774	0.947922403455563	0.938393752985823	0.952287778021457	0.955992437604436	0.956860161885183	0.927839505063142	0.962886165515086	0.936771506150156	0.940949175549373	0.931873398233244	0.923926126806582	0.93119049995708	0.939709885843294	0.948440055431784	0.908659372163314	0.921982948760768	0.928111171748952	0.92472549782693	0.93295185485669	0.937106138462109	0.930607693132149	0.933789150133004	0.901746440815439	0.923221925152471	0.913567144354698	0.956973302343653	0.938778293785797	0.935886679079997	0.933167899395026	0.921542975968497	0.946713733767606	0.942218818810922	0.947027144455243	0.913171079679642	0.934091579031542	0.950663141776062	0.963251831850356	0.940023193479159	0.954565391487422	0.939695097428315	0.935182944894854	0.921248579620506	0.948601667351339	0.919694904376304	0.95057930521827	0.946453999330731	0.939114248163266	0.938085645002675	0.940287933173603	0.915793881904492	0.96018645910572	0.929805359027613	0.922068786476386	0.948035773779382	0.93099744599909	0.854086248389218	0.946815795099356	0.945103612918123	0.930661807429084	0.945754230206486	0.925473248978886	0.919237937656612	0.940522665039464	0.937602896779069	0.922402959954539	0.95105390752652	0.938441521315673	0.926211825578249	0.901538266115812	0.858182354535137	0.947424191474519	0.948136066733847	0.918598487218307	0.936570140533549	0.95418478416458	0.936363170548051	0.928706868405365	0.935055477926115	0.949922571690041
GSM1045230	0.92575938405368	0.865868822361406	0.826337347270085	0.889997274530776	0.913101868886423	0.904864916225535	0.910728621321392	0.907103011842472	0.903226219452096	0.914562164134563	0.922903637833562	0.919561172498362	0.896996721631989	0.906671952423481	0.911465588561241	0.890295080751725	0.896152498750787	0.952078624274112	0.925229103499389	0.941060022355092	0.907184851253254	0.927185209862934	0.929939964245918	0.912755836665421	0.959005408885828	0.948287013892902	0.849451411658016	0.924855738315466	0.94677660523809	0.960853229215042	0.887825741148552	0.950488699916565	0.954703640623304	0.91224429596413	0.923064461666499	0.95232001675011	0.934673895914513	0.941350626532537	0.949645253349846	1	0.948582040082593	0.937658110580898	0.945751610485294	0.947228092146684	0.956465638272045	0.950557162730844	0.952609037995697	0.937092188865082	0.952102515856318	0.939607979861282	0.941507046131582	0.921203053607713	0.913840479644299	0.932693080332849	0.93814883845632	0.945303531312934	0.933954658369053	0.905210416102244	0.942350987749205	0.907867130748954	0.944563823028802	0.920000339117008	0.935652170629545	0.940359559582177	0.912160175133583	0.934538167122149	0.920700112470809	0.951478100134971	0.934739954617768	0.942753603899301	0.932402582190655	0.938400892664087	0.941814341152859	0.921442429090028	0.951915289735627	0.913379237413605	0.94358065892443	0.958814864127573	0.945819784006588	0.928774595151432	0.959781538989684	0.954138714202577	0.945614332979813	0.922890205181819	0.943980697399789	0.918782141570088	0.95392560134111	0.943179184412832	0.948055086104729	0.943123543043807	0.952147128533802	0.901068295689886	0.957052410557024	0.940749897922248	0.915559631491893	0.952156637124239	0.928496463725328	0.849721636492912	0.956658920945944	0.948986616100205	0.942853295324827	0.948833587313583	0.909341835280397	0.923806182291134	0.948280003553339	0.937058693023271	0.940725334925535	0.936401553546513	0.944002730145444	0.931536025445719	0.899157598518812	0.826376265367118	0.952701311500981	0.954491737903599	0.920443946250798	0.938129790438994	0.957016372847121	0.958126772199529	0.933279927410671	0.948932797254054	0.954919043366503
GSM1045231	0.905744961849168	0.869933399690279	0.828535324312877	0.877420263223325	0.894431239037617	0.885134263603379	0.890743720501737	0.892303051908421	0.88105754948071	0.906916848500517	0.90456217230827	0.898816296503665	0.88176523066482	0.88490154504924	0.890965690010639	0.877489429304402	0.878003055498408	0.939645811067663	0.926271037092703	0.93008419128895	0.905316329576413	0.941833831350207	0.932468712758759	0.919865741564209	0.957784931743898	0.95220705626068	0.862304865438864	0.918553175748102	0.937863575286181	0.952304876626398	0.896994534510147	0.944819292289613	0.935879632004653	0.93587279880079	0.926304632245663	0.935533970362146	0.942998418604247	0.931857246912516	0.95617057860468	0.948582040082593	1	0.933138274010849	0.941689288321449	0.935120384974571	0.954099177087891	0.943429844516547	0.956758866696144	0.921882348725936	0.957888754869014	0.925623220110958	0.937791140582613	0.927741531523801	0.913670797796815	0.927919133166239	0.932141436963475	0.938321057567986	0.914048335918238	0.912015773958612	0.924748534090228	0.916642447117494	0.928750165381125	0.923613424887017	0.933350486161128	0.931979002126746	0.899483561242585	0.91731670548299	0.912142317297561	0.956092964280106	0.924415560069316	0.933545813904861	0.919833998180182	0.924206558425307	0.943870067698521	0.932096374994716	0.94180663707985	0.918868053015901	0.92978884850416	0.952269940736441	0.960115381162347	0.93428875003662	0.960958682118295	0.944741308521896	0.935005274748333	0.926892385865145	0.941673043512273	0.9148876305619	0.951580084362959	0.935067890629441	0.926342875004115	0.922739125902135	0.947966779898972	0.897795606394873	0.961549469180143	0.930641575795311	0.909699386818249	0.947791210075235	0.915527392126558	0.842489519503785	0.938161830127914	0.946480067155862	0.928471531212451	0.943887637192672	0.908537879822477	0.911321454159723	0.927792646905754	0.92887578680496	0.927239469973488	0.950239503134287	0.933054557004275	0.925000621927655	0.887803983271729	0.844700126027667	0.942882155947595	0.942477676649893	0.913129130528803	0.931834019927888	0.94394957360774	0.935003124701223	0.926313235627949	0.934468795998846	0.941866131393668
GSM1045232	0.902643328294067	0.867689472341635	0.828700609307633	0.884455951083676	0.89136875686949	0.880493630420622	0.886068311847307	0.886663728393972	0.876853809078083	0.900812899292524	0.901341113860019	0.889079477037642	0.885574433624856	0.880098858212824	0.88803828566475	0.873213405752383	0.87320103514376	0.937888609497865	0.923708495372873	0.931681322083675	0.90806370862237	0.910168193243426	0.919374757820573	0.898404568491169	0.935272023210674	0.922631629480341	0.858700491712893	0.911259667270806	0.928912427609433	0.937119234786779	0.890204384503523	0.936412803849824	0.929791007587897	0.905178018383831	0.914277660268156	0.936757308888186	0.926174756031524	0.933005877858563	0.932795593742774	0.937658110580898	0.933138274010849	1	0.933158578730054	0.92463603704903	0.940339587135582	0.927856346690609	0.938658183665083	0.930877164280927	0.933868337959379	0.920945994670295	0.92926113541204	0.918417938997166	0.909918595604052	0.924966756812024	0.924501938884271	0.935482523539321	0.913289400226834	0.895343992473835	0.927755611316647	0.903945399973363	0.924589811764036	0.903467832657585	0.924758934485031	0.932356115389713	0.908683021582375	0.926830499779628	0.915894953115102	0.933205359868554	0.924108329663984	0.931259691596974	0.915638494278061	0.919997141349397	0.933412960638545	0.911597144920205	0.934992569158979	0.896765502427251	0.926039980779252	0.940192604488148	0.927448251830847	0.912720611490618	0.937096077580308	0.932638888407809	0.934073416897201	0.914557807272718	0.926084965949232	0.914382871480557	0.941755423783806	0.92764506756026	0.925469940520384	0.918092517089993	0.933773177946778	0.889538970428225	0.935758309848211	0.930708249649106	0.904950321252261	0.936271714297655	0.908666336927939	0.850536417116261	0.928070187822123	0.925959311433419	0.92948287461763	0.937681404754246	0.902710199797263	0.904429213294131	0.925522632619178	0.915492722605398	0.923801616723537	0.918793010368288	0.931749629948478	0.926954219462053	0.895556628659971	0.844355261433199	0.930647480379314	0.937759138814858	0.918490131381826	0.922140899036303	0.936218820989674	0.930695741518432	0.924998038801654	0.932156358594398	0.936464850474338
GSM1045233	0.919990347613732	0.875625631909828	0.824679565806759	0.898470050263595	0.907673758146835	0.893585231872499	0.900608357629646	0.899224881656683	0.889768945095672	0.915203284601038	0.922650532836365	0.904676577077846	0.901572884586079	0.894277495769563	0.902075409510564	0.889723998171706	0.88879282307871	0.948602568368486	0.936158088141474	0.945751939611735	0.926951489553912	0.916490562435367	0.939873111814548	0.902970749443951	0.955395527144517	0.934079102824428	0.873789051477002	0.9174624035509	0.937514147859177	0.950581583706445	0.90018318481836	0.94953521381654	0.945495546838354	0.914682124182085	0.929599792938007	0.949887960248823	0.929343561912095	0.942744086738552	0.947922403455563	0.945751610485294	0.941689288321449	0.933158578730054	1	0.938477472471248	0.951363363870847	0.952460397257483	0.946679629663294	0.931578246539775	0.948995568893356	0.941856108904043	0.941708493895159	0.929454091527952	0.928539159139935	0.938382171658306	0.936734592970396	0.945678929679576	0.918976295026573	0.900642258478533	0.93809690173245	0.912660113020623	0.939086484926089	0.915355549939731	0.93526595481119	0.938440231919235	0.917373800950388	0.930332172103887	0.928615126321399	0.948443060594059	0.937297810478053	0.939114051032873	0.921012987448981	0.92428962688823	0.946838984857973	0.916956403671747	0.947710195223712	0.899482556858833	0.942528202456941	0.95270043187176	0.942473170336226	0.916491695938457	0.949087494856849	0.940450706641415	0.940075178540701	0.920037837687259	0.936279286986312	0.927767226396234	0.947627002460402	0.944939896483792	0.945341641872702	0.940916267391798	0.939337985517446	0.910819052313016	0.95401894576374	0.938457760091712	0.913578693210625	0.950266724375013	0.928202011960179	0.870502055950067	0.949337486063815	0.941061108037069	0.943107247753196	0.951405123047651	0.914892655897016	0.92090967461717	0.947196156137946	0.926670013240837	0.928414715447312	0.927390059427836	0.946957332931946	0.935357709787628	0.911391619370455	0.856337706374756	0.949900386834596	0.956043386707574	0.927170135987526	0.929409686066447	0.957865481920346	0.949310529740299	0.936946996786969	0.941496298616817	0.950914423354964
GSM1045234	0.91271379833638	0.857545764063982	0.806875184906641	0.878464255733545	0.900555420461154	0.891049879313986	0.896779760347115	0.891872014069921	0.891077377062002	0.903642743824363	0.911977371092343	0.902427296259337	0.886750214249897	0.892055086694066	0.898187691873116	0.879035427188065	0.884819902621113	0.937651671714739	0.918469193954245	0.928940420097613	0.903817749413397	0.921473156084831	0.915664155246333	0.886077109544106	0.945104220268798	0.928146807511613	0.850636664789097	0.923790256352513	0.937677114094316	0.946646281632331	0.8883078495947	0.93538755444597	0.93738714245655	0.897235261678845	0.921725181330904	0.934483192101652	0.93165849744724	0.927649590395442	0.938393752985823	0.947228092146684	0.935120384974571	0.92463603704903	0.938477472471248	1	0.940687623828012	0.930600813418332	0.934942111042109	0.925629430378772	0.938299308932041	0.918951994237467	0.91901873833785	0.923216437211458	0.908537235222509	0.918966033632558	0.93925208222219	0.937626081953803	0.909005031155863	0.911409090277761	0.926534279552729	0.914565070362322	0.924234753809348	0.907490307739426	0.920042654962955	0.927854905772239	0.904528812079958	0.924160576067491	0.913293129296653	0.935503525110389	0.923113585841452	0.925416309184774	0.930522644218207	0.91697241981936	0.935514204214415	0.915418853134676	0.935730490175709	0.886498791797244	0.923227948778499	0.943150935006492	0.926106558368001	0.925219141998258	0.940397632138753	0.93533042954818	0.935522820166839	0.922040771409732	0.936531918811228	0.917178602650574	0.944224730392661	0.929244699236982	0.930935968963687	0.921141256197872	0.93389378030018	0.899212284980197	0.944985377474195	0.929673510452994	0.902840898118314	0.938911690180799	0.925238382517927	0.844624841370191	0.93587697684601	0.935195710806785	0.933427357222149	0.933841175042548	0.908377146789803	0.914744845149127	0.932021931799566	0.934916328733777	0.922709743623233	0.921220954456471	0.933567263421696	0.920639822072977	0.885543884726822	0.835915066457497	0.936549419215882	0.939637821383915	0.911405036227698	0.926523388991054	0.940925289847925	0.93818577205462	0.922713214723939	0.935038776663325	0.942010391663827
GSM1045235	0.921211959431646	0.869577654045572	0.825710803481573	0.890191691571111	0.908027469100728	0.898517316842831	0.90139879508562	0.900745081985811	0.894392261116288	0.918532869580701	0.916915424816386	0.909370703558583	0.897189521072419	0.897198237439802	0.903612884676906	0.888754086737347	0.890670315902361	0.958438085189854	0.938563414184831	0.952017569138914	0.918541601633916	0.92611442715117	0.939284892823582	0.913019768248837	0.960320937718706	0.942993201087109	0.866838462871272	0.919986231990567	0.939404558852624	0.954270303127308	0.895877232389845	0.948632229463521	0.950902484443639	0.923252528980217	0.927265393278865	0.95541636303713	0.943031938014531	0.947671881258782	0.952287778021457	0.956465638272045	0.954099177087891	0.940339587135582	0.951363363870847	0.940687623828012	1	0.957488363723276	0.954344035779386	0.940881962634906	0.955490132293732	0.941169130841928	0.948097472384883	0.92835422969013	0.919546940177601	0.938484213175032	0.937717939919998	0.953836663838345	0.930961527174587	0.907342025945274	0.943418860968151	0.910203610834301	0.945022863452494	0.921968287718857	0.945943348699169	0.948297109460401	0.915571653264267	0.932994003618287	0.936295230599188	0.953656868019534	0.934326907339272	0.950051841120897	0.92931023664776	0.936831875766364	0.94879401394776	0.924728599478427	0.956781075875387	0.912062259105986	0.946036230004066	0.958762063258158	0.947105241831937	0.925144372629376	0.962894092716864	0.955727174723095	0.949515415955533	0.935205623532548	0.941201970357464	0.925667241821227	0.954845203909571	0.946071230837187	0.948933146744201	0.940791796027387	0.949895209501457	0.905803565313349	0.955917189180325	0.944309075643428	0.912345872767167	0.956479656857994	0.929708976411774	0.858346744481628	0.951156755226544	0.944273186071484	0.946276903422831	0.956904463019059	0.913636637337012	0.92337819066851	0.947438703970643	0.932629554811508	0.938945288614337	0.934152332110817	0.948372546844089	0.940474769347928	0.903381326390143	0.844996159658081	0.95303177364383	0.961044718279415	0.934184641565502	0.932237671092913	0.963924848633403	0.953220158371379	0.93757617009727	0.951853491860876	0.954417098206936
GSM1045236	0.943813312097933	0.880559076397265	0.812551474216311	0.90052301638417	0.93270681783445	0.920060980985177	0.922435461607407	0.919345015559709	0.913117449353065	0.937932769048251	0.939433999930608	0.931377133603639	0.918926029867814	0.91804574196089	0.923583460848957	0.910124533358727	0.91202063561734	0.949139387928757	0.937508981712967	0.945272188128522	0.916736139125028	0.917082265570677	0.954141235762187	0.908618530162174	0.964385005122599	0.943966080397559	0.866086357335446	0.916052589466553	0.937309982664845	0.951072447291249	0.893812130465721	0.948313019745588	0.964553758832001	0.922587814165604	0.922941625013942	0.961182893450211	0.927052746644347	0.947855759964132	0.955992437604436	0.950557162730844	0.943429844516547	0.927856346690609	0.952460397257483	0.930600813418332	0.957488363723276	1	0.950989997629843	0.931846403536938	0.959171842398314	0.952027028410807	0.943986222626464	0.925254791834099	0.926196972680416	0.939249766602764	0.937233785826663	0.95359493972894	0.922874777754545	0.897790669594709	0.939085699465215	0.900806968858217	0.955438432767496	0.937173756255415	0.937740292390819	0.937081601349251	0.904709289681123	0.925519333870609	0.921085131480156	0.952870557311315	0.938955422982395	0.945271079838581	0.920307556319959	0.930998861928937	0.943675527743135	0.917682542711409	0.960080852837617	0.906184981713099	0.954317194510584	0.953034711982103	0.953358841515838	0.918838040770432	0.950539301103368	0.94941777700954	0.936122936152102	0.913739052842019	0.937860484713623	0.922164683254305	0.945879598609038	0.953797991352268	0.962330728849963	0.962860888002458	0.936318489204811	0.910778892767725	0.960295316495025	0.934683494232837	0.911419352488956	0.957535272369962	0.937371662522586	0.865328119543405	0.962710592728426	0.950431225806591	0.93615272290929	0.957052044147958	0.915799022887359	0.929087316252029	0.958933900164507	0.925059754921427	0.930210210729579	0.933270731048841	0.944219515923666	0.934039639236168	0.914972479466805	0.845304469873654	0.952589789818109	0.962130887791421	0.923004870983165	0.925740496931612	0.970130234605994	0.957496889260412	0.936047037797675	0.944370423657679	0.958231650143685
GSM1045237	0.923198963124185	0.875087408496087	0.839084780206914	0.893311912636968	0.910724587354607	0.897305823786728	0.903990311822047	0.902080833466726	0.892648358350984	0.916578606447459	0.920159665961353	0.909624518520275	0.898969497074449	0.898477889773013	0.903501311015034	0.890426018959049	0.890344503619482	0.945083094888616	0.928035063410322	0.940233327863743	0.914538584880326	0.925346518957573	0.939641641180862	0.92155132243397	0.955348572059096	0.949994658183353	0.863208297329925	0.922275310813395	0.946615921884681	0.957220632083942	0.898224633419326	0.954219046926236	0.94752893391721	0.925013698513823	0.925872082782532	0.94545025899039	0.937720821558418	0.939614685190595	0.956860161885183	0.952609037995697	0.956758866696144	0.938658183665083	0.946679629663294	0.934942111042109	0.954344035779386	0.950989997629843	1	0.932672189856306	0.961892283418139	0.934526842024286	0.944305278142776	0.933668846424342	0.922438139969321	0.9314409076384	0.938251561924464	0.944243690025859	0.915337995177255	0.907567460139772	0.931006479412677	0.919120887125592	0.933284741075132	0.923620253195336	0.929390069948341	0.933854215388179	0.908285190474415	0.925805769284852	0.915935049665284	0.956163621908066	0.931805036406165	0.936057268378214	0.921467178664182	0.924361067846714	0.947382384251487	0.923747882518135	0.946855257989835	0.921490913901241	0.937182600011826	0.949561167949939	0.954924310941254	0.925456582364952	0.959118789401869	0.939376919872884	0.937458372655252	0.921014077097923	0.941389978844515	0.920123403711483	0.950081148981845	0.943286390811162	0.939959990964357	0.938190155629565	0.944197424964455	0.901879723963658	0.960724944362606	0.931412754106529	0.916580602645956	0.949568706957325	0.923255116324336	0.856842050534281	0.94812783468095	0.944767035302959	0.933088536232447	0.949743814099519	0.914368715629362	0.9158624863959	0.941091356416884	0.926326862185555	0.924878149422657	0.942032654605527	0.934539406987978	0.926313493569632	0.898117063911995	0.848263389606374	0.946399742729689	0.948827353747178	0.9188240637149	0.944672605156178	0.954820141186241	0.940253595972186	0.927109197629508	0.933956352019289	0.94808643793983
GSM1045238	0.908828234803046	0.862300608927638	0.820231118778301	0.883705972536647	0.897931661164801	0.88913409366806	0.89067810284728	0.891217037388783	0.885157354609332	0.907127007131285	0.905408319165921	0.892788176557661	0.891346366436005	0.886058113617687	0.892263346612265	0.882081511595223	0.883417903895688	0.93568344357225	0.927355180710448	0.935169788226897	0.907915157208828	0.905488275473302	0.918139228430045	0.891163529559302	0.932040451584401	0.917445319954008	0.854206915292276	0.912736435290391	0.926277548901223	0.933568840155674	0.884824309792462	0.931898501638138	0.937034857998849	0.911263282229616	0.909692378446582	0.941208295831797	0.926512255593646	0.933278257677136	0.927839505063142	0.937092188865082	0.921882348725936	0.930877164280927	0.931578246539775	0.925629430378772	0.940881962634906	0.931846403536938	0.932672189856306	1	0.933449575804153	0.922700128623743	0.932463759844324	0.915786254516579	0.906231540056244	0.926843484151803	0.919375782154004	0.940603221731482	0.916265796473922	0.893085952876875	0.934263044260632	0.901842967169204	0.923637965247181	0.90334465467085	0.936720276216525	0.940864639471317	0.910766777853357	0.925659129906273	0.931817636299501	0.931976786415029	0.925327361244375	0.94292168231476	0.916107277673555	0.922309680793039	0.93035653594573	0.910522433247876	0.938579209685066	0.888161408067394	0.92556614070826	0.940568003348982	0.917488880236449	0.910506957664115	0.933512353579101	0.938319377381081	0.939728109366536	0.911719441488847	0.918183826728005	0.921261202402016	0.936782973079828	0.932085836290914	0.937648155277727	0.921557157861382	0.925419126544466	0.891538985474714	0.92559874166652	0.935142813342705	0.89725347294306	0.927100190996395	0.912514912392915	0.853148695807535	0.927937892541264	0.918926928939796	0.940405393886505	0.93843515648478	0.906338400171307	0.898651248447455	0.93119093659514	0.913176119883796	0.931202108060638	0.908921641519175	0.935756246214872	0.927011878731781	0.895970016268358	0.839160300029675	0.933481012271083	0.948051805563564	0.934483611497431	0.926696201858851	0.938803908873856	0.931365943709744	0.922083246668821	0.937296614693363	0.941269817294175
GSM1045239	0.936667544851736	0.878548917569361	0.825279523374746	0.892651636385527	0.927129702483083	0.914995732840888	0.920032625042614	0.917442453077766	0.908937030506132	0.931270210536087	0.935193325456872	0.926809432194751	0.911920970260622	0.914491812910656	0.918696577878653	0.906460626923082	0.908832290146994	0.942364381044738	0.936342181607975	0.939210315777077	0.915892648872879	0.934559919632065	0.946558322644366	0.915730399379301	0.959871011286734	0.95326315921227	0.859002709655587	0.927020328584143	0.947316163587208	0.955401999849507	0.898501497595811	0.95154524916162	0.956849615190914	0.931823735771921	0.931285261597695	0.950126326296469	0.942005777216196	0.940617999710696	0.962886165515086	0.952102515856318	0.957888754869014	0.933868337959379	0.948995568893356	0.938299308932041	0.955490132293732	0.959171842398314	0.961892283418139	0.933449575804153	1	0.940305303683375	0.945925685037508	0.932863234623476	0.923329363824708	0.930038657883938	0.939143764298533	0.9514619332211	0.913990923696061	0.911350103167195	0.932050073118418	0.917074588313745	0.938674078422079	0.936024695720674	0.93217586274141	0.935925957682531	0.906547187026713	0.930658516215446	0.916837236781815	0.958615807373254	0.933100212470862	0.938435879018588	0.929422720008183	0.926308951203793	0.943349058344422	0.929460897380792	0.953191493898249	0.914579582188682	0.940588349509622	0.953203030234677	0.95816332724763	0.931839040136739	0.956924230106799	0.942650725951246	0.937236972525648	0.918504967194953	0.942475283889386	0.92452002801926	0.949423385461869	0.952315595471152	0.947659331364369	0.945169282018087	0.939178337266777	0.905197726446756	0.959289806352233	0.934522261167489	0.916251439347273	0.95172667770807	0.929764742449003	0.854750411094703	0.950933243291453	0.944140573594438	0.935131559096871	0.951620187536248	0.920019255053934	0.920360760704996	0.949833534221976	0.932418547815194	0.924993977320063	0.940592370034511	0.934253903565171	0.925533364195304	0.900886134255477	0.84768542269386	0.948104719412612	0.953316199037946	0.919762270422401	0.937748878841344	0.960291609049805	0.941685634787078	0.929184533821232	0.939258886399425	0.952675742651728
GSM1045240	0.922589420488204	0.875238617168662	0.824967725913651	0.8952885304766	0.911688039573315	0.897714806413871	0.903580636374003	0.901341817007501	0.895736240216299	0.913225711175124	0.923999879407192	0.909223382285983	0.907775000142813	0.900132437670352	0.905765150338185	0.892549814280164	0.892200162880707	0.945489980255893	0.927506688442581	0.940528726263427	0.917708495425373	0.897713097266553	0.939120314826734	0.902168364565304	0.947160072723061	0.925308296267569	0.867571850669195	0.898623237689429	0.926968434054622	0.940520925876618	0.889533217235294	0.943882343191911	0.94067757787318	0.899298852108873	0.914368448637252	0.946245552496481	0.914840021442301	0.933030367908579	0.936771506150156	0.939607979861282	0.925623220110958	0.920945994670295	0.941856108904043	0.918951994237467	0.941169130841928	0.952027028410807	0.934526842024286	0.922700128623743	0.940305303683375	1	0.937986574714592	0.913401174910757	0.923342003528314	0.931572906137625	0.925888328760622	0.934282685623474	0.914027187590937	0.878579622245305	0.927835063297933	0.891812264536829	0.94086453536108	0.911558753584377	0.917792494720163	0.923556446914555	0.907943124493797	0.922061528570128	0.9117885125352	0.939392383999189	0.932045077011431	0.931168012258622	0.90751835287539	0.914060153468007	0.929968060112907	0.902075460267924	0.939764851380499	0.89971048443139	0.943652127069859	0.938958367695132	0.938581121048377	0.899359488010203	0.936088546799847	0.929810979844217	0.921157457745103	0.909009883526051	0.921717268671507	0.914902174189647	0.932670380008839	0.940282599881771	0.947519944865552	0.947835772587464	0.926579839853624	0.899622455855262	0.944642974200609	0.924014934274535	0.908533019603728	0.943230954125928	0.92236094345133	0.867286726998519	0.947645205367749	0.934702190176955	0.928912034023322	0.939219718475035	0.906056964779164	0.918927957335482	0.947058518668466	0.912834368620153	0.919250155225244	0.914988527844631	0.935105336232943	0.920554933541816	0.913427574454953	0.846209667880417	0.947065374354295	0.945846356167472	0.9084283914764	0.918041984448724	0.952835473287539	0.944628096391741	0.930747500993825	0.930741090961948	0.943346851614852
GSM1045241	0.916769897152478	0.87614555064289	0.852056892471214	0.896022944269875	0.904021584653639	0.892059701029791	0.896868535564482	0.89858757782588	0.886185151288651	0.908427779757626	0.91380486821058	0.900322197681223	0.900475713150664	0.892377949045	0.898373756695514	0.887134000148276	0.885820938374018	0.94226212734882	0.928683951032532	0.938879452031401	0.915695924193315	0.910567440487455	0.934096556191905	0.920095431856704	0.946107125640245	0.936804238755341	0.864929106967381	0.909010104926469	0.933752156342475	0.941147707492004	0.896324094190687	0.941970133794916	0.93761325644018	0.915640254855679	0.91860795645577	0.943845104862084	0.926812003649907	0.93449038548789	0.940949175549373	0.941507046131582	0.937791140582613	0.92926113541204	0.941708493895159	0.91901873833785	0.948097472384883	0.943986222626464	0.944305278142776	0.932463759844324	0.945925685037508	0.937986574714592	1	0.91677045737934	0.917532410295299	0.93618242381739	0.924590552922478	0.935466004459943	0.915432768841221	0.892366646857696	0.929336741805675	0.901367992135211	0.932009879945062	0.912574593564578	0.927336962340475	0.930978078727822	0.913162211787165	0.921669307024292	0.925098732237663	0.94511764883853	0.927752739925759	0.936621855347969	0.914713051925017	0.915763737382242	0.932799921285672	0.910526478211144	0.938902472359117	0.917611425510608	0.938878594461522	0.946656453722202	0.942729882511094	0.911104369057453	0.944257799719188	0.931721685566065	0.932141335843327	0.916048754525491	0.928178599758106	0.920777486702458	0.937990867937815	0.944352051360541	0.942059605827608	0.934913929170283	0.939676484560635	0.900629316652003	0.94266442829363	0.934451330727218	0.914119461947622	0.937091972140264	0.915362090268754	0.873322611079922	0.941979287874415	0.933525966850413	0.935533998072892	0.943301514520082	0.908049249545706	0.911624384472756	0.939575735216298	0.917037320484337	0.924486963071756	0.926093883383225	0.933952637688048	0.924666650032671	0.908505839236064	0.849816643290688	0.951438165142559	0.949237701628607	0.921194444648667	0.929864950507303	0.949743289107051	0.938483238786612	0.930564024027012	0.934904097285738	0.937865762028806
GSM1045242	0.894397755882263	0.857365645779623	0.811759384639288	0.880418248575323	0.880470778677679	0.868854699141996	0.87319849005932	0.872589051223191	0.863953869962715	0.899852864968094	0.895715836749583	0.874230755264663	0.881329849451996	0.865159477993356	0.875550243493214	0.868946292982826	0.86523928720107	0.927737582015027	0.925752019592757	0.92829019968412	0.909923241858915	0.908838706631251	0.922946621462272	0.883349464359172	0.922339927300061	0.914492035708219	0.873312811479346	0.91574912081595	0.925933623800618	0.93299662186287	0.896801091664667	0.932602012856245	0.920363987611899	0.909721681404951	0.916590957104964	0.926094997749872	0.933929903356262	0.931031451665449	0.931873398233244	0.921203053607713	0.927741531523801	0.918417938997166	0.929454091527952	0.923216437211458	0.92835422969013	0.925254791834099	0.933668846424342	0.915786254516579	0.932863234623476	0.913401174910757	0.91677045737934	1	0.91548962922161	0.923484520646046	0.921050949921424	0.930163567464707	0.89484500141547	0.895226417373227	0.914032105705766	0.921062927740514	0.913832893052231	0.889369665060792	0.914005538788325	0.923030313194655	0.899473386697272	0.9102994710725	0.909220903961448	0.924218093707723	0.923332039251945	0.921308972397286	0.912888031375261	0.909281206528733	0.932643842727506	0.911575283633982	0.925888609083335	0.879960341874675	0.916649102418125	0.925261388712529	0.923692619241226	0.9120697355794	0.929297175271599	0.920578846177326	0.919249656935032	0.916169795580525	0.923685651930624	0.910105723164024	0.932436098152243	0.925232663599062	0.921927709044303	0.910371672513422	0.919924004389278	0.903812479256614	0.933183710695836	0.924439428692576	0.896073925954918	0.930277682327492	0.90896376342877	0.853151892410768	0.917819185491609	0.910102779802399	0.919311988759418	0.929352954699577	0.912972271101602	0.904411009414267	0.920327502140223	0.910313943924521	0.91030751640627	0.909799554744359	0.927104276664819	0.926632099226185	0.892550736794774	0.862958767944147	0.923714568838515	0.930959522797986	0.918586140878279	0.912452837280748	0.928248812543476	0.920958343335869	0.916651138393329	0.919318488313615	0.931069918348087
GSM1045243	0.904534506466534	0.865265578206958	0.816512888621165	0.897233339825288	0.888379944375217	0.872582166074098	0.881265786600114	0.879187329607607	0.869013760740239	0.903118697400532	0.907511503744375	0.880563009126588	0.892425489397661	0.872482633793554	0.881956361272954	0.875101502412191	0.870140869727569	0.926342042346234	0.91657068536306	0.927360164857175	0.911127703027518	0.887620658165046	0.928717674030831	0.878619169051513	0.9175670482982	0.904702452416103	0.875633606392573	0.895120383488852	0.915648840483715	0.925201850317323	0.890196948406396	0.931490131807932	0.923635396574922	0.892969614386899	0.908996044908039	0.926025120719838	0.903473209577054	0.924055097037455	0.923926126806582	0.913840479644299	0.913670797796815	0.909918595604052	0.928539159139935	0.908537235222509	0.919546940177601	0.926196972680416	0.922438139969321	0.906231540056244	0.923329363824708	0.923342003528314	0.917532410295299	0.91548962922161	1	0.922150180549865	0.915744265840748	0.92570586726607	0.889783191814259	0.871684672629447	0.912330767419922	0.903089498950793	0.9177208435417	0.883779282622145	0.906350082431554	0.909063964808376	0.900519356718911	0.910827651522925	0.901090480017563	0.919368288720407	0.922954596803589	0.916712857471606	0.894278406285594	0.901928005112561	0.922078123846336	0.893698425330373	0.927647832408421	0.874364738176306	0.926735650655243	0.913762938114768	0.919287076671428	0.890320213022303	0.915300430696864	0.91001930164699	0.906537559311266	0.904155394691546	0.910342602230501	0.904423981936065	0.917259453801821	0.925403201918574	0.926012062426532	0.921826647422417	0.909865814821337	0.896862429628788	0.928960229035498	0.913459510718358	0.895164192467018	0.926777222984306	0.908406188753171	0.8622522575664	0.92627788526008	0.911805228460397	0.912603819835853	0.930058787545742	0.901454004502357	0.901709388781213	0.930153699403083	0.897476656562369	0.902984213234923	0.898765653460199	0.926972236799836	0.919206194278478	0.907391043578512	0.86362015815298	0.922845669128194	0.92573596068761	0.906760382756037	0.904839529105124	0.932090549235177	0.923003873996479	0.918986569867601	0.912073344878056	0.926163770890534
GSM1045244	0.900649268966037	0.87266601482472	0.835644790929828	0.895574340402681	0.885109890875371	0.870864516770643	0.87669332944823	0.878067421933347	0.866090098574599	0.895453876996459	0.899103681623216	0.877292143991245	0.88858288998423	0.871594672665947	0.87999016345544	0.87032784731862	0.866163973394606	0.942493422888255	0.930616120650738	0.942340806984855	0.925543902025251	0.900506719648604	0.932404419485362	0.896189613928846	0.936082416074587	0.9181896264461	0.884543811049235	0.901995688976523	0.92264280231285	0.932288903316756	0.904223074263515	0.937626887041441	0.928811930971859	0.910662111721355	0.918863946246967	0.942988576804461	0.923555957473618	0.941225919781353	0.93119049995708	0.932693080332849	0.927919133166239	0.924966756812024	0.938382171658306	0.918966033632558	0.938484213175032	0.939249766602764	0.9314409076384	0.926843484151803	0.930038657883938	0.931572906137625	0.93618242381739	0.923484520646046	0.922150180549865	1	0.922963034491266	0.937912102782883	0.911586655088533	0.887264921566976	0.930149974916283	0.909087945893185	0.932150362390677	0.896466874793562	0.924969983377839	0.93198214023503	0.910150827588389	0.914140517756601	0.920748720484127	0.930224534727289	0.934588543587403	0.93163139973858	0.905610915985721	0.917443146985657	0.935801122942205	0.908835686540006	0.936209565106763	0.891991288199265	0.937551466539911	0.934305713242974	0.92867568319449	0.902988728292413	0.932613432919518	0.930329458909092	0.925378703286231	0.92260819663724	0.922486452073611	0.919550171412498	0.936316530137222	0.93708582424388	0.938507689845229	0.92504274090398	0.932734317773224	0.905553068646876	0.936844065840244	0.935940707378178	0.907363951546855	0.942792337026497	0.912249019586452	0.882476994245284	0.931937522842063	0.927842745009302	0.925540675967517	0.941184284113144	0.909794991360895	0.906644591195569	0.934358941817572	0.908030577745629	0.925580358926487	0.912288785110721	0.941529516726992	0.935532719806974	0.918793171956996	0.86995454841496	0.942789322717918	0.94547930493332	0.924792098784428	0.916793333563868	0.941425705374944	0.94062098442483	0.936757490749075	0.928799136357908	0.938756049600494
GSM1045245	0.923968991723717	0.864918677298247	0.818619353985373	0.890507924219844	0.90359369474186	0.89188008239857	0.896753258631003	0.894199830705848	0.8899385481428	0.914132974270427	0.91115307675866	0.902890920212178	0.894469216883557	0.896010247029872	0.900285244758339	0.87950953216885	0.884872493016956	0.933408050931421	0.915452039110049	0.926093911150075	0.907024016609414	0.903930943281115	0.918254946497742	0.892775941718377	0.940830427918649	0.921236324695764	0.86010096962386	0.90464651909993	0.927122088681436	0.943835896864309	0.886448818024095	0.937850245370167	0.937695426358001	0.889293472604762	0.916111703139206	0.94082363806947	0.919459836096778	0.930563488069935	0.939709885843294	0.93814883845632	0.932141436963475	0.924501938884271	0.936734592970396	0.93925208222219	0.937717939919998	0.937233785826663	0.938251561924464	0.919375782154004	0.939143764298533	0.925888328760622	0.924590552922478	0.921050949921424	0.915744265840748	0.922963034491266	1	0.938022136928305	0.908482001012448	0.893962777703506	0.926860221213628	0.906429356270177	0.929325871049917	0.907408350060569	0.912326768427845	0.921135286926411	0.90973207078413	0.925660163173636	0.907804526920975	0.929478265851628	0.921442904178531	0.923515451013303	0.914385980060592	0.910604659138559	0.932953346737462	0.906829902815039	0.935220042488328	0.893819403704475	0.932155910648281	0.93874650365818	0.931112634458001	0.907115602423359	0.936098923548118	0.927660947598746	0.92846661513134	0.916274746912246	0.929754429998578	0.916904125805543	0.938191013096592	0.93144844460462	0.934818166589001	0.92928885823934	0.929942126126924	0.895388980670106	0.944220026422671	0.925102154937779	0.8998572519554	0.94167949726286	0.919278734840868	0.856842001357285	0.940098299025032	0.941684294263012	0.927263219653362	0.935361167058809	0.903222661811384	0.913012436971801	0.936666757300934	0.91894966807065	0.920129183759575	0.919157904465251	0.930800376319548	0.917342807336597	0.89843838328952	0.845284197885062	0.93629970542619	0.937643593351742	0.904390152935916	0.927831154865881	0.943398488587919	0.940658604843033	0.926515489472757	0.927766177194376	0.93829805144662
GSM1045246	0.924703278887776	0.870397385734129	0.814340239559336	0.89767475325512	0.91035953123815	0.89772937918055	0.902131914163758	0.901340489237144	0.89335769256797	0.924947253783035	0.921093804790964	0.905569882164203	0.9015488807551	0.896481573629893	0.904315930698859	0.891919567910452	0.891748243491655	0.944476160458857	0.942497302524053	0.943443301305473	0.919243221441414	0.920833286504054	0.937524982111418	0.895529372281413	0.949447456745374	0.931061248298258	0.869248086424986	0.921610410399446	0.935860246065011	0.945074606675245	0.89818824406761	0.943012431673996	0.951399654819741	0.927390659246421	0.924163839286537	0.956034915208864	0.9358542902896	0.952320227921793	0.948440055431784	0.945303531312934	0.938321057567986	0.935482523539321	0.945678929679576	0.937626081953803	0.953836663838345	0.95359493972894	0.944243690025859	0.940603221731482	0.9514619332211	0.934282685623474	0.935466004459943	0.930163567464707	0.92570586726607	0.937912102782883	0.938022136928305	1	0.921439126213466	0.906902041098475	0.942438497231526	0.91554095151588	0.94133773113056	0.91789699755745	0.942616494313627	0.942764365149569	0.913226497940795	0.93218279897136	0.92759891150497	0.944430504089081	0.93815072623517	0.947040153618383	0.92424096183268	0.935559951620009	0.947583048367248	0.920849326614279	0.953069593471472	0.89279805866817	0.944223975804368	0.948172202013073	0.936498158604194	0.921929704668855	0.945338286546752	0.952467524236395	0.942565235770231	0.921994666700342	0.93358277183111	0.927925756384804	0.950344318373951	0.946001186277431	0.951334570305464	0.935678446709724	0.937240795054615	0.904118335124188	0.945075974824828	0.94308983103057	0.904851748691345	0.952538496150081	0.925310693678417	0.862982774986324	0.942270932861325	0.934735582522471	0.937748160168165	0.953203906374443	0.917378563123149	0.913193397013704	0.947311843698159	0.923033826653402	0.933707890104636	0.923835067250103	0.946859810493306	0.942224375260296	0.909388656108553	0.856656825162024	0.941574161065472	0.955798226084896	0.935667696753268	0.923885908839249	0.956437357172901	0.94903840218492	0.939324100555614	0.944198370940947	0.956587496155295
GSM1045247	0.896724287787028	0.83999147041848	0.801372852784591	0.86609628794261	0.885194472532699	0.878707025707128	0.880888893410073	0.882135499176816	0.8795159522447	0.889360592998172	0.889095931953364	0.887985163800918	0.872783039768348	0.878386712475237	0.884315733549835	0.868119663766052	0.870517204501965	0.930678505061953	0.909698529630595	0.918695710888455	0.883788367433643	0.889403597334266	0.900512124369261	0.881517028477372	0.92559721980137	0.906033844853668	0.834765991667076	0.895158908060201	0.911019819091211	0.927535005244063	0.863473191324111	0.916684737746859	0.921139140017933	0.880967502979492	0.894143870874628	0.933060862590103	0.906820025942196	0.927344312053653	0.908659372163314	0.933954658369053	0.914048335918238	0.913289400226834	0.918976295026573	0.909005031155863	0.930961527174587	0.922874777754545	0.915337995177255	0.916265796473922	0.913990923696061	0.914027187590937	0.915432768841221	0.89484500141547	0.889783191814259	0.911586655088533	0.908482001012448	0.921439126213466	1	0.876450012616168	0.964100782697861	0.879396718721311	0.928856998031407	0.886841115530783	0.924162604990275	0.929200698293245	0.893345232403356	0.910636985681947	0.922281227526301	0.920812978911643	0.913255422054039	0.935550204429493	0.900557166530761	0.945576185031171	0.912543476931299	0.887292038629717	0.928404271020108	0.882179151883061	0.926606896182436	0.934024583805127	0.909493574681624	0.896202991156093	0.926374612570489	0.941646685591279	0.928382519428711	0.903193667632209	0.90995488346741	0.898784525804224	0.924838183951879	0.911810922160507	0.92386219370369	0.912812193459623	0.927345791751736	0.880235614015531	0.923621670841985	0.926229594830741	0.882421234752328	0.924553821233661	0.905792860127726	0.83092171500136	0.925548008869428	0.91965356563836	0.929139090253159	0.925397142613295	0.884461182857817	0.901070700790648	0.918901733861514	0.903866291138177	0.949536434508228	0.898595405846417	0.926009986492774	0.916648476128389	0.876549486028195	0.809671317994081	0.925763592401919	0.931311046849453	0.909714568651234	0.898165872599242	0.928535819135224	0.935908166140678	0.918324784687029	0.936287125871721	0.930396263025513
GSM1045248	0.874741607352943	0.848228976671702	0.796357277339474	0.847316831736931	0.869697319829716	0.861275049002981	0.86765817223235	0.864082783205477	0.857084183027993	0.876376606538183	0.876590007582166	0.868121085018124	0.855697737793072	0.858617718527913	0.866113586107016	0.856871066149673	0.857474243728021	0.892636776302919	0.895486939528743	0.88772606181564	0.876580559930291	0.931221170635676	0.896596436552089	0.874431694906814	0.912357201945936	0.91875778757756	0.824942022466608	0.909411877982494	0.911031244328606	0.903730189950326	0.882652049773554	0.898081371522994	0.89598984147264	0.895567331814182	0.912523763144311	0.895925999617765	0.917158072275051	0.895354817638962	0.921982948760768	0.905210416102244	0.912015773958612	0.895343992473835	0.900642258478533	0.911409090277761	0.907342025945274	0.897790669594709	0.907567460139772	0.893085952876875	0.911350103167195	0.878579622245305	0.892366646857696	0.895226417373227	0.871684672629447	0.887264921566976	0.893962777703506	0.906902041098475	0.876450012616168	1	0.892932724778143	0.898691044111942	0.881127164329941	0.899721953401729	0.90164685570904	0.89910340385107	0.860077700988007	0.877548412705187	0.882013322163419	0.904373469489182	0.896859305336401	0.902073160128842	0.907834031127271	0.891141109773742	0.902862645603372	0.916954386140856	0.898617621673769	0.872578874377771	0.883246651947501	0.91078975576155	0.907059882818753	0.921799057995627	0.908590466426236	0.906802547854064	0.904000485566379	0.882358833705499	0.917224592945661	0.88427157424212	0.910894357894291	0.897495755695388	0.888326475084959	0.875193067241837	0.897861259190661	0.881262846013803	0.90669751856614	0.896878802004969	0.877803040980736	0.898461431960059	0.89463235657782	0.810719300046297	0.891158750458425	0.894595948614278	0.894775320229461	0.899191974826083	0.893896907016971	0.876465961032771	0.884644784575596	0.911051881771625	0.893148836961127	0.91701275950837	0.89892379313978	0.890961758770881	0.84750915213331	0.818654244625506	0.89575779192772	0.903815390909929	0.890208302287016	0.889343734451462	0.89853865849135	0.888245784750698	0.886535226073572	0.900923159219363	0.905764072876777
GSM1045249	0.913470860031206	0.856564291649423	0.811858972381013	0.887094211593424	0.900208576179857	0.8875623737193	0.891327074792095	0.890928449365011	0.886289983679707	0.903888742176114	0.906678329938558	0.895326461451373	0.889571843551318	0.888017988621631	0.89328167667419	0.880069545270586	0.881297488556181	0.941241917920924	0.929087962052092	0.93650793105908	0.906948864516489	0.902949274907686	0.921108525479251	0.89024443822655	0.938608514845243	0.918185522812796	0.857764976741133	0.909816234881137	0.926319335375813	0.939346297779823	0.882335541776418	0.934807248319143	0.93866508402963	0.900633029937995	0.91204841889674	0.950658604525137	0.919595522417903	0.943246412258742	0.928111171748952	0.942350987749205	0.924748534090228	0.927755611316647	0.93809690173245	0.926534279552729	0.943418860968151	0.939085699465215	0.931006479412677	0.934263044260632	0.932050073118418	0.927835063297933	0.929336741805675	0.914032105705766	0.912330767419922	0.930149974916283	0.926860221213628	0.942438497231526	0.964100782697861	0.892932724778143	1	0.899371197709162	0.937728608997002	0.901057097906139	0.939659922748819	0.942132305507265	0.908481958744919	0.926376366043713	0.933802099545455	0.934475634378912	0.93261433262466	0.947710392610307	0.912947820172674	0.946951315974837	0.933908261378787	0.904721990596586	0.942151246691059	0.888777652261642	0.936386622081773	0.943836149023771	0.921680487111569	0.9065970328946	0.935491693760483	0.946442885878833	0.938880418244257	0.914591138509843	0.923357868063431	0.919176561022737	0.936140762442205	0.930493367652689	0.941765396539268	0.926790233166185	0.935428059802956	0.897212905549481	0.934778655912081	0.937363084056028	0.898666010090923	0.937569132322366	0.919094323147688	0.853935491527103	0.93692524635507	0.929685479047454	0.940038089620175	0.942622588044148	0.904905341770736	0.909982704162121	0.93501552824446	0.913999187818703	0.95246172959437	0.911187250758455	0.943806286532803	0.932740970483014	0.900181578239803	0.836401459759203	0.9358636577545	0.947682494479026	0.928715938352172	0.915430512872319	0.94508880882007	0.947425093697052	0.931608194243301	0.944028027290334	0.94791561479068
GSM1045250	0.876372139877076	0.850915050866857	0.816810315880328	0.875995099903758	0.862982686183174	0.850209888817556	0.858295216778102	0.856549944381959	0.846400145677512	0.87812937920757	0.879522340896495	0.857006874966262	0.865800584705509	0.848380209710487	0.860633666369035	0.852999121716815	0.84683244493684	0.911810151220986	0.907287326936993	0.913172863798608	0.896603601780148	0.90561434304693	0.908410378620866	0.871708978603045	0.903810088467767	0.90827045550615	0.868525329036809	0.913641012343283	0.921514629401081	0.917071095307363	0.901738300960904	0.91948262764281	0.901090758621957	0.895978506366946	0.915670791074973	0.906734115843589	0.918929813173278	0.910425158981474	0.92472549782693	0.907867130748954	0.916642447117494	0.903945399973363	0.912660113020623	0.914565070362322	0.910203610834301	0.900806968858217	0.919120887125592	0.901842967169204	0.917074588313745	0.891812264536829	0.901367992135211	0.921062927740514	0.903089498950793	0.909087945893185	0.906429356270177	0.91554095151588	0.879396718721311	0.898691044111942	0.899371197709162	1	0.891732358473468	0.874565965981648	0.902495833041347	0.908755364086611	0.884526683236654	0.891681475431653	0.897271686011634	0.906797198924965	0.912247242881666	0.906865300355727	0.908146414219683	0.894943822689508	0.921807586713594	0.912627949502518	0.911834214233511	0.866078858635107	0.900689580775708	0.905821893137837	0.908180949567964	0.913013963668922	0.912109963207594	0.904888805630432	0.909897969258489	0.904962594367435	0.919504611589034	0.898361666747151	0.915933159786697	0.90803243762651	0.9008001248575	0.888639559651631	0.905507471899146	0.899403640908215	0.918998539539263	0.910007029203934	0.895025095498634	0.910098759278459	0.899384267651276	0.843831104890823	0.902627955782838	0.895523521074782	0.904836074470951	0.914506294054722	0.903138517665403	0.889408419358183	0.901246996813798	0.902558690353248	0.898709381617009	0.901331297265216	0.913364960239167	0.915438848714065	0.879710758641922	0.863303133185274	0.909195823884077	0.908688737224729	0.905989580508242	0.902318191909198	0.909268411738307	0.901855042862317	0.902068786379409	0.904418032778769	0.913214013486783
GSM1045251	0.927423378664026	0.862543017450176	0.808130224899625	0.891226512976155	0.91493362805276	0.903736990809735	0.907285513986905	0.904465792073643	0.902520889268088	0.916129230871554	0.920935204364984	0.913596233435078	0.904853844506783	0.904579209235312	0.911303079495608	0.89201821508999	0.895472319370881	0.947170733555233	0.927049587766325	0.937825626529723	0.905937783603411	0.897624530962129	0.927644607548638	0.892288045900546	0.943449310334957	0.919543354234554	0.860810466688291	0.90142165173225	0.923142932752803	0.942894100133715	0.881084645100828	0.936793971892271	0.949539847963521	0.89752305769554	0.911453346507039	0.95713324954344	0.915246665237257	0.94712825890081	0.93295185485669	0.944563823028802	0.928750165381125	0.924589811764036	0.939086484926089	0.924234753809348	0.945022863452494	0.955438432767496	0.933284741075132	0.923637965247181	0.938674078422079	0.94086453536108	0.932009879945062	0.913832893052231	0.9177208435417	0.932150362390677	0.929325871049917	0.94133773113056	0.928856998031407	0.881127164329941	0.937728608997002	0.891732358473468	1	0.907388080242245	0.927877452976307	0.93301442557388	0.907548945319047	0.926135672736079	0.920734552783465	0.938172549598493	0.92907414606231	0.938466932387237	0.908854604532593	0.928153591628285	0.931803485615632	0.901334863474222	0.955769601053227	0.890956194570376	0.953044271196371	0.943681847474545	0.932342112331799	0.903895202873348	0.938285298506581	0.947141465761409	0.935291397204021	0.914784456780828	0.923007570714259	0.913808904430158	0.939116168772892	0.937753183022395	0.952350357665508	0.944908958524223	0.934124394795391	0.899456244826613	0.944385714718362	0.935720386482155	0.898594808966749	0.951019895067773	0.92176305599092	0.855765836943058	0.948937211678777	0.937823824213906	0.934704725460823	0.947776591502737	0.900797009634354	0.919818283208423	0.947821181475664	0.912846647630428	0.932071623974106	0.911997726585056	0.941789042624962	0.930560792372111	0.908437618109819	0.835677878309941	0.944315307476145	0.948688378739397	0.915389169720757	0.91377992802097	0.954972126252126	0.956472782393295	0.936148216122889	0.940640401022058	0.948967994590696
GSM1045252	0.925356233071428	0.903292864266461	0.812419176491315	0.861341410213174	0.927319310806929	0.92427151960715	0.919402932640557	0.923395532162915	0.914115315633701	0.914289641415258	0.917808609230446	0.929109534218645	0.905517738373819	0.922534006368265	0.92086375558147	0.915283586991725	0.916839495207089	0.903952775746106	0.909450651777396	0.89926109233295	0.886090349847907	0.916827183359387	0.91858723429507	0.907651069434065	0.944892378458528	0.932975895969733	0.827778569144075	0.893807296814598	0.91143948996082	0.915790028197739	0.874007832154553	0.915760950116103	0.930309013649428	0.907980516422756	0.901697219879714	0.923412869798187	0.909230558460929	0.908721423594073	0.937106138462109	0.920000339117008	0.923613424887017	0.903467832657585	0.915355549939731	0.907490307739426	0.921968287718857	0.937173756255415	0.923620253195336	0.90334465467085	0.936024695720674	0.911558753584377	0.912574593564578	0.889369665060792	0.883779282622145	0.896466874793562	0.907408350060569	0.91789699755745	0.886841115530783	0.899721953401729	0.901057097906139	0.874565965981648	0.907388080242245	1	0.90153937096935	0.90529605872385	0.870975738129768	0.897110777085391	0.883063810370671	0.929148029785595	0.898270304208088	0.911062236466797	0.902043850492618	0.895614396930758	0.907368335768368	0.913766419133475	0.918535125636297	0.907519156589384	0.903509235079477	0.928944152259991	0.938171013515335	0.909097751942354	0.92588688526305	0.915494001039881	0.906886921103938	0.878382297055043	0.910096649905575	0.892187719495663	0.916824851582468	0.928425064146324	0.914367752407674	0.912029718856429	0.907445163653258	0.870762115609833	0.9258625338331	0.896298480402259	0.889198031349439	0.918753819984615	0.899151302889861	0.826257342119171	0.914962605500251	0.937764313860795	0.902308093132117	0.911921046453014	0.888960086103333	0.881563033642664	0.916471864350952	0.901996145435837	0.896306273950187	0.931108675767096	0.899999098744861	0.883922903036869	0.871667197538941	0.817443092792483	0.913891865463356	0.921263114116599	0.88760916613065	0.904232660074747	0.925481265228498	0.903859082575795	0.898566006292402	0.912746776703112	0.924161315957762
GSM1045253	0.90284329027256	0.852402881282304	0.801856748274433	0.87923734926265	0.890634979175733	0.883052012363058	0.886219445024423	0.88490648107383	0.878241732927656	0.908778980033627	0.899631775897011	0.889115205052378	0.882320961701663	0.877207402196458	0.887097883446164	0.876726648599494	0.877404770559913	0.934561164891359	0.933576115448666	0.932895877661424	0.901575579316245	0.920548841766565	0.922832008079052	0.88681840660067	0.933627037190103	0.919660297465764	0.853914097304289	0.913308861929332	0.922648207457789	0.929018471356411	0.883732379315775	0.924888369692329	0.936452833308632	0.927479459618885	0.909254017318373	0.941170186514601	0.927335116756696	0.936169056169459	0.930607693132149	0.935652170629545	0.933350486161128	0.924758934485031	0.93526595481119	0.920042654962955	0.945943348699169	0.937740292390819	0.929390069948341	0.936720276216525	0.93217586274141	0.917792494720163	0.927336962340475	0.914005538788325	0.906350082431554	0.924969983377839	0.912326768427845	0.942616494313627	0.924162604990275	0.90164685570904	0.939659922748819	0.902495833041347	0.927877452976307	0.90153937096935	1	0.946819012683682	0.89780006325259	0.914209748489451	0.931617003431638	0.934068209304843	0.928164144144417	0.953686742229841	0.909184462718095	0.938683561585183	0.930634471650214	0.91402543687874	0.94509744871951	0.882689781068373	0.929306738887483	0.943783803782742	0.91916931486483	0.918278366051036	0.934443138299114	0.952044091593604	0.939817589113643	0.906014900835504	0.920325013500039	0.914929593608156	0.938071730401754	0.924157447232627	0.933360736941747	0.917899561481375	0.928842236241581	0.893361851634815	0.92914124969135	0.933523740819382	0.892966624834434	0.930278232258365	0.911552818306968	0.84027867725222	0.926423613932486	0.913599011760533	0.938943928080645	0.942952076948437	0.902229262404116	0.899645019356931	0.925002412785081	0.910829514697818	0.935803134831752	0.912767623197129	0.94065133139258	0.934938640648394	0.890380801192568	0.835759094064209	0.927830179637138	0.946391423115385	0.940234858736015	0.908896897027201	0.937295945509658	0.935392904815826	0.920087558594936	0.94660317560762	0.941135006005061
GSM1045254	0.906438428080886	0.861179011772133	0.812101381068144	0.882072941929802	0.89531533945253	0.888467963363019	0.889090433192802	0.889086543192558	0.883432924206312	0.907435400554917	0.902004463722693	0.891870417289175	0.88825654993594	0.883774134369891	0.891884625073344	0.883074032413682	0.882677571139377	0.944752686546548	0.939944937359819	0.942674397609709	0.91194826038777	0.914262548504695	0.922801834151104	0.890813472140168	0.937134937945593	0.919739772732672	0.867720681540233	0.915314375076522	0.925837046905404	0.935244207565673	0.890601442979481	0.931820369981781	0.935527182282879	0.91650130373898	0.914665537087912	0.94758233582557	0.936743005855186	0.945132223463772	0.933789150133004	0.940359559582177	0.931979002126746	0.932356115389713	0.938440231919235	0.927854905772239	0.948297109460401	0.937081601349251	0.933854215388179	0.940864639471317	0.935925957682531	0.923556446914555	0.930978078727822	0.923030313194655	0.909063964808376	0.93198214023503	0.921135286926411	0.942764365149569	0.929200698293245	0.89910340385107	0.942132305507265	0.908755364086611	0.93301442557388	0.90529605872385	0.946819012683682	1	0.908115535774402	0.922571531978926	0.941217482142099	0.934125645329201	0.9323612037167	0.948259209286709	0.919222904697761	0.940284143727768	0.937704434972432	0.915227382498318	0.950354055925887	0.887750023883401	0.932093105596811	0.946981652088657	0.922323221284847	0.918078232715077	0.939085986276667	0.952835479581767	0.946420829168939	0.918153782909881	0.925044201524651	0.920948276946275	0.943322042274661	0.93179963596643	0.935019846721013	0.922424163865737	0.936015486352553	0.898676465373342	0.934044456929818	0.945985691991782	0.898952736193749	0.936521438416485	0.916901976360484	0.850161239694215	0.928596735750192	0.921774225510024	0.946359487306985	0.942264768137055	0.909455355213588	0.905957360719178	0.931373194817741	0.916368947046782	0.937884374487646	0.911749619366157	0.947186273299743	0.940590254851493	0.898264882380383	0.846228261215951	0.935494633642412	0.948285483185599	0.945114592957049	0.915181399386412	0.941411539869614	0.93877753696783	0.928748239306321	0.949126706031328	0.947099185614053
GSM1045255	0.884346063920709	0.855321650453165	0.827794186181543	0.880689715170039	0.868186768905146	0.856282465496034	0.866306402971443	0.865706765115221	0.858105299496671	0.878929981090805	0.887134368756972	0.866170440589094	0.87427914885507	0.858511142159445	0.865514170225864	0.855550769074624	0.85413208003955	0.919718370750631	0.900157975036022	0.915129775525127	0.901206929258479	0.876416973108653	0.89272772057922	0.867286396638255	0.909040323547046	0.890172634814916	0.85060129053766	0.880203253004797	0.900487171898395	0.915251834237799	0.877560186578447	0.913623980358517	0.905174478277325	0.870554005661911	0.891861027792519	0.919605014876376	0.893868046795408	0.913169534098183	0.901746440815439	0.912160175133583	0.899483561242585	0.908683021582375	0.917373800950388	0.904528812079958	0.915571653264267	0.904709289681123	0.908285190474415	0.910766777853357	0.906547187026713	0.907943124493797	0.913162211787165	0.899473386697272	0.900519356718911	0.910150827588389	0.90973207078413	0.913226497940795	0.893345232403356	0.860077700988007	0.908481958744919	0.884526683236654	0.907548945319047	0.870975738129768	0.89780006325259	0.908115535774402	1	0.932574384184539	0.897715724634016	0.905795767267287	0.903110931582478	0.903389226052411	0.888423537598151	0.89429480152585	0.909209450041465	0.881918591975815	0.91124626382754	0.867836538074212	0.91205246028047	0.917563955411405	0.898086115819533	0.877632640796724	0.909426970673726	0.908758282701579	0.915083796014869	0.897969455609989	0.897645572581387	0.900945405896312	0.915303228521972	0.91162352587822	0.911778218125461	0.90700426885976	0.910014535534205	0.872565054886442	0.909608485139012	0.912377457636352	0.888581564657752	0.915819094176095	0.886928176232403	0.869614830655949	0.911447251941593	0.908654875877422	0.911872643205844	0.915724159733974	0.88353481614196	0.881405554002028	0.919223856578924	0.89124734004681	0.90279066206392	0.885901083317664	0.913866991766449	0.908658574841645	0.894376980641773	0.836649839043225	0.918689904061533	0.914523105777564	0.897821617828345	0.910974460836293	0.918378900420283	0.917966399860361	0.919605154162654	0.909298816362403	0.914951415904681
GSM1045256	0.915029527195948	0.860630314353077	0.815428847541235	0.884761285753957	0.900499513672585	0.89018010822276	0.896988759910508	0.896773951240804	0.889690131185212	0.90531466010577	0.912040615977643	0.900317397364432	0.894889412246713	0.892688227698667	0.89819463945109	0.882250587062961	0.884864559976941	0.931953553789827	0.917030983484845	0.92517835154265	0.901589006945169	0.895672067882033	0.909503761719591	0.879033525604921	0.929604554418995	0.912518217526064	0.847632648806522	0.897701484444258	0.919723548077661	0.9346459721885	0.876074969989073	0.930744560140274	0.935415678162907	0.883628390759722	0.902865205865655	0.936132084270699	0.910061695557205	0.931001332513152	0.923221925152471	0.934538167122149	0.91731670548299	0.926830499779628	0.930332172103887	0.924160576067491	0.932994003618287	0.925519333870609	0.925805769284852	0.925659129906273	0.930658516215446	0.922061528570128	0.921669307024292	0.9102994710725	0.910827651522925	0.914140517756601	0.925660163173636	0.93218279897136	0.910636985681947	0.877548412705187	0.926376366043713	0.891681475431653	0.926135672736079	0.897110777085391	0.914209748489451	0.922571531978926	0.932574384184539	1	0.907840888100515	0.928462495047668	0.917303130092805	0.921825191146936	0.908854241103335	0.91384986484194	0.925611380476016	0.896721135487717	0.93459262649172	0.880201828429944	0.926339210161352	0.937310981598304	0.916764416427533	0.897725898303361	0.928359394001372	0.926982080044801	0.933228927276467	0.905741280261668	0.914877669610263	0.910671962970354	0.93389318704474	0.927649276660764	0.931366283057307	0.924693186271252	0.925930408913827	0.879204782368709	0.928511600745807	0.926565784465173	0.89713548914102	0.933240000449431	0.904224308238768	0.850286103424097	0.930325404284063	0.927075600225624	0.928562931862794	0.932500430262231	0.895511637974233	0.897556819608169	0.935595580694363	0.908581139854486	0.91657243810713	0.905974453033697	0.92683772015279	0.918818810251802	0.897298874649413	0.829715180663287	0.929322261897449	0.931988346275226	0.907304991225801	0.923146503145127	0.937962158413428	0.934900988847138	0.923930202155164	0.928107417285345	0.936198594737561
GSM1045257	0.891057535040718	0.844780921232519	0.805928216709226	0.873822384060868	0.8789434410286	0.87039216222526	0.870460461488903	0.87145984834766	0.867470921328356	0.889066550436326	0.885794301401431	0.872226865265687	0.875432427887716	0.866725064619742	0.876331716953134	0.865272476189387	0.863891288361318	0.931310564885835	0.926523131607591	0.929354172576057	0.900259391395721	0.889956532785402	0.909086590480454	0.879736369570369	0.920851319369132	0.899853902478722	0.859624164531709	0.902170631591878	0.913920589959376	0.920133591480987	0.87913869015452	0.918271601358603	0.919999499047487	0.896758628849306	0.905928337534842	0.929754923223853	0.917891632250442	0.931796178563611	0.913567144354698	0.920700112470809	0.912142317297561	0.915894953115102	0.928615126321399	0.913293129296653	0.936295230599188	0.921085131480156	0.915935049665284	0.931817636299501	0.916837236781815	0.9117885125352	0.925098732237663	0.909220903961448	0.901090480017563	0.920748720484127	0.907804526920975	0.92759891150497	0.922281227526301	0.882013322163419	0.933802099545455	0.897271686011634	0.920734552783465	0.883063810370671	0.931617003431638	0.941217482142099	0.897715724634016	0.907840888100515	1	0.920411460488407	0.918982161180775	0.938272952506052	0.907510181929902	0.929032923545663	0.924390415607684	0.898540154271709	0.932685664249633	0.87566885954946	0.924900644273145	0.929673137351634	0.902693256899374	0.899245601693349	0.919864592792477	0.931374319907582	0.93186350499503	0.913875638518043	0.910491816001315	0.913251699148754	0.926185890669457	0.918133203655292	0.927393170566539	0.909286326621546	0.925060380323193	0.895445960343164	0.919795361065054	0.941272439567133	0.886588345567644	0.921101784704144	0.908851208011615	0.846809408845779	0.917282194474207	0.90860692299679	0.937831555079452	0.932975564034173	0.896203867590497	0.900461838718462	0.918114521059933	0.900643944421675	0.93160353308889	0.891001853115919	0.933641577749817	0.932563966142866	0.887063509493964	0.84178479459517	0.92532031681086	0.941548550095203	0.937227504175227	0.898493697473434	0.930976499588787	0.930922797892495	0.915701935541965	0.937004788074807	0.931342045757074
GSM1045258	0.926565470013881	0.876284533651654	0.82776590743684	0.886913796189715	0.91511067702679	0.90514332579068	0.910671440593482	0.90974091985402	0.90069130337053	0.9205904926061	0.925680985871067	0.916971356886856	0.902497996907695	0.90514277659686	0.910340304444149	0.896241760825902	0.89801123947446	0.943089058596772	0.932498353613241	0.937624680338273	0.909936497590907	0.930213056519803	0.940338936179517	0.916747431831529	0.960601480002681	0.951741017602915	0.855358505615051	0.92101822025066	0.943015728983426	0.953837665639437	0.897222483809155	0.951049031301531	0.950794118658468	0.926258375676586	0.924622380838664	0.94613733919999	0.935862319424027	0.940246209176903	0.956973302343653	0.951478100134971	0.956092964280106	0.933205359868554	0.948443060594059	0.935503525110389	0.953656868019534	0.952870557311315	0.956163621908066	0.931976786415029	0.958615807373254	0.939392383999189	0.94511764883853	0.924218093707723	0.919368288720407	0.930224534727289	0.929478265851628	0.944430504089081	0.920812978911643	0.904373469489182	0.934475634378912	0.906797198924965	0.938172549598493	0.929148029785595	0.934068209304843	0.934125645329201	0.905795767267287	0.928462495047668	0.920411460488407	1	0.932731029842807	0.937999946109307	0.922772722368917	0.928464281689311	0.943937796612747	0.925678415742834	0.949816855044825	0.916111644337752	0.935988858559689	0.954920471025387	0.955826499326948	0.929043421400472	0.959594267374826	0.94281744624257	0.940295933312451	0.919660948240033	0.937187114619622	0.918951750990065	0.949785661046371	0.944580418689433	0.940484431088884	0.938307086423769	0.940958983952388	0.89958604789896	0.957893004942474	0.929032731243739	0.915699746439301	0.949115012926055	0.920321978884695	0.849040577705051	0.946696027680561	0.943866575358456	0.937170364475279	0.947697456935927	0.912594383653215	0.911502637099268	0.942784119229579	0.92799084304975	0.929013787922309	0.942462325957524	0.934118922853737	0.924775033121483	0.897688941352786	0.840484179852244	0.949692294333783	0.951213474466957	0.921137837561757	0.934853823936919	0.955823661747829	0.94057210042315	0.92800831798801	0.935865628258698	0.951780888134558
GSM1045259	0.909805353635667	0.867986530214881	0.821432798422461	0.896657734267975	0.895741655755882	0.881601251056329	0.888649275161229	0.885857310262896	0.877483129022579	0.906558187549203	0.911926534863464	0.889014336642956	0.894704561328866	0.879362165064056	0.891322980060383	0.880319387323055	0.876410006020237	0.938475260658976	0.931683941139438	0.938425103785256	0.918396441199118	0.910611839767128	0.938717662477609	0.893092438204532	0.935471580338404	0.922644571147881	0.875448183001191	0.917285443266038	0.934570357490361	0.933971454670721	0.905003971020958	0.940994207941073	0.936336113958624	0.911072525407996	0.92329935248971	0.939478355238004	0.925801118687233	0.939353808515576	0.938778293785797	0.934739954617768	0.924415560069316	0.924108329663984	0.937297810478053	0.923113585841452	0.934326907339272	0.938955422982395	0.931805036406165	0.925327361244375	0.933100212470862	0.932045077011431	0.927752739925759	0.923332039251945	0.922954596803589	0.934588543587403	0.921442904178531	0.93815072623517	0.913255422054039	0.896859305336401	0.93261433262466	0.912247242881666	0.92907414606231	0.898270304208088	0.928164144144417	0.9323612037167	0.903110931582478	0.917303130092805	0.918982161180775	0.932731029842807	1	0.937281873951766	0.916690984122905	0.924537022949148	0.933553429662363	0.916697942840257	0.937295939626268	0.887236396208802	0.933689950463008	0.932341988181296	0.926995549239793	0.915557072306127	0.930530876701519	0.931167590523428	0.925655621417656	0.915048401353764	0.926309524437297	0.913919941946419	0.934077290769598	0.93297958184497	0.937951482651818	0.928069447478565	0.927858409284506	0.919365437413162	0.936602558627625	0.931695065030805	0.910778655050039	0.936634967655694	0.923182901429719	0.861216759063217	0.934906653136584	0.92063912561035	0.93087601964669	0.939601369713377	0.938116785911313	0.916171240058228	0.933563700696019	0.919740185046879	0.928523116766317	0.915054153971408	0.94408742478063	0.933845537571388	0.909675309586628	0.862226951818791	0.937336638146387	0.940608371454682	0.924477513365319	0.913775224277024	0.940645073900767	0.937928725887521	0.926043613946388	0.932558176305455	0.940042181971788
GSM1045260	0.917589332532426	0.864240510669461	0.809280751702851	0.888590393723785	0.904563845320727	0.895013668673387	0.897274444635825	0.896011032147917	0.889820342398357	0.917514125756853	0.910699967736563	0.899037333577554	0.89579416311331	0.891247699457425	0.901791026175887	0.889139154570129	0.889393170806564	0.943470447828705	0.941229390767356	0.941713088193621	0.911458883441391	0.91406473552201	0.930564253541807	0.895467450410726	0.939942689706876	0.923046661505683	0.866121553025934	0.918990243728818	0.930970834295742	0.93826166474717	0.890500958559819	0.936918613971944	0.944437272910425	0.920760510163607	0.916447332478657	0.950708742605048	0.930350839686534	0.94630591906681	0.935886679079997	0.942753603899301	0.933545813904861	0.931259691596974	0.939114051032873	0.925416309184774	0.950051841120897	0.945271079838581	0.936057268378214	0.94292168231476	0.938435879018588	0.931168012258622	0.936621855347969	0.921308972397286	0.916712857471606	0.93163139973858	0.923515451013303	0.947040153618383	0.935550204429493	0.902073160128842	0.947710392610307	0.906865300355727	0.938466932387237	0.911062236466797	0.953686742229841	0.948259209286709	0.903389226052411	0.921825191146936	0.938272952506052	0.937999946109307	0.937281873951766	1	0.920293272870777	0.944223288587163	0.936674301608237	0.915084948548595	0.950064220897927	0.89083938129634	0.938229663808	0.949734297940495	0.927578918521156	0.920716229299378	0.940331241394125	0.954391081554135	0.945016441528529	0.917416174741253	0.926528354838712	0.922708930412278	0.941007224499251	0.934859228964681	0.943398076571623	0.928319761286501	0.934951860594527	0.901850820084851	0.936852461834344	0.94403285098073	0.897996159018492	0.93890713653755	0.921308009544969	0.850370664467001	0.936237171976552	0.926930370691956	0.946708988074677	0.949639660930091	0.912229349632263	0.91158969911099	0.935833054488179	0.915991031337698	0.952788942236317	0.916273256153729	0.946021144818672	0.939689261018038	0.900960857626167	0.844899280483679	0.937202248484198	0.951752733722343	0.944163734255091	0.913867288657869	0.9476412831211	0.945499603856591	0.928935619400367	0.951530988208539	0.949678525128867
GSM1045261	0.902368832514114	0.852377971186634	0.813151272041616	0.868723287729314	0.895054543119756	0.88781635263827	0.889712303950694	0.884680533468957	0.884443027604756	0.894396482243615	0.903583815320066	0.89610672252207	0.882977263534778	0.885378282449397	0.892360047967796	0.875309021283049	0.879021659965326	0.924089132209554	0.910335062161897	0.917213552800075	0.892230249921848	0.924993418542013	0.916471388601052	0.893567851011119	0.929911312210719	0.931191522932574	0.837627844535158	0.934841787207468	0.940474613980357	0.934890092913679	0.892435976220001	0.927256311993802	0.923379452359193	0.89003077846378	0.928845540000959	0.918932928415349	0.927159894731264	0.915551889551173	0.933167899395026	0.932402582190655	0.919833998180182	0.915638494278061	0.921012987448981	0.930522644218207	0.92931023664776	0.920307556319959	0.921467178664182	0.916107277673555	0.929422720008183	0.90751835287539	0.914713051925017	0.912888031375261	0.894278406285594	0.905610915985721	0.914385980060592	0.92424096183268	0.900557166530761	0.907834031127271	0.912947820172674	0.908146414219683	0.908854604532593	0.902043850492618	0.909184462718095	0.919222904697761	0.888423537598151	0.908854241103335	0.907510181929902	0.922772722368917	0.916690984122905	0.920293272870777	1	0.909498427094251	0.921346925378665	0.925881100268252	0.924538551528965	0.892116050443115	0.913195500876336	0.928111047877943	0.918745239684936	0.9341460842434	0.928794037266673	0.922975661588919	0.923547314789321	0.91880027441897	0.934448274219374	0.900512011754519	0.931192047865179	0.918310894608095	0.919683835885942	0.912593555186403	0.921895798275392	0.907405330944393	0.930693362660425	0.924339654143891	0.901176033312118	0.921649091758083	0.928526003206525	0.829889889893572	0.928647812514008	0.917797072707642	0.92145711617145	0.923187429972487	0.916585105365858	0.923023700123295	0.918546104001465	0.945467692720876	0.915480298852009	0.914838549349774	0.914186254488679	0.916068960217068	0.871065282720413	0.828542680809029	0.929867938866589	0.926773042142935	0.904347164652592	0.910837470519355	0.930417178330582	0.921979721885269	0.908170303261804	0.923550202526812	0.92442846756015
GSM1045262	0.903459221420978	0.847830329775551	0.798466015906519	0.877739527495454	0.891807838624995	0.884002934934992	0.887171343198102	0.884640718839598	0.882235088432634	0.904297710172665	0.900175209508472	0.890918142784807	0.881415948209961	0.87906479462117	0.890083754994001	0.877144556497963	0.877233275151963	0.933794487204137	0.928603515065113	0.929144612948922	0.893613248038099	0.907294433971403	0.91487680075026	0.882255745280183	0.928455952119221	0.909934645302097	0.849662697552694	0.910566148413839	0.920141272100929	0.927589425884704	0.874028250271808	0.921811900885287	0.934391470127692	0.909513193219258	0.903829270496028	0.936816156124165	0.920433082937808	0.938752744342106	0.921542975968497	0.938400892664087	0.924206558425307	0.919997141349397	0.92428962688823	0.91697241981936	0.936831875766364	0.930998861928937	0.924361067846714	0.922309680793039	0.926308951203793	0.914060153468007	0.915763737382242	0.909281206528733	0.901928005112561	0.917443146985657	0.910604659138559	0.935559951620009	0.945576185031171	0.891141109773742	0.946951315974837	0.894943822689508	0.928153591628285	0.895614396930758	0.938683561585183	0.940284143727768	0.89429480152585	0.91384986484194	0.929032923545663	0.928464281689311	0.924537022949148	0.944223288587163	0.909498427094251	1	0.924413439194947	0.903667010178518	0.941687062166367	0.879116970715393	0.928134751910519	0.935170186597012	0.913080832636236	0.911702542147947	0.92906640015615	0.95101074919374	0.931542345537936	0.903637692819138	0.916268833457314	0.905257443402077	0.932137606411161	0.92017356324158	0.929497595340915	0.916152070341699	0.925903508790646	0.8892827727891	0.926465175425047	0.930310325194875	0.888210430039686	0.92975104134249	0.911500157594844	0.835820583016571	0.926108254930169	0.915054697085456	0.93137051053639	0.937698658758655	0.895400253432873	0.899099131073651	0.925288347505681	0.906898062707114	0.94677180696455	0.903338457633857	0.934639766821203	0.931254710185751	0.885059731950805	0.828172806896026	0.924230928457194	0.93555637888464	0.927681953485131	0.901523325376166	0.935829676890897	0.941670119954554	0.921234650674618	0.945097675571025	0.94389863858218
GSM1045263	0.909044522216791	0.866322820138806	0.81797639450479	0.888576747686237	0.895228988835727	0.880677659136254	0.885356242178247	0.886206662125612	0.875491743100513	0.905012058477148	0.907197443485933	0.889449665695686	0.88798539816171	0.881152391935997	0.889139002828564	0.876041818571334	0.874840430561147	0.947768034391896	0.931923455722323	0.946024244365249	0.921713393407579	0.91601257297238	0.930462057888227	0.897254711782208	0.943678532386217	0.930402257872629	0.885689336491176	0.919216930161466	0.93722607607495	0.949359152518612	0.901535212075912	0.948653727204169	0.939197031946663	0.917883857236889	0.926242916736927	0.946429151890968	0.935315239102951	0.943692206586293	0.946713733767606	0.941814341152859	0.943870067698521	0.933412960638545	0.946838984857973	0.935514204214415	0.94879401394776	0.943675527743135	0.947382384251487	0.93035653594573	0.943349058344422	0.929968060112907	0.932799921285672	0.932643842727506	0.922078123846336	0.935801122942205	0.932953346737462	0.947583048367248	0.912543476931299	0.902862645603372	0.933908261378787	0.921807586713594	0.931803485615632	0.907368335768368	0.930634471650214	0.937704434972432	0.909209450041465	0.925611380476016	0.924390415607684	0.943937796612747	0.933553429662363	0.936674301608237	0.921346925378665	0.924413439194947	1	0.922131747869515	0.945023959941228	0.893799597708876	0.932845804128097	0.94370911973293	0.938229924863288	0.918475419453714	0.948150693071563	0.936202873739072	0.937769825330425	0.928944958437219	0.938463044098235	0.923513648101265	0.949414015488266	0.939640584709344	0.940720409937271	0.927752741988458	0.939693243923296	0.908163951509294	0.952154238468994	0.937797549036696	0.906745749072788	0.949182733374223	0.917644202276168	0.862028861277401	0.93723173870001	0.932805016295079	0.934042978632174	0.946436630029644	0.914251171839364	0.913510570317061	0.936888369692176	0.921579192960513	0.927881651629394	0.926363897597317	0.944323515724503	0.939532885335148	0.903926733022871	0.862389753269708	0.938742002536572	0.945515079604803	0.926697195201302	0.925689761330335	0.950254561371993	0.943152187655793	0.930394640511889	0.936579776134154	0.954186109119364
GSM1045264	0.890520877164176	0.866511109135384	0.819084740283041	0.864967679321732	0.883891740835668	0.874659001259106	0.87817942292243	0.878588618607089	0.867884982558932	0.890355158439372	0.893174424982708	0.88339570015475	0.872777029488303	0.871463879079042	0.878893963071952	0.871554970966559	0.869684973785377	0.913222391295628	0.912958740077023	0.911238015994919	0.89706382489264	0.941675175007639	0.924933907638825	0.896770250629428	0.930180050374098	0.940063035775151	0.852740853639103	0.92833342181709	0.932071418107972	0.919917801741557	0.912222885624538	0.921418729592404	0.913838600162236	0.917470813171494	0.930297077861281	0.915005768758783	0.929546132992089	0.912272499884557	0.942218818810922	0.921442429090028	0.932096374994716	0.911597144920205	0.916956403671747	0.915418853134676	0.924728599478427	0.917682542711409	0.923747882518135	0.910522433247876	0.929460897380792	0.902075460267924	0.910526478211144	0.911575283633982	0.893698425330373	0.908835686540006	0.906829902815039	0.920849326614279	0.887292038629717	0.916954386140856	0.904721990596586	0.912627949502518	0.901334863474222	0.913766419133475	0.91402543687874	0.915227382498318	0.881918591975815	0.896721135487717	0.898540154271709	0.925678415742834	0.916697942840257	0.915084948548595	0.925881100268252	0.903667010178518	0.922131747869515	1	0.917864641554064	0.89257525069074	0.901429901877183	0.921476955986879	0.929154508695074	0.944304682978883	0.92455377527671	0.919125475092031	0.914327320941111	0.906888064688449	0.932498930338608	0.895867162490912	0.923380373553567	0.916807115615066	0.906946720380554	0.899929447527465	0.916530878250222	0.905447385682843	0.926966614490508	0.911480093257347	0.904098780592312	0.920675624243501	0.909414992832034	0.829511100985523	0.912601881094591	0.913231977710493	0.90844635261014	0.913710726712904	0.920718532726268	0.90146690731167	0.90628265065966	0.926244373740542	0.909159142151525	0.930752157763304	0.912992644572502	0.90900184030943	0.872156532995817	0.842536553135435	0.917067993726526	0.918923306309153	0.903722466926739	0.908999607782104	0.918625426802435	0.906469391256534	0.901875125557187	0.911606648084331	0.920306608123765
GSM1045265	0.937433085124384	0.868619181531893	0.81052209970989	0.895946954738666	0.924015287534052	0.915260293592485	0.918356770199549	0.915392122366255	0.910935679641069	0.932755124975273	0.930858703371777	0.922814943803405	0.91415748244653	0.912782322094241	0.921213968391141	0.906361646699955	0.908328990446825	0.954086076892175	0.940341118615508	0.948821071299568	0.912900830693055	0.918224521941301	0.939390194125258	0.898755666667254	0.950437011475649	0.932552902019415	0.866641681155848	0.920444137789353	0.937157947162033	0.949062054121061	0.892578176039914	0.945215500907011	0.962601266630066	0.919041482093704	0.922244090271151	0.959189414803606	0.931521867702918	0.954399770038156	0.947027144455243	0.951915289735627	0.94180663707985	0.934992569158979	0.947710195223712	0.935730490175709	0.956781075875387	0.960080852837617	0.946855257989835	0.938579209685066	0.953191493898249	0.939764851380499	0.938902472359117	0.925888609083335	0.927647832408421	0.936209565106763	0.935220042488328	0.953069593471472	0.928404271020108	0.898617621673769	0.942151246691059	0.911834214233511	0.955769601053227	0.918535125636297	0.94509744871951	0.950354055925887	0.91124626382754	0.93459262649172	0.932685664249633	0.949816855044825	0.937295939626268	0.950064220897927	0.924538551528965	0.941687062166367	0.945023959941228	0.917864641554064	1	0.896091491598584	0.954630072063839	0.95213785513146	0.938548481902959	0.923566711746039	0.949724377385045	0.956328018968781	0.951022783148459	0.921095963358384	0.935063852718709	0.924574472417102	0.951303885745961	0.946816262404565	0.955611602166903	0.946163313414989	0.941929041060977	0.903888545855896	0.950787995895634	0.944280753567999	0.907373544419331	0.955733020609448	0.931432484492477	0.855389295865104	0.951636516301947	0.939420537294599	0.947166714378983	0.958401576172252	0.9111088450413	0.923109192465325	0.954865310771282	0.925380719441336	0.934888400974288	0.922050686062913	0.947539356605028	0.945279913292286	0.910594059225186	0.843721557699451	0.948458148471032	0.956628503614422	0.935682103676056	0.925320396320492	0.963621672728571	0.955231541365315	0.938284505079243	0.950834382612124	0.958842463497613
GSM1045266	0.886755307422551	0.859361780101141	0.86637221591842	0.853308623806004	0.882816142269183	0.876267464098048	0.875841858448431	0.879586046682212	0.869297377982828	0.872159958373452	0.882167900361851	0.884070431678223	0.872602712890422	0.877525101986122	0.877419246246345	0.867866653812036	0.868420501881731	0.899752583133408	0.879104637174123	0.891916258787535	0.868941826090778	0.891154260670052	0.901569477955301	0.972771489729824	0.919939503787288	0.929579596298992	0.821312492001862	0.878960774789302	0.908319522180329	0.911718955108735	0.864955587994141	0.911851348830008	0.898203263941205	0.887660519640512	0.891808722287935	0.903315182283664	0.892183826997032	0.891360506728694	0.913171079679642	0.913379237413605	0.918868053015901	0.896765502427251	0.899482556858833	0.886498791797244	0.912062259105986	0.906184981713099	0.921490913901241	0.888161408067394	0.914579582188682	0.89971048443139	0.917611425510608	0.879960341874675	0.874364738176306	0.891991288199265	0.893819403704475	0.89279805866817	0.882179151883061	0.872578874377771	0.888777652261642	0.866078858635107	0.890956194570376	0.907519156589384	0.882689781068373	0.887750023883401	0.867836538074212	0.880201828429944	0.87566885954946	0.916111644337752	0.887236396208802	0.89083938129634	0.892116050443115	0.879116970715393	0.893799597708876	0.89257525069074	0.896091491598584	1	0.895654132602894	0.908854047321617	0.931209514844511	0.889104296001844	0.915753443836685	0.893235121732218	0.890929215641995	0.886462227054588	0.907642899954422	0.875195477420344	0.903926526813133	0.905507936599995	0.897057382913152	0.897760519805272	0.910780935966509	0.86938961131299	0.918337003189665	0.890723610089484	0.886603825369388	0.90296441690827	0.886340943706824	0.821103847417999	0.907924728541654	0.91209584249673	0.890202086998639	0.899106036445191	0.881371860151023	0.885363591474255	0.895763134070804	0.897815953588851	0.890231775115427	0.923453157962264	0.888799098500419	0.878789338324246	0.860960743049504	0.809334502274419	0.911069780068363	0.904385832733909	0.872554264094001	0.900414044727149	0.907225074459983	0.895703686403139	0.885049770247642	0.890968203750038	0.89432360365767
GSM1045267	0.930039857885255	0.868250507105405	0.823381783366379	0.901381614261046	0.915762152169406	0.901818231876471	0.907939948260848	0.90430478120529	0.902232709979982	0.916419354764565	0.924486704127062	0.913283140424613	0.911707670835679	0.904202105947245	0.911417585572336	0.892561130862463	0.894898351447923	0.951551894514825	0.927894139756294	0.945033592338547	0.914206801095745	0.898109544827874	0.934972860376109	0.896286809680803	0.944213422492074	0.922044365997129	0.870578253581496	0.903510333638375	0.927687626636525	0.948526427392447	0.890290438358728	0.943428250307778	0.95058600534358	0.898875544253186	0.917218188223976	0.954174815560245	0.916935971561965	0.946645803411219	0.934091579031542	0.94358065892443	0.92978884850416	0.926039980779252	0.942528202456941	0.923227948778499	0.946036230004066	0.954317194510584	0.937182600011826	0.92556614070826	0.940588349509622	0.943652127069859	0.938878594461522	0.916649102418125	0.926735650655243	0.937551466539911	0.932155910648281	0.944223975804368	0.926606896182436	0.883246651947501	0.936386622081773	0.900689580775708	0.953044271196371	0.903509235079477	0.929306738887483	0.932093105596811	0.91205246028047	0.926339210161352	0.924900644273145	0.935988858559689	0.933689950463008	0.938229663808	0.913195500876336	0.928134751910519	0.932845804128097	0.901429901877183	0.954630072063839	0.895654132602894	1	0.940036690050248	0.934365967849013	0.904982296000271	0.937843702129184	0.945117648405544	0.930659664698745	0.919750826496268	0.927549200607086	0.915986947367436	0.937403143531048	0.941641546485178	0.956736107656063	0.948908346904576	0.93725549641581	0.908960364902303	0.944831976396643	0.939581550110741	0.906008576023967	0.954358664856743	0.927427188828931	0.872730062655712	0.955686349483347	0.940229541711864	0.934686279158159	0.951008941439269	0.905618255442096	0.926866939805321	0.955814059899895	0.916442463281916	0.929337321120524	0.913550472621757	0.943394133730958	0.937836760545354	0.918795432589483	0.848259913582451	0.949499294868757	0.951239820220834	0.915708804187317	0.919203032039987	0.959820650298193	0.960802639912536	0.940442530513882	0.941425120631062	0.946197719718507
GSM1045268	0.924939600995154	0.873959482354523	0.821186703450318	0.886731664691889	0.913718421462897	0.906350535940985	0.91199188248496	0.91033253268537	0.90494641988117	0.91910665238825	0.92092487604303	0.918165468480877	0.899358474417962	0.907678037786898	0.912461944199391	0.894975479657062	0.899720752767967	0.948861912435382	0.936293880682057	0.938728880425843	0.914149513732637	0.931226343026539	0.928191971990531	0.907320216476475	0.965174899232047	0.944642253205199	0.854474310634353	0.920788314924318	0.939227555542598	0.95573640332341	0.893457624594597	0.945071322469176	0.949168201766855	0.91707579909335	0.925020219914948	0.95194716987625	0.937111670399139	0.943208515815411	0.950663141776062	0.958814864127573	0.952269940736441	0.940192604488148	0.95270043187176	0.943150935006492	0.958762063258158	0.953034711982103	0.949561167949939	0.940568003348982	0.953203030234677	0.938958367695132	0.946656453722202	0.925261388712529	0.913762938114768	0.934305713242974	0.93874650365818	0.948172202013073	0.934024583805127	0.91078975576155	0.943836149023771	0.905821893137837	0.943681847474545	0.928944152259991	0.943783803782742	0.946981652088657	0.917563955411405	0.937310981598304	0.929673137351634	0.954920471025387	0.932341988181296	0.949734297940495	0.928111047877943	0.935170186597012	0.94370911973293	0.921476955986879	0.95213785513146	0.908854047321617	0.940036690050248	1	0.947725076103703	0.932638057556438	0.959556182964514	0.957340843207081	0.953252438613287	0.921913240832922	0.941247533755197	0.929399579841122	0.95857973219216	0.943945394977982	0.944551733559959	0.938148318017786	0.952742897844273	0.900160048923399	0.957522300617524	0.947192699898518	0.913149393790895	0.953338021429866	0.925364548741116	0.852977512564338	0.949527119852554	0.951894616421214	0.949846332677621	0.950460165554604	0.909762274708706	0.918694952781252	0.943137045679132	0.932584935499604	0.937662979253621	0.936757340031372	0.94463503132919	0.931197907038702	0.897313591434188	0.833849151476971	0.954650223307281	0.958596449237117	0.927248584206601	0.932609266959822	0.957285282563162	0.951660073261307	0.937712942815658	0.954668243794663	0.95599691957017
GSM1045269	0.923798124499699	0.888212019427633	0.839729013956092	0.887773894194949	0.914446464459815	0.903394510329142	0.908563680386846	0.909492198536302	0.897410447661194	0.917136384464988	0.923432909614221	0.918593470759492	0.904625280831827	0.904461335144448	0.909297192353747	0.896298251102823	0.896369122184697	0.935333692753245	0.923842916436941	0.928574424091347	0.909926134696516	0.932679888052786	0.944538089959616	0.931978551969632	0.961122576033473	0.956768006054794	0.860059235350586	0.91389215055673	0.939505644629409	0.949464219024846	0.901725343026439	0.94836905759568	0.940056688263832	0.924859457214305	0.929530229130578	0.93989258350001	0.932766433978795	0.932600078769475	0.963251831850356	0.945819784006588	0.960115381162347	0.927448251830847	0.942473170336226	0.926106558368001	0.947105241831937	0.953358841515838	0.954924310941254	0.917488880236449	0.95816332724763	0.938581121048377	0.942729882511094	0.923692619241226	0.919287076671428	0.92867568319449	0.931112634458001	0.936498158604194	0.909493574681624	0.907059882818753	0.921680487111569	0.908180949567964	0.932342112331799	0.938171013515335	0.91916931486483	0.922323221284847	0.898086115819533	0.916764416427533	0.902693256899374	0.955826499326948	0.926995549239793	0.927578918521156	0.918745239684936	0.913080832636236	0.938229924863288	0.929154508695074	0.938548481902959	0.931209514844511	0.934365967849013	0.947725076103703	1	0.926851790967911	0.952802948417998	0.933377087814469	0.9249586249238	0.916200126578546	0.942403710588861	0.910885098714672	0.943124230680029	0.944889119936145	0.935665269145025	0.937213698741842	0.940158040130284	0.902417695440475	0.960971034569965	0.922380729850559	0.91750643220634	0.946772980495623	0.921104913640465	0.851100781918264	0.945956623851509	0.950703516171817	0.921943005776625	0.939741847130855	0.9148756058206	0.916597916057346	0.936930230210631	0.92757150842033	0.917605728848292	0.954985070482309	0.930516997266588	0.916090064912239	0.896492638149842	0.84597774014196	0.946318611241241	0.942432090923896	0.903841943868305	0.931682413064535	0.950209997219082	0.933810380749605	0.927043579257859	0.927287887779897	0.941444721754061
GSM1045270	0.895030534225325	0.853079547567103	0.804598358387203	0.86292646836903	0.889290692580824	0.884015344157788	0.888448069588928	0.885056811965507	0.879606274984383	0.897425534157014	0.898206904710299	0.895263983980159	0.874511151707118	0.880584365254286	0.889313521357301	0.875616253830778	0.877512798844409	0.915683156334672	0.911097520937617	0.907870730424358	0.886272490447527	0.948407537574108	0.918976276234154	0.890871996671249	0.932095281148419	0.941686135841846	0.831733519455673	0.94230179499274	0.941291254543403	0.929382986419869	0.904967013480685	0.920442378223878	0.92024290654871	0.911431948653479	0.924075606451293	0.911495947782919	0.930043959861966	0.912632464774042	0.940023193479159	0.928774595151432	0.93428875003662	0.912720611490618	0.916491695938457	0.925219141998258	0.925144372629376	0.918838040770432	0.925456582364952	0.910506957664115	0.931839040136739	0.899359488010203	0.911104369057453	0.9120697355794	0.890320213022303	0.902988728292413	0.907115602423359	0.921929704668855	0.896202991156093	0.921799057995627	0.9065970328946	0.913013963668922	0.903895202873348	0.909097751942354	0.918278366051036	0.918078232715077	0.877632640796724	0.897725898303361	0.899245601693349	0.929043421400472	0.915557072306127	0.920716229299378	0.9341460842434	0.911702542147947	0.918475419453714	0.944304682978883	0.923566711746039	0.889104296001844	0.904982296000271	0.932638057556438	0.926851790967911	1	0.930488251195048	0.93092898690318	0.921388332063453	0.902494163117939	0.936674222621766	0.896336185452786	0.933174044334209	0.91424181028094	0.907500008123711	0.902194898075863	0.918471060603952	0.90516999860892	0.93138746496914	0.914348579011972	0.902407259671404	0.916998004442144	0.917050315122276	0.818433993344109	0.919969735746202	0.914336226254027	0.915131792523846	0.91895332733322	0.915319208124078	0.908772114999313	0.906484104822078	0.93540761400123	0.909796139460847	0.928083674876792	0.913365810308223	0.907835940494674	0.860573071647327	0.82675497560635	0.92079024881834	0.921237381295641	0.90410097220452	0.905126768098561	0.922851510435068	0.909025381753197	0.903673822326228	0.920734678350632	0.92335480663591
GSM1045271	0.916112783063457	0.871226805225678	0.825384426255035	0.883024252074644	0.905209569530942	0.895206480580286	0.900784708847512	0.901299313407488	0.893381956275171	0.910179088836953	0.915078233545109	0.908594305048938	0.890343172180113	0.896876410631821	0.90124214489946	0.884521483311473	0.888560185073301	0.951354565206389	0.928372089422421	0.941377453157983	0.912688568249467	0.932122535086333	0.930544701951625	0.915077038321381	0.963365549586272	0.952621283119719	0.859737982627194	0.922734327984736	0.944289657405342	0.963339961818344	0.8945783586954	0.952606088216132	0.945609545678036	0.921946294969877	0.924967506759789	0.947954612186215	0.942263334850265	0.94068954890977	0.954565391487422	0.959781538989684	0.960958682118295	0.937096077580308	0.949087494856849	0.940397632138753	0.962894092716864	0.950539301103368	0.959118789401869	0.933512353579101	0.956924230106799	0.936088546799847	0.944257799719188	0.929297175271599	0.915300430696864	0.932613432919518	0.936098923548118	0.945338286546752	0.926374612570489	0.908590466426236	0.935491693760483	0.912109963207594	0.938285298506581	0.92588688526305	0.934443138299114	0.939085986276667	0.909426970673726	0.928359394001372	0.919864592792477	0.959594267374826	0.930530876701519	0.940331241394125	0.928794037266673	0.92906640015615	0.948150693071563	0.92455377527671	0.949724377385045	0.915753443836685	0.937843702129184	0.959556182964514	0.952802948417998	0.930488251195048	1	0.951886711390003	0.946971018752915	0.928652060293296	0.942631888381864	0.920932244333132	0.95671592006539	0.942448220515938	0.937992708637914	0.934300155457826	0.953724329786872	0.899084675699368	0.962665510325093	0.935368747035268	0.912283382632107	0.954473577648759	0.923652992662813	0.850712778954324	0.949490839957991	0.948496388840061	0.941438300631427	0.948365897270529	0.910970673898473	0.917015044571052	0.942977078604196	0.9346822573164	0.933416034032987	0.94537467690968	0.940543285330422	0.929792508297798	0.895477007848326	0.835392484780003	0.952374314586315	0.953224649566825	0.920476449729939	0.936302709908578	0.955940044939338	0.946830043380745	0.933681933789695	0.943392550641853	0.951835102594851
GSM1045272	0.914343907226148	0.860605407668574	0.805490427804013	0.883213141735909	0.903547453870797	0.89743560484635	0.901693776724428	0.899122974475363	0.897186327035277	0.916622074289501	0.910463052762123	0.908809977660692	0.889942495251372	0.894911334718267	0.90274861867415	0.887636884588069	0.890854775396501	0.950584046590488	0.936064625442961	0.941057740564844	0.906172894229006	0.930286980563616	0.924519103561653	0.893050268213358	0.951286185562905	0.929316409806333	0.852692589667177	0.921081371427038	0.931809166700148	0.947108369144667	0.886584184741128	0.934886931486389	0.947096924353217	0.921495240812023	0.916119560966061	0.954663842391966	0.937210631436576	0.949019409394389	0.939695097428315	0.954138714202577	0.944741308521896	0.932638888407809	0.940450706641415	0.93533042954818	0.955727174723095	0.94941777700954	0.939376919872884	0.938319377381081	0.942650725951246	0.929810979844217	0.931721685566065	0.920578846177326	0.91001930164699	0.930329458909092	0.927660947598746	0.952467524236395	0.941646685591279	0.906802547854064	0.946442885878833	0.904888805630432	0.947141465761409	0.915494001039881	0.952044091593604	0.952835479581767	0.908758282701579	0.926982080044801	0.931374319907582	0.94281744624257	0.931167590523428	0.954391081554135	0.922975661588919	0.95101074919374	0.936202873739072	0.919125475092031	0.956328018968781	0.893235121732218	0.945117648405544	0.957340843207081	0.933377087814469	0.93092898690318	0.951886711390003	1	0.949487219090745	0.918616283187466	0.930963194000504	0.920071060998997	0.95291215105858	0.934983169662458	0.942320087146939	0.930279599071963	0.940488679185192	0.896480221781797	0.943477407416669	0.943098395137195	0.900157135990619	0.948232611685272	0.924729895716809	0.848718782918345	0.941451299615504	0.935515194073313	0.94300960760975	0.950525470390066	0.905044456605919	0.914406920380075	0.939612840727992	0.925922489700872	0.94582838538409	0.922798721905265	0.948319400182515	0.940970677073932	0.896150301307655	0.829834265571084	0.940753027027979	0.952336307083438	0.936724944875864	0.918193775175363	0.951384489065358	0.953619950086027	0.937245082865904	0.956801753277736	0.954727474203283
GSM1045273	0.912878292782381	0.860886621886778	0.815353762337336	0.882551547564283	0.901202470141909	0.89405255226529	0.897547367863409	0.89656634222905	0.892618803980293	0.909154233254913	0.90832387887627	0.901566169320388	0.889164093935214	0.89184039521303	0.899569852251735	0.884523976159859	0.887676817726982	0.941266303459001	0.929222160446377	0.935332498602641	0.905313791213417	0.914933043959275	0.91585936275448	0.891401872590045	0.941578388192888	0.928617273501701	0.854346448047	0.91763340589158	0.93037605170491	0.942453594373998	0.886815153903469	0.933080014337541	0.939266045639031	0.907620044571915	0.914463220352058	0.945183666825669	0.930038419418015	0.941380394908033	0.935182944894854	0.945614332979813	0.935005274748333	0.934073416897201	0.940075178540701	0.935522820166839	0.949515415955533	0.936122936152102	0.937458372655252	0.939728109366536	0.937236972525648	0.921157457745103	0.932141335843327	0.919249656935032	0.906537559311266	0.925378703286231	0.92846661513134	0.942565235770231	0.928382519428711	0.904000485566379	0.938880418244257	0.909897969258489	0.935291397204021	0.906886921103938	0.939817589113643	0.946420829168939	0.915083796014869	0.933228927276467	0.93186350499503	0.940295933312451	0.925655621417656	0.945016441528529	0.923547314789321	0.931542345537936	0.937769825330425	0.914327320941111	0.951022783148459	0.890929215641995	0.930659664698745	0.953252438613287	0.9249586249238	0.921388332063453	0.946971018752915	0.949487219090745	1	0.916055238995637	0.930584055339518	0.922952646764497	0.948119854157523	0.932564237496418	0.934635573496072	0.92436443415225	0.943585654313329	0.893949878897051	0.938664998142561	0.943877610106939	0.901457716952318	0.940187575079644	0.915336750960931	0.84689964062701	0.936346445470578	0.932848469342309	0.950176349563009	0.941558473221106	0.902032889753977	0.906289017874612	0.933836581970991	0.923235892530565	0.940591973999539	0.918812961769347	0.938462311376927	0.937191766604779	0.890899162806954	0.832659989669994	0.938533647821623	0.946995700414667	0.935738259716767	0.923932183504628	0.94696231245234	0.941942915689507	0.928957817375949	0.947574947291093	0.946736503425072
GSM1045274	0.882123719075058	0.846758663756769	0.822005619991511	0.869058124963578	0.868309292399358	0.858660390432197	0.86056553079439	0.861359027644829	0.856553069413182	0.878191199502533	0.880191124678687	0.865108009791131	0.867490438481003	0.858647122471222	0.867017763247376	0.852237400692273	0.852069503126328	0.934820756827316	0.908562595267646	0.92832532403042	0.896245100706418	0.895856555065415	0.908721387013411	0.888830558337965	0.920587614940936	0.908406473973385	0.872756924222535	0.901021747020544	0.917156725493069	0.934862867862569	0.889269654991431	0.929544783794812	0.910180581426394	0.885285263068354	0.916354755222585	0.921311962714932	0.927765663150332	0.923170259659219	0.921248579620506	0.922890205181819	0.926892385865145	0.914557807272718	0.920037837687259	0.922040771409732	0.935205623532548	0.913739052842019	0.921014077097923	0.911719441488847	0.918504967194953	0.909009883526051	0.916048754525491	0.916169795580525	0.904155394691546	0.92260819663724	0.916274746912246	0.921994666700342	0.903193667632209	0.882358833705499	0.914591138509843	0.904962594367435	0.914784456780828	0.878382297055043	0.906014900835504	0.918153782909881	0.897969455609989	0.905741280261668	0.913875638518043	0.919660948240033	0.915048401353764	0.917416174741253	0.91880027441897	0.903637692819138	0.928944958437219	0.906888064688449	0.921095963358384	0.886462227054588	0.919750826496268	0.921913240832922	0.916200126578546	0.902494163117939	0.928652060293296	0.918616283187466	0.916055238995637	1	0.920547129023177	0.90185079124797	0.928702829736879	0.913257851032255	0.916553711707304	0.903144594088145	0.93104760174167	0.900448067831501	0.933543234369616	0.931037833561555	0.891603999825767	0.934992760543247	0.906003483814535	0.844153301388257	0.91899744909793	0.919975991596377	0.918479365991986	0.92726839583249	0.900194899866436	0.90859647970603	0.913738139100794	0.913636341710886	0.920693914807646	0.903967132347715	0.927087476864383	0.924415969944941	0.884842055887254	0.858566102608154	0.929250453993895	0.926356691402505	0.905737881625209	0.908804451761459	0.926515934121448	0.927506769253206	0.913987759446609	0.919562991919001	0.920344868961303
GSM1045275	0.909360600251804	0.86211263568784	0.823680319702346	0.880641129094853	0.899329466577838	0.887405153660918	0.892894374871987	0.890179515785006	0.882621775867782	0.899314474427747	0.910268917609944	0.900678318027246	0.885710174844839	0.888333499964868	0.894077621572903	0.877453704746661	0.879452615288895	0.935780263924149	0.916451506560426	0.927439990636306	0.901873478206757	0.931802212795165	0.928496068889967	0.907688471544756	0.944590139554563	0.944749405878017	0.856993205604756	0.933055114989219	0.946895738114935	0.946726069675845	0.903010422015722	0.939680335529037	0.932589234995302	0.906511881090106	0.935702505572248	0.933745590200415	0.930414488708764	0.926358846430986	0.948601667351339	0.943980697399789	0.941673043512273	0.926084965949232	0.936279286986312	0.936531918811228	0.941201970357464	0.937860484713623	0.941389978844515	0.918183826728005	0.942475283889386	0.921717268671507	0.928178599758106	0.923685651930624	0.910342602230501	0.922486452073611	0.929754429998578	0.93358277183111	0.90995488346741	0.917224592945661	0.923357868063431	0.919504611589034	0.923007570714259	0.910096649905575	0.920325013500039	0.925044201524651	0.897645572581387	0.914877669610263	0.910491816001315	0.937187114619622	0.926309524437297	0.926528354838712	0.934448274219374	0.916268833457314	0.938463044098235	0.932498930338608	0.935063852718709	0.907642899954422	0.927549200607086	0.941247533755197	0.942403710588861	0.936674222621766	0.942631888381864	0.930963194000504	0.930584055339518	0.920547129023177	1	0.909398306670934	0.943157849180508	0.932587415990801	0.929899702151268	0.927103106769267	0.938500575212016	0.914394340994657	0.950892505750254	0.929619146734476	0.910793940401648	0.942205557117844	0.927446514022726	0.845731227143434	0.942797991384008	0.936152816587076	0.926016037700998	0.933205187815805	0.918797321293519	0.929044730731358	0.92908665608572	0.944313053992437	0.921802388909895	0.939028844810267	0.930239666647969	0.924150267932947	0.885452691561247	0.841239652408837	0.93661111425238	0.937882748279147	0.906769656219082	0.925970621979135	0.944643947270733	0.935898684562078	0.921241419512427	0.92918722063851	0.937252097319254
GSM1045276	0.895532126238723	0.858551873634742	0.810047651988955	0.880135928272037	0.88502143764466	0.871398973529093	0.876418140314872	0.876307390380118	0.868533883465314	0.893333083885707	0.896781967868754	0.877450361620782	0.8800769630883	0.870805659831845	0.877298870236943	0.870819397580521	0.870149166191334	0.920403333222531	0.920903595088065	0.922235439104804	0.908648209925736	0.892727876882465	0.909735009346902	0.878114350817286	0.924261753080748	0.904712740029229	0.860327210954333	0.898747042941856	0.913211087421693	0.920036706137233	0.882849093879529	0.920563438171381	0.918367488142353	0.894985666035406	0.905699097852299	0.931694166322384	0.911463117683766	0.923185137515957	0.919694904376304	0.918782141570088	0.9148876305619	0.914382871480557	0.927767226396234	0.917178602650574	0.925667241821227	0.922164683254305	0.920123403711483	0.921261202402016	0.92452002801926	0.914902174189647	0.920777486702458	0.910105723164024	0.904423981936065	0.919550171412498	0.916904125805543	0.927925756384804	0.898784525804224	0.88427157424212	0.919176561022737	0.898361666747151	0.913808904430158	0.892187719495663	0.914929593608156	0.920948276946275	0.900945405896312	0.910671962970354	0.913251699148754	0.918951750990065	0.913919941946419	0.922708930412278	0.900512011754519	0.905257443402077	0.923513648101265	0.895867162490912	0.924574472417102	0.875195477420344	0.915986947367436	0.929399579841122	0.910885098714672	0.896336185452786	0.920932244333132	0.920071060998997	0.922952646764497	0.90185079124797	0.909398306670934	1	0.92229336808801	0.924000091728977	0.923344367548791	0.911044213727187	0.913391966195574	0.88722001934162	0.921004901473059	0.920137944526297	0.889968424865199	0.92271255612439	0.900668773530801	0.857764771724028	0.91540665649596	0.91491447312178	0.922325049545757	0.927693354407056	0.896671755734772	0.892195534012662	0.921975745778755	0.900119073923146	0.911256346611551	0.898720415910163	0.923875819524196	0.914734580269648	0.892027321025891	0.849054819573013	0.922409190462389	0.930043938993582	0.913310670364584	0.910076555047942	0.929421874479713	0.922214658216068	0.916460424469432	0.920036481526367	0.930405245758309
GSM1045277	0.916172023286839	0.868606940852187	0.8220359698764	0.891318330320319	0.903910461570623	0.895174230369405	0.901811470524579	0.900113558460719	0.893396215228701	0.915256346280132	0.915086858696437	0.90699302380716	0.893550239722822	0.896156674068276	0.903829160693541	0.885103110451388	0.887912580448479	0.950157181630029	0.931756997550434	0.940118153054295	0.914255974679081	0.93256906954087	0.930176203901536	0.903774688488841	0.955048939650149	0.939560221003627	0.861248863289069	0.926145232268924	0.941514538689466	0.956056253635325	0.898905730625121	0.94751982846091	0.946663900262562	0.919961398882685	0.927231338624197	0.947432670833467	0.943859202453735	0.946541931326341	0.95057930521827	0.95392560134111	0.951580084362959	0.941755423783806	0.947627002460402	0.944224730392661	0.954845203909571	0.945879598609038	0.950081148981845	0.936782973079828	0.949423385461869	0.932670380008839	0.937990867937815	0.932436098152243	0.917259453801821	0.936316530137222	0.938191013096592	0.950344318373951	0.924838183951879	0.910894357894291	0.936140762442205	0.915933159786697	0.939116168772892	0.916824851582468	0.938071730401754	0.943322042274661	0.915303228521972	0.93389318704474	0.926185890669457	0.949785661046371	0.934077290769598	0.941007224499251	0.931192047865179	0.932137606411161	0.949414015488266	0.923380373553567	0.951303885745961	0.903926526813133	0.937403143531048	0.95857973219216	0.943124230680029	0.933174044334209	0.95671592006539	0.95291215105858	0.948119854157523	0.928702829736879	0.943157849180508	0.92229336808801	1	0.942912456630565	0.941058554723118	0.932262219264802	0.9496354802087	0.904481861653206	0.95627925574674	0.944742628857726	0.912177583268292	0.949327954415088	0.926122328918701	0.855649631690436	0.946515830419296	0.94129256539908	0.94390890285337	0.947451273786644	0.912463894182184	0.921737173880206	0.938746376484224	0.935332332496341	0.934218852504931	0.933997122453609	0.945696109371372	0.935659543465645	0.898022451913713	0.843044859095559	0.948720886133737	0.952330985986689	0.92810927923963	0.929390303259496	0.953173140329681	0.94880589957816	0.939242017132455	0.946073976442599	0.954750119510931
GSM1045278	0.933931873515829	0.887140950824179	0.831325267524437	0.900867941678311	0.924653929588614	0.911411158722004	0.915547376680509	0.915918202185763	0.906006427100603	0.924683071822317	0.930463916956055	0.91901639113605	0.916819285495334	0.911691502387684	0.916466368586504	0.908636995782538	0.906624120578073	0.942914002440984	0.934316737097873	0.942370811579547	0.923286395330777	0.913336969003225	0.939954073947309	0.906584319509781	0.950465230159453	0.936605230533631	0.870218903634382	0.91323762401636	0.934528441474481	0.943595933232648	0.902729573923991	0.944007321357581	0.951904663230475	0.917405989425632	0.924427236255376	0.950935340541463	0.928136635375288	0.941879210198944	0.946453999330731	0.943179184412832	0.935067890629441	0.92764506756026	0.944939896483792	0.929244699236982	0.946071230837187	0.953797991352268	0.943286390811162	0.932085836290914	0.952315595471152	0.940282599881771	0.944352051360541	0.925232663599062	0.925403201918574	0.93708582424388	0.93144844460462	0.946001186277431	0.911810922160507	0.897495755695388	0.930493367652689	0.90803243762651	0.937753183022395	0.928425064146324	0.924157447232627	0.93179963596643	0.91162352587822	0.927649276660764	0.918133203655292	0.944580418689433	0.93297958184497	0.934859228964681	0.918310894608095	0.92017356324158	0.939640584709344	0.916807115615066	0.946816262404565	0.905507936599995	0.941641546485178	0.943945394977982	0.944889119936145	0.91424181028094	0.942448220515938	0.934983169662458	0.932564237496418	0.913257851032255	0.932587415990801	0.924000091728977	0.942912456630565	1	0.95212815490644	0.942304152781778	0.934688007764473	0.907006208546114	0.946104735177987	0.933843787198675	0.9146293442599	0.94772178399743	0.921183466847651	0.874675834329702	0.945252943262669	0.941300965221062	0.933136687294234	0.944732224460463	0.914883337386387	0.91364997248288	0.951618369627381	0.920532435566658	0.922857470095439	0.927915943533057	0.937970577281316	0.928418067513832	0.916002411759032	0.857166493947294	0.94591885800324	0.949588480820195	0.921581513718893	0.929054568504859	0.955562533753068	0.943346763842592	0.934044578881621	0.935696118579017	0.949686999007519
GSM1045279	0.946530282331447	0.868010157699355	0.815252438057437	0.905514249736332	0.933778674434931	0.918955637010286	0.922112564040897	0.917201638754215	0.914714986927728	0.933426656272545	0.937653017763583	0.92661776733665	0.924671063569944	0.918090528614659	0.926217589237386	0.909510740506523	0.912004098278098	0.951309441549503	0.93544443397753	0.947840490141899	0.91782471720934	0.901908913228293	0.940109256647626	0.899236541010533	0.950028716996646	0.928364638691489	0.867769484715639	0.91351339401625	0.934151022147455	0.948802633271814	0.88925622290621	0.945058881733217	0.965907913590765	0.907074641574344	0.91969549410302	0.960284301100164	0.920728692938434	0.947540117876161	0.939114248163266	0.948055086104729	0.926342875004115	0.925469940520384	0.945341641872702	0.930935968963687	0.948933146744201	0.962330728849963	0.939959990964357	0.937648155277727	0.947659331364369	0.947519944865552	0.942059605827608	0.921927709044303	0.926012062426532	0.938507689845229	0.934818166589001	0.951334570305464	0.92386219370369	0.888326475084959	0.941765396539268	0.9008001248575	0.952350357665508	0.914367752407674	0.933360736941747	0.935019846721013	0.911778218125461	0.931366283057307	0.927393170566539	0.940484431088884	0.937951482651818	0.943398076571623	0.919683835885942	0.929497595340915	0.940720409937271	0.906946720380554	0.955611602166903	0.897057382913152	0.956736107656063	0.944551733559959	0.935665269145025	0.907500008123711	0.937992708637914	0.942320087146939	0.934635573496072	0.916553711707304	0.929899702151268	0.923344367548791	0.941058554723118	0.95212815490644	1	0.954929396539525	0.935409415780876	0.908585199350455	0.946794863674006	0.942732718376154	0.909069460031112	0.949995129898726	0.931986660091757	0.873627728056742	0.958298768259823	0.938602864470345	0.938251336598979	0.951898441415992	0.912120661852715	0.927924248068759	0.961463433392484	0.920590491847812	0.932028811286184	0.916464323761666	0.944311367716613	0.934439073608809	0.919720587528691	0.845523546742174	0.951831728746153	0.958370484931369	0.925161929410424	0.923885388833824	0.966564236664267	0.961436673131112	0.936768567687841	0.943556182883528	0.955564948414619
GSM1045280	0.939834163250723	0.865716244295509	0.815542838348578	0.90074358027013	0.926698635088444	0.912806098062598	0.918160980402552	0.912413477212188	0.911846838632495	0.926183289569187	0.940414545998397	0.92907743600291	0.918686208907317	0.914723567890979	0.919039891634664	0.902767504795751	0.906192806353683	0.941928858335081	0.920451544937554	0.936084820907108	0.907657383400062	0.896897455735849	0.94269564843285	0.897713467677192	0.948522822525828	0.928377156981237	0.853492715058984	0.90541239118152	0.931296011458889	0.945539225416065	0.882265765671098	0.941740966624833	0.953970872511094	0.89395914800251	0.912332892324794	0.948049781357003	0.908332760878175	0.931242357689305	0.938085645002675	0.943123543043807	0.922739125902135	0.918092517089993	0.940916267391798	0.921141256197872	0.940791796027387	0.962860888002458	0.938190155629565	0.921557157861382	0.945169282018087	0.947835772587464	0.934913929170283	0.910371672513422	0.921826647422417	0.92504274090398	0.92928885823934	0.935678446709724	0.912812193459623	0.875193067241837	0.926790233166185	0.888639559651631	0.944908958524223	0.912029718856429	0.917899561481375	0.922424163865737	0.90700426885976	0.924693186271252	0.909286326621546	0.938307086423769	0.928069447478565	0.928319761286501	0.912593555186403	0.916152070341699	0.927752741988458	0.899929447527465	0.946163313414989	0.897760519805272	0.948908346904576	0.938148318017786	0.937213698741842	0.902194898075863	0.934300155457826	0.930279599071963	0.92436443415225	0.903144594088145	0.927103106769267	0.911044213727187	0.932262219264802	0.942304152781778	0.954929396539525	1	0.925857778730908	0.903375688749323	0.946636615638876	0.923671334534494	0.90847269665699	0.943590842476388	0.93395614071601	0.863780438716655	0.965575325498278	0.93904879244432	0.926344703844607	0.94437876648124	0.905421766346422	0.932145910993831	0.95765063179368	0.919392027386627	0.916953837315295	0.91455771939915	0.930821569586495	0.920225915152349	0.908834729105033	0.831635286167861	0.94722532616626	0.948707131089247	0.904980364583012	0.921505574499189	0.964267913949099	0.951925708710288	0.927142043517266	0.930682606425328	0.944045411657257
GSM1045281	0.907738641535276	0.86359259439449	0.831849051325462	0.882743405159294	0.895007986984948	0.885113714458161	0.890094991498794	0.891700598394727	0.882953140801049	0.897942705979666	0.902151808916437	0.896111672899615	0.883510994332861	0.887447705201613	0.89286230549448	0.874858229726045	0.876985366230788	0.944995585327969	0.920343725925488	0.933785249051012	0.901648547837332	0.915085452053695	0.91898916009807	0.910477592977788	0.950066079347781	0.93915037929889	0.857777972534011	0.912782914153665	0.934955365292367	0.950275699387343	0.888582975036458	0.941872623373769	0.936163479708036	0.906902936716239	0.919715185563022	0.941998778974003	0.930611754225778	0.938334405292343	0.940287933173603	0.952147128533802	0.947966779898972	0.933773177946778	0.939337985517446	0.93389378030018	0.949895209501457	0.936318489204811	0.944197424964455	0.925419126544466	0.939178337266777	0.926579839853624	0.939676484560635	0.919924004389278	0.909865814821337	0.932734317773224	0.929942126126924	0.937240795054615	0.927345791751736	0.897861259190661	0.935428059802956	0.905507471899146	0.934124394795391	0.907445163653258	0.928842236241581	0.936015486352553	0.910014535534205	0.925930408913827	0.925060380323193	0.940958983952388	0.927858409284506	0.934951860594527	0.921895798275392	0.925903508790646	0.939693243923296	0.916530878250222	0.941929041060977	0.910780935966509	0.93725549641581	0.952742897844273	0.940158040130284	0.918471060603952	0.953724329786872	0.940488679185192	0.943585654313329	0.93104760174167	0.938500575212016	0.913391966195574	0.9496354802087	0.934688007764473	0.935409415780876	0.925857778730908	1	0.898565786321528	0.951324310040718	0.947156235395835	0.908845007487523	0.948378304772728	0.913074824501692	0.850450824688142	0.94195754590452	0.944345484955536	0.937875659238707	0.940054343980941	0.903739761544956	0.91386764001365	0.931643914817707	0.924410703922289	0.935088486404815	0.934847014852338	0.941189244687616	0.930575955162819	0.894675056774692	0.835755855839626	0.948026979857883	0.946872722472403	0.918146083441561	0.925197497704439	0.947704341826764	0.946249878015273	0.929793059792391	0.940264869245939	0.940093318398951
GSM1045282	0.882527517747569	0.846672184488813	0.809153781048626	0.874525679313823	0.871014861128901	0.856512576979333	0.862156554228445	0.857249056273669	0.853771875678618	0.875418497907969	0.884908479132216	0.865971899630865	0.87294792380421	0.856344237734476	0.866376582713609	0.854632526290557	0.850862605556954	0.908724864609512	0.90193887632729	0.906874847499961	0.892218745212495	0.893463975133789	0.91816955610168	0.875074135248129	0.905662898865513	0.901047166389816	0.863851108252863	0.908634894157627	0.917662728892995	0.910149912386339	0.901373755938612	0.913944202355109	0.900746111847302	0.878319343952098	0.918092799856026	0.906220223979503	0.901219437561809	0.904417450443973	0.915793881904492	0.901068295689886	0.897795606394873	0.889538970428225	0.910819052313016	0.899212284980197	0.905803565313349	0.910778892767725	0.901879723963658	0.891538985474714	0.905197726446756	0.899622455855262	0.900629316652003	0.903812479256614	0.896862429628788	0.905553068646876	0.895388980670106	0.904118335124188	0.880235614015531	0.881262846013803	0.897212905549481	0.899403640908215	0.899456244826613	0.870762115609833	0.893361851634815	0.898676465373342	0.872565054886442	0.879204782368709	0.895445960343164	0.89958604789896	0.919365437413162	0.901850820084851	0.907405330944393	0.8892827727891	0.908163951509294	0.905447385682843	0.903888545855896	0.86938961131299	0.908960364902303	0.900160048923399	0.902417695440475	0.90516999860892	0.899084675699368	0.896480221781797	0.893949878897051	0.900448067831501	0.914394340994657	0.88722001934162	0.904481861653206	0.907006208546114	0.908585199350455	0.903375688749323	0.898565786321528	1	0.913243475996442	0.9070402216708	0.890802075816968	0.908251493102501	0.917455201458402	0.843115703505512	0.916493648798767	0.894650756437022	0.898896286651425	0.907214670334485	0.920510786188752	0.923892532357577	0.903410881121933	0.916744862054978	0.898017912755441	0.893541269450186	0.910308677745288	0.908113623241512	0.879555432441484	0.85111926268574	0.911616036832606	0.911522747300289	0.89370543059864	0.886624710749755	0.915768997982297	0.908251598741901	0.894802346042841	0.896943093552465	0.905589841117938
GSM1045283	0.927888561608431	0.876764970583036	0.831437969785527	0.894673647253355	0.915974162705379	0.903500986565619	0.908951055534737	0.908406352787073	0.901003821757355	0.919374974722611	0.92616667030676	0.91796262363182	0.903645476420643	0.905850966948828	0.911608309568466	0.893574880435773	0.895153454594664	0.952430709637434	0.930477958761944	0.941685720023407	0.917738943905177	0.927939241115232	0.945354303889183	0.918738654210092	0.964277419701097	0.953252455803352	0.872290409505115	0.924806714068545	0.949721076260568	0.965770519286765	0.903694687713961	0.959401518244363	0.949710303320042	0.915797027309806	0.933774859813679	0.949090513285801	0.937321221948302	0.941114685114064	0.96018645910572	0.957052410557024	0.961549469180143	0.935758309848211	0.95401894576374	0.944985377474195	0.955917189180325	0.960295316495025	0.960724944362606	0.92559874166652	0.959289806352233	0.944642974200609	0.94266442829363	0.933183710695836	0.928960229035498	0.936844065840244	0.944220026422671	0.945075974824828	0.923621670841985	0.90669751856614	0.934778655912081	0.918998539539263	0.944385714718362	0.9258625338331	0.92914124969135	0.934044456929818	0.909608485139012	0.928511600745807	0.919795361065054	0.957893004942474	0.936602558627625	0.936852461834344	0.930693362660425	0.926465175425047	0.952154238468994	0.926966614490508	0.950787995895634	0.918337003189665	0.944831976396643	0.957522300617524	0.960971034569965	0.93138746496914	0.962665510325093	0.943477407416669	0.938664998142561	0.933543234369616	0.950892505750254	0.921004901473059	0.95627925574674	0.946104735177987	0.946794863674006	0.946636615638876	0.951324310040718	0.913243475996442	1	0.938639949112118	0.919723354369423	0.958733640501172	0.937025836601747	0.858945073454288	0.961224856684295	0.95882381803223	0.938824070836116	0.953967400097419	0.918226297122635	0.933950690925202	0.948234360663913	0.937179566754891	0.931137011079067	0.944719551092066	0.944137597774747	0.93152827679466	0.902191615547052	0.854651207086285	0.956689106215019	0.955396767751994	0.91341215076589	0.934584310642455	0.961564359097918	0.952090049627278	0.938009846972573	0.940908456959326	0.95466256633849
GSM1045284	0.907651080798566	0.856467453051479	0.816533246123994	0.886997691060642	0.895124924587958	0.884408437599705	0.888703985802663	0.887651573165078	0.883278848708279	0.902611497812581	0.902909756846793	0.890731237288635	0.889308489124113	0.882785570072955	0.89297428042742	0.877924502068348	0.877980721629971	0.943851653435393	0.93022893332214	0.938351245490734	0.908523556636687	0.905678631369973	0.918504828289363	0.892539400068533	0.93533105649609	0.918270209890576	0.869300470306728	0.915929125570803	0.930183696605146	0.941587487934742	0.888695664245221	0.934774281794181	0.935957476404307	0.903273107379842	0.918161928444243	0.943480742758148	0.930732983635776	0.944342458444853	0.929805359027613	0.940749897922248	0.930641575795311	0.930708249649106	0.938457760091712	0.929673510452994	0.944309075643428	0.934683494232837	0.931412754106529	0.935142813342705	0.934522261167489	0.924014934274535	0.934451330727218	0.924439428692576	0.913459510718358	0.935940707378178	0.925102154937779	0.94308983103057	0.926229594830741	0.896878802004969	0.937363084056028	0.910007029203934	0.935720386482155	0.896298480402259	0.933523740819382	0.945985691991782	0.912377457636352	0.926565784465173	0.941272439567133	0.929032731243739	0.931695065030805	0.94403285098073	0.924339654143891	0.930310325194875	0.937797549036696	0.911480093257347	0.944280753567999	0.890723610089484	0.939581550110741	0.947192699898518	0.922380729850559	0.914348579011972	0.935368747035268	0.943098395137195	0.943877610106939	0.931037833561555	0.929619146734476	0.920137944526297	0.944742628857726	0.933843787198675	0.942732718376154	0.923671334534494	0.947156235395835	0.9070402216708	0.938639949112118	1	0.902131190589331	0.941713044891921	0.917727972673049	0.855703260262945	0.934701951274959	0.929627039629146	0.941408010638293	0.9452307435036	0.910189671687522	0.915966434823103	0.935760263690807	0.918948732488323	0.936333486611288	0.911300463601529	0.943733536625742	0.942314064672181	0.899472929948641	0.849318993182028	0.940069956760659	0.948283043587437	0.933673039581032	0.915043637545464	0.944899853060397	0.948900930574636	0.930561807865854	0.946450270035041	0.942090633383301
GSM1045285	0.891785254007561	0.869058208881225	0.83952486853728	0.882298491050089	0.881905580787837	0.867709712524937	0.877010452032932	0.877293229698357	0.867362397199931	0.883376180031068	0.897435996774964	0.881394133623036	0.882062924059457	0.870755356668007	0.877345296275779	0.866292969856172	0.863168946318913	0.911251492052098	0.899269234802594	0.908487819628566	0.89501045712669	0.898627152688752	0.91544410816869	0.889075538505306	0.920571876310102	0.91780504136922	0.846123319617641	0.900822955694417	0.920789470304122	0.917408581710687	0.895870261835592	0.920341311337923	0.910622113900809	0.88397524047611	0.907028315872495	0.910088466673651	0.903411350916648	0.902736981898234	0.922068786476386	0.915559631491893	0.909699386818249	0.904950321252261	0.913578693210625	0.902840898118314	0.912345872767167	0.911419352488956	0.916580602645956	0.89725347294306	0.916251439347273	0.908533019603728	0.914119461947622	0.896073925954918	0.895164192467018	0.907363951546855	0.8998572519554	0.904851748691345	0.882421234752328	0.877803040980736	0.898666010090923	0.895025095498634	0.898594808966749	0.889198031349439	0.892966624834434	0.898952736193749	0.888581564657752	0.89713548914102	0.886588345567644	0.915699746439301	0.910778655050039	0.897996159018492	0.901176033312118	0.888210430039686	0.906745749072788	0.904098780592312	0.907373544419331	0.886603825369388	0.906008576023967	0.913149393790895	0.91750643220634	0.902407259671404	0.912283382632107	0.900157135990619	0.901457716952318	0.891603999825767	0.910793940401648	0.889968424865199	0.912177583268292	0.9146293442599	0.909069460031112	0.90847269665699	0.908845007487523	0.890802075816968	0.919723354369423	0.902131190589331	1	0.910852726331934	0.907342824358149	0.850784796353505	0.919766978775267	0.910540408220245	0.898461509445291	0.910223090646163	0.895466063572687	0.895618262294031	0.910520508122716	0.904330563569978	0.893470951044414	0.905784720810354	0.907279851305104	0.896909738125989	0.884865608592967	0.839754323989223	0.920289671077186	0.91220542807907	0.886006454233117	0.907176584408159	0.918054639450197	0.907937304649643	0.904471706712985	0.899238750658867	0.910044763614386
GSM1045286	0.924424085270479	0.87591473339147	0.823108270798608	0.893015485982257	0.911186011996059	0.898871615653006	0.904175276558575	0.903148087765298	0.89690163268152	0.915272218181829	0.919408629465249	0.909552893645691	0.903278243483025	0.901111327621263	0.907252824259234	0.890328924393421	0.892577920206009	0.956724356287954	0.934188623400884	0.949182017516831	0.91961010271552	0.914853058174119	0.937333332244143	0.903915559061755	0.957909241879549	0.936081727476079	0.879263657587001	0.913565950546658	0.936566623743124	0.952976553130139	0.897757852908193	0.948642305719968	0.950721616261921	0.913693756863885	0.927484206737982	0.956575737735109	0.930489697248807	0.951929161982389	0.948035773779382	0.952156637124239	0.947791210075235	0.936271714297655	0.950266724375013	0.938911690180799	0.956479656857994	0.957535272369962	0.949568706957325	0.927100190996395	0.95172667770807	0.943230954125928	0.937091972140264	0.930277682327492	0.926777222984306	0.942792337026497	0.94167949726286	0.952538496150081	0.924553821233661	0.898461431960059	0.937569132322366	0.910098759278459	0.951019895067773	0.918753819984615	0.930278232258365	0.936521438416485	0.915819094176095	0.933240000449431	0.921101784704144	0.949115012926055	0.936634967655694	0.93890713653755	0.921649091758083	0.92975104134249	0.949182733374223	0.920675624243501	0.955733020609448	0.90296441690827	0.954358664856743	0.953338021429866	0.946772980495623	0.916998004442144	0.954473577648759	0.948232611685272	0.940187575079644	0.934992760543247	0.942205557117844	0.92271255612439	0.949327954415088	0.94772178399743	0.949995129898726	0.943590842476388	0.948378304772728	0.908251493102501	0.958733640501172	0.941713044891921	0.910852726331934	1	0.926039937739345	0.868075183968765	0.950762315219336	0.953913480457948	0.937290259294981	0.953652321643863	0.912919517281486	0.924063907753227	0.952939234567689	0.927428190902155	0.932761427916981	0.930039811714956	0.94718678450891	0.943286768141749	0.91471575222142	0.855709036413837	0.951233794619224	0.955655911564048	0.920560680108319	0.929478612403333	0.96154878285674	0.958149086626248	0.94555827828929	0.945038036475511	0.95576995298484
GSM1045287	0.912704847199945	0.85196708146407	0.804491233063945	0.881785193191102	0.902260524605032	0.890572920161305	0.895357724310248	0.888933746219604	0.888719802164929	0.904282620006541	0.915944493400319	0.904159704347431	0.893311156755486	0.8907828574677	0.89889024319989	0.88000373804574	0.882693231216708	0.930311247767068	0.912743284337267	0.92265234134153	0.899472438128705	0.908936303662112	0.93093491881998	0.888258873545352	0.934800006248269	0.922723041752081	0.847625460945292	0.923952287874309	0.935217492652645	0.937307205908862	0.890347532610782	0.931209505515043	0.932110697204971	0.887538049318833	0.923800641376012	0.926906529559072	0.915072236782538	0.918642700320008	0.93099744599909	0.928496463725328	0.915527392126558	0.908666336927939	0.928202011960179	0.925238382517927	0.929708976411774	0.937371662522586	0.923255116324336	0.912514912392915	0.929764742449003	0.92236094345133	0.915362090268754	0.90896376342877	0.908406188753171	0.912249019586452	0.919278734840868	0.925310693678417	0.905792860127726	0.89463235657782	0.919094323147688	0.899384267651276	0.92176305599092	0.899151302889861	0.911552818306968	0.916901976360484	0.886928176232403	0.904224308238768	0.908851208011615	0.920321978884695	0.923182901429719	0.921308009544969	0.928526003206525	0.911500157594844	0.917644202276168	0.909414992832034	0.931432484492477	0.886340943706824	0.927427188828931	0.925364548741116	0.921104913640465	0.917050315122276	0.923652992662813	0.924729895716809	0.915336750960931	0.906003483814535	0.927446514022726	0.900668773530801	0.926122328918701	0.921183466847651	0.931986660091757	0.93395614071601	0.913074824501692	0.917455201458402	0.937025836601747	0.917727972673049	0.907342824358149	0.926039937739345	1	0.844205547592388	0.949480771055436	0.921862304780889	0.91963037941909	0.927172324897089	0.914264048623811	0.944699593775682	0.929163324984151	0.933085027180172	0.914826685250572	0.908599142470168	0.921649704779049	0.915834620190988	0.882941239035524	0.82964461019773	0.932089878080702	0.934031723286194	0.902842518764736	0.90306524649288	0.942508887075907	0.932797131153312	0.916091688709261	0.921790975935182	0.929827084694024
GSM1045288	0.836048463610198	0.830758012145113	0.812603306779153	0.854259382583507	0.82297795672832	0.804570878128484	0.813074877710164	0.814147350562068	0.803408492951094	0.827347033581383	0.840882109854675	0.810630464068421	0.838151555180552	0.807294677198229	0.815336993789312	0.810720752785637	0.803697841431904	0.871681356389551	0.857375017649825	0.875270339120514	0.877794650145745	0.818636251212119	0.861038460391546	0.824394590469379	0.859452958525601	0.835495301390827	0.843550013341512	0.827009637634483	0.847387965923143	0.856981280420588	0.850617667003492	0.865375868724846	0.851525119489779	0.828578982144014	0.848095314714823	0.873357706159367	0.841294961498932	0.866361613442215	0.854086248389218	0.849721636492912	0.842489519503785	0.850536417116261	0.870502055950067	0.844624841370191	0.858346744481628	0.865328119543405	0.856842050534281	0.853148695807535	0.854750411094703	0.867286726998519	0.873322611079922	0.853151892410768	0.8622522575664	0.882476994245284	0.856842001357285	0.862982774986324	0.83092171500136	0.810719300046297	0.853935491527103	0.843831104890823	0.855765836943058	0.826257342119171	0.84027867725222	0.850161239694215	0.869614830655949	0.850286103424097	0.846809408845779	0.849040577705051	0.861216759063217	0.850370664467001	0.829889889893572	0.835820583016571	0.862028861277401	0.829511100985523	0.855389295865104	0.821103847417999	0.872730062655712	0.852977512564338	0.851100781918264	0.818433993344109	0.850712778954324	0.848718782918345	0.84689964062701	0.844153301388257	0.845731227143434	0.857764771724028	0.855649631690436	0.874675834329702	0.873627728056742	0.863780438716655	0.850450824688142	0.843115703505512	0.858945073454288	0.855703260262945	0.850784796353505	0.868075183968765	0.844205547592388	1	0.863081905637043	0.856256997119417	0.850629062971843	0.863405842640976	0.840266578473539	0.842059659159152	0.874339171653453	0.83391165371231	0.843445909919928	0.832091403101362	0.869682996725461	0.858797963791682	0.878888262433076	0.831943230325101	0.87430317351315	0.868209850892439	0.850198676468709	0.856772193068562	0.872385742316762	0.869475536870417	0.878026766332241	0.852408078378159	0.865043555125469
GSM1045289	0.940078130420069	0.866868724021043	0.824262621974534	0.904396892912333	0.924507080008714	0.910614970506402	0.918413111859117	0.911863838639518	0.910710689318555	0.924512769663377	0.941720087588116	0.930122348397827	0.913057511411518	0.915099223818882	0.920457193612702	0.896435520472845	0.901783292730699	0.953116316809158	0.921564064686016	0.941859348385308	0.911903815803165	0.912490862436326	0.946163258391066	0.907176960034581	0.958477853587915	0.943479787197633	0.855727526627302	0.92231039151543	0.947705325945795	0.964330365856785	0.892746365075591	0.954796764903932	0.959734224196534	0.897800343618847	0.926286073524677	0.95078162768015	0.919884114250712	0.936567256011815	0.946815795099356	0.956658920945944	0.938161830127914	0.928070187822123	0.949337486063815	0.93587697684601	0.951156755226544	0.962710592728426	0.94812783468095	0.927937892541264	0.950933243291453	0.947645205367749	0.941979287874415	0.917819185491609	0.92627788526008	0.931937522842063	0.940098299025032	0.942270932861325	0.925548008869428	0.891158750458425	0.93692524635507	0.902627955782838	0.948937211678777	0.914962605500251	0.926423613932486	0.928596735750192	0.911447251941593	0.930325404284063	0.917282194474207	0.946696027680561	0.934906653136584	0.936237171976552	0.928647812514008	0.926108254930169	0.93723173870001	0.912601881094591	0.951636516301947	0.907924728541654	0.955686349483347	0.949527119852554	0.945956623851509	0.919969735746202	0.949490839957991	0.941451299615504	0.936346445470578	0.91899744909793	0.942797991384008	0.91540665649596	0.946515830419296	0.945252943262669	0.958298768259823	0.965575325498278	0.94195754590452	0.916493648798767	0.961224856684295	0.934701951274959	0.919766978775267	0.950762315219336	0.949480771055436	0.863081905637043	1	0.95355838322966	0.938289645144714	0.951797753078514	0.913575487426941	0.94831186968812	0.957829402303146	0.938420534663967	0.931419931047886	0.929845318887805	0.938547746495855	0.928095401442309	0.905743137684587	0.832605364690555	0.959693226369281	0.955321355691247	0.909243629159435	0.93066898417349	0.970139710202475	0.96267364375678	0.935864996569727	0.939893963308842	0.949419450356922
GSM1045290	0.930027998996299	0.887165535412299	0.828596777531744	0.886734540472341	0.918286502056539	0.906157696159273	0.912107043371751	0.913192093647254	0.906046303804828	0.909789896402176	0.922961356507605	0.923009156588216	0.903533871870265	0.912521293272078	0.915037715779669	0.893194583822481	0.898487610562971	0.941647444995908	0.915817447398693	0.92800926542718	0.906010111006836	0.911066959687871	0.925860923387641	0.909478675932144	0.959962950878979	0.940230338631228	0.853639501942683	0.905235788862786	0.933113123051605	0.953392049658962	0.889273082084765	0.945180830127787	0.944521351876073	0.893687940154514	0.918791603206822	0.944245853031456	0.917267272388348	0.931814063654882	0.945103612918123	0.948986616100205	0.946480067155862	0.925959311433419	0.941061108037069	0.935195710806785	0.944273186071484	0.950431225806591	0.944767035302959	0.918926928939796	0.944140573594438	0.934702190176955	0.933525966850413	0.910102779802399	0.911805228460397	0.927842745009302	0.941684294263012	0.934735582522471	0.91965356563836	0.894595948614278	0.929685479047454	0.895523521074782	0.937823824213906	0.937764313860795	0.913599011760533	0.921774225510024	0.908654875877422	0.927075600225624	0.90860692299679	0.943866575358456	0.92063912561035	0.926930370691956	0.917797072707642	0.915054697085456	0.932805016295079	0.913231977710493	0.939420537294599	0.91209584249673	0.940229541711864	0.951894616421214	0.950703516171817	0.914336226254027	0.948496388840061	0.935515194073313	0.932848469342309	0.919975991596377	0.936152816587076	0.91491447312178	0.94129256539908	0.941300965221062	0.938602864470345	0.93904879244432	0.944345484955536	0.894650756437022	0.95882381803223	0.929627039629146	0.910540408220245	0.953913480457948	0.921862304780889	0.856256997119417	0.95355838322966	1	0.928357271330834	0.940088356016199	0.901086996026264	0.918556437853874	0.943640662229992	0.924201430608587	0.922649897576695	0.938112584036853	0.931365622116051	0.916666415085681	0.898548873451374	0.83245757733606	0.950862656792075	0.945104606885354	0.897221060704749	0.931456178517737	0.953460265762796	0.948141057001503	0.934838463178847	0.933340404998161	0.945304816707447
GSM1045291	0.913424498063114	0.858860886012258	0.813519384725447	0.883081168128324	0.901934194832364	0.894727196396919	0.89695020897233	0.894588002017992	0.892659380572123	0.90849177335074	0.910382459166839	0.899760148288639	0.894391825588049	0.892651403811741	0.90073042735022	0.888031226992807	0.888870465503656	0.94503521971158	0.929268620755668	0.940000879763502	0.908172302700225	0.908324122251382	0.91993182711159	0.892345572839541	0.937927169190682	0.921704183614153	0.859753478048113	0.91429895653848	0.929482951980172	0.943287187170857	0.884255982585781	0.93613346537131	0.940106331176916	0.90264115251401	0.916297054959082	0.944353356749199	0.927179848760721	0.940119729972003	0.930661807429084	0.942853295324827	0.928471531212451	0.92948287461763	0.943107247753196	0.933427357222149	0.946276903422831	0.93615272290929	0.933088536232447	0.940405393886505	0.935131559096871	0.928912034023322	0.935533998072892	0.919311988759418	0.912603819835853	0.925540675967517	0.927263219653362	0.937748160168165	0.929139090253159	0.894775320229461	0.940038089620175	0.904836074470951	0.934704725460823	0.902308093132117	0.938943928080645	0.946359487306985	0.911872643205844	0.928562931862794	0.937831555079452	0.937170364475279	0.93087601964669	0.946708988074677	0.92145711617145	0.93137051053639	0.934042978632174	0.90844635261014	0.947166714378983	0.890202086998639	0.934686279158159	0.949846332677621	0.921943005776625	0.915131792523846	0.941438300631427	0.94300960760975	0.950176349563009	0.918479365991986	0.926016037700998	0.922325049545757	0.94390890285337	0.933136687294234	0.938251336598979	0.926344703844607	0.937875659238707	0.898896286651425	0.938824070836116	0.941408010638293	0.898461509445291	0.937290259294981	0.91963037941909	0.850629062971843	0.938289645144714	0.928357271330834	1	0.941861197033234	0.906119874547959	0.910204553060104	0.937639108869208	0.920276652027962	0.938687541586308	0.909079018763522	0.941385996875336	0.935267211965516	0.897012635338535	0.838541015980237	0.942583811095388	0.94982158205876	0.934471148105198	0.918152653376787	0.944890781796782	0.942088270934663	0.925877464807969	0.948713026928054	0.94458657197202
GSM1045292	0.926092334928926	0.867276830260186	0.819582588303024	0.900369496993299	0.910769118830989	0.898402758599981	0.903910298791534	0.902431020098779	0.894513121955399	0.922028643765461	0.923079575242523	0.907272783309398	0.904703594930796	0.897134372292559	0.905375232021883	0.892817389155606	0.891730245690291	0.952324655993715	0.940826077842128	0.948334004230369	0.918323894739157	0.913831385114108	0.941989148912334	0.901723265745385	0.949368150890323	0.931452172444505	0.874297635248009	0.919332585517455	0.939652835979068	0.953710193043743	0.896494911090389	0.951195189188092	0.955623736187756	0.919252937469953	0.923155976542758	0.956086913114653	0.932779131991212	0.951523447787546	0.945754230206486	0.948833587313583	0.943887637192672	0.937681404754246	0.951405123047651	0.933841175042548	0.956904463019059	0.957052044147958	0.949743814099519	0.93843515648478	0.951620187536248	0.939219718475035	0.943301514520082	0.929352954699577	0.930058787545742	0.941184284113144	0.935361167058809	0.953203906374443	0.925397142613295	0.899191974826083	0.942622588044148	0.914506294054722	0.947776591502737	0.911921046453014	0.942952076948437	0.942264768137055	0.915724159733974	0.932500430262231	0.932975564034173	0.947697456935927	0.939601369713377	0.949639660930091	0.923187429972487	0.937698658758655	0.946436630029644	0.913710726712904	0.958401576172252	0.899106036445191	0.951008941439269	0.950460165554604	0.939741847130855	0.91895332733322	0.948365897270529	0.950525470390066	0.941558473221106	0.92726839583249	0.933205187815805	0.927693354407056	0.947451273786644	0.944732224460463	0.951898441415992	0.94437876648124	0.940054343980941	0.907214670334485	0.953967400097419	0.9452307435036	0.910223090646163	0.953652321643863	0.927172324897089	0.863405842640976	0.951797753078514	0.940088356016199	0.941861197033234	1	0.912743493730422	0.92041838204088	0.95164528949346	0.922918262571676	0.936548493299376	0.922696673135285	0.947332990525678	0.94547886408939	0.914036847734276	0.85431755637935	0.947507727037202	0.959455366934283	0.933911413979503	0.926118954405029	0.962063957161494	0.955583005091188	0.939706311288145	0.949446720320661	0.955765855572613
GSM1045293	0.892042748228677	0.856172049918154	0.811156960596302	0.873698100968555	0.880868361858969	0.869028451984055	0.873859096749127	0.870689816169247	0.863702195744452	0.888188087101935	0.897106637287568	0.876222260750137	0.882030082457833	0.866035472450784	0.875927019777136	0.868628086124227	0.86494774249397	0.911026721348323	0.914016816543229	0.912040166265319	0.901235589523678	0.90796513300332	0.923026663225039	0.885645162763566	0.915735594502486	0.91672631605087	0.858650325771642	0.914663172091569	0.924361011720345	0.916091019628012	0.902297318268581	0.92048998125785	0.910723970225037	0.896526164116216	0.918908758571956	0.914262620924576	0.912645506025207	0.914478041883219	0.925473248978886	0.909341835280397	0.908537879822477	0.902710199797263	0.914892655897016	0.908377146789803	0.913636637337012	0.915799022887359	0.914368715629362	0.906338400171307	0.920019255053934	0.906056964779164	0.908049249545706	0.912972271101602	0.901454004502357	0.909794991360895	0.903222661811384	0.917378563123149	0.884461182857817	0.893896907016971	0.904905341770736	0.903138517665403	0.900797009634354	0.888960086103333	0.902229262404116	0.909455355213588	0.88353481614196	0.895511637974233	0.896203867590497	0.912594383653215	0.938116785911313	0.912229349632263	0.916585105365858	0.895400253432873	0.914251171839364	0.920718532726268	0.9111088450413	0.881371860151023	0.905618255442096	0.909762274708706	0.9148756058206	0.915319208124078	0.910970673898473	0.905044456605919	0.902032889753977	0.900194899866436	0.918797321293519	0.896671755734772	0.912463894182184	0.914883337386387	0.912120661852715	0.905421766346422	0.903739761544956	0.920510786188752	0.918226297122635	0.910189671687522	0.895466063572687	0.912919517281486	0.914264048623811	0.840266578473539	0.913575487426941	0.901086996026264	0.906119874547959	0.912743493730422	1	0.907386110221764	0.911142894344302	0.917157308003541	0.902844712304304	0.907760048448049	0.912871421919679	0.907629180474387	0.882535541521288	0.85151006544954	0.916071108849682	0.918321145883572	0.903958403530794	0.899169877345375	0.918433796770242	0.907167057481495	0.901311933972649	0.903932613671622	0.9143230361174
GSM1045294	0.90339553316102	0.840086424635592	0.804164208605325	0.876277354446128	0.891819511532416	0.879484004117761	0.883668807343747	0.875563483773377	0.879266197566911	0.892077089537005	0.903883594976741	0.894764073240673	0.885338767273602	0.880754430259483	0.889402461610652	0.865304834249367	0.869977176768868	0.929341224197938	0.900834351324102	0.916870051056781	0.891886958487105	0.897480519683098	0.923929083202608	0.885921354661248	0.925712197517086	0.91630187170704	0.84575986495365	0.912935899144493	0.926663501195561	0.934518342320913	0.884248574408816	0.926558685721029	0.921295818083422	0.871517938661789	0.920349072974906	0.91830766951502	0.904351831626593	0.911841022462098	0.919237937656612	0.923806182291134	0.911321454159723	0.904429213294131	0.92090967461717	0.914744845149127	0.92337819066851	0.929087316252029	0.9158624863959	0.898651248447455	0.920360760704996	0.918927957335482	0.911624384472756	0.904411009414267	0.901709388781213	0.906644591195569	0.913012436971801	0.913193397013704	0.901070700790648	0.876465961032771	0.909982704162121	0.889408419358183	0.919818283208423	0.881563033642664	0.899645019356931	0.905957360719178	0.881405554002028	0.897556819608169	0.900461838718462	0.911502637099268	0.916171240058228	0.91158969911099	0.923023700123295	0.899099131073651	0.913510570317061	0.90146690731167	0.923109192465325	0.885363591474255	0.926866939805321	0.918694952781252	0.916597916057346	0.908772114999313	0.917015044571052	0.914406920380075	0.906289017874612	0.90859647970603	0.929044730731358	0.892195534012662	0.921737173880206	0.91364997248288	0.927924248068759	0.932145910993831	0.91386764001365	0.923892532357577	0.933950690925202	0.915966434823103	0.895618262294031	0.924063907753227	0.944699593775682	0.842059659159152	0.94831186968812	0.918556437853874	0.910204553060104	0.92041838204088	0.907386110221764	1	0.921548446466639	0.934557832734209	0.908083689372939	0.901531127560523	0.915057279946739	0.910897417231954	0.878279732447694	0.825237153202203	0.92982993580956	0.925969829827535	0.890197790104606	0.89591655004436	0.938182179576419	0.933685968859075	0.909747479852233	0.915105381022699	0.918959710291879
GSM1045295	0.943358171906208	0.874647039642007	0.821223971270681	0.904935883865163	0.928317880086817	0.915098288740622	0.921233167402966	0.918152109817881	0.913857747353506	0.929099102409281	0.940164550713112	0.926720261021509	0.922325560233048	0.917205766935198	0.921932546737296	0.908169464278867	0.910694457537335	0.951403858352702	0.93160262512041	0.947772201321263	0.920118245401799	0.901053943579985	0.939316958000654	0.896113891749017	0.949893568478918	0.928679371780509	0.867095641836312	0.911460909545949	0.935222834090554	0.950116322887294	0.890383300235529	0.947041655235081	0.960670045894141	0.9009171505835	0.918747052926783	0.955979959267288	0.917433285311922	0.942392938585203	0.940522665039464	0.948280003553339	0.927792646905754	0.925522632619178	0.947196156137946	0.932021931799566	0.947438703970643	0.958933900164507	0.941091356416884	0.93119093659514	0.949833534221976	0.947058518668466	0.939575735216298	0.920327502140223	0.930153699403083	0.934358941817572	0.936666757300934	0.947311843698159	0.918901733861514	0.884644784575596	0.93501552824446	0.901246996813798	0.947821181475664	0.916471864350952	0.925002412785081	0.931373194817741	0.919223856578924	0.935595580694363	0.918114521059933	0.942784119229579	0.933563700696019	0.935833054488179	0.918546104001465	0.925288347505681	0.936888369692176	0.90628265065966	0.954865310771282	0.895763134070804	0.955814059899895	0.943137045679132	0.936930230210631	0.906484104822078	0.942977078604196	0.939612840727992	0.933836581970991	0.913738139100794	0.92908665608572	0.921975745778755	0.938746376484224	0.951618369627381	0.961463433392484	0.95765063179368	0.931643914817707	0.903410881121933	0.948234360663913	0.935760263690807	0.910520508122716	0.952939234567689	0.929163324984151	0.874339171653453	0.957829402303146	0.943640662229992	0.937639108869208	0.95164528949346	0.911142894344302	0.921548446466639	1	0.91975974338677	0.924250440538666	0.916909275631419	0.938830874571104	0.930237348651678	0.919096797178589	0.84444730269488	0.950807065826137	0.952670325346872	0.916805421237031	0.929323315150621	0.965040186851022	0.957398982446011	0.938748992113507	0.939484092552944	0.953112486293442
GSM1045296	0.901004794835322	0.85276879729357	0.813871954199455	0.868122975873816	0.892811322058426	0.884114860870003	0.890165851381855	0.884852334319356	0.882584075502873	0.892429466797314	0.906097691783245	0.899958471482362	0.879575546692123	0.885175859932124	0.890661712968461	0.871435991815207	0.875920209400658	0.928075453068804	0.906648119448164	0.916905759309494	0.893038804663341	0.936400039897091	0.919031982258792	0.89647308434894	0.93804850599243	0.938958600572953	0.83439803059533	0.93316872188176	0.942206184549248	0.940026359897945	0.895597422298829	0.929227826798435	0.923809985759706	0.891365598432302	0.935681931654695	0.921263292742875	0.927188965409551	0.913100197826202	0.937602896779069	0.937058693023271	0.92887578680496	0.915492722605398	0.926670013240837	0.934916328733777	0.932629554811508	0.925059754921427	0.926326862185555	0.913176119883796	0.932418547815194	0.912834368620153	0.917037320484337	0.910313943924521	0.897476656562369	0.908030577745629	0.91894966807065	0.923033826653402	0.903866291138177	0.911051881771625	0.913999187818703	0.902558690353248	0.912846647630428	0.901996145435837	0.910829514697818	0.916368947046782	0.89124734004681	0.908581139854486	0.900643944421675	0.92799084304975	0.919740185046879	0.915991031337698	0.945467692720876	0.906898062707114	0.921579192960513	0.926244373740542	0.925380719441336	0.897815953588851	0.916442463281916	0.932584935499604	0.92757150842033	0.93540761400123	0.9346822573164	0.925922489700872	0.923235892530565	0.913636341710886	0.944313053992437	0.900119073923146	0.935332332496341	0.920532435566658	0.920590491847812	0.919392027386627	0.924410703922289	0.916744862054978	0.937179566754891	0.918948732488323	0.904330563569978	0.927428190902155	0.933085027180172	0.83391165371231	0.938420534663967	0.924201430608587	0.920276652027962	0.922918262571676	0.917157308003541	0.934557832734209	0.91975974338677	1	0.913277696112925	0.92855866321073	0.917670917794602	0.91109582653786	0.872133383940728	0.822589858459468	0.931184521465288	0.927844181953263	0.898484143697412	0.915243083841836	0.935316011598715	0.925494033216171	0.911797285256181	0.921814861313535	0.925502252940844
GSM1045297	0.904876851703239	0.854625934037828	0.815389818097693	0.879012948739374	0.891474642343809	0.883542172405353	0.884323739751634	0.884233646162121	0.880419361054766	0.898949335709878	0.896496786010583	0.88871982960289	0.882048703615967	0.881241770402074	0.889047864438806	0.875020718968835	0.876098962515624	0.936426853516431	0.923153717013563	0.929443396255315	0.89857538572082	0.903376749322898	0.915931755847861	0.892688127208641	0.930375005402702	0.915488990348081	0.859148768640365	0.911136621879013	0.924587784798997	0.935140051574335	0.881054783471177	0.929592332403151	0.931316994754018	0.903480621065389	0.909639020649236	0.942427692410389	0.921208210137802	0.939479742306569	0.922402959954539	0.940725334925535	0.927239469973488	0.923801616723537	0.928414715447312	0.922709743623233	0.938945288614337	0.930210210729579	0.924878149422657	0.931202108060638	0.924993977320063	0.919250155225244	0.924486963071756	0.91030751640627	0.902984213234923	0.925580358926487	0.920129183759575	0.933707890104636	0.949536434508228	0.893148836961127	0.95246172959437	0.898709381617009	0.932071623974106	0.896306273950187	0.935803134831752	0.937884374487646	0.90279066206392	0.91657243810713	0.93160353308889	0.929013787922309	0.928523116766317	0.952788942236317	0.915480298852009	0.94677180696455	0.927881651629394	0.909159142151525	0.934888400974288	0.890231775115427	0.929337321120524	0.937662979253621	0.917605728848292	0.909796139460847	0.933416034032987	0.94582838538409	0.940591973999539	0.920693914807646	0.921802388909895	0.911256346611551	0.934218852504931	0.922857470095439	0.932028811286184	0.916953837315295	0.935088486404815	0.898017912755441	0.931137011079067	0.936333486611288	0.893470951044414	0.932761427916981	0.914826685250572	0.843445909919928	0.931419931047886	0.922649897576695	0.938687541586308	0.936548493299376	0.902844712304304	0.908083689372939	0.924250440538666	0.913277696112925	1	0.908296462195891	0.938263584586368	0.93256647079034	0.891667380285215	0.837070951367782	0.931608539485387	0.939579850430406	0.926905823804329	0.908995910895976	0.93535320388587	0.939551018561633	0.922908693609656	0.940323404900713	0.936370239390611
GSM1045298	0.905799840368145	0.876311566909246	0.83042954456383	0.872318724530382	0.898023203814835	0.888183053091501	0.89448725231795	0.89632229295147	0.88144103674714	0.898961980428818	0.907088212147604	0.902785388990814	0.883459442265819	0.888949201970398	0.892025217243287	0.879639398660568	0.881461876817019	0.919199252524192	0.906556751252137	0.911819417342227	0.893807027020229	0.938762252100912	0.925839363180699	0.922935788741957	0.949544681084403	0.959550166235894	0.841425666598328	0.912442341387086	0.93215033754916	0.936891965880107	0.892492289258795	0.933242499858826	0.926247739123752	0.916097655812866	0.921792942593988	0.925326559684008	0.924732830004729	0.917655582029375	0.95105390752652	0.936401553546513	0.950239503134287	0.918793010368288	0.927390059427836	0.921220954456471	0.934152332110817	0.933270731048841	0.942032654605527	0.908921641519175	0.940592370034511	0.914988527844631	0.926093883383225	0.909799554744359	0.898765653460199	0.912288785110721	0.919157904465251	0.923835067250103	0.898595405846417	0.91701275950837	0.911187250758455	0.901331297265216	0.911997726585056	0.931108675767096	0.912767623197129	0.911749619366157	0.885901083317664	0.905974453033697	0.891001853115919	0.942462325957524	0.915054153971408	0.916273256153729	0.914838549349774	0.903338457633857	0.926363897597317	0.930752157763304	0.922050686062913	0.923453157962264	0.913550472621757	0.936757340031372	0.954985070482309	0.928083674876792	0.94537467690968	0.922798721905265	0.918812961769347	0.903967132347715	0.939028844810267	0.898720415910163	0.933997122453609	0.927915943533057	0.916464323761666	0.91455771939915	0.934847014852338	0.893541269450186	0.944719551092066	0.911300463601529	0.905784720810354	0.930039811714956	0.908599142470168	0.832091403101362	0.929845318887805	0.938112584036853	0.909079018763522	0.922696673135285	0.907760048448049	0.901531127560523	0.916909275631419	0.92855866321073	0.908296462195891	1	0.917668006642575	0.901463272450636	0.875576335382002	0.826957715212031	0.929234167441127	0.926974960634455	0.895198066671516	0.922997623091814	0.931811458419097	0.916611362162054	0.9101678804383	0.913486732377926	0.926330865408703
GSM1045299	0.908966963348753	0.868060177526801	0.819252068653035	0.895306589529327	0.894722668445324	0.881793047543289	0.888000143719699	0.887090446118041	0.879218907647635	0.907009961496191	0.907710687486576	0.889837529690501	0.892670982952393	0.881504954155093	0.89087463338599	0.879033732838239	0.87740840506472	0.949532989477144	0.936197259920173	0.947420739217439	0.919827438945808	0.910360584123746	0.931796738034592	0.892795798099313	0.943013331396661	0.920424671669417	0.881202662197536	0.912712853041997	0.930321542230081	0.94158631411252	0.899455539339969	0.941481339749351	0.939602072589315	0.911599874537017	0.923787589615669	0.953354828699044	0.93020146845105	0.948436555772008	0.938441521315673	0.944002730145444	0.933054557004275	0.931749629948478	0.946957332931946	0.933567263421696	0.948372546844089	0.944219515923666	0.934539406987978	0.935756246214872	0.934253903565171	0.935105336232943	0.933952637688048	0.927104276664819	0.926972236799836	0.941529516726992	0.930800376319548	0.946859810493306	0.926009986492774	0.89892379313978	0.943806286532803	0.913364960239167	0.941789042624962	0.899999098744861	0.94065133139258	0.947186273299743	0.913866991766449	0.92683772015279	0.933641577749817	0.934118922853737	0.94408742478063	0.946021144818672	0.914186254488679	0.934639766821203	0.944323515724503	0.912992644572502	0.947539356605028	0.888799098500419	0.943394133730958	0.94463503132919	0.930516997266588	0.913365810308223	0.940543285330422	0.948319400182515	0.938462311376927	0.927087476864383	0.930239666647969	0.923875819524196	0.945696109371372	0.937970577281316	0.944311367716613	0.930821569586495	0.941189244687616	0.910308677745288	0.944137597774747	0.943733536625742	0.907279851305104	0.94718678450891	0.921649704779049	0.869682996725461	0.938547746495855	0.931365622116051	0.941385996875336	0.947332990525678	0.912871421919679	0.915057279946739	0.938830874571104	0.917670917794602	0.938263584586368	0.917668006642575	1	0.945283919885203	0.914597858507275	0.860496980826809	0.943929728847687	0.952294386736809	0.937479241718865	0.918667659927486	0.949486313276047	0.950049534130116	0.941009353674974	0.945585365932818	0.951902283602944
GSM1045300	0.897471481680701	0.854279686161432	0.813041125936468	0.888494912153144	0.882245920151675	0.870040160297521	0.874943159832499	0.873240790708508	0.867680136712575	0.897452335696271	0.897421878988914	0.875467469632113	0.881905420134116	0.866219131950482	0.879173913207507	0.867947053876989	0.865163321643008	0.946190022353488	0.933175101400386	0.945087831464794	0.91294359619589	0.901256144815009	0.925699981266286	0.884530122828945	0.927501876193905	0.91011418385729	0.87944079427528	0.914374533365696	0.92708161717295	0.932340327855339	0.896618824191739	0.933354488806107	0.929892144265762	0.907949818888565	0.918142091143894	0.940915033937675	0.924344815188987	0.943798730987879	0.926211825578249	0.931536025445719	0.925000621927655	0.926954219462053	0.935357709787628	0.920639822072977	0.940474769347928	0.934039639236168	0.926313493569632	0.927011878731781	0.925533364195304	0.920554933541816	0.924666650032671	0.926632099226185	0.919206194278478	0.935532719806974	0.917342807336597	0.942224375260296	0.916648476128389	0.890961758770881	0.932740970483014	0.915438848714065	0.930560792372111	0.883922903036869	0.934938640648394	0.940590254851493	0.908658574841645	0.918818810251802	0.932563966142866	0.924775033121483	0.933845537571388	0.939689261018038	0.916068960217068	0.931254710185751	0.939532885335148	0.90900184030943	0.945279913292286	0.878789338324246	0.937836760545354	0.931197907038702	0.916090064912239	0.907835940494674	0.929792508297798	0.940970677073932	0.937191766604779	0.924415969944941	0.924150267932947	0.914734580269648	0.935659543465645	0.928418067513832	0.934439073608809	0.920225915152349	0.930575955162819	0.908113623241512	0.93152827679466	0.942314064672181	0.896909738125989	0.943286768141749	0.915834620190988	0.858797963791682	0.928095401442309	0.916666415085681	0.935267211965516	0.94547886408939	0.907629180474387	0.910897417231954	0.930237348651678	0.91109582653786	0.93256647079034	0.901463272450636	0.945283919885203	1	0.906518248807195	0.862090304531901	0.932549441550529	0.943600261172477	0.938277108945242	0.907733249588484	0.940541885549593	0.94477968937163	0.9326061939042	0.940961262709667	0.940990156515686
GSM1045301	0.891605798565248	0.862650698780492	0.82294938082075	0.886386873896883	0.876828238727235	0.859510681186915	0.866054734679033	0.86575204459689	0.855363340299067	0.88195341278941	0.888741666088078	0.863736519796853	0.886347783900592	0.861060335182736	0.86862172777203	0.860981870650574	0.856289529092159	0.913373238662466	0.905081200443265	0.917223310248513	0.904330722811846	0.860015056939541	0.911062878733017	0.865378959197415	0.903467243356695	0.881643604209055	0.875352114753654	0.864443615985368	0.889028198807263	0.900088950007366	0.880207094073314	0.911451900999301	0.909669286411537	0.87578256143583	0.886513407151973	0.922552996102223	0.883256412053278	0.915566909743258	0.901538266115812	0.899157598518812	0.887803983271729	0.895556628659971	0.911391619370455	0.885543884726822	0.903381326390143	0.914972479466805	0.898117063911995	0.895970016268358	0.900886134255477	0.913427574454953	0.908505839236064	0.892550736794774	0.907391043578512	0.918793171956996	0.89843838328952	0.909388656108553	0.876549486028195	0.84750915213331	0.900181578239803	0.879710758641922	0.908437618109819	0.871667197538941	0.890380801192568	0.898264882380383	0.894376980641773	0.897298874649413	0.887063509493964	0.897688941352786	0.909675309586628	0.900960857626167	0.871065282720413	0.885059731950805	0.903926733022871	0.872156532995817	0.910594059225186	0.860960743049504	0.918795432589483	0.897313591434188	0.896492638149842	0.860573071647327	0.895477007848326	0.896150301307655	0.890899162806954	0.884842055887254	0.885452691561247	0.892027321025891	0.898022451913713	0.916002411759032	0.919720587528691	0.908834729105033	0.894675056774692	0.879555432441484	0.902191615547052	0.899472929948641	0.884865608592967	0.91471575222142	0.882941239035524	0.878888262433076	0.905743137684587	0.898548873451374	0.897012635338535	0.914036847734276	0.882535541521288	0.878279732447694	0.919096797178589	0.872133383940728	0.891667380285215	0.875576335382002	0.914597858507275	0.906518248807195	1	0.857206946891106	0.914516830945853	0.912522419859851	0.89407516557179	0.891606249241598	0.915413746814598	0.913998652949296	0.911633450406958	0.900765358874476	0.911443123341294
GSM1045302	0.816483772773889	0.831499820327473	0.791965083234533	0.838975111784576	0.803346729897605	0.787821796550756	0.792450988706302	0.7946619536801	0.780980982810773	0.820550179693327	0.820047983469971	0.785611247604095	0.826021765625293	0.78464229148881	0.797425057936722	0.800753123540607	0.787477939936652	0.849350134323639	0.863796150912496	0.860179033973782	0.867283306639358	0.824409224088803	0.866595609863261	0.820477476536631	0.837180910222271	0.827425890713654	0.87002684268851	0.83013255372224	0.842192195060513	0.838217764005618	0.861507327861529	0.858359445676733	0.830232376482904	0.845350039108461	0.855167735291911	0.850197787255936	0.852600439235151	0.86222399586551	0.858182354535137	0.826376265367118	0.844700126027667	0.844355261433199	0.856337706374756	0.835915066457497	0.844996159658081	0.845304469873654	0.848263389606374	0.839160300029675	0.84768542269386	0.846209667880417	0.849816643290688	0.862958767944147	0.86362015815298	0.86995454841496	0.845284197885062	0.856656825162024	0.809671317994081	0.818654244625506	0.836401459759203	0.863303133185274	0.835677878309941	0.817443092792483	0.835759094064209	0.846228261215951	0.836649839043225	0.829715180663287	0.84178479459517	0.840484179852244	0.862226951818791	0.844899280483679	0.828542680809029	0.828172806896026	0.862389753269708	0.842536553135435	0.843721557699451	0.809334502274419	0.848259913582451	0.833849151476971	0.84597774014196	0.82675497560635	0.835392484780003	0.829834265571084	0.832659989669994	0.858566102608154	0.841239652408837	0.849054819573013	0.843044859095559	0.857166493947294	0.845523546742174	0.831635286167861	0.835755855839626	0.85111926268574	0.854651207086285	0.849318993182028	0.839754323989223	0.855709036413837	0.82964461019773	0.831943230325101	0.832605364690555	0.83245757733606	0.838541015980237	0.85431755637935	0.85151006544954	0.825237153202203	0.84444730269488	0.822589858459468	0.837070951367782	0.826957715212031	0.860496980826809	0.862090304531901	0.857206946891106	1	0.848966696543456	0.848853759460002	0.852610260975103	0.837196617376451	0.846329790425859	0.840341360026749	0.851106016868862	0.837266877379336	0.848639628926664
GSM1045303	0.923940729573644	0.874960351095151	0.842713492552903	0.899401296682449	0.911872390727965	0.898677218351803	0.904723971855838	0.903505424436994	0.897629869143569	0.911875359102943	0.923037571087515	0.911301026633198	0.907524690160399	0.901460963362039	0.909478392551426	0.889139841343694	0.891299964318781	0.953397143748407	0.930022601766676	0.945021352480398	0.922529579884415	0.914582089188287	0.939437116069509	0.912233549605087	0.957550657304598	0.940607594576194	0.869461337233457	0.913611401210062	0.939510283145754	0.955150362754798	0.904643533403896	0.951367826015368	0.944976002080224	0.908527956587505	0.929649386306443	0.94901086257877	0.929943554683208	0.942065251803872	0.947424191474519	0.952701311500981	0.942882155947595	0.930647480379314	0.949900386834596	0.936549419215882	0.95303177364383	0.952589789818109	0.946399742729689	0.933481012271083	0.948104719412612	0.947065374354295	0.951438165142559	0.923714568838515	0.922845669128194	0.942789322717918	0.93629970542619	0.941574161065472	0.925763592401919	0.89575779192772	0.9358636577545	0.909195823884077	0.944315307476145	0.913891865463356	0.927830179637138	0.935494633642412	0.918689904061533	0.929322261897449	0.92532031681086	0.949692294333783	0.937336638146387	0.937202248484198	0.929867938866589	0.924230928457194	0.938742002536572	0.917067993726526	0.948458148471032	0.911069780068363	0.949499294868757	0.954650223307281	0.946318611241241	0.92079024881834	0.952374314586315	0.940753027027979	0.938533647821623	0.929250453993895	0.93661111425238	0.922409190462389	0.948720886133737	0.94591885800324	0.951831728746153	0.94722532616626	0.948026979857883	0.911616036832606	0.956689106215019	0.940069956760659	0.920289671077186	0.951233794619224	0.932089878080702	0.87430317351315	0.959693226369281	0.950862656792075	0.942583811095388	0.947507727037202	0.916071108849682	0.92982993580956	0.950807065826137	0.931184521465288	0.931608539485387	0.929234167441127	0.943929728847687	0.932549441550529	0.914516830945853	0.848966696543456	1	0.956819934230843	0.918703355957232	0.934282723798007	0.960421608169938	0.954831439499626	0.944608795770339	0.941391999201585	0.948269936620061
GSM1045304	0.928743437456339	0.871544406369167	0.819037323968442	0.898110047816577	0.91657602957469	0.904280485601875	0.907858782702951	0.90722854353486	0.901290141479944	0.921187390960751	0.925433457369612	0.913411151999475	0.906817711480096	0.903866877868984	0.910802020568782	0.89664648714648	0.89710490652806	0.954312805667927	0.941908616911152	0.949789391120396	0.92103562109837	0.917632762704865	0.942312648940661	0.906486259766677	0.958847583184732	0.938240527916398	0.870709878848461	0.921743302619754	0.940773453912079	0.953134333960711	0.89535230029997	0.948197488757842	0.954720357888294	0.920601847457433	0.927103468270214	0.959384755654811	0.93378931062454	0.950987070146134	0.948136066733847	0.954491737903599	0.942477676649893	0.937759138814858	0.956043386707574	0.939637821383915	0.961044718279415	0.962130887791421	0.948827353747178	0.948051805563564	0.953316199037946	0.945846356167472	0.949237701628607	0.930959522797986	0.92573596068761	0.94547930493332	0.937643593351742	0.955798226084896	0.931311046849453	0.903815390909929	0.947682494479026	0.908688737224729	0.948688378739397	0.921263114116599	0.946391423115385	0.948285483185599	0.914523105777564	0.931988346275226	0.941548550095203	0.951213474466957	0.940608371454682	0.951752733722343	0.926773042142935	0.93555637888464	0.945515079604803	0.918923306309153	0.956628503614422	0.904385832733909	0.951239820220834	0.958596449237117	0.942432090923896	0.921237381295641	0.953224649566825	0.952336307083438	0.946995700414667	0.926356691402505	0.937882748279147	0.930043938993582	0.952330985986689	0.949588480820195	0.958370484931369	0.948707131089247	0.946872722472403	0.911522747300289	0.955396767751994	0.948283043587437	0.91220542807907	0.955655911564048	0.934031723286194	0.868209850892439	0.955321355691247	0.945104606885354	0.94982158205876	0.959455366934283	0.918321145883572	0.925969829827535	0.952670325346872	0.927844181953263	0.939579850430406	0.926974960634455	0.952294386736809	0.943600261172477	0.912522419859851	0.848853759460002	0.956819934230843	1	0.937984380860788	0.926482748381799	0.965497802548678	0.958768394676084	0.942028369208604	0.951743377569488	0.959809116156906
GSM1045305	0.889008028708055	0.851809246663095	0.805287894350341	0.877303846622342	0.87863359561231	0.869678265422474	0.871231470996528	0.870381221195494	0.862590476205819	0.898584939262094	0.888568170607984	0.869104427815482	0.875942924740423	0.862117412174302	0.874284636108319	0.871234526661348	0.866510782860832	0.929146602150179	0.937311034615156	0.934608225736624	0.90588071574639	0.901629728430878	0.916975482902228	0.879483706868965	0.918101436444912	0.902694553906052	0.86837985185284	0.907753416658909	0.913273629854259	0.914732238188436	0.886256601556257	0.91721502540525	0.922117525166151	0.917139444720069	0.904706055810017	0.933616532612978	0.924804013018947	0.937801372907386	0.918598487218307	0.920443946250798	0.913129130528803	0.918490131381826	0.927170135987526	0.911405036227698	0.934184641565502	0.923004870983165	0.9188240637149	0.934483611497431	0.919762270422401	0.9084283914764	0.921194444648667	0.918586140878279	0.906760382756037	0.924792098784428	0.904390152935916	0.935667696753268	0.909714568651234	0.890208302287016	0.928715938352172	0.905989580508242	0.915389169720757	0.88760916613065	0.940234858736015	0.945114592957049	0.897821617828345	0.907304991225801	0.937227504175227	0.921137837561757	0.924477513365319	0.944163734255091	0.904347164652592	0.927681953485131	0.926697195201302	0.903722466926739	0.935682103676056	0.872554264094001	0.915708804187317	0.927248584206601	0.903841943868305	0.90410097220452	0.920476449729939	0.936724944875864	0.935738259716767	0.905737881625209	0.906769656219082	0.913310670364584	0.92810927923963	0.921581513718893	0.925161929410424	0.904980364583012	0.918146083441561	0.89370543059864	0.91341215076589	0.933673039581032	0.886006454233117	0.920560680108319	0.902842518764736	0.850198676468709	0.909243629159435	0.897221060704749	0.934471148105198	0.933911413979503	0.903958403530794	0.890197790104606	0.916805421237031	0.898484143697412	0.926905823804329	0.895198066671516	0.937479241718865	0.938277108945242	0.89407516557179	0.852610260975103	0.918703355957232	0.937984380860788	1	0.900224585411557	0.927690630257563	0.922811706249656	0.91619891211884	0.93442445421155	0.934993264164319
GSM1045306	0.908505600665937	0.868179164436841	0.842113517916133	0.883103414170827	0.895155504731426	0.883115003435182	0.890637703569328	0.888319255578353	0.880441791661639	0.89639992426043	0.906589302886058	0.895608576011779	0.889060745756808	0.886143339493119	0.889220509048907	0.874618992401606	0.87671714064806	0.926655359254587	0.907956942181899	0.923392427216558	0.903363091628932	0.909028707335351	0.913393097078674	0.900063135880721	0.934535173720888	0.925835751913007	0.848298460573195	0.90405804969453	0.9278404038962	0.937851835711294	0.887934799190258	0.935242233570426	0.928815998369754	0.898346874113941	0.911746484592315	0.930866818959462	0.919839335599326	0.918525142320131	0.936570140533549	0.938129790438994	0.931834019927888	0.922140899036303	0.929409686066447	0.926523388991054	0.932237671092913	0.925740496931612	0.944672605156178	0.926696201858851	0.937748878841344	0.918041984448724	0.929864950507303	0.912452837280748	0.904839529105124	0.916793333563868	0.927831154865881	0.923885908839249	0.898165872599242	0.889343734451462	0.915430512872319	0.902318191909198	0.91377992802097	0.904232660074747	0.908896897027201	0.915181399386412	0.910974460836293	0.923146503145127	0.898493697473434	0.934853823936919	0.913775224277024	0.913867288657869	0.910837470519355	0.901523325376166	0.925689761330335	0.908999607782104	0.925320396320492	0.900414044727149	0.919203032039987	0.932609266959822	0.931682413064535	0.905126768098561	0.936302709908578	0.918193775175363	0.923932183504628	0.908804451761459	0.925970621979135	0.910076555047942	0.929390303259496	0.929054568504859	0.923885388833824	0.921505574499189	0.925197497704439	0.886624710749755	0.934584310642455	0.915043637545464	0.907176584408159	0.929478612403333	0.90306524649288	0.856772193068562	0.93066898417349	0.931456178517737	0.918152653376787	0.926118954405029	0.899169877345375	0.89591655004436	0.929323315150621	0.915243083841836	0.908995910895976	0.922997623091814	0.918667659927486	0.907733249588484	0.891606249241598	0.837196617376451	0.934282723798007	0.926482748381799	0.900224585411557	1	0.933416577856507	0.923617330749476	0.915226192251902	0.916562423362431	0.928183884708294
GSM1045307	0.942850689841572	0.874428035732197	0.821932701471194	0.905495133041907	0.930177466053021	0.916000187460452	0.921300128059493	0.917050424079093	0.912640129251941	0.931417972744981	0.942023606781613	0.929786819895678	0.919271940205877	0.917499946151666	0.92335937546416	0.905422255465313	0.908557569762837	0.95919843845762	0.940206596962557	0.954268045626984	0.923676316055866	0.916926407693943	0.95045100206541	0.908276847568203	0.965006661423251	0.944774367365462	0.870926596016734	0.924404966428972	0.946336814157741	0.961086556679193	0.897667713057727	0.955210838222673	0.9658494960875	0.913167316770459	0.930491264368183	0.962296440408996	0.929961609499317	0.951053169681063	0.95418478416458	0.957016372847121	0.94394957360774	0.936218820989674	0.957865481920346	0.940925289847925	0.963924848633403	0.970130234605994	0.954820141186241	0.938803908873856	0.960291609049805	0.952835473287539	0.949743289107051	0.928248812543476	0.932090549235177	0.941425705374944	0.943398488587919	0.956437357172901	0.928535819135224	0.89853865849135	0.94508880882007	0.909268411738307	0.954972126252126	0.925481265228498	0.937295945509658	0.941411539869614	0.918378900420283	0.937962158413428	0.930976499588787	0.955823661747829	0.940645073900767	0.9476412831211	0.930417178330582	0.935829676890897	0.950254561371993	0.918625426802435	0.963621672728571	0.907225074459983	0.959820650298193	0.957285282563162	0.950209997219082	0.922851510435068	0.955940044939338	0.951384489065358	0.94696231245234	0.926515934121448	0.944643947270733	0.929421874479713	0.953173140329681	0.955562533753068	0.966564236664267	0.964267913949099	0.947704341826764	0.915768997982297	0.961564359097918	0.944899853060397	0.918054639450197	0.96154878285674	0.942508887075907	0.872385742316762	0.970139710202475	0.953460265762796	0.944890781796782	0.962063957161494	0.918433796770242	0.938182179576419	0.965040186851022	0.935316011598715	0.93535320388587	0.931811458419097	0.949486313276047	0.940541885549593	0.915413746814598	0.846329790425859	0.960421608169938	0.965497802548678	0.927690630257563	0.933416577856507	1	0.966155793119303	0.943244131174685	0.949359110788082	0.962397741179866
GSM1045308	0.92626557506761	0.858954890212378	0.812972895943654	0.899935044968941	0.910742978008671	0.896970672260265	0.903008264622035	0.899328556889169	0.898707603526549	0.913148859613687	0.923213373770469	0.910335239981387	0.901632598977825	0.900010466487895	0.906949761301447	0.88375670193821	0.889340343830498	0.957533759528824	0.930828438230409	0.94731654403495	0.915153897040276	0.903566577874272	0.930671574627004	0.89558673154265	0.953713019166947	0.925246268259776	0.867284417651924	0.911335194370589	0.934265646728485	0.957405870488491	0.888031830373835	0.946859410761349	0.95687451823742	0.897528882393237	0.919496833348093	0.958936618558716	0.921971025018856	0.951995984121437	0.936363170548051	0.958126772199529	0.935003124701223	0.930695741518432	0.949310529740299	0.93818577205462	0.953220158371379	0.957496889260412	0.940253595972186	0.931365943709744	0.941685634787078	0.944628096391741	0.938483238786612	0.920958343335869	0.923003873996479	0.94062098442483	0.940658604843033	0.94903840218492	0.935908166140678	0.888245784750698	0.947425093697052	0.901855042862317	0.956472782393295	0.903859082575795	0.935392904815826	0.93877753696783	0.917966399860361	0.934900988847138	0.930922797892495	0.94057210042315	0.937928725887521	0.945499603856591	0.921979721885269	0.941670119954554	0.943152187655793	0.906469391256534	0.955231541365315	0.895703686403139	0.960802639912536	0.951660073261307	0.933810380749605	0.909025381753197	0.946830043380745	0.953619950086027	0.941942915689507	0.927506769253206	0.935898684562078	0.922214658216068	0.94880589957816	0.943346763842592	0.961436673131112	0.951925708710288	0.946249878015273	0.908251598741901	0.952090049627278	0.948900930574636	0.907937304649643	0.958149086626248	0.932797131153312	0.869475536870417	0.96267364375678	0.948141057001503	0.942088270934663	0.955583005091188	0.907167057481495	0.933685968859075	0.957398982446011	0.925494033216171	0.939551018561633	0.916611362162054	0.950049534130116	0.94477968937163	0.913998652949296	0.840341360026749	0.954831439499626	0.958768394676084	0.922811706249656	0.923617330749476	0.966155793119303	1	0.94451894282512	0.952510074860953	0.957540052232276
GSM1045309	0.905598706009959	0.869472062214832	0.828004779637438	0.893719411513093	0.892709588178773	0.879002551006583	0.887371395521216	0.886343293061037	0.879578638368739	0.901848254397386	0.905714502407252	0.889969142857257	0.892848733796614	0.881118331130419	0.889409161994326	0.874946157205988	0.875014419152692	0.942104766511292	0.925567238104965	0.934823341069247	0.921404836811972	0.90160346801403	0.922444997993592	0.887375421632023	0.939706027765108	0.91358860217671	0.871053337206875	0.901101256495548	0.920511444005641	0.935141015777269	0.896648515698439	0.933958084627937	0.931110135070761	0.895766693387167	0.914700272416423	0.942517590044304	0.917797217659336	0.93985074765763	0.928706868405365	0.933279927410671	0.926313235627949	0.924998038801654	0.936946996786969	0.922713214723939	0.93757617009727	0.936047037797675	0.927109197629508	0.922083246668821	0.929184533821232	0.930747500993825	0.930564024027012	0.916651138393329	0.918986569867601	0.936757490749075	0.926515489472757	0.939324100555614	0.918324784687029	0.886535226073572	0.931608194243301	0.902068786379409	0.936148216122889	0.898566006292402	0.920087558594936	0.928748239306321	0.919605154162654	0.923930202155164	0.915701935541965	0.92800831798801	0.926043613946388	0.928935619400367	0.908170303261804	0.921234650674618	0.930394640511889	0.901875125557187	0.938284505079243	0.885049770247642	0.940442530513882	0.937712942815658	0.927043579257859	0.903673822326228	0.933681933789695	0.937245082865904	0.928957817375949	0.913987759446609	0.921241419512427	0.916460424469432	0.939242017132455	0.934044578881621	0.936768567687841	0.927142043517266	0.929793059792391	0.894802346042841	0.938009846972573	0.930561807865854	0.904471706712985	0.94555827828929	0.916091688709261	0.878026766332241	0.935864996569727	0.934838463178847	0.925877464807969	0.939706311288145	0.901311933972649	0.909747479852233	0.938748992113507	0.911797285256181	0.922908693609656	0.9101678804383	0.941009353674974	0.9326061939042	0.911633450406958	0.851106016868862	0.944608795770339	0.942028369208604	0.91619891211884	0.915226192251902	0.943244131174685	0.94451894282512	1	0.933847300507553	0.942495563460562
GSM1045310	0.917885928566685	0.862257813856636	0.808784273837124	0.884220576459379	0.908165707965214	0.90149838885125	0.902755475327582	0.901992675545415	0.899599711163394	0.915323605826384	0.911544046541812	0.908208184396185	0.896928631783514	0.898679461436668	0.906501624345427	0.891160069018498	0.894665366327226	0.949113416862226	0.937746075157915	0.940719796283872	0.909178961221545	0.916849215553635	0.923616357785241	0.892302064308454	0.947549802415458	0.923184482982169	0.856826734053428	0.916791013605485	0.929514690815683	0.942087032829886	0.886981707592516	0.933798940738151	0.945707735582504	0.909956554096753	0.915212678025706	0.948799372898581	0.931395278186054	0.944314486835463	0.935055477926115	0.948932797254054	0.934468795998846	0.932156358594398	0.941496298616817	0.935038776663325	0.951853491860876	0.944370423657679	0.933956352019289	0.937296614693363	0.939258886399425	0.930741090961948	0.934904097285738	0.919318488313615	0.912073344878056	0.928799136357908	0.927766177194376	0.944198370940947	0.936287125871721	0.900923159219363	0.944028027290334	0.904418032778769	0.940640401022058	0.912746776703112	0.94660317560762	0.949126706031328	0.909298816362403	0.928107417285345	0.937004788074807	0.935865628258698	0.932558176305455	0.951530988208539	0.923550202526812	0.945097675571025	0.936579776134154	0.911606648084331	0.950834382612124	0.890968203750038	0.941425120631062	0.954668243794663	0.927287887779897	0.920734678350632	0.943392550641853	0.956801753277736	0.947574947291093	0.919562991919001	0.92918722063851	0.920036481526367	0.946073976442599	0.935696118579017	0.943556182883528	0.930682606425328	0.940264869245939	0.896943093552465	0.940908456959326	0.946450270035041	0.899238750658867	0.945038036475511	0.921790975935182	0.852408078378159	0.939893963308842	0.933340404998161	0.948713026928054	0.949446720320661	0.903932613671622	0.915105381022699	0.939484092552944	0.921814861313535	0.940323404900713	0.913486732377926	0.945585365932818	0.940961262709667	0.900765358874476	0.837266877379336	0.941391999201585	0.951743377569488	0.93442445421155	0.916562423362431	0.949359110788082	0.952510074860953	0.933847300507553	1	0.951714140145011
GSM1045311	0.930091564126458	0.872604990796378	0.809456660897876	0.896401367608201	0.919765340988844	0.906779807190597	0.910894440022996	0.910650075302809	0.905400562295291	0.923319076138142	0.92770914054335	0.916221980480893	0.907093619218907	0.906659279801002	0.913460953173738	0.899780464094758	0.902004323112458	0.953491066032308	0.943691042902142	0.949298605862841	0.921258737486816	0.921578656841109	0.93791910533693	0.896174492779151	0.956485247503204	0.933768159227567	0.871562060622086	0.923952287016352	0.940530119468921	0.952782878240491	0.896712059892785	0.948492890278895	0.956814575686573	0.920286876078438	0.923828384419887	0.960143046233467	0.93561060527642	0.952707202954739	0.949922571690041	0.954919043366503	0.941866131393668	0.936464850474338	0.950914423354964	0.942010391663827	0.954417098206936	0.958231650143685	0.94808643793983	0.941269817294175	0.952675742651728	0.943346851614852	0.937865762028806	0.931069918348087	0.926163770890534	0.938756049600494	0.93829805144662	0.956587496155295	0.930396263025513	0.905764072876777	0.94791561479068	0.913214013486783	0.948967994590696	0.924161315957762	0.941135006005061	0.947099185614053	0.914951415904681	0.936198594737561	0.931342045757074	0.951780888134558	0.940042181971788	0.949678525128867	0.92442846756015	0.94389863858218	0.954186109119364	0.920306608123765	0.958842463497613	0.89432360365767	0.946197719718507	0.95599691957017	0.941444721754061	0.92335480663591	0.951835102594851	0.954727474203283	0.946736503425072	0.920344868961303	0.937252097319254	0.930405245758309	0.954750119510931	0.949686999007519	0.955564948414619	0.944045411657257	0.940093318398951	0.905589841117938	0.95466256633849	0.942090633383301	0.910044763614386	0.95576995298484	0.929827084694024	0.865043555125469	0.949419450356922	0.945304816707447	0.94458657197202	0.955765855572613	0.9143230361174	0.918959710291879	0.953112486293442	0.925502252940844	0.936370239390611	0.926330865408703	0.951902283602944	0.940990156515686	0.911443123341294	0.848639628926664	0.948269936620061	0.959809116156906	0.934993264164319	0.928183884708294	0.962397741179866	0.957540052232276	0.942495563460562	0.951714140145011	1
