gsm_id	GSM1045191	GSM1045192	GSM1045193	GSM1045194	GSM1045195	GSM1045196	GSM1045197	GSM1045198	GSM1045199	GSM1045200	GSM1045201	GSM1045202	GSM1045203	GSM1045204	GSM1045205	GSM1045206	GSM1045207	GSM1045208	GSM1045209	GSM1045210	GSM1045211	GSM1045212	GSM1045213	GSM1045214	GSM1045215	GSM1045216	GSM1045217	GSM1045218	GSM1045219	GSM1045220	GSM1045221	GSM1045222	GSM1045223	GSM1045224	GSM1045225	GSM1045226	GSM1045227	GSM1045228	GSM1045229	GSM1045230	GSM1045231	GSM1045232	GSM1045233	GSM1045234	GSM1045235	GSM1045236	GSM1045237	GSM1045238	GSM1045239	GSM1045240	GSM1045241	GSM1045242	GSM1045243	GSM1045244	GSM1045245	GSM1045246	GSM1045247	GSM1045248	GSM1045249	GSM1045250	GSM1045251	GSM1045252	GSM1045253	GSM1045254	GSM1045255	GSM1045256	GSM1045257	GSM1045258	GSM1045259	GSM1045260	GSM1045261	GSM1045262	GSM1045263	GSM1045264	GSM1045265	GSM1045266	GSM1045267	GSM1045268	GSM1045269	GSM1045270	GSM1045271	GSM1045272	GSM1045273	GSM1045274	GSM1045275	GSM1045276	GSM1045277	GSM1045278	GSM1045279	GSM1045280	GSM1045281	GSM1045282	GSM1045283	GSM1045284	GSM1045285	GSM1045286	GSM1045287	GSM1045288	GSM1045289	GSM1045290	GSM1045291	GSM1045292	GSM1045293	GSM1045294	GSM1045295	GSM1045296	GSM1045297	GSM1045298	GSM1045299	GSM1045300	GSM1045301	GSM1045302	GSM1045303	GSM1045304	GSM1045305	GSM1045306	GSM1045307	GSM1045308	GSM1045309	GSM1045310	GSM1045311
GSM1045191	1	0.861706777052285	0.761136045831265	0.886560363856489	0.980535360878597	0.967569816963257	0.972688036919685	0.966617605041764	0.961811675805557	0.956910301435038	0.965574905628069	0.969695607772458	0.968766828358878	0.967962138063971	0.971921246950407	0.958264466381659	0.963858714851111	0.886924082906069	0.880530009276884	0.88687477944503	0.867546049609775	0.844979661540089	0.909555844727165	0.846628935212895	0.907173348363752	0.888383740418413	0.774996742104425	0.854512400912655	0.8911005229887	0.898496673222188	0.830246346603797	0.903918970564904	0.955971636524002	0.832771602511431	0.862653268619202	0.914292095266475	0.851456696074724	0.889753740066158	0.907330028462687	0.896762128169783	0.865121281187451	0.876263276343755	0.899446794841831	0.88020706660686	0.889823482958883	0.926716718067826	0.897400500349355	0.876151976726332	0.919518896747566	0.912704935477688	0.895805019404615	0.861331974895225	0.897969262982516	0.871102908458151	0.901746543459315	0.901794536060232	0.859167401699229	0.826782345421231	0.888486313149485	0.834496535577033	0.905178747726795	0.902921397270524	0.86423585655336	0.867568980217065	0.867290111481771	0.905152336068683	0.847891665581549	0.90467313672997	0.890082702682019	0.885096608705943	0.864073912398665	0.866199347567046	0.877312389730616	0.847484775578401	0.916082713140233	0.846602407405793	0.911461927371127	0.894391407339254	0.903124752110906	0.851373402067761	0.883124929913301	0.874729168877181	0.876471324594276	0.828809531784037	0.874701904118942	0.873779931758663	0.882839595360644	0.927122951091722	0.935212135437901	0.933983511220399	0.868770313609267	0.844902548464257	0.902074345778312	0.868123159650165	0.883292227051404	0.896178330190785	0.883094997928253	0.821893111886069	0.922360744936459	0.907317486299621	0.880120882715483	0.902727153093665	0.858418657628979	0.865626812212772	0.938836271261105	0.863006339481186	0.864568573069267	0.873535196148677	0.880996622619228	0.856774423217161	0.880810209404696	0.768504500794056	0.900062257928927	0.90331966892423	0.847861156940968	0.884359189395858	0.927920188195261	0.89669032829001	0.88640891465867	0.884712575051743	0.912288197393002
GSM1045192	0.861706777052285	1	0.824719587134956	0.868802245197891	0.859139870581088	0.843764967039171	0.854720055072339	0.865023162786436	0.837784342250058	0.855698904481781	0.870381794856244	0.853746403566236	0.865452541684185	0.848038550472688	0.847648131012547	0.851346084332023	0.844342406304028	0.848139965413663	0.859521200662799	0.851906073764065	0.869197299055838	0.843924160372469	0.882099842710316	0.856423130157621	0.879546351827443	0.866716311492113	0.799982826959951	0.817922510954104	0.852806461326207	0.850292204040541	0.85721845459888	0.876959069640579	0.865713499718875	0.839636500530866	0.856886023020662	0.864743573533518	0.850332951591782	0.855407858567893	0.889271813474938	0.85068138625669	0.858027799581839	0.862650906746953	0.867216091557449	0.836853801045777	0.85589464164805	0.874927034679269	0.868288019475877	0.845474168324488	0.873702650972714	0.875252377315416	0.871311828821075	0.837477892185341	0.864523317579498	0.862430087439351	0.855532228836592	0.861320089538007	0.811523877731416	0.830870542033264	0.841481639803157	0.831617369478927	0.846368901402946	0.920263186173382	0.82847321405781	0.836078003321086	0.842791182343945	0.854724823539776	0.814835947609782	0.872747782465085	0.86091955577482	0.847409535604638	0.831209183375419	0.823225898273309	0.853480126873466	0.853549593474832	0.852648829880127	0.849361540340413	0.850642502766502	0.860645558889082	0.891583374371768	0.832974110856932	0.859452693738827	0.834528503260624	0.835829323987382	0.813553300107361	0.845877655979297	0.851047444492668	0.8557049234902	0.890488458875366	0.852839830687691	0.858813400942503	0.84378704778603	0.824724449848066	0.86829623134463	0.828009644184915	0.881195675027962	0.862000825345582	0.83119864511769	0.829316044806585	0.85417427343817	0.89020240653048	0.833017575673725	0.851217969584111	0.838932164317499	0.810239520205519	0.868035247964336	0.832410982978021	0.829894241784752	0.875785259142229	0.855183335902578	0.826524157067766	0.861789465448171	0.811264126908995	0.866103290224474	0.856464144482665	0.825784549143196	0.860471489850791	0.863778469516305	0.835196663778257	0.865165663020937	0.838925196335655	0.864949599375744
GSM1045193	0.761136045831265	0.824719587134956	1	0.807665185594954	0.753189209857385	0.736029912690653	0.746284856679896	0.756183024737854	0.735635642435871	0.745903550415636	0.774997991287774	0.749682026717177	0.76700512427498	0.743388649178308	0.740166684942883	0.739696615069333	0.733574067706696	0.797459237327234	0.768999437747567	0.796365728933249	0.796811543590826	0.769275211298685	0.807608212586458	0.880798012615782	0.798708531166228	0.821285477443209	0.740238406893113	0.763147193163103	0.810057820883887	0.804225556866302	0.799579457574615	0.825759311540744	0.773374025173976	0.766184312601645	0.804495682200967	0.792080110198428	0.78706592203929	0.778796570537681	0.812411064270756	0.802288230066746	0.802819186474575	0.816869787222879	0.795879589223152	0.768867298078613	0.799686643343133	0.777449073776472	0.82221326088387	0.790888612724339	0.802573486677889	0.806348119804062	0.834752470092783	0.777042974979565	0.798465684113998	0.805783791728395	0.785802549109127	0.782146927384859	0.763528381615276	0.755882587057968	0.782692505811766	0.783504920675718	0.772475918488321	0.78046602133111	0.760472060302462	0.773076165027784	0.805183748514317	0.794653746390396	0.763636201699863	0.809823543563722	0.797797688210836	0.770224314410956	0.785041734187955	0.75628409224821	0.787645351405417	0.789979699227743	0.772918754475192	0.87930037946552	0.787164153847464	0.789626685383161	0.827330385230924	0.767214177684886	0.802167601546758	0.759737341946646	0.780491290606307	0.790483779391353	0.798779470554199	0.780401285867953	0.795977613357413	0.808039159281388	0.778084054845004	0.790829478994208	0.809471841743363	0.77572510909757	0.809604720945148	0.777582289187788	0.843199023198351	0.791083768080703	0.769246719383456	0.787395800402703	0.800815742112827	0.800786481066965	0.776577171619565	0.787833577670019	0.781160155467328	0.770527981747522	0.792443528557889	0.789046514677432	0.78266546978531	0.814486765253412	0.788943626673946	0.775375548811978	0.796716925290112	0.755134270770199	0.819416637714017	0.785924747241805	0.759170265307946	0.821416031186369	0.792496831853767	0.774812596846024	0.797462238385476	0.766185797142733	0.776097671426743
GSM1045194	0.886560363856489	0.868802245197891	0.807665185594954	1	0.864101003834927	0.835020679834149	0.855408977091938	0.851907809645967	0.839406547749202	0.884312302266127	0.900455810344665	0.854205323563291	0.875483769833888	0.838929425705472	0.849783570610492	0.844516895196801	0.836374098901258	0.899586254277962	0.888418272071592	0.905797101539438	0.903169099536535	0.841643466370899	0.914323234104566	0.84039893524259	0.88592331196542	0.872596023827858	0.837095864543319	0.858639059222541	0.892467539929167	0.894724224465234	0.868200731789712	0.911707094520353	0.909789666316437	0.844157953323357	0.877999754844726	0.907748281253941	0.870168548716409	0.901456802994806	0.902546946564957	0.892303099763851	0.868419943030267	0.892567702483825	0.906432053422362	0.87328320582667	0.891480445978603	0.907175918392907	0.899197617635629	0.88336150635197	0.897453514348941	0.907840861729645	0.903597049893327	0.880544093845177	0.920927449562087	0.902332048800143	0.895371050169065	0.905839523692319	0.858730057470113	0.830555321304563	0.892967090216212	0.873920969581126	0.896075705905814	0.845338887808027	0.875041428292063	0.875645901643705	0.892813605125907	0.896164313996706	0.867702004403722	0.889222699071892	0.909773916691354	0.886870706932418	0.858839474154033	0.875031048186584	0.891980170076303	0.852891190282013	0.898369406552225	0.834865446484883	0.909119754111784	0.882595527151358	0.88969943127145	0.846396798333803	0.879392997531828	0.874300276594057	0.875051649839862	0.855038505921752	0.876441563194128	0.888211299769996	0.890318444447865	0.913845290306393	0.91559685728243	0.916592037205918	0.876144481237313	0.874600328050274	0.897688971225747	0.883209401869159	0.904635022468064	0.89363295417293	0.883440440242752	0.87581690120493	0.916139157160922	0.88398306934873	0.877848298868707	0.907042780989158	0.870594215790836	0.872582849515334	0.918123711674713	0.859855377760469	0.872459806935049	0.864411398122755	0.903920439934004	0.891206982402133	0.904093380718357	0.833884484400101	0.904571329298608	0.901340936002707	0.873556315225664	0.885389135865455	0.914484891728392	0.903735408476954	0.904113161777614	0.879025574561098	0.903474107809637
GSM1045195	0.980535360878597	0.859139870581088	0.753189209857385	0.864101003834927	1	0.978863411724965	0.979308234413348	0.973909127103188	0.974445839720708	0.942204899452552	0.957782440023065	0.975053432467337	0.970727475575925	0.977053417994444	0.977992082979669	0.971172203389077	0.977558829012984	0.867388918326731	0.865397105986751	0.867111144545105	0.84862193947228	0.839797447301027	0.893650239081506	0.841826023515331	0.896388904835252	0.879755329459509	0.754513703112535	0.842385830456252	0.873528660822051	0.879659200530039	0.816932154675705	0.882071520925245	0.939358011115373	0.821027073196913	0.849627488367288	0.894020925822266	0.840315022636011	0.868373789176876	0.890698100273559	0.878973409121526	0.849740562812386	0.858580802817944	0.88130706674137	0.863262992581801	0.87198495970914	0.911364132375629	0.880475252316715	0.860847242455693	0.906713899425857	0.896536076707308	0.880479699880951	0.841849367282394	0.873340632168378	0.848176737129439	0.873372289189251	0.881521233824284	0.842715971473095	0.821960310751442	0.869056690588794	0.816634903708259	0.886500526238865	0.908011829743543	0.846018581987043	0.851764469323946	0.843778502554222	0.883714149079853	0.831432652400983	0.890168080456478	0.869870063831302	0.866102718678977	0.854980829930464	0.849985226859227	0.857625679282118	0.838610615655954	0.8974902959768	0.842831143215699	0.890607729430038	0.880577314271974	0.891097536882099	0.844142841307974	0.867934773719872	0.859670164717845	0.86077496312035	0.80862473667905	0.860727297208467	0.85880575133701	0.866868686892218	0.914500377202737	0.917788497870004	0.915449206306902	0.851351898322758	0.828937367958739	0.885627216094802	0.849769700075768	0.870374055430324	0.877208431505095	0.869581000418146	0.803345018102201	0.901465496028499	0.891708715374078	0.86417930472101	0.880414413764565	0.843877388145387	0.849755229852239	0.918699801276024	0.852887453454405	0.845148226179735	0.863360611433397	0.859669554564264	0.83417308623409	0.859433965506946	0.746708108784107	0.883645063314572	0.885819080695652	0.832215600115245	0.866056723262241	0.910829329302425	0.874148112924545	0.867193214078502	0.871337879311694	0.897291427042224
GSM1045196	0.967569816963257	0.843764967039171	0.736029912690653	0.835020679834149	0.978863411724965	1	0.97894716930835	0.977769659377806	0.978516654816638	0.93935992252858	0.93961536723209	0.975966696239552	0.962198666095815	0.981774422162249	0.981967027270521	0.97522695105678	0.986139376461032	0.847907606062638	0.849315286906723	0.845559739141672	0.822655495733691	0.830883510879769	0.870480747488623	0.830413316185546	0.879198602399493	0.861973896739012	0.727222656065234	0.827450578078555	0.853500606301	0.859940266998997	0.794813367464955	0.860567193100684	0.923539476053183	0.809605556681365	0.828725557564626	0.874212187456126	0.828960333178861	0.85028656530524	0.870576627150815	0.865985284889665	0.834458438468301	0.841919734911239	0.859349139637823	0.846952772309039	0.856717185277757	0.889859219397428	0.858419984405331	0.84695295939062	0.888062943173119	0.87571437644457	0.860562400598427	0.822375039326888	0.847776974739528	0.826137689893271	0.853716719253666	0.862054928573989	0.831435780813089	0.807913882734205	0.849293028180545	0.797265914016386	0.867952975574858	0.901630981002096	0.833926702974779	0.841307884807907	0.824250357371927	0.865923883666699	0.817151880385456	0.873500229263354	0.847541253657181	0.85157293190638	0.843572897181262	0.838855959872639	0.834950211026222	0.823163869306522	0.882558118565298	0.830668793058808	0.867985409966565	0.867272477123248	0.872950503124937	0.835493120630887	0.851444783455725	0.850252206290513	0.848322952280719	0.792572786591683	0.84084582170866	0.837449232841745	0.852146600654068	0.892019181603996	0.894263809704177	0.892666833395677	0.835013897445048	0.804239383194504	0.865345467998619	0.832932291162047	0.848292535322011	0.857756617839782	0.851600682192408	0.774691424784248	0.878649801199662	0.871791399897905	0.851296170702351	0.861167309007653	0.823093758504098	0.829747835719766	0.896919984211746	0.838948685571215	0.832149986348641	0.847086508259105	0.839936934807549	0.814416554108043	0.83172220912832	0.719060588374463	0.864022586359966	0.866366601321579	0.819175939585568	0.847070540583525	0.887565811836406	0.852653026573107	0.84804510135827	0.859841933921149	0.876992861003516
GSM1045197	0.972688036919685	0.854720055072339	0.746284856679896	0.855408977091938	0.979308234413348	0.97894716930835	1	0.978283382231684	0.975421184067474	0.94208245649088	0.959693730955578	0.977180917857149	0.962262732948315	0.976030511050853	0.98308618966044	0.968655623095923	0.977122596172671	0.860606597353249	0.854586312735404	0.855430689039429	0.836449276113238	0.847237654527308	0.879678670188025	0.831874357084889	0.890920461851277	0.876058911550871	0.734294375204397	0.841221130100423	0.870024370522148	0.876375323719195	0.809646529080624	0.874601556146586	0.934326458687767	0.813496266886822	0.842836981664223	0.8823888966871	0.838210746694993	0.858700617155246	0.885706559422272	0.880202590842795	0.847800525869861	0.854604928079311	0.874150494497825	0.86259340565332	0.865438811389071	0.898819747624862	0.873115426897821	0.853649369697062	0.89963753821489	0.886733269217322	0.870746760992067	0.832533601384541	0.86378431675935	0.83673761743757	0.867133512421	0.872829487784325	0.840004573856275	0.823236461358383	0.859137199424831	0.812333502098662	0.878949264502398	0.90105865931245	0.843137319827243	0.846620470215173	0.842340593062277	0.882275187422243	0.821172260154577	0.886428193376996	0.860438264364322	0.858671629822168	0.851975066034505	0.847766158471356	0.846578556392384	0.834667951833317	0.893181389506385	0.834186331759599	0.881726792840494	0.881355202926215	0.885179813528549	0.848592815578175	0.865275761853134	0.861671860015315	0.859585659591303	0.800633598984404	0.854898906675689	0.849544527555836	0.866808187243712	0.902697928201054	0.903565757445437	0.905040122824406	0.846681671614282	0.816579129050193	0.879772516607002	0.843478762838292	0.866479135503738	0.869513384651008	0.864052007029212	0.788844814405315	0.895233826878168	0.887284389484815	0.861353886164004	0.872831384624264	0.833390095863704	0.841260775849607	0.909998300640488	0.853458372099138	0.838353243652069	0.861021944292364	0.852721339332498	0.82515848177892	0.843414525578146	0.728152484077876	0.876585631146354	0.876182978571437	0.823318555427305	0.863019272348371	0.899552587108659	0.866130336620059	0.862749378622916	0.867869669423831	0.888792365035408
GSM1045198	0.966617605041764	0.865023162786436	0.756183024737854	0.851907809645967	0.973909127103188	0.977769659377806	0.978283382231684	1	0.969630109024518	0.935339947254789	0.947398468868209	0.972597026960699	0.958405666593992	0.976158244446795	0.975505430022542	0.969081228680556	0.974783528970116	0.860521841625712	0.859284625892354	0.856085037186576	0.839127826271137	0.844460308623311	0.880464267023968	0.842026032578822	0.89549768308861	0.878769645665878	0.740678601019739	0.835272741282711	0.867121219992666	0.876151784045043	0.811067160181283	0.876315352741911	0.93084991217723	0.821200814889796	0.841685348027194	0.886100433912985	0.840282256214649	0.862278460326815	0.886905831378447	0.879633673660987	0.854069392745249	0.858237885490947	0.874761155452889	0.857662885879892	0.868509938888872	0.898372078015524	0.874815619866167	0.856847133015612	0.9009512900484	0.887720314732363	0.876857645356929	0.832119161784975	0.86263851310651	0.84323867017652	0.86674427117735	0.874612808460546	0.844711283136622	0.820787906712856	0.862635065804987	0.812361929394682	0.879141161839167	0.913276398963657	0.844713753067531	0.849977273497281	0.84326561196529	0.882979682199974	0.826060055638223	0.889920675425492	0.860316278104804	0.860086678964021	0.848275162092697	0.847926696792441	0.850312448869718	0.83717952046629	0.892191549292443	0.844279508219878	0.881010056494598	0.882858015445247	0.891312960917334	0.845581260575299	0.869135671687475	0.861654643650566	0.861201777911913	0.804639131371802	0.854072582905798	0.850727745042024	0.868047871287624	0.90813452800201	0.899644324590112	0.900978252250079	0.853249690475801	0.812409583188752	0.88208616225375	0.845660137708498	0.868264295889417	0.872021705524447	0.857497524302638	0.792251517825509	0.890252359736731	0.893386542082013	0.861286238737559	0.874127667169866	0.831287474898811	0.832032456812968	0.908727292354211	0.848134117596693	0.842740891685244	0.868220484125272	0.853896177489242	0.825265347787827	0.846105501479801	0.733217495219959	0.879033268755956	0.878605510590332	0.825450099846426	0.863576021380858	0.89761468918383	0.865092084559421	0.865230553855418	0.869391948571496	0.890025222606905
GSM1045199	0.961811675805557	0.837784342250058	0.735635642435871	0.839406547749202	0.974445839720708	0.978516654816638	0.975421184067474	0.969630109024518	1	0.928008504013285	0.941644039341881	0.979392026176596	0.956650510020575	0.974814770752807	0.97792484088676	0.966413545816348	0.979596477576421	0.851157744422303	0.838673777759622	0.842631500558082	0.819322079903242	0.827397312021615	0.858736776907778	0.820075282744591	0.878210802690218	0.856847252079503	0.716541700853622	0.824617247176802	0.853265044266489	0.865385441590115	0.788447296781838	0.857701724343826	0.917845356450481	0.791459783188	0.826357198912101	0.87080222718113	0.82258165484319	0.845616077039035	0.864220079272901	0.869505186178653	0.831574620296583	0.841589273778998	0.85810519259671	0.85184788151199	0.853325321935789	0.883298261305226	0.85627884747009	0.842388894667202	0.882005377681816	0.874273232462627	0.856227372410622	0.815612395649216	0.843599362162145	0.82035327232743	0.855473763119905	0.858027445189751	0.835739727461845	0.804878997680778	0.849665006263359	0.793032187170795	0.871364944142049	0.889859223794431	0.828627676788768	0.837063155985409	0.830834947781922	0.870533583001283	0.814494279102838	0.870336403752824	0.843216200961178	0.845935927176739	0.842999929505574	0.839162289422181	0.830103593965664	0.815413373632054	0.881147199276604	0.825173012045881	0.872288528717277	0.871226905159185	0.867516943707663	0.832961974774356	0.852113802493749	0.853401681335881	0.850957650996864	0.792294803004261	0.839468757185777	0.835470628439812	0.854842260521201	0.887732923969782	0.891308570239353	0.895122338217354	0.836761366671937	0.803126571380611	0.865640273554065	0.836282290086792	0.851452874416293	0.857903692588544	0.852097686472991	0.774395782010483	0.884826574072534	0.876956643304982	0.852478055272078	0.858847797197848	0.8159034381587	0.833556657073033	0.897901066647421	0.841605094373186	0.830771784149066	0.840157867868347	0.838821798849519	0.812511425468743	0.826632388451457	0.709567442556728	0.86588513234756	0.864872858290433	0.808983369819865	0.846343085991875	0.887068404340241	0.859975923802806	0.850972023079606	0.861699164483417	0.878091279010278
GSM1045200	0.956910301435038	0.855698904481781	0.745903550415636	0.884312302266127	0.942204899452552	0.93935992252858	0.94208245649088	0.935339947254789	0.928008504013285	1	0.945989718721441	0.940711684536956	0.940516824646473	0.922951358629929	0.935473787568545	0.93807620917274	0.937101494788471	0.886789680733656	0.897892962739828	0.891495462193365	0.872527417123003	0.867081494533239	0.915745496596487	0.840091449697025	0.903338159101891	0.886540266920856	0.783244087945097	0.866846367544045	0.886500562876561	0.887421728516485	0.841166560820963	0.897603270946988	0.949734914313299	0.868018994343313	0.86190402524805	0.905411598156732	0.877059542656032	0.896457651011902	0.910779494407846	0.891169622350368	0.878968559203918	0.881802256055918	0.898776560080217	0.876403213653517	0.898985341792039	0.927910146310658	0.898453068492486	0.885998712064222	0.922452510716117	0.904445878218113	0.893552573663378	0.878762928100071	0.900057943845339	0.874926978825924	0.896623156121315	0.913803548807757	0.856494018642732	0.842091533892934	0.882889711670663	0.850322206023844	0.896746016222598	0.895718314010671	0.886084693890351	0.88220538284539	0.86213317252841	0.895194701769611	0.85582830415705	0.905988601826361	0.894676365781546	0.896721805106602	0.864180157780423	0.879717888867769	0.881397511551822	0.857363406989559	0.919809098908161	0.832978713646509	0.900153976374136	0.896568122957841	0.900676887451519	0.867474117528023	0.886059384875909	0.891261044116044	0.88187316672292	0.832377268454893	0.869536869169715	0.8788326153065	0.892623812068335	0.919052838623843	0.92536707755881	0.918501860353424	0.863090121058816	0.841696159996259	0.89792769070884	0.869811034368815	0.877329022100159	0.891341742430305	0.880290837270375	0.814946518786367	0.908925716671694	0.884866080384137	0.882437355292033	0.907276893557007	0.861636586070396	0.857463548076425	0.923587177781964	0.86005648455222	0.866737445613784	0.872119470316761	0.886033236680809	0.868306820190235	0.870979874340834	0.779824314895256	0.892673967771577	0.902346512446035	0.875290700275554	0.875914386054603	0.920357894090849	0.886139573898007	0.888640643472929	0.890793516704496	0.911406873276239
GSM1045201	0.965574905628069	0.870381794856244	0.774997991287774	0.900455810344665	0.957782440023065	0.93961536723209	0.959693730955578	0.947398468868209	0.941644039341881	0.945989718721441	1	0.95686201937935	0.950126082531671	0.939621880779801	0.947766444143007	0.939325377388884	0.940993420836962	0.898497485424439	0.891591049771481	0.899354486598924	0.886793668800845	0.869813162735785	0.927028980275773	0.85596423901761	0.922487857259999	0.906288523997516	0.78602008501701	0.877130177632937	0.910047002844261	0.912307419272014	0.851896788570778	0.917172308690614	0.956673773626425	0.847988198311679	0.884061148362349	0.919594634628236	0.869021743699505	0.897044912580184	0.920688784123896	0.90913111084444	0.879555134435194	0.887969197394213	0.917223750591597	0.894539962596912	0.899388019215981	0.934825595245018	0.908772769328218	0.885454340169341	0.932701806495088	0.924970763562461	0.905940519292624	0.87532929447229	0.911177209391771	0.882094150092605	0.899770821593572	0.912133899149902	0.862245680646479	0.845753044134631	0.892740205908676	0.85204572210536	0.910233540944494	0.907068554673136	0.873669163133584	0.875443859117718	0.879710827891002	0.910449385729695	0.855312760381653	0.917913576296028	0.904957780931135	0.888356407574814	0.881125352186633	0.877183480005014	0.890273702410301	0.867114854916928	0.921790251653254	0.855162169816456	0.916943202474999	0.90496001538986	0.917297593573765	0.872293735954646	0.897888594556331	0.885309357776241	0.884378453541035	0.840298509749317	0.891614180592693	0.88699448555322	0.898000396736122	0.934202583811028	0.936599415661068	0.94692321340024	0.876965491097834	0.862498334069023	0.914680880804842	0.876417876022176	0.903024531215179	0.904757711675221	0.903639034088014	0.839304712010852	0.939794329142719	0.912271484434813	0.889440363500388	0.912770004556034	0.879273359537898	0.883592506417564	0.946315968151311	0.887173113281154	0.867437172696954	0.889820717930251	0.892600112240175	0.869941633796914	0.887503965392237	0.781472830196887	0.913580665336567	0.913417903305314	0.859989056427822	0.896010578586519	0.941283618868077	0.90792150398116	0.89807358809675	0.890521094459266	0.922659840762584
GSM1045202	0.969695607772458	0.853746403566236	0.749682026717177	0.854205323563291	0.975053432467337	0.975966696239552	0.977180917857149	0.972597026960699	0.979392026176596	0.940711684536956	0.95686201937935	1	0.954658450342209	0.976595967918115	0.97330814439885	0.960068599552529	0.973175793135407	0.868632355096637	0.855934134026456	0.859669927357016	0.838061044096597	0.853599224358264	0.885517762729754	0.841781226009001	0.904955983348916	0.887200310710611	0.730360035094766	0.845343510317525	0.876874554756629	0.887799581666097	0.809897803406203	0.881172436285265	0.935767264539819	0.8167131084104	0.847766893727503	0.888545976753087	0.841976149552581	0.861934472498733	0.892843297344651	0.890734795793666	0.859110411705666	0.85911000543444	0.879973259576614	0.868298279142573	0.875241799552426	0.910018860698698	0.879749268302348	0.856107994895634	0.907516984720649	0.894584754757949	0.876789418992631	0.833445127153295	0.862757625223011	0.840510756324037	0.875653942016062	0.877075369004041	0.849547184674242	0.822220993074427	0.864638346437815	0.810022624710557	0.88701115649849	0.912651404707604	0.846760136156315	0.8502748169601	0.844814060441009	0.885120120915566	0.823596990821894	0.894212696723412	0.86076363713152	0.860341192453406	0.85812761216152	0.851983981169098	0.85090784396665	0.839704531191909	0.897509229880784	0.846655099608129	0.889668613734788	0.889756029624385	0.898189876520574	0.855051898661083	0.875126979894632	0.871106170813764	0.86389548377721	0.806700055362187	0.865185646329748	0.850027379890579	0.875162345450515	0.907435174938706	0.907327610267402	0.919594306126257	0.85587549804754	0.82182958786349	0.890824299677052	0.847349368441463	0.872363254854668	0.877748389556238	0.873311995405295	0.789709411961681	0.910863980786905	0.902251851091085	0.863563703855031	0.877970357316847	0.835990566610204	0.856123145511767	0.916791139479401	0.86524404999362	0.843690238381104	0.872596111341387	0.855584219120476	0.826941880816668	0.841688523852497	0.721967554140155	0.885892501109277	0.883983291277202	0.821032087835681	0.868234957128511	0.910859128170313	0.877018423271258	0.867672166388536	0.873515338074608	0.895446964164491
GSM1045203	0.968766828358878	0.865452541684185	0.76700512427498	0.875483769833888	0.970727475575925	0.962198666095815	0.962262732948315	0.958405666593992	0.956650510020575	0.940516824646473	0.950126082531671	0.954658450342209	1	0.956342605297829	0.96630938310774	0.961016763222414	0.961908080567807	0.867004525370074	0.872143751944526	0.870559732057823	0.862324125678225	0.826277017565582	0.902554207843754	0.838521939511542	0.883330068564479	0.861709012634576	0.783761700191381	0.831561603071474	0.865095754075967	0.870729530316954	0.829421915934663	0.884809722016726	0.926649428127398	0.819323927781001	0.849996565174468	0.88943933101085	0.837737870850328	0.876360791831905	0.885851025651903	0.86588592430841	0.841109885569849	0.858974006008689	0.880262475336219	0.852089846790207	0.86537846769217	0.90245041125588	0.870936022738488	0.857059126868903	0.895887861903861	0.899695917927787	0.878729956141695	0.849543787111378	0.887408422469904	0.857384729660435	0.869314214287304	0.879155781630349	0.833234319993533	0.808980119684844	0.862889677569129	0.82310807908535	0.883685478626024	0.887286734556089	0.841312568591671	0.850269679694314	0.847723501781065	0.881390957323272	0.833381312261591	0.881413998492413	0.877639620795604	0.863047644205697	0.847297721460889	0.845164222045255	0.856359248889583	0.831909852727081	0.894372861593728	0.834407725720032	0.893846234260663	0.867509756929698	0.886032063175023	0.832129037165523	0.855267178846671	0.8486206971415	0.850309795427473	0.816012971287041	0.850377451502537	0.857740723040807	0.859939724204942	0.909463167313424	0.914649777017772	0.911930016284216	0.842731637893429	0.838803085951532	0.878641872216161	0.849859876509642	0.873557081563973	0.876064004950281	0.867190523911753	0.822087535810588	0.894543152040306	0.879427202703251	0.85951543312733	0.880156089303238	0.851962383829902	0.851589272892995	0.915647365116981	0.842335574310068	0.841495007733361	0.850557598622411	0.864768550358177	0.842152325926279	0.877982337051755	0.783945851641918	0.883890424244999	0.881091190367309	0.834903891694484	0.858871455626449	0.903858223892833	0.871254975200545	0.873040572402901	0.863567797401954	0.888800270836098
GSM1045204	0.967962138063971	0.848038550472688	0.743388649178308	0.838929425705472	0.977053417994444	0.981774422162249	0.976030511050853	0.976158244446795	0.974814770752807	0.922951358629929	0.939621880779801	0.976595967918115	0.956342605297829	1	0.979506852074258	0.963569457313317	0.977338853359986	0.848630584961103	0.839756891672292	0.841251593512876	0.821568402110018	0.824934364749702	0.864847759673819	0.828047274841133	0.881712084222187	0.860737837408159	0.723719463941536	0.820370171772248	0.853978661318985	0.865846455847226	0.794024108483154	0.864288599889009	0.921252554871983	0.793909361943061	0.828689040454441	0.873770341014826	0.820128400973903	0.845605420561353	0.870230607794528	0.868267866452276	0.832580927318981	0.841763244137566	0.860527396818354	0.849026335732374	0.852657060825864	0.886645580814867	0.859128080456307	0.840095371965538	0.886384211992207	0.878695898571391	0.859998303306526	0.815170524292622	0.848235778277094	0.824939634741728	0.860750599721067	0.857742189600668	0.830671430154363	0.801934122183503	0.849194175393894	0.793198962824752	0.870350590708758	0.899109350930586	0.823729864463677	0.83244036725702	0.82827192641378	0.870860681921576	0.808738043714785	0.872650615950683	0.84352093039002	0.843610426656038	0.839014754959357	0.829784000976672	0.833590119677244	0.816993282798364	0.878604058265846	0.832197276846525	0.871188483888907	0.869102253067677	0.875071848199449	0.828837382979871	0.852261557000337	0.845031495401834	0.844677303172389	0.791272705395419	0.841919869345253	0.836306637939722	0.852583186520374	0.892684930645356	0.892004483393896	0.896540984882822	0.837596235624373	0.80376489535648	0.868744153642082	0.829431381519536	0.853322685775543	0.860446828384148	0.851354024822605	0.77861023144429	0.884670633765698	0.882740660360982	0.847948215950698	0.858201877866204	0.816517816367418	0.831938203973136	0.899610530306917	0.840059765644608	0.828029754896768	0.847488381539287	0.837380183948955	0.807690864691193	0.833114114719755	0.715075517927737	0.867011546494565	0.864306694356035	0.803949041375766	0.85038718101385	0.888715328249782	0.856569855047503	0.850104081901887	0.8549279695799	0.87614333165097
GSM1045205	0.971921246950407	0.847648131012547	0.740166684942883	0.849783570610492	0.977992082979669	0.981967027270521	0.98308618966044	0.975505430022542	0.97792484088676	0.935473787568545	0.947766444143007	0.97330814439885	0.96630938310774	0.979506852074258	1	0.968538299215496	0.976884346914355	0.857489802907689	0.851032682400517	0.851411597585419	0.830093753678823	0.831711642680612	0.874550761815055	0.826469077300341	0.881605294553235	0.862423495129277	0.738661467302031	0.830725859149503	0.860916329165334	0.869443917437277	0.8035995244282	0.869802487115357	0.927233618829404	0.803977582007827	0.83576383511014	0.877165209211326	0.83091767812844	0.857928195148192	0.877342775463027	0.872225723589347	0.839187268261019	0.849692640742001	0.867539114005091	0.854791195047061	0.859231347755093	0.891894672828677	0.863909047392717	0.845812206334995	0.889276591362942	0.883412632060382	0.864787220328694	0.828098346409516	0.858826528020353	0.832860983297825	0.862927386626259	0.866764315266422	0.836462248974729	0.810423413537533	0.853757453852347	0.806101713559381	0.877827558634929	0.893034075656356	0.834747158263336	0.842086415336109	0.833473520269149	0.875605846370391	0.820985781997478	0.87732473554567	0.85706608216351	0.855721952388453	0.846917291555302	0.8440822689426	0.842196215940655	0.824972563377126	0.889001087590908	0.827667734544701	0.879234045793419	0.873396574518358	0.877454461663119	0.839002866511385	0.857112371174689	0.854671590866628	0.852385658699559	0.801170691995869	0.846587811645925	0.841461391319165	0.861005463048037	0.895752438217427	0.900067782939322	0.898791486789526	0.84216580688196	0.815202024147501	0.874235496181638	0.840917708320922	0.858134729482764	0.866559915017218	0.859224819159314	0.783629272014163	0.889774011797178	0.881955218717174	0.856644505501141	0.867305187301093	0.827640356417182	0.841420498033991	0.90302905776103	0.844965206099399	0.836353893891579	0.848299193462373	0.849375294785123	0.823662668193606	0.840974891694357	0.730778802275848	0.87433474746725	0.870646138203004	0.818368108137516	0.850657099525546	0.894224191848704	0.863883621516332	0.859763666735338	0.864973989598789	0.883432803232427
GSM1045206	0.958264466381659	0.851346084332023	0.739696615069333	0.844516895196801	0.971172203389077	0.97522695105678	0.968655623095923	0.969081228680556	0.966413545816348	0.93807620917274	0.939325377388884	0.960068599552529	0.961016763222414	0.963569457313317	0.968538299215496	1	0.980266619809921	0.844275726760239	0.856865631034113	0.849450115871669	0.83260976823085	0.827339544562289	0.875841888538849	0.827560305889695	0.872568901593238	0.857859690592473	0.743628409843089	0.826231133438241	0.850336873297838	0.850747438885433	0.802387326272541	0.856937687934077	0.918995851710604	0.818795205136144	0.829769490580986	0.872383444746412	0.829042389258084	0.850541929741953	0.870492452745702	0.854399338007783	0.831454390471549	0.837181685883732	0.8606326725809	0.837540594298836	0.85228174106314	0.888013109651103	0.857682671191571	0.845533453216144	0.887086037456676	0.873259645266427	0.860888806535559	0.826781833864498	0.855655670044549	0.830858007160334	0.845593485572343	0.862765762340655	0.823564241414915	0.808492199364664	0.846767968412014	0.801883474897847	0.860949034537588	0.89963023669307	0.83422343939493	0.841546660237165	0.825219149368902	0.860528311620584	0.817942291905042	0.871047236922509	0.851742609524237	0.851664730115727	0.834122307176373	0.837295813914635	0.836919066397828	0.824638820011592	0.879787410312848	0.824649867739726	0.863629125809336	0.860515344694639	0.870599427212483	0.830511944792173	0.844824741579777	0.843504594031368	0.842498175741195	0.78988177922445	0.835047692728549	0.842041280147296	0.845561933288039	0.896707816225645	0.893517066933225	0.886894120107503	0.827996301982806	0.807376408550045	0.859554102988093	0.831553208075807	0.850467085423979	0.853774119639273	0.846191509790173	0.787564229043712	0.868771994528485	0.862678398515475	0.84846176234811	0.861630680424892	0.827647399159553	0.818342317073966	0.895118236186548	0.827649229911112	0.828396196593481	0.842316574030191	0.840882657450452	0.81770929309786	0.840821001284632	0.739566995667646	0.858810222129011	0.865001787845388	0.828375578366574	0.841411112308004	0.883689379900815	0.844161062363692	0.846381343465239	0.854130467436704	0.87686721510947
GSM1045207	0.963858714851111	0.844342406304028	0.733574067706696	0.836374098901258	0.977558829012984	0.986139376461032	0.977122596172671	0.974783528970116	0.979596477576421	0.937101494788471	0.940993420836962	0.973175793135407	0.961908080567807	0.977338853359986	0.976884346914355	0.980266619809921	1	0.842638070890889	0.847822208302977	0.842752822173873	0.822848616570057	0.828229274335309	0.865505264720144	0.824515968535538	0.874283511802623	0.857865046780712	0.726891043376728	0.825497562062903	0.84999791572801	0.854650312526009	0.793244507637237	0.854413442131741	0.919621677064455	0.808197013161049	0.825905347571054	0.871131896832648	0.825309967638944	0.847114188012145	0.866564981616727	0.860194981376228	0.830374203391154	0.837151868838162	0.857118646699772	0.843097010329308	0.85154436008158	0.88541317037068	0.854687462104321	0.844808753959878	0.885724963599411	0.871050475110977	0.856954890804924	0.820093228278692	0.846471785012449	0.82285796607053	0.848836422556141	0.859550682075139	0.82509737160307	0.807085368731873	0.845559377467625	0.795286277775049	0.862827070997397	0.899063200947903	0.831920999887353	0.839162785704242	0.824763058207614	0.863691988621546	0.813768654553231	0.869509794998946	0.84443953909712	0.848506478646258	0.838027003962323	0.835256192181795	0.831631683080592	0.820969020512939	0.879353017477809	0.82482483513245	0.864406056250879	0.86406686858289	0.868191973138562	0.832260451342958	0.846977601758347	0.846852573553649	0.845064958915228	0.787990694463628	0.835437947758974	0.838749604180271	0.847539667212039	0.89123256660882	0.891587879602211	0.888663903899476	0.82898634783176	0.801533058402021	0.859114030501113	0.830313573405053	0.846436011290602	0.853336757465791	0.846549016386985	0.776970040672338	0.872589607556674	0.86707670547958	0.848324827273692	0.857490079025661	0.820752472094608	0.822042391171786	0.895322588948352	0.832807515688239	0.827599215104138	0.842548794967376	0.837278864505197	0.811583531706883	0.830890224659701	0.720663194325779	0.858835677940714	0.863178181577064	0.818584722786575	0.843245542197133	0.883536682157783	0.848274784607707	0.844387087848212	0.856248394126601	0.875543846004128
GSM1045208	0.886924082906069	0.848139965413663	0.797459237327234	0.899586254277962	0.867388918326731	0.847907606062638	0.860606597353249	0.860521841625712	0.851157744422303	0.886789680733656	0.898497485424439	0.868632355096637	0.867004525370074	0.848630584961103	0.857489802907689	0.844275726760239	0.842638070890889	1	0.924462759016894	0.98558180267078	0.920940029251203	0.880260945646884	0.925320773463149	0.870941934354814	0.939757337179563	0.909064147078942	0.845503953259109	0.892934338037129	0.926301780425975	0.95124691781744	0.882137374533642	0.951339649876996	0.93827624494125	0.873428703747895	0.908195324261903	0.947254985082492	0.91899413204865	0.93479558129193	0.926061226282275	0.945107903811623	0.924148051108169	0.935579850613337	0.945730209861595	0.922619278132072	0.954614225480176	0.939219707821182	0.935782918829996	0.920578611935052	0.932179270340564	0.94935358165876	0.93917703276738	0.915457322859301	0.931617605429691	0.940156568626791	0.922211826177795	0.937279703126709	0.917946060643912	0.856880337892112	0.936218066580821	0.895092641635651	0.943640295510127	0.866834873297857	0.919589312848252	0.933203248591935	0.921840503251904	0.931177867569713	0.919773928662466	0.933398665789604	0.936212511393352	0.930438899320296	0.902865858146215	0.919106499046549	0.943623722362216	0.885067075926044	0.947725261018252	0.867718825493387	0.951537166420869	0.936894046587644	0.923069822269351	0.888094962470779	0.94355264201493	0.940024030973213	0.924642991553294	0.917451458344344	0.920961509053247	0.915088264869336	0.942980709672612	0.937258828086078	0.945014047672876	0.93921716929866	0.933633669462524	0.886701614844713	0.944973324027002	0.932648395239667	0.914997662797187	0.951542072590293	0.914310217373272	0.876613389622274	0.947908803503185	0.926416886700294	0.932810126712035	0.947663523350439	0.887644924812215	0.913219297764513	0.951011520633456	0.910310317203466	0.920023391810967	0.895729039389345	0.951097804912631	0.940936205443475	0.915390356331991	0.816940226396521	0.948523095751489	0.947150265129132	0.914003376822886	0.913670153806854	0.956702039869525	0.952901771291488	0.945477467038983	0.940039136889291	0.951488351151693
GSM1045209	0.880530009276884	0.859521200662799	0.768999437747567	0.888418272071592	0.865397105986751	0.849315286906723	0.854586312735404	0.859284625892354	0.838673777759622	0.897892962739828	0.891591049771481	0.855934134026456	0.872143751944526	0.839756891672292	0.851032682400517	0.856865631034113	0.847822208302977	0.924462759016894	1	0.934935032165916	0.92826359037295	0.889340633806172	0.935221444793712	0.853179024553792	0.9257532774998	0.892408691895275	0.858613320142207	0.888214754526009	0.906058832168983	0.905562777178851	0.887390555217868	0.923624145407084	0.924581967489761	0.914607226269142	0.900237746377058	0.935582494641469	0.91903759021009	0.941329939962462	0.927339082745568	0.909223480265613	0.910736410964357	0.91893357793318	0.934343485662872	0.898275014024478	0.931623716960989	0.929028484888902	0.914053254887489	0.917017434286429	0.930984162275672	0.926558660201464	0.926785263270116	0.917809534954077	0.920585740940579	0.9303025591594	0.898884082326796	0.942076370040021	0.891366639686184	0.870752597662541	0.924968198021869	0.891173875984566	0.915584965323384	0.885602522308556	0.929632840807989	0.934762595892474	0.897822704528269	0.912422598308257	0.916749947182146	0.923820682313263	0.932649537054825	0.937360993164322	0.888523989219874	0.919466380576788	0.92473440189738	0.892814674773747	0.931447111166091	0.840571408165804	0.917358380416811	0.925385526575724	0.911410311369416	0.887673351584014	0.914850829072378	0.923525680038007	0.913442567207731	0.881504725414843	0.895919062591877	0.923286154548173	0.919219473995418	0.928770478627641	0.927209331517289	0.909136134942472	0.899413229364733	0.878772441657566	0.916816829299539	0.91635907264193	0.895171431376653	0.921134053049305	0.892552213332922	0.860888983082162	0.903732273146625	0.892691255155262	0.913776652780633	0.938561432879931	0.900338391179041	0.871580438138514	0.92774459286567	0.881854468724312	0.908021999693044	0.883330488738164	0.932485701637305	0.927473524738453	0.907921758850572	0.844339591205931	0.921853771434012	0.93644915255843	0.936372772563736	0.889766424593043	0.934565278243704	0.917675413368521	0.92641619637634	0.928235211650477	0.942133915956313
GSM1045210	0.88687477944503	0.851906073764065	0.796365728933249	0.905797101539438	0.867111144545105	0.845559739141672	0.855430689039429	0.856085037186576	0.842631500558082	0.891495462193365	0.899354486598924	0.859669927357016	0.870559732057823	0.841251593512876	0.851411597585419	0.849450115871669	0.842752822173873	0.98558180267078	0.934935032165916	1	0.930352272282379	0.875159603473566	0.933696043850453	0.869806018801644	0.930793974295785	0.905728020201811	0.863602365264759	0.894468348121505	0.92458821777781	0.938818308090243	0.886171517676377	0.948657045893311	0.93928957542323	0.888833899857444	0.907979991676493	0.950533353112249	0.91974827610883	0.938707686591508	0.927394764461583	0.933954974310129	0.915582139569877	0.932476424974932	0.945880146643058	0.914380806655748	0.952489766166659	0.941282103071742	0.935961122870057	0.92799073489402	0.934145537377422	0.946391608142096	0.939129685958008	0.922709923082728	0.937484413552198	0.943516847951096	0.915790532774897	0.943244481943037	0.904403237623937	0.85754843308407	0.934953519106943	0.901120992778737	0.935320962630542	0.867738709014003	0.924335563840974	0.936595221465943	0.917504136513621	0.925623393085269	0.922629421125768	0.93156230947449	0.941176189056057	0.934184496123913	0.897708382926027	0.9176576467486	0.948625626445487	0.88826298186005	0.946207498790304	0.861752391938017	0.944806448176445	0.925769192260656	0.917965121785438	0.882223057277183	0.93498986258859	0.930660001986949	0.920852116279681	0.911369549810447	0.9142582196189	0.921334146352217	0.933075271869878	0.941952430450106	0.947164789940834	0.935702850896852	0.921688539690392	0.8897145331476	0.934958250001426	0.929231404251986	0.912540271625332	0.945765980372013	0.908956759089149	0.884315376378095	0.936154805279215	0.91016070292559	0.929908960122994	0.948527093775959	0.897009457575372	0.900345926796033	0.951051565812182	0.897760893546953	0.915950275603237	0.891031713605194	0.951431862344239	0.946204075185617	0.924466416911498	0.838374132256045	0.940379588021896	0.947680167147485	0.930028550212631	0.912388765084887	0.954915851884401	0.943139864446276	0.937081312115381	0.932905155114723	0.951697424946084
GSM1045211	0.867546049609775	0.869197299055838	0.796811543590826	0.903169099536535	0.84862193947228	0.822655495733691	0.836449276113238	0.839127826271137	0.819322079903242	0.872527417123003	0.886793668800845	0.838061044096597	0.862324125678225	0.821568402110018	0.830093753678823	0.83260976823085	0.822848616570057	0.920940029251203	0.92826359037295	0.930352272282379	1	0.873130862921302	0.928990002801372	0.850248263260787	0.922236083640198	0.888250126951282	0.873093960152487	0.871741042002038	0.900731797423547	0.90741459261483	0.90070561164144	0.928013036238828	0.903940853797348	0.874132303645023	0.907628425144974	0.923800311769124	0.904259032597593	0.921159203092939	0.923301079306525	0.899509327267966	0.896535781225491	0.913885182989288	0.936371028164807	0.894790493356052	0.919271420612448	0.916909499305311	0.912669046032093	0.901286932839275	0.917482115963032	0.925604777094313	0.917975892097196	0.910434179962114	0.924321966821682	0.932038446617721	0.905420619013613	0.924930175100647	0.865642357025068	0.858506689967123	0.907946821078959	0.891204104405686	0.902641113340161	0.868756085102077	0.894091534943063	0.906104470069288	0.906196107792581	0.904705699561695	0.893099244271653	0.90887866348299	0.928008539552741	0.906190021376821	0.877517230210331	0.880655230242159	0.92801076967698	0.885145661370345	0.908222432356636	0.839974055611652	0.911157151973283	0.909130232279438	0.908286707844244	0.866827203997737	0.909036379900273	0.89227987752745	0.893136794973049	0.8790893596051	0.891797696281862	0.917333358157876	0.912941724080122	0.925498493179699	0.91656924237441	0.908387306164104	0.890153514407122	0.88355007642544	0.917109137745628	0.8995531267931	0.905414674937964	0.916696819013787	0.890988892621006	0.895939349621874	0.907505143041748	0.89631372543935	0.899562928994641	0.91974835578435	0.897447472324089	0.877811781134375	0.922444977006865	0.879239047518205	0.886115809645264	0.881506876255027	0.926177153523846	0.912327545778873	0.917139198775424	0.860205212091897	0.92438534044339	0.922508098022454	0.900205897616256	0.895695012553543	0.926079529494994	0.911341861387114	0.932448336105681	0.900812602306616	0.927050452902212
GSM1045212	0.844979661540089	0.843924160372469	0.769275211298685	0.841643466370899	0.839797447301027	0.830883510879769	0.847237654527308	0.844460308623311	0.827397312021615	0.867081494533239	0.869813162735785	0.853599224358264	0.826277017565582	0.824934364749702	0.831711642680612	0.827339544562289	0.828229274335309	0.880260945646884	0.889340633806172	0.875159603473566	0.873130862921302	1	0.90157595446692	0.856918479956626	0.919712887666473	0.9347346633843	0.774185594784929	0.911422214961989	0.914566433253744	0.89747979930957	0.890359848878757	0.894981764169955	0.887632078124108	0.902568922126057	0.91520852009137	0.878659042168527	0.922295688257213	0.876622300386439	0.944084308183969	0.902359539973441	0.928175009725285	0.891540997249122	0.895050590158102	0.89651489001329	0.902089867322706	0.888919681661893	0.904946574725968	0.875320930154843	0.920614982676226	0.873007911885084	0.889529251945492	0.886228559976128	0.868750282875944	0.87578992883451	0.876242786960536	0.902310614601173	0.851864710417621	0.919841344745746	0.875540838113763	0.890330857917975	0.862618228487171	0.891798261785696	0.900975647400217	0.886174002512412	0.854918054234341	0.872727339779799	0.849387395016114	0.913963068450559	0.892129167649698	0.885420595994354	0.904198068887217	0.878161016743334	0.892505027645986	0.930997317136057	0.888964582439445	0.853134391137571	0.862727296256467	0.910163854939137	0.91820958142926	0.942208848875134	0.914626462685151	0.909050301698775	0.884491079979756	0.854074290665104	0.912355779149643	0.872420744428142	0.91968348583919	0.890469206950794	0.865630038079016	0.865706348684246	0.884279099714726	0.860721159696061	0.906393305391299	0.868029617129714	0.895506666176599	0.882856383779169	0.879200680050665	0.7979888942336	0.882329359447792	0.880345273452468	0.875373294985175	0.887467395917054	0.885653109001547	0.859514100038181	0.872684247309963	0.920598850150939	0.866961423486315	0.928604028377608	0.886661604411683	0.867585705989329	0.829052094366107	0.773976052394412	0.890872367416776	0.889712405114612	0.872570235799555	0.884430023019065	0.890257666605002	0.864373973718684	0.88494818615212	0.888311811617219	0.902890004692006
GSM1045213	0.909555844727165	0.882099842710316	0.807608212586458	0.914323234104566	0.893650239081506	0.870480747488623	0.879678670188025	0.880464267023968	0.858736776907778	0.915745496596487	0.927028980275773	0.885517762729754	0.902554207843754	0.864847759673819	0.874550761815055	0.875841888538849	0.865505264720144	0.925320773463149	0.935221444793712	0.933696043850453	0.928990002801372	0.90157595446692	1	0.89084645710603	0.938416477094616	0.929483483445757	0.859458237955339	0.897640402085447	0.9280257991573	0.919156033996398	0.911739936368292	0.945640786913444	0.935965230506449	0.911507172371937	0.921816173388431	0.932242580203253	0.907657581492007	0.925805003195395	0.952476202826613	0.914367051907028	0.919884049550983	0.909645416927364	0.937802857053548	0.893304912312649	0.930576438947021	0.954466563119049	0.932641141617413	0.900737948590606	0.946027535389783	0.94547430088118	0.933840601324943	0.914454305955153	0.942014966092474	0.931176941744302	0.904912943396512	0.935228510451808	0.874325121706472	0.870069909552549	0.9101476339374	0.895987600654041	0.917147536694353	0.901453042281124	0.90897347639206	0.904177281797538	0.880888080866758	0.898544257767337	0.88752318354015	0.935988283146794	0.94337696105437	0.917782110334728	0.897094076354414	0.895757852965192	0.924536085084692	0.911733338395984	0.930090554337001	0.878395250266635	0.928859207020265	0.909985319028431	0.944792203403788	0.899802648952638	0.918855451861035	0.903144066536454	0.890504484206394	0.881090739866779	0.915112011537065	0.903794746912574	0.916573545467657	0.941037102316606	0.93468731096364	0.945064020022788	0.898093194595541	0.90785067445505	0.940286828898406	0.894699195491946	0.923845903039409	0.926352934052997	0.922575810693092	0.868478905424282	0.942035203760735	0.908784106265708	0.897396488387251	0.937828043055783	0.918254943435258	0.910786768173568	0.939616753184962	0.901507856203254	0.893213972423779	0.914099653467775	0.926136489153058	0.914468298146863	0.918007813570329	0.854887827940921	0.935342466884453	0.936356765857279	0.901447686768724	0.898953997875491	0.950225322584633	0.916153541156323	0.921491714398511	0.904692051360474	0.933651220665779
GSM1045214	0.846628935212895	0.856423130157621	0.880798012615782	0.84039893524259	0.841826023515331	0.830413316185546	0.831874357084889	0.842026032578822	0.820075282744591	0.840091449697025	0.85596423901761	0.841781226009001	0.838521939511542	0.828047274841133	0.826469077300341	0.827560305889695	0.824515968535538	0.870941934354814	0.853179024553792	0.869806018801644	0.850248263260787	0.856918479956626	0.89084645710603	1	0.8955579123632	0.913141569162137	0.780072124070792	0.83883741318857	0.884689585152122	0.880144965654496	0.843021323903494	0.896101183592221	0.867166598090022	0.864232106933613	0.870017300425893	0.877195226040302	0.862296868111401	0.860667153071945	0.896126404087964	0.883537775685806	0.896040250146833	0.878094030046485	0.877266518576798	0.844487103958435	0.887463495030855	0.880434370240658	0.901941243797318	0.857375913139539	0.894665155549178	0.88575148240045	0.909053489876546	0.849505191247852	0.860530896110047	0.871888294709809	0.861379062903384	0.864381355773132	0.843742616217088	0.833210291179432	0.860867331523119	0.836746945206173	0.858200877013617	0.883712801159966	0.848601949810123	0.852347569639596	0.840100552506179	0.851147571994377	0.839196342084056	0.896524610244564	0.869171655594404	0.859987028315688	0.859877166314436	0.841793237180202	0.866819633727928	0.864545766695402	0.8632899556081	0.988285330805725	0.865570396281457	0.875064886467424	0.923013851233022	0.851357444011503	0.889903017115429	0.850793189668628	0.850143708257083	0.84890844105808	0.880648168360725	0.852682046192885	0.874711593140898	0.887701402030866	0.864982853713043	0.87402347113601	0.882594001373101	0.837496340257997	0.895364049921761	0.852580023196465	0.883459360768265	0.870968521998791	0.852706011497209	0.804568722117781	0.880917243695865	0.881564311540443	0.854055182702599	0.872109763943248	0.855791352539148	0.848678230676518	0.870239854859006	0.865327003876008	0.856925258920265	0.909977984064352	0.863393138774463	0.845987907301435	0.843171482545101	0.777038657259846	0.888943475569235	0.876430327184098	0.83985954997929	0.876802567767513	0.881140553509697	0.857099616979207	0.861347910016288	0.851724890468958	0.864972545190443
GSM1045215	0.907173348363752	0.879546351827443	0.798708531166228	0.88592331196542	0.896388904835252	0.879198602399493	0.890920461851277	0.89549768308861	0.878210802690218	0.903338159101891	0.922487857259999	0.904955983348916	0.883330068564479	0.881712084222187	0.881605294553235	0.872568901593238	0.874283511802623	0.939757337179563	0.9257532774998	0.930793974295785	0.922236083640198	0.919712887666473	0.938416477094616	0.8955579123632	1	0.944504255755282	0.819205661425833	0.892062330073702	0.927921212672721	0.944199591335763	0.888409976532737	0.943247823746881	0.942127947113333	0.896009155774308	0.917222104978165	0.942616914146693	0.917472091516888	0.925684542608523	0.95697589225399	0.947024073445704	0.945136046947345	0.925758264680613	0.95327612194702	0.92769207382365	0.949807179049935	0.955278318840068	0.943558558775836	0.910074483370953	0.952541106517059	0.947673430022297	0.942096345763601	0.901387597661041	0.913936096761838	0.929485376635602	0.928999368592285	0.940093767610557	0.904012327763277	0.881863003544682	0.927553697529054	0.879635784109406	0.931237145136317	0.930362893864855	0.912891002977872	0.915138822394805	0.904880654582	0.923730403944283	0.895202557430597	0.953699601338994	0.928293052211883	0.918598831503168	0.905022817679514	0.904788259873719	0.930304253560818	0.907980926238465	0.93357235559018	0.894709785874496	0.931901175438336	0.956891941175894	0.95692223266795	0.907911110827677	0.954346509251222	0.933440625040645	0.920941617600124	0.889236338535947	0.927696639343257	0.919615476594981	0.946420948119411	0.946711046085624	0.937041623995019	0.94307442163972	0.93408516263682	0.878122294319564	0.957074824752852	0.91150639820368	0.92363267522961	0.94686778173004	0.914321705804982	0.861641708734821	0.9483150482965	0.951134901307015	0.91696859281495	0.937430340044513	0.894575040074039	0.899754901480275	0.944773581164627	0.919445006982687	0.905561882620405	0.938768842698192	0.933981132055044	0.904924378377701	0.897829538778138	0.797188878195623	0.952356929966902	0.949712522365566	0.893563744282247	0.922048004933932	0.959579095406328	0.939975873716424	0.941297805474135	0.930866048967015	0.95100944166988
GSM1045216	0.888383740418413	0.866716311492113	0.821285477443209	0.872596023827858	0.879755329459509	0.861973896739012	0.876058911550871	0.878769645665878	0.856847252079503	0.886540266920856	0.906288523997516	0.887200310710611	0.861709012634576	0.860737837408159	0.862423495129277	0.857859690592473	0.857865046780712	0.909064147078942	0.892408691895275	0.905728020201811	0.888250126951282	0.9347346633843	0.929483483445757	0.913141569162137	0.944504255755282	1	0.794832953499632	0.911289313344253	0.939913110884559	0.931787793918339	0.889389719463807	0.933212245436868	0.920163068370985	0.898497123996325	0.916713279571374	0.912412563079794	0.91140596230956	0.895011552482835	0.952143470921238	0.931874509875528	0.939414898363193	0.909399293614578	0.920600529364498	0.904300793419862	0.925607481917561	0.92658743551858	0.939639371124369	0.892799145939644	0.944890161100817	0.913584124190111	0.928543970700062	0.894899061689132	0.896763493793342	0.90207561704929	0.899418453995746	0.914695749271178	0.876242081360537	0.899619527538998	0.898503269405626	0.895471481313472	0.894479239558535	0.913166499560248	0.896426483590482	0.89232624561886	0.877160285963029	0.89792342099678	0.865300118071058	0.943654969343499	0.911782658628015	0.896689798317115	0.91131723581343	0.879984786032773	0.914340605778625	0.929338796160614	0.908435635804975	0.911856497718115	0.898466062974163	0.927496034492024	0.953022273017078	0.928221084775972	0.94234999324406	0.901634872283702	0.904609577779965	0.874780511859254	0.931553640249606	0.890940730925446	0.925602741557262	0.92698759715292	0.905671710726273	0.914825946252153	0.920892279109035	0.875560426698041	0.941562901411445	0.88677660644034	0.924698884548258	0.914439345471984	0.89792965689858	0.82498738330939	0.928919597141597	0.921506570104221	0.894402517020294	0.911853656404876	0.899406722049607	0.886645977581697	0.914446262298071	0.923559016817232	0.886586268030674	0.957509224530347	0.901489212870896	0.881690048294367	0.863151578266149	0.786339032447909	0.928811761494649	0.919635846840954	0.873973601172517	0.912611499671676	0.93065308806998	0.896635387901936	0.901173250325849	0.894514695448812	0.917919158335827
GSM1045217	0.774996742104425	0.799982826959951	0.740238406893113	0.837095864543319	0.754513703112535	0.727222656065234	0.734294375204397	0.740678601019739	0.716541700853622	0.783244087945097	0.78602008501701	0.730360035094766	0.783761700191381	0.723719463941536	0.738661467302031	0.743628409843089	0.726891043376728	0.845503953259109	0.858613320142207	0.863602365264759	0.873093960152487	0.774185594784929	0.859458237955339	0.780072124070792	0.819205661425833	0.794832953499632	1	0.787703885517935	0.816395408830671	0.822509503549031	0.844361688139635	0.85646012770805	0.813545511235203	0.811092024525471	0.836103399367046	0.846729807283567	0.828891243975461	0.857133320402378	0.842246307181882	0.805193027744585	0.82978092106612	0.829111898554306	0.851146672436761	0.806209553943776	0.836393570174483	0.837694654472759	0.830106794822499	0.808600522016958	0.82739013643286	0.84895397394797	0.833598652559368	0.85114768866104	0.869619467008933	0.869425726920037	0.827584340213629	0.843323897143139	0.785164151964742	0.769594221193708	0.82623432575645	0.846006477117619	0.831804092830626	0.769574144193006	0.815693233737677	0.831236644769726	0.814305438671396	0.808486111944474	0.826033337901139	0.820824327691482	0.860364092666859	0.831568374132496	0.786840448300723	0.807658569987954	0.877032360619091	0.815614368129472	0.83340999978001	0.762219798347943	0.841274421059618	0.807264308166242	0.829675879406032	0.775193526380864	0.823337536241208	0.802709609899992	0.807918030162744	0.848652480251834	0.821120520351286	0.83831600978649	0.823279368508636	0.841886011949255	0.836950295046571	0.820107627486484	0.819669877921924	0.841418034153488	0.846750052297317	0.834403981349019	0.82267609429738	0.85722780369051	0.806269021835609	0.83642071034548	0.817083741359034	0.812333217031795	0.817012437485584	0.851118657396907	0.829458671651367	0.807351397989675	0.836867302798464	0.782285268157409	0.822170745789433	0.79794266267994	0.863469642658531	0.862755923599591	0.871482633930921	0.883451397275091	0.838099005683707	0.841523117928931	0.836348531752305	0.801423069888238	0.841085147660817	0.836056327928341	0.850476487547539	0.815353445383515	0.847250223052386
GSM1045218	0.854512400912655	0.817922510954104	0.763147193163103	0.858639059222541	0.842385830456252	0.827450578078555	0.841221130100423	0.835272741282711	0.824617247176802	0.866846367544045	0.877130177632937	0.845343510317525	0.831561603071474	0.820370171772248	0.830725859149503	0.826231133438241	0.825497562062903	0.892934338037129	0.888214754526009	0.894468348121505	0.871741042002038	0.911422214961989	0.897640402085447	0.83883741318857	0.892062330073702	0.911289313344253	0.787703885517935	1	0.979295283917095	0.9062391283635	0.883453831076466	0.910235668313828	0.897875249254443	0.867257010105425	0.905939744843122	0.88385934151926	0.902923689656022	0.881476730979838	0.910475628386969	0.901231526484589	0.891032795349545	0.894580142653383	0.895324302178327	0.900734529327453	0.892255095167118	0.886022022992443	0.902569789653884	0.886516498570554	0.908657791937691	0.875070996359947	0.887973177453728	0.901683647307259	0.883047649579442	0.878095160900991	0.875556330856501	0.902019172115543	0.858986288437788	0.886164692378878	0.885492487389728	0.904620747248308	0.867489985297059	0.851380570034344	0.888023710880259	0.886558993147179	0.863633042765697	0.879339927506814	0.869388552498752	0.900206270063342	0.901961898946454	0.892435788963933	0.920633145749474	0.882718689345453	0.899797952337119	0.908584957946232	0.893550932236371	0.834100815210985	0.872298175850774	0.893437165019632	0.889514827566979	0.93015198510653	0.900334485301439	0.892017954952868	0.887833380386215	0.86384049890912	0.916528243174883	0.881460214990354	0.907899619000644	0.890201958526215	0.882917247094505	0.880514705589666	0.881894346912985	0.884863276254282	0.900769603898305	0.885539663587959	0.899682846431973	0.880059918061591	0.901991006011789	0.806652974550716	0.89872161381198	0.866560335770106	0.883723629073964	0.895234491564001	0.897246886902572	0.8840475023481	0.889505584167443	0.916542214898796	0.878423791638731	0.886026516000048	0.887900630823991	0.890477368675854	0.835916743594813	0.785751648046781	0.88831080259997	0.894240820620912	0.883487873431954	0.881687020280656	0.900936725319612	0.876978040478756	0.881043230806495	0.886477219795975	0.904314253132926
GSM1045219	0.8911005229887	0.852806461326207	0.810057820883887	0.892467539929167	0.873528660822051	0.853500606301	0.870024370522148	0.867121219992666	0.853265044266489	0.886500562876561	0.910047002844261	0.876874554756629	0.865095754075967	0.853978661318985	0.860916329165334	0.850336873297838	0.84999791572801	0.926301780425975	0.906058832168983	0.92458821777781	0.900731797423547	0.914566433253744	0.9280257991573	0.884689585152122	0.927921212672721	0.939913110884559	0.816395408830671	0.979295283917095	1	0.942518087473843	0.898255258878424	0.949832247743731	0.928088786336034	0.879168791358079	0.926102169378644	0.920424718092199	0.915616530026404	0.908847008239567	0.941550051657707	0.934739733939409	0.919851412084263	0.922875474419369	0.929021953131252	0.922051467359909	0.922562356547393	0.920711531014894	0.938037508749623	0.907847051258146	0.938948925842871	0.918445388440645	0.926377246695883	0.916418901097804	0.915958371284857	0.910799034281737	0.911199162355804	0.923767669503207	0.886611631712325	0.888775143986215	0.913175642984025	0.915216064352376	0.904925693015464	0.88046829872056	0.901836161663547	0.90408395890911	0.896942383981633	0.91473240894336	0.887799198537476	0.933744507562489	0.929136616285202	0.911544936174215	0.929968737239393	0.89787238796276	0.927007077699538	0.917545013177335	0.920520339655079	0.881923213540648	0.911047557878948	0.923316292633931	0.929478403879904	0.929615232841366	0.9328449736923	0.908770693128674	0.909880128402308	0.890412976838173	0.938751384085487	0.904546207450284	0.932122752509631	0.925531848125786	0.916195515838496	0.922785020380119	0.917042019032661	0.90163974588069	0.939111545941597	0.908377375493084	0.931767119204901	0.917502872330637	0.921488639943427	0.840223655863298	0.938449711163221	0.912536310621469	0.908912600449665	0.926282026605379	0.912850567962601	0.908245978371937	0.928115299931752	0.932381718048266	0.90120269450072	0.91808046879345	0.917441058525729	0.909868593079137	0.877227093260377	0.808933578996148	0.928020556378821	0.925614916072656	0.892086893831953	0.917323279719187	0.935988759119807	0.913593512637418	0.912710266135919	0.907844652188044	0.931208331920978
GSM1045220	0.898496673222188	0.850292204040541	0.804225556866302	0.894724224465234	0.879659200530039	0.859940266998997	0.876375323719195	0.876151784045043	0.865385441590115	0.887421728516485	0.912307419272014	0.887799581666097	0.870729530316954	0.865846455847226	0.869443917437277	0.850747438885433	0.854650312526009	0.95124691781744	0.905562777178851	0.938818308090243	0.90741459261483	0.89747979930957	0.919156033996398	0.880144965654496	0.944199591335763	0.931787793918339	0.822509503549031	0.9062391283635	0.942518087473843	1	0.876596448587302	0.979853056042674	0.938138487170047	0.866844097560961	0.914435812974161	0.935780007772043	0.919166067611687	0.92621312993976	0.937455322908072	0.952162216495598	0.937353283869837	0.931776166044761	0.946089436490577	0.931881387319967	0.940510940258827	0.93435480515916	0.948859394019952	0.913100478406363	0.945842595236622	0.93714228854269	0.934682963689206	0.9228251332117	0.926063290301116	0.922834076864017	0.93316529945444	0.932112452708322	0.908900054454181	0.872020172437452	0.929302915723338	0.904498548188958	0.930825436317271	0.882048354693116	0.905866251954903	0.91363098376061	0.919401801337265	0.935366747127672	0.895598534564503	0.944192998185312	0.925423388637497	0.916076989131634	0.914192607684932	0.903873082986565	0.939599331149001	0.893173741928775	0.931419296056016	0.882654753119208	0.939274039802999	0.94415018632499	0.939919508825306	0.905712739102099	0.956101248320168	0.927572223043148	0.923930455017331	0.913193769139053	0.932053858514987	0.913381702297081	0.949267125616315	0.935501356504205	0.934377202044725	0.938439143131288	0.93685702353519	0.885912087558824	0.959405659026376	0.924057303080595	0.92387995652982	0.938833462994022	0.918341031694828	0.856451352295974	0.958346995027717	0.940060172810845	0.926171040380443	0.944158590327079	0.894206434143508	0.914171551764794	0.945344163080087	0.922886152879015	0.914499387458366	0.919852446434129	0.932326780809172	0.913936783985535	0.891782541599508	0.801061540776846	0.949075344192857	0.940559389659187	0.887618312808016	0.928765755551834	0.952134866160088	0.945883630786534	0.932760962869987	0.922963043732878	0.945470722357141
GSM1045221	0.830246346603797	0.85721845459888	0.799579457574615	0.868200731789712	0.816932154675705	0.794813367464955	0.809646529080624	0.811067160181283	0.788447296781838	0.841166560820963	0.851896788570778	0.809897803406203	0.829421915934663	0.794024108483154	0.8035995244282	0.802387326272541	0.793244507637237	0.882137374533642	0.887390555217868	0.886171517676377	0.90070561164144	0.890359848878757	0.911739936368292	0.843021323903494	0.888409976532737	0.889389719463807	0.844361688139635	0.883453831076466	0.898255258878424	0.876596448587302	1	0.898773737241403	0.865725305503414	0.864094503701707	0.907749972212971	0.871790596109294	0.88932997343322	0.876266505962292	0.91143209538146	0.866345875410777	0.88318890497248	0.877903711414874	0.889722792168876	0.867126648457707	0.879562679272363	0.875997728475659	0.883098600680818	0.861880729227356	0.887990366492899	0.879698772545348	0.884209385680882	0.88774399473806	0.892043610947224	0.896729340582681	0.869470100391846	0.887007857350831	0.82895542838586	0.867405944026019	0.864475212941994	0.897477089189587	0.856657983899898	0.846863250047163	0.862194324473732	0.868290791848469	0.860306771639366	0.858565489038982	0.852325685551283	0.885453511368467	0.903110347078197	0.868941468463742	0.878665036321425	0.848052557214409	0.893196245284057	0.90912070174935	0.872237948244667	0.831286667314697	0.867321878563459	0.87266574864082	0.895028841601548	0.896575577537779	0.878318147821699	0.858436083201139	0.859974527336579	0.866016101554693	0.892092348833721	0.87497680187707	0.886677922423309	0.891545811700586	0.866477733819378	0.863782180972431	0.865562205366607	0.896285944904848	0.893094426860948	0.86250497164196	0.90528782987118	0.879467095693353	0.875492340356336	0.846385719014947	0.874179179691051	0.867087682795882	0.856249094336324	0.881643146872133	0.901144188479598	0.865684439374842	0.873289948225234	0.883398548433273	0.854689655243955	0.87850239908107	0.885804443571342	0.882407784390535	0.869454144333456	0.848433729885458	0.893563617004482	0.877324248255687	0.86472258361539	0.866340888430817	0.882812891806486	0.863166569408431	0.890652206856967	0.861068550861504	0.885575851517877
GSM1045222	0.903918970564904	0.876959069640579	0.825759311540744	0.911707094520353	0.882071520925245	0.860567193100684	0.874601556146586	0.876315352741911	0.857701724343826	0.897603270946988	0.917172308690614	0.881172436285265	0.884809722016726	0.864288599889009	0.869802487115357	0.856937687934077	0.854413442131741	0.951339649876996	0.923624145407084	0.948657045893311	0.928013036238828	0.894981764169955	0.945640786913444	0.896101183592221	0.943247823746881	0.933212245436868	0.85646012770805	0.910235668313828	0.949832247743731	0.979853056042674	0.898773737241403	1	0.941734243856605	0.887358958778567	0.922832672863089	0.942858507580654	0.922958400828594	0.936460489021066	0.948411315629002	0.945297031122131	0.935583397065741	0.938169755691309	0.951123951540709	0.923892261768735	0.942169908759896	0.941703773446461	0.953029010953008	0.920038174715443	0.949251158033677	0.950621957405442	0.942646004203198	0.930238557074786	0.945208266051628	0.937670274891113	0.932904988428509	0.939531251448305	0.900546787999821	0.871388195243508	0.930885413374087	0.915197027751556	0.931753781268958	0.891396401616169	0.909250533342144	0.917126079835529	0.919272826013511	0.935201192521112	0.90062943631477	0.949319607391361	0.944901477618535	0.92460363865879	0.911993727510113	0.904417881061799	0.948105592447474	0.904491649262488	0.936523830118828	0.890325836656458	0.939239834929152	0.935533761401172	0.946749536410399	0.901010600882948	0.950084713395972	0.917568928098151	0.917992738004135	0.914380055809024	0.930036054276118	0.919408498459274	0.943971650286097	0.944146471306146	0.938000612178597	0.94250977425452	0.932273543388171	0.898949878133951	0.959517889080029	0.920922092870198	0.933863354415216	0.941863475756106	0.919250170899408	0.870774307879828	0.953773550112196	0.936417960556162	0.923445855533061	0.94944263862204	0.910596317519545	0.91229480194688	0.949241229880763	0.915702688994022	0.915853218053562	0.922801420231005	0.940511073153827	0.924169168264378	0.916976874924566	0.840028141870871	0.951160848320902	0.941914980323566	0.900759600300314	0.931692623833723	0.953174799330627	0.939225736902395	0.937908153945671	0.918549419128875	0.947494025327761
GSM1045223	0.955971636524002	0.865713499718875	0.773374025173976	0.909789666316437	0.939358011115373	0.923539476053183	0.934326458687767	0.93084991217723	0.917845356450481	0.949734914313299	0.956673773626425	0.935767264539819	0.926649428127398	0.921252554871983	0.927233618829404	0.918995851710604	0.919621677064455	0.93827624494125	0.924581967489761	0.93928957542323	0.903940853797348	0.887632078124108	0.935965230506449	0.867166598090022	0.942127947113333	0.920163068370985	0.813545511235203	0.897875249254443	0.928088786336034	0.938138487170047	0.865725305503414	0.941734243856605	1	0.884146966638702	0.896912213486954	0.952940852123269	0.902442041261556	0.938318439503107	0.936340801170949	0.944167424478085	0.913852412817666	0.920262260870977	0.940736997571788	0.919179572851976	0.939163009345569	0.960100548868764	0.936284253142677	0.924016299142261	0.951357248158593	0.940144889168277	0.933161325375304	0.904430025848167	0.929039911310561	0.92116121798955	0.925464901556113	0.946323868447511	0.900552008352301	0.862480281404692	0.93033527413255	0.878574465168885	0.942064537119299	0.909436244524274	0.919390885807106	0.917376692946892	0.904725742578291	0.937097280311604	0.899029921533853	0.941910619569088	0.933223165777314	0.929553270065474	0.897943827302512	0.917856546739878	0.927783351321913	0.886140797437744	0.956995993981832	0.864377369640713	0.945596053899707	0.933637596182504	0.929085807433649	0.891757988243053	0.931213819642604	0.930633616823202	0.920956903167716	0.876343541835124	0.912791526157723	0.912609344283223	0.93378811424604	0.954769770017896	0.966054556778984	0.954335252587466	0.916329377136322	0.874089183391951	0.936623491530501	0.916560114522361	0.910646299245107	0.939530619107827	0.912147568394616	0.85267847036441	0.953589610426315	0.92965681397078	0.923858681073536	0.950186707324442	0.889290715059098	0.894395807528154	0.965561149240739	0.899143077673791	0.909161142776645	0.905972933251088	0.93156712805031	0.914563421107899	0.912332709419019	0.792848803471838	0.935524302283241	0.945727911151487	0.905694797744065	0.917385513381716	0.963567703020181	0.947486845604747	0.929581362226388	0.931420269869995	0.955194106127508
GSM1045224	0.832771602511431	0.839636500530866	0.766184312601645	0.844157953323357	0.821027073196913	0.809605556681365	0.813496266886822	0.821200814889796	0.791459783188	0.868018994343313	0.847988198311679	0.8167131084104	0.819323927781001	0.793909361943061	0.803977582007827	0.818795205136144	0.808197013161049	0.873428703747895	0.914607226269142	0.888833899857444	0.874132303645023	0.902568922126057	0.911507172371937	0.864232106933613	0.896009155774308	0.898497123996325	0.811092024525471	0.867257010105425	0.879168791358079	0.866844097560961	0.864094503701707	0.887358958778567	0.884146966638702	1	0.871991739965366	0.889425246222231	0.902410518455638	0.892276628600551	0.914739649128357	0.881074505555537	0.920064388295556	0.880976514831999	0.891807867924687	0.857659695071333	0.899722831324226	0.900005345175099	0.902372936396863	0.887673352951957	0.915883614845258	0.876226835216636	0.897813979254625	0.888815797415765	0.880511321923805	0.892545881113199	0.852441829715017	0.913222816769367	0.838531555562699	0.866469414711486	0.872171689878162	0.874951843143422	0.863062891354517	0.879121519035287	0.913618130248148	0.892017161866242	0.841847332148811	0.852284730306097	0.863245640065829	0.907188458797499	0.894580713109521	0.898623362651274	0.850964551947148	0.883268509432071	0.896993733157102	0.894087519697938	0.893952150312375	0.849540873000926	0.863723635698371	0.887092583853126	0.905961055780708	0.885684089680807	0.899544240829159	0.895659025662476	0.872074566009447	0.836591631403969	0.874022977642836	0.875939728364475	0.896586998814892	0.897250837768001	0.874983695425204	0.860592971217385	0.870062030302951	0.836811290191162	0.887344967427003	0.864393833072052	0.86664929923318	0.881579799141071	0.846311291787867	0.810380172595759	0.860656635263769	0.849133628850941	0.865162122728591	0.897033313770388	0.869753114685705	0.816856355767109	0.872134597608821	0.852529555268774	0.869349093516179	0.893835674298629	0.888977307917579	0.880396782236741	0.854590453026575	0.810334351862316	0.881017536366932	0.895225884419412	0.902301050439129	0.867985363252172	0.884810263316138	0.854396574169318	0.873711331563175	0.877452216566499	0.900915288153258
GSM1045225	0.862653268619202	0.856886023020662	0.804495682200967	0.877999754844726	0.849627488367288	0.828725557564626	0.842836981664223	0.841685348027194	0.826357198912101	0.86190402524805	0.884061148362349	0.847766893727503	0.849996565174468	0.828689040454441	0.83576383511014	0.829769490580986	0.825905347571054	0.908195324261903	0.900237746377058	0.907979991676493	0.907628425144974	0.91520852009137	0.921816173388431	0.870017300425893	0.917222104978165	0.916713279571374	0.836103399367046	0.905939744843122	0.926102169378644	0.914435812974161	0.907749972212971	0.922832672863089	0.896912213486954	0.871991739965366	1	0.903500077819955	0.912792127747841	0.898919580689071	0.933977381609379	0.903786392357562	0.909995877498482	0.903099197967298	0.920395154721359	0.903143880587717	0.91064648406677	0.902546549481007	0.910211911619787	0.886421713688499	0.923089550446813	0.906508523481749	0.909260060633523	0.902542181933017	0.907797956697983	0.908413629749134	0.901457630834162	0.910879130801923	0.863867698760031	0.893249795596945	0.895258155179968	0.904582205255256	0.890035692853942	0.871807744487391	0.88588443500472	0.889383096802284	0.881011659498988	0.889728157971445	0.882594061366948	0.910989149196005	0.915810246655852	0.893609001814808	0.917394308848246	0.877100596267308	0.913613483686849	0.918421744394462	0.901465307741866	0.864298863917898	0.900045314381976	0.905180956395297	0.920157184551986	0.906372111999939	0.909364824013889	0.887362693741011	0.887669975526022	0.895795122288002	0.926365394917117	0.898976321842482	0.915879282611421	0.912282190411733	0.900937068488712	0.897493179350477	0.900446191993075	0.907039013515395	0.922735591823423	0.89512192955478	0.912161540739726	0.910786013491909	0.909205430273661	0.844667157923773	0.912324092502542	0.897689615404016	0.892650255379601	0.906984622935021	0.908052098629858	0.905035104348063	0.904766434899902	0.926159305724257	0.884448205451339	0.90716363199632	0.910956598783501	0.898821842682902	0.874417235920949	0.830637575688435	0.920073979554586	0.911121510859587	0.878607403192136	0.893477167805818	0.91855236877919	0.897446840974507	0.908584656842227	0.88955294858713	0.910496086593581
GSM1045226	0.914292095266475	0.864743573533518	0.792080110198428	0.907748281253941	0.894020925822266	0.874212187456126	0.8823888966871	0.886100433912985	0.87080222718113	0.905411598156732	0.919594634628236	0.888545976753087	0.88943933101085	0.873770341014826	0.877165209211326	0.872383444746412	0.871131896832648	0.947254985082492	0.935582494641469	0.950533353112249	0.923800311769124	0.878659042168527	0.932242580203253	0.877195226040302	0.942616914146693	0.912412563079794	0.846729807283567	0.88385934151926	0.920424718092199	0.935780007772043	0.871790596109294	0.942858507580654	0.952940852123269	0.889425246222231	0.903500077819955	1	0.906872626857705	0.953577260826545	0.933355373787232	0.944280669274518	0.915533705156404	0.932612258041091	0.950380533309537	0.917371557235682	0.949612498136619	0.958370547689614	0.934262295296674	0.932451064952318	0.942704693276182	0.951578970798945	0.942481408842743	0.912560416401864	0.93221719741167	0.943358446275412	0.931873161849934	0.955527138995448	0.923267657706159	0.860189277260529	0.953160575694889	0.884015707947734	0.958681095087259	0.898326065832589	0.93201673613167	0.938548126204818	0.925363728644334	0.941075173594447	0.917459324934346	0.939073098503689	0.938202604557823	0.942153388176264	0.892419675708718	0.925029524961785	0.939465221404749	0.886226701138025	0.954717326343455	0.872969527962891	0.953703830061682	0.941070645436131	0.929859577456407	0.878495171933546	0.93715867692433	0.946781890663148	0.931504522414625	0.893925013111142	0.915634367798932	0.93248710849047	0.937200729507749	0.951946017414286	0.959646198690999	0.949166879225633	0.927889254821422	0.879688893322474	0.93797912238896	0.93098972486229	0.910004801088331	0.95132080081897	0.906188861972315	0.884655796413039	0.943575605073831	0.929744923396459	0.931887830829979	0.954036339099703	0.892036861793114	0.892745779037779	0.960781189437976	0.896283084581931	0.930978460863741	0.904789152897161	0.956252157173304	0.933202014113168	0.933389087667869	0.818910743032976	0.942725960875146	0.957301827003877	0.923071774884024	0.92079390996708	0.961643755560134	0.955759769598217	0.948364788334922	0.939077053920836	0.963152545736171
GSM1045227	0.851456696074724	0.850332951591782	0.78706592203929	0.870168548716409	0.840315022636011	0.828960333178861	0.838210746694993	0.840282256214649	0.82258165484319	0.877059542656032	0.869021743699505	0.841976149552581	0.837737870850328	0.820128400973903	0.83091767812844	0.829042389258084	0.825309967638944	0.91899413204865	0.91903759021009	0.91974827610883	0.904259032597593	0.922295688257213	0.907657581492007	0.862296868111401	0.917472091516888	0.91140596230956	0.828891243975461	0.902923689656022	0.915616530026404	0.919166067611687	0.88932997343322	0.922958400828594	0.902442041261556	0.902410518455638	0.912792127747841	0.906872626857705	1	0.910008794299563	0.933402453818629	0.914770809283275	0.928010003692593	0.917645936072307	0.915635792424648	0.910793782061215	0.928398322534905	0.902768942524652	0.924891800587188	0.908352703102743	0.93190479407528	0.899868800816707	0.916571999985883	0.9288359422016	0.896181068261769	0.911530302128086	0.899380530424958	0.923705233183814	0.878385201684793	0.895669733151933	0.901266930001124	0.909156227341724	0.890652556271649	0.876437542266193	0.908219075327911	0.92054625225483	0.883673155307409	0.896392660564624	0.895005763209631	0.921861117944775	0.915550404172478	0.910013790093166	0.907731528306245	0.896675386243182	0.922133540131668	0.909198863073473	0.910601975337546	0.854808120547262	0.891350387388773	0.917870684257691	0.916746531006723	0.911947254562396	0.931124329485079	0.916733470701117	0.907198738912795	0.904640425684894	0.910330758724406	0.902565518481246	0.935523244041293	0.912488712110937	0.895535735683086	0.882390808035246	0.908036437631154	0.871927447540291	0.920718592062081	0.90749817827186	0.901022313391951	0.907734636310742	0.889217936672687	0.832005821330931	0.894067558854905	0.886296606391149	0.902868466106284	0.916839179119549	0.890746791526487	0.871296740905023	0.897845591897082	0.906144942541452	0.895232799335507	0.905045697064226	0.916358474998931	0.903741848340674	0.866257445168139	0.820747974413317	0.914316901443825	0.914028870958414	0.908130930046771	0.900834386394192	0.910951601625027	0.893519433675397	0.908620918976451	0.908311349433362	0.922243652713089
GSM1045228	0.889753740066158	0.855407858567893	0.778796570537681	0.901456802994806	0.868373789176876	0.85028656530524	0.858700617155246	0.862278460326815	0.845616077039035	0.896457651011902	0.897044912580184	0.861934472498733	0.876360791831905	0.845605420561353	0.857928195148192	0.850541929741953	0.847114188012145	0.93479558129193	0.941329939962462	0.938707686591508	0.921159203092939	0.876622300386439	0.925805003195395	0.860667153071945	0.925684542608523	0.895011552482835	0.857133320402378	0.881476730979838	0.908847008239567	0.92621312993976	0.876266505962292	0.936460489021066	0.938318439503107	0.892276628600551	0.898919580689071	0.953577260826545	0.910008794299563	1	0.926030065433211	0.929323772677587	0.912290746943505	0.928777412314193	0.938551587152199	0.906434208906714	0.938151643910154	0.93869673098875	0.926162192729727	0.918721468337116	0.93007944884921	0.930946651114658	0.928427753256545	0.920715739679384	0.929832030777015	0.94123488317734	0.916568281160302	0.952182984487016	0.912079593478394	0.859555108700598	0.940438731324744	0.892090589591285	0.943811246914056	0.875336092878216	0.923716728309512	0.934284389733117	0.915618953288956	0.930586189181651	0.919298669096545	0.929256333922643	0.938452745976706	0.937086923091337	0.88762358584077	0.929689584670893	0.937350699275055	0.882896624636945	0.947965172797371	0.852006025642404	0.943299506897867	0.928165713552582	0.918936400338948	0.880739924643941	0.926688214845521	0.937284420534435	0.924643217626183	0.898186626851273	0.903786151307431	0.920555167654072	0.937031490818941	0.935893821458976	0.941794968143524	0.922323925946392	0.922352026542451	0.877795343514833	0.927311835662529	0.932774590004138	0.898153475062192	0.944485728800992	0.892918409212726	0.871432589732921	0.922785909251049	0.912403076226173	0.924720789771412	0.948662761904648	0.894169036843782	0.881475483325291	0.939877353403221	0.883298811467885	0.926925281954962	0.89255719988239	0.947712172785124	0.939613498113845	0.921020556016491	0.838505156474046	0.933225921417767	0.944411319192502	0.929672623454765	0.901668930595088	0.944222767468355	0.946868816114594	0.944596322331769	0.93290159726522	0.950941516772862
GSM1045229	0.907330028462687	0.889271813474938	0.812411064270756	0.902546946564957	0.890698100273559	0.870576627150815	0.885706559422272	0.886905831378447	0.864220079272901	0.910779494407846	0.920688784123896	0.892843297344651	0.885851025651903	0.870230607794528	0.877342775463027	0.870492452745702	0.866564981616727	0.926061226282275	0.927339082745568	0.927394764461583	0.923301079306525	0.944084308183969	0.952476202826613	0.896126404087964	0.95697589225399	0.952143470921238	0.842246307181882	0.910475628386969	0.941550051657707	0.937455322908072	0.91143209538146	0.948411315629002	0.936340801170949	0.914739649128357	0.933977381609379	0.933355373787232	0.933402453818629	0.926030065433211	1	0.936841307390426	0.947604776139617	0.926315971177224	0.945151507055525	0.922255696997684	0.942098727589777	0.948440641635014	0.952344512785207	0.908850644373028	0.961374919370642	0.935625828474669	0.93637880461395	0.920832308392969	0.928873902628838	0.925829712090722	0.930662091612296	0.941868428900323	0.882189194600308	0.902419575102446	0.915040738670896	0.917748083294578	0.918229088967348	0.923514040945463	0.914036759715251	0.914629821855943	0.896916100248192	0.91691570116406	0.886335026279547	0.953033172394302	0.936917565271393	0.917909350460149	0.914256669383831	0.899276232365068	0.939942498294185	0.930863643248765	0.93388299684224	0.890183484503354	0.919710991600312	0.937811724131108	0.96556704508706	0.92636546836809	0.947867724020089	0.919607432282185	0.914870321153219	0.893454768521365	0.937440412687533	0.915439755239017	0.943040898728271	0.9438958779668	0.923906585836	0.93208420026594	0.922974042625852	0.896640728020026	0.955426744733207	0.904330932544992	0.932112686286816	0.936359696183019	0.91316804837355	0.854894413758366	0.936005296695213	0.933364736870693	0.90871898979556	0.936658468805249	0.913195511673948	0.893550911986417	0.935450404731392	0.921716371766334	0.897093939844645	0.946572703514438	0.930726201929076	0.907082217770544	0.898978689023702	0.836269035005665	0.942112143883229	0.93704230890717	0.898717948749533	0.927764644346029	0.947759156311317	0.915835226008415	0.928428722807585	0.915663100879751	0.946002097703046
GSM1045230	0.896762128169783	0.85068138625669	0.802288230066746	0.892303099763851	0.878973409121526	0.865985284889665	0.880202590842795	0.879633673660987	0.869505186178653	0.891169622350368	0.90913111084444	0.890734795793666	0.86588592430841	0.868267866452276	0.872225723589347	0.854399338007783	0.860194981376228	0.945107903811623	0.909223480265613	0.933954974310129	0.899509327267966	0.902359539973441	0.914367051907028	0.883537775685806	0.947024073445704	0.931874509875528	0.805193027744585	0.901231526484589	0.934739733939409	0.952162216495598	0.866345875410777	0.945297031122131	0.944167424478085	0.881074505555537	0.903786392357562	0.944280669274518	0.914770809283275	0.929323772677587	0.936841307390426	1	0.931795487221959	0.932802682276516	0.939361314515772	0.934670750662844	0.945530035413028	0.935406203199522	0.942045886231427	0.922217712317638	0.940660440288367	0.935833324189363	0.936388123097494	0.902876327483537	0.910412712412427	0.924253496834489	0.925839399139947	0.934634072194673	0.921746101930221	0.8738624174755	0.936210135446601	0.889799089366937	0.934762787048143	0.888789532866365	0.919357653789212	0.924375951092306	0.915478856023336	0.935112508372754	0.900130284737685	0.940408305118244	0.927740540085003	0.925820793208275	0.909949193964647	0.923808840831697	0.928400942141984	0.894704523398069	0.939739896267053	0.884371426730879	0.933913538873654	0.948033936470196	0.933281457229423	0.90420668679968	0.950933059651929	0.940928560633586	0.930983126679104	0.894961052276886	0.927326517325036	0.911010015531453	0.946413028917407	0.934851999578636	0.934787034672011	0.936801989109138	0.941157627525518	0.872613840049309	0.944922969657416	0.923512026926688	0.920337713548677	0.940114537461953	0.906042903903456	0.845262445602571	0.947673724937853	0.93359711578298	0.927882881127243	0.939215413050545	0.881980842742262	0.897525497426678	0.944251852345569	0.91809442079501	0.925216155248389	0.917257164650059	0.938084192589947	0.915961597125467	0.892328840510306	0.78078236072233	0.945597691297901	0.943710597745132	0.899906731404423	0.930709126847605	0.947999283899985	0.949671425609661	0.933180197373885	0.936311834088749	0.949046691984611
GSM1045231	0.865121281187451	0.858027799581839	0.802819186474575	0.868419943030267	0.849740562812386	0.834458438468301	0.847800525869861	0.854069392745249	0.831574620296583	0.878968559203918	0.879555134435194	0.859110411705666	0.841109885569849	0.832580927318981	0.839187268261019	0.831454390471549	0.830374203391154	0.924148051108169	0.910736410964357	0.915582139569877	0.896535781225491	0.928175009725285	0.919884049550983	0.896040250146833	0.945136046947345	0.939414898363193	0.82978092106612	0.891032795349545	0.919851412084263	0.937353283869837	0.88318890497248	0.935583397065741	0.913852412817666	0.920064388295556	0.909995877498482	0.915533705156404	0.928010003692593	0.912290746943505	0.947604776139617	0.931795487221959	1	0.923758718214271	0.932370260806327	0.914503886271397	0.940161227695719	0.925584829688453	0.94741436546864	0.895829589223164	0.949809977873779	0.914386721529563	0.928928943631417	0.912934578014891	0.908169907943042	0.91680197440516	0.916584720994811	0.924080683163154	0.887933749327176	0.885398918981841	0.906800035439567	0.907127186901998	0.907933435072859	0.897027527600649	0.915558674607875	0.908485306257806	0.891360346926938	0.90433323663937	0.882362706834161	0.946063382356954	0.912550446842557	0.911455967150843	0.891908448277068	0.899544539110935	0.93202574204495	0.912578605201089	0.922784974094032	0.893240516605511	0.91082403664882	0.937823138040643	0.954527166252325	0.915136725375815	0.952856959339344	0.9253577314195	0.912569805355784	0.900668607936971	0.924924548771996	0.905455968839529	0.942813149438617	0.920106492730366	0.899875885710046	0.902991831585946	0.931118752668095	0.867134015373285	0.952880754419061	0.905306635212741	0.909035412615347	0.931961937753855	0.886074011794059	0.831933687741307	0.919976553633517	0.929515901992709	0.903782152403207	0.930786351692088	0.882831128499458	0.878662492358643	0.910369993689005	0.906394687528324	0.903188473876693	0.941544544918945	0.919962302781644	0.904880541126394	0.872236284036085	0.811561206007242	0.931260283172168	0.923816939948616	0.887603764116727	0.917771200033717	0.927248375004929	0.911591716008517	0.921183410640645	0.912848980724929	0.929011880902865
GSM1045232	0.876263276343755	0.862650906746953	0.816869787222879	0.892567702483825	0.858580802817944	0.841919734911239	0.854604928079311	0.858237885490947	0.841589273778998	0.881802256055918	0.887969197394213	0.85911000543444	0.858974006008689	0.841763244137566	0.849692640742001	0.837181685883732	0.837151868838162	0.935579850613337	0.91893357793318	0.932476424974932	0.913885182989288	0.891540997249122	0.909645416927364	0.878094030046485	0.925758264680613	0.909399293614578	0.829111898554306	0.894580142653383	0.922875474419369	0.931776166044761	0.877903711414874	0.938169755691309	0.920262260870977	0.880976514831999	0.903099197967298	0.932612258041091	0.917645936072307	0.928777412314193	0.926315971177224	0.932802682276516	0.923758718214271	1	0.932544709330083	0.91285504135976	0.936519662527322	0.9138972526583	0.936628146659501	0.927750481520155	0.929374518701264	0.918912098197161	0.930716129857564	0.911382447610602	0.914476242215635	0.924763943039367	0.91836679449356	0.934491344894852	0.900987684708481	0.872816038399453	0.926060164796655	0.894496142008059	0.916628976405623	0.876616067833089	0.915767531082517	0.926960105201028	0.920590004550791	0.936184975309235	0.905000698547958	0.926627255111238	0.923221476541468	0.922241664617367	0.901033626228347	0.908576625949566	0.930016646065473	0.892892380210996	0.928416838244505	0.874962711618484	0.918777192010495	0.934697546585995	0.919110355026304	0.893321094952822	0.93188377283045	0.92228345449998	0.928738299096389	0.895742588845898	0.913964875126444	0.917139237139356	0.940143218582567	0.922791353903142	0.914186808594634	0.909710771945063	0.92655343571806	0.863823562370045	0.928008716164299	0.922831016332299	0.915561713611924	0.928258471199705	0.888923582613478	0.850492507904142	0.920037830388537	0.914244981239274	0.921740970336976	0.935550731625427	0.886563093517886	0.88025942811995	0.921480366532951	0.899929875183448	0.912842865457566	0.906108459107647	0.931716281695148	0.921842274637828	0.894027392819864	0.817241070610011	0.926986725933245	0.930972367055329	0.909294352672708	0.921054503174517	0.930498441534291	0.920941412052607	0.93140038915144	0.924612475430012	0.933237944366667
GSM1045233	0.899446794841831	0.867216091557449	0.795879589223152	0.906432053422362	0.88130706674137	0.859349139637823	0.874150494497825	0.874761155452889	0.85810519259671	0.898776560080217	0.917223750591597	0.879973259576614	0.880262475336219	0.860527396818354	0.867539114005091	0.8606326725809	0.857118646699772	0.945730209861595	0.934343485662872	0.945880146643058	0.936371028164807	0.895050590158102	0.937802857053548	0.877266518576798	0.95327612194702	0.920600529364498	0.851146672436761	0.895324302178327	0.929021953131252	0.946089436490577	0.889722792168876	0.951123951540709	0.940736997571788	0.891807867924687	0.920395154721359	0.950380533309537	0.915635792424648	0.938551587152199	0.945151507055525	0.939361314515772	0.932370260806327	0.932544709330083	1	0.929743600017419	0.947187963531363	0.949476055595792	0.941509622932571	0.920026521676326	0.948063434105575	0.948624579021059	0.943653163119844	0.921184766578327	0.936996693610121	0.938978906379121	0.934096386803667	0.945517572131401	0.905425353553875	0.874807418921538	0.937124331143582	0.899602934404167	0.936345079759603	0.894605703590024	0.926033453514793	0.925972182029114	0.925824164135411	0.935381297945048	0.917550551476309	0.945948411862053	0.93838023953036	0.929547381496748	0.902633942025038	0.909914747511532	0.946826113808126	0.896472988582295	0.940761193539103	0.872037432075407	0.938764404921055	0.949475082630907	0.93807848194825	0.893826303052208	0.945501332749148	0.928163748929616	0.928314533917402	0.898652802295284	0.925679765435759	0.931385853687623	0.94522666167411	0.944467015185281	0.941982146946885	0.942075177351966	0.929893132677361	0.893756015536135	0.952400287151967	0.926953250376554	0.919381106439315	0.945786051104063	0.915018606935579	0.880609135719066	0.945988503297666	0.932811896473981	0.933929495068915	0.951840435065949	0.901065114396141	0.903826962800289	0.949697125241426	0.91333598579784	0.91488303366372	0.914378942880806	0.947374398010869	0.92753066161404	0.914493423154521	0.8311378906458	0.948140219985474	0.955701780313871	0.915020775709778	0.922729523917575	0.960131554181325	0.945988208164533	0.942915188012385	0.932464166621787	0.951948086961818
GSM1045234	0.88020706660686	0.836853801045777	0.768867298078613	0.87328320582667	0.863262992581801	0.846952772309039	0.86259340565332	0.857662885879892	0.85184788151199	0.876403213653517	0.894539962596912	0.868298279142573	0.852089846790207	0.849026335732374	0.854791195047061	0.837540594298836	0.843097010329308	0.922619278132072	0.898275014024478	0.914380806655748	0.894790493356052	0.89651489001329	0.893304912312649	0.844487103958435	0.92769207382365	0.904300793419862	0.806209553943776	0.900734529327453	0.922051467359909	0.931881387319967	0.867126648457707	0.923892261768735	0.919179572851976	0.857659695071333	0.903143880587717	0.917371557235682	0.910793782061215	0.906434208906714	0.922255696997684	0.934670750662844	0.914503886271397	0.91285504135976	0.929743600017419	1	0.922566132425771	0.907201094357183	0.917730913523843	0.903662097719152	0.924623160401348	0.906712380079423	0.903722735344127	0.906678764690046	0.901191807947873	0.903223943285127	0.931508529451792	0.923881505515872	0.881916343877509	0.883928099425901	0.911751339816487	0.900289312402963	0.905169879834294	0.87159422558457	0.892758484685146	0.905371554063928	0.903835343193288	0.920283290261745	0.885338626383406	0.918115187391696	0.909983155563402	0.898445886459374	0.909296845971405	0.889416739818452	0.920475180418203	0.886596812844883	0.913580203850485	0.845172361486591	0.901956752762752	0.927196806307689	0.906408689765748	0.89991513520713	0.924387846384539	0.911600352456724	0.914791724914151	0.894330710412439	0.91878013409483	0.910467577035728	0.932510036444009	0.914515441001011	0.909578997072543	0.90471024030154	0.914255119716042	0.869895565345028	0.931270552950625	0.908311187580281	0.899632847266051	0.920006487940306	0.901337053259084	0.836099872170846	0.918900622900745	0.916851974925844	0.913017662562778	0.917649854659002	0.884932979451873	0.884263032749082	0.920634354728419	0.915075814545278	0.896410582487281	0.897708324340048	0.920476912558719	0.896915175132864	0.869336909481294	0.7958737799425	0.922816608157963	0.921510157261284	0.883650217802355	0.915894975202443	0.925050287915077	0.91944952285812	0.916973290887916	0.913944345419606	0.930494374214179
GSM1045235	0.889823482958883	0.85589464164805	0.799686643343133	0.891480445978603	0.87198495970914	0.856717185277757	0.865438811389071	0.868509938888872	0.853325321935789	0.898985341792039	0.899388019215981	0.875241799552426	0.86537846769217	0.852657060825864	0.859231347755093	0.85228174106314	0.85154436008158	0.954614225480176	0.931623716960989	0.952489766166659	0.919271420612448	0.902089867322706	0.930576438947021	0.887463495030855	0.949807179049935	0.925607481917561	0.836393570174483	0.892255095167118	0.922562356547393	0.940510940258827	0.879562679272363	0.942169908759896	0.939163009345569	0.899722831324226	0.91064648406677	0.949612498136619	0.928398322534905	0.938151643910154	0.942098727589777	0.945530035413028	0.940161227695719	0.936519662527322	0.947187963531363	0.922566132425771	1	0.947473791505451	0.944195688648269	0.929283402721798	0.947889022688672	0.940055302591126	0.947299139173841	0.914618155596024	0.920927874537773	0.934594947589419	0.925108478859652	0.950234278747117	0.912796077592951	0.87747788842165	0.936282753121434	0.891475264768166	0.934053675286208	0.892873040580423	0.935082596025049	0.936749447093135	0.917316420702294	0.931469968191827	0.922799224846753	0.944572602583234	0.927863844196759	0.937823028884298	0.905880869967962	0.920271091664789	0.940852004638422	0.898937605208872	0.946509388883535	0.883528117177848	0.937096740633102	0.947753098188156	0.936434561123155	0.89870712268931	0.954530549681871	0.942697634279612	0.933943897969586	0.914110265224819	0.923717646586815	0.922673506997813	0.946264900178477	0.940259333897328	0.938072985735527	0.933138711134589	0.935315178403051	0.878757732885639	0.94475483952142	0.928055174848316	0.911864826679559	0.945773993317604	0.909137333535213	0.860616273966212	0.938944019789775	0.925492707551253	0.931426997289362	0.951788604000576	0.890123617636546	0.897916072792894	0.942750874919487	0.911468416641572	0.920644163014775	0.915683530674221	0.945306578465586	0.929017957489	0.899407212224633	0.812853510003414	0.946498941231297	0.954198226955528	0.92255232302076	0.920190180095794	0.959097573194861	0.940703633520547	0.938674155743318	0.940466335156759	0.949213653232359
GSM1045236	0.926716718067826	0.874927034679269	0.777449073776472	0.907175918392907	0.911364132375629	0.889859219397428	0.898819747624862	0.898372078015524	0.883298261305226	0.927910146310658	0.934825595245018	0.910018860698698	0.90245041125588	0.886645580814867	0.891894672828677	0.888013109651103	0.88541317037068	0.939219707821182	0.929028484888902	0.941282103071742	0.916909499305311	0.888919681661893	0.954466563119049	0.880434370240658	0.955278318840068	0.92658743551858	0.837694654472759	0.886022022992443	0.920711531014894	0.93435480515916	0.875997728475659	0.941703773446461	0.960100548868764	0.900005345175099	0.902546549481007	0.958370547689614	0.902768942524652	0.93869673098875	0.948440641635014	0.935406203199522	0.925584829688453	0.9138972526583	0.949476055595792	0.907201094357183	0.947473791505451	1	0.941083914315417	0.912597343683557	0.952869397626028	0.956249476899139	0.938682331590772	0.90983318321007	0.931395541529129	0.934744585500513	0.924410398799419	0.949451711174633	0.898629419804394	0.86115310879588	0.927600179487831	0.876231655239991	0.950299875317653	0.919555331657849	0.920821907264277	0.916474095600792	0.897704394107519	0.917514461012698	0.898097757649892	0.944658602481204	0.935146187728404	0.929666450439024	0.88914254819524	0.910712839204399	0.933435812607898	0.889363869184038	0.951019122824974	0.87506539146632	0.949856949576121	0.937082124457541	0.947449973466716	0.888182964061917	0.937126045963453	0.931729315652064	0.912187706762001	0.878442436824267	0.917711679240606	0.915342893724832	0.931918832944631	0.954788010413943	0.958938939586165	0.966808249475436	0.913845790270252	0.888006790914134	0.951685517615713	0.910374357748731	0.909689281657129	0.948747577463612	0.919011601567555	0.87182169195345	0.955984010056131	0.936132648607296	0.913960980676438	0.951106994939844	0.893856695197838	0.904940627551373	0.961185325037417	0.898435814093554	0.905285204515038	0.914786226296146	0.93770859744643	0.918022271024847	0.918591327028375	0.814696287787951	0.944152204808155	0.955551760381664	0.904254168928915	0.910894776148179	0.968902490381125	0.945934302495977	0.934894409351562	0.926201534436943	0.956469699245583
GSM1045237	0.897400500349355	0.868288019475877	0.82221326088387	0.899197617635629	0.880475252316715	0.858419984405331	0.873115426897821	0.874815619866167	0.85627884747009	0.898453068492486	0.908772769328218	0.879749268302348	0.870936022738488	0.859128080456307	0.863909047392717	0.857682671191571	0.854687462104321	0.935782918829996	0.914053254887489	0.935961122870057	0.912669046032093	0.904946574725968	0.932641141617413	0.901941243797318	0.943558558775836	0.939639371124369	0.830106794822499	0.902569789653884	0.938037508749623	0.948859394019952	0.883098600680818	0.953029010953008	0.936284253142677	0.902372936396863	0.910211911619787	0.934262295296674	0.924891800587188	0.926162192729727	0.952344512785207	0.942045886231427	0.94741436546864	0.936628146659501	0.941509622932571	0.917730913523843	0.944195688648269	0.941083914315417	1	0.918462026743304	0.95997687622	0.93054744520597	0.941737010330766	0.927622838479673	0.926492895594641	0.922572152179038	0.928872453258528	0.936309163977125	0.892296118052956	0.880877516528966	0.920352997034193	0.910360804898358	0.918511468536043	0.899473864094721	0.911000887825445	0.915170534700265	0.907681962860228	0.923072955530171	0.893198885442877	0.951099360315737	0.925786741549961	0.918459351498568	0.899098310742685	0.903307595060686	0.941261809611131	0.902754884191548	0.93438846520658	0.900382810789989	0.923677592012101	0.936686440765238	0.950708248968725	0.902140811207808	0.954363733622441	0.920137302778349	0.919580614567594	0.893490414563735	0.927538998698469	0.916439592141138	0.942066927694488	0.938043056729647	0.924864220251278	0.931289030517842	0.928740705733019	0.876190694213058	0.954990034173082	0.909314478241804	0.922825011039005	0.936533833328154	0.902353272307528	0.854053288428797	0.938344336135038	0.92968713479501	0.914289272500421	0.942152729784123	0.895859825631546	0.888717224018275	0.93472996732685	0.905229563361806	0.902131211750754	0.931601021896787	0.924601958191208	0.908769452238601	0.889942875190895	0.815649254063122	0.937285128229642	0.938332797478886	0.900142810399824	0.942052191124781	0.947238688595532	0.922544119305959	0.920697998033107	0.914019607968972	0.942875221445085
GSM1045238	0.876151976726332	0.845474168324488	0.790888612724339	0.88336150635197	0.860847242455693	0.84695295939062	0.853649369697062	0.856847133015612	0.842388894667202	0.885998712064222	0.885454340169341	0.856107994895634	0.857059126868903	0.840095371965538	0.845812206334995	0.845533453216144	0.844808753959878	0.920578611935052	0.917017434286429	0.92799073489402	0.901286932839275	0.875320930154843	0.900737948590606	0.857375913139539	0.910074483370953	0.892799145939644	0.808600522016958	0.886516498570554	0.907847051258146	0.913100478406363	0.861880729227356	0.920038174715443	0.924016299142261	0.887673352951957	0.886421713688499	0.932451064952318	0.908352703102743	0.918721468337116	0.908850644373028	0.922217712317638	0.895829589223164	0.927750481520155	0.920026521676326	0.903662097719152	0.929283402721798	0.912597343683557	0.918462026743304	1	0.918957660186122	0.912827919319589	0.928718272008293	0.897952325684378	0.901146552284098	0.917415356409835	0.89959595217944	0.932985934696312	0.894473392445179	0.861692850758935	0.927492070246189	0.880782134201508	0.905177015089529	0.868299002592272	0.927205128258979	0.93218665103554	0.913065883830917	0.925219698321012	0.922176978401802	0.917847536549427	0.917836254043466	0.931891372697848	0.891818619247209	0.904297406435126	0.915253393708135	0.881513445563882	0.924164754813159	0.851941106914837	0.906270173307063	0.925811619418074	0.89426301613737	0.880987937193973	0.91542120507415	0.920386729506504	0.927081319880968	0.877417602700628	0.892392530434499	0.919990460082144	0.924835708181913	0.920767254377087	0.924184583570747	0.905835005353675	0.901461008931384	0.857258647904098	0.901795062726291	0.918889246613459	0.894890782123126	0.901956624239173	0.886445849182826	0.848015113453484	0.908032954235438	0.887169580980006	0.928284095262699	0.926869247960574	0.883765188220717	0.860911675531246	0.920208710892847	0.886310721664898	0.913470661631257	0.880755457371304	0.927533208089576	0.910940623409626	0.884092850205931	0.796850948277553	0.919481356993123	0.939123391791197	0.929583012198796	0.918767558141034	0.92477281171128	0.910675946541753	0.913036889100336	0.922433264822546	0.932017507353932
GSM1045239	0.919518896747566	0.873702650972714	0.802573486677889	0.897453514348941	0.906713899425857	0.888062943173119	0.89963753821489	0.9009512900484	0.882005377681816	0.922452510716117	0.932701806495088	0.907516984720649	0.895887861903861	0.886384211992207	0.889276591362942	0.887086037456676	0.885724963599411	0.932179270340564	0.930984162275672	0.934145537377422	0.917482115963032	0.920614982676226	0.946027535389783	0.894665155549178	0.952541106517059	0.944890161100817	0.82739013643286	0.908657791937691	0.938948925842871	0.945842595236622	0.887990366492899	0.949251158033677	0.951357248158593	0.915883614845258	0.923089550446813	0.942704693276182	0.93190479407528	0.93007944884921	0.961374919370642	0.940660440288367	0.949809977873779	0.929374518701264	0.948063434105575	0.924623160401348	0.947889022688672	0.952869397626028	0.95997687622	0.918957660186122	1	0.940113271473253	0.945372413727355	0.926482330754822	0.927768855946267	0.923341027463716	0.93054919067319	0.948704866546414	0.890147438636391	0.888538389986992	0.921518375160185	0.908575017973881	0.926876182784834	0.920395856005396	0.917268022744891	0.920107000854416	0.905166536854137	0.928295035741656	0.895901948505534	0.95498016997144	0.928836713218854	0.922999095584095	0.910967617232819	0.906775547905305	0.936306972420929	0.913102627462236	0.944604903309412	0.890767377412692	0.929868441443127	0.942482562655232	0.956773238138323	0.914964071031222	0.950675843088218	0.925220560164823	0.919539308460376	0.890755320332879	0.929725923303857	0.923232494161726	0.942182607748536	0.952352053810886	0.938221269424123	0.941890243030082	0.922230292144415	0.883300317092562	0.953673096558328	0.914391258914165	0.920644673908434	0.941090648555213	0.913148111779909	0.855610448589062	0.942907637281095	0.9294903569856	0.917993129666325	0.946037313835104	0.906304549019877	0.896392957019177	0.949750703598249	0.916425501938616	0.902277150503769	0.930463294490557	0.924582265858383	0.907367183937288	0.897418441093672	0.818738330946765	0.940880839414237	0.945676414907254	0.903179220137996	0.931458614227554	0.956878250168794	0.924626509623928	0.926479468212355	0.921966215089421	0.950082058552079
GSM1045240	0.912704935477688	0.875252377315416	0.806348119804062	0.907840861729645	0.896536076707308	0.87571437644457	0.886733269217322	0.887720314732363	0.874273232462627	0.904445878218113	0.924970763562461	0.894584754757949	0.899695917927787	0.878695898571391	0.883412632060382	0.873259645266427	0.871050475110977	0.94935358165876	0.926558660201464	0.946391608142096	0.925604777094313	0.873007911885084	0.94547430088118	0.88575148240045	0.947673430022297	0.913584124190111	0.84895397394797	0.875070996359947	0.918445388440645	0.93714228854269	0.879698772545348	0.950621957405442	0.940144889168277	0.876226835216636	0.906508523481749	0.951578970798945	0.899868800816707	0.930946651114658	0.935625828474669	0.935833324189363	0.914386721529563	0.918912098197161	0.948624579021059	0.906712380079423	0.940055302591126	0.956249476899139	0.93054744520597	0.912827919319589	0.940113271473253	1	0.945616035179981	0.901776993037148	0.935050996303856	0.935895453051896	0.921942184827504	0.934257288888697	0.902251897516895	0.84754720112871	0.927546132774331	0.874998238966082	0.945508799970319	0.895154658203081	0.905224125497312	0.911594637207419	0.910094854999705	0.924895534670946	0.900790618163848	0.939429910516682	0.937631225518893	0.923716072703044	0.888790779238087	0.900189641456307	0.928156367735329	0.882182161038089	0.935859377979492	0.87950909356653	0.948763739822363	0.932499155344494	0.938665337111228	0.873367572941572	0.930377102094359	0.916849106967937	0.905005969977499	0.889344295426447	0.911104919360643	0.916305361640209	0.927484733235027	0.946383132424823	0.952886045771605	0.957848423571539	0.916526703248189	0.886607866366221	0.945016540789982	0.912355395520034	0.919818066286084	0.942246044171946	0.91468190066263	0.882357021887244	0.951375378536559	0.929443427823486	0.919135640429957	0.939998563552905	0.893367833838819	0.909290724976694	0.955983644674031	0.899169318656615	0.906931470343537	0.900718720845115	0.939099357624745	0.913394844181938	0.928545007312909	0.825984542835039	0.952143438267363	0.94774216977877	0.892968592288358	0.910070920857352	0.959261124137815	0.945323029020328	0.938321909094473	0.922763659581778	0.948300492060986
GSM1045241	0.895805019404615	0.871311828821075	0.834752470092783	0.903597049893327	0.880479699880951	0.860562400598427	0.870746760992067	0.876857645356929	0.856227372410622	0.893552573663378	0.905940519292624	0.876789418992631	0.878729956141695	0.859998303306526	0.864787220328694	0.860888806535559	0.856954890804924	0.93917703276738	0.926785263270116	0.939129685958008	0.917975892097196	0.889529251945492	0.933840601324943	0.909053489876546	0.942096345763601	0.928543970700062	0.833598652559368	0.887973177453728	0.926377246695883	0.934682963689206	0.884209385680882	0.942646004203198	0.933161325375304	0.897813979254625	0.909260060633523	0.942481408842743	0.916571999985883	0.928427753256545	0.93637880461395	0.936388123097494	0.928928943631417	0.930716129857564	0.943653163119844	0.903722735344127	0.947299139173841	0.938682331590772	0.941737010330766	0.928718272008293	0.945372413727355	0.945616035179981	1	0.908450459238354	0.923723663180477	0.937747643611272	0.913125246521468	0.931865872941831	0.904414927773708	0.866165626572807	0.928318197101993	0.884697362584733	0.927125024962458	0.892239229215279	0.92008378793823	0.924195789698781	0.915841902043962	0.923725341464658	0.921225737733703	0.945171461088414	0.929099402361397	0.931623917752644	0.897419325477931	0.90263434501558	0.927301181121618	0.890154196075994	0.931306370802631	0.904830182366332	0.934148388573133	0.943985105465732	0.941099988016669	0.889792962314762	0.940550554531075	0.918863408896228	0.920663250653561	0.896290306106951	0.916824570351407	0.923533196896649	0.934193884432448	0.9468908235645	0.93853607368047	0.935438172301342	0.933571803654979	0.881170706477023	0.938779592334753	0.927232815665139	0.92230550552951	0.928437589816891	0.900108589043796	0.875510608077727	0.937809624861227	0.9213796298495	0.92911850629832	0.941540967658414	0.893890593391668	0.89365147106767	0.940118054980041	0.901080263070903	0.913193379836648	0.916176610133725	0.933776701383999	0.914993119972907	0.907799923060788	0.821804377487604	0.952200773940281	0.949659140929007	0.913124407406686	0.920979736683196	0.949028728719931	0.930573094052079	0.931112022952336	0.927974032512589	0.935655397979043
GSM1045242	0.861331974895225	0.837477892185341	0.777042974979565	0.880544093845177	0.841849367282394	0.822375039326888	0.832533601384541	0.832119161784975	0.815612395649216	0.878762928100071	0.87532929447229	0.833445127153295	0.849543787111378	0.815170524292622	0.828098346409516	0.826781833864498	0.820093228278692	0.915457322859301	0.917809534954077	0.922709923082728	0.910434179962114	0.886228559976128	0.914454305955153	0.849505191247852	0.901387597661041	0.894899061689132	0.85114768866104	0.901683647307259	0.916418901097804	0.9228251332117	0.88774399473806	0.930238557074786	0.904430025848167	0.888815797415765	0.902542181933017	0.912560416401864	0.9288359422016	0.920715739679384	0.920832308392969	0.902876327483537	0.912934578014891	0.911382447610602	0.921184766578327	0.906678764690046	0.914618155596024	0.90983318321007	0.927622838479673	0.897952325684378	0.926482330754822	0.901776993037148	0.908450459238354	1	0.919263964647475	0.917154042407688	0.910389810891103	0.921457458456139	0.86538164281618	0.86903765952901	0.899469417771958	0.917021192087017	0.895476449020137	0.852821242629046	0.894256399912117	0.905837497696602	0.893295552087338	0.901701929229268	0.888883775371252	0.910832239459489	0.918306670522472	0.902554982985653	0.893031223926854	0.886209517604611	0.926127199898928	0.888600996674992	0.908689991932846	0.841633159077721	0.899310020603814	0.906385314131291	0.910057854074758	0.889811679573097	0.917531534173388	0.897512015614106	0.896572029943072	0.894182438100355	0.907620465037995	0.905998179478367	0.923119467686956	0.916642616146959	0.907251577940034	0.895105161802888	0.900139834601786	0.886137455957621	0.922135175078624	0.906160455822928	0.895612215278318	0.914111252988042	0.886928412558804	0.853268917958877	0.900613830416705	0.884004978141688	0.898391139296716	0.92038963061031	0.898818056063902	0.88154668475424	0.908889781087948	0.888293423464226	0.885483641583612	0.888598832774968	0.91838677194386	0.915202329869395	0.886386538879937	0.843807584690655	0.911608613606832	0.917145475337888	0.903317436126632	0.900472090827359	0.915755611218806	0.901695409509509	0.909302225302679	0.897771014980049	0.923457111495419
GSM1045243	0.897969262982516	0.864523317579498	0.798465684113998	0.920927449562087	0.873340632168378	0.847776974739528	0.86378431675935	0.86263851310651	0.843599362162145	0.900057943845339	0.911177209391771	0.862757625223011	0.887408422469904	0.848235778277094	0.858826528020353	0.855655670044549	0.846471785012449	0.931617605429691	0.920585740940579	0.937484413552198	0.924321966821682	0.868750282875944	0.942014966092474	0.860530896110047	0.913936096761838	0.896763493793342	0.869619467008933	0.883047649579442	0.915958371284857	0.926063290301116	0.892043610947224	0.945208266051628	0.929039911310561	0.880511321923805	0.907797956697983	0.93221719741167	0.896181068261769	0.929832030777015	0.928873902628838	0.910412712412427	0.908169907943042	0.914476242215635	0.936996693610121	0.901191807947873	0.920927874537773	0.931395541529129	0.926492895594641	0.901146552284098	0.927768855946267	0.935050996303856	0.923723663180477	0.919263964647475	1	0.932956883154359	0.920217055341103	0.934361879241959	0.8768828805189	0.84807613277625	0.914196678907239	0.903222386943987	0.921028427677918	0.86132158899684	0.901614303732488	0.900679313419813	0.906661715116168	0.915579089291671	0.894795981786365	0.921588000754966	0.936375792397512	0.913726108685604	0.880312683387393	0.893421179423719	0.928909783140893	0.880521019623676	0.932858425451336	0.852122139148531	0.936270758711555	0.906382012507564	0.920907984192212	0.873955681684519	0.912571251111249	0.899174887945627	0.89561733515667	0.894521001840324	0.906218828635927	0.912339975502821	0.916447615712139	0.933254995819213	0.932811399746122	0.931770609872271	0.904151742652108	0.894157736446097	0.934355339974739	0.908366327315164	0.910482001092664	0.929507976830906	0.906044697908811	0.881722311297808	0.93291107853235	0.906552174260858	0.905754123169815	0.93984070521591	0.896795238480298	0.897026675469627	0.940262357543791	0.886473739660472	0.893211809650885	0.888289356003906	0.936402028052527	0.923202924976174	0.924785877495905	0.864650723489718	0.928868934935801	0.929325398032466	0.90287230554418	0.902890869121793	0.94085641768222	0.925492055657179	0.930040471976022	0.905301399593852	0.93324357993598
GSM1045244	0.871102908458151	0.862430087439351	0.805783791728395	0.902332048800143	0.848176737129439	0.826137689893271	0.83673761743757	0.84323867017652	0.82035327232743	0.874926978825924	0.882094150092605	0.840510756324037	0.857384729660435	0.824939634741728	0.832860983297825	0.830858007160334	0.82285796607053	0.940156568626791	0.9303025591594	0.943516847951096	0.932038446617721	0.87578992883451	0.931176941744302	0.871888294709809	0.929485376635602	0.90207561704929	0.869425726920037	0.878095160900991	0.910799034281737	0.922834076864017	0.896729340582681	0.937670274891113	0.92116121798955	0.892545881113199	0.908413629749134	0.943358446275412	0.911530302128086	0.94123488317734	0.925829712090722	0.924253496834489	0.91680197440516	0.924763943039367	0.938978906379121	0.903223943285127	0.934594947589419	0.934744585500513	0.922572152179038	0.917415356409835	0.923341027463716	0.935895453051896	0.937747643611272	0.917154042407688	0.932956883154359	1	0.914197594928065	0.938934763858083	0.89755705248756	0.859216316865126	0.929388667576164	0.896318290030136	0.929717182352378	0.868483423647341	0.915231377662436	0.923248987870593	0.909031253848745	0.909577448577835	0.912223561225212	0.923775143869349	0.940386388595525	0.923105721695813	0.882099345226255	0.903880554135198	0.934269632098843	0.888343144385284	0.929523044871735	0.863548583621079	0.935599966903403	0.926042304624127	0.922999315877245	0.878452648572972	0.923841711312064	0.917622253135597	0.910283489102031	0.90729191536224	0.9099422736538	0.921863833045319	0.932585848182289	0.936582181858183	0.934127062113798	0.920172400327964	0.924805473990471	0.88988189772225	0.93172398756558	0.930702529334633	0.911940013697214	0.940789499976878	0.895325020594503	0.89216514089539	0.924280164537049	0.914878657725086	0.912064131864207	0.941204897420236	0.896185445984877	0.887514285150783	0.931713818408528	0.886846111495529	0.914638716562057	0.896839849144562	0.94735680832604	0.933321844566377	0.92562085689654	0.852768022710792	0.940675728038686	0.945481726583674	0.915854539286836	0.901586911638146	0.938254574260293	0.936986871394147	0.944607734778419	0.918180099915623	0.937621752270764
GSM1045245	0.901746543459315	0.855532228836592	0.785802549109127	0.895371050169065	0.873372289189251	0.853716719253666	0.867133512421	0.86674427117735	0.855473763119905	0.896623156121315	0.899770821593572	0.875653942016062	0.869314214287304	0.860750599721067	0.862927386626259	0.845593485572343	0.848836422556141	0.922211826177795	0.898884082326796	0.915790532774897	0.905420619013613	0.876242786960536	0.904912943396512	0.861379062903384	0.928999368592285	0.899418453995746	0.827584340213629	0.875556330856501	0.911199162355804	0.93316529945444	0.869470100391846	0.932904988428509	0.925464901556113	0.852441829715017	0.901457630834162	0.931873161849934	0.899380530424958	0.916568281160302	0.930662091612296	0.925839399139947	0.916584720994811	0.91836679449356	0.934096386803667	0.931508529451792	0.925108478859652	0.924410398799419	0.928872453258528	0.89959595217944	0.93054919067319	0.921942184827504	0.913125246521468	0.910389810891103	0.920217055341103	0.914197594928065	1	0.930346790196417	0.885250103258405	0.862042553522609	0.917332415159457	0.891142080771534	0.918145727291645	0.880126145841808	0.887621870670701	0.900547305333123	0.912704127574266	0.926905954266805	0.881865506993042	0.914882702804176	0.913059130361475	0.901005767242559	0.88816933851489	0.884247355080295	0.923225315156882	0.880587034528849	0.91941524147828	0.86211223673122	0.920144178369542	0.926232822627836	0.921356040542435	0.877298685801158	0.922509670074424	0.904584487858261	0.909089675554809	0.892312345995772	0.914355135855856	0.914421863531062	0.928323199013258	0.925856223747962	0.92105449169283	0.923283332932604	0.913106556590213	0.872152685392187	0.937093188032201	0.906636476777587	0.899915420171747	0.931836675607878	0.899902720270322	0.857443931020365	0.93107069457063	0.933044098826311	0.911288987228152	0.924357728920963	0.882516191363829	0.89084005575483	0.932222129024153	0.899071106216641	0.898624827833465	0.900883796433503	0.92329907419314	0.8985798450277	0.89263935866091	0.818598012273744	0.923969393040424	0.925577242130174	0.876451080107077	0.919881882179953	0.9345836877633	0.928310110797336	0.926309620154707	0.908484700870444	0.931453208223077
GSM1045246	0.901794536060232	0.861320089538007	0.782146927384859	0.905839523692319	0.881521233824284	0.862054928573989	0.872829487784325	0.874612808460546	0.858027445189751	0.913803548807757	0.912133899149902	0.877075369004041	0.879155781630349	0.857742189600668	0.866764315266422	0.862765762340655	0.859550682075139	0.937279703126709	0.942076370040021	0.943244481943037	0.924930175100647	0.902310614601173	0.935228510451808	0.864381355773132	0.940093767610557	0.914695749271178	0.843323897143139	0.902019172115543	0.923767669503207	0.932112452708322	0.887007857350831	0.939531251448305	0.946323868447511	0.913222816769367	0.910879130801923	0.955527138995448	0.923705233183814	0.952182984487016	0.941868428900323	0.934634072194673	0.924080683163154	0.934491344894852	0.945517572131401	0.923881505515872	0.950234278747117	0.949451711174633	0.936309163977125	0.932985934696312	0.948704866546414	0.934257288888697	0.931865872941831	0.921457458456139	0.934361879241959	0.938934763858083	0.930346790196417	1	0.903026780322604	0.883056973159467	0.940180692946052	0.902796285708819	0.936696497028721	0.893582090364205	0.935918862614127	0.93397867466081	0.917410658448435	0.934730316378551	0.913826674932695	0.937553372526859	0.939118786538404	0.93862134414941	0.904692552505806	0.922988279096543	0.944490810724376	0.900330645472771	0.947809733956203	0.857989212097717	0.939338196222079	0.938737500673582	0.926942953151645	0.900529755713047	0.935898905556686	0.94492878906152	0.928897474339882	0.899233362467632	0.918028929622949	0.930731410087123	0.943891563327225	0.946413114491852	0.947754282479908	0.931073545130834	0.920724691413781	0.880065842733369	0.934058424252314	0.930632573974572	0.906888242063488	0.947620422183024	0.907804369714589	0.871703046875144	0.932320437606849	0.917324893080403	0.923286112141623	0.952483837000013	0.903521763762304	0.88702988175368	0.948780982441324	0.902989640103851	0.917269652379041	0.904404553447406	0.947661869213978	0.937409928002861	0.913099868573752	0.832429351742532	0.934653168641429	0.9520954412487	0.930611890053158	0.912441243343467	0.954743811665496	0.939992557258796	0.946968117769212	0.933525985929421	0.958805394998787
GSM1045247	0.859167401699229	0.811523877731416	0.763528381615276	0.858730057470113	0.842715971473095	0.831435780813089	0.840004573856275	0.844711283136622	0.835739727461845	0.856494018642732	0.862245680646479	0.849547184674242	0.833234319993533	0.830671430154363	0.836462248974729	0.823564241414915	0.82509737160307	0.917946060643912	0.891366639686184	0.904403237623937	0.865642357025068	0.851864710417621	0.874325121706472	0.843742616217088	0.904012327763277	0.876242081360537	0.785164151964742	0.858986288437788	0.886611631712325	0.908900054454181	0.82895542838586	0.900546787999821	0.900552008352301	0.838531555562699	0.863867698760031	0.923267657706159	0.878385201684793	0.912079593478394	0.882189194600308	0.921746101930221	0.887933749327176	0.900987684708481	0.905425353553875	0.881916343877509	0.912796077592951	0.898629419804394	0.892296118052956	0.894473392445179	0.890147438636391	0.902251897516895	0.904414927773708	0.86538164281618	0.8768828805189	0.89755705248756	0.885250103258405	0.903026780322604	1	0.833994725012886	0.97053154954795	0.848631722551865	0.914928448555146	0.844479956483414	0.908453699737424	0.914185478916592	0.888518561161889	0.901687002344545	0.903121630594041	0.900152948670474	0.899802602370452	0.923568808496428	0.867834224389848	0.937659537278303	0.889004846501199	0.847281832695528	0.90947515766261	0.843856446608512	0.915364361392922	0.918883152258612	0.885447004364959	0.859107363360102	0.906987981150832	0.92964811706275	0.910719859445172	0.869386855119816	0.882056026062031	0.883876716837959	0.906787282203505	0.890940632018576	0.904683052869841	0.896038150355753	0.910136286419518	0.842525996902584	0.902690279125333	0.906474666639254	0.87397142097757	0.902334525661719	0.878189100589714	0.817176960592651	0.909603010103179	0.895446766393276	0.911039790082684	0.910532148233626	0.846216183770215	0.869908081098472	0.903912263321248	0.87216131324459	0.944341239901079	0.86655636720386	0.915354867279203	0.898505989291856	0.859985125152279	0.753840418664885	0.91212090155073	0.916281532575971	0.888496039641306	0.874734206720602	0.911796907459723	0.923589426223477	0.913193827379333	0.924025893820635	0.916657783443142
GSM1045248	0.826782345421231	0.830870542033264	0.755882587057968	0.830555321304563	0.821960310751442	0.807913882734205	0.823236461358383	0.820787906712856	0.804878997680778	0.842091533892934	0.845753044134631	0.822220993074427	0.808980119684844	0.801934122183503	0.810423413537533	0.808492199364664	0.807085368731873	0.856880337892112	0.870752597662541	0.85754843308407	0.858506689967123	0.919841344745746	0.870069909552549	0.833210291179432	0.881863003544682	0.899619527538998	0.769594221193708	0.886164692378878	0.888775143986215	0.872020172437452	0.867405944026019	0.871388195243508	0.862480281404692	0.866469414711486	0.893249795596945	0.860189277260529	0.895669733151933	0.859555108700598	0.902419575102446	0.8738624174755	0.885398918981841	0.872816038399453	0.874807418921538	0.883928099425901	0.87747788842165	0.86115310879588	0.880877516528966	0.861692850758935	0.888538389986992	0.84754720112871	0.866165626572807	0.86903765952901	0.84807613277625	0.859216316865126	0.862042553522609	0.883056973159467	0.833994725012886	1	0.863228926566297	0.883879492674179	0.839733308118959	0.866739451339895	0.876252993760107	0.86689640102367	0.834173560732319	0.850310329325035	0.84147285184112	0.879166486097079	0.873443270102048	0.87111302864436	0.882188474613107	0.857090494303759	0.876423983801571	0.898187152758488	0.86250921070274	0.8293490723953	0.841925246823925	0.882474577411247	0.883041514994834	0.90398100742694	0.88213110825712	0.874838726997237	0.871692720594592	0.835639624251686	0.893492002400482	0.864529222588057	0.887754878157899	0.870294538222934	0.848733412458451	0.836737424446395	0.861736330212774	0.845856809092213	0.876687642321418	0.857067574539166	0.867591968373846	0.860920509119474	0.860747809678486	0.783583292479133	0.853891607207202	0.857049104167366	0.859332849737039	0.868681791882101	0.867384330961307	0.829373552772827	0.851687418926293	0.885163471227139	0.855494515091904	0.897377890738636	0.870171567714791	0.854374766294026	0.812965878712377	0.769752466069926	0.864998679086985	0.871043772392393	0.85991000275966	0.862234122887495	0.866741409615816	0.843780403824197	0.864797921883088	0.867487802755951	0.881222023905841
GSM1045249	0.888486313149485	0.841481639803157	0.782692505811766	0.892967090216212	0.869056690588794	0.849293028180545	0.859137199424831	0.862635065804987	0.849665006263359	0.882889711670663	0.892740205908676	0.864638346437815	0.862889677569129	0.849194175393894	0.853757453852347	0.846767968412014	0.845559377467625	0.936218066580821	0.924968198021869	0.934953519106943	0.907946821078959	0.875540838113763	0.9101476339374	0.860867331523119	0.927553697529054	0.898503269405626	0.82623432575645	0.885492487389728	0.913175642984025	0.929302915723338	0.864475212941994	0.930885413374087	0.93033527413255	0.872171689878162	0.895258155179968	0.953160575694889	0.901266930001124	0.940438731324744	0.915040738670896	0.936210135446601	0.906800035439567	0.926060164796655	0.937124331143582	0.911751339816487	0.936282753121434	0.927600179487831	0.920352997034193	0.927492070246189	0.921518375160185	0.927546132774331	0.928318197101993	0.899469417771958	0.914196678907239	0.929388667576164	0.917332415159457	0.940180692946052	0.97053154954795	0.863228926566297	1	0.882677423958531	0.932066804077886	0.870318080907454	0.934490607014927	0.936467904419161	0.916225730939508	0.929585942388873	0.925562689273326	0.925209200169887	0.93279412150788	0.945120880811908	0.890327087841506	0.942965152199234	0.925862269987503	0.877150933158483	0.933219739158622	0.857878363584688	0.932886310344066	0.935931131189511	0.907383759889953	0.878593098680658	0.923999158779957	0.938669098182734	0.928997038221008	0.890658471316955	0.906230836933021	0.92087739878652	0.92761290798669	0.924895954500992	0.935987099239472	0.921161460324243	0.924264886938545	0.871183296255428	0.922911457864543	0.927844620504527	0.90015927812896	0.925869846136669	0.901541760803085	0.857745484962669	0.927975500418511	0.913502735706336	0.930080213922049	0.939414063023242	0.885229361386015	0.885212631236259	0.932939359983542	0.891152498005731	0.951617482386693	0.889763782182035	0.945953203461119	0.925792042730873	0.901817376370393	0.802377802010467	0.930478948529175	0.9449164430288	0.922990013832703	0.90475702816441	0.940040158772124	0.942333323144295	0.936913136352053	0.937724456673135	0.948268759608654
GSM1045250	0.834496535577033	0.831617369478927	0.783504920675718	0.873920969581126	0.816634903708259	0.797265914016386	0.812333502098662	0.812361929394682	0.793032187170795	0.850322206023844	0.85204572210536	0.810022624710557	0.82310807908535	0.793198962824752	0.806101713559381	0.801883474897847	0.795286277775049	0.895092641635651	0.891173875984566	0.901120992778737	0.891204104405686	0.890330857917975	0.895987600654041	0.836746945206173	0.879635784109406	0.895471481313472	0.846006477117619	0.904620747248308	0.915216064352376	0.904498548188958	0.897477089189587	0.915197027751556	0.878574465168885	0.874951843143422	0.904582205255256	0.884015707947734	0.909156227341724	0.892090589591285	0.917748083294578	0.889799089366937	0.907127186901998	0.894496142008059	0.899602934404167	0.900289312402963	0.891475264768166	0.876231655239991	0.910360804898358	0.880782134201508	0.908575017973881	0.874998238966082	0.884697362584733	0.917021192087017	0.903222386943987	0.896318290030136	0.891142080771534	0.902796285708819	0.848631722551865	0.883879492674179	0.882677423958531	1	0.86714254530304	0.836342333785447	0.88454119989109	0.887747018290397	0.873021283996838	0.87787114571119	0.872057642426493	0.89394247795365	0.904107022582442	0.88805612232885	0.892369706459963	0.87102788797304	0.917125243389242	0.898871225308766	0.893318271732011	0.827077056256129	0.876174917508559	0.884285814027672	0.895280266368363	0.901300217625146	0.899569066166405	0.879911224773348	0.891510498159043	0.880901755912163	0.909775519431071	0.891427242984642	0.90478669759163	0.890218417707436	0.874405348260342	0.86456260381436	0.884219254210759	0.879446866042459	0.908906004959406	0.886314743440966	0.895169958959697	0.88975783123223	0.877328188449682	0.829942905635186	0.882721702378282	0.86798235007276	0.881851449891538	0.900035482500565	0.887848974662423	0.858446153243771	0.883053768270823	0.881422547346239	0.874421650222056	0.884983100399832	0.898507114409913	0.902173642759958	0.86132436258025	0.842508173108687	0.893214059027175	0.887997582549478	0.888104614750686	0.887325113830308	0.889753169468931	0.875372078989927	0.892721943110222	0.879913674787822	0.90208351043273
GSM1045251	0.905178747726795	0.846368901402946	0.772475918488321	0.896075705905814	0.886500526238865	0.867952975574858	0.878949264502398	0.879141161839167	0.871364944142049	0.896746016222598	0.910233540944494	0.88701115649849	0.883685478626024	0.870350590708758	0.877827558634929	0.860949034537588	0.862827070997397	0.943640295510127	0.915584965323384	0.935320962630542	0.902641113340161	0.862618228487171	0.917147536694353	0.858200877013617	0.931237145136317	0.894479239558535	0.831804092830626	0.867489985297059	0.904925693015464	0.930825436317271	0.856657983899898	0.931753781268958	0.942064537119299	0.863062891354517	0.890035692853942	0.958681095087259	0.890652556271649	0.943811246914056	0.918229088967348	0.934762787048143	0.907933435072859	0.916628976405623	0.936345079759603	0.905169879834294	0.934053675286208	0.950299875317653	0.918511468536043	0.905177015089529	0.926876182784834	0.945508799970319	0.927125024962458	0.895476449020137	0.921028427677918	0.929717182352378	0.918145727291645	0.936696497028721	0.914928448555146	0.839733308118959	0.932066804077886	0.86714254530304	1	0.874827573312747	0.91057215235247	0.916490203713521	0.908510409033207	0.925880905878625	0.904410912398279	0.927218780229906	0.925614006574788	0.923830519331372	0.878272381220537	0.913152435642617	0.921718347860241	0.866508441192509	0.950478188296556	0.855297752784811	0.955787279551255	0.93050053885191	0.920327773933886	0.869073035565896	0.925353057524238	0.936087588050817	0.915915718312104	0.888026417778613	0.901444617800919	0.90681125998071	0.928028777200944	0.932836384784496	0.949621584848963	0.945432111990961	0.919518406802857	0.875071823158006	0.934365008454962	0.921191204017864	0.897026096828433	0.946403609575134	0.900920710056964	0.862751179747926	0.944053511868338	0.924114001004951	0.919056934898524	0.943168341523799	0.87366874595952	0.898389126804812	0.949263544963072	0.886550831801802	0.916452643376756	0.885357470432563	0.940688724148833	0.920863717460707	0.914522173966735	0.80269477813158	0.939429746318058	0.942185897634016	0.895952549841891	0.897718081468012	0.950951323309925	0.95452990808107	0.941261920730825	0.928635229235061	0.946608231397594
GSM1045252	0.902921397270524	0.920263186173382	0.78046602133111	0.845338887808027	0.908011829743543	0.901630981002096	0.90105865931245	0.913276398963657	0.889859223794431	0.895718314010671	0.907068554673136	0.912651404707604	0.887286734556089	0.899109350930586	0.893034075656356	0.89963023669307	0.899063200947903	0.866834873297857	0.885602522308556	0.867738709014003	0.868756085102077	0.891798261785696	0.901453042281124	0.883712801159966	0.930362893864855	0.913166499560248	0.769574144193006	0.851380570034344	0.88046829872056	0.882048354693116	0.846863250047163	0.891396401616169	0.909436244524274	0.879121519035287	0.871807744487391	0.898326065832589	0.876437542266193	0.875336092878216	0.923514040945463	0.888789532866365	0.897027527600649	0.876616067833089	0.894605703590024	0.87159422558457	0.892873040580423	0.919555331657849	0.899473864094721	0.868299002592272	0.920395856005396	0.895154658203081	0.892239229215279	0.852821242629046	0.86132158899684	0.868483423647341	0.880126145841808	0.893582090364205	0.844479956483414	0.866739451339895	0.870318080907454	0.836342333785447	0.874827573312747	1	0.865499921156782	0.868011259214509	0.84514405677942	0.874013621461144	0.835019336775682	0.91179941492923	0.872865107881095	0.877186291501558	0.864050540781368	0.857698782980987	0.876692740022489	0.884744250258081	0.886757401275655	0.881076118738007	0.868213863984104	0.903752490930578	0.929080897358798	0.875791317717155	0.900006346242795	0.879002227320574	0.867291309147412	0.821079071107589	0.877308859804876	0.871225343607082	0.888024961322493	0.916862864925611	0.884372263418254	0.890854001288722	0.869399618506983	0.824125092256569	0.900702321196129	0.849033101545773	0.880132663607231	0.887443309111472	0.862043417018546	0.809749237316599	0.884310074100425	0.924750935617838	0.861996131184518	0.881004249490451	0.854999444836704	0.830184268385634	0.897328635752639	0.866797204963421	0.853388551279857	0.918196694718498	0.867817861733051	0.835442644207749	0.849731407227544	0.764205909276646	0.887623956893157	0.893056941577099	0.847914292000733	0.879645794770023	0.901519644946998	0.86301427449857	0.878091277415326	0.875539204974225	0.904406814574737
GSM1045253	0.86423585655336	0.82847321405781	0.760472060302462	0.875041428292063	0.846018581987043	0.833926702974779	0.843137319827243	0.844713753067531	0.828627676788768	0.886084693890351	0.873669163133584	0.846760136156315	0.841312568591671	0.823729864463677	0.834747158263336	0.83422343939493	0.831920999887353	0.919589312848252	0.929632840807989	0.924335563840974	0.894091534943063	0.900975647400217	0.90897347639206	0.848601949810123	0.912891002977872	0.896426483590482	0.815693233737677	0.888023710880259	0.901836161663547	0.905866251954903	0.862194324473732	0.909250533342144	0.919390885807106	0.913618130248148	0.88588443500472	0.93201673613167	0.908219075327911	0.923716728309512	0.914036759715251	0.919357653789212	0.915558674607875	0.915767531082517	0.926033453514793	0.892758484685146	0.935082596025049	0.920821907264277	0.911000887825445	0.927205128258979	0.917268022744891	0.905224125497312	0.92008378793823	0.894256399912117	0.901614303732488	0.915231377662436	0.887621870670701	0.935918862614127	0.908453699737424	0.876252993760107	0.934490607014927	0.88454119989109	0.91057215235247	0.865499921156782	1	0.939886921395087	0.892408572798779	0.90515452735349	0.921209553729566	0.920363013013439	0.922022143991853	0.949291093614333	0.878822341384532	0.927949240767481	0.914089512297295	0.887883371999464	0.933039783802127	0.840801661361821	0.915475012835196	0.930106036562753	0.897717777094588	0.894620863724906	0.918294311289709	0.942971432935846	0.926281435717913	0.868812458502733	0.895412745541474	0.909719384468952	0.923570508772151	0.90653300421817	0.91536936201405	0.899600060926244	0.906015244559256	0.860156689485112	0.906696529515697	0.915630008847795	0.883969857558889	0.907008446152361	0.88334895887226	0.830875595893547	0.905093123157342	0.880271522105983	0.92489556311992	0.935379913467973	0.877050895465466	0.862505404926937	0.910441795099269	0.881093154506007	0.921371017055584	0.886294121429375	0.935299928235507	0.925137015199018	0.878218186427607	0.7951174886301	0.911889349283271	0.936301066431327	0.93713740370224	0.887113895629204	0.922215414195547	0.914818966638147	0.912007187778647	0.937261785248243	0.932025777964154
GSM1045254	0.867568980217065	0.836078003321086	0.773076165027784	0.875645901643705	0.851764469323946	0.841307884807907	0.846620470215173	0.849977273497281	0.837063155985409	0.88220538284539	0.875443859117718	0.8502748169601	0.850269679694314	0.83244036725702	0.842086415336109	0.841546660237165	0.839162785704242	0.933203248591935	0.934762595892474	0.936595221465943	0.906104470069288	0.886174002512412	0.904177281797538	0.852347569639596	0.915138822394805	0.89232624561886	0.831236644769726	0.886558993147179	0.90408395890911	0.91363098376061	0.868290791848469	0.917126079835529	0.917376692946892	0.892017161866242	0.889383096802284	0.938548126204818	0.92054625225483	0.934284389733117	0.914629821855943	0.924375951092306	0.908485306257806	0.926960105201028	0.925972182029114	0.905371554063928	0.936749447093135	0.916474095600792	0.915170534700265	0.93218665103554	0.920107000854416	0.911594637207419	0.924195789698781	0.905837497696602	0.900679313419813	0.923248987870593	0.900547305333123	0.93397867466081	0.914185478916592	0.86689640102367	0.936467904419161	0.887747018290397	0.916490203713521	0.868011259214509	0.939886921395087	1	0.904578734741422	0.915381396576475	0.933869701554473	0.916901173863341	0.924219562143423	0.93737254006553	0.891327739560287	0.928701497265304	0.923732395481432	0.884670859414965	0.939023796788531	0.845324977331726	0.915318281574975	0.932395675366732	0.898256710088007	0.889557435238676	0.921206006642023	0.941110439977231	0.933770753855323	0.885241875680761	0.898313423684389	0.916703625668956	0.932176522338722	0.917302259198149	0.916667999684375	0.903757352671752	0.917238784678643	0.86438339759835	0.912046555347517	0.933453414051818	0.891246552234295	0.913687358089224	0.888205330798271	0.842767125117505	0.905733708589922	0.890197643989195	0.932695419261956	0.931409497546213	0.883931583470659	0.868956258390302	0.918503786428525	0.885686987057233	0.922387980373803	0.880763510690865	0.942184023227185	0.929458615009908	0.887396964891625	0.805812015486979	0.920448991280863	0.937426000839085	0.940271431352611	0.893370719467789	0.926447344442992	0.91946141587237	0.922616547138848	0.93840210538698	0.938270517719888
GSM1045255	0.867290111481771	0.842791182343945	0.805183748514317	0.892813605125907	0.843778502554222	0.824250357371927	0.842340593062277	0.84326561196529	0.830834947781922	0.86213317252841	0.879710827891002	0.844814060441009	0.847723501781065	0.82827192641378	0.833473520269149	0.825219149368902	0.824763058207614	0.921840503251904	0.897822704528269	0.917504136513621	0.906196107792581	0.854918054234341	0.880888080866758	0.840100552506179	0.904880654582	0.877160285963029	0.814305438671396	0.863633042765697	0.896942383981633	0.919401801337265	0.860306771639366	0.919272826013511	0.904725742578291	0.841847332148811	0.881011659498988	0.925363728644334	0.883673155307409	0.915618953288956	0.896916100248192	0.915478856023336	0.891360346926938	0.920590004550791	0.925824164135411	0.903835343193288	0.917316420702294	0.897704394107519	0.907681962860228	0.913065883830917	0.905166536854137	0.910094854999705	0.915841902043962	0.893295552087338	0.906661715116168	0.909031253848745	0.912704127574266	0.917410658448435	0.888518561161889	0.834173560732319	0.916225730939508	0.873021283996838	0.908510409033207	0.84514405677942	0.892408572798779	0.904578734741422	1	0.964990776095592	0.893647653670025	0.905755021309813	0.904745584145395	0.897482311637264	0.876407489347134	0.887004699328759	0.910918890584211	0.864565563316509	0.910631703094282	0.840612699721011	0.910481095512501	0.92147668669674	0.889896493737787	0.855732468966689	0.908010864312695	0.903902948632341	0.918704590949552	0.886233280762749	0.88944486223573	0.909686942518081	0.919891258490564	0.913958809705503	0.91035154960547	0.908336761651184	0.910463772401177	0.852760204964837	0.907046744799583	0.915691865680902	0.900336453283482	0.914171081946906	0.872573135712544	0.881556900201079	0.910926763627707	0.904327377757739	0.911900257863788	0.918715046027449	0.864945941839778	0.865097766150642	0.924808577888637	0.881997510454084	0.898617441141846	0.870569449518951	0.918759096589257	0.909217858004653	0.896445329543094	0.803976839380683	0.918046613172673	0.915161227873919	0.890756232340857	0.91795045297033	0.921756985373359	0.922347936144135	0.92711382319344	0.908734263227124	0.919201062065404
GSM1045256	0.905152336068683	0.854724823539776	0.794653746390396	0.896164313996706	0.883714149079853	0.865923883666699	0.882275187422243	0.882979682199974	0.870533583001283	0.895194701769611	0.910449385729695	0.885120120915566	0.881390957323272	0.870860681921576	0.875605846370391	0.860528311620584	0.863691988621546	0.931177867569713	0.912422598308257	0.925623393085269	0.904705699561695	0.872727339779799	0.898544257767337	0.851147571994377	0.923730403944283	0.89792342099678	0.808486111944474	0.879339927506814	0.91473240894336	0.935366747127672	0.858565489038982	0.935201192521112	0.937097280311604	0.852284730306097	0.889728157971445	0.941075173594447	0.896392660564624	0.930586189181651	0.91691570116406	0.935112508372754	0.90433323663937	0.936184975309235	0.935381297945048	0.920283290261745	0.931469968191827	0.917514461012698	0.923072955530171	0.925219698321012	0.928295035741656	0.924895534670946	0.923725341464658	0.901701929229268	0.915579089291671	0.909577448577835	0.926905954266805	0.934730316378551	0.901687002344545	0.850310329325035	0.929585942388873	0.87787114571119	0.925880905878625	0.874013621461144	0.90515452735349	0.915381396576475	0.964990776095592	1	0.8983428073978	0.927184388865078	0.917671663915556	0.913408024088158	0.894269736406561	0.903162835219081	0.92237791096395	0.87615240973323	0.932869045262728	0.85254874709028	0.924257692803297	0.937921349466472	0.908643521000128	0.873298173492072	0.923506842927776	0.919165672003061	0.933277271177086	0.888207859913667	0.902369735040328	0.914756484519441	0.93457884609693	0.929993868502733	0.929615291996069	0.925839041149119	0.920620577905695	0.854806795949168	0.922705338134581	0.923426022127203	0.908366251764759	0.929598380501196	0.887825727016104	0.856362247570049	0.928243586094871	0.922200682826474	0.925099029625526	0.933062147477252	0.875656610283791	0.876883744464291	0.942767278860142	0.895887628921443	0.90781025829566	0.889737060515076	0.927042165555823	0.913621823433853	0.900222524721858	0.79326003598157	0.927907469690854	0.929593587443018	0.895762581326804	0.928987628557244	0.93969969753488	0.934840349466552	0.931236538181235	0.925151483003549	0.938850887200462
GSM1045257	0.847891665581549	0.814835947609782	0.763636201699863	0.867702004403722	0.831432652400983	0.817151880385456	0.821172260154577	0.826060055638223	0.814494279102838	0.85582830415705	0.855312760381653	0.823596990821894	0.833381312261591	0.808738043714785	0.820985781997478	0.817942291905042	0.813768654553231	0.919773928662466	0.916749947182146	0.922629421125768	0.893099244271653	0.849387395016114	0.88752318354015	0.839196342084056	0.895202557430597	0.865300118071058	0.826033337901139	0.869388552498752	0.887799198537476	0.895598534564503	0.852325685551283	0.90062943631477	0.899029921533853	0.863245640065829	0.882594061366948	0.917459324934346	0.895005763209631	0.919298669096545	0.886335026279547	0.900130284737685	0.882362706834161	0.905000698547958	0.917550551476309	0.885338626383406	0.922799224846753	0.898097757649892	0.893198885442877	0.922176978401802	0.895901948505534	0.900790618163848	0.921225737733703	0.888883775371252	0.894795981786365	0.912223561225212	0.881865506993042	0.913826674932695	0.903121630594041	0.84147285184112	0.925562689273326	0.872057642426493	0.904410912398279	0.835019336775682	0.921209553729566	0.933869701554473	0.893647653670025	0.8983428073978	1	0.899400250914843	0.909346134368169	0.928967029216131	0.877793223694846	0.913043860992016	0.907207712391356	0.863058673794386	0.918400633325022	0.831939478606751	0.911414357967984	0.910631033997589	0.873889225758418	0.864515490983666	0.896363577594072	0.911845395429873	0.915726066828274	0.885966957324968	0.880755601069443	0.909259278908619	0.909372427967731	0.900403609682786	0.911591708905652	0.888958323128937	0.905720398567349	0.865702932492782	0.896737629404687	0.93392070890693	0.874591365438933	0.89716016079343	0.880980871384824	0.839783641610499	0.894495238000923	0.874605336607279	0.926020298321708	0.922066201296813	0.869043091187796	0.867846881863984	0.903386052426096	0.866769404278738	0.914811313290069	0.851898310961872	0.929081596646182	0.922126921945757	0.875943688337245	0.807901858386023	0.909487698478099	0.931758146462604	0.933058742945346	0.873064715242231	0.915018911951862	0.913382602276619	0.908378955959359	0.92483775431535	0.917819707368593
GSM1045258	0.90467313672997	0.872747782465085	0.809823543563722	0.889222699071892	0.890168080456478	0.873500229263354	0.886428193376996	0.889920675425492	0.870336403752824	0.905988601826361	0.917913576296028	0.894212696723412	0.881413998492413	0.872650615950683	0.87732473554567	0.871047236922509	0.869509794998946	0.933398665789604	0.923820682313263	0.93156230947449	0.90887866348299	0.913963068450559	0.935988283146794	0.896524610244564	0.953699601338994	0.943654969343499	0.820824327691482	0.900206270063342	0.933744507562489	0.944192998185312	0.885453511368467	0.949319607391361	0.941910619569088	0.907188458797499	0.910989149196005	0.939073098503689	0.921861117944775	0.929256333922643	0.953033172394302	0.940408305118244	0.946063382356954	0.926627255111238	0.945948411862053	0.918115187391696	0.944572602583234	0.944658602481204	0.951099360315737	0.917847536549427	0.95498016997144	0.939429910516682	0.945171461088414	0.910832239459489	0.921588000754966	0.923775143869349	0.914882702804176	0.937553372526859	0.900152948670474	0.879166486097079	0.925209200169887	0.89394247795365	0.927218780229906	0.91179941492923	0.920363013013439	0.916901173863341	0.905755021309813	0.927184388865078	0.899400250914843	1	0.927747985289745	0.923024690972595	0.901493415680498	0.907653222391092	0.937427451766611	0.90739187779378	0.939035801087089	0.893922268853989	0.923653382722537	0.946222462719841	0.953548668019534	0.909565555776749	0.955069032719372	0.92642377160208	0.925073687456053	0.892792983714312	0.921984115352239	0.916227714106661	0.943363864201766	0.941958592094139	0.928244594405715	0.932607795676731	0.925549844606977	0.874554394474658	0.950954803134726	0.907492536922495	0.922763234291288	0.937848378768362	0.899025612119933	0.848218219575587	0.936527463298751	0.929721198280875	0.920161790131897	0.93952047818959	0.894035742958595	0.883426533958911	0.939825706954814	0.908415910282868	0.908189745982264	0.933176086908339	0.925464713478038	0.906557721786842	0.892776632800371	0.80821592390255	0.944938165782055	0.942976995998382	0.904752274797739	0.928498608274193	0.950608405683497	0.922456964237667	0.926629829683401	0.918470899774938	0.948613820168183
GSM1045259	0.890082702682019	0.86091955577482	0.797797688210836	0.909773916691354	0.869870063831302	0.847541253657181	0.860438264364322	0.860316278104804	0.843216200961178	0.894676365781546	0.904957780931135	0.86076363713152	0.877639620795604	0.84352093039002	0.85706608216351	0.851742609524237	0.84443953909712	0.936212511393352	0.932649537054825	0.941176189056057	0.928008539552741	0.892129167649698	0.94337696105437	0.869171655594404	0.928293052211883	0.911782658628015	0.860364092666859	0.901961898946454	0.929136616285202	0.925423388637497	0.903110347078197	0.944901477618535	0.933223165777314	0.894580713109521	0.915810246655852	0.938202604557823	0.915550404172478	0.938452745976706	0.936917565271393	0.927740540085003	0.912550446842557	0.923221476541468	0.93838023953036	0.909983155563402	0.927863844196759	0.935146187728404	0.925786741549961	0.917836254043466	0.928836713218854	0.937631225518893	0.929099402361397	0.918306670522472	0.936375792397512	0.940386388595525	0.913059130361475	0.939118786538404	0.899802602370452	0.873443270102048	0.93279412150788	0.904107022582442	0.925614006574788	0.872865107881095	0.922022143991853	0.924219562143423	0.904745584145395	0.917671663915556	0.909346134368169	0.927747985289745	1	0.932176305123412	0.90180131244148	0.915281880360651	0.933225766900828	0.904333813124279	0.932138820097203	0.858963660755767	0.931883513159951	0.921890803278507	0.921306102436862	0.898273490667751	0.923554427252998	0.918321005201259	0.913128411566276	0.897478086444914	0.914420695117814	0.91343401296942	0.928524132240152	0.933014739199757	0.935220582022037	0.926613608751904	0.917854756820763	0.912871301719868	0.931367846107372	0.923267293421371	0.921222805371739	0.930861182107866	0.913120024429333	0.870304230637195	0.930704461043604	0.905930033300174	0.921158309296587	0.938461285792422	0.943531868860027	0.900720325879251	0.933940368219907	0.904116362598704	0.919050549656381	0.900879889675359	0.949105145385705	0.931898941685938	0.921996185676317	0.847626132481922	0.936453641953953	0.938250332030056	0.918223557023768	0.903691680328968	0.938866177802219	0.932753548549235	0.931696756114532	0.92434466648316	0.941789652480691
GSM1045260	0.885096608705943	0.847409535604638	0.770224314410956	0.886870706932418	0.866102718678977	0.85157293190638	0.858671629822168	0.860086678964021	0.845935927176739	0.896721805106602	0.888356407574814	0.860341192453406	0.863047644205697	0.843610426656038	0.855721952388453	0.851664730115727	0.848506478646258	0.930438899320296	0.937360993164322	0.934184496123913	0.906190021376821	0.885420595994354	0.917782110334728	0.859987028315688	0.918598831503168	0.896689798317115	0.831568374132496	0.892435788963933	0.911544936174215	0.916076989131634	0.868941468463742	0.92460363865879	0.929553270065474	0.898623362651274	0.893609001814808	0.942153388176264	0.910013790093166	0.937086923091337	0.917909350460149	0.925820793208275	0.911455967150843	0.922241664617367	0.929547381496748	0.898445886459374	0.937823028884298	0.929666450439024	0.918459351498568	0.931891372697848	0.922999095584095	0.923716072703044	0.931623917752644	0.902554982985653	0.913726108685604	0.923105721695813	0.901005767242559	0.93862134414941	0.923568808496428	0.87111302864436	0.945120880811908	0.88805612232885	0.923830519331372	0.877186291501558	0.949291093614333	0.93737254006553	0.897482311637264	0.913408024088158	0.928967029216131	0.923024690972595	0.932176305123412	1	0.892482161824187	0.934486575183795	0.921353712972118	0.88635476503541	0.937271490881817	0.851670737911257	0.926897031185976	0.934819166724383	0.907483702598338	0.892757242120479	0.922185556500219	0.942537435310818	0.929612402341969	0.884135006410477	0.900948366713211	0.918183417846434	0.92483668472601	0.921024935472708	0.928659033160573	0.911688215724434	0.912026479657333	0.871968867964745	0.915615428706837	0.927260277936413	0.891736136966436	0.918199233314599	0.894378161757989	0.843383193939272	0.916737921223382	0.898081961313023	0.93268886123419	0.941865209615444	0.887762921876385	0.878331187655893	0.924478792253802	0.884268915622352	0.946550046582641	0.887481673811448	0.941319697791086	0.928072210735315	0.893394871116372	0.809663973591157	0.922421595685643	0.941562373595413	0.939156121927618	0.892664536320534	0.934959495429812	0.928611252809008	0.924373462463234	0.940975084432087	0.941651681077834
GSM1045261	0.864073912398665	0.831209183375419	0.785041734187955	0.858839474154033	0.854980829930464	0.843572897181262	0.851975066034505	0.848275162092697	0.842999929505574	0.864180157780423	0.881125352186633	0.85812761216152	0.847297721460889	0.839014754959357	0.846917291555302	0.834122307176373	0.838027003962323	0.902865858146215	0.888523989219874	0.897708382926027	0.877517230210331	0.904198068887217	0.897094076354414	0.859877166314436	0.905022817679514	0.91131723581343	0.786840448300723	0.920633145749474	0.929968737239393	0.914192607684932	0.878665036321425	0.911993727510113	0.897943827302512	0.850964551947148	0.917394308848246	0.892419675708718	0.907731528306245	0.88762358584077	0.914256669383831	0.909949193964647	0.891908448277068	0.901033626228347	0.902633942025038	0.909296845971405	0.905880869967962	0.88914254819524	0.899098310742685	0.891818619247209	0.910967617232819	0.888790779238087	0.897419325477931	0.893031223926854	0.880312683387393	0.882099345226255	0.88816933851489	0.904692552505806	0.867834224389848	0.882188474613107	0.890327087841506	0.892369706459963	0.878272381220537	0.864050540781368	0.878822341384532	0.891327739560287	0.876407489347134	0.894269736406561	0.877793223694846	0.901493415680498	0.90180131244148	0.892482161824187	1	0.879184760175805	0.900254660000655	0.90521595231281	0.897494992037697	0.856873397483642	0.884156254578803	0.902582122870304	0.89723908346476	0.916050328853838	0.905459832055647	0.891873513096372	0.896340359879	0.89152190495229	0.916588164818701	0.885017832479717	0.913610534665106	0.898292822502541	0.892704872656577	0.889401069804737	0.895366978334637	0.883190206219108	0.90785630980307	0.898285924070585	0.899754061820006	0.892518174849302	0.905452871692643	0.813155324736385	0.904959528710004	0.887032150338573	0.89308848031251	0.899231225878749	0.897799113742049	0.897679310416006	0.898892550520769	0.933957764787499	0.884711181801063	0.888659185538863	0.891450025005592	0.891897076451806	0.848362424752053	0.787499949588343	0.910977034731801	0.901654346800717	0.875449433430178	0.890809250485752	0.908335790613066	0.891870116355477	0.892269196630823	0.895544855040804	0.903516571661441
GSM1045262	0.866199347567046	0.823225898273309	0.75628409224821	0.875031048186584	0.849985226859227	0.838855959872639	0.847766158471356	0.847926696792441	0.839162289422181	0.879717888867769	0.877183480005014	0.851983981169098	0.845164222045255	0.829784000976672	0.8440822689426	0.837295813914635	0.835256192181795	0.919106499046549	0.919466380576788	0.9176576467486	0.880655230242159	0.878161016743334	0.895757852965192	0.841793237180202	0.904788259873719	0.879984786032773	0.807658569987954	0.882718689345453	0.89787238796276	0.903873082986565	0.848052557214409	0.904417881061799	0.917856546739878	0.883268509432071	0.877100596267308	0.925029524961785	0.896675386243182	0.929689584670893	0.899276232365068	0.923808840831697	0.899544539110935	0.908576625949566	0.909914747511532	0.889416739818452	0.920271091664789	0.910712839204399	0.903307595060686	0.904297406435126	0.906775547905305	0.900189641456307	0.90263434501558	0.886209517604611	0.893421179423719	0.903880554135198	0.884247355080295	0.922988279096543	0.937659537278303	0.857090494303759	0.942965152199234	0.87102788797304	0.913152435642617	0.857698782980987	0.927949240767481	0.928701497265304	0.887004699328759	0.903162835219081	0.913043860992016	0.907653222391092	0.915281880360651	0.934486575183795	0.879184760175805	1	0.906403638444893	0.871116261898517	0.927122593747667	0.836265965681178	0.913851888508182	0.915934339814851	0.887432935258841	0.882674524172288	0.908042360900195	0.942518592556049	0.912385307931045	0.866988168214972	0.889304265289213	0.892082702774784	0.916198231607417	0.902440273729571	0.911364569390011	0.89801485173617	0.903705364360388	0.855438337033618	0.902996361361174	0.910536578051098	0.878107666122692	0.907513406347856	0.883573964105349	0.825414157068171	0.905084519758359	0.883952422856912	0.910715960458107	0.92605876846386	0.864364136125654	0.86406225759772	0.910633246686156	0.87560778151401	0.935200309667279	0.871005204598519	0.926461549052574	0.9177234713296	0.873233882734983	0.783912470859795	0.90598210404868	0.919721678076551	0.917546574096052	0.875687416917535	0.919598397971118	0.926809259977307	0.915338738684357	0.934435051341143	0.935317136549326
GSM1045263	0.877312389730616	0.853480126873466	0.787645351405417	0.891980170076303	0.857625679282118	0.834950211026222	0.846578556392384	0.850312448869718	0.830103593965664	0.881397511551822	0.890273702410301	0.85090784396665	0.856359248889583	0.833590119677244	0.842196215940655	0.836919066397828	0.831631683080592	0.943623722362216	0.92473440189738	0.948625626445487	0.92801076967698	0.892505027645986	0.924536085084692	0.866819633727928	0.930304253560818	0.914340605778625	0.877032360619091	0.899797952337119	0.927007077699538	0.939599331149001	0.893196245284057	0.948105592447474	0.927783351321913	0.896993733157102	0.913613483686849	0.939465221404749	0.922133540131668	0.937350699275055	0.939942498294185	0.928400942141984	0.93202574204495	0.930016646065473	0.946826113808126	0.920475180418203	0.940852004638422	0.933435812607898	0.941261809611131	0.915253393708135	0.936306972420929	0.928156367735329	0.927301181121618	0.926127199898928	0.928909783140893	0.934269632098843	0.923225315156882	0.944490810724376	0.889004846501199	0.876423983801571	0.925862269987503	0.917125243389242	0.921718347860241	0.876692740022489	0.914089512297295	0.923732395481432	0.910918890584211	0.92237791096395	0.907207712391356	0.937427451766611	0.933225766900828	0.921353712972118	0.900254660000655	0.906403638444893	1	0.903956406134655	0.935110247817621	0.859758686090893	0.921854090603057	0.928420306239622	0.928602713299728	0.893798309197008	0.94067269230128	0.916863282458779	0.921350843256854	0.910999664002643	0.927019440103834	0.923357946474775	0.942407573685462	0.935341223852375	0.930667395250683	0.917626517550733	0.925219053145211	0.888011855881359	0.946645952973944	0.92245825613331	0.909196995229942	0.942269037089199	0.895421119805935	0.867647053585323	0.92377098286687	0.914469355237358	0.91785913906434	0.942067861117568	0.899584501924186	0.88703827544649	0.932504221652286	0.900036972810276	0.908922908295013	0.910126850135813	0.941890460898175	0.933987388858016	0.904101555838096	0.848305522910641	0.928168396923761	0.935904921635152	0.914222656666087	0.91517043671305	0.944224231308714	0.931442262264626	0.930293542710169	0.919734190105881	0.954884247034523
GSM1045264	0.847484775578401	0.853549593474832	0.789979699227743	0.852891190282013	0.838610615655954	0.823163869306522	0.834667951833317	0.83717952046629	0.815413373632054	0.857363406989559	0.867114854916928	0.839704531191909	0.831909852727081	0.816993282798364	0.824972563377126	0.824638820011592	0.820969020512939	0.885067075926044	0.892814674773747	0.88826298186005	0.885145661370345	0.930997317136057	0.911733338395984	0.864545766695402	0.907980926238465	0.929338796160614	0.815614368129472	0.908584957946232	0.917545013177335	0.893173741928775	0.90912070174935	0.904491649262488	0.886140797437744	0.894087519697938	0.918421744394462	0.886226701138025	0.909198863073473	0.882896624636945	0.930863643248765	0.894704523398069	0.912578605201089	0.892892380210996	0.896472988582295	0.886596812844883	0.898937605208872	0.889363869184038	0.902754884191548	0.881513445563882	0.913102627462236	0.882182161038089	0.890154196075994	0.888600996674992	0.880521019623676	0.888343144385284	0.880587034528849	0.900330645472771	0.847281832695528	0.898187152758488	0.877150933158483	0.898871225308766	0.866508441192509	0.884744250258081	0.887883371999464	0.884670859414965	0.864565563316509	0.87615240973323	0.863058673794386	0.90739187779378	0.904333813124279	0.88635476503541	0.90521595231281	0.871116261898517	0.903956406134655	1	0.8881953801117	0.856376412895619	0.868573365030322	0.893585369380903	0.91308488689754	0.932016910511391	0.901399936293339	0.886659514128085	0.882378058791588	0.874758280631903	0.916027570291665	0.878019365369271	0.903699420920044	0.895971932688224	0.874706011067653	0.87263133729236	0.887667361346008	0.884014384418812	0.906228518851232	0.877176955992189	0.905374395985139	0.893967798001784	0.880391432484019	0.814060617438382	0.885074333012074	0.88399240226157	0.87319404653768	0.887693998504235	0.907800710551491	0.867906139030645	0.882255159515863	0.904996184433211	0.877282813712891	0.917732884822258	0.889893088045297	0.88029565007262	0.849820685220184	0.807490214381709	0.89513670537967	0.891292287420281	0.872312365855916	0.887354212496507	0.893604544871173	0.870390725119264	0.883395405782356	0.877451080399151	0.899895213003144
GSM1045265	0.916082713140233	0.852648829880127	0.772918754475192	0.898369406552225	0.8974902959768	0.882558118565298	0.893181389506385	0.892191549292443	0.881147199276604	0.919809098908161	0.921790251653254	0.897509229880784	0.894372861593728	0.878604058265846	0.889001087590908	0.879787410312848	0.879353017477809	0.947725261018252	0.931447111166091	0.946207498790304	0.908222432356636	0.888964582439445	0.930090554337001	0.8632899556081	0.93357235559018	0.908435635804975	0.83340999978001	0.893550932236371	0.920520339655079	0.931419296056016	0.872237948244667	0.936523830118828	0.956995993981832	0.893952150312375	0.901465307741866	0.954717326343455	0.910601975337546	0.947965172797371	0.93388299684224	0.939739896267053	0.922784974094032	0.928416838244505	0.940761193539103	0.913580203850485	0.946509388883535	0.951019122824974	0.93438846520658	0.924164754813159	0.944604903309412	0.935859377979492	0.931306370802631	0.908689991932846	0.932858425451336	0.929523044871735	0.91941524147828	0.947809733956203	0.90947515766261	0.86250921070274	0.933219739158622	0.893318271732011	0.950478188296556	0.886757401275655	0.933039783802127	0.939023796788531	0.910631703094282	0.932869045262728	0.918400633325022	0.939035801087089	0.932138820097203	0.937271490881817	0.897494992037697	0.927122593747667	0.935110247817621	0.8881953801117	1	0.857527045835735	0.951142035769601	0.936247434996647	0.923626437843642	0.895714909286965	0.937092905503388	0.944317221170505	0.936589237067777	0.890542294590265	0.913597860960616	0.918219900373429	0.941103671998303	0.941436268926645	0.947783845630791	0.940532094092496	0.924516098457742	0.876069479582957	0.936520127986562	0.927969705793501	0.90360819211875	0.945421816842675	0.909256004982913	0.852850333814038	0.940568717721662	0.917832368455073	0.931485474966402	0.953354690353731	0.886752560507555	0.894475719192939	0.952966236704724	0.899008818296241	0.914191624295173	0.895386387085008	0.94217559473811	0.936186892540433	0.911546315163036	0.808842859834621	0.937636600616211	0.945881940328342	0.924333753735233	0.9100588101614	0.957757523634065	0.942738344536292	0.938013839540796	0.938528339520271	0.955842891278726
GSM1045266	0.846602407405793	0.849361540340413	0.87930037946552	0.834865446484883	0.842831143215699	0.830668793058808	0.834186331759599	0.844279508219878	0.825173012045881	0.832978713646509	0.855162169816456	0.846655099608129	0.834407725720032	0.832197276846525	0.827667734544701	0.824649867739726	0.82482483513245	0.867718825493387	0.840571408165804	0.861752391938017	0.839974055611652	0.853134391137571	0.878395250266635	0.988285330805725	0.894709785874496	0.911856497718115	0.762219798347943	0.834100815210985	0.881923213540648	0.882654753119208	0.831286667314697	0.890325836656458	0.864377369640713	0.849540873000926	0.864298863917898	0.872969527962891	0.854808120547262	0.852006025642404	0.890183484503354	0.884371426730879	0.893240516605511	0.874962711618484	0.872037432075407	0.845172361486591	0.883528117177848	0.87506539146632	0.900382810789989	0.851941106914837	0.890767377412692	0.87950909356653	0.904830182366332	0.841633159077721	0.852122139148531	0.863548583621079	0.86211223673122	0.857989212097717	0.843856446608512	0.8293490723953	0.857878363584688	0.827077056256129	0.855297752784811	0.881076118738007	0.840801661361821	0.845324977331726	0.840612699721011	0.85254874709028	0.831939478606751	0.893922268853989	0.858963660755767	0.851670737911257	0.856873397483642	0.836265965681178	0.859758686090893	0.856376412895619	0.857527045835735	1	0.863475098626712	0.877057567419588	0.91953983727288	0.84821513238173	0.889290506132427	0.849858727516797	0.849453190776924	0.844073174592408	0.879760648887525	0.847439694199153	0.87406959751356	0.884003212825739	0.8605823034724	0.873472946073139	0.8827861315305	0.828369546453294	0.893657371890075	0.849919004637567	0.880998532241935	0.868039432244474	0.8490236350413	0.798504777617807	0.882092151696024	0.885783153460663	0.849995919955958	0.866520291649286	0.846288146317145	0.846772491094889	0.867730646314025	0.865901681696481	0.851751796623567	0.909593777451886	0.856122329892505	0.836060386023218	0.832382100737986	0.758321196873027	0.886270302908653	0.872314092259632	0.827941218920769	0.876601315681816	0.87894989108827	0.857285119885792	0.857043294308995	0.848926741832525	0.861308267188204
GSM1045267	0.911461927371127	0.850642502766502	0.787164153847464	0.909119754111784	0.890607729430038	0.867985409966565	0.881726792840494	0.881010056494598	0.872288528717277	0.900153976374136	0.916943202474999	0.889668613734788	0.893846234260663	0.871188483888907	0.879234045793419	0.863629125809336	0.864406056250879	0.951537166420869	0.917358380416811	0.944806448176445	0.911157151973283	0.862727296256467	0.928859207020265	0.865570396281457	0.931901175438336	0.898466062974163	0.841274421059618	0.872298175850774	0.911047557878948	0.939274039802999	0.867321878563459	0.939239834929152	0.945596053899707	0.863723635698371	0.900045314381976	0.953703830061682	0.891350387388773	0.943299506897867	0.919710991600312	0.933913538873654	0.91082403664882	0.918777192010495	0.938764404921055	0.901956752762752	0.937096740633102	0.949856949576121	0.923677592012101	0.906270173307063	0.929868441443127	0.948763739822363	0.934148388573133	0.899310020603814	0.936270758711555	0.935599966903403	0.920144178369542	0.939338196222079	0.915364361392922	0.841925246823925	0.932886310344066	0.876174917508559	0.955787279551255	0.868213863984104	0.915475012835196	0.915318281574975	0.910481095512501	0.924257692803297	0.911414357967984	0.923653382722537	0.931883513159951	0.926897031185976	0.884156254578803	0.913851888508182	0.921854090603057	0.868573365030322	0.951142035769601	0.863475098626712	1	0.924846239416217	0.924392015408323	0.872080117669484	0.92499496597102	0.933759689368583	0.910624556282801	0.895289586976429	0.909022550423056	0.910178494736546	0.924232199888014	0.937955133272632	0.956349795667959	0.951986985510514	0.924131262023343	0.890206024653397	0.935555307543927	0.929177701502651	0.90563388466377	0.950715822819975	0.912096843973547	0.87728878290708	0.954506739586216	0.927326329159691	0.919270640590986	0.948431649849343	0.882275212185975	0.91442431975431	0.960555094807494	0.893528139660613	0.91337110917617	0.889243917366624	0.943818455092101	0.932825607321724	0.924401634907318	0.816760842095837	0.944345170172336	0.947116460299057	0.896903314358086	0.899514535985253	0.959127613897518	0.961034364458069	0.946231437177963	0.930477708685544	0.942338461774624
GSM1045268	0.894391407339254	0.860645558889082	0.789626685383161	0.882595527151358	0.880577314271974	0.867272477123248	0.881355202926215	0.882858015445247	0.871226905159185	0.896568122957841	0.90496001538986	0.889756029624385	0.867509756929698	0.869102253067677	0.873396574518358	0.860515344694639	0.86406686858289	0.936894046587644	0.925385526575724	0.925769192260656	0.909130232279438	0.910163854939137	0.909985319028431	0.875064886467424	0.956891941175894	0.927496034492024	0.807264308166242	0.893437165019632	0.923316292633931	0.94415018632499	0.87266574864082	0.935533761401172	0.933637596182504	0.887092583853126	0.905180956395297	0.941070645436131	0.917870684257691	0.928165713552582	0.937811724131108	0.948033936470196	0.937823138040643	0.934697546585995	0.949475082630907	0.927196806307689	0.947753098188156	0.937082124457541	0.936686440765238	0.925811619418074	0.942482562655232	0.932499155344494	0.943985105465732	0.906385314131291	0.906382012507564	0.926042304624127	0.926232822627836	0.938737500673582	0.918883152258612	0.882474577411247	0.935931131189511	0.884285814027672	0.93050053885191	0.903752490930578	0.930106036562753	0.932395675366732	0.92147668669674	0.937921349466472	0.910631033997589	0.946222462719841	0.921890803278507	0.934819166724383	0.902582122870304	0.915934339814851	0.928420306239622	0.893585369380903	0.936247434996647	0.877057567419588	0.924846239416217	1	0.93654964206319	0.909282442651055	0.949747487368673	0.943340527881846	0.942243478293159	0.890188593058075	0.921937148665149	0.928039250156347	0.952293973948054	0.934165173076611	0.927462325244617	0.926613583274162	0.939774166016177	0.868058681766863	0.945886447649476	0.931606775204911	0.914500546725742	0.937713407253797	0.900758497191798	0.849985554849908	0.93592999742748	0.938525008468732	0.936787964247443	0.940049854302597	0.881855793337798	0.88806646628919	0.933549523246711	0.91201546189731	0.918722746871821	0.919208606065202	0.935968921535877	0.910213506040117	0.883348518645486	0.785213154314841	0.948383779324456	0.949716502815965	0.908200002124278	0.919857870695216	0.94699110784811	0.937225620054073	0.938229414249054	0.943616835952113	0.948961893339583
GSM1045269	0.903124752110906	0.891583374371768	0.827330385230924	0.88969943127145	0.891097536882099	0.872950503124937	0.885179813528549	0.891312960917334	0.867516943707663	0.900676887451519	0.917297593573765	0.898189876520574	0.886032063175023	0.875071848199449	0.877454461663119	0.870599427212483	0.868191973138562	0.923069822269351	0.911410311369416	0.917965121785438	0.908286707844244	0.91820958142926	0.944792203403788	0.923013851233022	0.95692223266795	0.953022273017078	0.829675879406032	0.889514827566979	0.929478403879904	0.939919508825306	0.895028841601548	0.946749536410399	0.929085807433649	0.905961055780708	0.920157184551986	0.929859577456407	0.916746531006723	0.918936400338948	0.96556704508706	0.933281457229423	0.954527166252325	0.919110355026304	0.93807848194825	0.906408689765748	0.936434561123155	0.947449973466716	0.950708248968725	0.89426301613737	0.956773238138323	0.938665337111228	0.941099988016669	0.910057854074758	0.920907984192212	0.922999315877245	0.921356040542435	0.926942953151645	0.885447004364959	0.883041514994834	0.907383759889953	0.895280266368363	0.920327773933886	0.929080897358798	0.897717777094588	0.898256710088007	0.889896493737787	0.908643521000128	0.873889225758418	0.953548668019534	0.921306102436862	0.907483702598338	0.89723908346476	0.887432935258841	0.928602713299728	0.91308488689754	0.923626437843642	0.91953983727288	0.924392015408323	0.93654964206319	1	0.908492317035006	0.946433984520026	0.912219978382529	0.901432222755454	0.889897963294601	0.932103353272757	0.903754010746161	0.934087646111889	0.943235178928363	0.92221222780028	0.932844689661555	0.925414327882402	0.882289922687289	0.95820089815533	0.896390940268029	0.926214128464189	0.936770614629977	0.903833802324327	0.85133788551072	0.939648425642888	0.944669655547384	0.897846961693199	0.929336583896778	0.899056031993096	0.895701804663708	0.931573160639658	0.911735926478021	0.892902938282564	0.956075636097327	0.920444374155371	0.893733157135615	0.891976488415648	0.818110256239553	0.941834470693466	0.931699573324334	0.876591074074919	0.923267648025094	0.944542519292392	0.916164821161363	0.925862765654573	0.904962509440648	0.934594842598976
GSM1045270	0.851373402067761	0.832974110856932	0.767214177684886	0.846396798333803	0.844142841307974	0.835493120630887	0.848592815578175	0.845581260575299	0.832961974774356	0.867474117528023	0.872293735954646	0.855051898661083	0.832129037165523	0.828837382979871	0.839002866511385	0.830511944792173	0.832260451342958	0.888094962470779	0.887673351584014	0.882223057277183	0.866827203997737	0.942208848875134	0.899802648952638	0.851357444011503	0.907911110827677	0.928221084775972	0.775193526380864	0.93015198510653	0.929615232841366	0.905712739102099	0.896575577537779	0.901010600882948	0.891757988243053	0.885684089680807	0.906372111999939	0.878495171933546	0.911947254562396	0.880739924643941	0.92636546836809	0.90420668679968	0.915136725375815	0.893321094952822	0.893826303052208	0.89991513520713	0.89870712268931	0.888182964061917	0.902140811207808	0.880987937193973	0.914964071031222	0.873367572941572	0.889792962314762	0.889811679573097	0.873955681684519	0.878452648572972	0.877298685801158	0.900529755713047	0.859107363360102	0.90398100742694	0.878593098680658	0.901300217625146	0.869073035565896	0.875791317717155	0.894620863724906	0.889557435238676	0.855732468966689	0.873298173492072	0.864515490983666	0.909565555776749	0.898273490667751	0.892757242120479	0.916050328853838	0.882674524172288	0.893798309197008	0.932016910511391	0.895714909286965	0.84821513238173	0.872080117669484	0.909282442651055	0.908492317035006	1	0.90937514827333	0.906155528202417	0.892512480048586	0.863341940555393	0.918153537268259	0.876612851626327	0.917551731071169	0.889326151479493	0.872345590067617	0.872716704186521	0.887846487083879	0.879084824541386	0.909425647722309	0.87973256303449	0.901364008221265	0.88308830630089	0.889146932559467	0.794079715586701	0.892828619290603	0.880861213781619	0.882869447759357	0.893001682482375	0.896138173926076	0.874299787400852	0.879332150280379	0.916718036825106	0.875823930271909	0.908888349331103	0.888786955666347	0.876690237337386	0.827600903754468	0.778189858536765	0.898133422316208	0.892709117881908	0.874977921929408	0.879433489254408	0.896747425510475	0.871068836471458	0.884872369088852	0.891124748269165	0.902271533526535
GSM1045271	0.883124929913301	0.859452693738827	0.802167601546758	0.879392997531828	0.867934773719872	0.851444783455725	0.865275761853134	0.869135671687475	0.852113802493749	0.886059384875909	0.897888594556331	0.875126979894632	0.855267178846671	0.852261557000337	0.857112371174689	0.844824741579777	0.846977601758347	0.94355264201493	0.914850829072378	0.93498986258859	0.909036379900273	0.914626462685151	0.918855451861035	0.889903017115429	0.954346509251222	0.94234999324406	0.823337536241208	0.900334485301439	0.9328449736923	0.956101248320168	0.878318147821699	0.950084713395972	0.931213819642604	0.899544240829159	0.909364824013889	0.93715867692433	0.931124329485079	0.926688214845521	0.947867724020089	0.950933059651929	0.952856959339344	0.93188377283045	0.945501332749148	0.924387846384539	0.954530549681871	0.937126045963453	0.954363733622441	0.91542120507415	0.950675843088218	0.930377102094359	0.940550554531075	0.917531534173388	0.912571251111249	0.923841711312064	0.922509670074424	0.935898905556686	0.906987981150832	0.88213110825712	0.923999158779957	0.899569066166405	0.925353057524238	0.900006346242795	0.918294311289709	0.921206006642023	0.908010864312695	0.923506842927776	0.896363577594072	0.955069032719372	0.923554427252998	0.922185556500219	0.905459832055647	0.908042360900195	0.94067269230128	0.901399936293339	0.937092905503388	0.889290506132427	0.92499496597102	0.949747487368673	0.946433984520026	0.90937514827333	1	0.937038434501982	0.931537492146768	0.903001603401287	0.928603535715417	0.915521947889607	0.952360341960253	0.934608840851478	0.920245760545181	0.922984141704539	0.940938272594454	0.870805831886263	0.956247608077362	0.914258976124734	0.914562893394078	0.941978533900059	0.900672263106002	0.847830490475499	0.938566078368743	0.932547752797737	0.924569938094846	0.939104231513746	0.88784847287982	0.888397866369311	0.93543704116894	0.916007385386633	0.912166013102541	0.934243804863663	0.932404098419205	0.91148804797721	0.886428829813009	0.797906132764801	0.945746666952864	0.942064443658629	0.900970545227525	0.927902347483262	0.946841495862676	0.930059992268353	0.931888166365856	0.926251979621076	0.94683142124605
GSM1045272	0.874729168877181	0.834528503260624	0.759737341946646	0.874300276594057	0.859670164717845	0.850252206290513	0.861671860015315	0.861654643650566	0.853401681335881	0.891261044116044	0.885309357776241	0.871106170813764	0.8486206971415	0.845031495401834	0.854671590866628	0.843504594031368	0.846852573553649	0.940024030973213	0.923525680038007	0.930660001986949	0.89227987752745	0.909050301698775	0.903144066536454	0.850793189668628	0.933440625040645	0.901634872283702	0.802709609899992	0.892017954952868	0.908770693128674	0.927572223043148	0.858436083201139	0.917568928098151	0.930633616823202	0.895659025662476	0.887362693741011	0.946781890663148	0.916733470701117	0.937284420534435	0.919607432282185	0.940928560633586	0.9253577314195	0.92228345449998	0.928163748929616	0.911600352456724	0.942697634279612	0.931729315652064	0.920137302778349	0.920386729506504	0.925220560164823	0.916849106967937	0.918863408896228	0.897512015614106	0.899174887945627	0.917622253135597	0.904584487858261	0.94492878906152	0.92964811706275	0.874838726997237	0.938669098182734	0.879911224773348	0.936087588050817	0.879002227320574	0.942971432935846	0.941110439977231	0.903902948632341	0.919165672003061	0.911845395429873	0.92642377160208	0.918321005201259	0.942537435310818	0.891873513096372	0.942518592556049	0.916863282458779	0.886659514128085	0.944317221170505	0.849858727516797	0.933759689368583	0.943340527881846	0.912219978382529	0.906155528202417	0.937038434501982	1	0.932059249566899	0.881503851404739	0.90454043739166	0.907876896164604	0.942690023880001	0.917925625988724	0.923529085894082	0.912959043889404	0.91847871274172	0.85750145844259	0.923605945155112	0.923181116276405	0.890331333669815	0.93044827865126	0.896322836503282	0.840512159176515	0.922389535395406	0.909457108259839	0.921915316925831	0.940608091163788	0.870862638936923	0.879223772475618	0.927303554205128	0.897761248164956	0.929878324750961	0.895806026022153	0.941892138536004	0.926272312199274	0.883447530109951	0.775636514438958	0.924707155021625	0.938704317865691	0.923917084104417	0.894296805478976	0.937089344945415	0.939725345918959	0.936784626733558	0.946043956684616	0.94785485191673
GSM1045273	0.876471324594276	0.835829323987382	0.780491290606307	0.875051649839862	0.86077496312035	0.848322952280719	0.859585659591303	0.861201777911913	0.850957650996864	0.88187316672292	0.884378453541035	0.86389548377721	0.850309795427473	0.844677303172389	0.852385658699559	0.842498175741195	0.845064958915228	0.924642991553294	0.913442567207731	0.920852116279681	0.893136794973049	0.884491079979756	0.890504484206394	0.850143708257083	0.920941617600124	0.904609577779965	0.807918030162744	0.887833380386215	0.909880128402308	0.923930455017331	0.859974527336579	0.917992738004135	0.920956903167716	0.872074566009447	0.887669975526022	0.931504522414625	0.907198738912795	0.924643217626183	0.914870321153219	0.930983126679104	0.912569805355784	0.928738299096389	0.928314533917402	0.914791724914151	0.933943897969586	0.912187706762001	0.919580614567594	0.927081319880968	0.919539308460376	0.905005969977499	0.920663250653561	0.896572029943072	0.89561733515667	0.910283489102031	0.909089675554809	0.928897474339882	0.910719859445172	0.871692720594592	0.928997038221008	0.891510498159043	0.915915718312104	0.867291309147412	0.926281435717913	0.933770753855323	0.918704590949552	0.933277271177086	0.915726066828274	0.925073687456053	0.913128411566276	0.929612402341969	0.896340359879	0.912385307931045	0.921350843256854	0.882378058791588	0.936589237067777	0.849453190776924	0.910624556282801	0.942243478293159	0.901432222755454	0.892512480048586	0.931537492146768	0.932059249566899	1	0.88128130414896	0.907510453856227	0.917490260345159	0.937318876610718	0.91531928979249	0.91304029444876	0.905384987673677	0.928439496250213	0.85611115305971	0.917101052181652	0.928825315751579	0.897140778858823	0.918314218075946	0.883327080796743	0.83338160491349	0.916078944922718	0.906542332830661	0.938309739733781	0.927942906111348	0.869405675970455	0.866338057924587	0.919942137139728	0.895776436539164	0.923455157759713	0.891945648845586	0.925742694739478	0.922557419144364	0.873402908419539	0.782837800423995	0.92312318400625	0.930847964552643	0.923446192330136	0.909339800190468	0.93257680873102	0.92278063477426	0.922788501653225	0.933809574410883	0.935167135420516
GSM1045274	0.828809531784037	0.813553300107361	0.790483779391353	0.855038505921752	0.80862473667905	0.792572786591683	0.800633598984404	0.804639131371802	0.792294803004261	0.832377268454893	0.840298509749317	0.806700055362187	0.816012971287041	0.791272705395419	0.801170691995869	0.78988177922445	0.787990694463628	0.917451458344344	0.881504725414843	0.911369549810447	0.8790893596051	0.854074290665104	0.881090739866779	0.84890844105808	0.889236338535947	0.874780511859254	0.848652480251834	0.86384049890912	0.890412976838173	0.913193769139053	0.866016101554693	0.914380055809024	0.876343541835124	0.836591631403969	0.895795122288002	0.893925013111142	0.904640425684894	0.898186626851273	0.893454768521365	0.894961052276886	0.900668607936971	0.895742588845898	0.898652802295284	0.894330710412439	0.914110265224819	0.878442436824267	0.893490414563735	0.877417602700628	0.890755320332879	0.889344295426447	0.896290306106951	0.894182438100355	0.894521001840324	0.90729191536224	0.892312345995772	0.899233362467632	0.869386855119816	0.835639624251686	0.890658471316955	0.880901755912163	0.888026417778613	0.821079071107589	0.868812458502733	0.885241875680761	0.886233280762749	0.888207859913667	0.885966957324968	0.892792983714312	0.897478086444914	0.884135006410477	0.89152190495229	0.866988168214972	0.910999664002643	0.874758280631903	0.890542294590265	0.844073174592408	0.895289586976429	0.890188593058075	0.889897963294601	0.863341940555393	0.903001603401287	0.881503851404739	0.88128130414896	1	0.893972706646774	0.883051032885444	0.907614321694867	0.886039492766845	0.885760643316644	0.873541385977539	0.909380427585573	0.872209714057511	0.912639960034839	0.90887584229243	0.880841058977319	0.9137321188495	0.871855759416547	0.833231543355805	0.892111997700599	0.888989187608347	0.88562288520288	0.904418026928451	0.87083921332094	0.879912204148771	0.887811748755276	0.882973931649873	0.892471128079297	0.869538615066055	0.910710954224206	0.903992773971873	0.867150225836884	0.834074319099305	0.908973817486564	0.899944565431021	0.870327128704799	0.880345012860535	0.90189559873243	0.901815235218823	0.900933096962313	0.886818983465841	0.894243903466614
GSM1045275	0.874701904118942	0.845877655979297	0.798779470554199	0.876441563194128	0.860727297208467	0.84084582170866	0.854898906675689	0.854072582905798	0.839468757185777	0.869536869169715	0.891614180592693	0.865185646329748	0.850377451502537	0.841919869345253	0.846587811645925	0.835047692728549	0.835437947758974	0.920961509053247	0.895919062591877	0.9142582196189	0.891797696281862	0.912355779149643	0.915112011537065	0.880648168360725	0.927696639343257	0.931553640249606	0.821120520351286	0.916528243174883	0.938751384085487	0.932053858514987	0.892092348833721	0.930036054276118	0.912791526157723	0.874022977642836	0.926365394917117	0.915634367798932	0.910330758724406	0.903786151307431	0.937440412687533	0.927326517325036	0.924924548771996	0.913964875126444	0.925679765435759	0.91878013409483	0.923717646586815	0.917711679240606	0.927538998698469	0.892392530434499	0.929725923303857	0.911104919360643	0.916824570351407	0.907620465037995	0.906218828635927	0.9099422736538	0.914355135855856	0.918028929622949	0.882056026062031	0.893492002400482	0.906230836933021	0.909775519431071	0.901444617800919	0.877308859804876	0.895412745541474	0.898313423684389	0.88944486223573	0.902369735040328	0.880755601069443	0.921984115352239	0.914420695117814	0.900948366713211	0.916588164818701	0.889304265289213	0.927019440103834	0.916027570291665	0.913597860960616	0.879760648887525	0.909022550423056	0.921937148665149	0.932103353272757	0.918153537268259	0.928603535715417	0.90454043739166	0.907510453856227	0.893972706646774	1	0.897428852082995	0.930739830541532	0.920782090678767	0.90911624000724	0.914364761136863	0.921235169717625	0.895970345929848	0.940155742421452	0.904839243687631	0.914742045734554	0.925947687056903	0.90734310977754	0.83930594251489	0.929911841902151	0.91674768220603	0.902370574600966	0.91572165309245	0.900320183100507	0.909991045046585	0.916358927576558	0.932089249081014	0.896129247779644	0.926176987157767	0.91623441890031	0.903895751245258	0.870837881745086	0.805544505420796	0.921423795940262	0.918800777206088	0.877899134245103	0.912794536640408	0.931184336615702	0.914670243388083	0.911588669552651	0.90405165948338	0.924668263499634
GSM1045276	0.873779931758663	0.851047444492668	0.780401285867953	0.888211299769996	0.85880575133701	0.837449232841745	0.849544527555836	0.850727745042024	0.835470628439812	0.8788326153065	0.88699448555322	0.850027379890579	0.857740723040807	0.836306637939722	0.841461391319165	0.842041280147296	0.838749604180271	0.915088264869336	0.923286154548173	0.921334146352217	0.917333358157876	0.872420744428142	0.903794746912574	0.852682046192885	0.919615476594981	0.890940730925446	0.83831600978649	0.881460214990354	0.904546207450284	0.913381702297081	0.87497680187707	0.919408498459274	0.912609344283223	0.875939728364475	0.898976321842482	0.93248710849047	0.902565518481246	0.920555167654072	0.915439755239017	0.911010015531453	0.905455968839529	0.917139237139356	0.931385853687623	0.910467577035728	0.922673506997813	0.915342893724832	0.916439592141138	0.919990460082144	0.923232494161726	0.916305361640209	0.923533196896649	0.905998179478367	0.912339975502821	0.921863833045319	0.914421863531062	0.930731410087123	0.883876716837959	0.864529222588057	0.92087739878652	0.891427242984642	0.90681125998071	0.871225343607082	0.909719384468952	0.916703625668956	0.909686942518081	0.914756484519441	0.909259278908619	0.916227714106661	0.91343401296942	0.918183417846434	0.885017832479717	0.892082702774784	0.923357946474775	0.878019365369271	0.918219900373429	0.847439694199153	0.910178494736546	0.928039250156347	0.903754010746161	0.876612851626327	0.915521947889607	0.907876896164604	0.917490260345159	0.883051032885444	0.897428852082995	1	0.919957538222679	0.923242521317798	0.918661372582091	0.906246403084464	0.902040722817683	0.869544705772009	0.915841711581602	0.912080086932878	0.894854910894842	0.915363791807987	0.885255625114632	0.866106440866522	0.907199165935898	0.904932491281548	0.917703731268933	0.929101431103855	0.884757058046749	0.871201975697559	0.922369935612737	0.883769020905818	0.899424044415213	0.883189811804897	0.924807082310852	0.908600382665167	0.893585418334309	0.82662771859668	0.920787701893844	0.930342759661221	0.9088782303665	0.906887645237405	0.929624463238092	0.916283979759134	0.922095590765308	0.913529275830581	0.933320886631357
GSM1045277	0.882839595360644	0.8557049234902	0.795977613357413	0.890318444447865	0.866868686892218	0.852146600654068	0.866808187243712	0.868047871287624	0.854842260521201	0.892623812068335	0.898000396736122	0.875162345450515	0.859939724204942	0.852583186520374	0.861005463048037	0.845561933288039	0.847539667212039	0.942980709672612	0.919219473995418	0.933075271869878	0.912941724080122	0.91968348583919	0.916573545467657	0.874711593140898	0.946420948119411	0.925602741557262	0.823279368508636	0.907899619000644	0.932122752509631	0.949267125616315	0.886677922423309	0.943971650286097	0.93378811424604	0.896586998814892	0.915879282611421	0.937200729507749	0.935523244041293	0.937031490818941	0.943040898728271	0.946413028917407	0.942813149438617	0.940143218582567	0.94522666167411	0.932510036444009	0.946264900178477	0.931918832944631	0.942066927694488	0.924835708181913	0.942182607748536	0.927484733235027	0.934193884432448	0.923119467686956	0.916447615712139	0.932585848182289	0.928323199013258	0.943891563327225	0.906787282203505	0.887754878157899	0.92761290798669	0.90478669759163	0.928028777200944	0.888024961322493	0.923570508772151	0.932176522338722	0.919891258490564	0.93457884609693	0.909372427967731	0.943363864201766	0.928524132240152	0.92483668472601	0.913610534665106	0.916198231607417	0.942407573685462	0.903699420920044	0.941103671998303	0.87406959751356	0.924232199888014	0.952293973948054	0.934087646111889	0.917551731071169	0.952360341960253	0.942690023880001	0.937318876610718	0.907614321694867	0.930739830541532	0.919957538222679	1	0.937479753678794	0.925603274577108	0.919983040991242	0.938902389722974	0.878788176640913	0.949810995346252	0.932924396380804	0.917890906669973	0.937457040241041	0.905606349042597	0.856009691790903	0.936347880696633	0.9265636205371	0.932475762304105	0.939465137437579	0.89235249488794	0.896941665327821	0.930481442929374	0.922241484356134	0.915483693103185	0.919356943842257	0.942334811283976	0.923134779021411	0.888809967143777	0.80783759883626	0.943819306553575	0.943754717794946	0.913591607141211	0.919893802804227	0.944021602724476	0.936935106859865	0.94280455328958	0.934136045875077	0.95148652628222
GSM1045278	0.927122951091722	0.890488458875366	0.808039159281388	0.913845290306393	0.914500377202737	0.892019181603996	0.902697928201054	0.90813452800201	0.887732923969782	0.919052838623843	0.934202583811028	0.907435174938706	0.909463167313424	0.892684930645356	0.895752438217427	0.896707816225645	0.89123256660882	0.937258828086078	0.928770478627641	0.941952430450106	0.925498493179699	0.890469206950794	0.941037102316606	0.887701402030866	0.946711046085624	0.92698759715292	0.841886011949255	0.890201958526215	0.925531848125786	0.935501356504205	0.891545811700586	0.944146471306146	0.954769770017896	0.897250837768001	0.912282190411733	0.951946017414286	0.912488712110937	0.935893821458976	0.9438958779668	0.934851999578636	0.920106492730366	0.922791353903142	0.944467015185281	0.914515441001011	0.940259333897328	0.954788010413943	0.938043056729647	0.920767254377087	0.952352053810886	0.946383132424823	0.9468908235645	0.916642616146959	0.933254995819213	0.936582181858183	0.925856223747962	0.946413114491852	0.890940632018576	0.870294538222934	0.924895954500992	0.890218417707436	0.932836384784496	0.916862864925611	0.90653300421817	0.917302259198149	0.913958809705503	0.929993868502733	0.900403609682786	0.941958592094139	0.933014739199757	0.921024935472708	0.898292822502541	0.902440273729571	0.935341223852375	0.895971932688224	0.941436268926645	0.884003212825739	0.937955133272632	0.934165173076611	0.943235178928363	0.889326151479493	0.934608840851478	0.917925625988724	0.91531928979249	0.886039492766845	0.920782090678767	0.923242521317798	0.937479753678794	1	0.954133489665853	0.946186816339617	0.921625654988694	0.889051575021332	0.940659997824311	0.919506630545354	0.923665774480571	0.941784574791501	0.90442443745026	0.887493553046572	0.942156117806031	0.934475747926298	0.917618757987667	0.940286629278332	0.900355435307276	0.89217780035877	0.95960777195212	0.902597534155468	0.902200301224468	0.916717682555016	0.93478528487257	0.914968212182316	0.92526712888865	0.829806733797626	0.943557252050365	0.946008035973575	0.906682795909045	0.923097669733172	0.957677636318312	0.936733611012068	0.938083779894773	0.921644416689732	0.952284551730047
GSM1045279	0.935212135437901	0.852839830687691	0.778084054845004	0.91559685728243	0.917788497870004	0.894263809704177	0.903565757445437	0.899644324590112	0.891308570239353	0.92536707755881	0.936599415661068	0.907327610267402	0.914649777017772	0.892004483393896	0.900067782939322	0.893517066933225	0.891587879602211	0.945014047672876	0.927209331517289	0.947164789940834	0.91656924237441	0.865630038079016	0.93468731096364	0.864982853713043	0.937041623995019	0.905671710726273	0.836950295046571	0.882917247094505	0.916195515838496	0.934377202044725	0.866477733819378	0.938000612178597	0.966054556778984	0.874983695425204	0.900937068488712	0.959646198690999	0.895535735683086	0.941794968143524	0.923906585836	0.934787034672011	0.899875885710046	0.914186808594634	0.941982146946885	0.909578997072543	0.938072985735527	0.958938939586165	0.924864220251278	0.924184583570747	0.938221269424123	0.952886045771605	0.93853607368047	0.907251577940034	0.932811399746122	0.934127062113798	0.92105449169283	0.947754282479908	0.904683052869841	0.848733412458451	0.935987099239472	0.874405348260342	0.949621584848963	0.884372263418254	0.91536936201405	0.916667999684375	0.91035154960547	0.929615291996069	0.911591708905652	0.928244594405715	0.935220582022037	0.928659033160573	0.892704872656577	0.911364569390011	0.930667395250683	0.874706011067653	0.947783845630791	0.8605823034724	0.956349795667959	0.927462325244617	0.92221222780028	0.872345590067617	0.920245760545181	0.923529085894082	0.91304029444876	0.885760643316644	0.90911624000724	0.918661372582091	0.925603274577108	0.954133489665853	1	0.958739907930808	0.915755637312508	0.887068914505148	0.932813756098943	0.928072128698676	0.907478932796398	0.939643782784112	0.914450209965035	0.881302847672577	0.952621952359534	0.918854453435655	0.921261530682275	0.945518953803291	0.891270552670114	0.907608825448715	0.965874350362832	0.894650855365256	0.912198561484382	0.889828432316382	0.941411240816642	0.921159175298804	0.92607055602661	0.812030059342753	0.944020021503666	0.95299753334297	0.909621716090227	0.907762122543156	0.965783984345679	0.956439347003895	0.936761299258541	0.928924891624198	0.953767316806782
GSM1045280	0.933983511220399	0.858813400942503	0.790829478994208	0.916592037205918	0.915449206306902	0.892666833395677	0.905040122824406	0.900978252250079	0.895122338217354	0.918501860353424	0.94692321340024	0.919594306126257	0.911930016284216	0.896540984882822	0.898791486789526	0.886894120107503	0.888663903899476	0.93921716929866	0.909136134942472	0.935702850896852	0.908387306164104	0.865706348684246	0.945064020022788	0.87402347113601	0.94307442163972	0.914825946252153	0.820107627486484	0.880514705589666	0.922785020380119	0.938439143131288	0.863782180972431	0.94250977425452	0.954335252587466	0.860592971217385	0.897493179350477	0.949166879225633	0.882390808035246	0.922323925946392	0.93208420026594	0.936801989109138	0.902991831585946	0.909710771945063	0.942075177351966	0.90471024030154	0.933138711134589	0.966808249475436	0.931289030517842	0.905835005353675	0.941890243030082	0.957848423571539	0.935438172301342	0.895105161802888	0.931770609872271	0.920172400327964	0.923283332932604	0.931073545130834	0.896038150355753	0.836737424446395	0.921161460324243	0.86456260381436	0.945432111990961	0.890854001288722	0.899600060926244	0.903757352671752	0.908336761651184	0.925839041149119	0.888958323128937	0.932607795676731	0.926613608751904	0.911688215724434	0.889401069804737	0.89801485173617	0.917626517550733	0.87263133729236	0.940532094092496	0.873472946073139	0.951986985510514	0.926613583274162	0.932844689661555	0.872716704186521	0.922984141704539	0.912959043889404	0.905384987673677	0.873541385977539	0.914364761136863	0.906246403084464	0.919983040991242	0.946186816339617	0.958739907930808	1	0.910945457301043	0.888669080074603	0.942485184699682	0.905356572042161	0.91732578412514	0.938041248930285	0.92554984608395	0.873392201267459	0.972531488413731	0.929411405592169	0.909540687275442	0.941482572796193	0.887399689339404	0.924472598294097	0.967963975291872	0.903278921967435	0.89741447496913	0.895532084137858	0.926459758895359	0.905751071590639	0.914860921174499	0.799076459395278	0.945755833957864	0.945426639857633	0.883215149764317	0.913958395703607	0.970826205694714	0.949649117276913	0.926816083808934	0.916661079372897	0.94284048546468
GSM1045281	0.868770313609267	0.84378704778603	0.809471841743363	0.876144481237313	0.851351898322758	0.835013897445048	0.846681671614282	0.853249690475801	0.836761366671937	0.863090121058816	0.876965491097834	0.85587549804754	0.842731637893429	0.837596235624373	0.84216580688196	0.827996301982806	0.82898634783176	0.933633669462524	0.899413229364733	0.921688539690392	0.890153514407122	0.884279099714726	0.898093194595541	0.882594001373101	0.93408516263682	0.920892279109035	0.819669877921924	0.881894346912985	0.917042019032661	0.93685702353519	0.865562205366607	0.932273543388171	0.916329377136322	0.870062030302951	0.900446191993075	0.927889254821422	0.908036437631154	0.922352026542451	0.922974042625852	0.941157627525518	0.931118752668095	0.92655343571806	0.929893132677361	0.914255119716042	0.935315178403051	0.913845790270252	0.928740705733019	0.901461008931384	0.922230292144415	0.916526703248189	0.933571803654979	0.900139834601786	0.904151742652108	0.924805473990471	0.913106556590213	0.920724691413781	0.910136286419518	0.861736330212774	0.924264886938545	0.884219254210759	0.919518406802857	0.869399618506983	0.906015244559256	0.917238784678643	0.910463772401177	0.920620577905695	0.905720398567349	0.925549844606977	0.917854756820763	0.912026479657333	0.895366978334637	0.903705364360388	0.925219053145211	0.887667361346008	0.924516098457742	0.8827861315305	0.924131262023343	0.939774166016177	0.925414327882402	0.887846487083879	0.940938272594454	0.91847871274172	0.928439496250213	0.909380427585573	0.921235169717625	0.902040722817683	0.938902389722974	0.921625654988694	0.915755637312508	0.910945457301043	1	0.868542006816529	0.938862869912309	0.934680104545493	0.91079900622862	0.935230210710738	0.88321531339402	0.844932054411717	0.927645861256434	0.928787211321532	0.919315070350717	0.925951100086584	0.874993051839874	0.884699168006609	0.917167869498319	0.900502580850309	0.916132400766717	0.915794592601562	0.933380278057643	0.91447305010074	0.884238718186035	0.79500287583127	0.939926031239373	0.933377727617862	0.893606972822682	0.910027703542075	0.933859415748569	0.93261587271335	0.926106730371138	0.921007494755264	0.925842589225817
GSM1045282	0.844902548464257	0.824724449848066	0.77572510909757	0.874600328050274	0.828937367958739	0.804239383194504	0.816579129050193	0.812409583188752	0.803126571380611	0.841696159996259	0.862498334069023	0.82182958786349	0.838803085951532	0.80376489535648	0.815202024147501	0.807376408550045	0.801533058402021	0.886701614844713	0.878772441657566	0.8897145331476	0.88355007642544	0.860721159696061	0.90785067445505	0.837496340257997	0.878122294319564	0.875560426698041	0.841418034153488	0.884863276254282	0.90163974588069	0.885912087558824	0.896285944904848	0.898949878133951	0.874089183391951	0.836811290191162	0.907039013515395	0.879688893322474	0.871927447540291	0.877795343514833	0.896640728020026	0.872613840049309	0.867134015373285	0.863823562370045	0.893756015536135	0.869895565345028	0.878757732885639	0.888006790914134	0.876190694213058	0.857258647904098	0.883300317092562	0.886607866366221	0.881170706477023	0.886137455957621	0.894157736446097	0.88988189772225	0.872152685392187	0.880065842733369	0.842525996902584	0.845856809092213	0.871183296255428	0.879446866042459	0.875071823158006	0.824125092256569	0.860156689485112	0.86438339759835	0.852760204964837	0.854806795949168	0.865702932492782	0.874554394474658	0.912871301719868	0.871968867964745	0.883190206219108	0.855438337033618	0.888011855881359	0.884014384418812	0.876069479582957	0.828369546453294	0.890206024653397	0.868058681766863	0.882289922687289	0.879084824541386	0.870805831886263	0.85750145844259	0.85611115305971	0.872209714057511	0.895970345929848	0.869544705772009	0.878788176640913	0.889051575021332	0.887068914505148	0.888669080074603	0.868542006816529	1	0.892894628389636	0.880207068993931	0.890457788324861	0.883753931652818	0.902866154893464	0.837098495439363	0.900382024017078	0.863783766927902	0.864526226973327	0.884678395940228	0.916357887743527	0.914317659940604	0.886176333180351	0.89813478206108	0.866021848293592	0.864098641509468	0.891733350272752	0.885691092970901	0.86572169011207	0.829319482174469	0.89432089628384	0.887667894659705	0.861126078070664	0.858373164812524	0.897793926520539	0.884155599725626	0.879145516073351	0.862171056585412	0.883748590573249
GSM1045283	0.902074345778312	0.86829623134463	0.809604720945148	0.897688971225747	0.885627216094802	0.865345467998619	0.879772516607002	0.88208616225375	0.865640273554065	0.89792769070884	0.914680880804842	0.890824299677052	0.878641872216161	0.868744153642082	0.874235496181638	0.859554102988093	0.859114030501113	0.944973324027002	0.916816829299539	0.934958250001426	0.917109137745628	0.906393305391299	0.940286828898406	0.895364049921761	0.957074824752852	0.941562901411445	0.846750052297317	0.900769603898305	0.939111545941597	0.959405659026376	0.893094426860948	0.959517889080029	0.936623491530501	0.887344967427003	0.922735591823423	0.93797912238896	0.920718592062081	0.927311835662529	0.955426744733207	0.944922969657416	0.952880754419061	0.928008716164299	0.952400287151967	0.931270552950625	0.94475483952142	0.951685517615713	0.954990034173082	0.901795062726291	0.953673096558328	0.945016540789982	0.938779592334753	0.922135175078624	0.934355339974739	0.93172398756558	0.937093188032201	0.934058424252314	0.902690279125333	0.876687642321418	0.922911457864543	0.908906004959406	0.934365008454962	0.900702321196129	0.906696529515697	0.912046555347517	0.907046744799583	0.922705338134581	0.896737629404687	0.950954803134726	0.931367846107372	0.915615428706837	0.90785630980307	0.902996361361174	0.946645952973944	0.906228518851232	0.936520127986562	0.893657371890075	0.935555307543927	0.945886447649476	0.95820089815533	0.909425647722309	0.956247608077362	0.923605945155112	0.917101052181652	0.912639960034839	0.940155742421452	0.915841711581602	0.949810995346252	0.940659997824311	0.932813756098943	0.942485184699682	0.938862869912309	0.892894628389636	1	0.918245548989594	0.925662336822107	0.950237300927543	0.920289774893731	0.861353924704225	0.955642875111519	0.950022830928746	0.919449394686226	0.946933282089875	0.899745782419221	0.915764326031096	0.944019704582962	0.920663264348983	0.908171502705487	0.932616825396856	0.938002907163058	0.915079233728733	0.898187894007675	0.831308772537945	0.952386632619182	0.945339956260736	0.88707248736348	0.923277142943452	0.955581400552201	0.938904870855558	0.937393554958916	0.921953628181755	0.949768677364115
GSM1045284	0.868123159650165	0.828009644184915	0.777582289187788	0.883209401869159	0.849769700075768	0.832932291162047	0.843478762838292	0.845660137708498	0.836282290086792	0.869811034368815	0.876417876022176	0.847349368441463	0.849859876509642	0.829431381519536	0.840917708320922	0.831553208075807	0.830313573405053	0.932648395239667	0.91635907264193	0.929231404251986	0.8995531267931	0.868029617129714	0.894699195491946	0.852580023196465	0.91150639820368	0.88677660644034	0.834403981349019	0.885539663587959	0.908377375493084	0.924057303080595	0.86250497164196	0.920922092870198	0.916560114522361	0.864393833072052	0.89512192955478	0.93098972486229	0.90749817827186	0.932774590004138	0.904330932544992	0.923512026926688	0.905306635212741	0.922831016332299	0.926953250376554	0.908311187580281	0.928055174848316	0.910374357748731	0.909314478241804	0.918889246613459	0.914391258914165	0.912355395520034	0.927232815665139	0.906160455822928	0.908366327315164	0.930702529334633	0.906636476777587	0.930632573974572	0.906474666639254	0.857067574539166	0.927844620504527	0.886314743440966	0.921191204017864	0.849033101545773	0.915630008847795	0.933453414051818	0.915691865680902	0.923426022127203	0.93392070890693	0.907492536922495	0.923267293421371	0.927260277936413	0.898285924070585	0.910536578051098	0.92245825613331	0.877176955992189	0.927969705793501	0.849919004637567	0.929177701502651	0.931606775204911	0.896390940268029	0.87973256303449	0.914258976124734	0.923181116276405	0.928825315751579	0.90887584229243	0.904839243687631	0.912080086932878	0.932924396380804	0.919506630545354	0.928072128698676	0.905356572042161	0.934680104545493	0.880207068993931	0.918245548989594	1	0.896523606773808	0.924294280692292	0.887827069653027	0.850442879387984	0.915337010006056	0.90461048593552	0.925350147407866	0.935153122473545	0.8837678805589	0.885679882501355	0.922985104221117	0.890478411410077	0.917404791436979	0.878622581361011	0.938440765876679	0.932516597306335	0.890477091728159	0.812531977881725	0.925611537217628	0.935869360254176	0.918858645881174	0.892253610422727	0.929761224712695	0.937226881862629	0.926765388355661	0.932710522940192	0.928462198567339
GSM1045285	0.883292227051404	0.881195675027962	0.843199023198351	0.904635022468064	0.870374055430324	0.848292535322011	0.866479135503738	0.868264295889417	0.851452874416293	0.877329022100159	0.903024531215179	0.872363254854668	0.873557081563973	0.853322685775543	0.858134729482764	0.850467085423979	0.846436011290602	0.914997662797187	0.895171431376653	0.912540271625332	0.905414674937964	0.895506666176599	0.923845903039409	0.883459360768265	0.92363267522961	0.924698884548258	0.82267609429738	0.899682846431973	0.931767119204901	0.92387995652982	0.90528782987118	0.933863354415216	0.910646299245107	0.86664929923318	0.912161540739726	0.910004801088331	0.901022313391951	0.898153475062192	0.932112686286816	0.920337713548677	0.909035412615347	0.915561713611924	0.919381106439315	0.899632847266051	0.911864826679559	0.909689281657129	0.922825011039005	0.894890782123126	0.920644673908434	0.919818066286084	0.92230550552951	0.895612215278318	0.910482001092664	0.911940013697214	0.899915420171747	0.906888242063488	0.87397142097757	0.867591968373846	0.90015927812896	0.895169958959697	0.897026096828433	0.880132663607231	0.883969857558889	0.891246552234295	0.900336453283482	0.908366251764759	0.874591365438933	0.922763234291288	0.921222805371739	0.891736136966436	0.899754061820006	0.878107666122692	0.909196995229942	0.905374395985139	0.90360819211875	0.880998532241935	0.90563388466377	0.914500546725742	0.926214128464189	0.901364008221265	0.914562893394078	0.890331333669815	0.897140778858823	0.880841058977319	0.914742045734554	0.894854910894842	0.917890906669973	0.923665774480571	0.907478932796398	0.91732578412514	0.91079900622862	0.890457788324861	0.925662336822107	0.896523606773808	1	0.910188024858073	0.909822508664381	0.860867406470384	0.926691232883214	0.911383311822844	0.890802482324403	0.910070796000405	0.895821923344271	0.892883122125273	0.917190204261162	0.906321149158618	0.885907716213362	0.910200969010465	0.909986491656911	0.891384854089295	0.890191841871564	0.821510277820565	0.927433938481219	0.912120901126392	0.87456402397717	0.911757578034098	0.923064367846163	0.904758264898437	0.911835221676014	0.89120068854649	0.9136586113627
GSM1045286	0.896178330190785	0.862000825345582	0.791083768080703	0.89363295417293	0.877208431505095	0.857756617839782	0.869513384651008	0.872021705524447	0.857903692588544	0.891341742430305	0.904757711675221	0.877748389556238	0.876064004950281	0.860446828384148	0.866559915017218	0.853774119639273	0.853336757465791	0.951542072590293	0.921134053049305	0.945765980372013	0.916696819013787	0.882856383779169	0.926352934052997	0.870968521998791	0.94686778173004	0.914439345471984	0.85722780369051	0.880059918061591	0.917502872330637	0.938833462994022	0.879467095693353	0.941863475756106	0.939530619107827	0.881579799141071	0.910786013491909	0.95132080081897	0.907734636310742	0.944485728800992	0.936359696183019	0.940114537461953	0.931961937753855	0.928258471199705	0.945786051104063	0.920006487940306	0.945773993317604	0.948747577463612	0.936533833328154	0.901956624239173	0.941090648555213	0.942246044171946	0.928437589816891	0.914111252988042	0.929507976830906	0.940789499976878	0.931836675607878	0.947620422183024	0.902334525661719	0.860920509119474	0.925869846136669	0.88975783123223	0.946403609575134	0.887443309111472	0.907008446152361	0.913687358089224	0.914171081946906	0.929598380501196	0.89716016079343	0.937848378768362	0.930861182107866	0.918199233314599	0.892518174849302	0.907513406347856	0.942269037089199	0.893967798001784	0.945421816842675	0.868039432244474	0.950715822819975	0.937713407253797	0.936770614629977	0.88308830630089	0.941978533900059	0.93044827865126	0.918314218075946	0.9137321188495	0.925947687056903	0.915363791807987	0.937457040241041	0.941784574791501	0.939643782784112	0.938041248930285	0.935230210710738	0.883753931652818	0.950237300927543	0.924294280692292	0.910188024858073	1	0.901479788617273	0.874560188344451	0.940029446206653	0.943184030408877	0.915183134696156	0.947395826624843	0.887421623525625	0.899381978275549	0.950669448940175	0.903176468408196	0.911102721557388	0.908804811805901	0.942346299975394	0.933353033813266	0.918364403535491	0.828210442660322	0.94232731089242	0.946201487031293	0.895954131512366	0.914507487837283	0.956409683728517	0.950027624315654	0.949835212076127	0.928293268740628	0.950873875317719
GSM1045287	0.883094997928253	0.83119864511769	0.769246719383456	0.883440440242752	0.869581000418146	0.851600682192408	0.864052007029212	0.857497524302638	0.852097686472991	0.880290837270375	0.903639034088014	0.873311995405295	0.867190523911753	0.851354024822605	0.859224819159314	0.846191509790173	0.846549016386985	0.914310217373272	0.892552213332922	0.908956759089149	0.890988892621006	0.879200680050665	0.922575810693092	0.852706011497209	0.914321705804982	0.89792965689858	0.806269021835609	0.901991006011789	0.921488639943427	0.918341031694828	0.875492340356336	0.919250170899408	0.912147568394616	0.846311291787867	0.909205430273661	0.906188861972315	0.889217936672687	0.892918409212726	0.91316804837355	0.906042903903456	0.886074011794059	0.888923582613478	0.915018606935579	0.901337053259084	0.909137333535213	0.919011601567555	0.902353272307528	0.886445849182826	0.913148111779909	0.91468190066263	0.900108589043796	0.886928412558804	0.906044697908811	0.895325020594503	0.899902720270322	0.907804369714589	0.878189100589714	0.860747809678486	0.901541760803085	0.877328188449682	0.900920710056964	0.862043417018546	0.88334895887226	0.888205330798271	0.872573135712544	0.887825727016104	0.880980871384824	0.899025612119933	0.913120024429333	0.894378161757989	0.905452871692643	0.883573964105349	0.895421119805935	0.880391432484019	0.909256004982913	0.8490236350413	0.912096843973547	0.900758497191798	0.903833802324327	0.889146932559467	0.900672263106002	0.896322836503282	0.883327080796743	0.871855759416547	0.90734310977754	0.885255625114632	0.905606349042597	0.90442443745026	0.914450209965035	0.92554984608395	0.88321531339402	0.902866154893464	0.920289774893731	0.887827069653027	0.909822508664381	0.901479788617273	1	0.838562616636865	0.940896015156968	0.894676394372637	0.891996660783752	0.908904135343282	0.89842769742751	0.935520780958886	0.918584372006543	0.915923820466753	0.884667711499033	0.881378800692581	0.904998736272596	0.8912304400038	0.8691835602606	0.790155830146062	0.916239247452501	0.915740517887136	0.873975698155517	0.878153092882572	0.929507221421657	0.911863633925021	0.906445958922801	0.894200576303538	0.914804070031504
GSM1045288	0.821893111886069	0.829316044806585	0.787395800402703	0.87581690120493	0.803345018102201	0.774691424784248	0.788844814405315	0.792251517825509	0.774395782010483	0.814946518786367	0.839304712010852	0.789709411961681	0.822087535810588	0.77861023144429	0.783629272014163	0.787564229043712	0.776970040672338	0.876613389622274	0.860888983082162	0.884315376378095	0.895939349621874	0.7979888942336	0.868478905424282	0.804568722117781	0.861641708734821	0.82498738330939	0.83642071034548	0.806652974550716	0.840223655863298	0.856451352295974	0.846385719014947	0.870774307879828	0.85267847036441	0.810380172595759	0.844667157923773	0.884655796413039	0.832005821330931	0.871432589732921	0.854894413758366	0.845262445602571	0.831933687741307	0.850492507904142	0.880609135719066	0.836099872170846	0.860616273966212	0.87182169195345	0.854053288428797	0.848015113453484	0.855610448589062	0.882357021887244	0.875510608077727	0.853268917958877	0.881722311297808	0.89216514089539	0.857443931020365	0.871703046875144	0.817176960592651	0.783583292479133	0.857745484962669	0.829942905635186	0.862751179747926	0.809749237316599	0.830875595893547	0.842767125117505	0.881556900201079	0.856362247570049	0.839783641610499	0.848218219575587	0.870304230637195	0.843383193939272	0.813155324736385	0.825414157068171	0.867647053585323	0.814060617438382	0.852850333814038	0.798504777617807	0.87728878290708	0.849985554849908	0.85133788551072	0.794079715586701	0.847830490475499	0.840512159176515	0.83338160491349	0.833231543355805	0.83930594251489	0.866106440866522	0.856009691790903	0.887493553046572	0.881302847672577	0.873392201267459	0.844932054411717	0.837098495439363	0.861353924704225	0.850442879387984	0.860867406470384	0.874560188344451	0.838562616636865	1	0.865068189482295	0.851759232487873	0.843987616838581	0.866091468854766	0.834709813629448	0.835113704269486	0.885640276682852	0.822951301100997	0.833735512257058	0.82002034240867	0.880933771123289	0.86059642402077	0.902256349674871	0.824863357842948	0.873799400766761	0.874420422163249	0.846773244265482	0.850473778415284	0.880995387424329	0.87595548273239	0.890838044880768	0.847787419884053	0.874649623604445
GSM1045289	0.922360744936459	0.85417427343817	0.800815742112827	0.916139157160922	0.901465496028499	0.878649801199662	0.895233826878168	0.890252359736731	0.884826574072534	0.908925716671694	0.939794329142719	0.910863980786905	0.894543152040306	0.884670633765698	0.889774011797178	0.868771994528485	0.872589607556674	0.947908803503185	0.903732273146625	0.936154805279215	0.907505143041748	0.882329359447792	0.942035203760735	0.880917243695865	0.9483150482965	0.928919597141597	0.817083741359034	0.89872161381198	0.938449711163221	0.958346995027717	0.874179179691051	0.953773550112196	0.953589610426315	0.860656635263769	0.912324092502542	0.943575605073831	0.894067558854905	0.922785909251049	0.936005296695213	0.947673724937853	0.919976553633517	0.920037830388537	0.945988503297666	0.918900622900745	0.938944019789775	0.955984010056131	0.938344336135038	0.908032954235438	0.942907637281095	0.951375378536559	0.937809624861227	0.900613830416705	0.93291107853235	0.924280164537049	0.93107069457063	0.932320437606849	0.909603010103179	0.853891607207202	0.927975500418511	0.882721702378282	0.944053511868338	0.884310074100425	0.905093123157342	0.905733708589922	0.910926763627707	0.928243586094871	0.894495238000923	0.936527463298751	0.930704461043604	0.916737921223382	0.904959528710004	0.905084519758359	0.92377098286687	0.885074333012074	0.940568717721662	0.882092151696024	0.954506739586216	0.93592999742748	0.939648425642888	0.892828619290603	0.938566078368743	0.922389535395406	0.916078944922718	0.892111997700599	0.929911841902151	0.907199165935898	0.936347880696633	0.942156117806031	0.952621952359534	0.972531488413731	0.927645861256434	0.900382024017078	0.955642875111519	0.915337010006056	0.926691232883214	0.940029446206653	0.940896015156968	0.865068189482295	1	0.942043981901216	0.920417296930205	0.944274290524583	0.893766038069421	0.940519923166783	0.959285784954567	0.92281326414439	0.910905745086039	0.911665435704681	0.931890987797083	0.911717361632014	0.903411670800132	0.796116352281123	0.956142898761036	0.947734385233412	0.882537479672408	0.918257216280158	0.969415875442163	0.956383070562025	0.935562463819216	0.921928034697002	0.943068324222869
GSM1045290	0.907317486299621	0.89020240653048	0.800786481066965	0.88398306934873	0.891708715374078	0.871791399897905	0.887284389484815	0.893386542082013	0.876956643304982	0.884866080384137	0.912271484434813	0.902251851091085	0.879427202703251	0.882740660360982	0.881955218717174	0.862678398515475	0.86707670547958	0.926416886700294	0.892691255155262	0.91016070292559	0.89631372543935	0.880345273452468	0.908784106265708	0.881564311540443	0.951134901307015	0.921506570104221	0.812333217031795	0.866560335770106	0.912536310621469	0.940060172810845	0.867087682795882	0.936417960556162	0.92965681397078	0.849133628850941	0.897689615404016	0.929744923396459	0.886296606391149	0.912403076226173	0.933364736870693	0.93359711578298	0.929515901992709	0.914244981239274	0.932811896473981	0.916851974925844	0.925492707551253	0.936132648607296	0.92968713479501	0.887169580980006	0.9294903569856	0.929443427823486	0.9213796298495	0.884004978141688	0.906552174260858	0.914878657725086	0.933044098826311	0.917324893080403	0.895446766393276	0.857049104167366	0.913502735706336	0.86798235007276	0.924114001004951	0.924750935617838	0.880271522105983	0.890197643989195	0.904327377757739	0.922200682826474	0.874605336607279	0.929721198280875	0.905930033300174	0.898081961313023	0.887032150338573	0.883952422856912	0.914469355237358	0.88399240226157	0.917832368455073	0.885783153460663	0.927326329159691	0.938525008468732	0.944669655547384	0.880861213781619	0.932547752797737	0.909457108259839	0.906542332830661	0.888989187608347	0.91674768220603	0.904932491281548	0.9265636205371	0.934475747926298	0.918854453435655	0.929411405592169	0.928787211321532	0.863783766927902	0.950022830928746	0.90461048593552	0.911383311822844	0.943184030408877	0.894676394372637	0.851759232487873	0.942043981901216	1	0.902784687748018	0.923906991911096	0.871172962829699	0.890366191077855	0.93590651051315	0.899525942979306	0.894464830195355	0.925699954950042	0.917083758510425	0.888778613850484	0.89020194188517	0.792582174493898	0.939502819917149	0.928548649379629	0.857403353897332	0.916432830071401	0.941447028442546	0.931943558895633	0.933074454263001	0.909737971911198	0.933434683925734
GSM1045291	0.880120882715483	0.833017575673725	0.776577171619565	0.877848298868707	0.86417930472101	0.851296170702351	0.861353886164004	0.861286238737559	0.852478055272078	0.882437355292033	0.889440363500388	0.863563703855031	0.85951543312733	0.847948215950698	0.856644505501141	0.84846176234811	0.848324827273692	0.932810126712035	0.913776652780633	0.929908960122994	0.899562928994641	0.875373294985175	0.897396488387251	0.854055182702599	0.91696859281495	0.894402517020294	0.817012437485584	0.883723629073964	0.908912600449665	0.926171040380443	0.856249094336324	0.923445855533061	0.923858681073536	0.865162122728591	0.892650255379601	0.931887830829979	0.902868466106284	0.924720789771412	0.90871898979556	0.927882881127243	0.903782152403207	0.921740970336976	0.933929495068915	0.913017662562778	0.931426997289362	0.913960980676438	0.914289272500421	0.928284095262699	0.917993129666325	0.919135640429957	0.92911850629832	0.898391139296716	0.905754123169815	0.912064131864207	0.911288987228152	0.923286112141623	0.911039790082684	0.859332849737039	0.930080213922049	0.881851449891538	0.919056934898524	0.861996131184518	0.92489556311992	0.932695419261956	0.911900257863788	0.925099029625526	0.926020298321708	0.920161790131897	0.921158309296587	0.93268886123419	0.89308848031251	0.910715960458107	0.91785913906434	0.87319404653768	0.931485474966402	0.849995919955958	0.919270640590986	0.936787964247443	0.897846961693199	0.882869447759357	0.924569938094846	0.921915316925831	0.938309739733781	0.88562288520288	0.902370574600966	0.917703731268933	0.932475762304105	0.917618757987667	0.921261530682275	0.909540687275442	0.919315070350717	0.864526226973327	0.919449394686226	0.925350147407866	0.890802482324403	0.915183134696156	0.891996660783752	0.843987616838581	0.920417296930205	0.902784687748018	1	0.928842382840152	0.877062897521464	0.875818295183852	0.92696717409387	0.892001542405904	0.919992419541344	0.877352907505147	0.93198780956393	0.918322151380921	0.884634323313474	0.793922587901816	0.930589084538469	0.938159272136046	0.918242080811044	0.90020160344513	0.929849757889013	0.925336040463304	0.918113321476495	0.935992079777395	0.932525713456971
GSM1045292	0.902727153093665	0.851217969584111	0.787833577670019	0.907042780989158	0.880414413764565	0.861167309007653	0.872831384624264	0.874127667169866	0.858847797197848	0.907276893557007	0.912770004556034	0.877970357316847	0.880156089303238	0.858201877866204	0.867305187301093	0.861630680424892	0.857490079025661	0.947663523350439	0.938561432879931	0.948527093775959	0.91974835578435	0.887467395917054	0.937828043055783	0.872109763943248	0.937430340044513	0.911853656404876	0.851118657396907	0.895234491564001	0.926282026605379	0.944158590327079	0.881643146872133	0.94944263862204	0.950186707324442	0.897033313770388	0.906984622935021	0.954036339099703	0.916839179119549	0.948662761904648	0.936658468805249	0.939215413050545	0.930786351692088	0.935550731625427	0.951840435065949	0.917649854659002	0.951788604000576	0.951106994939844	0.942152729784123	0.926869247960574	0.946037313835104	0.939998563552905	0.941540967658414	0.92038963061031	0.93984070521591	0.941204897420236	0.924357728920963	0.952483837000013	0.910532148233626	0.868681791882101	0.939414063023242	0.900035482500565	0.943168341523799	0.881004249490451	0.935379913467973	0.931409497546213	0.918715046027449	0.933062147477252	0.922066201296813	0.93952047818959	0.938461285792422	0.941865209615444	0.899231225878749	0.92605876846386	0.942067861117568	0.887693998504235	0.953354690353731	0.866520291649286	0.948431649849343	0.940049854302597	0.929336583896778	0.893001682482375	0.939104231513746	0.940608091163788	0.927942906111348	0.904418026928451	0.91572165309245	0.929101431103855	0.939465137437579	0.940286629278332	0.945518953803291	0.941482572796193	0.925951100086584	0.884678395940228	0.946933282089875	0.935153122473545	0.910070796000405	0.947395826624843	0.908904135343282	0.866091468854766	0.944274290524583	0.923906991911096	0.928842382840152	1	0.893695682588143	0.89702761511545	0.952386518646743	0.899554537696085	0.921695480792133	0.900844213893692	0.947093366239738	0.942208582546131	0.915920280492661	0.830044261803184	0.940299186725931	0.956980378195568	0.925491081655132	0.913104575096335	0.959868792031236	0.949465011039262	0.943984187617448	0.941977032972849	0.955616959763091
GSM1045293	0.858418657628979	0.838932164317499	0.781160155467328	0.870594215790836	0.843877388145387	0.823093758504098	0.833390095863704	0.831287474898811	0.8159034381587	0.861636586070396	0.879273359537898	0.835990566610204	0.851962383829902	0.816517816367418	0.827640356417182	0.827647399159553	0.820752472094608	0.887644924812215	0.900338391179041	0.897009457575372	0.897447472324089	0.885653109001547	0.918254943435258	0.855791352539148	0.894575040074039	0.899406722049607	0.829458671651367	0.897246886902572	0.912850567962601	0.894206434143508	0.901144188479598	0.910596317519545	0.889290715059098	0.869753114685705	0.908052098629858	0.892036861793114	0.890746791526487	0.894169036843782	0.913195511673948	0.881980842742262	0.882831128499458	0.886563093517886	0.901065114396141	0.884932979451873	0.890123617636546	0.893856695197838	0.895859825631546	0.883765188220717	0.906304549019877	0.893367833838819	0.893890593391668	0.898818056063902	0.896795238480298	0.896185445984877	0.882516191363829	0.903521763762304	0.846216183770215	0.867384330961307	0.885229361386015	0.887848974662423	0.87366874595952	0.854999444836704	0.877050895465466	0.883931583470659	0.864945941839778	0.875656610283791	0.869043091187796	0.894035742958595	0.943531868860027	0.887762921876385	0.897799113742049	0.864364136125654	0.899584501924186	0.907800710551491	0.886752560507555	0.846288146317145	0.882275212185975	0.881855793337798	0.899056031993096	0.896138173926076	0.88784847287982	0.870862638936923	0.869405675970455	0.87083921332094	0.900320183100507	0.884757058046749	0.89235249488794	0.900355435307276	0.891270552670114	0.887399689339404	0.874993051839874	0.916357887743527	0.899745782419221	0.8837678805589	0.895821923344271	0.887421623525625	0.89842769742751	0.834709813629448	0.893766038069421	0.871172962829699	0.877062897521464	0.893695682588143	1	0.885068455525529	0.894709692840247	0.898160538213156	0.873900594227358	0.887954691579137	0.896396275350997	0.884564119543008	0.870329798196278	0.830259968883426	0.899101365093487	0.899385366681824	0.881382507136742	0.878406404309477	0.90055458131696	0.878747997798363	0.885123801311797	0.871209116767321	0.897674749618892
GSM1045294	0.865626812212772	0.810239520205519	0.770527981747522	0.872582849515334	0.849755229852239	0.829747835719766	0.841260775849607	0.832032456812968	0.833556657073033	0.857463548076425	0.883592506417564	0.856123145511767	0.851589272892995	0.831938203973136	0.841420498033991	0.818342317073966	0.822042391171786	0.913219297764513	0.871580438138514	0.900345926796033	0.877811781134375	0.859514100038181	0.910786768173568	0.848678230676518	0.899754901480275	0.886645977581697	0.807351397989675	0.8840475023481	0.908245978371937	0.914171551764794	0.865684439374842	0.91229480194688	0.894395807528154	0.816856355767109	0.905035104348063	0.892745779037779	0.871296740905023	0.881475483325291	0.893550911986417	0.897525497426678	0.878662492358643	0.88025942811995	0.903826962800289	0.884263032749082	0.897916072792894	0.904940627551373	0.888717224018275	0.860911675531246	0.896392957019177	0.909290724976694	0.89365147106767	0.88154668475424	0.897026675469627	0.887514285150783	0.89084005575483	0.88702988175368	0.869908081098472	0.829373552772827	0.885212631236259	0.858446153243771	0.898389126804812	0.830184268385634	0.862505404926937	0.868956258390302	0.865097766150642	0.876883744464291	0.867846881863984	0.883426533958911	0.900720325879251	0.878331187655893	0.897679310416006	0.86406225759772	0.88703827544649	0.867906139030645	0.894475719192939	0.846772491094889	0.91442431975431	0.88806646628919	0.895701804663708	0.874299787400852	0.888397866369311	0.879223772475618	0.866338057924587	0.879912204148771	0.909991045046585	0.871201975697559	0.896941665327821	0.89217780035877	0.907608825448715	0.924472598294097	0.884699168006609	0.914317659940604	0.915764326031096	0.885679882501355	0.892883122125273	0.899381978275549	0.935520780958886	0.835113704269486	0.940519923166783	0.890366191077855	0.875818295183852	0.89702761511545	0.885068455525529	1	0.906234133438133	0.919146926231352	0.875456333811215	0.868154349504526	0.896501621114908	0.884945615940675	0.862345747887491	0.786575449426416	0.913599175612892	0.901996204608753	0.850118574593877	0.866396191181752	0.923163890110396	0.914442317664623	0.89617690252587	0.882603889866644	0.89599060577264
GSM1045295	0.938836271261105	0.868035247964336	0.792443528557889	0.918123711674713	0.918699801276024	0.896919984211746	0.909998300640488	0.908727292354211	0.897901066647421	0.923587177781964	0.946315968151311	0.916791139479401	0.915647365116981	0.899610530306917	0.90302905776103	0.895118236186548	0.895322588948352	0.951011520633456	0.92774459286567	0.951051565812182	0.922444977006865	0.872684247309963	0.939616753184962	0.870239854859006	0.944773581164627	0.914446262298071	0.836867302798464	0.889505584167443	0.928115299931752	0.945344163080087	0.873289948225234	0.949241229880763	0.965561149240739	0.872134597608821	0.904766434899902	0.960781189437976	0.897845591897082	0.939877353403221	0.935450404731392	0.944251852345569	0.910369993689005	0.921480366532951	0.949697125241426	0.920634354728419	0.942750874919487	0.961185325037417	0.93472996732685	0.920208710892847	0.949750703598249	0.955983644674031	0.940118054980041	0.908889781087948	0.940262357543791	0.931713818408528	0.932222129024153	0.948780982441324	0.903912263321248	0.851687418926293	0.932939359983542	0.883053768270823	0.949263544963072	0.897328635752639	0.910441795099269	0.918503786428525	0.924808577888637	0.942767278860142	0.903386052426096	0.939825706954814	0.933940368219907	0.924478792253802	0.898892550520769	0.910633246686156	0.932504221652286	0.882255159515863	0.952966236704724	0.867730646314025	0.960555094807494	0.933549523246711	0.931573160639658	0.879332150280379	0.93543704116894	0.927303554205128	0.919942137139728	0.887811748755276	0.916358927576558	0.922369935612737	0.930481442929374	0.95960777195212	0.965874350362832	0.967963975291872	0.917167869498319	0.886176333180351	0.944019704582962	0.922985104221117	0.917190204261162	0.950669448940175	0.918584372006543	0.885640276682852	0.959285784954567	0.93590651051315	0.92696717409387	0.952386518646743	0.894709692840247	0.906234133438133	1	0.903033478349488	0.907212665614011	0.898762989212497	0.937743436913905	0.921907066624247	0.928270317662645	0.814922360772384	0.947834755431363	0.951309941514307	0.902219903813938	0.923549189921492	0.971463196351701	0.957456053201296	0.942741064192639	0.930097227584841	0.957170746521768
GSM1045296	0.863006339481186	0.832410982978021	0.789046514677432	0.859855377760469	0.852887453454405	0.838948685571215	0.853458372099138	0.848134117596693	0.841605094373186	0.86005648455222	0.887173113281154	0.86524404999362	0.842335574310068	0.840059765644608	0.844965206099399	0.827649229911112	0.832807515688239	0.910310317203466	0.881854468724312	0.897760893546953	0.879239047518205	0.920598850150939	0.901507856203254	0.865327003876008	0.919445006982687	0.923559016817232	0.782285268157409	0.916542214898796	0.932381718048266	0.922886152879015	0.883398548433273	0.915702688994022	0.899143077673791	0.852529555268774	0.926159305724257	0.896283084581931	0.906144942541452	0.883298811467885	0.921716371766334	0.91809442079501	0.906394687528324	0.899929875183448	0.91333598579784	0.915075814545278	0.911468416641572	0.898435814093554	0.905229563361806	0.886310721664898	0.916425501938616	0.899169318656615	0.901080263070903	0.888293423464226	0.886473739660472	0.886846111495529	0.899071106216641	0.902989640103851	0.87216131324459	0.885163471227139	0.891152498005731	0.881422547346239	0.886550831801802	0.866797204963421	0.881093154506007	0.885686987057233	0.881997510454084	0.895887628921443	0.866769404278738	0.908415910282868	0.904116362598704	0.884268915622352	0.933957764787499	0.87560778151401	0.900036972810276	0.904996184433211	0.899008818296241	0.865901681696481	0.893528139660613	0.91201546189731	0.911735926478021	0.916718036825106	0.916007385386633	0.897761248164956	0.895776436539164	0.882973931649873	0.932089249081014	0.883769020905818	0.922241484356134	0.902597534155468	0.894650855365256	0.903278921967435	0.900502580850309	0.89813478206108	0.920663264348983	0.890478411410077	0.906321149158618	0.903176468408196	0.915923820466753	0.822951301100997	0.92281326414439	0.899525942979306	0.892001542405904	0.899554537696085	0.898160538213156	0.919146926231352	0.903033478349488	1	0.881400193272413	0.910211540477812	0.897388672267931	0.883611766899729	0.849348926206311	0.775749663075506	0.914275714664713	0.905244672248348	0.862948830185618	0.896036751628795	0.917985867357182	0.900017913507109	0.900097037895197	0.893945176917744	0.907150504443061
GSM1045297	0.864568573069267	0.829894241784752	0.78266546978531	0.872459806935049	0.845148226179735	0.832149986348641	0.838353243652069	0.842740891685244	0.830771784149066	0.866737445613784	0.867437172696954	0.843690238381104	0.841495007733361	0.828029754896768	0.836353893891579	0.828396196593481	0.827599215104138	0.920023391810967	0.908021999693044	0.915950275603237	0.886115809645264	0.866961423486315	0.893213972423779	0.856925258920265	0.905561882620405	0.886586268030674	0.822170745789433	0.878423791638731	0.90120269450072	0.914499387458366	0.854689655243955	0.915853218053562	0.909161142776645	0.869349093516179	0.884448205451339	0.930978460863741	0.895232799335507	0.926925281954962	0.897093939844645	0.925216155248389	0.903188473876693	0.912842865457566	0.91488303366372	0.896410582487281	0.920644163014775	0.905285204515038	0.902131211750754	0.913470661631257	0.902277150503769	0.906931470343537	0.913193379836648	0.885483641583612	0.893211809650885	0.914638716562057	0.898624827833465	0.917269652379041	0.944341239901079	0.855494515091904	0.951617482386693	0.874421650222056	0.916452643376756	0.853388551279857	0.921371017055584	0.922387980373803	0.898617441141846	0.90781025829566	0.914811313290069	0.908189745982264	0.919050549656381	0.946550046582641	0.884711181801063	0.935200309667279	0.908922908295013	0.877282813712891	0.914191624295173	0.851751796623567	0.91337110917617	0.918722746871821	0.892902938282564	0.875823930271909	0.912166013102541	0.929878324750961	0.923455157759713	0.892471128079297	0.896129247779644	0.899424044415213	0.915483693103185	0.902200301224468	0.912198561484382	0.89741447496913	0.916132400766717	0.866021848293592	0.908171502705487	0.917404791436979	0.885907716213362	0.911102721557388	0.884667711499033	0.833735512257058	0.910905745086039	0.894464830195355	0.919992419541344	0.921695480792133	0.873900594227358	0.875456333811215	0.907212665614011	0.881400193272413	1	0.877276739381009	0.929588930436252	0.916985347471974	0.87889643085363	0.796775042607468	0.916073717086924	0.922607398761034	0.91154270740173	0.887429769107995	0.916949735045473	0.924039138286573	0.916019449033272	0.923393907881547	0.92154118951811
GSM1045298	0.873535196148677	0.875785259142229	0.814486765253412	0.864411398122755	0.863360611433397	0.847086508259105	0.861021944292364	0.868220484125272	0.840157867868347	0.872119470316761	0.889820717930251	0.872596111341387	0.850557598622411	0.847488381539287	0.848299193462373	0.842316574030191	0.842548794967376	0.895729039389345	0.883330488738164	0.891031713605194	0.881506876255027	0.928604028377608	0.914099653467775	0.909977984064352	0.938768842698192	0.957509224530347	0.79794266267994	0.886026516000048	0.91808046879345	0.919852446434129	0.87850239908107	0.922801420231005	0.905972933251088	0.893835674298629	0.90716363199632	0.904789152897161	0.905045697064226	0.89255719988239	0.946572703514438	0.917257164650059	0.941544544918945	0.906108459107647	0.914378942880806	0.897708324340048	0.915683530674221	0.914786226296146	0.931601021896787	0.880755457371304	0.930463294490557	0.900718720845115	0.916176610133725	0.888598832774968	0.888289356003906	0.896839849144562	0.900883796433503	0.904404553447406	0.86655636720386	0.897377890738636	0.889763782182035	0.884983100399832	0.885357470432563	0.918196694718498	0.886294121429375	0.880763510690865	0.870569449518951	0.889737060515076	0.851898310961872	0.933176086908339	0.900879889675359	0.887481673811448	0.888659185538863	0.871005204598519	0.910126850135813	0.917732884822258	0.895386387085008	0.909593777451886	0.889243917366624	0.919208606065202	0.956075636097327	0.908888349331103	0.934243804863663	0.895806026022153	0.891945648845586	0.869538615066055	0.926176987157767	0.883189811804897	0.919356943842257	0.916717682555016	0.889828432316382	0.895532084137858	0.915794592601562	0.864098641509468	0.932616825396856	0.878622581361011	0.910200969010465	0.908804811805901	0.881378800692581	0.82002034240867	0.911665435704681	0.925699954950042	0.877352907505147	0.900844213893692	0.887954691579137	0.868154349504526	0.898762989212497	0.910211540477812	0.877276739381009	1	0.898475771962492	0.868670055954187	0.856681138336831	0.786940713208311	0.913420438857893	0.905749630593526	0.861547641700644	0.910042051292687	0.913774223331976	0.886801756922164	0.897540243366034	0.881823704562406	0.909649442990581
GSM1045299	0.880996622619228	0.855183335902578	0.788943626673946	0.903920439934004	0.859669554564264	0.839936934807549	0.852721339332498	0.853896177489242	0.838821798849519	0.886033236680809	0.892600112240175	0.855584219120476	0.864768550358177	0.837380183948955	0.849375294785123	0.840882657450452	0.837278864505197	0.951097804912631	0.932485701637305	0.951431862344239	0.926177153523846	0.886661604411683	0.926136489153058	0.863393138774463	0.933981132055044	0.901489212870896	0.863469642658531	0.887900630823991	0.917441058525729	0.932326780809172	0.885804443571342	0.940511073153827	0.93156712805031	0.888977307917579	0.910956598783501	0.956252157173304	0.916358474998931	0.947712172785124	0.930726201929076	0.938084192589947	0.919962302781644	0.931716281695148	0.947374398010869	0.920476912558719	0.945306578465586	0.93770859744643	0.924601958191208	0.927533208089576	0.924582265858383	0.939099357624745	0.933776701383999	0.91838677194386	0.936402028052527	0.94735680832604	0.92329907419314	0.947661869213978	0.915354867279203	0.870171567714791	0.945953203461119	0.898507114409913	0.940688724148833	0.867817861733051	0.935299928235507	0.942184023227185	0.918759096589257	0.927042165555823	0.929081596646182	0.925464713478038	0.949105145385705	0.941319697791086	0.891450025005592	0.926461549052574	0.941890460898175	0.889893088045297	0.94217559473811	0.856122329892505	0.943818455092101	0.935968921535877	0.920444374155371	0.888786955666347	0.932404098419205	0.941892138536004	0.925742694739478	0.910710954224206	0.91623441890031	0.924807082310852	0.942334811283976	0.93478528487257	0.941411240816642	0.926459758895359	0.933380278057643	0.891733350272752	0.938002907163058	0.938440765876679	0.909986491656911	0.942346299975394	0.904998736272596	0.880933771123289	0.931890987797083	0.917083758510425	0.93198780956393	0.947093366239738	0.896396275350997	0.896501621114908	0.937743436913905	0.897388672267931	0.929588930436252	0.898475771962492	1	0.944198059407464	0.923098707564405	0.840125789729184	0.942438758522932	0.951515502554221	0.932189378626105	0.905985753022096	0.947666776212503	0.948226280955885	0.950819566657441	0.940752375700653	0.954371434756758
GSM1045300	0.856774423217161	0.826524157067766	0.775375548811978	0.891206982402133	0.83417308623409	0.814416554108043	0.82515848177892	0.825265347787827	0.812511425468743	0.868306820190235	0.869941633796914	0.826941880816668	0.842152325926279	0.807690864691193	0.823662668193606	0.81770929309786	0.811583531706883	0.940936205443475	0.927473524738453	0.946204075185617	0.912327545778873	0.867585705989329	0.914468298146863	0.845987907301435	0.904924378377701	0.881690048294367	0.862755923599591	0.890477368675854	0.909868593079137	0.913936783985535	0.882407784390535	0.924169168264378	0.914563421107899	0.880396782236741	0.898821842682902	0.933202014113168	0.903741848340674	0.939613498113845	0.907082217770544	0.915961597125467	0.904880541126394	0.921842274637828	0.92753066161404	0.896915175132864	0.929017957489	0.918022271024847	0.908769452238601	0.910940623409626	0.907367183937288	0.913394844181938	0.914993119972907	0.915202329869395	0.923202924976174	0.933321844566377	0.8985798450277	0.937409928002861	0.898505989291856	0.854374766294026	0.925792042730873	0.902173642759958	0.920863717460707	0.835442644207749	0.925137015199018	0.929458615009908	0.909217858004653	0.913621823433853	0.922126921945757	0.906557721786842	0.931898941685938	0.928072210735315	0.891897076451806	0.9177234713296	0.933987388858016	0.88029565007262	0.936186892540433	0.836060386023218	0.932825607321724	0.910213506040117	0.893733157135615	0.876690237337386	0.91148804797721	0.926272312199274	0.922557419144364	0.903992773971873	0.903895751245258	0.908600382665167	0.923134779021411	0.914968212182316	0.921159175298804	0.905751071590639	0.91447305010074	0.885691092970901	0.915079233728733	0.932516597306335	0.891384854089295	0.933353033813266	0.8912304400038	0.86059642402077	0.911717361632014	0.888778613850484	0.918322151380921	0.942208582546131	0.884564119543008	0.884945615940675	0.921907066624247	0.883611766899729	0.916985347471974	0.868670055954187	0.944198059407464	1	0.909277192528189	0.841771104972239	0.919986486560407	0.932878946435443	0.931533976386241	0.885528348832482	0.930394233477366	0.936763913868243	0.935556663900636	0.929724200715025	0.933375219095447
GSM1045301	0.880810209404696	0.861789465448171	0.796716925290112	0.904093380718357	0.859433965506946	0.83172220912832	0.843414525578146	0.846105501479801	0.826632388451457	0.870979874340834	0.887503965392237	0.841688523852497	0.877982337051755	0.833114114719755	0.840974891694357	0.840821001284632	0.830890224659701	0.915390356331991	0.907921758850572	0.924466416911498	0.917139198775424	0.829052094366107	0.918007813570329	0.843171482545101	0.897829538778138	0.863151578266149	0.871482633930921	0.835916743594813	0.877227093260377	0.891782541599508	0.869454144333456	0.916976874924566	0.912332709419019	0.854590453026575	0.874417235920949	0.933389087667869	0.866257445168139	0.921020556016491	0.898978689023702	0.892328840510306	0.872236284036085	0.894027392819864	0.914493423154521	0.869336909481294	0.899407212224633	0.918591327028375	0.889942875190895	0.884092850205931	0.897418441093672	0.928545007312909	0.907799923060788	0.886386538879937	0.924785877495905	0.92562085689654	0.89263935866091	0.913099868573752	0.859985125152279	0.812965878712377	0.901817376370393	0.86132436258025	0.914522173966735	0.849731407227544	0.878218186427607	0.887396964891625	0.896445329543094	0.900222524721858	0.875943688337245	0.892776632800371	0.921996185676317	0.893394871116372	0.848362424752053	0.873233882734983	0.904101555838096	0.849820685220184	0.911546315163036	0.832382100737986	0.924401634907318	0.883348518645486	0.891976488415648	0.827600903754468	0.886428829813009	0.883447530109951	0.873402908419539	0.867150225836884	0.870837881745086	0.893585418334309	0.888809967143777	0.92526712888865	0.92607055602661	0.914860921174499	0.884238718186035	0.86572169011207	0.898187894007675	0.890477091728159	0.890191841871564	0.918364403535491	0.8691835602606	0.902256349674871	0.903411670800132	0.89020194188517	0.884634323313474	0.915920280492661	0.870329798196278	0.862345747887491	0.928270317662645	0.849348926206311	0.87889643085363	0.856681138336831	0.923098707564405	0.909277192528189	1	0.851523941033063	0.91283620645082	0.913055518595226	0.884637053607328	0.878585657741884	0.919155043556783	0.916754536050257	0.922451342220416	0.893219551029077	0.917522334799322
GSM1045302	0.768504500794056	0.811264126908995	0.755134270770199	0.833884484400101	0.746708108784107	0.719060588374463	0.728152484077876	0.733217495219959	0.709567442556728	0.779824314895256	0.781472830196887	0.721967554140155	0.783945851641918	0.715075517927737	0.730778802275848	0.739566995667646	0.720663194325779	0.816940226396521	0.844339591205931	0.838374132256045	0.860205212091897	0.773976052394412	0.854887827940921	0.777038657259846	0.797188878195623	0.786339032447909	0.883451397275091	0.785751648046781	0.808933578996148	0.801061540776846	0.848433729885458	0.840028141870871	0.792848803471838	0.810334351862316	0.830637575688435	0.818910743032976	0.820747974413317	0.838505156474046	0.836269035005665	0.78078236072233	0.811561206007242	0.817241070610011	0.8311378906458	0.7958737799425	0.812853510003414	0.814696287787951	0.815649254063122	0.796850948277553	0.818738330946765	0.825984542835039	0.821804377487604	0.843807584690655	0.864650723489718	0.852768022710792	0.818598012273744	0.832429351742532	0.753840418664885	0.769752466069926	0.802377802010467	0.842508173108687	0.80269477813158	0.764205909276646	0.7951174886301	0.805812015486979	0.803976839380683	0.79326003598157	0.807901858386023	0.80821592390255	0.847626132481922	0.809663973591157	0.787499949588343	0.783912470859795	0.848305522910641	0.807490214381709	0.808842859834621	0.758321196873027	0.816760842095837	0.785213154314841	0.818110256239553	0.778189858536765	0.797906132764801	0.775636514438958	0.782837800423995	0.834074319099305	0.805544505420796	0.82662771859668	0.80783759883626	0.829806733797626	0.812030059342753	0.799076459395278	0.79500287583127	0.829319482174469	0.831308772537945	0.812531977881725	0.821510277820565	0.828210442660322	0.790155830146062	0.824863357842948	0.796116352281123	0.792582174493898	0.793922587901816	0.830044261803184	0.830259968883426	0.786575449426416	0.814922360772384	0.775749663075506	0.796775042607468	0.786940713208311	0.840125789729184	0.841771104972239	0.851523941033063	1	0.819667394733538	0.817152572763182	0.819308068415542	0.794175561362857	0.816159831210481	0.803017697136051	0.828737360155729	0.790277019465207	0.819859130179307
GSM1045303	0.900062257928927	0.866103290224474	0.819416637714017	0.904571329298608	0.883645063314572	0.864022586359966	0.876585631146354	0.879033268755956	0.86588513234756	0.892673967771577	0.913580665336567	0.885892501109277	0.883890424244999	0.867011546494565	0.87433474746725	0.858810222129011	0.858835677940714	0.948523095751489	0.921853771434012	0.940379588021896	0.92438534044339	0.890872367416776	0.935342466884453	0.888943475569235	0.952356929966902	0.928811761494649	0.838099005683707	0.88831080259997	0.928020556378821	0.949075344192857	0.893563617004482	0.951160848320902	0.935524302283241	0.881017536366932	0.920073979554586	0.942725960875146	0.914316901443825	0.933225921417767	0.942112143883229	0.945597691297901	0.931260283172168	0.926986725933245	0.948140219985474	0.922816608157963	0.946498941231297	0.944152204808155	0.937285128229642	0.919481356993123	0.940880839414237	0.952143438267363	0.952200773940281	0.911608613606832	0.928868934935801	0.940675728038686	0.923969393040424	0.934653168641429	0.91212090155073	0.864998679086985	0.930478948529175	0.893214059027175	0.939429746318058	0.887623956893157	0.911889349283271	0.920448991280863	0.918046613172673	0.927907469690854	0.909487698478099	0.944938165782055	0.936453641953953	0.922421595685643	0.910977034731801	0.90598210404868	0.928168396923761	0.89513670537967	0.937636600616211	0.886270302908653	0.944345170172336	0.948383779324456	0.941834470693466	0.898133422316208	0.945746666952864	0.924707155021625	0.92312318400625	0.908973817486564	0.921423795940262	0.920787701893844	0.943819306553575	0.943557252050365	0.944020021503666	0.945755833957864	0.939926031239373	0.89432089628384	0.952386632619182	0.925611537217628	0.927433938481219	0.94232731089242	0.916239247452501	0.873799400766761	0.956142898761036	0.939502819917149	0.930589084538469	0.940299186725931	0.899101365093487	0.913599175612892	0.947834755431363	0.914275714664713	0.916073717086924	0.913420438857893	0.942438758522932	0.919986486560407	0.91283620645082	0.819667394733538	1	0.9531432320526	0.89998185645616	0.920261830819986	0.957241231433654	0.946572092906389	0.947306832092951	0.92914881427569	0.942796211776509
GSM1045304	0.90331966892423	0.856464144482665	0.785924747241805	0.901340936002707	0.885819080695652	0.866366601321579	0.876182978571437	0.878605510590332	0.864872858290433	0.902346512446035	0.913417903305314	0.883983291277202	0.881091190367309	0.864306694356035	0.870646138203004	0.865001787845388	0.863178181577064	0.947150265129132	0.93644915255843	0.947680167147485	0.922508098022454	0.889712405114612	0.936356765857279	0.876430327184098	0.949712522365566	0.919635846840954	0.841523117928931	0.894240820620912	0.925614916072656	0.940559389659187	0.877324248255687	0.941914980323566	0.945727911151487	0.895225884419412	0.911121510859587	0.957301827003877	0.914028870958414	0.944411319192502	0.93704230890717	0.943710597745132	0.923816939948616	0.930972367055329	0.955701780313871	0.921510157261284	0.954198226955528	0.955551760381664	0.938332797478886	0.939123391791197	0.945676414907254	0.94774216977877	0.949659140929007	0.917145475337888	0.929325398032466	0.945481726583674	0.925577242130174	0.9520954412487	0.916281532575971	0.871043772392393	0.9449164430288	0.887997582549478	0.942185897634016	0.893056941577099	0.936301066431327	0.937426000839085	0.915161227873919	0.929593587443018	0.931758146462604	0.942976995998382	0.938250332030056	0.941562373595413	0.901654346800717	0.919721678076551	0.935904921635152	0.891292287420281	0.945881940328342	0.872314092259632	0.947116460299057	0.949716502815965	0.931699573324334	0.892709117881908	0.942064443658629	0.938704317865691	0.930847964552643	0.899944565431021	0.918800777206088	0.930342759661221	0.943754717794946	0.946008035973575	0.95299753334297	0.945426639857633	0.933377727617862	0.887667894659705	0.945339956260736	0.935869360254176	0.912120901126392	0.946201487031293	0.915740517887136	0.874420422163249	0.947734385233412	0.928548649379629	0.938159272136046	0.956980378195568	0.899385366681824	0.901996204608753	0.951309941514307	0.905244672248348	0.922607398761034	0.905749630593526	0.951515502554221	0.932878946435443	0.913055518595226	0.817152572763182	0.9531432320526	1	0.928035489481354	0.912033462688264	0.962998327614041	0.950883036820292	0.944424516780929	0.940548350138388	0.956887406183812
GSM1045305	0.847861156940968	0.825784549143196	0.759170265307946	0.873556315225664	0.832215600115245	0.819175939585568	0.823318555427305	0.825450099846426	0.808983369819865	0.875290700275554	0.859989056427822	0.821032087835681	0.834903891694484	0.803949041375766	0.818368108137516	0.828375578366574	0.818584722786575	0.914003376822886	0.936372772563736	0.930028550212631	0.900205897616256	0.872570235799555	0.901447686768724	0.83985954997929	0.893563744282247	0.873973601172517	0.836348531752305	0.883487873431954	0.892086893831953	0.887618312808016	0.86472258361539	0.900759600300314	0.905694797744065	0.902301050439129	0.878607403192136	0.923071774884024	0.908130930046771	0.929672623454765	0.898717948749533	0.899906731404423	0.887603764116727	0.909294352672708	0.915020775709778	0.883650217802355	0.92255232302076	0.904254168928915	0.900142810399824	0.929583012198796	0.903179220137996	0.892968592288358	0.913124407406686	0.903317436126632	0.90287230554418	0.915854539286836	0.876451080107077	0.930611890053158	0.888496039641306	0.85991000275966	0.922990013832703	0.888104614750686	0.895952549841891	0.847914292000733	0.93713740370224	0.940271431352611	0.890756232340857	0.895762581326804	0.933058742945346	0.904752274797739	0.918223557023768	0.939156121927618	0.875449433430178	0.917546574096052	0.914222656666087	0.872312365855916	0.924333753735233	0.827941218920769	0.896903314358086	0.908200002124278	0.876591074074919	0.874977921929408	0.900970545227525	0.923917084104417	0.923446192330136	0.870327128704799	0.877899134245103	0.9088782303665	0.913591607141211	0.906682795909045	0.909621716090227	0.883215149764317	0.893606972822682	0.861126078070664	0.88707248736348	0.918858645881174	0.87456402397717	0.895954131512366	0.873975698155517	0.846773244265482	0.882537479672408	0.857403353897332	0.918242080811044	0.925491081655132	0.881382507136742	0.850118574593877	0.902219903813938	0.862948830185618	0.91154270740173	0.861547641700644	0.932189378626105	0.931533976386241	0.884637053607328	0.819308068415542	0.89998185645616	0.928035489481354	1	0.876977562241178	0.913812737436629	0.901854399583882	0.909306274971128	0.920929831887607	0.925900454054682
GSM1045306	0.884359189395858	0.860471489850791	0.821416031186369	0.885389135865455	0.866056723262241	0.847070540583525	0.863019272348371	0.863576021380858	0.846343085991875	0.875914386054603	0.896010578586519	0.868234957128511	0.858871455626449	0.85038718101385	0.850657099525546	0.841411112308004	0.843245542197133	0.913670153806854	0.889766424593043	0.912388765084887	0.895695012553543	0.884430023019065	0.898953997875491	0.876802567767513	0.922048004933932	0.912611499671676	0.801423069888238	0.881687020280656	0.917323279719187	0.928765755551834	0.866340888430817	0.931692623833723	0.917385513381716	0.867985363252172	0.893477167805818	0.92079390996708	0.900834386394192	0.901668930595088	0.927764644346029	0.930709126847605	0.917771200033717	0.921054503174517	0.922729523917575	0.915894975202443	0.920190180095794	0.910894776148179	0.942052191124781	0.918767558141034	0.931458614227554	0.910070920857352	0.920979736683196	0.900472090827359	0.902890869121793	0.901586911638146	0.919881882179953	0.912441243343467	0.874734206720602	0.862234122887495	0.90475702816441	0.887325113830308	0.897718081468012	0.879645794770023	0.887113895629204	0.893370719467789	0.91795045297033	0.928987628557244	0.873064715242231	0.928498608274193	0.903691680328968	0.892664536320534	0.890809250485752	0.875687416917535	0.91517043671305	0.887354212496507	0.9100588101614	0.876601315681816	0.899514535985253	0.919857870695216	0.923267648025094	0.879433489254408	0.927902347483262	0.894296805478976	0.909339800190468	0.880345012860535	0.912794536640408	0.906887645237405	0.919893802804227	0.923097669733172	0.907762122543156	0.913958395703607	0.910027703542075	0.858373164812524	0.923277142943452	0.892253610422727	0.911757578034098	0.914507487837283	0.878153092882572	0.850473778415284	0.918257216280158	0.916432830071401	0.90020160344513	0.913104575096335	0.878406404309477	0.866396191181752	0.923549189921492	0.896036751628795	0.887429769107995	0.910042051292687	0.905985753022096	0.885528348832482	0.878585657741884	0.794175561362857	0.920261830819986	0.912033462688264	0.876977562241178	1	0.923523295648191	0.905867235045569	0.90495945768443	0.895166282214947	0.919025980173009
GSM1045307	0.927920188195261	0.863778469516305	0.792496831853767	0.914484891728392	0.910829329302425	0.887565811836406	0.899552587108659	0.89761468918383	0.887068404340241	0.920357894090849	0.941283618868077	0.910859128170313	0.903858223892833	0.888715328249782	0.894224191848704	0.883689379900815	0.883536682157783	0.956702039869525	0.934565278243704	0.954915851884401	0.926079529494994	0.890257666605002	0.950225322584633	0.881140553509697	0.959579095406328	0.93065308806998	0.841085147660817	0.900936725319612	0.935988759119807	0.952134866160088	0.882812891806486	0.953174799330627	0.963567703020181	0.884810263316138	0.91855236877919	0.961643755560134	0.910951601625027	0.944222767468355	0.947759156311317	0.947999283899985	0.927248375004929	0.930498441534291	0.960131554181325	0.925050287915077	0.959097573194861	0.968902490381125	0.947238688595532	0.92477281171128	0.956878250168794	0.959261124137815	0.949028728719931	0.915755611218806	0.94085641768222	0.938254574260293	0.9345836877633	0.954743811665496	0.911796907459723	0.866741409615816	0.940040158772124	0.889753169468931	0.950951323309925	0.901519644946998	0.922215414195547	0.926447344442992	0.921756985373359	0.93969969753488	0.915018911951862	0.950608405683497	0.938866177802219	0.934959495429812	0.908335790613066	0.919598397971118	0.944224231308714	0.893604544871173	0.957757523634065	0.87894989108827	0.959127613897518	0.94699110784811	0.944542519292392	0.896747425510475	0.946841495862676	0.937089344945415	0.93257680873102	0.90189559873243	0.931184336615702	0.929624463238092	0.944021602724476	0.957677636318312	0.965783984345679	0.970826205694714	0.933859415748569	0.897793926520539	0.955581400552201	0.929761224712695	0.923064367846163	0.956409683728517	0.929507221421657	0.880995387424329	0.969415875442163	0.941447028442546	0.929849757889013	0.959868792031236	0.90055458131696	0.923163890110396	0.971463196351701	0.917985867357182	0.916949735045473	0.913774223331976	0.947666776212503	0.930394233477366	0.919155043556783	0.816159831210481	0.957241231433654	0.962998327614041	0.913812737436629	0.923523295648191	1	0.961437915486605	0.946822304935309	0.937063769426853	0.962772662891918
GSM1045308	0.89669032829001	0.835196663778257	0.774812596846024	0.903735408476954	0.874148112924545	0.852653026573107	0.866130336620059	0.865092084559421	0.859975923802806	0.886139573898007	0.90792150398116	0.877018423271258	0.871254975200545	0.856569855047503	0.863883621516332	0.844161062363692	0.848274784607707	0.952901771291488	0.917675413368521	0.943139864446276	0.911341861387114	0.864373973718684	0.916153541156323	0.857099616979207	0.939975873716424	0.896635387901936	0.836056327928341	0.876978040478756	0.913593512637418	0.945883630786534	0.863166569408431	0.939225736902395	0.947486845604747	0.854396574169318	0.897446840974507	0.955759769598217	0.893519433675397	0.946868816114594	0.915835226008415	0.949671425609661	0.911591716008517	0.920941412052607	0.945988208164533	0.91944952285812	0.940703633520547	0.945934302495977	0.922544119305959	0.910675946541753	0.924626509623928	0.945323029020328	0.930573094052079	0.901695409509509	0.925492055657179	0.936986871394147	0.928310110797336	0.939992557258796	0.923589426223477	0.843780403824197	0.942333323144295	0.875372078989927	0.95452990808107	0.86301427449857	0.914818966638147	0.91946141587237	0.922347936144135	0.934840349466552	0.913382602276619	0.922456964237667	0.932753548549235	0.928611252809008	0.891870116355477	0.926809259977307	0.931442262264626	0.870390725119264	0.942738344536292	0.857285119885792	0.961034364458069	0.937225620054073	0.916164821161363	0.871068836471458	0.930059992268353	0.939725345918959	0.92278063477426	0.901815235218823	0.914670243388083	0.916283979759134	0.936935106859865	0.936733611012068	0.956439347003895	0.949649117276913	0.93261587271335	0.884155599725626	0.938904870855558	0.937226881862629	0.904758264898437	0.950027624315654	0.911863633925021	0.87595548273239	0.956383070562025	0.931943558895633	0.925336040463304	0.949465011039262	0.878747997798363	0.914442317664623	0.957456053201296	0.900017913507109	0.924039138286573	0.886801756922164	0.948226280955885	0.936763913868243	0.916754536050257	0.803017697136051	0.946572092906389	0.950883036820292	0.901854399583882	0.905867235045569	0.961437915486605	1	0.949250139410277	0.942747243718306	0.953158170193668
GSM1045309	0.88640891465867	0.865165663020937	0.797462238385476	0.904113161777614	0.867193214078502	0.84804510135827	0.862749378622916	0.865230553855418	0.850972023079606	0.888640643472929	0.89807358809675	0.867672166388536	0.873040572402901	0.850104081901887	0.859763666735338	0.846381343465239	0.844387087848212	0.945477467038983	0.92641619637634	0.937081312115381	0.932448336105681	0.88494818615212	0.921491714398511	0.861347910016288	0.941297805474135	0.901173250325849	0.850476487547539	0.881043230806495	0.912710266135919	0.932760962869987	0.890652206856967	0.937908153945671	0.929581362226388	0.873711331563175	0.908584656842227	0.948364788334922	0.908620918976451	0.944596322331769	0.928428722807585	0.933180197373885	0.921183410640645	0.93140038915144	0.942915188012385	0.916973290887916	0.938674155743318	0.934894409351562	0.920697998033107	0.913036889100336	0.926479468212355	0.938321909094473	0.931112022952336	0.909302225302679	0.930040471976022	0.944607734778419	0.926309620154707	0.946968117769212	0.913193827379333	0.864797921883088	0.936913136352053	0.892721943110222	0.941261920730825	0.878091277415326	0.912007187778647	0.922616547138848	0.92711382319344	0.931236538181235	0.908378955959359	0.926629829683401	0.931696756114532	0.924373462463234	0.892269196630823	0.915338738684357	0.930293542710169	0.883395405782356	0.938013839540796	0.857043294308995	0.946231437177963	0.938229414249054	0.925862765654573	0.884872369088852	0.931888166365856	0.936784626733558	0.922788501653225	0.900933096962313	0.911588669552651	0.922095590765308	0.94280455328958	0.938083779894773	0.936761299258541	0.926816083808934	0.926106730371138	0.879145516073351	0.937393554958916	0.926765388355661	0.911835221676014	0.949835212076127	0.906445958922801	0.890838044880768	0.935562463819216	0.933074454263001	0.918113321476495	0.943984187617448	0.885123801311797	0.89617690252587	0.942741064192639	0.900097037895197	0.916019449033272	0.897540243366034	0.950819566657441	0.935556663900636	0.922451342220416	0.828737360155729	0.947306832092951	0.944424516780929	0.909306274971128	0.90495945768443	0.946822304935309	0.949250139410277	1	0.932872191022974	0.950695248734078
GSM1045310	0.884712575051743	0.838925196335655	0.766185797142733	0.879025574561098	0.871337879311694	0.859841933921149	0.867869669423831	0.869391948571496	0.861699164483417	0.890793516704496	0.890521094459266	0.873515338074608	0.863567797401954	0.8549279695799	0.864973989598789	0.854130467436704	0.856248394126601	0.940039136889291	0.928235211650477	0.932905155114723	0.900812602306616	0.888311811617219	0.904692051360474	0.851724890468958	0.930866048967015	0.894514695448812	0.815353445383515	0.886477219795975	0.907844652188044	0.922963043732878	0.861068550861504	0.918549419128875	0.931420269869995	0.877452216566499	0.88955294858713	0.939077053920836	0.908311349433362	0.93290159726522	0.915663100879751	0.936311834088749	0.912848980724929	0.924612475430012	0.932464166621787	0.913944345419606	0.940466335156759	0.926201534436943	0.914019607968972	0.922433264822546	0.921966215089421	0.922763659581778	0.927974032512589	0.897771014980049	0.905301399593852	0.918180099915623	0.908484700870444	0.933525985929421	0.924025893820635	0.867487802755951	0.937724456673135	0.879913674787822	0.928635229235061	0.875539204974225	0.937261785248243	0.93840210538698	0.908734263227124	0.925151483003549	0.92483775431535	0.918470899774938	0.92434466648316	0.940975084432087	0.895544855040804	0.934435051341143	0.919734190105881	0.877451080399151	0.938528339520271	0.848926741832525	0.930477708685544	0.943616835952113	0.904962509440648	0.891124748269165	0.926251979621076	0.946043956684616	0.933809574410883	0.886818983465841	0.90405165948338	0.913529275830581	0.934136045875077	0.921644416689732	0.928924891624198	0.916661079372897	0.921007494755264	0.862171056585412	0.921953628181755	0.932710522940192	0.89120068854649	0.928293268740628	0.894200576303538	0.847787419884053	0.921928034697002	0.909737971911198	0.935992079777395	0.941977032972849	0.871209116767321	0.882603889866644	0.930097227584841	0.893945176917744	0.923393907881547	0.881823704562406	0.940752375700653	0.929724200715025	0.893219551029077	0.790277019465207	0.92914881427569	0.940548350138388	0.920929831887607	0.895166282214947	0.937063769426853	0.942747243718306	0.932872191022974	1	0.944044727212884
GSM1045311	0.912288197393002	0.864949599375744	0.776097671426743	0.903474107809637	0.897291427042224	0.876992861003516	0.888792365035408	0.890025222606905	0.878091279010278	0.911406873276239	0.922659840762584	0.895446964164491	0.888800270836098	0.87614333165097	0.883432803232427	0.87686721510947	0.875543846004128	0.951488351151693	0.942133915956313	0.951697424946084	0.927050452902212	0.902890004692006	0.933651220665779	0.864972545190443	0.95100944166988	0.917919158335827	0.847250223052386	0.904314253132926	0.931208331920978	0.945470722357141	0.885575851517877	0.947494025327761	0.955194106127508	0.900915288153258	0.910496086593581	0.963152545736171	0.922243652713089	0.950941516772862	0.946002097703046	0.949046691984611	0.929011880902865	0.933237944366667	0.951948086961818	0.930494374214179	0.949213653232359	0.956469699245583	0.942875221445085	0.932017507353932	0.950082058552079	0.948300492060986	0.935655397979043	0.923457111495419	0.93324357993598	0.937621752270764	0.931453208223077	0.958805394998787	0.916657783443142	0.881222023905841	0.948268759608654	0.90208351043273	0.946608231397594	0.904406814574737	0.932025777964154	0.938270517719888	0.919201062065404	0.938850887200462	0.917819707368593	0.948613820168183	0.941789652480691	0.941651681077834	0.903516571661441	0.935317136549326	0.954884247034523	0.899895213003144	0.955842891278726	0.861308267188204	0.942338461774624	0.948961893339583	0.934594842598976	0.902271533526535	0.94683142124605	0.94785485191673	0.935167135420516	0.894243903466614	0.924668263499634	0.933320886631357	0.95148652628222	0.952284551730047	0.953767316806782	0.94284048546468	0.925842589225817	0.883748590573249	0.949768677364115	0.928462198567339	0.9136586113627	0.950873875317719	0.914804070031504	0.874649623604445	0.943068324222869	0.933434683925734	0.932525713456971	0.955616959763091	0.897674749618892	0.89599060577264	0.957170746521768	0.907150504443061	0.92154118951811	0.909649442990581	0.954371434756758	0.933375219095447	0.917522334799322	0.819859130179307	0.942796211776509	0.956887406183812	0.925900454054682	0.919025980173009	0.962772662891918	0.953158170193668	0.950695248734078	0.944044727212884	1
